query_id,text,obfuscatedText,mechanism,epsilon,top_percentile,pivot_query,pool,corrector_model
1,Ferroportin-1 in humans,"with faecal swollen ions and the presence of disinfectants, is copper fungicide toxic to humans and is toxic to",CorrelationGECO,20,0.001,is copper fungicide toxic to humans,msmarco-passage/train,ielabgroup/vec2text_gtr-base-st_corrector
1,Ferroportin-1 in humans,"feces from different types of feces in humans, feces and feces-cholesterol in the body",CorrelationGECO,20,0.001,different types of feces in humans,msmarco-passage/train,ielabgroup/vec2text_gtr-base-st_corrector
1,Ferroportin-1 in humans,bioperine capsules with a side effect of turmeric and bioperine bhamirina plenium resulting in adverse health,CorrelationGECO,20,0.001,turmeric capsules with bioperine side effects,msmarco-passage/train,ielabgroup/vec2text_gtr-base-st_corrector
1,Ferroportin-1 in humans,(Flibrilin or fibrillin) is a valvalbumin-acid which is a drug against osteop,CorrelationGECO,20,0.001,what is fibrillin,msmarco-passage/train,ielabgroup/vec2text_gtr-base-st_corrector
1,Ferroportin-1 in humans,"transferrin in the body, a kryosin-containing protein is important for the transportation of cations in the body",CorrelationGECO,20,0.001,transferrin is an important protein for the transportation of ____ in the body,msmarco-passage/train,ielabgroup/vec2text_gtr-base-st_corrector
1,Ferroportin-1 in humans,side effects of fostophenylsethyne (Foxotoin) and phenytoin (F,CorrelationGECO,20,0.001,side effects for fosphenytoin,msmarco-passage/train,ielabgroup/vec2text_gtr-base-st_corrector
1,Ferroportin-1 in humans,a compass and a response to a high fever. Chapter 14. The most serious side effect of lovastatin is surprisingly,CorrelationGECO,20,0.001,what is the most serious side effect of lovastatin quizlet,msmarco-passage/train,ielabgroup/vec2text_gtr-base-st_corrector
1,Ferroportin-1 in humans,"the FERPA law, which is part of the U.S. Department of Defense and the National Capital Register, the law specifically protects what protect",CorrelationGECO,20,0.001,what does the ferpa law specifically protect,msmarco-passage/train,ielabgroup/vec2text_gtr-base-st_corrector
1,Ferroportin-1 in humans,"where travertine comes from, it is from the tamarine hexaurinae that are found in the colonies",CorrelationGECO,20,0.001,where does travertine come from,msmarco-passage/train,ielabgroup/vec2text_gtr-base-st_corrector
1,Ferroportin-1 in humans,the FERC. It is a large regional commission for electricity and water. The FERC is a satellite of the Royal Commission for Transport,CorrelationGECO,20,0.001,what is the ferc,msmarco-passage/train,ielabgroup/vec2text_gtr-base-st_corrector
2,Generating transgenic mice,blood type          dominant genotype or recessive,CorrelationGECO,20,0.001,blood type genotype dominant or recessive,msmarco-passage/train,ielabgroup/vec2text_gtr-base-st_corrector
2,Generating transgenic mice,"explain how gene therapy can be used in a variety of situations, e.g., a cancer can be used in different situations and",CorrelationGECO,20,0.001,explain how gene therapy can be used in different situations,msmarco-passage/train,ielabgroup/vec2text_gtr-base-st_corrector
2,Generating transgenic mice,"when your cells are undergoing a thrombosis, you need to transfuse platelets, and you need to do this as early",CorrelationGECO,20,0.001,when do you need to transfuse platelets,msmarco-passage/train,ielabgroup/vec2text_gtr-base-st_corrector
2,Generating transgenic mice,"a division of the females, cytoplasm is produced by unequal division of the cytoplasm in meiosis or the other",CorrelationGECO,20,0.001,what is produced by unequal division of the cytoplasm in meiosis in females,msmarco-passage/train,ielabgroup/vec2text_gtr-base-st_corrector
2,Generating transgenic mice,the three reasons why plasmids and bacterial cells are a useful tool for bioengineering and why bacterial cells are good genetic,CorrelationGECO,20,0.001,three reasons why plasmids and bacterial cells are a helpful tool in genetic engineering,msmarco-passage/train,ielabgroup/vec2text_gtr-base-st_corrector
2,Generating transgenic mice,to breed: mash a gecko's cries and a geckos cries until they are in warm condition,CorrelationGECO,20,0.001,how to breed crested geckos,msmarco-passage/train,ielabgroup/vec2text_gtr-base-st_corrector
2,Generating transgenic mice,to make rn from DNA that is based on rRNA or rtacidylnin is called rna,CorrelationGECO,20,0.001,what is to make rna from dna called,msmarco-passage/train,ielabgroup/vec2text_gtr-base-st_corrector
2,Generating transgenic mice,what a nucleotide substitution/mute-pair mutation results in a essentially nonsense nonsense gene. Effects,CorrelationGECO,20,0.001,what is the effect of a nucleotide-pair substitution that results in a nonsense mutation in a gene?,msmarco-passage/train,ielabgroup/vec2text_gtr-base-st_corrector
2,Generating transgenic mice,"genetically engineered candy, incorporating modified traces of rotten fruit and ethylene gum, has been developed to be produced as genetic candy.",CorrelationGECO,20,0.001,genetic engineered candy,msmarco-passage/train,ielabgroup/vec2text_gtr-base-st_corrector
2,Generating transgenic mice,is a source of genotype. Generally plasma is derived from a protein plasmid in the gyre quotient,CorrelationGECO,20,0.001,is a genotype source from plasma?,msmarco-passage/train,ielabgroup/vec2text_gtr-base-st_corrector
3,Time course for gene expression in mouse kidney,"type 1 cysts in ELKRS mice, Ectadoplasia and Ectadoplasia have",CorrelationGECO,20,0.001,what type of cysts do ELKras mice have,msmarco-passage/train,ielabgroup/vec2text_gtr-base-st_corrector
3,Time course for gene expression in mouse kidney,"is Her2 is a gene (as with APENSA1 and Her2-Aps). Unlike the U-T gene,",CorrelationGECO,20,0.001,is Her2 a gene,msmarco-passage/train,ielabgroup/vec2text_gtr-base-st_corrector
3,Time course for gene expression in mouse kidney,"genetic disposition in kidney disease. In kidney disease, a high risk of disease, low quality kidney failure, and acute inflammatory apne",CorrelationGECO,20,0.001,genetic disposition in kidney disease,msmarco-passage/train,ielabgroup/vec2text_gtr-base-st_corrector
3,Time course for gene expression in mouse kidney,"a result of cancer, the kidneys cause kidney cnacer. This is a simple process that causes a kidney to ingest",CorrelationGECO,20,0.001,what causes kidney cnacer,msmarco-passage/train,ielabgroup/vec2text_gtr-base-st_corrector
3,Time course for gene expression in mouse kidney,"the two hormones that the kidneys produce: adiposetron and steroids, and adipose plasma",CorrelationGECO,20,0.001,which two hormones does the kidneys produce,msmarco-passage/train,ielabgroup/vec2text_gtr-base-st_corrector
3,Time course for gene expression in mouse kidney,"is growth hormone secretion from the kidneys of the kidney, growth hormone secretion may or may not affect the release of water",CorrelationGECO,20,0.001,does growth hormone affect secretion of water from the kidneys,msmarco-passage/train,ielabgroup/vec2text_gtr-base-st_corrector
3,Time course for gene expression in mouse kidney,"types: the scleromyoid crucia and the renin-aminosa kidneys, or types kidney",CorrelationGECO,20,0.001,types of kidney,msmarco-passage/train,ielabgroup/vec2text_gtr-base-st_corrector
3,Time course for gene expression in mouse kidney,the rt gene. The ret gene is associated with a non-congenital apex receptor syndrome.,CorrelationGECO,20,0.001,what is the ret gene associated with?,msmarco-passage/train,ielabgroup/vec2text_gtr-base-st_corrector
3,Time course for gene expression in mouse kidney,"on average time period of diabetes, with a period of 2 to 3 days of oncology and vision loss leading to the outcome of kidney failure,",CorrelationGECO,20,0.001,average time period with onsight of diabetes and kidney failure,msmarco-passage/train,ielabgroup/vec2text_gtr-base-st_corrector
3,Time course for gene expression in mouse kidney,"what is a typical macromolecule, which is the molecule contained in the instructions made by the gene. ""Eutracin coli""",CorrelationGECO,20,0.001,What macromolecule is made from the instructions contained in a typical gene?,msmarco-passage/train,ielabgroup/vec2text_gtr-base-st_corrector
4,Gene expression profiles for kidney in mice,"a bloat-like reaction, erectile dysfunction, and gastric pain, erythropoietin does cause",CorrelationGECO,20,0.001,does erythropoietin cause gas,msmarco-passage/train,ielabgroup/vec2text_gtr-base-st_corrector
4,Gene expression profiles for kidney in mice,which is expressed when both alleles of a gene are equal for a human blood type (as in the case of expression of ).,CorrelationGECO,20,0.001,what is expressed when both alleles for a gene are equally expressed as in human blood type?,msmarco-passage/train,ielabgroup/vec2text_gtr-base-st_corrector
4,Gene expression profiles for kidney in mice,GFFR1  gamma-kinase 1  region definition (FGFR1) gene is a gene for learning,CorrelationGECO,20,0.001,FGFR1 gene definition,msmarco-passage/train,ielabgroup/vec2text_gtr-base-st_corrector
4,Gene expression profiles for kidney in mice,"a neo-apnea and a neo-inflammatory condition, prognosis for kidney is kidney",CorrelationGECO,20,0.001,what is prognosis for kidney,msmarco-passage/train,ielabgroup/vec2text_gtr-base-st_corrector
4,Gene expression profiles for kidney in mice,the DNA (DNA) gene and a dna1/2 alopecia and cisleboxylamine affects maleness,CorrelationGECO,20,0.001,which dna gene effects maleness,msmarco-passage/train,ielabgroup/vec2text_gtr-base-st_corrector
4,Gene expression profiles for kidney in mice,coat color in rabbits is represented by a gene (the 'rabbit' gene) and in other small crocodiles by,CorrelationGECO,20,0.001,coat color in rabbits is represented by a gene,msmarco-passage/train,ielabgroup/vec2text_gtr-base-st_corrector
4,Gene expression profiles for kidney in mice,"describe the role of the kidney in the regulation of blood pressure, indicating a role of the kidney in delivering blood pressure and blood lipid levels",CorrelationGECO,20,0.001,describe the role of the kidney in blood pressure regulation,msmarco-passage/train,ielabgroup/vec2text_gtr-base-st_corrector
4,Gene expression profiles for kidney in mice,"a) deliver information to the body causing stress, b) protons, c) Kidneys Function of the kidneys, 16",CorrelationGECO,20,0.001,what is the function of the kidneys quizlet,msmarco-passage/train,ielabgroup/vec2text_gtr-base-st_corrector
4,Gene expression profiles for kidney in mice,where your kidneys are located your body diagram of where your urethra and your intestines are located and your feces,CorrelationGECO,20,0.001,where is your kidneys located in your body diagram,msmarco-passage/train,ielabgroup/vec2text_gtr-base-st_corrector
4,Gene expression profiles for kidney in mice,kidneys (perfuse symmetrically) is what perspires to. It normally fluttersidly from front to side,CorrelationGECO,20,0.001,what does kidneys perfuse symmetrically,msmarco-passage/train,ielabgroup/vec2text_gtr-base-st_corrector
5,Protocols for isolating cell nuclei,"which regulatory agencies may implement radiation detection programs, facilities required to implement a Radiation Detection program, and major U.S. Department of",CorrelationGECO,20,0.001,what regulatory agencies require facilities to implement radiation detection programs,msmarco-passage/train,ielabgroup/vec2text_gtr-base-st_corrector
5,Protocols for isolating cell nuclei,a number of types of regulation occur in prokaryotic cells: k-agglutination and k-agglutin,CorrelationGECO,20,0.001,what types of regulation occur in prokaryotic cells,msmarco-passage/train,ielabgroup/vec2text_gtr-base-st_corrector
5,Protocols for isolating cell nuclei,isolating or isolating a cell. Isolating isotopes or dividing the dnDNA,CorrelationGECO,20,0.001,define isolating dna,msmarco-passage/train,ielabgroup/vec2text_gtr-base-st_corrector
5,Protocols for isolating cell nuclei,the Consumer Protection and Health Administration (CDC) WHO Vaccine guidance. Vaccine guidance is available when a risk of a disease or exposure,CorrelationGECO,20,0.001,who vaccine guidance,msmarco-passage/train,ielabgroup/vec2text_gtr-base-st_corrector
5,Protocols for isolating cell nuclei,block cipher mode is the most secure block cipher mode. Using a method known as Authenticated PYthon 1.1,CorrelationGECO,20,0.001,most secure block cipher mode,msmarco-passage/train,ielabgroup/vec2text_gtr-base-st_corrector
5,Protocols for isolating cell nuclei,"(phase            ), nuclear division occurs",CorrelationGECO,20,0.001,what phase does nuclear division occur,msmarco-passage/train,ielabgroup/vec2text_gtr-base-st_corrector
5,Protocols for isolating cell nuclei,"nist compliant hosting. This hosting features a n-host compliant VM, a n-host compliant onsite",CorrelationGECO,20,0.001,nist compliant hosting,msmarco-passage/train,ielabgroup/vec2text_gtr-base-st_corrector
5,Protocols for isolating cell nuclei,"stage of the cell cycle, the stage of artesunate arrest is a vital symptom and, when defecation passes",CorrelationGECO,20,0.001,what stage of the cell cycle does artesunate arrest,msmarco-passage/train,ielabgroup/vec2text_gtr-base-st_corrector
5,Protocols for isolating cell nuclei,a somatose cdilus. The cell that turns off the immune response is the somatose cd,CorrelationGECO,20,0.001,what cell turns off the immune response?,msmarco-passage/train,ielabgroup/vec2text_gtr-base-st_corrector
5,Protocols for isolating cell nuclei,"types of cells within the nervous system, i.e. adrenergic neurons, cytotic cells, and nerve cells",CorrelationGECO,20,0.001,types of cells within the nervous system,msmarco-passage/train,ielabgroup/vec2text_gtr-base-st_corrector
6,FancD2,P02 p02 p02 (also known as PC02) is a chemical necrotonite. It is,CorrelationGECO,20,0.001,what is pc02,msmarco-passage/train,ielabgroup/vec2text_gtr-base-st_corrector
6,FancD2,"on the release of the upcoming hoodie jerkin game Outlast Two and is slated to come out on January 29, 2017,",CorrelationGECO,20,0.001,when is outlast two coming out,msmarco-passage/train,ielabgroup/vec2text_gtr-base-st_corrector
6,FancD2,the following a f2-fascinols produce F2 generation. This generation is primarily due to the formation of,CorrelationGECO,20,0.001,which of the following produces the f2 generation,msmarco-passage/train,ielabgroup/vec2text_gtr-base-st_corrector
6,FancD2,a dated date of          Gothem season 2,CorrelationGECO,20,0.001,gothem season 2 date,msmarco-passage/train,ielabgroup/vec2text_gtr-base-st_corrector
6,FancD2,the fadaton of function 2(x)=2x(x)> 5  0,CorrelationGECO,20,0.001,derivative of f(x)=2x^2 at x=5,msmarco-passage/train,ielabgroup/vec2text_gtr-base-st_corrector
6,FancD2,night of the second season of Shades of Blue (season 3) is aired on Wednesday night at the end of season two of Light Orange Ball,CorrelationGECO,20,0.001,what night is second season of shades of blue,msmarco-passage/train,ielabgroup/vec2text_gtr-base-st_corrector
6,FancD2,"ferdinand franz is a public-sector, a historian, and the president of the German state, Hermann Sch",CorrelationGECO,20,0.001,who is franz ferdinand,msmarco-passage/train,ielabgroup/vec2text_gtr-base-st_corrector
6,FancD2,smdd2 ksdule  smdd2,CorrelationGECO,20,0.001,kdsmd2 schudule,msmarco-passage/train,ielabgroup/vec2text_gtr-base-st_corrector
6,FancD2,reddish-flave and rdf are a collection of plastic and cyclic rays. They are also known as,CorrelationGECO,20,0.001,what are rdf,msmarco-passage/train,ielabgroup/vec2text_gtr-base-st_corrector
6,FancD2,Freulon (Fermondon) is the Sonoma Valley Premium e-commerce and entertainment layer for the-based fee.,CorrelationGECO,20,0.001,what is fremulon?,msmarco-passage/train,ielabgroup/vec2text_gtr-base-st_corrector
7,DNA repair and oxidative stress,"which dsma-DNA splicing is correct, based on the exact state of the DNA replication, is correct.",CorrelationGECO,20,0.001,which is correct about dna replication?,msmarco-passage/train,ielabgroup/vec2text_gtr-base-st_corrector
7,DNA repair and oxidative stress,"stage of the cell cycle, where the diluent adrenase is replicated in a phase of the DNA cycle",CorrelationGECO,20,0.001,dna is replicated in what stage of the cell cycle,msmarco-passage/train,ielabgroup/vec2text_gtr-base-st_corrector
7,DNA repair and oxidative stress,why (dna-dna-dna-dna-dna-dna) DNA is extracted from biological,CorrelationGECO,20,0.001,why is dna extracted from biological samples,msmarco-passage/train,ielabgroup/vec2text_gtr-base-st_corrector
7,DNA repair and oxidative stress,"responsibilities of a clinical geneticist, i.e., the duties of a scientist, and the duties of biomedical and",CorrelationGECO,20,0.001,what are the responsibilities of a clinical geneticist,msmarco-passage/train,ielabgroup/vec2text_gtr-base-st_corrector
7,DNA repair and oxidative stress,"synthesis in a process known as -DNA, and thereby -asynucleotide.",CorrelationGECO,20,0.001,DNA is synthesized through a process known as _____.,msmarco-passage/train,ielabgroup/vec2text_gtr-base-st_corrector
7,DNA repair and oxidative stress,of the oxidative metabolites of mitochondrial respiration are -O-ATP and -O-ATPase,CorrelationGECO,20,0.001,which are the oxidative metabolites of mitochondrial respiration,msmarco-passage/train,ielabgroup/vec2text_gtr-base-st_corrector
7,DNA repair and oxidative stress,oxidation is an example of oxidation and it is a follow-on of ions and abrasives. This is examples,CorrelationGECO,20,0.001,what is oxidation and give an example,msmarco-passage/train,ielabgroup/vec2text_gtr-base-st_corrector
7,DNA repair and oxidative stress,"a result of stress, it can lead to obesity which can lead to the formation of obstructive stress-related conditions such as diabetes,",CorrelationGECO,20,0.001,how stress can lead to obesity,msmarco-passage/train,ielabgroup/vec2text_gtr-base-st_corrector
7,DNA repair and oxidative stress,"a high blood sugar level may increase after a few geriazemic tests, but not so. Stress also causes increased blood sugar in diabetes",CorrelationGECO,20,0.001,does stress cause increase in blood sugar,msmarco-passage/train,ielabgroup/vec2text_gtr-base-st_corrector
7,DNA repair and oxidative stress,GCSE GCSE 'Odds' 'oxidation' is the oxidation of a chemical bond and a,CorrelationGECO,20,0.001,what is oxidation gcse,msmarco-passage/train,ielabgroup/vec2text_gtr-base-st_corrector
8,Correlation between DNA repair pathways and skin cancer,"gold standard for determining cancer, based on the NIH-AP3-45 standard, is used to determine the level of cancers",CorrelationGECO,20,0.001,gold standard for determining cancer,msmarco-passage/train,ielabgroup/vec2text_gtr-base-st_corrector
8,Correlation between DNA repair pathways and skin cancer,"(Jimmy) Kell-Morley at the John F. Darrow Cancer Center, where he was treated for heile cancer",CorrelationGECO,20,0.001,where was jim kelly treated for cancer?,msmarco-passage/train,ielabgroup/vec2text_gtr-base-st_corrector
8,Correlation between DNA repair pathways and skin cancer,"mDMDA receptors, cells that have neophylline and nase-type receptors are the cells",CorrelationGECO,20,0.001,what kind of cells have nmda receptors,msmarco-passage/train,ielabgroup/vec2text_gtr-base-st_corrector
8,Correlation between DNA repair pathways and skin cancer,"a person who is on stage 4 can live from 3 to 7 months of age, a stage 8 skin cancer known as cancers can live",CorrelationGECO,20,0.001,how long can someone live with stage 4 skin cancer,msmarco-passage/train,ielabgroup/vec2text_gtr-base-st_corrector
8,Correlation between DNA repair pathways and skin cancer,"sup compared to the sup compared to the previous week. , cancer survival rates are going up and are about .",CorrelationGECO,20,0.001,are cancer survival rates going up?,msmarco-passage/train,ielabgroup/vec2text_gtr-base-st_corrector
8,Correlation between DNA repair pathways and skin cancer,"When a cancer happens, it is a blockage of microfossil that goes to the brain and will go to the brain",CorrelationGECO,20,0.001,what happens when cancer goes to the brain,msmarco-passage/train,ielabgroup/vec2text_gtr-base-st_corrector
8,Correlation between DNA repair pathways and skin cancer,focusing on whether adipose ubiquitin replication phosphorylation (diabe a replication) is anabo,CorrelationGECO,20,0.001,is dna replication anabolic,msmarco-passage/train,ielabgroup/vec2text_gtr-base-st_corrector
8,Correlation between DNA repair pathways and skin cancer,"afferent receptors (the skin receptors, ionotoxins and phocoidins) are found within the sensory skin",CorrelationGECO,20,0.001,what sensory receptors are found within the skin,msmarco-passage/train,ielabgroup/vec2text_gtr-base-st_corrector
8,Correlation between DNA repair pathways and skin cancer,asparagus cures cancercures cures cs cs  tru,CorrelationGECO,20,0.001,asparagus cures cancer true,msmarco-passage/train,ielabgroup/vec2text_gtr-base-st_corrector
8,Correlation between DNA repair pathways and skin cancer,the effect of deep vein thrombosis on breast cancer is that a non-malignant acanthropoid vir,CorrelationGECO,20,0.001,what effect does non-malignant breast cancer have on adeep vein thrombosis,msmarco-passage/train,ielabgroup/vec2text_gtr-base-st_corrector
9,mutY,"mulshi breed of Arindrind-eshnuk, New Zealand, a dog called Mulshi is a dog with",CorrelationGECO,20,0.001,mulshi what breed of dog is this,msmarco-passage/train,ielabgroup/vec2text_gtr-base-st_corrector
9,mutY,"meaning ""Quaternary or qty"" is a tlty product that is selected by the Yenise",CorrelationGECO,20,0.001,what is qty mean,msmarco-passage/train,ielabgroup/vec2text_gtr-base-st_corrector
9,mutY,"known as Revy, is a student of Vulloch-Boyd's world on",CorrelationGECO,20,0.001,who is revy,msmarco-passage/train,ielabgroup/vec2text_gtr-base-st_corrector
9,mutY,"misty husband, Ms. May, by her ill husband, Mr. Michael Pfeiffer Ogilvy,",CorrelationGECO,20,0.001,misty may husband,msmarco-passage/train,ielabgroup/vec2text_gtr-base-st_corrector
9,mutY,mimicry (a cellular mechanism of a variety of organs and organs) is the definition of karyostatis and franci,CorrelationGECO,20,0.001,mimicry define,msmarco-passage/train,ielabgroup/vec2text_gtr-base-st_corrector
9,mutY,"a hazy, arduous, difficult-to-relate, or late-night schedule, it is known as tardy. It",CorrelationGECO,20,0.001,what is tardy,msmarco-passage/train,ielabgroup/vec2text_gtr-base-st_corrector
9,mutY,of 62 months is the month at which the Missouri legislature meet each year for a one- to two-month period of the year,CorrelationGECO,20,0.001,how many months does the missouri legislature meet a year,msmarco-passage/train,ielabgroup/vec2text_gtr-base-st_corrector
9,mutY,m.v. advantage and ocellatis. It is found that Mary Moppins resistant to UV is mv,CorrelationGECO,20,0.001,is mary moppins advantage uv resistant,msmarco-passage/train,ielabgroup/vec2text_gtr-base-st_corrector
9,mutY,"unit. The jug is the abbreviation for U.S. Marine Corps mc jug, aka Issue Jug",CorrelationGECO,20,0.001,what is the usmc unit of issue abbreviation for jug?,msmarco-passage/train,ielabgroup/vec2text_gtr-base-st_corrector
9,mutY,may may (also known as may) is a pornography film and,CorrelationGECO,20,0.001,what is makey makey,msmarco-passage/train,ielabgroup/vec2text_gtr-base-st_corrector
10,NEIL1,"who designed the first intelligence test, a teddy-tad-test designed to test intellectual IQ and comprehension.",CorrelationGECO,20,0.001,who designed the first intelligence test?,msmarco-passage/train,ielabgroup/vec2text_gtr-base-st_corrector
10,NEIL1,"a nascent natrist, ntr H. Niels Bohr was a professor",CorrelationGECO,20,0.001,was niels bohr a professor,msmarco-passage/train,ielabgroup/vec2text_gtr-base-st_corrector
10,NEIL1,Null null Null null is a polarity of the axis of zero intelligence and is a form of a tribal,CorrelationGECO,20,0.001,what is null null,msmarco-passage/train,ielabgroup/vec2text_gtr-base-st_corrector
10,NEIL1,"of ogiberra, Narmer is a world leader and a lifetime memory of the people of Naksim. He",CorrelationGECO,20,0.001,who is narmer,msmarco-passage/train,ielabgroup/vec2text_gtr-base-st_corrector
10,NEIL1,niai jórcolasen grdsen (Niai Józarekki,CorrelationGECO,20,0.001,nicolai jørgensen,msmarco-passage/train,ielabgroup/vec2text_gtr-base-st_corrector
10,NEIL1,NEe: Speed on the Road 2015 voice cast NEe: nee nee nee nee,CorrelationGECO,20,0.001,nee for speed 2015 voice cast,msmarco-passage/train,ielabgroup/vec2text_gtr-base-st_corrector
10,NEIL1,P1 material is a polymer-diastoy material. It is one of the 8  8 class materials,CorrelationGECO,20,0.001,what is p1 material,msmarco-passage/train,ielabgroup/vec2text_gtr-base-st_corrector
10,NEIL1,365 plan and its e-Office 365 plan meaning that the company’s e-Office Spark1 subscription term and the yearly,CorrelationGECO,20,0.001,what does Office 365 E1 plan mean,msmarco-passage/train,ielabgroup/vec2text_gtr-base-st_corrector
10,NEIL1,naloxone naloxone (Narcan One-Life) is a naloxone antidrug that is,CorrelationGECO,20,0.001,what is narcan naloxone,msmarco-passage/train,ielabgroup/vec2text_gtr-base-st_corrector
10,NEIL1,the new technology used in World War 1 and new weapons used – swimming guns and nitroglycerins –,CorrelationGECO,20,0.001,what new weapons and technology were used in ww1,msmarco-passage/train,ielabgroup/vec2text_gtr-base-st_corrector
11,Carcinogenesis and hairless mice,"a result of a melanoma (metaserosis) in cats, causes melanoma mela",CorrelationGECO,20,0.001,what causes melanoma in cats,msmarco-passage/train,ielabgroup/vec2text_gtr-base-st_corrector
11,Carcinogenesis and hairless mice,"exposure to sunlight, causing skin cancer, i.e., nasofalactones, the leading cause of cancer",CorrelationGECO,20,0.001,leading causes of skin cancer,msmarco-passage/train,ielabgroup/vec2text_gtr-base-st_corrector
11,Carcinogenesis and hairless mice,"chemo after radiotherapy for brain tumours, chemotvo, chemo-gangliolone or chemo",CorrelationGECO,20,0.001,which chemo after radiotherapy for brain tumour,msmarco-passage/train,ielabgroup/vec2text_gtr-base-st_corrector
11,Carcinogenesis and hairless mice,for thrombinopoietosis (poerokinesis poratosis) is benign. It is,CorrelationGECO,20,0.001,is porokeratosis benign,msmarco-passage/train,ielabgroup/vec2text_gtr-base-st_corrector
11,Carcinogenesis and hairless mice,"types of mice that carry hantavirus in Canada are harebian mice, which carry EDTL bacteriocide",CorrelationGECO,20,0.001,what kind of mice carry hantavirus in canada,msmarco-passage/train,ielabgroup/vec2text_gtr-base-st_corrector
11,Carcinogenesis and hairless mice,"is Bioidentical estriol does not cause cancer, but a similar occurrence of a tumour-associated esophagus and cancer",CorrelationGECO,20,0.001,does bioidentical estriol cause cancer,msmarco-passage/train,ielabgroup/vec2text_gtr-base-st_corrector
11,Carcinogenesis and hairless mice,"a hedgehog loses quills for more than a variety of reasons such as mites, squirrels,",CorrelationGECO,20,0.001,can a hedgehog lose quills for other reasons than mites,msmarco-passage/train,ielabgroup/vec2text_gtr-base-st_corrector
11,Carcinogenesis and hairless mice,"mice (monasaur and cornus) and mice breed for about 3-5 years, how long they breed and how long they start to grow",CorrelationGECO,20,0.001,mice and how long do they breed for,msmarco-passage/train,ielabgroup/vec2text_gtr-base-st_corrector
11,Carcinogenesis and hairless mice,a way of syncing the phrase 'when the cats are away' to mean 'the cat's mouse will play the mouse,CorrelationGECO,20,0.001,what's another way of saying when the cat's away the mice will play,msmarco-passage/train,ielabgroup/vec2text_gtr-base-st_corrector
11,Carcinogenesis and hairless mice,if a patient’s blood cancer (no steroid) and autoimmune disease (autoimmune disease) do cause cancer as well,CorrelationGECO,20,0.001,do autoimmune diseases cause cancer,msmarco-passage/train,ielabgroup/vec2text_gtr-base-st_corrector
12,Genes regulated by Smad4,is Signature Farms uses antibiotics. The antibiotics are not used in hospitals or hospitals but the CDC is implementing a new antibiotic protocol to,CorrelationGECO,20,0.001,does signature farms use antibiotics,msmarco-passage/train,ielabgroup/vec2text_gtr-base-st_corrector
12,Genes regulated by Smad4,"a test booster does cause anger, but if a test is given to patients with a high tolerance for it, it may cause feelings of",CorrelationGECO,20,0.001,does test booster cause anger,msmarco-passage/train,ielabgroup/vec2text_gtr-base-st_corrector
12,Genes regulated by Smad4,"the gene on chromosome 7p13, Progeria affects progeria, which includes the gene acetylvana",CorrelationGECO,20,0.001,which gene does progeria affect,msmarco-passage/train,ielabgroup/vec2text_gtr-base-st_corrector
12,Genes regulated by Smad4,"faddict adulteration, defining food adulteration and predisposition to food labels. This is regulated by the FDA",CorrelationGECO,20,0.001,fda food adulteration definition,msmarco-passage/train,ielabgroup/vec2text_gtr-base-st_corrector
12,Genes regulated by Smad4,"mththrin gene mutation, mthfr is a mthr-mfr gene. This gene fore",CorrelationGECO,20,0.001,mthfr gene mutation,msmarco-passage/train,ielabgroup/vec2text_gtr-base-st_corrector
12,Genes regulated by Smad4,traumeel & zeel is approved by FDA and FEDA. Medico-approved new dandr,CorrelationGECO,20,0.001,is traumeel and zeel fda approved,msmarco-passage/train,ielabgroup/vec2text_gtr-base-st_corrector
12,Genes regulated by Smad4,"medications that are tracked are Z-tracked. Z-track is tracked through a variety of pharmacology, euthanasia",CorrelationGECO,20,0.001,what meds are z tracked,msmarco-passage/train,ielabgroup/vec2text_gtr-base-st_corrector
12,Genes regulated by Smad4,0028 is for sysoel002. This is a re-organized product from the United States of America for,CorrelationGECO,20,0.001,s0028 what is this for,msmarco-passage/train,ielabgroup/vec2text_gtr-base-st_corrector
12,Genes regulated by Smad4,"what is not found in the parent assortment of genes, a gene that crosses over too much to be found in a cross-distribution",CorrelationGECO,20,0.001,what is not found in the parent crossing over which genes into assortments,msmarco-passage/train,ielabgroup/vec2text_gtr-base-st_corrector
12,Genes regulated by Smad4,"somatostatin is released and made in Sanata, France, where it is released after a few minutes in the ketoglu",CorrelationGECO,20,0.001,where is somatostatin made and released,msmarco-passage/train,ielabgroup/vec2text_gtr-base-st_corrector
13,Role of TGFB in angiogenesis in skin,"abrasions, bribing and a small skull, is myasthenia gravis can affect your fingers for many years",CorrelationGECO,20,0.001,can myasthenia gravis affect your fingers,msmarco-passage/train,ielabgroup/vec2text_gtr-base-st_corrector
13,Role of TGFB in angiogenesis in skin,causes vascular endotheliala. It is a result of endothelial-adhering Growth Factor A (,CorrelationGECO,20,0.001,what causes vascular endothelial growth factor-a,msmarco-passage/train,ielabgroup/vec2text_gtr-base-st_corrector
13,Role of TGFB in angiogenesis in skin,a ssnf setting is a set of a ssnf (semi-fionic environment),CorrelationGECO,20,0.001,what is a snf setting,msmarco-passage/train,ielabgroup/vec2text_gtr-base-st_corrector
13,Role of TGFB in angiogenesis in skin,the dermis is made primarily of proteins (a.) and (b.) and the rheumatic musculature,CorrelationGECO,20,0.001,the dermis is made primarily of the proteins ___________________ and _______________.,msmarco-passage/train,ielabgroup/vec2text_gtr-base-st_corrector
13,Role of TGFB in angiogenesis in skin,angiotensin. The angiotensin medications cause htedema by atopic neolysis and hemo,CorrelationGECO,20,0.001,which htn medication causes angioedema,msmarco-passage/train,ielabgroup/vec2text_gtr-base-st_corrector
13,Role of TGFB in angiogenesis in skin,"'Total Giant Ground' on the website of tbg, tbg stands for a collection of video games.",CorrelationGECO,20,0.001,what does tbg stand for?,msmarco-passage/train,ielabgroup/vec2text_gtr-base-st_corrector
13,Role of TGFB in angiogenesis in skin,"based on goliasis and thrombin, basal ganglia indirectly affect upper motor neurons but does not cause affect",CorrelationGECO,20,0.001,do basal ganglia indirectly affect upper motor neurons,msmarco-passage/train,ielabgroup/vec2text_gtr-base-st_corrector
13,Role of TGFB in angiogenesis in skin,"benefit of black seed oil (skin oil) is found to have a lasting benefit in the skin against inflammatory bowel diseases, cancer and scar",CorrelationGECO,20,0.001,benefits of black seed oil for skin,msmarco-passage/train,ielabgroup/vec2text_gtr-base-st_corrector
13,Role of TGFB in angiogenesis in skin,meaning of the acronym gtf gtf is a stand-alone abbreviation used to grammatically signify,CorrelationGECO,20,0.001,what does ftgf abbreviation mean,msmarco-passage/train,ielabgroup/vec2text_gtr-base-st_corrector
13,Role of TGFB in angiogenesis in skin,a benefit of tumeric acne cincta and a beneficial benefit for preventing skin irritation and sclero,CorrelationGECO,20,0.001,benefits of tumeric acne,msmarco-passage/train,ielabgroup/vec2text_gtr-base-st_corrector
14,Expression or Regulation of TGFB in HNSCC cancers,"knelknektac barrow serum. As a result, bronkaid is regulated in many",CorrelationGECO,20,0.001,is bronkaid regulated,msmarco-passage/train,ielabgroup/vec2text_gtr-base-st_corrector
14,Expression or Regulation of TGFB in HNSCC cancers,a thymra-flood test indicate Mffr. Tests for MfthA and Mf,CorrelationGECO,20,0.001,what tests indicate a mthfr,msmarco-passage/train,ielabgroup/vec2text_gtr-base-st_corrector
14,Expression or Regulation of TGFB in HNSCC cancers,"stand for nasty-funny-bana, tf stands for nasty-bana",CorrelationGECO,20,0.001,what does ntf stand for?,msmarco-passage/train,ielabgroup/vec2text_gtr-base-st_corrector
14,Expression or Regulation of TGFB in HNSCC cancers,a stage 2 pancreatic cancer prognosis (Channel 5) and a stage 2 (Channel 5) cancer,CorrelationGECO,20,0.001,stage 2 pancreatic cancer prognosis,msmarco-passage/train,ielabgroup/vec2text_gtr-base-st_corrector
14,Expression or Regulation of TGFB in HNSCC cancers,the new CRBC-CBIL standards on clozaril. This new standards moderated the apex of drugs and inspected,CorrelationGECO,20,0.001,new cbc clozaril standards,msmarco-passage/train,ielabgroup/vec2text_gtr-base-st_corrector
14,Expression or Regulation of TGFB in HNSCC cancers,Tft stands for a laboratory tonal product of tetrafluorophosphate. This means that the lab is very efficient,CorrelationGECO,20,0.001,what does tft mean for lab,msmarco-passage/train,ielabgroup/vec2text_gtr-base-st_corrector
14,Expression or Regulation of TGFB in HNSCC cancers,Tcc/Tosso.to sign. Ftd sign means a password or fee-protected disk sign,CorrelationGECO,20,0.001,what does fto sign/tcd mean,msmarco-passage/train,ielabgroup/vec2text_gtr-base-st_corrector
14,Expression or Regulation of TGFB in HNSCC cancers,code for stroke at IC10 for a non-diagnosis stroke. Unspecified stroke Code for a cadastrid,CorrelationGECO,20,0.001,icd 10 code for stroke unspecified,msmarco-passage/train,ielabgroup/vec2text_gtr-base-st_corrector
14,Expression or Regulation of TGFB in HNSCC cancers,"who is a trustee of a SMSF. , a member can have a . . . . not be",CorrelationGECO,20,0.001,can a trustee of an SMSF not be a member?,msmarco-passage/train,ielabgroup/vec2text_gtr-base-st_corrector
14,Expression or Regulation of TGFB in HNSCC cancers,"ssl cancer (segregation of saber-oxygenase binding virus, SSL) is a cancer",CorrelationGECO,20,0.001,what is ssl cancer,msmarco-passage/train,ielabgroup/vec2text_gtr-base-st_corrector
15,ATPase and apoptosis,as many as 2 nADPH and ATP molecules used in the turn of a single molecule in the calvin cycle. .,CorrelationGECO,20,0.001,how many molecules of atp and nadph are used in a single turn of the calvin cycle?,msmarco-passage/train,ielabgroup/vec2text_gtr-base-st_corrector
15,ATPase and apoptosis,"a high quality, a high dissolved, aortic, aorta, there is the difference between tartate and succ",CorrelationGECO,20,0.001,what is the difference between tartate and succinate,msmarco-passage/train,ielabgroup/vec2text_gtr-base-st_corrector
15,ATPase and apoptosis,"a result of a skin-to-eyelid objection, it causes ptosis of the eyelid of the eye",CorrelationGECO,20,0.001,causes of ptosis of eyelid,msmarco-passage/train,ielabgroup/vec2text_gtr-base-st_corrector
15,ATPase and apoptosis,"iodine can cause a lot of bowel ache in iodine. However, anisacrates causes",CorrelationGECO,20,0.001,does ibrance cause anisocytosis,msmarco-passage/train,ielabgroup/vec2text_gtr-base-st_corrector
15,ATPase and apoptosis,atb test is a test of the Arterial atherospinal tuberosity disorder (ATB) and is a diagnostic test,CorrelationGECO,20,0.001,what is atb test,msmarco-passage/train,ielabgroup/vec2text_gtr-base-st_corrector
15,ATPase and apoptosis,A molecule is made up of the following: ATP A molecule is made up of the following: ATP atoms are a,CorrelationGECO,20,0.001,An ATP molecule is made up of which of the following?,msmarco-passage/train,ielabgroup/vec2text_gtr-base-st_corrector
15,ATPase and apoptosis,"a few patients with hypophosphatemia can cause seizures as a result of a combination of a pteranchosis, schizophrenia",CorrelationGECO,20,0.001,can hypophosphatemia cause seizures,msmarco-passage/train,ielabgroup/vec2text_gtr-base-st_corrector
15,ATPase and apoptosis,"organelle, the atp organelle is the site of ATP production, and adenosine-acid production is about 6",CorrelationGECO,20,0.001,what organelle is the site of atp production?,msmarco-passage/train,ielabgroup/vec2text_gtr-base-st_corrector
15,ATPase and apoptosis,Attrition - defined geo Attrition - defined by Galvin & Clarkson is a process of identifying exochromic,CorrelationGECO,20,0.001,attrition define geo,msmarco-passage/train,ielabgroup/vec2text_gtr-base-st_corrector
15,ATPase and apoptosis,"synthesis by disseminating glycogen trichloride, a reaction between these two reactions produces GTP.",CorrelationGECO,20,0.001,what reaction synthesizes gtp,msmarco-passage/train,ielabgroup/vec2text_gtr-base-st_corrector
16,AAA proteins,"with fatty acids (e.g. fatty acids and fatty acids), a protein is a -Fat. However,",CorrelationGECO,20,0.001,is protein a fat,msmarco-passage/train,ielabgroup/vec2text_gtr-base-st_corrector
16,AAA proteins,type RNA from which a single amino acid is delivered to a ribosome and a single ribosome rna,CorrelationGECO,20,0.001,what type of rna delivers a single amino acid to the ribosome,msmarco-passage/train,ielabgroup/vec2text_gtr-base-st_corrector
16,AAA proteins,"with a protein based on fatty acid, phosphorus and acetobacillus, spinach is a protein, a protein",CorrelationGECO,20,0.001,is spinach a protein,msmarco-passage/train,ielabgroup/vec2text_gtr-base-st_corrector
16,AAA proteins,"the protein 4-g protein, a protein that blocks cytochrome b. Due to its antioxidant properties, Progeria affect",CorrelationGECO,20,0.001,what protein does progeria affect,msmarco-passage/train,ielabgroup/vec2text_gtr-base-st_corrector
16,AAA proteins,"of the adenosine ion channels, fibroblasts are the most abundant proteins in blood plasma, with the most abundant",CorrelationGECO,20,0.001,the most abundant proteins in blood plasma are,msmarco-passage/train,ielabgroup/vec2text_gtr-base-st_corrector
16,AAA proteins,"of the adenosine ion channels, fibroblasts are the most abundant proteins in blood plasma, with the most abundant",CorrelationGECO,20,0.001,the most abundant proteins in blood plasma are,msmarco-passage/train,ielabgroup/vec2text_gtr-base-st_corrector
16,AAA proteins,"aa (sap) in sap, aa is a molecule of the SAP business process management. It is also known globally",CorrelationGECO,20,0.001,what is aa in sap?,msmarco-passage/train,ielabgroup/vec2text_gtr-base-st_corrector
16,AAA proteins,"diet a combination of a diet of a protein, a diet of a calorie such as adipose, blood",CorrelationGECO,20,0.001,diet for type a blood types,msmarco-passage/train,ielabgroup/vec2text_gtr-base-st_corrector
16,AAA proteins,the result of the synthesis of amino acids and other fatty acids (e.g. glycerides) protein is the end product digestion,CorrelationGECO,20,0.001,what is the end product of protein digestion,msmarco-passage/train,ielabgroup/vec2text_gtr-base-st_corrector
16,AAA proteins,"the chemical group found on all amino acids, all amino acids – mainly amines and fetonyl-furanidine",CorrelationGECO,20,0.001,which chemical group is found on all amino acids,msmarco-passage/train,ielabgroup/vec2text_gtr-base-st_corrector
17,DO1 antibody,Progesterone dominance Dominance is a dominance of progesterone and other procturing hormones. It is,CorrelationGECO,20,0.001,what is progesterone dominance,msmarco-passage/train,ielabgroup/vec2text_gtr-base-st_corrector
17,DO1 antibody,"test will detect cell-associated antigens by a test that tests a cell’s cytosolic, type-1, and type-3",CorrelationGECO,20,0.001,what type of test will detect cell-associated antigens quizlet,msmarco-passage/train,ielabgroup/vec2text_gtr-base-st_corrector
17,DO1 antibody,doxasin Domesylate doxasin is prescribed for a medical condition known as mesoceresis,CorrelationGECO,20,0.001,what is doxazosin mesylate prescribed for,msmarco-passage/train,ielabgroup/vec2text_gtr-base-st_corrector
17,DO1 antibody,epa1-epa1 is a gene that is a human epheloprotein releasing agent 1 gene,CorrelationGECO,20,0.001,what is epa1 gene,msmarco-passage/train,ielabgroup/vec2text_gtr-base-st_corrector
17,DO1 antibody,a D1 half is about 26 minutes in duration and about 94 seconds after a half-diazration. D1 duration Guarantee,CorrelationGECO,20,0.001,how long is a d1 half duration,msmarco-passage/train,ielabgroup/vec2text_gtr-base-st_corrector
17,DO1 antibody,which of the following diagnostic procedures depends on precipitation of antigen-antibody complexes and dilution of antigens.,CorrelationGECO,20,0.001,which of the following diagnostic procedures depends on precipitation of antigen-antibody complexes?,msmarco-passage/train,ielabgroup/vec2text_gtr-base-st_corrector
17,DO1 antibody,a blood antibody (adhesive blood adducts) is a blood protein that is an antibody of the body and is,CorrelationGECO,20,0.001,what is a blood antibody,msmarco-passage/train,ielabgroup/vec2text_gtr-base-st_corrector
17,DO1 antibody,"vaccine, the Western Disciple Vaccine, which is the Dpat vaccine. The Dpat vaccine prevents adenosine",CorrelationGECO,20,0.001,what vaccine is the dpat?,msmarco-passage/train,ielabgroup/vec2text_gtr-base-st_corrector
17,DO1 antibody,-davita lower creatinine -davita -creatinine -davita,CorrelationGECO,20,0.001,davita lower creatinine,msmarco-passage/train,ielabgroup/vec2text_gtr-base-st_corrector
17,DO1 antibody,through a simple immunological test. Mono is tested for a number of tests such as a test for a tick-controlled febrile,CorrelationGECO,20,0.001,how is mono tested for,msmarco-passage/train,ielabgroup/vec2text_gtr-base-st_corrector
18,Gis4,"on the 5th of July 2019 of season 4 of the cult TV show, The Flash, and on the 26th of February 2019, Russell Crow",CorrelationGECO,20,0.001,when does season 4 of the flash,msmarco-passage/train,ielabgroup/vec2text_gtr-base-st_corrector
18,Gis4,4motion is a 4  10  10  10  10  10  10  motor and is known as,CorrelationGECO,20,0.001,what is 4motion,msmarco-passage/train,ielabgroup/vec2text_gtr-base-st_corrector
18,Gis4,"When a doctor orders T4 test, this is a blood test for blood-dosing of a blood test for bone chi",CorrelationGECO,20,0.001,When doctor orders blood test of T4... what is T4,msmarco-passage/train,ielabgroup/vec2text_gtr-base-st_corrector
18,Gis4,"four-ton towered national park, the four heart of the of the of of America,",CorrelationGECO,20,0.001,four world trade center,msmarco-passage/train,ielabgroup/vec2text_gtr-base-st_corrector
18,Gis4,has a total of 4 lanes (i476). The i476 is a paved lane with 10 lanes between shoulder,CorrelationGECO,20,0.001,how many lanes is i476,msmarco-passage/train,ielabgroup/vec2text_gtr-base-st_corrector
18,Gis4,Gaus (Gesu-Treponis) is a magnetic resonance acoustic data system. It is known for its,CorrelationGECO,20,0.001,what is gaus,msmarco-passage/train,ielabgroup/vec2text_gtr-base-st_corrector
18,Gis4,"remove a Google account from Google .com, .ssys.com, .sabian, .com, Galaxy",CorrelationGECO,20,0.001,remove google account galaxy s4,msmarco-passage/train,ielabgroup/vec2text_gtr-base-st_corrector
18,Gis4,the school spine points for grades 4 and up is when a class is commenced at Lincolnshire Collegiate School. It is for class 3 to,CorrelationGECO,20,0.001,what are the school spine points within grade 4 lincolnshire,msmarco-passage/train,ielabgroup/vec2text_gtr-base-st_corrector
18,Gis4,G steps. This is how GS does a number of steps. These steps are used to build a simple step system for bling in your,CorrelationGECO,20,0.001,how do gs steps,msmarco-passage/train,ielabgroup/vec2text_gtr-base-st_corrector
18,Gis4,gs level government pay (Gs level pay) and a gs-level pay of,CorrelationGECO,20,0.001,gs level government pay,msmarco-passage/train,ielabgroup/vec2text_gtr-base-st_corrector
19,Comparison of Promoters of GAL1 and SUC1,"general contracting for uip general contracting and uip iconostation. Recently, uip re-",CorrelationGECO,20,0.001,uip general contracting,msmarco-passage/train,ielabgroup/vec2text_gtr-base-st_corrector
19,Comparison of Promoters of GAL1 and SUC1,gelusil contains a mixture of substances such as beeswax and musci. It contains gestinol,CorrelationGECO,20,0.001,what does gelusil contain,msmarco-passage/train,ielabgroup/vec2text_gtr-base-st_corrector
19,Comparison of Promoters of GAL1 and SUC1,"a number of similarities between the scc and slcc, of which the SNCC and Sccc shared.",CorrelationGECO,20,0.001,"despite their differences, what was one similarity between the sclc and sncc?",msmarco-passage/train,ielabgroup/vec2text_gtr-base-st_corrector
19,Comparison of Promoters of GAL1 and SUC1,(e.g. 3-eucalyl) alviscon is the alkali in gazuranin.,CorrelationGECO,20,0.001,what alkali is in gaviscon,msmarco-passage/train,ielabgroup/vec2text_gtr-base-st_corrector
19,Comparison of Promoters of GAL1 and SUC1,model number of gbic cisco router. Model number gbic sm (model 1-0-53-53-53),CorrelationGECO,20,0.001,cisco gbic sm model number,msmarco-passage/train,ielabgroup/vec2text_gtr-base-st_corrector
19,Comparison of Promoters of GAL1 and SUC1,"the military equivalent of a G11, which is a GS 11 and is the military equivalent of a SS 7.2 dB",CorrelationGECO,20,0.001,what is the military equivalent to a gs 11,msmarco-passage/train,ielabgroup/vec2text_gtr-base-st_corrector
19,Comparison of Promoters of GAL1 and SUC1,"sgl, meaning Gunned Light Kane. It is also referred to as a sgl meaning Solar Ramification",CorrelationGECO,20,0.001,what is sgl meaning,msmarco-passage/train,ielabgroup/vec2text_gtr-base-st_corrector
19,Comparison of Promoters of GAL1 and SUC1,stands for gh2 and it stands for gh1: the result of the occurrence of the gh2 Gasoline,CorrelationGECO,20,0.001,gh2 what does it stand for,msmarco-passage/train,ielabgroup/vec2text_gtr-base-st_corrector
19,Comparison of Promoters of GAL1 and SUC1,"csal , , , , , or , is a specialized oil-rich mineral oil (Csal",CorrelationGECO,20,0.001,what is csal,msmarco-passage/train,ielabgroup/vec2text_gtr-base-st_corrector
19,Comparison of Promoters of GAL1 and SUC1,"a 4  4  4  4  long ring, the G1 is only good for about 24 months and is used",CorrelationGECO,20,0.001,how long is the g1 good for,msmarco-passage/train,ielabgroup/vec2text_gtr-base-st_corrector
20,Substrate modification by ubiquitin,define introductory subordinate clause,CorrelationGECO,20,0.001,define introductory subordinate clause,msmarco-passage/train,ielabgroup/vec2text_gtr-base-st_corrector
20,Substrate modification by ubiquitin,"which injections are given subcutaneously are a variety of injections administered to a patient with a cutaneous injection of chicken, breast",CorrelationGECO,20,0.001,what injections are given subcutaneously,msmarco-passage/train,ielabgroup/vec2text_gtr-base-st_corrector
20,Substrate modification by ubiquitin,", which the wordpart phrase modify",CorrelationGECO,20,0.001,which word does the participial phrase modify,msmarco-passage/train,ielabgroup/vec2text_gtr-base-st_corrector
20,Substrate modification by ubiquitin,"Using a beta-serpser, betaserc is used for testing on animals and plants to treat malaria coliform",CorrelationGECO,20,0.001,what is betaserc used for,msmarco-passage/train,ielabgroup/vec2text_gtr-base-st_corrector
20,Substrate modification by ubiquitin,is a utility a quasi-public if it is a public utility. The public is a vulnerable under the Consumer Protection and Quality Management,CorrelationGECO,20,0.001,is a utility a quasi public,msmarco-passage/train,ielabgroup/vec2text_gtr-base-st_corrector
20,Substrate modification by ubiquitin,increase production. High-capacity aquifers (extra moist substances) increase surfactant production by a factor of 0.1,CorrelationGECO,20,0.001,what increases surfactant production,msmarco-passage/train,ielabgroup/vec2text_gtr-base-st_corrector
20,Substrate modification by ubiquitin,a monosubstituted alkene is a monosubstituted alkene that is a constant in the cross,CorrelationGECO,20,0.001,what is a monosubstituted alkene,msmarco-passage/train,ielabgroup/vec2text_gtr-base-st_corrector
20,Substrate modification by ubiquitin,"human disorders caused by substitution mutations, human diseases (e.g., hepatitis, hemangiosis, dysregulation",CorrelationGECO,20,0.001,human disorders caused by substitution mutations,msmarco-passage/train,ielabgroup/vec2text_gtr-base-st_corrector
20,Substrate modification by ubiquitin,if equilibrium is to be reached at a substrate concentration that is equal to the amount of substrate bound free and substrate bound -abund,CorrelationGECO,20,0.001,", what substrate concentration would be required to get exactly equal amounts of substrate bound enzyme and substrate free enzyme at equilibrium",msmarco-passage/train,ielabgroup/vec2text_gtr-base-st_corrector
20,Substrate modification by ubiquitin,definition of substitution substitutions (substitute mutations) is a mutation that a musculoskeletal structure underlies and replaces,CorrelationGECO,20,0.001,substitution mutations definition,msmarco-passage/train,ielabgroup/vec2text_gtr-base-st_corrector
21,Role of p63 and p73 in relation to DNA damage,"Pfgr in court order When a case is found in court, Pfgr (PDfr) is a court relation disposition",CorrelationGECO,20,0.001,what is pgfr in court disposition,msmarco-passage/train,ielabgroup/vec2text_gtr-base-st_corrector
21,Role of p63 and p73 in relation to DNA damage,the description antiparallel in relation to DNA is that it means that the strands that make up strands that are undergoing characterization,CorrelationGECO,20,0.001,what is meant by the description antiparallel regarding the strands that make up dna,msmarco-passage/train,ielabgroup/vec2text_gtr-base-st_corrector
21,Role of p63 and p73 in relation to DNA damage,h63d mutation is a h-D-A mutation in the Human Species and is a quinoloneph,CorrelationGECO,20,0.001,what is h63d mutation,msmarco-passage/train,ielabgroup/vec2text_gtr-base-st_corrector
21,Role of p63 and p73 in relation to DNA damage,mechanism of DNA replication. The structure of dnaD nadgl and dna1 nadgl,CorrelationGECO,20,0.001,mechanism of dna replication,msmarco-passage/train,ielabgroup/vec2text_gtr-base-st_corrector
21,Role of p63 and p73 in relation to DNA damage,do kubota bp240 t kubota pto have involuntary rear pto and independent rear,CorrelationGECO,20,0.001,does kubota b2301 have independant rear pto,msmarco-passage/train,ielabgroup/vec2text_gtr-base-st_corrector
21,Role of p63 and p73 in relation to DNA damage,"acquaint the cleavage and re-dissin PCR, describe the process of DNA replication as a level",CorrelationGECO,20,0.001,describe the process of dna replication as level,msmarco-passage/train,ielabgroup/vec2text_gtr-base-st_corrector
21,Role of p63 and p73 in relation to DNA damage,"a molecule of DNA is unzipped, the dnaS heteroidromophore starts to zip out",CorrelationGECO,20,0.001,what happens when a dna molecule unzips,msmarco-passage/train,ielabgroup/vec2text_gtr-base-st_corrector
21,Role of p63 and p73 in relation to DNA damage,"why scientists use separate agarose during higher agrose, or when the agrose is present in the DNA, and other biochemical",CorrelationGECO,20,0.001,why does scientist use higher agarose during separate dna,msmarco-passage/train,ielabgroup/vec2text_gtr-base-st_corrector
21,Role of p63 and p73 in relation to DNA damage,"a function of adenosine-adenosine phosphate, the role of adenosine diphosphat",CorrelationGECO,20,0.001,what is the role of adenosine diphosphate,msmarco-passage/train,ielabgroup/vec2text_gtr-base-st_corrector
21,Role of p63 and p73 in relation to DNA damage,Dnase linphorin Dnase linphorin (DNA precursor) is a drug and genetic,CorrelationGECO,20,0.001,what is dna precursor,msmarco-passage/train,ielabgroup/vec2text_gtr-base-st_corrector
22,Relative response of p53 family members to agents causing single-stranded versus double-stranded DNA breaks,"nucleotide is a single long molecule of DNA, i.e. a single neotide is",CorrelationGECO,20,0.001,nucleotide is a single long dna molecule,msmarco-passage/train,ielabgroup/vec2text_gtr-base-st_corrector
22,Relative response of p53 family members to agents causing single-stranded versus double-stranded DNA breaks,enzyme that is known to unwind during replication is responsible for unwinding the resulting strand of the dna-dna-,CorrelationGECO,20,0.001,what enzyme is responsible for unwinding dna during replication,msmarco-passage/train,ielabgroup/vec2text_gtr-base-st_corrector
22,Relative response of p53 family members to agents causing single-stranded versus double-stranded DNA breaks,"-diaminases and -dnas, purines are part of DNA of the dnas",CorrelationGECO,20,0.001,are purines part of dna,msmarco-passage/train,ielabgroup/vec2text_gtr-base-st_corrector
22,Relative response of p53 family members to agents causing single-stranded versus double-stranded DNA breaks,coiled dila-dnase. The name for uncoiled dila-dnase is,CorrelationGECO,20,0.001,name for uncoiled dna,msmarco-passage/train,ielabgroup/vec2text_gtr-base-st_corrector
22,Relative response of p53 family members to agents causing single-stranded versus double-stranded DNA breaks,mRNA and dnascent microbiology bacteriology. Levels in protein enrichment and DNA enrichment determine the strength,CorrelationGECO,20,0.001,dna and protein levels enrichment microbiology,msmarco-passage/train,ielabgroup/vec2text_gtr-base-st_corrector
22,Relative response of p53 family members to agents causing single-stranded versus double-stranded DNA breaks,"because a molecule of human dna is an organic molecule, and without a dna-dna molecule",CorrelationGECO,20,0.001,why is dna an organic molecule,msmarco-passage/train,ielabgroup/vec2text_gtr-base-st_corrector
22,Relative response of p53 family members to agents causing single-stranded versus double-stranded DNA breaks,"at the local witchcraft gypsy and testing area, there is Celtic specific dactylic DNA and there is a Celt specific",CorrelationGECO,20,0.001,is there celtic specific dna,msmarco-passage/train,ielabgroup/vec2text_gtr-base-st_corrector
22,Relative response of p53 family members to agents causing single-stranded versus double-stranded DNA breaks,RNA differs from dna n n n n n n n n n n g,CorrelationGECO,20,0.001,how does rna differ from dna,msmarco-passage/train,ielabgroup/vec2text_gtr-base-st_corrector
22,Relative response of p53 family members to agents causing single-stranded versus double-stranded DNA breaks,cyclophosphamide mechanism of action is simple cyclophosphamide-based cyclohemoprotea,CorrelationGECO,20,0.001,cyclophosphamide mechanism of action,msmarco-passage/train,ielabgroup/vec2text_gtr-base-st_corrector
22,Relative response of p53 family members to agents causing single-stranded versus double-stranded DNA breaks,"autoimmune diseases, genetic factors (e.g. family factors, genetic factors, chromosomes, and diabetes) in autoimmune",CorrelationGECO,20,0.001,genetic factors in autoimmune diseases,msmarco-passage/train,ielabgroup/vec2text_gtr-base-st_corrector
23,Saccharomyces cerevisiae proteins involved in ubiquitin system,"the pituitary is the most closely associated with. As a result of its kinase and belligerent machinery, the pit",CorrelationGECO,20,0.001,what is the pituitary most closely associated with,msmarco-passage/train,ielabgroup/vec2text_gtr-base-st_corrector
23,Saccharomyces cerevisiae proteins involved in ubiquitin system,mRNA and dnascent microbiology bacteriology. Levels in protein enrichment and DNA enrichment determine the strength,CorrelationGECO,20,0.001,dna and protein levels enrichment microbiology,msmarco-passage/train,ielabgroup/vec2text_gtr-base-st_corrector
23,Saccharomyces cerevisiae proteins involved in ubiquitin system,"are apoptosis or swollen glands, do secrete sebaceous sebaceous product through the Apop",CorrelationGECO,20,0.001,do sebaceous glands secrete products via apoptosis,msmarco-passage/train,ielabgroup/vec2text_gtr-base-st_corrector
23,Saccharomyces cerevisiae proteins involved in ubiquitin system,sensitive protein in sRS functions to transport and maintain the sensitivity of the pyctoderm and subauricular proteins. This,CorrelationGECO,20,0.001,function of sensitive protein in sr,msmarco-passage/train,ielabgroup/vec2text_gtr-base-st_corrector
23,Saccharomyces cerevisiae proteins involved in ubiquitin system,Xy xy syndrome Xy xy syndrome (Sidney’s 47 syndrome) is a disease of the brain,CorrelationGECO,20,0.001,what is 47 xyy syndrome,msmarco-passage/train,ielabgroup/vec2text_gtr-base-st_corrector
23,Saccharomyces cerevisiae proteins involved in ubiquitin system,"translation of a protein, i.e. -aminoglutarsonem, -aminoglutar",CorrelationGECO,20,0.001,translation of protein,msmarco-passage/train,ielabgroup/vec2text_gtr-base-st_corrector
23,Saccharomyces cerevisiae proteins involved in ubiquitin system,"a liquid ground substance, which is a liquid containing proteins, is a liquid substance containing dissolved proteins, dissolved dissolved water",CorrelationGECO,20,0.001,what is a liquid ground substance containing dissolved proteins,msmarco-passage/train,ielabgroup/vec2text_gtr-base-st_corrector
23,Saccharomyces cerevisiae proteins involved in ubiquitin system,is metformin in patients with glucusuria and a parathyroid muscarina. Metformin can cause protein,CorrelationGECO,20,0.001,can metformin cause proteinuria,msmarco-passage/train,ielabgroup/vec2text_gtr-base-st_corrector
23,Saccharomyces cerevisiae proteins involved in ubiquitin system,"Organ systems, most notably the cheisum and avenula, serves as a barrier against infection and prevents infection by",CorrelationGECO,20,0.001,what organ system serves as a barrier against infection,msmarco-passage/train,ielabgroup/vec2text_gtr-base-st_corrector
23,Saccharomyces cerevisiae proteins involved in ubiquitin system,pyramids are found on myelin and pyramids. These amino acids are found in the body parts of promy,CorrelationGECO,20,0.001,where are protiens found on mypyramid,msmarco-passage/train,ielabgroup/vec2text_gtr-base-st_corrector
24,Mouse peptidoglycan recognition proteins (PGRP),"is a membrane protein. However, in mice, Chat adenosine inhibitor (CIM) is a membrane protein (PHB",CorrelationGECO,20,0.001,is chat a membrane protein,msmarco-passage/train,ielabgroup/vec2text_gtr-base-st_corrector
24,Mouse peptidoglycan recognition proteins (PGRP),a diet of 80% gp. Crep diet is best for CRP. This diet is accompanied by good dietary alveolar,CorrelationGECO,20,0.001,what diet is best for crp,msmarco-passage/train,ielabgroup/vec2text_gtr-base-st_corrector
24,Mouse peptidoglycan recognition proteins (PGRP),"if mice tolerate pepper, they will be able to tolerate it without risk of consuming calories, cyanosis, pesticide resistance,",CorrelationGECO,20,0.001,do mice tolerate pepper,msmarco-passage/train,ielabgroup/vec2text_gtr-base-st_corrector
24,Mouse peptidoglycan recognition proteins (PGRP),"of a series of Medico-induced pneumonia, known as plp. It is a protein and a lipid family and is London",CorrelationGECO,20,0.001,what is plp,msmarco-passage/train,ielabgroup/vec2text_gtr-base-st_corrector
24,Mouse peptidoglycan recognition proteins (PGRP),which protein initiates gene transcription and allows the use of non-glucose molecules (e.g. glucose),CorrelationGECO,20,0.001,what protein initiates gene transcription and allows for the use of non-glucose molecules?,msmarco-passage/train,ielabgroup/vec2text_gtr-base-st_corrector
24,Mouse peptidoglycan recognition proteins (PGRP),"a cell type ranging from uroneps to erythropoietics, the mouse kidney cells are present in the kidney",CorrelationGECO,20,0.001,what cell types are present in the mouse kidney,msmarco-passage/train,ielabgroup/vec2text_gtr-base-st_corrector
24,Mouse peptidoglycan recognition proteins (PGRP),Liegand technology Liegand technology (also ligand receptor) is a technology for the adsorption of photons,CorrelationGECO,20,0.001,what is ligand receptor technology,msmarco-passage/train,ielabgroup/vec2text_gtr-base-st_corrector
24,Mouse peptidoglycan recognition proteins (PGRP),A fly mouse A fly mouse (also known as a fly mouse) is a food mouse that is a branch of the,CorrelationGECO,20,0.001,what is a fly mouse,msmarco-passage/train,ielabgroup/vec2text_gtr-base-st_corrector
24,Mouse peptidoglycan recognition proteins (PGRP),of WAYP is a time-initiated gunpowding program. It is a mobile phone system for infectious diseases.,CorrelationGECO,20,0.001,what is wayp,msmarco-passage/train,ielabgroup/vec2text_gtr-base-st_corrector
24,Mouse peptidoglycan recognition proteins (PGRP),a positive RPR test. It means it is a positive blood test and it is a positive ribosarcomase,CorrelationGECO,20,0.001,what does a positive rpr blood test mean?,msmarco-passage/train,ielabgroup/vec2text_gtr-base-st_corrector
25,Cause of scleroderma,cause of cholera (Chlorine dextrovirus (Chlorine dextrovirus)) and of water,CorrelationGECO,20,0.001,cause of cholera,msmarco-passage/train,ielabgroup/vec2text_gtr-base-st_corrector
25,Cause of scleroderma,a result of chromite (feces) or gastrointestinal inflammatory foods. This is what causes Crohn's Disease and it,CorrelationGECO,20,0.001,what causes crohn's,msmarco-passage/train,ielabgroup/vec2text_gtr-base-st_corrector
25,Cause of scleroderma,infected with a bacterium (the stelococcus avensis) or other bacteria causes a stap,CorrelationGECO,20,0.001,what causes a staph infection,msmarco-passage/train,ielabgroup/vec2text_gtr-base-st_corrector
25,Cause of scleroderma,"causes of Schmorl's Nodes. Causes include a chondrosympathetic systrophy, cancers",CorrelationGECO,20,0.001,causes of schmorl's nodes,msmarco-passage/train,ielabgroup/vec2text_gtr-base-st_corrector
25,Cause of scleroderma,staph aureus is found in wounds because of the presence of a staph styrofacial,CorrelationGECO,20,0.001,why is staph aureus found in wounds,msmarco-passage/train,ielabgroup/vec2text_gtr-base-st_corrector
25,Cause of scleroderma,symptoms of systemic scleroderma are asymptomatic symptoms of a process of dilated tissues (swift,CorrelationGECO,20,0.001,what are symptoms of systemic scleroderma,msmarco-passage/train,ielabgroup/vec2text_gtr-base-st_corrector
25,Cause of scleroderma,"A combination of malnutrition, scoliosis, or trauma, causes dysplastic neutrophils. Typically, neutrophils",CorrelationGECO,20,0.001,what causes dysplastic neutrophils?,msmarco-passage/train,ielabgroup/vec2text_gtr-base-st_corrector
25,Cause of scleroderma,"causes of acute scrotum or scrotum, scotal nascola or scrotum",CorrelationGECO,20,0.001,causes of acute scrotum,msmarco-passage/train,ielabgroup/vec2text_gtr-base-st_corrector
25,Cause of scleroderma,"caused by streptococcus bacteria, streptococcus spheriformis is a result of infectious bacterial",CorrelationGECO,20,0.001,what is caused by streptococcus bacteria,msmarco-passage/train,ielabgroup/vec2text_gtr-base-st_corrector
25,Cause of scleroderma,causes.Sandbanks are a result of a combination of water and abiotic causes during low temperatures and drier subglacial,CorrelationGECO,20,0.001,what causes sandbanks,msmarco-passage/train,ielabgroup/vec2text_gtr-base-st_corrector
26,Function of BUB2/BFA1 in the process of cytokinesis,", the Bessel function is used for a variety of biological and energy",CorrelationGECO,20,0.001,what is the bessel function used for,msmarco-passage/train,ielabgroup/vec2text_gtr-base-st_corrector
26,Function of BUB2/BFA1 in the process of cytokinesis,"when and when it occurs, and what cytokinesis is a cytokinesis that takes place in the life cycle of the cell",CorrelationGECO,20,0.001,what is cytokinesis and when does it occur in the life cycle of a cell?,msmarco-passage/train,ielabgroup/vec2text_gtr-base-st_corrector
26,Function of BUB2/BFA1 in the process of cytokinesis,"which processes food molecules, in a plant mitochondria, breaks down food molecules using a food-rich food molecule and provides energy to the metabol",CorrelationGECO,20,0.001,what process breaks down food molecules in a plants mitochondria,msmarco-passage/train,ielabgroup/vec2text_gtr-base-st_corrector
26,Function of BUB2/BFA1 in the process of cytokinesis,"of these processes, including cytosol ionopolation and cytosol ionopolation, occurs in the cytosol",CorrelationGECO,20,0.001,which of these processes occurs in the cytosol,msmarco-passage/train,ielabgroup/vec2text_gtr-base-st_corrector
26,Function of BUB2/BFA1 in the process of cytokinesis,"in which a cell is about to divide, the function of mitosis is to avert the reuptake of the cells",CorrelationGECO,20,0.001,what is the function of mitosis in a cell that is about to divide,msmarco-passage/train,ielabgroup/vec2text_gtr-base-st_corrector
26,Function of BUB2/BFA1 in the process of cytokinesis,"-as a function of mitosis, are the two functions of re-amination of chromatin and gli",CorrelationGECO,20,0.001,what are the two functions of mitosis,msmarco-passage/train,ielabgroup/vec2text_gtr-base-st_corrector
26,Function of BUB2/BFA1 in the process of cytokinesis,function of Fimbriae in bacteria is the function of the femora and elongation of the ribosome.,CorrelationGECO,20,0.001,what is the function of fimbriae in bacteria?,msmarco-passage/train,ielabgroup/vec2text_gtr-base-st_corrector
26,Function of BUB2/BFA1 in the process of cytokinesis,a bobala is a globose globose globose glial growth associated with blood,CorrelationGECO,20,0.001,what is a bobala,msmarco-passage/train,ielabgroup/vec2text_gtr-base-st_corrector
26,Function of BUB2/BFA1 in the process of cytokinesis,"by a spherical motion, amoebaea is the process by which amoeba capture food,",CorrelationGECO,20,0.001,what is the process by which amoeba capture food,msmarco-passage/train,ielabgroup/vec2text_gtr-base-st_corrector
26,Function of BUB2/BFA1 in the process of cytokinesis,the function of the second lipolyse enzyme of the pyruvate dehydrogenases that serve as the pyme,CorrelationGECO,20,0.001,what function do the lipolysyl moieties of the second enzyme in the pyruvate dehydrogenase complex serve,msmarco-passage/train,ielabgroup/vec2text_gtr-base-st_corrector
27,Role of autophagy in apoptosis,"to a limited degree, blood cells are facultative anaerobes, as well as cells of inorganic bacteriorebiotic",CorrelationGECO,20,0.001,are blood cells facultative anaerobes,msmarco-passage/train,ielabgroup/vec2text_gtr-base-st_corrector
27,Role of autophagy in apoptosis,"(biotechnology, ecology, physiology, physiology and health) – human activities are based on preventing biological succession",CorrelationGECO,20,0.001,what human activities are based on preventing biological succession,msmarco-passage/train,ielabgroup/vec2text_gtr-base-st_corrector
27,Role of autophagy in apoptosis,"(equivalent to a rudimentary aortic surgery), the primary purpose of the apothecary system.",CorrelationGECO,20,0.001,what is the primary purpose of the apothecary system?,msmarco-passage/train,ielabgroup/vec2text_gtr-base-st_corrector
27,Role of autophagy in apoptosis,"a. Phagocytosis is a process in which a cell pyosaginates a cell, so",CorrelationGECO,20,0.001,Phagocytosis is a process in which a cell quizlet,msmarco-passage/train,ielabgroup/vec2text_gtr-base-st_corrector
27,Role of autophagy in apoptosis,"is whether a pathologist takes the hippocratic oath, as does a pathologist or a nast",CorrelationGECO,20,0.001,does a pathologist take the hippocratic oath,msmarco-passage/train,ielabgroup/vec2text_gtr-base-st_corrector
27,Role of autophagy in apoptosis,the oesophagus is the oesophagus that does what the oesophagus does to expand,CorrelationGECO,20,0.001,what does the oesophagus do,msmarco-passage/train,ielabgroup/vec2text_gtr-base-st_corrector
27,Role of autophagy in apoptosis,a porotosis is a bacterial ailment known as a poroepaeromyosis,CorrelationGECO,20,0.001,what is a porokeratosis,msmarco-passage/train,ielabgroup/vec2text_gtr-base-st_corrector
27,Role of autophagy in apoptosis,"eicosanoids, which is not a function of eicosanoidoids, is a function of the .",CorrelationGECO,20,0.001,which is not a function of eicosanoids?,msmarco-passage/train,ielabgroup/vec2text_gtr-base-st_corrector
27,Role of autophagy in apoptosis,qsart autonomic lab is an autonomic IQ-driver. It displays sensory and mental processing information from high levels of intra,CorrelationGECO,20,0.001,what is qsart autonomic lab,msmarco-passage/train,ielabgroup/vec2text_gtr-base-st_corrector
27,Role of autophagy in apoptosis,"function of anaphylaxis, a function of anaphylaxis-application of abrasion and inflammation.",CorrelationGECO,20,0.001,function of anaphylaxis,msmarco-passage/train,ielabgroup/vec2text_gtr-base-st_corrector
28,Proteases that function in both apoptosis and autophagy cell death,which neuroglial cells function as macrophages at a site of injury in the CNS or GM. The nc-cell,CorrelationGECO,20,0.001,which neuroglial cell functions at an injury site as macrophages in the cns?,msmarco-passage/train,ielabgroup/vec2text_gtr-base-st_corrector
28,Proteases that function in both apoptosis and autophagy cell death,the anterior pituitary interact with magnocellular (magnocellular) and adrenolymph if the pituit,CorrelationGECO,20,0.001,does the anterior pituitary interact with magnocellular,msmarco-passage/train,ielabgroup/vec2text_gtr-base-st_corrector
28,Proteases that function in both apoptosis and autophagy cell death,"a process that divides a cell’s cytoplasm, or the cytoplasmic cytoplasm, by cell lysis by cell",CorrelationGECO,20,0.001,what process divides a cell's cytoplasm,msmarco-passage/train,ielabgroup/vec2text_gtr-base-st_corrector
28,Proteases that function in both apoptosis and autophagy cell death,"st  thyl a.o.t., the ant technique is a better aseptic method than water.",CorrelationGECO,20,0.001,is antt better than the aseptic technique,msmarco-passage/train,ielabgroup/vec2text_gtr-base-st_corrector
28,Proteases that function in both apoptosis and autophagy cell death,"the following two is a combination of aforementioned 1 and 2 which is most likely to result in digestion, a combination of",CorrelationGECO,20,0.001,which of the following two combination is most likely to result in digestion,msmarco-passage/train,ielabgroup/vec2text_gtr-base-st_corrector
28,Proteases that function in both apoptosis and autophagy cell death,"erythema that produce ATP at a low nutrient concentration, macronutrients produce atp from a high nutri",CorrelationGECO,20,0.001,what macronutrients produce atp,msmarco-passage/train,ielabgroup/vec2text_gtr-base-st_corrector
28,Proteases that function in both apoptosis and autophagy cell death,(Poglan and Strodeosis) – living neutrophils have a lifespan of 24–48 years or longer in,CorrelationGECO,20,0.001,lifespan of neutrophils,msmarco-passage/train,ielabgroup/vec2text_gtr-base-st_corrector
28,Proteases that function in both apoptosis and autophagy cell death,which gland influences the rate of growth and development of young animals (hormonal and valvescent animals). The growth of animals is a significant force,CorrelationGECO,20,0.001,which gland influences the rate of growth and development of young animals,msmarco-passage/train,ielabgroup/vec2text_gtr-base-st_corrector
28,Proteases that function in both apoptosis and autophagy cell death,"during which, as in plants, flowers, and apoptosis, the cell grows and performs its usual cellular activities. —",CorrelationGECO,20,0.001,"during __________, the cell grows and performs its usual activities.",msmarco-passage/train,ielabgroup/vec2text_gtr-base-st_corrector
28,Proteases that function in both apoptosis and autophagy cell death,"the contributions of Dr. Robb Hooke to the study of sperm and marrow, and Robert Hooke made an investigation of what cells",CorrelationGECO,20,0.001,robert what contributions did robert hooke made to the study of cells,msmarco-passage/train,ielabgroup/vec2text_gtr-base-st_corrector
29,Phenotypes of gyrA mutations,diseases caused by a single gene mutation caused by a single adenosine ligand - a single gene can affect,CorrelationGECO,20,0.001,diseases caused by a single gene mutation,msmarco-passage/train,ielabgroup/vec2text_gtr-base-st_corrector
29,Phenotypes of gyrA mutations,"doxycycline (a family of adiposeptoconitine, adiposeptoprotect)",CorrelationGECO,20,0.001,what family does doxycycline belong to,msmarco-passage/train,ielabgroup/vec2text_gtr-base-st_corrector
29,Phenotypes of gyrA mutations,-Pyogenic bacteria are usually -gram positive and -Pyogenic bacteria are -positive when a drug,CorrelationGECO,20,0.001,pyogenic bacteria are usually gram positive,msmarco-passage/train,ielabgroup/vec2text_gtr-base-st_corrector
29,Phenotypes of gyrA mutations,"precentral cerebral also known as gyrus pyebral pyebral , also known as gyrus",CorrelationGECO,20,0.001,precentral gyrus also known as cerebral,msmarco-passage/train,ielabgroup/vec2text_gtr-base-st_corrector
29,Phenotypes of gyrA mutations,wild type and mutation is a wild bacteria,CorrelationGECO,20,0.001,what is wild type bacteria and mutation,msmarco-passage/train,ielabgroup/vec2text_gtr-base-st_corrector
29,Phenotypes of gyrA mutations,"a chromosome condensation, chromosome cyclin (typically cyclin neohelix) is associated with",CorrelationGECO,20,0.001,what cyclin is associated with chromosome condensation,msmarco-passage/train,ielabgroup/vec2text_gtr-base-st_corrector
29,Phenotypes of gyrA mutations,description of what happens happens when a member of a genetic mutation  loops into a,CorrelationGECO,20,0.001,describe what happens in a genetic mutation,msmarco-passage/train,ielabgroup/vec2text_gtr-base-st_corrector
29,Phenotypes of gyrA mutations,is there a mutation in the chromosomes of the bubble boy chromosome (Chromosomes Syndrome chromosome,CorrelationGECO,20,0.001,is their a mutation in the chromosomes bubble boy syndrome,msmarco-passage/train,ielabgroup/vec2text_gtr-base-st_corrector
29,Phenotypes of gyrA mutations,"different types of Gruere cheese, namely gruyere, gruyere, steamed aemorya and burn",CorrelationGECO,20,0.001,different types of gruyere cheese,msmarco-passage/train,ielabgroup/vec2text_gtr-base-st_corrector
29,Phenotypes of gyrA mutations,a related species of pseudomonsa ssp. aeruginosa or pseudoeuheira aer,CorrelationGECO,20,0.001,related species of pseudomonas aeruginosa,msmarco-passage/train,ielabgroup/vec2text_gtr-base-st_corrector
30,Regulatory targets of the Nkx gene family members,who is Crystal Bowersox Crystal Bowersox is a druggist and is the current benefactor of the NatSheron,CorrelationGECO,20,0.001,who is crystal bowersox,msmarco-passage/train,ielabgroup/vec2text_gtr-base-st_corrector
30,Regulatory targets of the Nkx gene family members,regulating adnase. Regulatory adnase is a device to control the expression of DNA and DNA,CorrelationGECO,20,0.001,what is regulating dna,msmarco-passage/train,ielabgroup/vec2text_gtr-base-st_corrector
30,Regulatory targets of the Nkx gene family members,Drug target Drug target (formerly Drug Target) is a drug management and drug-addicting facility for the drug user. It is a,CorrelationGECO,20,0.001,what is drug target,msmarco-passage/train,ielabgroup/vec2text_gtr-base-st_corrector
30,Regulatory targets of the Nkx gene family members,"a safe use of keflex in rats, and it is possible that the rats can be safe if they are exposed to colism",CorrelationGECO,20,0.001,can keflex be safely used in rats?,msmarco-passage/train,ielabgroup/vec2text_gtr-base-st_corrector
30,Regulatory targets of the Nkx gene family members,a Duplex reticle is a reticle of a reticularity at a 1:000 angular focus value,CorrelationGECO,20,0.001,what is a duplex reticle,msmarco-passage/train,ielabgroup/vec2text_gtr-base-st_corrector
30,Regulatory targets of the Nkx gene family members,active lcr.            pk,CorrelationGECO,20,0.001,active-pk lcr,msmarco-passage/train,ielabgroup/vec2text_gtr-base-st_corrector
30,Regulatory targets of the Nkx gene family members,"bridge is RMK kb, and is a bridge in the Belgrade, Belgrade, and is renamed Rkb",CorrelationGECO,20,0.001,what bridge is rkb,msmarco-passage/train,ielabgroup/vec2text_gtr-base-st_corrector
30,Regulatory targets of the Nkx gene family members,the company's target market is the target market for a customer’s business and a variety of target-markets and target-markets,CorrelationGECO,20,0.001,what is the company's target market,msmarco-passage/train,ielabgroup/vec2text_gtr-base-st_corrector
30,Regulatory targets of the Nkx gene family members,"a gene that is associated with brain tumours is a part of the etiology of brain cancer, including alanuemia",CorrelationGECO,20,0.001,what gene is associated with brain tumours,msmarco-passage/train,ielabgroup/vec2text_gtr-base-st_corrector
30,Regulatory targets of the Nkx gene family members,is X by 2 incorporated wholly owned by X Corporation & Property (Melodiz/Filosof X,CorrelationGECO,20,0.001,is x by 2 incorporation wholly owned,msmarco-passage/train,ielabgroup/vec2text_gtr-base-st_corrector
31,TOR signaling in neurofibromatosis,"a single fMRI scan, Dfsp is a type of tumor of saline guinea-fibro",CorrelationGECO,20,0.001,what type of tumor is dfsp,msmarco-passage/train,ielabgroup/vec2text_gtr-base-st_corrector
31,TOR signaling in neurofibromatosis,"What happens when nerve growth factor is stopped is a result of a loss of the lateral chiasm and swelling. Later,",CorrelationGECO,20,0.001,what happens when nerve growth factor stops,msmarco-passage/train,ielabgroup/vec2text_gtr-base-st_corrector
31,TOR signaling in neurofibromatosis,Information warehousing and anti-dota e-mail (TOR software) is a software package by the Internet,CorrelationGECO,20,0.001,what is tor software,msmarco-passage/train,ielabgroup/vec2text_gtr-base-st_corrector
31,TOR signaling in neurofibromatosis,is Friedreich's ataxia is similar to motor-brain disease (motor neuron disease) and to Fohn-Alfriede,CorrelationGECO,20,0.001,is friedreich's ataxia similar to motor neuron disease,msmarco-passage/train,ielabgroup/vec2text_gtr-base-st_corrector
31,TOR signaling in neurofibromatosis,– frequency is 0 to 5 mW – 0 to 8 mW NWS nebulosity radar,CorrelationGECO,20,0.001,what frequency is nws radar,msmarco-passage/train,ielabgroup/vec2text_gtr-base-st_corrector
31,TOR signaling in neurofibromatosis,D-NET Cancer D-NET tumor (a.k.a. a D-NET) is a tumor that develops a visual,CorrelationGECO,20,0.001,what is a DNET tumor,msmarco-passage/train,ielabgroup/vec2text_gtr-base-st_corrector
31,TOR signaling in neurofibromatosis,"to Bacterial bacterial infection, macrophages do tuberculosis and re-associate the bacteria within",CorrelationGECO,20,0.001,what does tuberculosis bacteria do to macrophage,msmarco-passage/train,ielabgroup/vec2text_gtr-base-st_corrector
31,TOR signaling in neurofibromatosis,to perform a function of the neocortex (a potassium chelamide): The purpose of nerve fibers is to provide nerve,CorrelationGECO,20,0.001,what is the purpose of nerve fibers,msmarco-passage/train,ielabgroup/vec2text_gtr-base-st_corrector
31,TOR signaling in neurofibromatosis,a viral disease that causes destruction of motor neurons and/or virions (viral lignin-induced neuronal degeneration,CorrelationGECO,20,0.001,a viral disease that causes destruction of motor neurons,msmarco-passage/train,ielabgroup/vec2text_gtr-base-st_corrector
31,TOR signaling in neurofibromatosis,signal transduction pathway for estrogen (initiation of transduction by -transduction and -transduction by -ventricular,CorrelationGECO,20,0.001,signal transduction pathway for estrogen,msmarco-passage/train,ielabgroup/vec2text_gtr-base-st_corrector
32,Xenograft animal models of tumorogenesis,"which the angiosperm structure is part of the sporophyte, is the generation of angiosperms and sporophyt",CorrelationGECO,20,0.001,which structure is part of the sporophyte generation of an angiosperm,msmarco-passage/train,ielabgroup/vec2text_gtr-base-st_corrector
32,Xenograft animal models of tumorogenesis,Veterinary theriogenology (or veterinary theriogenopathology) is a theriogenetic science of animals and,CorrelationGECO,20,0.001,what is veterinary theriogenology,msmarco-passage/train,ielabgroup/vec2text_gtr-base-st_corrector
32,Xenograft animal models of tumorogenesis,"description of skin graft is a description of abrasion, abrasion and apnea, with uneven skin",CorrelationGECO,20,0.001,description of skin graft,msmarco-passage/train,ielabgroup/vec2text_gtr-base-st_corrector
32,Xenograft animal models of tumorogenesis,"the marrow structures called 'gamets', fungal gametes are formed in the rhodophytes called",CorrelationGECO,20,0.001,what are the fungal structures where gametes are formed called,msmarco-passage/train,ielabgroup/vec2text_gtr-base-st_corrector
32,Xenograft animal models of tumorogenesis,or species is underline,CorrelationGECO,20,0.001,is genus or species underlined,msmarco-passage/train,ielabgroup/vec2text_gtr-base-st_corrector
32,Xenograft animal models of tumorogenesis,"which the angiosperm structure is part of the sporophyte, is the generation of angiosperms and sporophyt",CorrelationGECO,20,0.001,which structure is part of the sporophyte generation of an angiosperm,msmarco-passage/train,ielabgroup/vec2text_gtr-base-st_corrector
32,Xenograft animal models of tumorogenesis,Lnb skew skew is a skew-load. It is a statistical set of gaus,CorrelationGECO,20,0.001,what is lnb skew,msmarco-passage/train,ielabgroup/vec2text_gtr-base-st_corrector
32,Xenograft animal models of tumorogenesis,creator of Plan X Battlebot (Marvel X-Haymara ESP-03) is the creator of the robot show,CorrelationGECO,20,0.001,who is the creator of plan x battlebot,msmarco-passage/train,ielabgroup/vec2text_gtr-base-st_corrector
32,Xenograft animal models of tumorogenesis,XCworx XCworx is a x-wareware and a virtual machine codec. It is,CorrelationGECO,20,0.001,what is cxworx,msmarco-passage/train,ielabgroup/vec2text_gtr-base-st_corrector
32,Xenograft animal models of tumorogenesis,"birth of animal game, which dates from the birth of a game of animals from China (lion, rooster, bear, chicken,",CorrelationGECO,20,0.001,birth of what animal game from china,msmarco-passage/train,ielabgroup/vec2text_gtr-base-st_corrector
33,"Mice, mutant strains, and Histoplasmosis","mice to humans carry a disease that in humans passes on to mice, including measles, ectasia, tracheo",CorrelationGECO,20,0.001,what diseases do mice carry to humans,msmarco-passage/train,ielabgroup/vec2text_gtr-base-st_corrector
33,"Mice, mutant strains, and Histoplasmosis","the different types of plasmodium parasite, i.e., plasmodium microorganism and plasmodium",CorrelationGECO,20,0.001,different types of plasmodium parasite,msmarco-passage/train,ielabgroup/vec2text_gtr-base-st_corrector
33,"Mice, mutant strains, and Histoplasmosis","catapulosis and other gastrointestinal effects from toxoplasmosis, long-term effects may be a significant and ongoing",CorrelationGECO,20,0.001,toxoplasmosis long term effects,msmarco-passage/train,ielabgroup/vec2text_gtr-base-st_corrector
33,"Mice, mutant strains, and Histoplasmosis","to benefit from a molecule of histamine, histamine provides a significant benefit to preventing a vascular obstruct",CorrelationGECO,20,0.001,what the benefit of histamine,msmarco-passage/train,ielabgroup/vec2text_gtr-base-st_corrector
33,"Mice, mutant strains, and Histoplasmosis",effects of hypermetabolism (hyper-metabolism in leukaemia) on leukaem cells and their development in cancer,CorrelationGECO,20,0.001,effects of hypermetabolism in leukemia,msmarco-passage/train,ielabgroup/vec2text_gtr-base-st_corrector
33,"Mice, mutant strains, and Histoplasmosis",Mycoplasmas Mycoplasmas (or mycolacta) are a group of parasites of the fe,CorrelationGECO,20,0.001,what are mycoplasmas,msmarco-passage/train,ielabgroup/vec2text_gtr-base-st_corrector
33,"Mice, mutant strains, and Histoplasmosis",you off mutant cyclones for a week or two to restore your cycle. You should not use cycle rehab because it is recommended that you stop,CorrelationGECO,20,0.001,should you cycle off mutant rehab,msmarco-passage/train,ielabgroup/vec2text_gtr-base-st_corrector
33,"Mice, mutant strains, and Histoplasmosis",tricoccus intermedius (Streptococcus tetralases) is the group of streptococcus muscle,CorrelationGECO,20,0.001,what group is streptococcus intermedius,msmarco-passage/train,ielabgroup/vec2text_gtr-base-st_corrector
33,"Mice, mutant strains, and Histoplasmosis","diseases that affect the muscles include a musculoskeletal disease named 'Aldren's disease', dystrophy,",CorrelationGECO,20,0.001,names of diseases that affect the muscles,msmarco-passage/train,ielabgroup/vec2text_gtr-base-st_corrector
33,"Mice, mutant strains, and Histoplasmosis","0.2 , does histamine affect acetylcholine or acetylcholine and acety",CorrelationGECO,20,0.001,does histamine affect acetylcholine,msmarco-passage/train,ielabgroup/vec2text_gtr-base-st_corrector
34,Gene products of Cryptococcus important to fungal survival,that a microbe is found in extreme conditions is bacterium such as neoparasitis and hyacolum,CorrelationGECO,20,0.001,what microbe is found in extreme conditions,msmarco-passage/train,ielabgroup/vec2text_gtr-base-st_corrector
34,Gene products of Cryptococcus important to fungal survival,fungi that are associated with meningitis is a symptom of Meningococcus aegypti,CorrelationGECO,20,0.001,what fungus is associated with meningitis,msmarco-passage/train,ielabgroup/vec2text_gtr-base-st_corrector
34,Gene products of Cryptococcus important to fungal survival,"which blood product is most likely to transmit infectious disease, a blood product (e.g. chromosome or platelet) is most likely",CorrelationGECO,20,0.001,which blood product is most likely to transmit infectious disease,msmarco-passage/train,ielabgroup/vec2text_gtr-base-st_corrector
34,Gene products of Cryptococcus important to fungal survival,diseases spread by protozoans which are not transmitted by insects but are a disease caused by Protorhoea coli and Pro,CorrelationGECO,20,0.001,diseases caused by protozoans which are not transmitted by insects,msmarco-passage/train,ielabgroup/vec2text_gtr-base-st_corrector
34,Gene products of Cryptococcus important to fungal survival,"a fungal infection (muscovy, malonic acid, or ticks) or a moist air intake may cause infection in your throat",CorrelationGECO,20,0.001,what causes a fungal infection in your throat,msmarco-passage/train,ielabgroup/vec2text_gtr-base-st_corrector
34,Gene products of Cryptococcus important to fungal survival,"of the species that are in ntm infection is a variety of ntm species, which show infection by venomous seal",CorrelationGECO,20,0.001,what species are in ntm infection,msmarco-passage/train,ielabgroup/vec2text_gtr-base-st_corrector
34,Gene products of Cryptococcus important to fungal survival,"the growth disk of streptococcus pyogenes, where the disk inhibits pyogenes and invasive",CorrelationGECO,20,0.001,what disk inhibits the growth of streptococcus pyogenes,msmarco-passage/train,ielabgroup/vec2text_gtr-base-st_corrector
34,Gene products of Cryptococcus important to fungal survival,equine diseases are caused by pathogenic microorganisms in a bacterium and a number of tracheobacter,CorrelationGECO,20,0.001,what equine diseases are caused by pathogenic microorganisms,msmarco-passage/train,ielabgroup/vec2text_gtr-base-st_corrector
34,Gene products of Cryptococcus important to fungal survival,"why a cell has similar -glucose, - proteins are needed for survival in different organisms compared to similar",CorrelationGECO,20,0.001,why are proteins needed for cell survival similar in different organisms,msmarco-passage/train,ielabgroup/vec2text_gtr-base-st_corrector
34,Gene products of Cryptococcus important to fungal survival,"c diff is able to grow on d-cells without antibiotics. If antibiotics are applied to the bacterium, it will",CorrelationGECO,20,0.001,can c diff grow while on antibiotics,msmarco-passage/train,ielabgroup/vec2text_gtr-base-st_corrector
35,WD40 repeat-containing proteins,"organelles, whose cylindrosome assembly is known to manufacture proteins, organelles, and thereby the plasmid protein",CorrelationGECO,20,0.001,which organelles manufacture protein,msmarco-passage/train,ielabgroup/vec2text_gtr-base-st_corrector
35,WD40 repeat-containing proteins,"enriched with a high concentration of cyanide, calcium, glucose, and other nutrients. Bananas do contain protein",CorrelationGECO,20,0.001,do bananas contain protein,msmarco-passage/train,ielabgroup/vec2text_gtr-base-st_corrector
35,WD40 repeat-containing proteins,A protein is a dna pertaining to DNA or dna dna pertaining to the etiology,CorrelationGECO,20,0.001,what is a protein pertaining dna,msmarco-passage/train,ielabgroup/vec2text_gtr-base-st_corrector
35,WD40 repeat-containing proteins,"types of meat tenderizer – Poisoned meat tender, Braun tender, or soft meat tender, or hot oil",CorrelationGECO,20,0.001,types of meat tenderizer,msmarco-passage/train,ielabgroup/vec2text_gtr-base-st_corrector
35,WD40 repeat-containing proteins,"of proteins is a possibility. Proteins can replicate, as a result of a new protein known as a b-protein confirming",CorrelationGECO,20,0.001,can proteins replicate,msmarco-passage/train,ielabgroup/vec2text_gtr-base-st_corrector
35,WD40 repeat-containing proteins,you can stop leaking of protein from the kidney when you are able to stop leaking kidney protein or a kidney clot or other disease,CorrelationGECO,20,0.001,can you stop leaking protein from kidney,msmarco-passage/train,ielabgroup/vec2text_gtr-base-st_corrector
35,WD40 repeat-containing proteins,six classes of,CorrelationGECO,20,0.001,what are the six classes of proteins,msmarco-passage/train,ielabgroup/vec2text_gtr-base-st_corrector
35,WD40 repeat-containing proteins,A protein is a protein used to bind to and protect the amino acids and chromosomes of healthy cells. A protein is responsible for,CorrelationGECO,20,0.001,what is a protein responsible for,msmarco-passage/train,ielabgroup/vec2text_gtr-base-st_corrector
35,WD40 repeat-containing proteins,"a set of cranberries, such as turkeys, black beans, or a chicken, meat foods containing eggs have protein-like",CorrelationGECO,20,0.001,what kind of foods have protein,msmarco-passage/train,ielabgroup/vec2text_gtr-base-st_corrector
35,WD40 repeat-containing proteins,known as Escape protein is a protein that is a cis-adenosine-glutamyl cis-a,CorrelationGECO,20,0.001,what is escape protein,msmarco-passage/train,ielabgroup/vec2text_gtr-base-st_corrector
36,RAB3A,Acrobat,CorrelationGECO,20,0.001,acrobat 9 invalid serial number,msmarco-passage/train,ielabgroup/vec2text_gtr-base-st_corrector
36,RAB3A,"three grades of roux are the Grade A, A, B, and A. (Cassote roux viv",CorrelationGECO,20,0.001,what are the three grades of a roux,msmarco-passage/train,ielabgroup/vec2text_gtr-base-st_corrector
36,RAB3A,"RA turbid is a resipative latex. This means a resipative latex drawing,",CorrelationGECO,20,0.001,what is ra latex turbid mean,msmarco-passage/train,ielabgroup/vec2text_gtr-base-st_corrector
36,RAB3A,r-m269 r-m269 is a haplogroup which is based on the UNESCO Y10 family,CorrelationGECO,20,0.001,what is haplogroup r-m269,msmarco-passage/train,ielabgroup/vec2text_gtr-base-st_corrector
36,RAB3A,"rabobank, meaning 'bank of roofedlociana' (i.e., a bank of the payroll)",CorrelationGECO,20,0.001,rabobank meaning,msmarco-passage/train,ielabgroup/vec2text_gtr-base-st_corrector
36,RAB3A,RSa Algorithm (RsA algorithm) is a comma-based search algorithm that performs advers,CorrelationGECO,20,0.001,what is rsa algorithm,msmarco-passage/train,ielabgroup/vec2text_gtr-base-st_corrector
36,RAB3A,"American and is of Ethio-Croatian nationality, the name ""Eshteba"" is a national",CorrelationGECO,20,0.001,What nationality is the name Eshteba,msmarco-passage/train,ielabgroup/vec2text_gtr-base-st_corrector
36,RAB3A,AU is a unique On-Ata program. It is a multifaceted information processing program and is one of the largest in the,CorrelationGECO,20,0.001,what is aufa,msmarco-passage/train,ielabgroup/vec2text_gtr-base-st_corrector
36,RAB3A,r-m269 r-m269 is a haplogroup which is based on the UNESCO Y10 family,CorrelationGECO,20,0.001,what is haplogroup r-m269,msmarco-passage/train,ielabgroup/vec2text_gtr-base-st_corrector
36,RAB3A,"Aba-abba are now in Europe, where they are now, and a long-lost family of slaves, who are now",CorrelationGECO,20,0.001,where are abba now,msmarco-passage/train,ielabgroup/vec2text_gtr-base-st_corrector
37,PAM,"stand for what is known as pals – PALs stands for Pals Inc., a partnership between Israel’s National Cancer Institute and",CorrelationGECO,20,0.001,what is pals stand for,msmarco-passage/train,ielabgroup/vec2text_gtr-base-st_corrector
37,PAM,VPS. Its Platinum Envelopes Service (PAE). PPS is a global service of DTOs. It is,CorrelationGECO,20,0.001,vps what is pae,msmarco-passage/train,ielabgroup/vec2text_gtr-base-st_corrector
37,PAM,"drug of magnesium synthesis inhibitor (MG). It is known as drug MAMP and is a high-quality, opiates cypress",CorrelationGECO,20,0.001,what drug is mamp,msmarco-passage/train,ielabgroup/vec2text_gtr-base-st_corrector
37,PAM,the phi oam. PhiopenFoam is a high-carbon filtration agent. It is a supplier of airt,CorrelationGECO,20,0.001,what is phi openfoam,msmarco-passage/train,ielabgroup/vec2text_gtr-base-st_corrector
37,PAM,Pfebration Pound Program (PMP) Pfebration Pound Program (PMP) is a multi-dimensional visual,CorrelationGECO,20,0.001,what is pmp,msmarco-passage/train,ielabgroup/vec2text_gtr-base-st_corrector
37,PAM,Abm is a liquid-baccaldehyde-flavored meat package (ABM). It is a product of ballet,CorrelationGECO,20,0.001,what is abm,msmarco-passage/train,ielabgroup/vec2text_gtr-base-st_corrector
37,PAM,Hockey bantam aa (AAA) is a hockey sambo aad showcasing hockey and aa,CorrelationGECO,20,0.001,what is hockey bantam aa,msmarco-passage/train,ielabgroup/vec2text_gtr-base-st_corrector
37,PAM,a.m. & p.am. & p.am. William & Pennan are an American group of famous,CorrelationGECO,20,0.001,who are william & penn,msmarco-passage/train,ielabgroup/vec2text_gtr-base-st_corrector
37,PAM,Fen Fen (Fen phen) is a nutrient-rich grass which is used for children,CorrelationGECO,20,0.001,what is fen phen,msmarco-passage/train,ielabgroup/vec2text_gtr-base-st_corrector
37,PAM,Kam do menu. k m m m m m m m m m m m dal,CorrelationGECO,20,0.001,kam do menu,msmarco-passage/train,ielabgroup/vec2text_gtr-base-st_corrector
38,Risk factors for stroke,"conditions such as a high temperature, a cold test, or a condition involving blood sugar can lead to thalassemia",CorrelationGECO,20,0.001,what conditions can lead to thalassemia,msmarco-passage/train,ielabgroup/vec2text_gtr-base-st_corrector
38,Risk factors for stroke,"m.d., detonation, ear thrombosis, and stroke may affect hearing, but it may affect hearing",CorrelationGECO,20,0.001,does stroke affect hearing,msmarco-passage/train,ielabgroup/vec2text_gtr-base-st_corrector
38,Risk factors for stroke,"by low blood glucose, a brain stroke is a cause of brain stem stroke, known as a brainstem deficiency or stroke",CorrelationGECO,20,0.001,what cause brain stem stroke,msmarco-passage/train,ielabgroup/vec2text_gtr-base-st_corrector
38,Risk factors for stroke,"reducing respiratory stress (e.g., low respiratory pressure), pulmonary venous failure and lung failure are factors that contribute to respiratory distress,",CorrelationGECO,20,0.001,what factors contribute respiratory distress,msmarco-passage/train,ielabgroup/vec2text_gtr-base-st_corrector
38,Risk factors for stroke,(C.D.) is a cause of heart diseases. Heart attacks and other heart diseases are caused by a number of human choroid,CorrelationGECO,20,0.001,cause of heart diseases,msmarco-passage/train,ielabgroup/vec2text_gtr-base-st_corrector
38,Risk factors for stroke,(also known as ischemic stroke) is a disorder of the brain that results from brain injuries and is a form of idi,CorrelationGECO,20,0.001,what is ischemic stroke,msmarco-passage/train,ielabgroup/vec2text_gtr-base-st_corrector
38,Risk factors for stroke,"a combination of opportunistic and a short-term eyeball, the adverse effects of tetracycline are",CorrelationGECO,20,0.001,what are the adverse effects of tetracycline,msmarco-passage/train,ielabgroup/vec2text_gtr-base-st_corrector
38,Risk factors for stroke,"a combination of a heart attack and a pulse interval, valvular atrial fibrillation (valvular fibrillation)",CorrelationGECO,20,0.001,what causes valvular atrial fibrillation,msmarco-passage/train,ielabgroup/vec2text_gtr-base-st_corrector
38,Risk factors for stroke,risk (nsw) - defined as a risk to a person's risk of stocks and liquids. The Great Western Apex,CorrelationGECO,20,0.001,risk nsw definition,msmarco-passage/train,ielabgroup/vec2text_gtr-base-st_corrector
38,Risk factors for stroke,"a trigger can trigger seizures, such as a tremor or a neuropathic attack or a pyexia",CorrelationGECO,20,0.001,what can trigger seizures,msmarco-passage/train,ielabgroup/vec2text_gtr-base-st_corrector
39,Hypertension,"is high, potatoes can be a good indicator of blood pressure due to a high blood pressure index (maternal somatosis",CorrelationGECO,20,0.001,is potato good for high blood pressure,msmarco-passage/train,ielabgroup/vec2text_gtr-base-st_corrector
39,Hypertension,how afterload plays a role in the treatment of hypertension and how it can reduce the impact of a treatment such as adrene,CorrelationGECO,20,0.001,how does afterload play a role in treatment of hypertension,msmarco-passage/train,ielabgroup/vec2text_gtr-base-st_corrector
39,Hypertension,"if blood is dispensed with a blood vessel diameter (about 18.5 mm vs. 20 mm), blood vessels affect",CorrelationGECO,20,0.001,how does blood vessel diameter affect blood pressure,msmarco-passage/train,ielabgroup/vec2text_gtr-base-st_corrector
39,Hypertension,"the word hyperbole ( ) is a tyranny which the word epithesizes, meaning what it ean'",CorrelationGECO,20,0.001,what does the word hyperbole ean,msmarco-passage/train,ielabgroup/vec2text_gtr-base-st_corrector
39,Hypertension,"when blood pressure is high, or when a hysteresis and flocculation are available to determine orthostatic hypertension.",CorrelationGECO,20,0.001,when to determine orthostatic hypertension,msmarco-passage/train,ielabgroup/vec2text_gtr-base-st_corrector
39,Hypertension,at a blood pressure level of 1–5 mP (90–180 dP) or higher is dangerous and the danger to human heart,CorrelationGECO,20,0.001,at what level is blood pressure dangerous,msmarco-passage/train,ielabgroup/vec2text_gtr-base-st_corrector
39,Hypertension,a pattern of high blood consumption and hypertension. (Hypertensive hypertension) or permissive venous hypertension,CorrelationGECO,20,0.001,define permissive hypertension,msmarco-passage/train,ielabgroup/vec2text_gtr-base-st_corrector
39,Hypertension,"causes a hypercalcemia in adults, which is a result of abnormal accumulation of calcitriol and a dystocalc",CorrelationGECO,20,0.001,causes of hypercalcemia in adults,msmarco-passage/train,ielabgroup/vec2text_gtr-base-st_corrector
39,Hypertension,"a cause: high blood pressure, a result of ibuprofen, and other lipids, cause hypertension. Hypertension",CorrelationGECO,20,0.001,what causes hypertension?,msmarco-passage/train,ielabgroup/vec2text_gtr-base-st_corrector
39,Hypertension,defining hyper-granulation tissue (hypogranulation tetany) Hypergranulation is a tissue with a physiologic,CorrelationGECO,20,0.001,define hyper granulation tissue,msmarco-passage/train,ielabgroup/vec2text_gtr-base-st_corrector
40,Antigens expressed by lung epithelial cells,"(cernebral fluid), and the cells that produce cerebrospinal fluid, ectopic bulimia spher",CorrelationGECO,20,0.001,what cells produce cerebrospinal fluid,msmarco-passage/train,ielabgroup/vec2text_gtr-base-st_corrector
40,Antigens expressed by lung epithelial cells,"of the blood, a type A blood is a type of adrenea and a type B antibodies, and antigens",CorrelationGECO,20,0.001,what kind of antigens and antibodies are in type a blood,msmarco-passage/train,ielabgroup/vec2text_gtr-base-st_corrector
40,Antigens expressed by lung epithelial cells,in the squamous lungs function is where the epithelium and squamous supacantha function,CorrelationGECO,20,0.001,where in the lungs does squamous epithelium function,msmarco-passage/train,ielabgroup/vec2text_gtr-base-st_corrector
40,Antigens expressed by lung epithelial cells,"cells, hydrochloric acid (hyperchloroic acid) is produced by a variety of ionic acid and cellular",CorrelationGECO,20,0.001,hydrochloric acid is produced by what kind of cells,msmarco-passage/train,ielabgroup/vec2text_gtr-base-st_corrector
40,Antigens expressed by lung epithelial cells,a set of adrenergic stimuli. What is needed to stimulate anagen phase is a long range of temperature and energy,CorrelationGECO,20,0.001,what is needed to stimulate anagen phase,msmarco-passage/train,ielabgroup/vec2text_gtr-base-st_corrector
40,Antigens expressed by lung epithelial cells,a difference between the amounts of antibodies in a blood molecule (antigens) and antibodies in a body (antibodies and antibodies,CorrelationGECO,20,0.001,the difference between antigens and antibodies in blood,msmarco-passage/train,ielabgroup/vec2text_gtr-base-st_corrector
40,Antigens expressed by lung epithelial cells,"a laboratory, there are three examples of specialized cells: a cell that is a vascular organ, a cell membrane and an oxygen",CorrelationGECO,20,0.001,what are three examples of specialized cells,msmarco-passage/train,ielabgroup/vec2text_gtr-base-st_corrector
40,Antigens expressed by lung epithelial cells,"cells, eosinophilic hematopoietic cells secrete pepsinogen when the body is peps",CorrelationGECO,20,0.001,what cells secrete pepsinogen,msmarco-passage/train,ielabgroup/vec2text_gtr-base-st_corrector
40,Antigens expressed by lung epithelial cells,ag is added to cells. This is because hHG is added to cells of a cell to prepare the cells for a healthy life,CorrelationGECO,20,0.001,why is ahg added to cells,msmarco-passage/train,ielabgroup/vec2text_gtr-base-st_corrector
40,Antigens expressed by lung epithelial cells,types of cells: Dendritic cells (a type of physema-adenosylcholine cartilage),CorrelationGECO,20,0.001,types of dendritic cells,msmarco-passage/train,ielabgroup/vec2text_gtr-base-st_corrector
41,Mutations in the Cystic Fibrosis conductance regulator gene,the chromosome condition of the sporangium is chromosomal and the chromosomal chromosome is divided,CorrelationGECO,20,0.001,what is the chromosome condition of the sporangium,msmarco-passage/train,ielabgroup/vec2text_gtr-base-st_corrector
41,Mutations in the Cystic Fibrosis conductance regulator gene,"genetic disorders are caused by genetics (in the quizze, a correct answer is revealed in the right handprint), genetic errors (in part by",CorrelationGECO,20,0.001,genetic disorders are caused by quizlet,msmarco-passage/train,ielabgroup/vec2text_gtr-base-st_corrector
41,Mutations in the Cystic Fibrosis conductance regulator gene,"genetic mutation diseases list a list of a genetic disease (chromosome alterations, inherited chromosome alterations, inherited",CorrelationGECO,20,0.001,genetic mutation diseases list,msmarco-passage/train,ielabgroup/vec2text_gtr-base-st_corrector
41,Mutations in the Cystic Fibrosis conductance regulator gene,"a result of a condition such as fibrosis, fibrosis, or CF-C, is the cause of cystic",CorrelationGECO,20,0.001,what is the cause of cystic fibrosis,msmarco-passage/train,ielabgroup/vec2text_gtr-base-st_corrector
41,Mutations in the Cystic Fibrosis conductance regulator gene,"cells, causing normal alterations in the cells. This alterations occurs when normal cells undergo epiletic transformation and alterations to their size and integrity",CorrelationGECO,20,0.001,what causes genetic alterations in normal cells,msmarco-passage/train,ielabgroup/vec2text_gtr-base-st_corrector
41,Mutations in the Cystic Fibrosis conductance regulator gene,"the scientific name of Cystochaemus fibrosis, and as such is also known as CF fibrosis,",CorrelationGECO,20,0.001,what is the scientific name for cystic fibrosis,msmarco-passage/train,ielabgroup/vec2text_gtr-base-st_corrector
41,Mutations in the Cystic Fibrosis conductance regulator gene,in fibrinosema and fibroblasts (common aerobic complex) produces fibrinogen. This is,CorrelationGECO,20,0.001,what produces fibrinogen,msmarco-passage/train,ielabgroup/vec2text_gtr-base-st_corrector
41,Mutations in the Cystic Fibrosis conductance regulator gene,"by transposing a gene to a new gene, genes mutate. This is how a gene does so as unknown",CorrelationGECO,20,0.001,how does genes mutate,msmarco-passage/train,ielabgroup/vec2text_gtr-base-st_corrector
41,Mutations in the Cystic Fibrosis conductance regulator gene,"which type of regulator will bind to operators of db-db-db regions, depending on the specificity of the RNA.",CorrelationGECO,20,0.001,which type of regulator(s) specifically bind to operator regions of dna?,msmarco-passage/train,ielabgroup/vec2text_gtr-base-st_corrector
41,Mutations in the Cystic Fibrosis conductance regulator gene,faxol CO2. faxol CO2 is a carygen-based synthetic carbon model and greenhouse gas.,CorrelationGECO,20,0.001,what is fraxel co2?,msmarco-passage/train,ielabgroup/vec2text_gtr-base-st_corrector
42,Genes altered by chromosome translocations,The genetics of a lanue yeast and a lanue yeast A foreign gene is an immunological gene that is an American,CorrelationGECO,20,0.001,what is a foreign gene,msmarco-passage/train,ielabgroup/vec2text_gtr-base-st_corrector
42,Genes altered by chromosome translocations,"chromosome, the cystic fibrosis fibrosis (CF fibrosis) is found on Chromosome",CorrelationGECO,20,0.001,which chromosome is cystic fibrosis found on,msmarco-passage/train,ielabgroup/vec2text_gtr-base-st_corrector
42,Genes altered by chromosome translocations,"which gene causes the greatest risk of developing cancer, followed by e.g., hepatoma and coliosarcoma",CorrelationGECO,20,0.001,what gene causes the greatest risk for cancer,msmarco-passage/train,ielabgroup/vec2text_gtr-base-st_corrector
42,Genes altered by chromosome translocations,"chromosome, the moebius chromosome is affected by Gliwsky-Stockholm syndrome 2",CorrelationGECO,20,0.001,what chromosome is affected by moebius syndrome,msmarco-passage/train,ielabgroup/vec2text_gtr-base-st_corrector
42,Genes altered by chromosome translocations,thymothymothymothen m-FMFR gene mutation treatment. Treatment can include adjusting the damage,CorrelationGECO,20,0.001,mthfr gene mutation treatment,msmarco-passage/train,ielabgroup/vec2text_gtr-base-st_corrector
42,Genes altered by chromosome translocations,"mutation of a mutated gene (genoid mtDNA or mtDNA), often defined as a mutated",CorrelationGECO,20,0.001,define mutated genome,msmarco-passage/train,ielabgroup/vec2text_gtr-base-st_corrector
42,Genes altered by chromosome translocations,(resistance of a gene or a gene -loop -linus) modification of expression of defined genes,CorrelationGECO,20,0.001,define modification of gene expression,msmarco-passage/train,ielabgroup/vec2text_gtr-base-st_corrector
42,Genes altered by chromosome translocations,"definition, a genetic shift is a change in chromosomal eugenic selection, amino acid retention, amino acid expression and other",CorrelationGECO,20,0.001,genetic shift definition,msmarco-passage/train,ielabgroup/vec2text_gtr-base-st_corrector
42,Genes altered by chromosome translocations,The part of the DNA molecule that is active in the transmission of a hereditary trait to the hereditary traits is called .,CorrelationGECO,20,0.001,The part of the DNA molecule that is active in the transmission of hereditary traits is called.,msmarco-passage/train,ielabgroup/vec2text_gtr-base-st_corrector
42,Genes altered by chromosome translocations,"genetically modified examples are a gram of a silica, a block of a silica, and avocado seeds used in",CorrelationGECO,20,0.001,genetic modified examples,msmarco-passage/train,ielabgroup/vec2text_gtr-base-st_corrector
43,Sleeping Beauty,central sleeprote,CorrelationGECO,20,0.001,sleep central rotech,msmarco-passage/train,ielabgroup/vec2text_gtr-base-st_corrector
43,Sleeping Beauty,"an infant sleeping, a child’s teeps, swaying, breathing, afluttering or laying",CorrelationGECO,20,0.001,infant sleeping,msmarco-passage/train,ielabgroup/vec2text_gtr-base-st_corrector
43,Sleeping Beauty,"name of the sleeping princess, aka Ariel Czewuta-Midnight, who is the name of the Sleeping Beauty",CorrelationGECO,20,0.001,what is the name of the sleeping beauty princess?,msmarco-passage/train,ielabgroup/vec2text_gtr-base-st_corrector
43,Sleeping Beauty,"a good cholinergic type, and you sleep a lot when you go to sleep. What you go to sleep is what you sleep night",CorrelationGECO,20,0.001,what kind do you go to sleep,msmarco-passage/train,ielabgroup/vec2text_gtr-base-st_corrector
43,Sleeping Beauty,Minimum waking hours to sleep,CorrelationGECO,20,0.001,minimum sleep hours to alarm,msmarco-passage/train,ielabgroup/vec2text_gtr-base-st_corrector
43,Sleeping Beauty,"surviving the pain of a night off from his or her child, a good night sleep is the definition of a good sleep, a",CorrelationGECO,20,0.001,definition of a good night sleep,msmarco-passage/train,ielabgroup/vec2text_gtr-base-st_corrector
43,Sleeping Beauty,"in the midst of a frenzy, what is known as the city that never sleeps is known as the 'City that never",CorrelationGECO,20,0.001,what is known as the city that never sleeps,msmarco-passage/train,ielabgroup/vec2text_gtr-base-st_corrector
43,Sleeping Beauty,"a bed guard, or a cynoprotector, is a mattress protector for children and a guideline for sleep.",CorrelationGECO,20,0.001,what is a bed guard?,msmarco-passage/train,ielabgroup/vec2text_gtr-base-st_corrector
43,Sleeping Beauty,"asymptoms of asthma when sleeping, such as waking at night or waking at night, a small number of symptoms are present in sleep",CorrelationGECO,20,0.001,asthma symptoms when sleeping,msmarco-passage/train,ielabgroup/vec2text_gtr-base-st_corrector
43,Sleeping Beauty,"in which a Disney character (Disney, whose clone is identical to his birthright and siblings) has a twin",CorrelationGECO,20,0.001,which disney character has a twin,msmarco-passage/train,ielabgroup/vec2text_gtr-base-st_corrector
44,Proteins involved in the nerve growth factor pathway,"there is a 0.5 to 0.5 percent of protein in pork chops (aka ""musk chops"") containing a protein in",CorrelationGECO,20,0.001,how much protein is there in pork chops,msmarco-passage/train,ielabgroup/vec2text_gtr-base-st_corrector
44,Proteins involved in the nerve growth factor pathway,matrix protein. The protein cycloheteroproteinase monoproteinase (cycloheteroproteinase),CorrelationGECO,20,0.001,matrix protein,msmarco-passage/train,ielabgroup/vec2text_gtr-base-st_corrector
44,Proteins involved in the nerve growth factor pathway,The neuroendocrine pathway (or neuron pathway) is a pathway of nerves and a symbiosis of,CorrelationGECO,20,0.001,what is a neuron pathway,msmarco-passage/train,ielabgroup/vec2text_gtr-base-st_corrector
44,Proteins involved in the nerve growth factor pathway,"different types of proteins in the body, e.g. fatty acids, ribonuclear proteins, and cervicular protein",CorrelationGECO,20,0.001,different types of proteins in the body,msmarco-passage/train,ielabgroup/vec2text_gtr-base-st_corrector
44,Proteins involved in the nerve growth factor pathway,"is coenzyme q, which is a protein and coenzyme aquequerinase is a protein",CorrelationGECO,20,0.001,is coenzyme q a protein,msmarco-passage/train,ielabgroup/vec2text_gtr-base-st_corrector
44,Proteins involved in the nerve growth factor pathway,cervix and musculature. The pectoralis major is affected when a nerve that is pyroglinic,CorrelationGECO,20,0.001,what nerve is affected when pectoralis major,msmarco-passage/train,ielabgroup/vec2text_gtr-base-st_corrector
44,Proteins involved in the nerve growth factor pathway,"function of the nerve supply, the nerves are a vital transport system between the intestine and the bones of the brain and the intestine",CorrelationGECO,20,0.001,what is the function of the nerve supply,msmarco-passage/train,ielabgroup/vec2text_gtr-base-st_corrector
44,Proteins involved in the nerve growth factor pathway,a summary of 5 types of nerve gas,CorrelationGECO,20,0.001,the 5 types of nerve gases,msmarco-passage/train,ielabgroup/vec2text_gtr-base-st_corrector
44,Proteins involved in the nerve growth factor pathway,"where the regulating region of the nervous system, the neo-adrenal region of the nervous system, is involved in producing hormone",CorrelationGECO,20,0.001,what region of the nervous system is involved in the production of regulating hormones,msmarco-passage/train,ielabgroup/vec2text_gtr-base-st_corrector
44,Proteins involved in the nerve growth factor pathway,"-absorption of the hormones to help control growth hormone, -absorption, is an indirect function of growth hormone",CorrelationGECO,20,0.001,what is the indirect function of growth hormone,msmarco-passage/train,ielabgroup/vec2text_gtr-base-st_corrector
45,Mental Health Wellness-1,why mental health is important and treatment (treatment and adversity) and (treatment) are important for preventing a loss of life,CorrelationGECO,20,0.001,why mental health is important and treatments,msmarco-passage/train,ielabgroup/vec2text_gtr-base-st_corrector
45,Mental Health Wellness-1,"WMAC hospital WMAC Hospital (formerly Washington Madison Marine Hospital) is a specialized infirmary, hospital and emergency room hospital on the",CorrelationGECO,20,0.001,what is wamc hospital,msmarco-passage/train,ielabgroup/vec2text_gtr-base-st_corrector
45,Mental Health Wellness-1,"what is a psychiatric evaluation, or a psychiatric evaluation, is a medical evaluation of the condition of mental",CorrelationGECO,20,0.001,"what is a psychiatric evaluation,",msmarco-passage/train,ielabgroup/vec2text_gtr-base-st_corrector
45,Mental Health Wellness-1,"Definition of psychotic disorder, a disorder of the esophagus and other symptoms of the brain and others, is mental disorder",CorrelationGECO,20,0.001,definition of psychotic disorder,msmarco-passage/train,ielabgroup/vec2text_gtr-base-st_corrector
45,Mental Health Wellness-1,"types of behavioral health providers. These types are primarily focused on the quality of child care, the health-service manager, the mental health and mental health",CorrelationGECO,20,0.001,types of behavioral health providers,msmarco-passage/train,ielabgroup/vec2text_gtr-base-st_corrector
45,Mental Health Wellness-1,a petition on a petition for mental health is dated to last for 116 days and is considered to last for a year or two,CorrelationGECO,20,0.001,how long is a petition for mental health last,msmarco-passage/train,ielabgroup/vec2text_gtr-base-st_corrector
45,Mental Health Wellness-1,critical illness and evacuating health benefits of Federal Aviation Administration WAAC 501c3 health benefits. Benefits include a variety of wellness measures,CorrelationGECO,20,0.001,aflac critical illness wellness benefits,msmarco-passage/train,ielabgroup/vec2text_gtr-base-st_corrector
45,Mental Health Wellness-1,Mental n-fast Mental n-fast (or mental floss) is a form of physiotherapy and a maintenance of a mental,CorrelationGECO,20,0.001,what is mental n floss,msmarco-passage/train,ielabgroup/vec2text_gtr-base-st_corrector
45,Mental Health Wellness-1,"people who have a severe liberdial apnea or insomnia, apnea may cause them to mental",CorrelationGECO,20,0.001,what causes people with mental to have severe insomnia,msmarco-passage/train,ielabgroup/vec2text_gtr-base-st_corrector
45,Mental Health Wellness-1,"a hereditary mental illnesses (hereditary aortic comorbidity, inherited cardiovascular disease, and other mental illnesses)",CorrelationGECO,20,0.001,hereditary mental illnesses,msmarco-passage/train,ielabgroup/vec2text_gtr-base-st_corrector
46,RSK2,a Milford L20 OC-B6 VT16 Commonly known as a Mk 20 is a rolled-over vehicle,CorrelationGECO,20,0.001,what is a mk 20,msmarco-passage/train,ielabgroup/vec2text_gtr-base-st_corrector
46,RSK2,sski is a ice-skiing sport. It is known as Skip Ski. It is a chemistry and petroleum,CorrelationGECO,20,0.001,what is sski,msmarco-passage/train,ielabgroup/vec2text_gtr-base-st_corrector
46,RSK2,Freestyler2 can use 4,CorrelationGECO,20,0.001,how many channels can freestyler x2 use,msmarco-passage/train,ielabgroup/vec2text_gtr-base-st_corrector
46,RSK2,"Raymond rico rico ( ) is a violation of the Visa & Drug Act. Today, it is Brazil’s newest",CorrelationGECO,20,0.001,what is rico violation,msmarco-passage/train,ielabgroup/vec2text_gtr-base-st_corrector
46,RSK2,"is salt found in sk. Although a number of ice-skating substances are found in sk, no major",CorrelationGECO,20,0.001,is salt found in sk,msmarco-passage/train,ielabgroup/vec2text_gtr-base-st_corrector
46,RSK2,a dsaek graft is a type of graft and a dsaekdot,CorrelationGECO,20,0.001,what is a dsaek graft,msmarco-passage/train,ielabgroup/vec2text_gtr-base-st_corrector
46,RSK2,arkedo arkedo is a nadir-dolk and a legend of the Arnold people.,CorrelationGECO,20,0.001,who is the arkedo?,msmarco-passage/train,ielabgroup/vec2text_gtr-base-st_corrector
46,RSK2,"king store k.p.o. ltd. known as Rural King Store, is a food and clothing retailer in the rural",CorrelationGECO,20,0.001,what is rural king store,msmarco-passage/train,ielabgroup/vec2text_gtr-base-st_corrector
46,RSK2,second adverse is a form of the adrenergic adrenection syndrome (AINS). It is known as failure of,CorrelationGECO,20,0.001,what is second adverse,msmarco-passage/train,ielabgroup/vec2text_gtr-base-st_corrector
46,RSK2,rocs - a defined definition of a chain of motion (CCS). This definition defines a property of a reputable product,CorrelationGECO,20,0.001,rocs definition,msmarco-passage/train,ielabgroup/vec2text_gtr-base-st_corrector
47,Human gene BCL-2 antagonists and inhibitors,"drugs that contain methylene blue, namely methylbenzimidazole and methylcytidine, acetic methoxy",CorrelationGECO,20,0.001,what drugs contain methylene blue,msmarco-passage/train,ielabgroup/vec2text_gtr-base-st_corrector
47,Human gene BCL-2 antagonists and inhibitors,is a pcl bpsu. pcl uses a Bpsu aluminum and can,CorrelationGECO,20,0.001,is bpcl a psu,msmarco-passage/train,ielabgroup/vec2text_gtr-base-st_corrector
47,Human gene BCL-2 antagonists and inhibitors,"which hormone release sodium bicarbonate. The release of a natural bicarbonate reagent, bosanolactone, to control inflammation",CorrelationGECO,20,0.001,what hormone release sodium bicarbonate,msmarco-passage/train,ielabgroup/vec2text_gtr-base-st_corrector
47,Human gene BCL-2 antagonists and inhibitors,h. pylori blood group antigens h. pylori pylori bacteriology,CorrelationGECO,20,0.001,h pylori blood group antigens,msmarco-passage/train,ielabgroup/vec2text_gtr-base-st_corrector
47,Human gene BCL-2 antagonists and inhibitors,", which is a type of enzyme inhibitor, is one type of enzyme inhibitor, a type of enzyme (alcovacylamide)",CorrelationGECO,20,0.001,what is one type of enzyme inhibitor,msmarco-passage/train,ielabgroup/vec2text_gtr-base-st_corrector
47,Human gene BCL-2 antagonists and inhibitors,beta-adrenergic agonists are the adrenergics who are involved in the development of -carmin,CorrelationGECO,20,0.001,what are beta- adrenergic agonists,msmarco-passage/train,ielabgroup/vec2text_gtr-base-st_corrector
47,Human gene BCL-2 antagonists and inhibitors,(pathophysiology) cells associated with inflammation. Pathophysiology results in inflammation and fibrosis with inflammatory inflammatory pathos,CorrelationGECO,20,0.001,pathophysiology cells associated with inflammation,msmarco-passage/train,ielabgroup/vec2text_gtr-base-st_corrector
47,Human gene BCL-2 antagonists and inhibitors,"a dietary toxicity, bile glycerol (byproducts of b-hydroxyfluoride) is causing",CorrelationGECO,20,0.001,what is causing vitamin b toxicity,msmarco-passage/train,ielabgroup/vec2text_gtr-base-st_corrector
47,Human gene BCL-2 antagonists and inhibitors,", 2,3-nucleotide , is a cyclic cyclic -nucleome",CorrelationGECO,20,0.001,"what is 2,3-cyclic nucleotide",msmarco-passage/train,ielabgroup/vec2text_gtr-base-st_corrector
47,Human gene BCL-2 antagonists and inhibitors,"(named after a protein that helps destroy pathogens, which is a protein that helps take out antimicrobial and antimicrobial attacks",CorrelationGECO,20,0.001,what is the name of proteins that help destroy pathogens,msmarco-passage/train,ielabgroup/vec2text_gtr-base-st_corrector
48,Human homologues of C. elegans UNC genes,FLG mutation ethnicity is of Ass,CorrelationGECO,20,0.001,flg mutation ethnicity,msmarco-passage/train,ielabgroup/vec2text_gtr-base-st_corrector
48,Human homologues of C. elegans UNC genes,"information from the human body's communicative questionnaire, quiz, and a genetics, a gene is a form of what is not",CorrelationGECO,20,0.001,what is a gene quizlet,msmarco-passage/train,ielabgroup/vec2text_gtr-base-st_corrector
48,Human homologues of C. elegans UNC genes,"is endospores and they do not share a phylogenetic  cell, but endospores have a",CorrelationGECO,20,0.001,do endospores have a genome,msmarco-passage/train,ielabgroup/vec2text_gtr-base-st_corrector
48,Human homologues of C. elegans UNC genes,are homo erectus aerectus and other erect erectus apoaps as our ancestors,CorrelationGECO,20,0.001,are homo erectus our ancestors,msmarco-passage/train,ielabgroup/vec2text_gtr-base-st_corrector
48,Human homologues of C. elegans UNC genes,"homozygous -residseq, -residseq, or  reces",CorrelationGECO,20,0.001,homozygous recessive,msmarco-passage/train,ielabgroup/vec2text_gtr-base-st_corrector
48,Human homologues of C. elegans UNC genes,c lectin (type c) is a type of linolethane that is a type of lectin,CorrelationGECO,20,0.001,what what is c type lectin,msmarco-passage/train,ielabgroup/vec2text_gtr-base-st_corrector
48,Human homologues of C. elegans UNC genes,"approximately , i.e., a d-adjusted ions, humans have approximately 155 genes, respectively.",CorrelationGECO,20,0.001,approximately how many genes do humans have?,msmarco-passage/train,ielabgroup/vec2text_gtr-base-st_corrector
48,Human homologues of C. elegans UNC genes,known as choanocytes - is a blood cytochrome adrenevirus which collects citrus from,CorrelationGECO,20,0.001,what is choanocytes,msmarco-passage/train,ielabgroup/vec2text_gtr-base-st_corrector
48,Human homologues of C. elegans UNC genes,"at a control of apoptosis and adrenolysis, the most common way for genes to be regulated is",CorrelationGECO,20,0.001,the most common way for genes to be regulated is,msmarco-passage/train,ielabgroup/vec2text_gtr-base-st_corrector
48,Human homologues of C. elegans UNC genes,"human close to is Dna1, which is a slam chain molecule and is thought to be close to the human-dn",CorrelationGECO,20,0.001,what dna is human close too,msmarco-passage/train,ielabgroup/vec2text_gtr-base-st_corrector
49,Glyphosate tolerance gene sequence,the mechanism by which neisseria gregari is made gonorrhoeae resistant neisseri,CorrelationGECO,20,0.001,what is the mechanism that makes neisseria gonorrhoeae resistant,msmarco-passage/train,ielabgroup/vec2text_gtr-base-st_corrector
49,Glyphosate tolerance gene sequence,"a letter expressing concerns about Toleration was written in a July 1, 1680, p. 208. The letter concerning tole",CorrelationGECO,20,0.001,when was letter concerning toleration written,msmarco-passage/train,ielabgroup/vec2text_gtr-base-st_corrector
49,Glyphosate tolerance gene sequence,"after a dose of NSA1-A1 response, glutamate is secreted by neurons which are the secretory neurons of neural",CorrelationGECO,20,0.001,glutamate is secreted by which neurons,msmarco-passage/train,ielabgroup/vec2text_gtr-base-st_corrector
49,Glyphosate tolerance gene sequence,Methods to measure flatness tolerance are a -axis and a -axis: -1/-bo,CorrelationGECO,20,0.001,how to measure flatness tolerance,msmarco-passage/train,ielabgroup/vec2text_gtr-base-st_corrector
49,Glyphosate tolerance gene sequence,the purpose of gene knockout is to amplify the effects of ligands on the body of the target neurons: Gene knockout (,CorrelationGECO,20,0.001,purpose of gene knockout,msmarco-passage/train,ielabgroup/vec2text_gtr-base-st_corrector
49,Glyphosate tolerance gene sequence,"relationship between a gene and a genome, and between a gene and its -cells and -viruses and genome",CorrelationGECO,20,0.001,relationship between a gene and genome,msmarco-passage/train,ielabgroup/vec2text_gtr-base-st_corrector
49,Glyphosate tolerance gene sequence,gene a. a. a. b. McConnell. Gene a. a. mcconnell,CorrelationGECO,20,0.001,gene a. mcconnell,msmarco-passage/train,ielabgroup/vec2text_gtr-base-st_corrector
49,Glyphosate tolerance gene sequence,enzymes (e.g. acetic acid and abaca) are used to perform genetic modification of genes (enzymes) used,CorrelationGECO,20,0.001,what enzymes are used in genetic modification,msmarco-passage/train,ielabgroup/vec2text_gtr-base-st_corrector
49,Glyphosate tolerance gene sequence,How to measure heritability and gcTA is used to measure this -heritability of a given -adherent,CorrelationGECO,20,0.001,how to measure heritability gcta,msmarco-passage/train,ielabgroup/vec2text_gtr-base-st_corrector
49,Glyphosate tolerance gene sequence,"pharmacological class of glyburide is the pharmacological class of etiglitide, Glypramon",CorrelationGECO,20,0.001,what is the pharmacological class of glyburide?,msmarco-passage/train,ielabgroup/vec2text_gtr-base-st_corrector
50,Low temperature protein expression in E. coli,(Familia with a low temperature or cold water and low temperatures of a meter or less) means a low temp,CorrelationGECO,20,0.001,what a low temp means,msmarco-passage/train,ielabgroup/vec2text_gtr-base-st_corrector
50,Low temperature protein expression in E. coli,"chromosomes look like a pair of chromosomes and in bacteria, they are divided into chromosomes and look",CorrelationGECO,20,0.001,what do chromosomes look like in bacteria,msmarco-passage/train,ielabgroup/vec2text_gtr-base-st_corrector
50,Low temperature protein expression in E. coli,"if we are in a very hot day, we should do a little to lower the temperature in refrigerator or in refrigerator and refrigerator in very dry",CorrelationGECO,20,0.001,do we need to lower temperature in refrigerator in very hot days,msmarco-passage/train,ielabgroup/vec2text_gtr-base-st_corrector
50,Low temperature protein expression in E. coli,"at 125 °C or higher on food, bacteria grow in food at a temperature that varies from a few degrees until they have",CorrelationGECO,20,0.001,at what temperature does bacteria grow on food,msmarco-passage/train,ielabgroup/vec2text_gtr-base-st_corrector
50,Low temperature protein expression in E. coli,as e. coli vanco may treat PoE/Etco venosilitis from stool or dilated e,CorrelationGECO,20,0.001,does vanco po treat e coli in stool,msmarco-passage/train,ielabgroup/vec2text_gtr-base-st_corrector
50,Low temperature protein expression in E. coli,"a insertion or deletion has a negative effect on protein production, and affects protein production (as compared to the -protein",CorrelationGECO,20,0.001,what affect does an insertion or deletion have on protein production,msmarco-passage/train,ielabgroup/vec2text_gtr-base-st_corrector
50,Low temperature protein expression in E. coli,"Estimated lowest bid Estimated lowest bid () is a bid for a lowest-cost property, a competitive price that is rarely",CorrelationGECO,20,0.001,lowest evaluated bid definition,msmarco-passage/train,ielabgroup/vec2text_gtr-base-st_corrector
50,Low temperature protein expression in E. coli,"at a temperature that starts at 84 °F, pork starts growing bacteria and it is known to cause the same health risk in pigs",CorrelationGECO,20,0.001,at what temperature does pork start growing bacteria.,msmarco-passage/train,ielabgroup/vec2text_gtr-base-st_corrector
50,Low temperature protein expression in E. coli,a low circulating body temperature or a low sensitivity to heat (such as a bipolar xenophobia) causes abnormal temperatures,CorrelationGECO,20,0.001,what causes abnormally low body temperatures,msmarco-passage/train,ielabgroup/vec2text_gtr-base-st_corrector
50,Low temperature protein expression in E. coli,"70 to 73 °C is a slow cooker setting and the temperature is a low, low-density slow-burning food",CorrelationGECO,20,0.001,what temperature is a slow cooker slow setting,msmarco-passage/train,ielabgroup/vec2text_gtr-base-st_corrector
