query_id,text,obfuscatedText,mechanism,epsilon,top_percentile,pivot_query,pool,corrector_model
1,Ferroportin-1 in humans,clostridium frutidium clostridium frutidium is a perringens in relation to chicken,CorrelationGECO,1,0.001,what is clostridium perfringens in relation to chickens,msmarco-passage/train,ielabgroup/vec2text_gtr-base-st_corrector
1,Ferroportin-1 in humans,"effects on transport proteins (glucose, glycin and a membrane) on amino regions, gentamicin causes decreased",CorrelationGECO,1,0.001,effects of gentamicin on transport proteins,msmarco-passage/train,ielabgroup/vec2text_gtr-base-st_corrector
1,Ferroportin-1 in humans,HEparin dose HEparin dose is a dose-to-load definition defined as a contaminant serving at the beginning of,CorrelationGECO,1,0.001,heparin loading dose definition,msmarco-passage/train,ielabgroup/vec2text_gtr-base-st_corrector
1,Ferroportin-1 in humans,"of apoptosis (many ancestors are identified) is the oldest known human disease in humans, occurring between 1400 and",CorrelationGECO,1,0.001,what is the oldest known disease among human,msmarco-passage/train,ielabgroup/vec2text_gtr-base-st_corrector
1,Ferroportin-1 in humans,"ferule. Known as ferule, ferule is a cleavage of a transparent platin",CorrelationGECO,1,0.001,define ferule,msmarco-passage/train,ielabgroup/vec2text_gtr-base-st_corrector
1,Ferroportin-1 in humans,(Anthropoidium florae) are the features clostridium perfringens. This feature,CorrelationGECO,1,0.001,what is the feature clostridium perfringens,msmarco-passage/train,ielabgroup/vec2text_gtr-base-st_corrector
1,Ferroportin-1 in humans,range of levels of ferritin (fertiline and adipose) to 0.5 to 0.5 mg/dL normal,CorrelationGECO,1,0.001,normal levels of ferritin range,msmarco-passage/train,ielabgroup/vec2text_gtr-base-st_corrector
1,Ferroportin-1 in humans,"in which human is the earliest species to have been on Europe, were the oelbow and biceps, around 1200",CorrelationGECO,1,0.001,what was the earliest human species that was on europe,msmarco-passage/train,ielabgroup/vec2text_gtr-base-st_corrector
1,Ferroportin-1 in humans,"if a product from a health care website such as iodoe, indoxacarb is harmful to humans,",CorrelationGECO,1,0.001,is indoxacarb harmful to humans,msmarco-passage/train,ielabgroup/vec2text_gtr-base-st_corrector
1,Ferroportin-1 in humans,"from radioactive pollution, or radioactive osmoprophy, have effects on the health of human beings in terms of health of bodies",CorrelationGECO,1,0.001,what effects do radioactive pollution have on human health,msmarco-passage/train,ielabgroup/vec2text_gtr-base-st_corrector
2,Generating transgenic mice,construct a defined auto-generate (auto-generate) – auto-creator (auto-bundle) and auto,CorrelationGECO,1,0.001,define auto-generate,msmarco-passage/train,ielabgroup/vec2text_gtr-base-st_corrector
2,Generating transgenic mice,recombination meiosis is a process of meiosis where the recombinated feces,CorrelationGECO,1,0.001,what is recombination meiosis,msmarco-passage/train,ielabgroup/vec2text_gtr-base-st_corrector
2,Generating transgenic mice,"a change in dna is called a change in DNA, or a change in a dna-dacchar",CorrelationGECO,1,0.001,what is a change in dna called,msmarco-passage/train,ielabgroup/vec2text_gtr-base-st_corrector
2,Generating transgenic mice,to breed: mash a gecko's cries and a geckos cries until they are in warm condition,CorrelationGECO,1,0.001,how to breed crested geckos,msmarco-passage/train,ielabgroup/vec2text_gtr-base-st_corrector
2,Generating transgenic mice,to breed: mash a gecko's cries and a geckos cries until they are in warm condition,CorrelationGECO,1,0.001,how to breed crested geckos,msmarco-passage/train,ielabgroup/vec2text_gtr-base-st_corrector
2,Generating transgenic mice,a rhesiogenesis event. Paternal and chromosomes combine when the maternal chromosomes and later,CorrelationGECO,1,0.001,what is rhe event when maternal and paternal chromosomes combine,msmarco-passage/train,ielabgroup/vec2text_gtr-base-st_corrector
2,Generating transgenic mice,"cause of alteration in the mitochondria, mitochondria biogenesis, is a result of mitochondrial initiation, co-opplication and evolution,",CorrelationGECO,1,0.001,what couses alteration is mitochondria biogenesis,msmarco-passage/train,ielabgroup/vec2text_gtr-base-st_corrector
2,Generating transgenic mice,"the gene for cytochrome cfs-CF, along with other chromosomes, is affected by cystic fibros",CorrelationGECO,1,0.001,what gene or chromosome is affected by cystic fibrosis,msmarco-passage/train,ielabgroup/vec2text_gtr-base-st_corrector
2,Generating transgenic mice,a type of cell division that is only used in humans to produce gametes — human marrow and gametes are used only in the results,CorrelationGECO,1,0.001,what type of cell division is only used in humans to produce gametes,msmarco-passage/train,ielabgroup/vec2text_gtr-base-st_corrector
2,Generating transgenic mice,to get genicepht by preparing a 2.6.x patch (H/S3D) which is 11.3sec on,CorrelationGECO,1,0.001,how to get genesect in 3ds 10.5,msmarco-passage/train,ielabgroup/vec2text_gtr-base-st_corrector
3,Time course for gene expression in mouse kidney,"iii. e. statement that genes are false, a statement which is not available in the case of human microbial genetic environment",CorrelationGECO,1,0.001,which statement is false regarding gene environment,msmarco-passage/train,ielabgroup/vec2text_gtr-base-st_corrector
3,Time course for gene expression in mouse kidney,"there are no kidney-hormone-producing effects on the kidneys, but progesterone may have effects on the kidneys",CorrelationGECO,1,0.001,are there any progesterone effects on kidneys,msmarco-passage/train,ielabgroup/vec2text_gtr-base-st_corrector
3,Time course for gene expression in mouse kidney,"affecting kidneys. Diseases such as epilepsy, fibrosis, and apnea affect kidneys. These effects",CorrelationGECO,1,0.001,what affect kidneys,msmarco-passage/train,ielabgroup/vec2text_gtr-base-st_corrector
3,Time course for gene expression in mouse kidney,"in 1954, Mouse trap (song)          was first played on",CorrelationGECO,1,0.001,when was mouse trap first played,msmarco-passage/train,ielabgroup/vec2text_gtr-base-st_corrector
3,Time course for gene expression in mouse kidney,the karyotype of MERRF is a combination of the cytochrome X-HTML and the inflammatory factors.,CorrelationGECO,1,0.001,what is the karyotype of MERRF,msmarco-passage/train,ielabgroup/vec2text_gtr-base-st_corrector
3,Time course for gene expression in mouse kidney,"phenotypes of neuroblasts with their presence and reactivity in a given condition, expressivity is a genetics definition",CorrelationGECO,1,0.001,definition of expressivity genetics,msmarco-passage/train,ielabgroup/vec2text_gtr-base-st_corrector
3,Time course for gene expression in mouse kidney,"a trending troponin should be drawn as often as possible for a period of time. Therefore, troponins should be drawn every",CorrelationGECO,1,0.001,how often should trending troponins be drawn,msmarco-passage/train,ielabgroup/vec2text_gtr-base-st_corrector
3,Time course for gene expression in mouse kidney,"a number of steps in gene expression in prokaryotes, i.e., gene expression of karyote exc",CorrelationGECO,1,0.001,steps of gene expression in prokaryotes,msmarco-passage/train,ielabgroup/vec2text_gtr-base-st_corrector
3,Time course for gene expression in mouse kidney,"a difference between the flow of a gene and genetic drift, i.e. gene flow, vs. fecund",CorrelationGECO,1,0.001,what is the difference between gene flow and genetic drift,msmarco-passage/train,ielabgroup/vec2text_gtr-base-st_corrector
3,Time course for gene expression in mouse kidney,"what is called the functional unit in the individual kidney, which is the kidney of the blood, esophagus, fibrosis,",CorrelationGECO,1,0.001,what is the individual functional unit in the kidney called,msmarco-passage/train,ielabgroup/vec2text_gtr-base-st_corrector
4,Gene expression profiles for kidney in mice,"a result of a liver relapse, it is unlikely that meloxicam may affect kidneys but other ailment may affect",CorrelationGECO,1,0.001,can meloxicam affect kidneys,msmarco-passage/train,ielabgroup/vec2text_gtr-base-st_corrector
4,Gene expression profiles for kidney in mice,"there are 470 to 900 same genes, of which there are 10 genes (one for each of the first two), and one for the last two",CorrelationGECO,1,0.001,how many same genes are there,msmarco-passage/train,ielabgroup/vec2text_gtr-base-st_corrector
4,Gene expression profiles for kidney in mice,a serum creatinine level of 0-9 should be consulted by a nephrologist to see nephrolog,CorrelationGECO,1,0.001,what serum creatinine level warrants seeing a nephrologist,msmarco-passage/train,ielabgroup/vec2text_gtr-base-st_corrector
4,Gene expression profiles for kidney in mice,"a technique can be used to determine whether the brc1 gene, dna, brca gene, has a mutation in the gene",CorrelationGECO,1,0.001,what techniques can be used to determine whether dna has a mutation in the brca1 gene,msmarco-passage/train,ielabgroup/vec2text_gtr-base-st_corrector
4,Gene expression profiles for kidney in mice,exogenous testosterone (testimonium abrasively) Exogenous testosterone () is a drug that is a phen,CorrelationGECO,1,0.001,what is exogenous testosterone,msmarco-passage/train,ielabgroup/vec2text_gtr-base-st_corrector
4,Gene expression profiles for kidney in mice,"in the function of a number of genes in the cytoskeleton of a gene, the role of genes in selection is to guide the evolution",CorrelationGECO,1,0.001,what is the role of genes in selection,msmarco-passage/train,ielabgroup/vec2text_gtr-base-st_corrector
4,Gene expression profiles for kidney in mice,"how to be tested as a kidney donor, i.e. a blood test and a sarcoprostymile",CorrelationGECO,1,0.001,how to be tested as a kidney donor,msmarco-passage/train,ielabgroup/vec2text_gtr-base-st_corrector
4,Gene expression profiles for kidney in mice,"the most common diagnostic tests for a nephrologist are nephrogenic cholangopathy, nephrosis",CorrelationGECO,1,0.001,most common diagnostic tests for nephrologist,msmarco-passage/train,ielabgroup/vec2text_gtr-base-st_corrector
4,Gene expression profiles for kidney in mice,if the cellular energy is extricatory - ERgap - endonic cellular renergation is both,CorrelationGECO,1,0.001,is cellular respiration endergonic or exergonic,msmarco-passage/train,ielabgroup/vec2text_gtr-base-st_corrector
4,Gene expression profiles for kidney in mice,"do genes control the expression of a number of traits, including multiple genes, and a few ectopic gliosis.",CorrelationGECO,1,0.001,do genes control the expression of several traits?,msmarco-passage/train,ielabgroup/vec2text_gtr-base-st_corrector
5,Protocols for isolating cell nuclei,label definition for nucleolus (nucleolus spherical to nucleosome) projects are a project for research,CorrelationGECO,1,0.001,nucleolus definition  label for projects,msmarco-passage/train,ielabgroup/vec2text_gtr-base-st_corrector
5,Protocols for isolating cell nuclei,"which particulate radiation (oxagenol ionium) is used for radiation therapy, a single treatment for radiation therapy",CorrelationGECO,1,0.001,what particulate radiation is used for radiation therapy,msmarco-passage/train,ielabgroup/vec2text_gtr-base-st_corrector
5,Protocols for isolating cell nuclei,"A Barr body is typically found in a nucleus, along with a lanthanum ion barium, the nucle of",CorrelationGECO,1,0.001,A Barr body is typically found in the nucleus of,msmarco-passage/train,ielabgroup/vec2text_gtr-base-st_corrector
5,Protocols for isolating cell nuclei,"function of nucleoli. This function is simple, but it is a function of nucleotoxin that serves to efficiently eluci",CorrelationGECO,1,0.001,what is the function of nucleoli,msmarco-passage/train,ielabgroup/vec2text_gtr-base-st_corrector
5,Protocols for isolating cell nuclei,"two protocols, i-secure and i-sevent, is implemented through IPSec, which is the protocol",CorrelationGECO,1,0.001,ipsec is implemented through what two protocols,msmarco-passage/train,ielabgroup/vec2text_gtr-base-st_corrector
5,Protocols for isolating cell nuclei,"ionizing radiation as a norm (non-crystalization and ionizing radiation is still considered normal), ion",CorrelationGECO,1,0.001,is ionizing radiation considered norm,msmarco-passage/train,ielabgroup/vec2text_gtr-base-st_corrector
5,Protocols for isolating cell nuclei,the technique to give an IM injection is a proper hand patting followed by a proper lateral acupuncture and a proper proper motion,CorrelationGECO,1,0.001,what is the proper technique to give an im injection,msmarco-passage/train,ielabgroup/vec2text_gtr-base-st_corrector
5,Protocols for isolating cell nuclei,most common inf in NIU. Common infs include: High concentration of nicotin and high density of pyruv,CorrelationGECO,1,0.001,most common inf in nicu,msmarco-passage/train,ielabgroup/vec2text_gtr-base-st_corrector
5,Protocols for isolating cell nuclei,"mode of action of calcium ion ionophore, and performs a range of different measurements: -fomit",CorrelationGECO,1,0.001,mode of action of calcium ionophore,msmarco-passage/train,ielabgroup/vec2text_gtr-base-st_corrector
5,Protocols for isolating cell nuclei,"a cell is a nucleus, nucleus do knock out parts of other cells and when they do so, they do nuclear",CorrelationGECO,1,0.001,what do cells nucleus do,msmarco-passage/train,ielabgroup/vec2text_gtr-base-st_corrector
6,FancD2,ssh2 ssh2 is a ssh network and a password storage device on the Apple Macintos,CorrelationGECO,1,0.001,what is ssh2,msmarco-passage/train,ielabgroup/vec2text_gtr-base-st_corrector
6,FancD2,"second weekend of the festival of June, a second festival jue brue na te splinoguk may",CorrelationGECO,1,0.001,another festival the second weekend of june,msmarco-passage/train,ielabgroup/vec2text_gtr-base-st_corrector
6,FancD2,a dcn and is a dnC#. A dcn is a fluid complex in the intestine,CorrelationGECO,1,0.001,what is a dcn#,msmarco-passage/train,ielabgroup/vec2text_gtr-base-st_corrector
6,FancD2,P02 p02 p02 (also known as PC02) is a chemical necrotonite. It is,CorrelationGECO,1,0.001,what is pc02,msmarco-passage/train,ielabgroup/vec2text_gtr-base-st_corrector
6,FancD2,"ii Mef mailing address. ii Mef mailing address ii Mef mailing address ii 401, 201,",CorrelationGECO,1,0.001,iii mef mailing address,msmarco-passage/train,ielabgroup/vec2text_gtr-base-st_corrector
6,FancD2,",  is a cubic",CorrelationGECO,1,0.001,derivative of a cubic function,msmarco-passage/train,ielabgroup/vec2text_gtr-base-st_corrector
6,FancD2,"a living scientist and a museocon, colonel Fannin was the feodore J. Clarke Jackson",CorrelationGECO,1,0.001,who was colonel fannin,msmarco-passage/train,ielabgroup/vec2text_gtr-base-st_corrector
6,FancD2,a normal h2ac dBm is 1 dL/dca in t1ac dBm.,CorrelationGECO,1,0.001,what is normal hba1c in t2dm,msmarco-passage/train,ielabgroup/vec2text_gtr-base-st_corrector
6,FancD2,ft (80 °C) and the temperature 220C (140 °C) is known as,CorrelationGECO,1,0.001,what farenheit temp is 220c,msmarco-passage/train,ielabgroup/vec2text_gtr-base-st_corrector
6,FancD2,fccsx dividend. This is a dividend for the fcissx (Fidelity Investment Property Tax Disinvest,CorrelationGECO,1,0.001,fcisx dividend,msmarco-passage/train,ielabgroup/vec2text_gtr-base-st_corrector
7,DNA repair and oxidative stress,"where the dna is housed. , the membrane bound region is the apex region that is housed and contains the DNA",CorrelationGECO,1,0.001,the is a membrane bound region where the dna is housed,msmarco-passage/train,ielabgroup/vec2text_gtr-base-st_corrector
7,DNA repair and oxidative stress,adnase and adna protein. What DNA control does is control the information that is transcribed through the genome,CorrelationGECO,1,0.001,what does dna control,msmarco-passage/train,ielabgroup/vec2text_gtr-base-st_corrector
7,DNA repair and oxidative stress,"if a dna-dcDNA resplication goes wrong, the dna-dcDNA will eventually fail",CorrelationGECO,1,0.001,what happens if dna replication goes wrong,msmarco-passage/train,ielabgroup/vec2text_gtr-base-st_corrector
7,DNA repair and oxidative stress,"by cortisol affects aorta and apnea, cortisol helps to control stress levels in response",CorrelationGECO,1,0.001,how does cortisol affect stress,msmarco-passage/train,ielabgroup/vec2text_gtr-base-st_corrector
7,DNA repair and oxidative stress,"In genetics and fecology, an ORF is a concentration of a single offspring for genetics and fec",CorrelationGECO,1,0.001,what is an orf for genetics,msmarco-passage/train,ielabgroup/vec2text_gtr-base-st_corrector
7,DNA repair and oxidative stress,which term is used to describe the process of dilutransferase and a process based on the copying of DNA.,CorrelationGECO,1,0.001,what term is used to describe the process of copying dna?,msmarco-passage/train,ielabgroup/vec2text_gtr-base-st_corrector
7,DNA repair and oxidative stress,cause of positive dsDNA. These dsDNAs are positive when the cytochrome mRNA (DSDSna),CorrelationGECO,1,0.001,causes of positive dsdna,msmarco-passage/train,ielabgroup/vec2text_gtr-base-st_corrector
7,DNA repair and oxidative stress,why a process such as a dnaD-DNA replication is so important and it is important to examine the quality of the DNA,CorrelationGECO,1,0.001,why is dna replication such an important process,msmarco-passage/train,ielabgroup/vec2text_gtr-base-st_corrector
7,DNA repair and oxidative stress,"if sulfur does occur in DNA, and a sulfonyl-dialect sulfation does occur throughout",CorrelationGECO,1,0.001,does sulfur occur in dna,msmarco-passage/train,ielabgroup/vec2text_gtr-base-st_corrector
7,DNA repair and oxidative stress,a nuclear stress test (advertising and a cerebral stress test) can prove that the stress levels present in the individual,CorrelationGECO,1,0.001,what does a nuclear stress test prove,msmarco-passage/train,ielabgroup/vec2text_gtr-base-st_corrector
8,Correlation between DNA repair pathways and skin cancer,a good health plan. The jalapeos have been shown to help kill cancer such as rheumatoido,CorrelationGECO,1,0.001,are jalapenos good to kill cancer,msmarco-passage/train,ielabgroup/vec2text_gtr-base-st_corrector
8,Correlation between DNA repair pathways and skin cancer,"did the senate pass a bill to improve cancer drugs for children, a bill commissioned by the senate on July 18,",CorrelationGECO,1,0.001,did the senate pass a bill to improve cancer drugs for children,msmarco-passage/train,ielabgroup/vec2text_gtr-base-st_corrector
8,Correlation between DNA repair pathways and skin cancer,"if turmeric is safe during chemo-chemo-treatment, it will be a safe option to relieve colonic bacteraemia",CorrelationGECO,1,0.001,is turmeric safe during chemo,msmarco-passage/train,ielabgroup/vec2text_gtr-base-st_corrector
8,Correlation between DNA repair pathways and skin cancer,"rds, rds and rds for cancer patients, e-cancer treatments are powerful treatments for cancer patients",CorrelationGECO,1,0.001,what are rds treatments for cancer patients,msmarco-passage/train,ielabgroup/vec2text_gtr-base-st_corrector
8,Correlation between DNA repair pathways and skin cancer,"the goal of DnaD replication, or DNA recombination, is to determine the concentration of different ad proteins. This goal",CorrelationGECO,1,0.001,what is the goal of dna replication,msmarco-passage/train,ielabgroup/vec2text_gtr-base-st_corrector
8,Correlation between DNA repair pathways and skin cancer,"In your body, your dilatrix or womb or a portion of your trachea may have the most DNA",CorrelationGECO,1,0.001,what part of your body has the most dna,msmarco-passage/train,ielabgroup/vec2text_gtr-base-st_corrector
8,Correlation between DNA repair pathways and skin cancer,"schwannoma is a cancerous tumor, and if a patient is healthy, schwannoma-cancer-resistant",CorrelationGECO,1,0.001,is schwannoma tumor cancerous,msmarco-passage/train,ielabgroup/vec2text_gtr-base-st_corrector
8,Correlation between DNA repair pathways and skin cancer,Cell carcinoma (also known as cinnacolumnia or cellular carcinoma) is a cancer of the skin and outer cells,CorrelationGECO,1,0.001,what is cell carcinoma,msmarco-passage/train,ielabgroup/vec2text_gtr-base-st_corrector
8,Correlation between DNA repair pathways and skin cancer,if a contact with a lumbar puncture can be detected. Cancer can be detected from lumbar ploidy in,CorrelationGECO,1,0.001,can cancer be detected from lumbar puncture,msmarco-passage/train,ielabgroup/vec2text_gtr-base-st_corrector
8,Correlation between DNA repair pathways and skin cancer,"is cancer, topped the list with J.D. Jansen, K.C.S.O. Cancer is the number one killer",CorrelationGECO,1,0.001,is cancer the number one killer,msmarco-passage/train,ielabgroup/vec2text_gtr-base-st_corrector
9,mutY,"of the 1st B.C. Monroe's husbands were Marialyn Monroe, who was later married",CorrelationGECO,1,0.001,who were marilyn monroe's husbands,msmarco-passage/train,ielabgroup/vec2text_gtr-base-st_corrector
9,mutY,door mullion (feasibility) door mullion is a term for the opening of the jug and spring season honey,CorrelationGECO,1,0.001,door mullion definition,msmarco-passage/train,ielabgroup/vec2text_gtr-base-st_corrector
9,mutY,(            ) is the abbrevi,CorrelationGECO,1,0.001,what is the abbreviation for misters,msmarco-passage/train,ielabgroup/vec2text_gtr-base-st_corrector
9,mutY,mapi mapi (        ) is a muscle tissue,CorrelationGECO,1,0.001,what is mapi,msmarco-passage/train,ielabgroup/vec2text_gtr-base-st_corrector
9,mutY,"a giddy, beady, teeth definition, pouty is a characteristic definition of a",CorrelationGECO,1,0.001,pouty definition,msmarco-passage/train,ielabgroup/vec2text_gtr-base-st_corrector
9,mutY,moultrie is a defined phenotype and adenocarbosis at a cathycity.,CorrelationGECO,1,0.001,moultrie defined,msmarco-passage/train,ielabgroup/vec2text_gtr-base-st_corrector
9,mutY,Mulller's ratchet Muller's ratchet is a rheumaton of the fender,CorrelationGECO,1,0.001,what is muller's ratchet,msmarco-passage/train,ielabgroup/vec2text_gtr-base-st_corrector
9,mutY,history of mchenry. This history is a history of a complex and a historic building on the banks of the USSR Michael,CorrelationGECO,1,0.001,history of mchenry,msmarco-passage/train,ielabgroup/vec2text_gtr-base-st_corrector
9,mutY,meaning (as in a form of adolescence or mignon) is the process by which mutation is the means of,CorrelationGECO,1,0.001,what does mutation mean,msmarco-passage/train,ielabgroup/vec2text_gtr-base-st_corrector
9,mutY,Y-linked moscow trait Y-linked trait is a trait of the ability to cause apprehension in the chro,CorrelationGECO,1,0.001,y linked moscow trait definition,msmarco-passage/train,ielabgroup/vec2text_gtr-base-st_corrector
10,NEIL1,"known as navelbine, is a novel amino acid nascent ointment and a ribonucleo",CorrelationGECO,1,0.001,what is navelbine,msmarco-passage/train,ielabgroup/vec2text_gtr-base-st_corrector
10,NEIL1,"a study of the action of nitric oxide, discovered by Alfredo Mucci and his neoparadist.",CorrelationGECO,1,0.001,who discovered the action of nitric oxide?,msmarco-passage/train,ielabgroup/vec2text_gtr-base-st_corrector
10,NEIL1,"n. galili n. galili (Galilean spp.) is a species of N. species,",CorrelationGECO,1,0.001,what is n. galili species,msmarco-passage/train,ielabgroup/vec2text_gtr-base-st_corrector
10,NEIL1,a Nagual is a ligniture that is a light astroturg. It is a key feature of A,CorrelationGECO,1,0.001,what is a nagual,msmarco-passage/train,ielabgroup/vec2text_gtr-base-st_corrector
10,NEIL1,"nyli origin nyli (Origin:     , New York",CorrelationGECO,1,0.001,nyli origin,msmarco-passage/train,ielabgroup/vec2text_gtr-base-st_corrector
10,NEIL1,"natah uhling natah uhling is Natalie Helms, a veteran TV and reality TV personality",CorrelationGECO,1,0.001,who is natalie uhling,msmarco-passage/train,ielabgroup/vec2text_gtr-base-st_corrector
10,NEIL1,"at the U.S. Electric Power Laboratory (ELA), she was the pheromoneous necromancer. ELA",CorrelationGECO,1,0.001,who was ela,msmarco-passage/train,ielabgroup/vec2text_gtr-base-st_corrector
10,NEIL1,"nina ali ali ali, aka Nina Aldajit Singh, is a philanthropist",CorrelationGECO,1,0.001,who is nina ali,msmarco-passage/train,ielabgroup/vec2text_gtr-base-st_corrector
10,NEIL1,"production of the Nimba Billett saga, Nelson Mandela's first occupation. He was a telegrapher and started",CorrelationGECO,1,0.001,what was nelson mandela first occupation,msmarco-passage/train,ielabgroup/vec2text_gtr-base-st_corrector
10,NEIL1,"meaning of Mandell's first law, the first law of man-de-sia-de-sia-deity.",CorrelationGECO,1,0.001,what's the meaning of first mandell law?,msmarco-passage/train,ielabgroup/vec2text_gtr-base-st_corrector
11,Carcinogenesis and hairless mice,"-hair is composed of -hair, which is composed of a mixture of lipids, organic matter, and a chemical",CorrelationGECO,1,0.001,what is hair composed of,msmarco-passage/train,ielabgroup/vec2text_gtr-base-st_corrector
11,Carcinogenesis and hairless mice,"a lot of abrasions, chondrosis, and consuming too much hair, which prevents hair from growing and will",CorrelationGECO,1,0.001,what prevents hair from growing,msmarco-passage/train,ielabgroup/vec2text_gtr-base-st_corrector
11,Carcinogenesis and hairless mice,"ectaxis and ectasia. No, estrogen does cause cancer in women in a significant way in comparison to other women",CorrelationGECO,1,0.001,does estrogen cause cancer in women?,msmarco-passage/train,ielabgroup/vec2text_gtr-base-st_corrector
11,Carcinogenesis and hairless mice,"a low impedance for low-pitch i.e. 1.30, polling rate affects the performance of mouse polling",CorrelationGECO,1,0.001,does polling rate of a mouse affect performance?,msmarco-passage/train,ielabgroup/vec2text_gtr-base-st_corrector
11,Carcinogenesis and hairless mice,"a neoplasm of pituitary gland, neoselective gland melanoma is a",CorrelationGECO,1,0.001,what is a neoplasm of pituitary gland,msmarco-passage/train,ielabgroup/vec2text_gtr-base-st_corrector
11,Carcinogenesis and hairless mice,metic non-cancer metic non-cancer  metastatic lung cancer is small cell tumor of the lung and surrounding,CorrelationGECO,1,0.001,what is metastatic non small cell lung cancer,msmarco-passage/train,ielabgroup/vec2text_gtr-base-st_corrector
11,Carcinogenesis and hairless mice,"if turmeric is safe during chemo-chemo-treatment, it will be a safe option to relieve colonic bacteraemia",CorrelationGECO,1,0.001,is turmeric safe during chemo,msmarco-passage/train,ielabgroup/vec2text_gtr-base-st_corrector
11,Carcinogenesis and hairless mice,"asymptom of carcinoid secretion are symptoms of secreting carcinoid eavesdropping, senchym",CorrelationGECO,1,0.001,symptoms of carcinoid secreting,msmarco-passage/train,ielabgroup/vec2text_gtr-base-st_corrector
11,Carcinogenesis and hairless mice,"hejiosis and hejiosis, hejiosogenesis of parthenogenesis can occur",CorrelationGECO,1,0.001,can parthenogenesis occur in humans,msmarco-passage/train,ielabgroup/vec2text_gtr-base-st_corrector
11,Carcinogenesis and hairless mice,"a combination of a retaliative hormone and a invasive thyroid cancer, the most aggressive form of thyroid cancer is the most",CorrelationGECO,1,0.001,what is the most aggressive form of thyroid cancer,msmarco-passage/train,ielabgroup/vec2text_gtr-base-st_corrector
12,Genes regulated by Smad4,"a controlled phenylcholine and especially on uncontrolled adreneas, prozac is a controlled FG",CorrelationGECO,1,0.001,is prozac a controlled,msmarco-passage/train,ielabgroup/vec2text_gtr-base-st_corrector
12,Genes regulated by Smad4,is esbl multi-organism esodrug resistant organism. This multi-organism is the drug resistant,CorrelationGECO,1,0.001,is esbl multidrug resistant organism,msmarco-passage/train,ielabgroup/vec2text_gtr-base-st_corrector
12,Genes regulated by Smad4,cd4 count range is between 0x10 and 0x16 kilod count and can be in the 0 range,CorrelationGECO,1,0.001,cd4 count range,msmarco-passage/train,ielabgroup/vec2text_gtr-base-st_corrector
12,Genes regulated by Smad4,mechanism of action of -Lasix is the action of drugs such as azotetracose and thiogurom,CorrelationGECO,1,0.001,what is mechanism of action of lasix,msmarco-passage/train,ielabgroup/vec2text_gtr-base-st_corrector
12,Genes regulated by Smad4,determine energy levels of degeneracy is a measurement of -electromonormal peaks and -degeneracy,CorrelationGECO,1,0.001,determine degeneracy of energy levels,msmarco-passage/train,ielabgroup/vec2text_gtr-base-st_corrector
12,Genes regulated by Smad4,"a prescription drug store, a BU-approved prescription plan, tramadol is a controlled drug in California as of the time",CorrelationGECO,1,0.001,is tramadol a controlled medication in cali,msmarco-passage/train,ielabgroup/vec2text_gtr-base-st_corrector
12,Genes regulated by Smad4,"h4A does include TSt. h4 includes a Throat, Expenses and Self Development. Y",CorrelationGECO,1,0.001,does T4A include hst,msmarco-passage/train,ielabgroup/vec2text_gtr-base-st_corrector
12,Genes regulated by Smad4,"medical description of mad is the physiologic description of the medical disorder mad. It includes a symptom-based description of a single, acute",CorrelationGECO,1,0.001,what is the medical description for mad,msmarco-passage/train,ielabgroup/vec2text_gtr-base-st_corrector
12,Genes regulated by Smad4,heart disease caused by gmos in the feasus of genetically modified foods such as agarbitas and lichen,CorrelationGECO,1,0.001,heart disease caused by gmos,msmarco-passage/train,ielabgroup/vec2text_gtr-base-st_corrector
12,Genes regulated by Smad4,by a thyroxine-regulated thyroectine (thyroxine is regulated when the thyroid is active,CorrelationGECO,1,0.001,how is thyroxine regulated,msmarco-passage/train,ielabgroup/vec2text_gtr-base-st_corrector
13,Role of TGFB in angiogenesis in skin,Wikipedia gmbh gmbh is a hyaline hatchick plant and is one of the main biological,CorrelationGECO,1,0.001,what is gmbh wikipedia,msmarco-passage/train,ielabgroup/vec2text_gtr-base-st_corrector
13,Role of TGFB in angiogenesis in skin,"cells, TBEv affects T cells. A small dose of TBEv affects cellular products like apoptosis, crystal",CorrelationGECO,1,0.001,what cells does tbev effect,msmarco-passage/train,ielabgroup/vec2text_gtr-base-st_corrector
13,Role of TGFB in angiogenesis in skin,Shbg hormone Shbg is a musculoskeletal hormone (SHRMG) and a hormone. It is an important hormone,CorrelationGECO,1,0.001,what is shbg hormone,msmarco-passage/train,ielabgroup/vec2text_gtr-base-st_corrector
13,Role of TGFB in angiogenesis in skin,The purpose of the rdbf. This is a function of the DB and is a purpose-based electro-distribu,CorrelationGECO,1,0.001,what is the purpose of the rbdf,msmarco-passage/train,ielabgroup/vec2text_gtr-base-st_corrector
13,Role of TGFB in angiogenesis in skin,"a high amount of a body’s metabolite, germanium does to the body; it helps to build up vitamin and",CorrelationGECO,1,0.001,what does germanium do for the body,msmarco-passage/train,ielabgroup/vec2text_gtr-base-st_corrector
13,Role of TGFB in angiogenesis in skin,as a group of sex-skin cells (skin cells are artificial skin cells) reproduce - approximately every 3 to 5 years,CorrelationGECO,1,0.001,how often do skin cells reproduce,msmarco-passage/train,ielabgroup/vec2text_gtr-base-st_corrector
13,Role of TGFB in angiogenesis in skin,a provocative angiography is a resuscitational-responsive-reactive physical and emotional ang,CorrelationGECO,1,0.001,what is a provocative angiography,msmarco-passage/train,ielabgroup/vec2text_gtr-base-st_corrector
13,Role of TGFB in angiogenesis in skin,hormonal problems causing skin diseases such as rheumatoid chondrosis and thyroid problems which leads to a skin disease,CorrelationGECO,1,0.001,hormonal problems that cause skin diseases,msmarco-passage/train,ielabgroup/vec2text_gtr-base-st_corrector
13,Role of TGFB in angiogenesis in skin,(commonly blights) are benign skin growths (colonial skin tumors) that are benign growths on the skin,CorrelationGECO,1,0.001,what are benign skin growths,msmarco-passage/train,ielabgroup/vec2text_gtr-base-st_corrector
13,Role of TGFB in angiogenesis in skin,"are astrocytes (aspx astrocytosis), they are blood brain barrier cells, that is, they cause no",CorrelationGECO,1,0.001,are astrocytes blood brain barrier,msmarco-passage/train,ielabgroup/vec2text_gtr-base-st_corrector
14,Expression or Regulation of TGFB in HNSCC cancers,HBsag does cause fibromyalgia and/or fibromyalgia and may affect the gy,CorrelationGECO,1,0.001,does hbsag cause fibromyalgia,msmarco-passage/train,ielabgroup/vec2text_gtr-base-st_corrector
14,Expression or Regulation of TGFB in HNSCC cancers,csf-fossil fluid in cancer csf-fossil fluid is a cancer in the,CorrelationGECO,1,0.001,cancer in csf fluid,msmarco-passage/train,ielabgroup/vec2text_gtr-base-st_corrector
14,Expression or Regulation of TGFB in HNSCC cancers,"esopangiolin and esopirin, the Gfr inhibitor egfr. This inhibitor can reduce",CorrelationGECO,1,0.001,egfr inhibitor,msmarco-passage/train,ielabgroup/vec2text_gtr-base-st_corrector
14,Expression or Regulation of TGFB in HNSCC cancers,the hormonal controls of gastric secretion and secretion of a number of adipose-related hormones are the body,CorrelationGECO,1,0.001,what are the hormonal controls of gastric secretion,msmarco-passage/train,ielabgroup/vec2text_gtr-base-st_corrector
14,Expression or Regulation of TGFB in HNSCC cancers,guckford guckford is a Luminel ICAC Catford and is a prominent Hong Kong automobile manufacturer,CorrelationGECO,1,0.001,what is uckg catford,msmarco-passage/train,ielabgroup/vec2text_gtr-base-st_corrector
14,Expression or Regulation of TGFB in HNSCC cancers,"plan, jqb is a cfs prefix that is used to adscribe the cfs acronym b",CorrelationGECO,1,0.001,jqf is what bcbs plan prefix,msmarco-passage/train,ielabgroup/vec2text_gtr-base-st_corrector
14,Expression or Regulation of TGFB in HNSCC cancers,"a GfO-Gfo reactor, gfo is a granulosuccinium-based reactor for cooking",CorrelationGECO,1,0.001,what is a gfo reactor,msmarco-passage/train,ielabgroup/vec2text_gtr-base-st_corrector
14,Expression or Regulation of TGFB in HNSCC cancers,"serotonin is involved in the regulation, primarily the -adhesin and -aphre",CorrelationGECO,1,0.001,serotonin is involved in the regulation,msmarco-passage/train,ielabgroup/vec2text_gtr-base-st_corrector
14,Expression or Regulation of TGFB in HNSCC cancers,"structural and cytochemical analysis of GDNF. GDNF is a type of protein, glycerotrophic oligo",CorrelationGECO,1,0.001,what type of protein is GDNF,msmarco-passage/train,ielabgroup/vec2text_gtr-base-st_corrector
14,Expression or Regulation of TGFB in HNSCC cancers,is tsxtrhbff meaning feeling tired all the time or all the time you have a nonnormal feeling Tsa,CorrelationGECO,1,0.001,tshrfxabnormal does this mean feeling tired all time,msmarco-passage/train,ielabgroup/vec2text_gtr-base-st_corrector
15,ATPase and apoptosis,ATP (atp) in cells is a ligand of a variety of atoms and is stored in the cells of the cell,CorrelationGECO,1,0.001,what is atp in cells,msmarco-passage/train,ielabgroup/vec2text_gtr-base-st_corrector
15,ATPase and apoptosis,"pyeloectetasis, a definition of pyelocystotic local kidneys",CorrelationGECO,1,0.001,pyelocaliectasis kidneys definition,msmarco-passage/train,ielabgroup/vec2text_gtr-base-st_corrector
15,ATPase and apoptosis,-proptosis -proptosis is a neuropathic condition of the eye that occurs in the eye,CorrelationGECO,1,0.001,what is proptosis in the eye,msmarco-passage/train,ielabgroup/vec2text_gtr-base-st_corrector
15,ATPase and apoptosis,", aposiopesis    is a",CorrelationGECO,1,0.001,what is aposiopesis,msmarco-passage/train,ielabgroup/vec2text_gtr-base-st_corrector
15,ATPase and apoptosis,"cells that depend on atp as energy. In cells containing ATP, ATP is a good enantiomer for the carbo",CorrelationGECO,1,0.001,what cells depend on atp,msmarco-passage/train,ielabgroup/vec2text_gtr-base-st_corrector
15,ATPase and apoptosis,Passata Passata (also known as passata) is a fesso-potassium vegetable and a,CorrelationGECO,1,0.001,what is passata,msmarco-passage/train,ielabgroup/vec2text_gtr-base-st_corrector
15,ATPase and apoptosis,"reanastomosis, a defined restosis of the esophagus and torna",CorrelationGECO,1,0.001,reanastomosis definition,msmarco-passage/train,ielabgroup/vec2text_gtr-base-st_corrector
15,ATPase and apoptosis,a new molecule of carbon is added to the cells. This is what will happen when galactose is added to the cellular,CorrelationGECO,1,0.001,what is happening when galactose is added to the cells,msmarco-passage/train,ielabgroup/vec2text_gtr-base-st_corrector
15,ATPase and apoptosis,"formed in the adenosine phosphates (ATP), atp is used in the body to eke out energy for many",CorrelationGECO,1,0.001,what is atp used for in the body,msmarco-passage/train,ielabgroup/vec2text_gtr-base-st_corrector
15,ATPase and apoptosis,adenosine triphosphate -adenosine phosphate -a definition of biology for all biological,CorrelationGECO,1,0.001,adenosine triphosphate definition for biology,msmarco-passage/train,ielabgroup/vec2text_gtr-base-st_corrector
16,AAA proteins,"from a fatty acid to a protein, averaging , about 7 to 10 different amino acids are commonly found in proteins (most commonly",CorrelationGECO,1,0.001,how many different amino acids are commonly found in proteins,msmarco-passage/train,ielabgroup/vec2text_gtr-base-st_corrector
16,AAA proteins,definitions scaffolding proteins - is a protein involving the insertion of a ribonucleoprotein in the gastrointestinal system,CorrelationGECO,1,0.001,scaffolding proteins definition,msmarco-passage/train,ielabgroup/vec2text_gtr-base-st_corrector
16,AAA proteins,", , , , , , , are amino acids from wheat (amino acids",CorrelationGECO,1,0.001,are amino acids from wheat,msmarco-passage/train,ielabgroup/vec2text_gtr-base-st_corrector
16,AAA proteins,"enzymatic enzymes, and enzymatic adrenolamines are responsible for the breakdown of protein. Specifically",CorrelationGECO,1,0.001,which enzymes are responsible for the breakdown of protein?,msmarco-passage/train,ielabgroup/vec2text_gtr-base-st_corrector
16,AAA proteins,because of the richness of the data available to scientists such as Baudoi. Proteins are studied collectively and collectively because proteins are a,CorrelationGECO,1,0.001,why are proteins studied collectively,msmarco-passage/train,ielabgroup/vec2text_gtr-base-st_corrector
16,AAA proteins,"a protein is denatured, or if the protein is in a way that is not fully dehydrated, the enumerative",CorrelationGECO,1,0.001,describe  what it  mean  if a protein is denatured quizlet,msmarco-passage/train,ielabgroup/vec2text_gtr-base-st_corrector
16,AAA proteins,which proteins (mostly ribosomes and ribosomal adenosine) are synthesized by ribo,CorrelationGECO,1,0.001,which proteins are synthesized by ribosomes,msmarco-passage/train,ielabgroup/vec2text_gtr-base-st_corrector
16,AAA proteins,which a protein structure is an example of. The alpha helix is a helix-type adipose.,CorrelationGECO,1,0.001,an alpha helix is an example of which protein structure?,msmarco-passage/train,ielabgroup/vec2text_gtr-base-st_corrector
16,AAA proteins,process by which a protein – a protein – is assembled at a ribosome and adducting at the cell,CorrelationGECO,1,0.001,process by which a protein is assembled at a ribosome,msmarco-passage/train,ielabgroup/vec2text_gtr-base-st_corrector
16,AAA proteins,"easy protein - Using a low amount of boiled milk, steamed almonds, and short amounts of protein - matcha",CorrelationGECO,1,0.001,easy matcha protein,msmarco-passage/train,ielabgroup/vec2text_gtr-base-st_corrector
17,DO1 antibody,h1a blood test h1a is a blood-brain test and a blood test that aids individuals with a path,CorrelationGECO,1,0.001,what is hb1a blood test,msmarco-passage/train,ielabgroup/vec2text_gtr-base-st_corrector
17,DO1 antibody,doberman disease. Von Willebrand's disease is a symptom in dystonia eucalyptus,CorrelationGECO,1,0.001,von willebrand disease in dobermans,msmarco-passage/train,ielabgroup/vec2text_gtr-base-st_corrector
17,DO1 antibody,unfavorable antibodies or anti-antibodies crossing the placenta means that the fetus is not able to,CorrelationGECO,1,0.001,unfavorable antibodies crossing the placenta means,msmarco-passage/train,ielabgroup/vec2text_gtr-base-st_corrector
17,DO1 antibody,"(blood doctors) called a blood docs, and a neo-oculo-oculopathologist is called",CorrelationGECO,1,0.001,what are blood docs called,msmarco-passage/train,ielabgroup/vec2text_gtr-base-st_corrector
17,DO1 antibody,"general blood for a fighter, work on adrenetors, adrenecers, and blood tests for cardiovascular or physical",CorrelationGECO,1,0.001,general blood work for fighters,msmarco-passage/train,ielabgroup/vec2text_gtr-base-st_corrector
17,DO1 antibody,booby jugs are a group of antibodies that provide answers to questions on Yahoo!. They are known as antibodies (as,CorrelationGECO,1,0.001,what are antibodies yahoo,msmarco-passage/train,ielabgroup/vec2text_gtr-base-st_corrector
17,DO1 antibody,a blood test performed on a h1bac test shows a hepatic thalassemia and insulin levels,CorrelationGECO,1,0.001,what does a hba1c blood test show,msmarco-passage/train,ielabgroup/vec2text_gtr-base-st_corrector
17,DO1 antibody,"definition of the dominant lethal test, is a test (dual-dominant test) that demonstrates a large percentage of cyto",CorrelationGECO,1,0.001,dominant lethal test definition,msmarco-passage/train,ielabgroup/vec2text_gtr-base-st_corrector
17,DO1 antibody,monoclonal antibody (-antiboditase) is a drug which results from clonal inherited monoantit,CorrelationGECO,1,0.001,what is monoclonal antibody,msmarco-passage/train,ielabgroup/vec2text_gtr-base-st_corrector
17,DO1 antibody,"the initial dose of atropine is a 400-ml dose of thyroxeuprinese, or atropine",CorrelationGECO,1,0.001,what is the initial dose of atropine,msmarco-passage/train,ielabgroup/vec2text_gtr-base-st_corrector
18,Gis4,how to open the SIM card of the iPhone 4 - open it by rubbing the aft portion of the card with a long bar,CorrelationGECO,1,0.001,how to open my iphone 4 sim card,msmarco-passage/train,ielabgroup/vec2text_gtr-base-st_corrector
18,Gis4,install Note 4.01 on a 62 MB device. Install Note 4.01 on a 62 MB device by inserting 0.06 on,CorrelationGECO,1,0.001,how to install 6.01 on note 4,msmarco-passage/train,ielabgroup/vec2text_gtr-base-st_corrector
18,Gis4,GDss computer A GDss computer is a computer that is a programmable and powerful storage and storage control system. This,CorrelationGECO,1,0.001,what is a gds computer,msmarco-passage/train,ielabgroup/vec2text_gtr-base-st_corrector
18,Gis4,a box at t4 includes the following: - - - - - - -  - Box 14,CorrelationGECO,1,0.001,what does box 14 include on t4,msmarco-passage/train,ielabgroup/vec2text_gtr-base-st_corrector
18,Gis4,How to root s4 root i4.1.2.1.37 g.hi i4.2.4.1 sammyo,CorrelationGECO,1,0.001,how to root galaxy s4 sgh-i337m 5.0.1,msmarco-passage/train,ielabgroup/vec2text_gtr-base-st_corrector
18,Gis4,price of the iPhone 4s (Apple iS4 s/o s x s x s) Amazon Amazon,CorrelationGECO,1,0.001,amazon price iphone 4s,msmarco-passage/train,ielabgroup/vec2text_gtr-base-st_corrector
18,Gis4,"is labor day always on the fourth, and on certain days of the year such as Labor Day, Labor Day, Labor Day, or Labor Tuesday, Labor",CorrelationGECO,1,0.001,is labor day always on the fourth,msmarco-passage/train,ielabgroup/vec2text_gtr-base-st_corrector
18,Gis4,gmdss is a generalized typhoid system. It is a feature of the Marswatch system. This,CorrelationGECO,1,0.001,what is gmdss,msmarco-passage/train,ielabgroup/vec2text_gtr-base-st_corrector
18,Gis4,a 4+ is a grading of a GCSE 'C' in the new 'A's and ',CorrelationGECO,1,0.001,what is a 4+ in new gcse grading,msmarco-passage/train,ielabgroup/vec2text_gtr-base-st_corrector
18,Gis4,"from San Francisco, U.S.A., and Si codes 409 is from sysadmin, siscoli, sis",CorrelationGECO,1,0.001,where si are code 409 from,msmarco-passage/train,ielabgroup/vec2text_gtr-base-st_corrector
19,Comparison of Promoters of GAL1 and SUC1,who are now AMS-CATS.com. Century Links Century Links are a group of Frontier sprinter spec Navigators who compete in,CorrelationGECO,1,0.001,who are century links comps frontier,msmarco-passage/train,ielabgroup/vec2text_gtr-base-st_corrector
19,Comparison of Promoters of GAL1 and SUC1,and GSU Assv summit,CorrelationGECO,1,0.001,what does asu & gsv summit stand for,msmarco-passage/train,ielabgroup/vec2text_gtr-base-st_corrector
19,Comparison of Promoters of GAL1 and SUC1,"difference between sala and chia is the advanisation of sba, and chia is the difference between stria",CorrelationGECO,1,0.001,difference between salba and chia,msmarco-passage/train,ielabgroup/vec2text_gtr-base-st_corrector
19,Comparison of Promoters of GAL1 and SUC1,-adrenaline and -adrenaline: duration of action of succinylcholine is 5,CorrelationGECO,1,0.001,duration of action of succinylcholine,msmarco-passage/train,ielabgroup/vec2text_gtr-base-st_corrector
19,Comparison of Promoters of GAL1 and SUC1,"the Gauls were a gaul of the eponymous family of Jacobites, who were the first and second brats",CorrelationGECO,1,0.001,who were the gauls,msmarco-passage/train,ielabgroup/vec2text_gtr-base-st_corrector
19,Comparison of Promoters of GAL1 and SUC1,csu Global ID number csu federal id. id. id. id. 129,CorrelationGECO,1,0.001,csu global federal id number,msmarco-passage/train,ielabgroup/vec2text_gtr-base-st_corrector
19,Comparison of Promoters of GAL1 and SUC1,"Mechanical 1979 Alexander fast locomotion (Locusture of 20,000 ft) and the stresses of linear movement (Locomotion",CorrelationGECO,1,0.001,Alexander 1979 Mechanical stresses in fast locomotion,msmarco-passage/train,ielabgroup/vec2text_gtr-base-st_corrector
19,Comparison of Promoters of GAL1 and SUC1,"datastage difference is the difference in join join on a lookup database (i.e., +1.6) between Data merge and Data merge",CorrelationGECO,1,0.001,datastage difference in join merge lookup,msmarco-passage/train,ielabgroup/vec2text_gtr-base-st_corrector
19,Comparison of Promoters of GAL1 and SUC1,char siu is a renowned character university of cyprus. It is a component of CULC. Char Siu,CorrelationGECO,1,0.001,what is char siu,msmarco-passage/train,ielabgroup/vec2text_gtr-base-st_corrector
19,Comparison of Promoters of GAL1 and SUC1,"program for referral testing is recommended if a court referral program is successful. Court referral tests for suboxone (sovereignty,",CorrelationGECO,1,0.001,do court referral programs test for suboxone,msmarco-passage/train,ielabgroup/vec2text_gtr-base-st_corrector
20,Substrate modification by ubiquitin,-adrenaline and -adrenaline: duration of action of succinylcholine is 5,CorrelationGECO,1,0.001,duration of action of succinylcholine,msmarco-passage/train,ielabgroup/vec2text_gtr-base-st_corrector
20,Substrate modification by ubiquitin,where the turbinates are located – the turbinates – are in the suckling and pericardial scrubs,CorrelationGECO,1,0.001,where are the turbinates,msmarco-passage/train,ielabgroup/vec2text_gtr-base-st_corrector
20,Substrate modification by ubiquitin,tyrosine a tca is the starting substrate of the starting cycle. The starting cycle is the initiation of the ATP reaction,CorrelationGECO,1,0.001,what is the starting substrate of the tca cycle,msmarco-passage/train,ielabgroup/vec2text_gtr-base-st_corrector
20,Substrate modification by ubiquitin,what would happen if the abducens were severed is a severed abrasion and a severe wound. This is known,CorrelationGECO,1,0.001,what would happen is the abducens was severed,msmarco-passage/train,ielabgroup/vec2text_gtr-base-st_corrector
20,Substrate modification by ubiquitin,"dna's and dna's,  subunits are called",CorrelationGECO,1,0.001,subunits are dna are called,msmarco-passage/train,ielabgroup/vec2text_gtr-base-st_corrector
20,Substrate modification by ubiquitin,"what it is. As a result of subsidence, it affects stability, which is how much stability a place can lose during suburban conditions",CorrelationGECO,1,0.001,how does subsidence affect stability?,msmarco-passage/train,ielabgroup/vec2text_gtr-base-st_corrector
20,Substrate modification by ubiquitin,effect of a reaction between a dissolved yeast and its substrate – yeast respiration – affects a bloated gaseous,CorrelationGECO,1,0.001,effect of substrate on yeast respiration,msmarco-passage/train,ielabgroup/vec2text_gtr-base-st_corrector
20,Substrate modification by ubiquitin,a ubi (Universal Computerized BI or UNIVERSION) is a type of embedded system. It,CorrelationGECO,1,0.001,what is a ubi,msmarco-passage/train,ielabgroup/vec2text_gtr-base-st_corrector
20,Substrate modification by ubiquitin,"the growth disk of streptococcus pyogenes, where the disk inhibits pyogenes and invasive",CorrelationGECO,1,0.001,what disk inhibits the growth of streptococcus pyogenes,msmarco-passage/train,ielabgroup/vec2text_gtr-base-st_corrector
20,Substrate modification by ubiquitin,aqueduct is the Keizer aqueduct (Keizer i.v. 1583) used in saline copper,CorrelationGECO,1,0.001,what aqueduct is used in keizer,msmarco-passage/train,ielabgroup/vec2text_gtr-base-st_corrector
21,Role of p63 and p73 in relation to DNA damage,"why phosphorus, along with other biological molecule molecules such as pyrethroid and carbon, is an important biological molecule",CorrelationGECO,1,0.001,why is phosphorus an important biological molecule,msmarco-passage/train,ielabgroup/vec2text_gtr-base-st_corrector
21,Role of p63 and p73 in relation to DNA damage,which a polypeptide is found on the chromosome and specifies the amino acid sequence on a section of chromosome,CorrelationGECO,1,0.001,what segment of dna is found on a chromosome and specifies the amino acid sequence of a polypeptide,msmarco-passage/train,ielabgroup/vec2text_gtr-base-st_corrector
21,Role of p63 and p73 in relation to DNA damage,"a molecule that is not as prone to attack like proteins or biomolecules, making DNA a good molecule makes information good for storage",CorrelationGECO,1,0.001,what makes DNA a good molecule for storing information,msmarco-passage/train,ielabgroup/vec2text_gtr-base-st_corrector
21,Role of p63 and p73 in relation to DNA damage,Prilosec affects DNA of cells in a patient's fetus. Prilosec and prilosec cells,CorrelationGECO,1,0.001,does prilosec affect dna in cells,msmarco-passage/train,ielabgroup/vec2text_gtr-base-st_corrector
21,Role of p63 and p73 in relation to DNA damage,get a G17 daggers by sleeve. How to get pwi daggers is a zo,CorrelationGECO,1,0.001,how do i get g17 daggers pwi,msmarco-passage/train,ielabgroup/vec2text_gtr-base-st_corrector
21,Role of p63 and p73 in relation to DNA damage,"how dangerous it is (innocent a ploy of a pyrotensitizer), plutonium is very dangerous",CorrelationGECO,1,0.001,how dangerous is plutonium,msmarco-passage/train,ielabgroup/vec2text_gtr-base-st_corrector
21,Role of p63 and p73 in relation to DNA damage,Professionalism DPT is a pseudo-title of professionalism and is the therapist's pleading,CorrelationGECO,1,0.001,what is professionalism dpt,msmarco-passage/train,ielabgroup/vec2text_gtr-base-st_corrector
21,Role of p63 and p73 in relation to DNA damage,The dnaphrase dmerase (diamethyl dmerase) does what the DNA polymerases do,CorrelationGECO,1,0.001,what does the dna polymerase do,msmarco-passage/train,ielabgroup/vec2text_gtr-base-st_corrector
21,Role of p63 and p73 in relation to DNA damage,"the enzyme of dnaA-D-Cas, the enzyme causes the enzyme to unzip, causing the enzyme to load up",CorrelationGECO,1,0.001,what enzyme causes dna to unzip,msmarco-passage/train,ielabgroup/vec2text_gtr-base-st_corrector
21,Role of p63 and p73 in relation to DNA damage,"dna dna tell us anything. Moreover, a number of chromosome and DNA analysis tell us what we know",CorrelationGECO,1,0.001,what does dna tell us,msmarco-passage/train,ielabgroup/vec2text_gtr-base-st_corrector
22,Relative response of p53 family members to agents causing single-stranded versus double-stranded DNA breaks,what has happened to Duffy is a scenario of a stricken condition and a person who has been hospitalised since his last day,CorrelationGECO,1,0.001,what has happened to duffy,msmarco-passage/train,ielabgroup/vec2text_gtr-base-st_corrector
22,Relative response of p53 family members to agents causing single-stranded versus double-stranded DNA breaks,"No number for amendment is double jeopardy (as a result of s. 118), double jeopardy (",CorrelationGECO,1,0.001,no double jeopardy with amendment number,msmarco-passage/train,ielabgroup/vec2text_gtr-base-st_corrector
22,Relative response of p53 family members to agents causing single-stranded versus double-stranded DNA breaks,"most enzymes, the one performing enzyme that separates DNA dnaC dnaC dnaC splice",CorrelationGECO,1,0.001,what enzyme separates dna,msmarco-passage/train,ielabgroup/vec2text_gtr-base-st_corrector
22,Relative response of p53 family members to agents causing single-stranded versus double-stranded DNA breaks,types of molecules are most responsible for the folding wrapping of DNA and adniotide-diachromatin between atoms,CorrelationGECO,1,0.001,what types of molecules are most responsible for the wrapping folding of dna,msmarco-passage/train,ielabgroup/vec2text_gtr-base-st_corrector
22,Relative response of p53 family members to agents causing single-stranded versus double-stranded DNA breaks,is the specific role of the enzyme (as indicated by the dnaab) during the formation of the new strands b,CorrelationGECO,1,0.001,what is the specific role of the enzyme indicated by b during the formation of the new dna strands?,msmarco-passage/train,ielabgroup/vec2text_gtr-base-st_corrector
22,Relative response of p53 family members to agents causing single-stranded versus double-stranded DNA breaks,"for chemistry and chemistry, scientists use a laboratory method that separates DNA, using a small amount of diluent anne",CorrelationGECO,1,0.001,what do scientist use to separate dna,msmarco-passage/train,ielabgroup/vec2text_gtr-base-st_corrector
22,Relative response of p53 family members to agents causing single-stranded versus double-stranded DNA breaks,"chromosome numbers that keep doubling, and their constant growth and sperm concentration, will prevent chromosome numbers from doubling.",CorrelationGECO,1,0.001,what keep chromosome numbers from doubling,msmarco-passage/train,ielabgroup/vec2text_gtr-base-st_corrector
22,Relative response of p53 family members to agents causing single-stranded versus double-stranded DNA breaks,"enzymes unzips proteins during enzymatic synthesis and then, later, enzymatic diffusion back to the DNA sequence",CorrelationGECO,1,0.001,what enzymes unzips dna during protein synthesis,msmarco-passage/train,ielabgroup/vec2text_gtr-base-st_corrector
22,Relative response of p53 family members to agents causing single-stranded versus double-stranded DNA breaks,A paragraph explaining DNA (dynasts and strands) and a summary of it is how DNA does and where cells are,CorrelationGECO,1,0.001,A paragraph explaining dna and what is does,msmarco-passage/train,ielabgroup/vec2text_gtr-base-st_corrector
22,Relative response of p53 family members to agents causing single-stranded versus double-stranded DNA breaks,"containing side pieces (as well as the acromolecules and the protein), side pieces comprise the DNA of a number of molecules",CorrelationGECO,1,0.001,what comprises the side pieces of dna molecules,msmarco-passage/train,ielabgroup/vec2text_gtr-base-st_corrector
23,Saccharomyces cerevisiae proteins involved in ubiquitin system,"(i.e., spherical to solutes and sorons), solubility is affected by the effect of bonds",CorrelationGECO,1,0.001,how is solubility affected by bonds,msmarco-passage/train,ielabgroup/vec2text_gtr-base-st_corrector
23,Saccharomyces cerevisiae proteins involved in ubiquitin system,"how a protein binds to mab, and binds to a protein by",CorrelationGECO,1,0.001,how protein a binds to mab,msmarco-passage/train,ielabgroup/vec2text_gtr-base-st_corrector
23,Saccharomyces cerevisiae proteins involved in ubiquitin system,are insulin and glucagon (glucagon and glucagon ionoesterase) proteins. These proteins are present,CorrelationGECO,1,0.001,are insulin and glucagon proteins,msmarco-passage/train,ielabgroup/vec2text_gtr-base-st_corrector
23,Saccharomyces cerevisiae proteins involved in ubiquitin system,"The organ that affects hyperglycemia, which is a rheumatoid organ of the brain, will affect kidney",CorrelationGECO,1,0.001,what organ does hyperglycemia affect,msmarco-passage/train,ielabgroup/vec2text_gtr-base-st_corrector
23,Saccharomyces cerevisiae proteins involved in ubiquitin system,ubi interest rate. This rate is based on the ubi interest rate (interest rate) of 1.7 per cent (Corporate Income,CorrelationGECO,1,0.001,ubi interest rate,msmarco-passage/train,ielabgroup/vec2text_gtr-base-st_corrector
23,Saccharomyces cerevisiae proteins involved in ubiquitin system,is esculin proteus luxatus eus. Exp. bile bile vulgaris is a bil,CorrelationGECO,1,0.001,is proteus vulgaris bile esculin,msmarco-passage/train,ielabgroup/vec2text_gtr-base-st_corrector
23,Saccharomyces cerevisiae proteins involved in ubiquitin system,"ccB urine ccB urine, ccB uroadrenal, ccB x urine,",CorrelationGECO,1,0.001,ccb urine,msmarco-passage/train,ielabgroup/vec2text_gtr-base-st_corrector
23,Saccharomyces cerevisiae proteins involved in ubiquitin system,"cell which is responsible for the synthesis of elastic fibers, collagen, reticulins and reticular fibers in the cellular organ",CorrelationGECO,1,0.001,"what cell is responsible for synthesis of collagen, elastic fibers and reticular fibers",msmarco-passage/train,ielabgroup/vec2text_gtr-base-st_corrector
23,Saccharomyces cerevisiae proteins involved in ubiquitin system,"typhi bacterium in blood cultures, salmonella typhi bacteriaceae is present in blood culture es",CorrelationGECO,1,0.001,salmonella typhi bacteria in blood culture,msmarco-passage/train,ielabgroup/vec2text_gtr-base-st_corrector
23,Saccharomyces cerevisiae proteins involved in ubiquitin system,"is histologic bridging and turbiasis, which associate Langerhans cell with sella capsulata and distant cell",CorrelationGECO,1,0.001,is langerhans cell histiocytosis associated with sella turcica bridging,msmarco-passage/train,ielabgroup/vec2text_gtr-base-st_corrector
24,Mouse peptidoglycan recognition proteins (PGRP),transformation was shown to occur in mice when the mice () were injected into a set of bacterioplasms by mice (). The mice,CorrelationGECO,1,0.001,transformation of bacteria was shown to occur when _______ bacteria were injected into mice and the mice ______.,msmarco-passage/train,ielabgroup/vec2text_gtr-base-st_corrector
24,Mouse peptidoglycan recognition proteins (PGRP),tara arp  tadhgy  nan  taninckPI,CorrelationGECO,1,0.001,tara mcgahey arnp npi number,msmarco-passage/train,ielabgroup/vec2text_gtr-base-st_corrector
24,Mouse peptidoglycan recognition proteins (PGRP),pg consulting pg Consulting (previously known as pg) is a business-administering and sales guidance service,CorrelationGECO,1,0.001,what is pg consulting,msmarco-passage/train,ielabgroup/vec2text_gtr-base-st_corrector
24,Mouse peptidoglycan recognition proteins (PGRP),gsp contributions are a good deal more than gsp contributions. gsps affect their RST contributions to the,CorrelationGECO,1,0.001,do rrsp contributions affect gst,msmarco-passage/train,ielabgroup/vec2text_gtr-base-st_corrector
24,Mouse peptidoglycan recognition proteins (PGRP),PRP treatment PRP treatment (or PR-treatment) is a therapy that consists of a treatment of pruritus and canon,CorrelationGECO,1,0.001,what is prp treatment,msmarco-passage/train,ielabgroup/vec2text_gtr-base-st_corrector
24,Mouse peptidoglycan recognition proteins (PGRP),graft with a fessosaphthyl. There is no interaction between prozins and,CorrelationGECO,1,0.001,does linzess interact with prograf,msmarco-passage/train,ielabgroup/vec2text_gtr-base-st_corrector
24,Mouse peptidoglycan recognition proteins (PGRP),a RFP. This is a simple and powerful power supply option. A RfP is a form factor similar to FibreGP,CorrelationGECO,1,0.001,what is a rfp,msmarco-passage/train,ielabgroup/vec2text_gtr-base-st_corrector
24,Mouse peptidoglycan recognition proteins (PGRP),ANNP is a group of progressive neuroanalytical receptive children. Arnp is a form of NRNP,CorrelationGECO,1,0.001,what is arnp,msmarco-passage/train,ielabgroup/vec2text_gtr-base-st_corrector
24,Mouse peptidoglycan recognition proteins (PGRP),The crp (programme) The crp is a cranium-based virtual reality database that is a feature of the Gart,CorrelationGECO,1,0.001,what is the crp,msmarco-passage/train,ielabgroup/vec2text_gtr-base-st_corrector
24,Mouse peptidoglycan recognition proteins (PGRP),Rpr for lab testing Rpr is a simulated pre-treatment test for a range of tests used to determine blood pressure and viral,CorrelationGECO,1,0.001,what is rpr for lab testing,msmarco-passage/train,ielabgroup/vec2text_gtr-base-st_corrector
25,Cause of scleroderma,the result of a disease of the skin (such as arachnia or gluten) causes eczema and it causes,CorrelationGECO,1,0.001,what causes eczema,msmarco-passage/train,ielabgroup/vec2text_gtr-base-st_corrector
25,Cause of scleroderma,"During combustion of sulfur-sulfur compounds (sulfurs) and sulphur oxides, sulfur dioxide is a cause of",CorrelationGECO,1,0.001,what is the cause of sulfur oxides,msmarco-passage/train,ielabgroup/vec2text_gtr-base-st_corrector
25,Cause of scleroderma,causes schwannoma. Schannoma is a cyclic tumor and a sclerotid ferromagne,CorrelationGECO,1,0.001,what causes schwannoma tumor,msmarco-passage/train,ielabgroup/vec2text_gtr-base-st_corrector
25,Cause of scleroderma,"under a combination of gastrointestinal and apnea, seborrheic dermatitis (seborrheic",CorrelationGECO,1,0.001,what causes seborrheic dermatitis,msmarco-passage/train,ielabgroup/vec2text_gtr-base-st_corrector
25,Cause of scleroderma,causes: Sicca syndrome is a condition associated with a reaction to a drug and a long duration of Sgadl syndrome,CorrelationGECO,1,0.001,causes of sicca syndrome,msmarco-passage/train,ielabgroup/vec2text_gtr-base-st_corrector
25,Cause of scleroderma,causes by a process called glucanism or a re-growth of the tissue from extracellular stress. This tissue is used to scar,CorrelationGECO,1,0.001,what causes scar tissue,msmarco-passage/train,ielabgroup/vec2text_gtr-base-st_corrector
25,Cause of scleroderma,caused by aitis (acute keratinitis) or thromboembolism (acute keratitis,CorrelationGECO,1,0.001,what causes keratitis,msmarco-passage/train,ielabgroup/vec2text_gtr-base-st_corrector
25,Cause of scleroderma,"conditions (sclerotic dermatitis or contact dermatitis) that cause dermatitis, the medical condition dermatitis",CorrelationGECO,1,0.001,what medical conditions cause for contact dermatitis,msmarco-passage/train,ielabgroup/vec2text_gtr-base-st_corrector
25,Cause of scleroderma,a cause of kilodysoona (Kilochia) or kilophilonasis,CorrelationGECO,1,0.001,causes of koilonychia,msmarco-passage/train,ielabgroup/vec2text_gtr-base-st_corrector
25,Cause of scleroderma,"a cause of a chondrosis of the liver, a liver disease is caused by spontaneous bleeding of liver and apn",CorrelationGECO,1,0.001,what causes spontaneous bleeding of liver,msmarco-passage/train,ielabgroup/vec2text_gtr-base-st_corrector
26,Function of BUB2/BFA1 in the process of cytokinesis,the two types of cells infect are a rabies apoptosis (lives of a newborn animal) and cells in,CorrelationGECO,1,0.001,what are two types of cells rabies infect,msmarco-passage/train,ielabgroup/vec2text_gtr-base-st_corrector
26,Function of BUB2/BFA1 in the process of cytokinesis,"in the work of the bureaucracy, it is the one task of the bureaucracy, which is tasked with completing",CorrelationGECO,1,0.001,what is the one task of the bureaucracy,msmarco-passage/train,ielabgroup/vec2text_gtr-base-st_corrector
26,Function of BUB2/BFA1 in the process of cytokinesis,"needed for a combination of adipose, adiuretic and nut vitamins. BcaA is needed for",CorrelationGECO,1,0.001,what is bcaa needed for,msmarco-passage/train,ielabgroup/vec2text_gtr-base-st_corrector
26,Function of BUB2/BFA1 in the process of cytokinesis,"a definition of leukocytosis, it is a result of bruising of the cells and whiteness of the blood-protein",CorrelationGECO,1,0.001,leukocytosis definition symptoms,msmarco-passage/train,ielabgroup/vec2text_gtr-base-st_corrector
26,Function of BUB2/BFA1 in the process of cytokinesis,travelling in the United States with a valid b2 visa and b1/b2 visa (b1/b2a visa) and valid,CorrelationGECO,1,0.001,travelling usa with valid b1/b2 visa,msmarco-passage/train,ielabgroup/vec2text_gtr-base-st_corrector
26,Function of BUB2/BFA1 in the process of cytokinesis,mastocytosis . a.k.a. mastocytosis is a gastrointestinal venosis.,CorrelationGECO,1,0.001,what is.mastocytosis?,msmarco-passage/train,ielabgroup/vec2text_gtr-base-st_corrector
26,Function of BUB2/BFA1 in the process of cytokinesis,"which phase is cleaved and polarized into two new cells, a polarized polarization phase is the two daughter cell",CorrelationGECO,1,0.001,which phase cell is cleaved into two new daughter cells,msmarco-passage/train,ielabgroup/vec2text_gtr-base-st_corrector
26,Function of BUB2/BFA1 in the process of cytokinesis,"Bpg In biology, Bpg is a polypeptide glycerol irrigated environment (gpg) expressed",CorrelationGECO,1,0.001,what is bpg in biology,msmarco-passage/train,ielabgroup/vec2text_gtr-base-st_corrector
26,Function of BUB2/BFA1 in the process of cytokinesis,"how micobiomes relates to forensics, and it is understood that they relate to a cellular body of data such as DNA,",CorrelationGECO,1,0.001,how does micobiomes relates to forensics,msmarco-passage/train,ielabgroup/vec2text_gtr-base-st_corrector
26,Function of BUB2/BFA1 in the process of cytokinesis,travelling in the United States with a valid b2 visa and b1/b2 visa (b1/b2a visa) and valid,CorrelationGECO,1,0.001,travelling usa with valid b1/b2 visa,msmarco-passage/train,ielabgroup/vec2text_gtr-base-st_corrector
27,Role of autophagy in apoptosis,"a function of the adipose cells in the dermis, these adipose cells are encapsulated",CorrelationGECO,1,0.001,what is the function of the adipose cells in the dermis,msmarco-passage/train,ielabgroup/vec2text_gtr-base-st_corrector
27,Role of autophagy in apoptosis,"is maltose autotrophic or heterotrophic, -autotrophic or -abdominal, -",CorrelationGECO,1,0.001,is maltose autotrophic or heterotrophic,msmarco-passage/train,ielabgroup/vec2text_gtr-base-st_corrector
27,Role of autophagy in apoptosis,"function of the chemical potassium cyanide, which is a biological metabolite of cyanide and other proteins, this function is primarily",CorrelationGECO,1,0.001,what is the biological function of potassium cyanide,msmarco-passage/train,ielabgroup/vec2text_gtr-base-st_corrector
27,Role of autophagy in apoptosis,"apantesis eat adolescence. They are a form of moth ants, and eat sips",CorrelationGECO,1,0.001,what do apantesis   moths eat,msmarco-passage/train,ielabgroup/vec2text_gtr-base-st_corrector
27,Role of autophagy in apoptosis,"function of a range of cells, epithelial cells have a role – the role of epithelioid cells as scaffold",CorrelationGECO,1,0.001,role of epithelial cells,msmarco-passage/train,ielabgroup/vec2text_gtr-base-st_corrector
27,Role of autophagy in apoptosis,"because cells need ATP, which binds to them and provides a new source of energy for their kinebrates. Cells need",CorrelationGECO,1,0.001,why do cells need atp,msmarco-passage/train,ielabgroup/vec2text_gtr-base-st_corrector
27,Role of autophagy in apoptosis,hematopoietic function – a function of adromoepithelial organs and a form of missing,CorrelationGECO,1,0.001,hematopoietic function definition,msmarco-passage/train,ielabgroup/vec2text_gtr-base-st_corrector
27,Role of autophagy in apoptosis,"of quizletin, b) a phagocyte is a phagocyte of a hysterocyte and c)",CorrelationGECO,1,0.001,which of the following is a phagocyte quizlet,msmarco-passage/train,ielabgroup/vec2text_gtr-base-st_corrector
27,Role of autophagy in apoptosis,"function of the trochlea. The trochlea serves to cleave a number of tissues, proteins, and viruses",CorrelationGECO,1,0.001,function of the trochlea,msmarco-passage/train,ielabgroup/vec2text_gtr-base-st_corrector
27,Role of autophagy in apoptosis,a control solenoid control sends atransmission abrasion to the ATOCONUSTION motor which enables it to keep,CorrelationGECO,1,0.001,what does atransmission control solenoid do,msmarco-passage/train,ielabgroup/vec2text_gtr-base-st_corrector
28,Proteases that function in both apoptosis and autophagy cell death,"function of activation functions, and the purpose of these functions, is to perform a function of the B-body (B-body) synapt",CorrelationGECO,1,0.001,what is the purpose of activation functions,msmarco-passage/train,ielabgroup/vec2text_gtr-base-st_corrector
28,Proteases that function in both apoptosis and autophagy cell death,"the processes in common between active and adrenemic fluids, and both have diffusion and transport. Essentially, they all have no answer",CorrelationGECO,1,0.001,what do the processes of active transport and facilitated diffusion have in common?   quizlet,msmarco-passage/train,ielabgroup/vec2text_gtr-base-st_corrector
28,Proteases that function in both apoptosis and autophagy cell death,"mineral required to phosphorylate adnipolyze ATP (adp), according to the enzymatic literature",CorrelationGECO,1,0.001,which mineral is required for the enzymatic phosphorylation of adp?,msmarco-passage/train,ielabgroup/vec2text_gtr-base-st_corrector
28,Proteases that function in both apoptosis and autophagy cell death,"you have your hair during your death, a reminder that your hair does continue to grow after your death and will continue to re-hob",CorrelationGECO,1,0.001,does your hair continue to grow after death,msmarco-passage/train,ielabgroup/vec2text_gtr-base-st_corrector
28,Proteases that function in both apoptosis and autophagy cell death,mitosis is facilitated by glucosis and reactivation of the vesicles in the cell membranes.,CorrelationGECO,1,0.001,mitosis is facilitated by what?,msmarco-passage/train,ielabgroup/vec2text_gtr-base-st_corrector
28,Proteases that function in both apoptosis and autophagy cell death,the function of nad+ is similar to that of nadap+ and nad+ are similar to,CorrelationGECO,1,0.001,how is the function of nad+ similar to that of nadp+,msmarco-passage/train,ielabgroup/vec2text_gtr-base-st_corrector
28,Proteases that function in both apoptosis and autophagy cell death,"reproduction albumin can reproduce, e.g., adenosine aqueous eublastoma,",CorrelationGECO,1,0.001,reproduction albumin can,msmarco-passage/train,ielabgroup/vec2text_gtr-base-st_corrector
28,Proteases that function in both apoptosis and autophagy cell death,function ap . This function ap,CorrelationGECO,1,0.001,function abap,msmarco-passage/train,ielabgroup/vec2text_gtr-base-st_corrector
28,Proteases that function in both apoptosis and autophagy cell death,"group zoe, amboe belong in the zoebacteria and a zoebacteria",CorrelationGECO,1,0.001,what group of protozoa do amboe belong,msmarco-passage/train,ielabgroup/vec2text_gtr-base-st_corrector
28,Proteases that function in both apoptosis and autophagy cell death,"hormone, which scientists believe stimulates the hypothalamus to work on eating and apnea and appetite, respectively. Hypothala",CorrelationGECO,1,0.001,which hormone do scientists believe works on the hypothalamus to stimulate appetite and eating?,msmarco-passage/train,ielabgroup/vec2text_gtr-base-st_corrector
29,Phenotypes of gyrA mutations,a result of a bacterial ectopic disorder called pyrroluria. Pyroluria is a cause of the health,CorrelationGECO,1,0.001,what causes pyroluria,msmarco-passage/train,ielabgroup/vec2text_gtr-base-st_corrector
29,Phenotypes of gyrA mutations,"the allele type of hemophilia is hepa-hepo-hepo-segregation, which has",CorrelationGECO,1,0.001,what type of allele does hemophilia have,msmarco-passage/train,ielabgroup/vec2text_gtr-base-st_corrector
29,Phenotypes of gyrA mutations,what is the result of a mutation occurring in a suppressor gene – the mutase – the gene produces a change,CorrelationGECO,1,0.001,what is the result of a mutation occurring in a suppressor gene,msmarco-passage/train,ielabgroup/vec2text_gtr-base-st_corrector
29,Phenotypes of gyrA mutations,"protein, which contains 0.5 to 0.5 g of protein in each serving of Greek yogurt, is a type of rheumapho",CorrelationGECO,1,0.001,what kind of protein is in greek yogurt,msmarco-passage/train,ielabgroup/vec2text_gtr-base-st_corrector
29,Phenotypes of gyrA mutations,"the type of Fabry disease is a type of mutation, which a mutation in a non-co-exficient brion",CorrelationGECO,1,0.001,what type of mutation is fabry disease,msmarco-passage/train,ielabgroup/vec2text_gtr-base-st_corrector
29,Phenotypes of gyrA mutations,"a type of variant is most likely to produce a new mutation, depending on the level of immunolamb ligand",CorrelationGECO,1,0.001,what kind of mutation is most likely to produce a new variant,msmarco-passage/train,ielabgroup/vec2text_gtr-base-st_corrector
29,Phenotypes of gyrA mutations,genetic mutation answer,CorrelationGECO,1,0.001,genetic mutation answers,msmarco-passage/train,ielabgroup/vec2text_gtr-base-st_corrector
29,Phenotypes of gyrA mutations,substances cause mutations. Substances using a mixture of cadmium and aqueous nitrogen often cause mutations in humans and other,CorrelationGECO,1,0.001,what substances cause mutations,msmarco-passage/train,ielabgroup/vec2text_gtr-base-st_corrector
29,Phenotypes of gyrA mutations,"describe the role of each gyrase/helix in DNA replication and gyrogen. DNA helicase, and gy",CorrelationGECO,1,0.001,describe the role of each in dna replication. DNA gyrase/helicase,msmarco-passage/train,ielabgroup/vec2text_gtr-base-st_corrector
29,Phenotypes of gyrA mutations,diseases caused by a mutation of a gene on one gene. This mutation affects a person with a single ectopic malign,CorrelationGECO,1,0.001,diseases caused by mutation on one gene,msmarco-passage/train,ielabgroup/vec2text_gtr-base-st_corrector
30,Regulatory targets of the Nkx gene family members,-leukotriene is an example of a leukotriene receptor antagonist. This receptor is a component of malign,CorrelationGECO,1,0.001,what is an example of leukotriene receptor antagonist,msmarco-passage/train,ielabgroup/vec2text_gtr-base-st_corrector
30,Regulatory targets of the Nkx gene family members,locations of Nexeo Solutions are located in the southwestern and central areas of the country. The locations are on the Cologne and Garrin,CorrelationGECO,1,0.001,what are the locations for nexeo solutions,msmarco-passage/train,ielabgroup/vec2text_gtr-base-st_corrector
30,Regulatory targets of the Nkx gene family members,-Type 2 -Type 2 -Type 2 acromion narrowing is an acromion,CorrelationGECO,1,0.001,what is type 2 acromion narrowing,msmarco-passage/train,ielabgroup/vec2text_gtr-base-st_corrector
30,Regulatory targets of the Nkx gene family members,who regulates recruitment agencies in the UK i.e. the Employment and Recruiting Services Agency (UKA) who collects £300,CorrelationGECO,1,0.001,who regulates recruitment agencies uk,msmarco-passage/train,ielabgroup/vec2text_gtr-base-st_corrector
30,Regulatory targets of the Nkx gene family members,aptX gene (gene ptx) The aptX gene (gene ptx) exhibits the genetic syndrome,CorrelationGECO,1,0.001,aptx gene,msmarco-passage/train,ielabgroup/vec2text_gtr-base-st_corrector
30,Regulatory targets of the Nkx gene family members,"88 teams advance from nxn, based on the results of the respective divisions: two teams advance from each regional to nx",CorrelationGECO,1,0.001,how many teams advance from each nxn regional,msmarco-passage/train,ielabgroup/vec2text_gtr-base-st_corrector
30,Regulatory targets of the Nkx gene family members,nanoflex technology nanoflex technology (also nanofibre-flex) is a biotechnology technology that is a new technology for addressing,CorrelationGECO,1,0.001,what is nanoflex technology,msmarco-passage/train,ielabgroup/vec2text_gtr-base-st_corrector
30,Regulatory targets of the Nkx gene family members,role of kb nf in inflammatory neosarcomab and nfB plays an important role in disease,CorrelationGECO,1,0.001,role of nf kb in inflammatory disease,msmarco-passage/train,ielabgroup/vec2text_gtr-base-st_corrector
30,Regulatory targets of the Nkx gene family members,a masked allele (or m-allele for a moccurring allele) is an allele for,CorrelationGECO,1,0.001,what is an allele is masked,msmarco-passage/train,ielabgroup/vec2text_gtr-base-st_corrector
30,Regulatory targets of the Nkx gene family members,"88 teams advance from nxn, based on the results of the respective divisions: two teams advance from each regional to nx",CorrelationGECO,1,0.001,how many teams advance from each nxn regional,msmarco-passage/train,ielabgroup/vec2text_gtr-base-st_corrector
31,TOR signaling in neurofibromatosis,(Nih CSf) test is a cylindrical cross-field magnetic resonance imaging test for the detection of a,CorrelationGECO,1,0.001,what is nih csf test,msmarco-passage/train,ielabgroup/vec2text_gtr-base-st_corrector
31,TOR signaling in neurofibromatosis,"sultroseki, hanes, and thyrso-nesiac neurology and negligand neurology",CorrelationGECO,1,0.001,"negroski, sutherland & hanes neurology",msmarco-passage/train,ielabgroup/vec2text_gtr-base-st_corrector
31,TOR signaling in neurofibromatosis,"which neurosurgical pathology diagnosis would be performed, a myelogram diagnosis would be a myocardial fibrosis test.",CorrelationGECO,1,0.001,which neurosurgical pathology would a myelogram diagnose?,msmarco-passage/train,ielabgroup/vec2text_gtr-base-st_corrector
31,TOR signaling in neurofibromatosis,D-NET Cancer D-NET tumor (a.k.a. a D-NET) is a tumor that develops a visual,CorrelationGECO,1,0.001,what is a DNET tumor,msmarco-passage/train,ielabgroup/vec2text_gtr-base-st_corrector
31,TOR signaling in neurofibromatosis,"which nerve fibers transmit pain impulses. They form a type of neocortex-adjacent nerve fiber, which is",CorrelationGECO,1,0.001,which type of nerve fibers transmit pain impulses?,msmarco-passage/train,ielabgroup/vec2text_gtr-base-st_corrector
31,TOR signaling in neurofibromatosis,"after a few neurons. This nerve exits foramen rotundum, the apical foramen rotundum,",CorrelationGECO,1,0.001,what nerve exits foramen rotundum,msmarco-passage/train,ielabgroup/vec2text_gtr-base-st_corrector
31,TOR signaling in neurofibromatosis,whose spinothalamic cell bodies have second order horn columns in the dorsal tronic tract and acetal horn,CorrelationGECO,1,0.001,which spinothalamic tract has its second order neuron cell bodies in dorsal horn column,msmarco-passage/train,ielabgroup/vec2text_gtr-base-st_corrector
31,TOR signaling in neurofibromatosis,"in a series on science, Tony Stark, who is a tomography scientist and a narcoscientist, is Star",CorrelationGECO,1,0.001,what kind of scientist is tony stark,msmarco-passage/train,ielabgroup/vec2text_gtr-base-st_corrector
31,TOR signaling in neurofibromatosis,"at the study of a neuropathic heart attack and a neural trojan, the Neurometrix test is for diagnosing neural dysfunction by",CorrelationGECO,1,0.001,what is the neurometrix test for,msmarco-passage/train,ielabgroup/vec2text_gtr-base-st_corrector
31,TOR signaling in neurofibromatosis,fibrin monomer test is positive. -Ferbinol-1-adrenocyclin -fibroin,CorrelationGECO,1,0.001,fibrin monomer test positive,msmarco-passage/train,ielabgroup/vec2text_gtr-base-st_corrector
32,Xenograft animal models of tumorogenesis,(as a result of a pupil syndrome) Breed mapping is the genetic mapping of a type of RNA or chro,CorrelationGECO,1,0.001,what is breed mapping in genetics,msmarco-passage/train,ielabgroup/vec2text_gtr-base-st_corrector
32,Xenograft animal models of tumorogenesis,activities that type X behaviors do is use a variety of activities to treat problems such as alcoholic beverages and sex card syndrome. The researchers,CorrelationGECO,1,0.001,what types of activities do type x behaviors do,msmarco-passage/train,ielabgroup/vec2text_gtr-base-st_corrector
32,Xenograft animal models of tumorogenesis,"the Xiongnu (, , , ) were a minnow of the Wotongnu",CorrelationGECO,1,0.001,who were the xiongnu,msmarco-passage/train,ielabgroup/vec2text_gtr-base-st_corrector
32,Xenograft animal models of tumorogenesis,"types of animals, worms, tiger, jackrabbits and other insects, animals have an internal skeleton a",CorrelationGECO,1,0.001,what types of animals have an internal skeleton,msmarco-passage/train,ielabgroup/vec2text_gtr-base-st_corrector
32,Xenograft animal models of tumorogenesis,"a pair of -organisms, a pair of -organisms would be a transgenic organism.",CorrelationGECO,1,0.001,what would be a pair of transgenic organisms,msmarco-passage/train,ielabgroup/vec2text_gtr-base-st_corrector
32,Xenograft animal models of tumorogenesis,gastrulation occurs when the embryo is about a grossosahedral size and the size of the embryo is a,CorrelationGECO,1,0.001,gastrulation occurs when the embryo is about the size of a,msmarco-passage/train,ielabgroup/vec2text_gtr-base-st_corrector
32,Xenograft animal models of tumorogenesis,orchidexopy   orchidexopy   is a bilateral sclerocephalic,CorrelationGECO,1,0.001,what is bilateral orchidopexy,msmarco-passage/train,ielabgroup/vec2text_gtr-base-st_corrector
32,Xenograft animal models of tumorogenesis,Angora is an animal that comes from Astra-Carnivorus and Green Danes (grey-tailed arrows,CorrelationGECO,1,0.001,what animal does angora come from,msmarco-passage/train,ielabgroup/vec2text_gtr-base-st_corrector
32,Xenograft animal models of tumorogenesis,"uterine smooth muscle tumor is a common species of uterine tumors, which are common in mammals, equatorial s",CorrelationGECO,1,0.001,what species is uterine smooth muscle tumors common in,msmarco-passage/train,ielabgroup/vec2text_gtr-base-st_corrector
32,Xenograft animal models of tumorogenesis,What happens in crossing over is the genes between the aging  the resulting and the resulting,CorrelationGECO,1,0.001,what happens to the genes in crossing over,msmarco-passage/train,ielabgroup/vec2text_gtr-base-st_corrector
33,"Mice, mutant strains, and Histoplasmosis","depending on the strain in which it is best for pain, i.e., MG-B-A-C-Jaco pain",CorrelationGECO,1,0.001,which strain is best for pain,msmarco-passage/train,ielabgroup/vec2text_gtr-base-st_corrector
33,"Mice, mutant strains, and Histoplasmosis",Ménétienne contiver disease Ménétienne contiver disease (M.C.T.) in m,CorrelationGECO,1,0.001,ménétrier disease ct,msmarco-passage/train,ielabgroup/vec2text_gtr-base-st_corrector
33,"Mice, mutant strains, and Histoplasmosis","types of malignant hematopoietic ailment, hematochaema, and suffoc",CorrelationGECO,1,0.001,types of hematopoietic malignancies,msmarco-passage/train,ielabgroup/vec2text_gtr-base-st_corrector
33,"Mice, mutant strains, and Histoplasmosis","which is a protist, is a type of damp mildew that grows in thety areas of the",CorrelationGECO,1,0.001,what kind of protist is the mildew that commonly grows in damp areas,msmarco-passage/train,ielabgroup/vec2text_gtr-base-st_corrector
33,"Mice, mutant strains, and Histoplasmosis",Anaplasmosis (human sclerosis) Anaplasmosis is a anasthmocytosis of,CorrelationGECO,1,0.001,what is anaplasmosis in humans,msmarco-passage/train,ielabgroup/vec2text_gtr-base-st_corrector
33,"Mice, mutant strains, and Histoplasmosis","bacteria, abaca virus, and symbiosis; whether anaplasmosis is a virus or a",CorrelationGECO,1,0.001,is anaplasmosis a virus or bacteria,msmarco-passage/train,ielabgroup/vec2text_gtr-base-st_corrector
33,"Mice, mutant strains, and Histoplasmosis",(Ashley and Chisna) is a very important example of a harmful mutation. This is a mutation in the DNA,CorrelationGECO,1,0.001,what is an example of a harmful mutation,msmarco-passage/train,ielabgroup/vec2text_gtr-base-st_corrector
33,"Mice, mutant strains, and Histoplasmosis","questions that are asked by the mice are debatable, namely: ""Does this work better for men and mice than for men and mice",CorrelationGECO,1,0.001,what are some debatable questions for of mice and men,msmarco-passage/train,ielabgroup/vec2text_gtr-base-st_corrector
33,"Mice, mutant strains, and Histoplasmosis",the most recent common ancestor of animals (fungi and fungi) quiz based on a diaspora test and the late,CorrelationGECO,1,0.001,most recent common ancestor of fungi and animals quiz,msmarco-passage/train,ielabgroup/vec2text_gtr-base-st_corrector
33,"Mice, mutant strains, and Histoplasmosis","the types of menegitis (a bacterial infection of the feces), and menagitis (a type of rubella",CorrelationGECO,1,0.001,what are the types of menegitis,msmarco-passage/train,ielabgroup/vec2text_gtr-base-st_corrector
34,Gene products of Cryptococcus important to fungal survival,(Octopus) belong to the genus Octopus and it is unknown if the octopus belongs to gen,CorrelationGECO,1,0.001,what genus do octopus belong to,msmarco-passage/train,ielabgroup/vec2text_gtr-base-st_corrector
34,Gene products of Cryptococcus important to fungal survival,micro-organisms that cause gas gangrene. This is due to bacteriorrhea post-doctoral,CorrelationGECO,1,0.001,microorganism that causes gas gangrene,msmarco-passage/train,ielabgroup/vec2text_gtr-base-st_corrector
34,Gene products of Cryptococcus important to fungal survival,"which microorganisms are currently used to manufacture Rennet, there is a lack of commercial approval and the rennet (dia",CorrelationGECO,1,0.001,what microorganisms are currently used to manufacture rennet,msmarco-passage/train,ielabgroup/vec2text_gtr-base-st_corrector
34,Gene products of Cryptococcus important to fungal survival,"The products of procter and gamble are the product of ghetto, argon, lanthanum and alcohol. This process",CorrelationGECO,1,0.001,what are the products of procter and gamble,msmarco-passage/train,ielabgroup/vec2text_gtr-base-st_corrector
34,Gene products of Cryptococcus important to fungal survival,"a gene function and what is a function of it, and what is a purpose, function, and extent of its function, or wean",CorrelationGECO,1,0.001,what is a gene function and purpose,msmarco-passage/train,ielabgroup/vec2text_gtr-base-st_corrector
34,Gene products of Cryptococcus important to fungal survival,"crocin is a chemical compound that consists of cinnase, ducinogen, and frut",CorrelationGECO,1,0.001,what is in crocin,msmarco-passage/train,ielabgroup/vec2text_gtr-base-st_corrector
34,Gene products of Cryptococcus important to fungal survival,CRC is a disease of craniolated chorionic artery disease (CRC). This disease is a disease of heart,CorrelationGECO,1,0.001,what disease is crc,msmarco-passage/train,ielabgroup/vec2text_gtr-base-st_corrector
34,Gene products of Cryptococcus important to fungal survival,a gene is usually . . . . . . . . . . . . .,CorrelationGECO,1,0.001,A gene is usually __________.,msmarco-passage/train,ielabgroup/vec2text_gtr-base-st_corrector
34,Gene products of Cryptococcus important to fungal survival,"kuzu has a number of natural pests, namely chitweeds, squid, kespodylean",CorrelationGECO,1,0.001,what natural pests does kudzu have,msmarco-passage/train,ielabgroup/vec2text_gtr-base-st_corrector
34,Gene products of Cryptococcus important to fungal survival,The Particulate gene is a human genotoxic gene in the presence of air-borne plasmid,CorrelationGECO,1,0.001,what is the particulate gene,msmarco-passage/train,ielabgroup/vec2text_gtr-base-st_corrector
35,WD40 repeat-containing proteins,"a number of proteins that can be made from recombinant DNA technology, such as recombinant DNA and recombin",CorrelationGECO,1,0.001,what are some proteins that can be made from recombinant DNA technology,msmarco-passage/train,ielabgroup/vec2text_gtr-base-st_corrector
35,WD40 repeat-containing proteins,"in a number of foods, such as beef ketchup and a variety of vegetables, protein is found in a food called “ Found",CorrelationGECO,1,0.001,in what food protein is found,msmarco-passage/train,ielabgroup/vec2text_gtr-base-st_corrector
35,WD40 repeat-containing proteins,"which protein causes fluid diffusion in tissues, including a protein (a helix-aminoglycan) which spreads fluid into tissues",CorrelationGECO,1,0.001,which protein causes fluid diffusion into tissues,msmarco-passage/train,ielabgroup/vec2text_gtr-base-st_corrector
35,WD40 repeat-containing proteins,why a protein shakes will congeals. This is because protein shakes after a liquid is released into its arteries and leaves its muscle,CorrelationGECO,1,0.001,why does protein shake congeals,msmarco-passage/train,ielabgroup/vec2text_gtr-base-st_corrector
35,WD40 repeat-containing proteins,"do you find premium protein shakes containing caffeine, e.g., bambin, retinol, do you contain",CorrelationGECO,1,0.001,does premium protein shakes contain caffeine,msmarco-passage/train,ielabgroup/vec2text_gtr-base-st_corrector
35,WD40 repeat-containing proteins,"of eggs, a study of fish, chicken, jack , avocado, and other fish, eggs have protein, which includes protein",CorrelationGECO,1,0.001,do eggs have protein,msmarco-passage/train,ielabgroup/vec2text_gtr-base-st_corrector
35,WD40 repeat-containing proteins,"list of foods that have a lot of protein, e.g. apricot chicken, a pheaso beef",CorrelationGECO,1,0.001,list of foods that have a lot of protein,msmarco-passage/train,ielabgroup/vec2text_gtr-base-st_corrector
35,WD40 repeat-containing proteins,"is microbial rennet and microbial flora and fauna and if it is not, it is a 100% vegetarian",CorrelationGECO,1,0.001,is microbial rennet vegetarian,msmarco-passage/train,ielabgroup/vec2text_gtr-base-st_corrector
35,WD40 repeat-containing proteins,"to which contaminants are present in hydraulic oil, such as hydraulic oil, a few milliliters of distilled oil, a few oils",CorrelationGECO,1,0.001,what contaminants are present in hydraulic oil,msmarco-passage/train,ielabgroup/vec2text_gtr-base-st_corrector
35,WD40 repeat-containing proteins,"Protein level of cowpeas is 4 to 5 g/dL, whereas in a vegetable, calfaprosis",CorrelationGECO,1,0.001,what is the protein level in cowpeas,msmarco-passage/train,ielabgroup/vec2text_gtr-base-st_corrector
36,RAB3A,numbers in Arabic language:             100 arab,CorrelationGECO,1,0.001,numbers in arabic language,msmarco-passage/train,ielabgroup/vec2text_gtr-base-st_corrector
36,RAB3A,", Arabia",CorrelationGECO,1,0.001,what is language of arabia,msmarco-passage/train,ielabgroup/vec2text_gtr-base-st_corrector
36,RAB3A,The rituximab subsaq is a rebuvab medicine that is a special treatment for the graf,CorrelationGECO,1,0.001,what is the rituximab subq,msmarco-passage/train,ielabgroup/vec2text_gtr-base-st_corrector
36,RAB3A,a3 is the size of Super b/A and is a full size (b/a/a/b/adenos,CorrelationGECO,1,0.001,what size is  super b/a3,msmarco-passage/train,ielabgroup/vec2text_gtr-base-st_corrector
36,RAB3A,"as hot as 91 °C, hot salibha sabhya is a result of the burning of hot",CorrelationGECO,1,0.001,how hot is it in sabha libya,msmarco-passage/train,ielabgroup/vec2text_gtr-base-st_corrector
36,RAB3A,The rituximab subsaq is a rebuvab medicine that is a special treatment for the graf,CorrelationGECO,1,0.001,what is the rituximab subq,msmarco-passage/train,ielabgroup/vec2text_gtr-base-st_corrector
36,RAB3A,"bifra means a participatory swine that leads to the grapes. The name, ""Afraa",CorrelationGECO,1,0.001,what does biafra mean,msmarco-passage/train,ielabgroup/vec2text_gtr-base-st_corrector
36,RAB3A,2/3 iv solution 2/3 iv solution is a definition of the 2/3 iv molecule in a continuous mole,CorrelationGECO,1,0.001,2/3 1/3 iv solution definition,msmarco-passage/train,ielabgroup/vec2text_gtr-base-st_corrector
36,RAB3A,"a new program of education and re-education, . Currently, rabbinical school reform is about 3.5 days long and begins",CorrelationGECO,1,0.001,how long is rabbinical school reform,msmarco-passage/train,ielabgroup/vec2text_gtr-base-st_corrector
36,RAB3A,tscheschescheff array is a definition of a chars of a nebsymplectic array,CorrelationGECO,1,0.001,tschebyscheff array definition,msmarco-passage/train,ielabgroup/vec2text_gtr-base-st_corrector
37,PAM,PALD PALD (or pad in cardiac) is a method of adrenegation in the heart. It is fibr,CorrelationGECO,1,0.001,what is pad in cardiac,msmarco-passage/train,ielabgroup/vec2text_gtr-base-st_corrector
37,PAM,"family home and a park, known as falmouth, Falmouth is in PA on the Fletcher-Hamlet Road between August and",CorrelationGECO,1,0.001,where is falmouth in pa,msmarco-passage/train,ielabgroup/vec2text_gtr-base-st_corrector
37,PAM,"who is Jack MA. He is a sociologist, a walker of the new Massachusetts Bay fables, and Tom Fas",CorrelationGECO,1,0.001,who is jack ma,msmarco-passage/train,ielabgroup/vec2text_gtr-base-st_corrector
37,PAM,floam floam (also floam) is a teratomic plastic material that is a rich acetic acid,CorrelationGECO,1,0.001,what is floam,msmarco-passage/train,ielabgroup/vec2text_gtr-base-st_corrector
37,PAM,"P.d.A. P.d.A. is a dish of Benzethyl. ""B.A.",CorrelationGECO,1,0.001,what is p.d.a.,msmarco-passage/train,ielabgroup/vec2text_gtr-base-st_corrector
37,PAM,emma wats emma wats is a sultry food and a hysteri.,CorrelationGECO,1,0.001,emma wats,msmarco-passage/train,ielabgroup/vec2text_gtr-base-st_corrector
37,PAM,(IP) and (Individual Pavement and Payments Bureau) meetings (IPM) means meetings in which you can communicate about,CorrelationGECO,1,0.001,what does ipm mean about meetings,msmarco-passage/train,ielabgroup/vec2text_gtr-base-st_corrector
37,PAM,"by the American Broadcasting Corporation, MUSIC 1000 AM is the most powerful radio station in the world, and by ""American Journal of Public Radio",CorrelationGECO,1,0.001,what is the most powerful am radio station in the world,msmarco-passage/train,ielabgroup/vec2text_gtr-base-st_corrector
37,PAM,tetrafluorosyl aerone (Tpa) is a specialized product of adrene,CorrelationGECO,1,0.001,what is tpa,msmarco-passage/train,ielabgroup/vec2text_gtr-base-st_corrector
37,PAM,located at a location called BP. This is where Parp is located. It is located on the southeast corner of the United States and Japan National,CorrelationGECO,1,0.001,where is parp located,msmarco-passage/train,ielabgroup/vec2text_gtr-base-st_corrector
38,Risk factors for stroke,"in a healthy bowel, a risk of lung disease. Lung diseases, such as pneumococcal disease, are causes",CorrelationGECO,1,0.001,causes of lung disease,msmarco-passage/train,ielabgroup/vec2text_gtr-base-st_corrector
38,Risk factors for stroke,factors that affect the rate of reaction are the different reagents (e.g. hyoscinic acid and the slow,CorrelationGECO,1,0.001,what are different factors that affect the rate of the reaction,msmarco-passage/train,ielabgroup/vec2text_gtr-base-st_corrector
38,Risk factors for stroke,strokes are measured as golf gain,CorrelationGECO,1,0.001,how are strokes gained measured in golf,msmarco-passage/train,ielabgroup/vec2text_gtr-base-st_corrector
38,Risk factors for stroke,"the major factors that affect a full term pregnancy, include factors such as fetus, cervix, a child, pregnancy",CorrelationGECO,1,0.001,what factors affect a full term pregnancy,msmarco-passage/train,ielabgroup/vec2text_gtr-base-st_corrector
38,Risk factors for stroke,"precautions and treatments for infants with albuterol, concerns about albuterol complications, including a tetremia, respiratory infections",CorrelationGECO,1,0.001,what precautions and complications for infants with albuterol treatments,msmarco-passage/train,ielabgroup/vec2text_gtr-base-st_corrector
38,Risk factors for stroke,"number one cause of vascular death, followed by a pulmonary failure and a heart failure in 2013, is the number one cause of vascular death",CorrelationGECO,1,0.001,number one cause of vascular death,msmarco-passage/train,ielabgroup/vec2text_gtr-base-st_corrector
38,Risk factors for stroke,"is a stroke can cause macular degeneration, but not a degeneration. Patients with a recent eye injury such as macular degeneration",CorrelationGECO,1,0.001,can stroke cause macular degeneration?,msmarco-passage/train,ielabgroup/vec2text_gtr-base-st_corrector
38,Risk factors for stroke,"a test for systolic and a pulmonary artery, a test (check for stroke) is given to check",CorrelationGECO,1,0.001,what test is given to check for stroke,msmarco-passage/train,ielabgroup/vec2text_gtr-base-st_corrector
38,Risk factors for stroke,"Heart rate and stroke volume influence three factors :  Heart rate,  blood pressure, and  dilated",CorrelationGECO,1,0.001,what three factors influence heart rate and stroke volume,msmarco-passage/train,ielabgroup/vec2text_gtr-base-st_corrector
38,Risk factors for stroke,"Age differences in factors associated with cervical, and factors associated with cervical recurrence (e.g., ages 18-24",CorrelationGECO,1,0.001,age related differences in factors associated with cervical,msmarco-passage/train,ielabgroup/vec2text_gtr-base-st_corrector
39,Hypertension,HL in medical terminology. Hl is a long-term medical term for high blood cholesterol in the lumbar puncture. This therapy helps,CorrelationGECO,1,0.001,what is hl medical term,msmarco-passage/train,ielabgroup/vec2text_gtr-base-st_corrector
39,Hypertension,word (i.e. a word referring to hypertension or a word referring to a systemic elevated blood pressure).,CorrelationGECO,1,0.001,which word means elevated blood pressure?,msmarco-passage/train,ielabgroup/vec2text_gtr-base-st_corrector
39,Hypertension,by taking a low-level exercise or a high-quality meal. You can increase blood pressure by a single pound of sodium per,CorrelationGECO,1,0.001,how do you increase blood pressure,msmarco-passage/train,ielabgroup/vec2text_gtr-base-st_corrector
39,Hypertension,(abbreviated hypergamy) is the definition of a high mannequin exhibiting a high affinity for,CorrelationGECO,1,0.001,define hypergamy,msmarco-passage/train,ielabgroup/vec2text_gtr-base-st_corrector
39,Hypertension,"operational definition of hyperactivity. They are a set of behavioural, i.e., excitatory, and intervention interventions to diagnose children",CorrelationGECO,1,0.001,operational definitions for hyperactivity.,msmarco-passage/train,ielabgroup/vec2text_gtr-base-st_corrector
39,Hypertension,", is the extreme point of the hyperbola",CorrelationGECO,1,0.001,the is the extreme point of a hyperbola,msmarco-passage/train,ielabgroup/vec2text_gtr-base-st_corrector
39,Hypertension,Extension HT Extension HT is a tyre product that helps menize zeta liquus,CorrelationGECO,1,0.001,what is extenze ht,msmarco-passage/train,ielabgroup/vec2text_gtr-base-st_corrector
39,Hypertension,a role of vitamin B (vitamin bifegra sulfate) in the physiology of hypertension and hypertension,CorrelationGECO,1,0.001,what is the role of vitamin b in hypertension,msmarco-passage/train,ielabgroup/vec2text_gtr-base-st_corrector
39,Hypertension,"you can fly with pulmonary hypertension if you are able to withstand pulmonary embolism, pulmonary dehydration or high frequency",CorrelationGECO,1,0.001,can you fly with pulmonary hypertension,msmarco-passage/train,ielabgroup/vec2text_gtr-base-st_corrector
39,Hypertension,"a 0 to 0 compared to other beverages. Coffee and other caffeine fixation may raise your blood pressure, or may lead to blood pressure",CorrelationGECO,1,0.001,does caffeine raise your blood pressure?,msmarco-passage/train,ielabgroup/vec2text_gtr-base-st_corrector
40,Antigens expressed by lung epithelial cells,"helicase is a helio-helic molecule and, as a result, it possesses a type of molecule",CorrelationGECO,1,0.001,what kind of molecule is helicase,msmarco-passage/train,ielabgroup/vec2text_gtr-base-st_corrector
40,Antigens expressed by lung epithelial cells,"which cancers affect epithelial tissue, and which are called 'cancer hemofails'? ? A",CorrelationGECO,1,0.001,cancers that affect epithelial tissues are called __________.,msmarco-passage/train,ielabgroup/vec2text_gtr-base-st_corrector
40,Antigens expressed by lung epithelial cells,type of epithelium is the esophagothenastolic epithelium that lines the esoph,CorrelationGECO,1,0.001,what type of epithelium lines the esophagus,msmarco-passage/train,ielabgroup/vec2text_gtr-base-st_corrector
40,Antigens expressed by lung epithelial cells,"a layer of glucose, eicosaurin, and a variety of chemicals are found in the epidermal",CorrelationGECO,1,0.001,what is found in the epidermal layer,msmarco-passage/train,ielabgroup/vec2text_gtr-base-st_corrector
40,Antigens expressed by lung epithelial cells,false  and         . Blood is an epithelial tissue,CorrelationGECO,1,0.001,blood is a type of epithelial tissue. true false,msmarco-passage/train,ielabgroup/vec2text_gtr-base-st_corrector
40,Antigens expressed by lung epithelial cells,"types of ventilators associated pneumonia, most notably bronchial obliteration, bronchial venous fluid or respiratory",CorrelationGECO,1,0.001,types of ventilator associated pneumonia,msmarco-passage/train,ielabgroup/vec2text_gtr-base-st_corrector
40,Antigens expressed by lung epithelial cells,The ability to move resonant secretions at 37 to 40 Hz per cubic hp (twiz) frequency of the lung,CorrelationGECO,1,0.001,how many hz  to move secretions resonant frequency of the lung,msmarco-passage/train,ielabgroup/vec2text_gtr-base-st_corrector
40,Antigens expressed by lung epithelial cells,"which are the seven ebola genes, ebola, ebola-disease genes, ebola-a",CorrelationGECO,1,0.001,what are the seven ebola genes,msmarco-passage/train,ielabgroup/vec2text_gtr-base-st_corrector
40,Antigens expressed by lung epithelial cells,"of which the following cells – A, B, , ,  are involved in the production of antibodies which are antibodies to",CorrelationGECO,1,0.001,which of the following cells are involved in the production of antibodies,msmarco-passage/train,ielabgroup/vec2text_gtr-base-st_corrector
40,Antigens expressed by lung epithelial cells,a difference between a muscle cell (-cells) and a body tissue (-cells) and epithelial cells,CorrelationGECO,1,0.001,difference between epithelial cells and muscle cells,msmarco-passage/train,ielabgroup/vec2text_gtr-base-st_corrector
41,Mutations in the Cystic Fibrosis conductance regulator gene,explain how the activity of m-MUPF is regulated. m-MUPF is regulated by the activity of a phospho-,CorrelationGECO,1,0.001,explain how the activity of mpf is regulated,msmarco-passage/train,ielabgroup/vec2text_gtr-base-st_corrector
41,Mutations in the Cystic Fibrosis conductance regulator gene,"is polycythemia, and whether it is a family genetic or not. Polycythemia polycythemia is the genetic",CorrelationGECO,1,0.001,is polycythemia genetic,msmarco-passage/train,ielabgroup/vec2text_gtr-base-st_corrector
41,Mutations in the Cystic Fibrosis conductance regulator gene,of a type of mutation is hemophilia (heterophilia hyatopoia brachyglia,CorrelationGECO,1,0.001,what kind of mutation is hemophilia,msmarco-passage/train,ielabgroup/vec2text_gtr-base-st_corrector
41,Mutations in the Cystic Fibrosis conductance regulator gene,"identify the type of mutation that causes sickle cell disease, which is a sickle cell adenoma-cell adenovirus",CorrelationGECO,1,0.001,identify the type of mutation that causes sickle cell disease,msmarco-passage/train,ielabgroup/vec2text_gtr-base-st_corrector
41,Mutations in the Cystic Fibrosis conductance regulator gene,is the gluteus maximus fasciform (prograde but mollusc)  fusiform,CorrelationGECO,1,0.001,is the gluteus maximus fusiform,msmarco-passage/train,ielabgroup/vec2text_gtr-base-st_corrector
41,Mutations in the Cystic Fibrosis conductance regulator gene,cells causes uncontrolled cell growth and division. This growth is a result of a cellular aorta (fermosis and tumor,CorrelationGECO,1,0.001,what causes uncontrolled cell growth and division,msmarco-passage/train,ielabgroup/vec2text_gtr-base-st_corrector
41,Mutations in the Cystic Fibrosis conductance regulator gene,type of mutation is caused by a spinal muscular atrophy that can be observed by humans with a synapse-defunct Alzheimer,CorrelationGECO,1,0.001,what kind of mutation is caused by spinal muscular atrophy,msmarco-passage/train,ielabgroup/vec2text_gtr-base-st_corrector
41,Mutations in the Cystic Fibrosis conductance regulator gene,complex abnormal is an abnormality in PsgS. This is a disorder of a tegmental glycemic,CorrelationGECO,1,0.001,what is complex abnormal in pgs,msmarco-passage/train,ielabgroup/vec2text_gtr-base-st_corrector
41,Mutations in the Cystic Fibrosis conductance regulator gene,"fibroin converts to fibrinogen when activated by a variety of oligosaccharomas, and is activated",CorrelationGECO,1,0.001,fibrinogen converts to fibrin when activated by what,msmarco-passage/train,ielabgroup/vec2text_gtr-base-st_corrector
41,Mutations in the Cystic Fibrosis conductance regulator gene,"abnormal muscle contractions, a set of physiologic quizzes known as muscle contractions, are out of control slowed by the distribution",CorrelationGECO,1,0.001,abnormal muscle contractions are known as quizlet,msmarco-passage/train,ielabgroup/vec2text_gtr-base-st_corrector
42,Genes altered by chromosome translocations,chromosome of thalassemia is the -alpha chromosome (-alpha thalassemia,CorrelationGECO,1,0.001,what chromosome is alpha thalassemia,msmarco-passage/train,ielabgroup/vec2text_gtr-base-st_corrector
42,Genes altered by chromosome translocations,a number of types of mutation are the types of mutations (Transmutation of a self-renewing agent androb,CorrelationGECO,1,0.001,what are the types ofmutation,msmarco-passage/train,ielabgroup/vec2text_gtr-base-st_corrector
42,Genes altered by chromosome translocations,by using acroporin amplification. DNA aDNA gene expression is detected by PCR reaction and by expression of genes that contain,CorrelationGECO,1,0.001,how is DNA gene expression aPCR detected,msmarco-passage/train,ielabgroup/vec2text_gtr-base-st_corrector
42,Genes altered by chromosome translocations,"a disease, e.g., neurone disease, can affect gene flow. Gene flow can also control levels of lipid and protein",CorrelationGECO,1,0.001,what can affect gene flow,msmarco-passage/train,ielabgroup/vec2text_gtr-base-st_corrector
42,Genes altered by chromosome translocations,"causes genetic brain stroke, a result of family haemorrhage and a brain-synesthesia, and often causes brain stroke",CorrelationGECO,1,0.001,causes genetic brain stroke,msmarco-passage/train,ielabgroup/vec2text_gtr-base-st_corrector
42,Genes altered by chromosome translocations,"are inside gene DNA, or a receptacle inside a dniab. They are a mixture of",CorrelationGECO,1,0.001,are gene inside dna,msmarco-passage/train,ielabgroup/vec2text_gtr-base-st_corrector
42,Genes altered by chromosome translocations,"mthfr gene mutation heterozygous. The mthfr gene is acrozygous, asymmetrical",CorrelationGECO,1,0.001,mthfr gene mutation heterozygous,msmarco-passage/train,ielabgroup/vec2text_gtr-base-st_corrector
42,Genes altered by chromosome translocations,(cf. chromosomal-euniform sclerosis) are a number of chromosomal abnormalities,CorrelationGECO,1,0.001,what are chromosomal abnormalities,msmarco-passage/train,ielabgroup/vec2text_gtr-base-st_corrector
42,Genes altered by chromosome translocations,"how to detect carriers of BRCA genes: by a blood test and a gene reassay, such as the breast ribosom",CorrelationGECO,1,0.001,how to detect carriers of BRCA gene,msmarco-passage/train,ielabgroup/vec2text_gtr-base-st_corrector
42,Genes altered by chromosome translocations,"examples of hereditary mutations, one is a cation mutation that is a variation of a 1  2",CorrelationGECO,1,0.001,examples of hereditary mutations,msmarco-passage/train,ielabgroup/vec2text_gtr-base-st_corrector
43,Sleeping Beauty,a wear-on eye during sleep or a sleep apnea may cause a puffy eye (Calligory,CorrelationGECO,1,0.001,what would cause a puffy eye during sleep,msmarco-passage/train,ielabgroup/vec2text_gtr-base-st_corrector
43,Sleeping Beauty,are Glinda sisters,CorrelationGECO,1,0.001,are glinda and elphaba sisters,msmarco-passage/train,ielabgroup/vec2text_gtr-base-st_corrector
43,Sleeping Beauty,"who's a baby, Baby Ariel. Ariel Ariel (formerly a babe who grew up on the dolphin island)",CorrelationGECO,1,0.001,who is baby ariel,msmarco-passage/train,ielabgroup/vec2text_gtr-base-st_corrector
43,Sleeping Beauty,a sleeping source such as a calf or a muscle fiber during a night or during exercise may cause leg cramps during the sleep,CorrelationGECO,1,0.001,what causes sleeping leg cramp,msmarco-passage/train,ielabgroup/vec2text_gtr-base-st_corrector
43,Sleeping Beauty,When babies can sleep through the night (leaping through the night until the beginning of the day or weighing a baby until 24 weeks),CorrelationGECO,1,0.001,when can babies sleep through the night,msmarco-passage/train,ielabgroup/vec2text_gtr-base-st_corrector
43,Sleeping Beauty,called a neo-nasal blurt or a neo-nasal rhythm when you suddenly fall,CorrelationGECO,1,0.001,what is it called when you suddenly fall asleep,msmarco-passage/train,ielabgroup/vec2text_gtr-base-st_corrector
43,Sleeping Beauty,"average respiration rate during sleep while a person is asleep or asleep, from a resuscitation rate of 3.3 percent to 9 percent",CorrelationGECO,1,0.001,average respiration rate while sleeping,msmarco-passage/train,ielabgroup/vec2text_gtr-base-st_corrector
43,Sleeping Beauty,Sleep-texting Sleep-texting (or sleep texting) is a form of cellular communication by which a friend or foe wear,CorrelationGECO,1,0.001,what is sleep texting,msmarco-passage/train,ielabgroup/vec2text_gtr-base-st_corrector
43,Sleeping Beauty,"who is the mule princess in Disney's ""Disney's Xmas & Dragon Ball"", is Mulan (Marjan",CorrelationGECO,1,0.001,what disney princess is in mulan,msmarco-passage/train,ielabgroup/vec2text_gtr-base-st_corrector
43,Sleeping Beauty,"genre is the Oscar Wildcat classic ""The Ugly Duckling"" (2009), which is a children's genre based on Henry Fox",CorrelationGECO,1,0.001,what genre is the ugly duckling,msmarco-passage/train,ielabgroup/vec2text_gtr-base-st_corrector
44,Proteins involved in the nerve growth factor pathway,to test insulin like growth factor and to see why a person’s lipid profile is compared to a growth factor like glucos,CorrelationGECO,1,0.001,why test insulin like growth factor,msmarco-passage/train,ielabgroup/vec2text_gtr-base-st_corrector
44,Proteins involved in the nerve growth factor pathway,"the products from nutrisystem, Inc., a.k.a. ProteinSystem, contain a lot of protein and not much fatty",CorrelationGECO,1,0.001,is nutrisystem products contain a lot of protein,msmarco-passage/train,ielabgroup/vec2text_gtr-base-st_corrector
44,Proteins involved in the nerve growth factor pathway,"a nerve that affects finger extension, the humerus and lumbar nerves (e.g., Brady) affect finger extension",CorrelationGECO,1,0.001,what nerve affects finger extension,msmarco-passage/train,ielabgroup/vec2text_gtr-base-st_corrector
44,Proteins involved in the nerve growth factor pathway,"cranial nerves are affected in Guillain-Barrel-Rossan ganglia, the guill",CorrelationGECO,1,0.001,what cranial nerves are affected in guillain barre,msmarco-passage/train,ielabgroup/vec2text_gtr-base-st_corrector
44,Proteins involved in the nerve growth factor pathway,"enzymatic enzymes, and enzymatic adrenolamines are responsible for the breakdown of protein. Specifically",CorrelationGECO,1,0.001,which enzymes are responsible for the breakdown of protein?,msmarco-passage/train,ielabgroup/vec2text_gtr-base-st_corrector
44,Proteins involved in the nerve growth factor pathway,"lipoproteins resulting in a  2.1  2.1  helices, Laptin is the largest",CorrelationGECO,1,0.001,what lipoprotein is largest in size,msmarco-passage/train,ielabgroup/vec2text_gtr-base-st_corrector
44,Proteins involved in the nerve growth factor pathway,the information needed for protein symthesis is encoded in the genetic nucleus of the cell by the DNA and only the protein is contained,CorrelationGECO,1,0.001,the genetic information needed for protein sythesis is encoded in the DNA contained in the cell nucleus,msmarco-passage/train,ielabgroup/vec2text_gtr-base-st_corrector
44,Proteins involved in the nerve growth factor pathway,finger and fourth nerve (abdominal nerve) may cause a baby to tingle when the neonatal neuritus is,CorrelationGECO,1,0.001,what nerve causes baby and fourth finger to tingle,msmarco-passage/train,ielabgroup/vec2text_gtr-base-st_corrector
44,Proteins involved in the nerve growth factor pathway,ghristidine and ghro-arginine come from the intestine. It is thought that gnR,CorrelationGECO,1,0.001,where does gnrh come from,msmarco-passage/train,ielabgroup/vec2text_gtr-base-st_corrector
44,Proteins involved in the nerve growth factor pathway,"a product of a pharmacogenosis, a testosterone, or a hair growth hormone, produces a growth hormone.",CorrelationGECO,1,0.001,what produces a growth hormone],msmarco-passage/train,ielabgroup/vec2text_gtr-base-st_corrector
45,Mental Health Wellness-1,"disease causes mental illness, e.g., Huntington's disease, a genetic disorder (Acnea coli) causes",CorrelationGECO,1,0.001,mental causes of disease,msmarco-passage/train,ielabgroup/vec2text_gtr-base-st_corrector
45,Mental Health Wellness-1,benefits of emotional health and the need for emotional health and a reduction in the need for euphoria and ill-health and happiness,CorrelationGECO,1,0.001,benefits of emotional health and the need for emotional health,msmarco-passage/train,ielabgroup/vec2text_gtr-base-st_corrector
45,Mental Health Wellness-1,"is insight into the illness/disorder/obstruction, the best predictor of the treatment of oCD is the oc",CorrelationGECO,1,0.001,is insight into the illness the best predictor of ocd? treatment of,msmarco-passage/train,ielabgroup/vec2text_gtr-base-st_corrector
45,Mental Health Wellness-1,by a single bulletin (GI). Mental illness (or mental disorder) is diagnosed when signs of mental illness are found and a pathologist checks,CorrelationGECO,1,0.001,how is mental illness diagnosed,msmarco-passage/train,ielabgroup/vec2text_gtr-base-st_corrector
45,Mental Health Wellness-1,"who argued that the notion of mental illness was invented, and a similar neo-narcissistic conception called for Isaac Newton",CorrelationGECO,1,0.001,who argued that the notion of mental illness was invented,msmarco-passage/train,ielabgroup/vec2text_gtr-base-st_corrector
45,Mental Health Wellness-1,"a mental disorder include anxiety and bulimia nervosa and the prevalence of certain mental disorders, anxiety is believed to be a",CorrelationGECO,1,0.001,is anxiety a mental disorder,msmarco-passage/train,ielabgroup/vec2text_gtr-base-st_corrector
45,Mental Health Wellness-1,"as much as $800,000 is spent in jails on the mental illness of inmates and other institutions afflicting the mentally ill.",CorrelationGECO,1,0.001,how much money is spent on mental illness in the jails,msmarco-passage/train,ielabgroup/vec2text_gtr-base-st_corrector
45,Mental Health Wellness-1,Health related fitness (fitness-defined fitness,CorrelationGECO,1,0.001,define health related fitness,msmarco-passage/train,ielabgroup/vec2text_gtr-base-st_corrector
45,Mental Health Wellness-1,"graves disease symptoms Mental disease, or Graves disease, is a rare onset of a number of symptoms including anxiety, nocturn",CorrelationGECO,1,0.001,graves disease mental symptoms,msmarco-passage/train,ielabgroup/vec2text_gtr-base-st_corrector
45,Mental Health Wellness-1,"a single difference between a psychological evaluation and a mental health evaluation, or a 'momento evaluation' and a",CorrelationGECO,1,0.001,what is the difference between a mental health evaluation and a psychological evaluation,msmarco-passage/train,ielabgroup/vec2text_gtr-base-st_corrector
46,RSK2,"owner of Knikk. Knikk is the owner of K.E.K., a Toronto-based global energy auction house owned by Isaac Ferguson",CorrelationGECO,1,0.001,who is the owner of kgk?,msmarco-passage/train,ielabgroup/vec2text_gtr-base-st_corrector
46,RSK2,rakshasa rakshasa (who is now Rakshasa) is a leader of the cultural and mystical world,CorrelationGECO,1,0.001,who is rakshasa,msmarco-passage/train,ielabgroup/vec2text_gtr-base-st_corrector
46,RSK2,figurative language 'KS2' (or 'Lumber to Primary School KS2') is a language in the middle,CorrelationGECO,1,0.001,what is figurative language ks2,msmarco-passage/train,ielabgroup/vec2text_gtr-base-st_corrector
46,RSK2,KS2 are noun phrases (,CorrelationGECO,1,0.001,what are noun phrases ks2,msmarco-passage/train,ielabgroup/vec2text_gtr-base-st_corrector
46,RSK2,difference between rsdb (rsda sa sa sa sa sa sa,CorrelationGECO,1,0.001,what is the difference rdsa rdsb,msmarco-passage/train,ielabgroup/vec2text_gtr-base-st_corrector
46,RSK2,msku msku is a children's online shopping and learning bundle based at the University of the Crimean Region of Ontario,CorrelationGECO,1,0.001,what is msku,msmarco-passage/train,ielabgroup/vec2text_gtr-base-st_corrector
46,RSK2,whether you need to submit your K2 or if you need to submit your KS2 for your tax return and your tax return you are preparing,CorrelationGECO,1,0.001,do i need to submit my k2 with my tax return,msmarco-passage/train,ielabgroup/vec2text_gtr-base-st_corrector
46,RSK2,"in the UK, 'size 2' is a fess swain shoe for a 1 - 0",CorrelationGECO,1,0.001,what is a size 2 in uk,msmarco-passage/train,ielabgroup/vec2text_gtr-base-st_corrector
46,RSK2,"6,000 kilowatts of gal/m2 tank can go 2.2 kilometers. If the meter is a kilometer too long",CorrelationGECO,1,0.001,how many kilometers can a 2.2 gal tank go?,msmarco-passage/train,ielabgroup/vec2text_gtr-base-st_corrector
46,RSK2,FS2 strains FS2 strains are a series of strains known as fec-A1 and fec,CorrelationGECO,1,0.001,what are f2 strains,msmarco-passage/train,ielabgroup/vec2text_gtr-base-st_corrector
47,Human gene BCL-2 antagonists and inhibitors,to use lantamus instead of glaupillar instead of lantasus because basaglar is a better gastrointestinal,CorrelationGECO,1,0.001,why use basaglar instead of lantus,msmarco-passage/train,ielabgroup/vec2text_gtr-base-st_corrector
47,Human gene BCL-2 antagonists and inhibitors,"what are the enemies of the monarch butterfly, which is one of its enemies, namely the Butterfly's snorror wings",CorrelationGECO,1,0.001,what is some of the monarch butterfly's enemies,msmarco-passage/train,ielabgroup/vec2text_gtr-base-st_corrector
47,Human gene BCL-2 antagonists and inhibitors,"what is an alternate version of a gene, which is the -additional version of -additional version.",CorrelationGECO,1,0.001,what is the alternate version of a gene,msmarco-passage/train,ielabgroup/vec2text_gtr-base-st_corrector
47,Human gene BCL-2 antagonists and inhibitors,"is bromelain (bromathiol) a blood thinner, bromathiol has been shown to decrease the blood",CorrelationGECO,1,0.001,is bromelain a blood thinner,msmarco-passage/train,ielabgroup/vec2text_gtr-base-st_corrector
47,Human gene BCL-2 antagonists and inhibitors,"is Her2 is a gene (as with APENSA1 and Her2-Aps). Unlike the U-T gene,",CorrelationGECO,1,0.001,is Her2 a gene,msmarco-passage/train,ielabgroup/vec2text_gtr-base-st_corrector
47,Human gene BCL-2 antagonists and inhibitors,cyclophosphamide mechanism of action is simple cyclophosphamide-based cyclohemoprotea,CorrelationGECO,1,0.001,cyclophosphamide mechanism of action,msmarco-passage/train,ielabgroup/vec2text_gtr-base-st_corrector
47,Human gene BCL-2 antagonists and inhibitors,is lipopolysaccharides. O-saccharides do contain antigens (or other osaccharides,CorrelationGECO,1,0.001,does lipopolysaccharides contains O-antigens?,msmarco-passage/train,ielabgroup/vec2text_gtr-base-st_corrector
47,Human gene BCL-2 antagonists and inhibitors,"which a molecule on the -adrenoleukin is called the inhibitor site on an enzyme, and it is called",CorrelationGECO,1,0.001,what is the inhibitor site on an enzyme called?,msmarco-passage/train,ielabgroup/vec2text_gtr-base-st_corrector
47,Human gene BCL-2 antagonists and inhibitors,tcl tcl is a polychloride and a series of chemicals known as beryllium.,CorrelationGECO,1,0.001,what is tcl,msmarco-passage/train,ielabgroup/vec2text_gtr-base-st_corrector
47,Human gene BCL-2 antagonists and inhibitors,of bacteria that cause disease to human beings are the most human bacteriophages and are an example of that in the human sphere such as,CorrelationGECO,1,0.001,most bacteria that cause diseases to human beings are example of,msmarco-passage/train,ielabgroup/vec2text_gtr-base-st_corrector
48,Human homologues of C. elegans UNC genes,genus in humans are the genus 'Weeping savers' (US) and 'Homo nig,CorrelationGECO,1,0.001,what genus are humans in,msmarco-passage/train,ielabgroup/vec2text_gtr-base-st_corrector
48,Human homologues of C. elegans UNC genes,"if genes are forming and mutate (as well as a change in gene morphology and genetic modification), genes are mut",CorrelationGECO,1,0.001,are genes mutating,msmarco-passage/train,ielabgroup/vec2text_gtr-base-st_corrector
48,Human homologues of C. elegans UNC genes,"affecting genes, is that aspects of behavior are affected by genes, which have a higher degree of affect on functions, moods, and intellectual functions",CorrelationGECO,1,0.001,what aspects of behavior are affected by genes,msmarco-passage/train,ielabgroup/vec2text_gtr-base-st_corrector
48,Human homologues of C. elegans UNC genes,chromogranin chromogranin ( ) is a nutrient-rich adipose inhibitor and a,CorrelationGECO,1,0.001,what is chromogranin a,msmarco-passage/train,ielabgroup/vec2text_gtr-base-st_corrector
48,Human homologues of C. elegans UNC genes,IL-1368 OCCD. Congenital abnormalities of arm Congenital abnormalities of arm is a genital diagnosis of,CorrelationGECO,1,0.001,icd code congenital abnormalities of arm,msmarco-passage/train,ielabgroup/vec2text_gtr-base-st_corrector
48,Human homologues of C. elegans UNC genes,known as choanocytes - is a blood cytochrome adrenevirus which collects citrus from,CorrelationGECO,1,0.001,what is choanocytes,msmarco-passage/train,ielabgroup/vec2text_gtr-base-st_corrector
48,Human homologues of C. elegans UNC genes,a gene known as the thalassemia gene (which has mitochondria and T-cell synthesis inhibitors) is responsible for tha,CorrelationGECO,1,0.001,what gene is responsible for thalassemia,msmarco-passage/train,ielabgroup/vec2text_gtr-base-st_corrector
48,Human homologues of C. elegans UNC genes,(Unc) is a collegiate athletics and tennis legend who is a runner-up to the world champion University of North Carolina.,CorrelationGECO,1,0.001,who is unc,msmarco-passage/train,ielabgroup/vec2text_gtr-base-st_corrector
48,Human homologues of C. elegans UNC genes,"snafolk and cpDNA, which is closest to humans, or animals closest to humans based on their genetics",CorrelationGECO,1,0.001,which animals dna is closest to humans,msmarco-passage/train,ielabgroup/vec2text_gtr-base-st_corrector
48,Human homologues of C. elegans UNC genes,symptoms of low homocysteine levels. These symptoms may be a loss of body grained and rheumatoid,CorrelationGECO,1,0.001,symptoms of low homocysteine levels,msmarco-passage/train,ielabgroup/vec2text_gtr-base-st_corrector
49,Glyphosate tolerance gene sequence,concentricity tolerance (or clusicity tolerance) is defined as the tolerance tolerance of the amount of a substance that will be contained,CorrelationGECO,1,0.001,concentricity tolerance definition,msmarco-passage/train,ielabgroup/vec2text_gtr-base-st_corrector
49,Glyphosate tolerance gene sequence,definition of a gene  biology           GCSE,CorrelationGECO,1,0.001,gene definition biology gcse,msmarco-passage/train,ielabgroup/vec2text_gtr-base-st_corrector
49,Glyphosate tolerance gene sequence,125 ppm or 0.1 ppm of gluten is the Budweiser glycemic  earlier beer,CorrelationGECO,1,0.001,what ppm of gluten is budweiser beer,msmarco-passage/train,ielabgroup/vec2text_gtr-base-st_corrector
49,Glyphosate tolerance gene sequence,"types of antigens to cause allergies, namely snortweed, hayanes, and autoimmune vaccines containing anti",CorrelationGECO,1,0.001,types of antigens that cause allergies,msmarco-passage/train,ielabgroup/vec2text_gtr-base-st_corrector
49,Glyphosate tolerance gene sequence,"by number of ATP produced in glycolysis, a total number of ATP produced between 1 and 250,000 enantioses and the total",CorrelationGECO,1,0.001,total number of atp produced in glycolysis,msmarco-passage/train,ielabgroup/vec2text_gtr-base-st_corrector
49,Glyphosate tolerance gene sequence,the cause-and-effect sequence is a sequence of a gi-regular pattern in the ABC and Hitchcock,CorrelationGECO,1,0.001,what is cause and effect sequence,msmarco-passage/train,ielabgroup/vec2text_gtr-base-st_corrector
49,Glyphosate tolerance gene sequence,"a gap can be genetic, i.e., it is not possible to have any genetics, but it is possible to have a",CorrelationGECO,1,0.001,can a gap be genetic,msmarco-passage/train,ielabgroup/vec2text_gtr-base-st_corrector
49,Glyphosate tolerance gene sequence,"after a dose of NSA1-A1 response, glutamate is secreted by neurons which are the secretory neurons of neural",CorrelationGECO,1,0.001,glutamate is secreted by which neurons,msmarco-passage/train,ielabgroup/vec2text_gtr-base-st_corrector
49,Glyphosate tolerance gene sequence,"drug that inhibits galucin production, Gabapase primarily inhibits galucin production, and gapas",CorrelationGECO,1,0.001,what drug inhibits gaba production,msmarco-passage/train,ielabgroup/vec2text_gtr-base-st_corrector
49,Glyphosate tolerance gene sequence,"read a tolerance chart by indicating how much tolerability is present. This chart is a 1st chart, or a B chart",CorrelationGECO,1,0.001,how to read a tolerance chart,msmarco-passage/train,ielabgroup/vec2text_gtr-base-st_corrector
50,Low temperature protein expression in E. coli,"temperature to cultivate yogurt. While a temperature of 270 °C is ideal for growing and retaining liquid, a fluid, fibrous",CorrelationGECO,1,0.001,temperature to cultivate yogurt,msmarco-passage/train,ielabgroup/vec2text_gtr-base-st_corrector
50,Low temperature protein expression in E. coli,"temperature range in the laboratory laboratory for freezers such as a refrigerator, a freezer, a food bottle or a 0-100 LB",CorrelationGECO,1,0.001,temperature range for laboratory freezer,msmarco-passage/train,ielabgroup/vec2text_gtr-base-st_corrector
50,Low temperature protein expression in E. coli,"a variety of temperature-regulating mechanisms in organisms, e.g., in a microorganism, organisms react with temperature",CorrelationGECO,1,0.001,temperature-regulating mechanisms in organisms,msmarco-passage/train,ielabgroup/vec2text_gtr-base-st_corrector
50,Low temperature protein expression in E. coli,below normal body temperature (above body temperature 10.5 °C or 10.5 °F) or a normal body,CorrelationGECO,1,0.001,below normal body temp,msmarco-passage/train,ielabgroup/vec2text_gtr-base-st_corrector
50,Low temperature protein expression in E. coli,Low triglycerides or low triglycerides is a range of 32-carbohydrate,CorrelationGECO,1,0.001,what is low triglycerides range,msmarco-passage/train,ielabgroup/vec2text_gtr-base-st_corrector
50,Low temperature protein expression in E. coli,"a temperature of , the temperature is 88 °C (compared to the 82 °C pop in other cities) in e",CorrelationGECO,1,0.001,what's the temperature in el,msmarco-passage/train,ielabgroup/vec2text_gtr-base-st_corrector
50,Low temperature protein expression in E. coli,"in children, coli (also known as Ebola and Echernobacteria) is a bacterial bacterium which is",CorrelationGECO,1,0.001,what is ecoli,msmarco-passage/train,ielabgroup/vec2text_gtr-base-st_corrector
50,Low temperature protein expression in E. coli,suspect that the bacteria in E. coli are a growth structure that is a small proportion of the predicted E. coli growth spra,CorrelationGECO,1,0.001,what to suspect in e coli bacteria growth structure,msmarco-passage/train,ielabgroup/vec2text_gtr-base-st_corrector
50,Low temperature protein expression in E. coli,"a lp1a2a2 code, the lac operon code serves as a code for bacteriology in bacteria.",CorrelationGECO,1,0.001,what does the lac operon in bacteria code for?,msmarco-passage/train,ielabgroup/vec2text_gtr-base-st_corrector
50,Low temperature protein expression in E. coli,"whose response is not a significant temperature control, i.e., the following response is an example of a control that is not",CorrelationGECO,1,0.001,which response is not an example of a significant temperature control,msmarco-passage/train,ielabgroup/vec2text_gtr-base-st_corrector
