query_id,text,obfuscatedText,mechanism,epsilon,top_percentile,pivot_query,pool,corrector_model
1,Ferroportin-1 in humans,"creatinine in the body and its metabolite, creatinine or creatininyltransferase, is the body",CosineGECO,50,0.001,what is creatinine in the body,msmarco-passage/train,ielabgroup/vec2text_gtr-base-st_corrector
1,Ferroportin-1 in humans,"effects of arsenic on humans, causing a reduction in the levels of arousal, cholinergic and respiratory organs",CosineGECO,50,0.001,effects of arsenic to humans,msmarco-passage/train,ielabgroup/vec2text_gtr-base-st_corrector
1,Ferroportin-1 in humans,is flexileril excreted by the liver and its metabolites are excreted by liver IL and IL-protecte,CosineGECO,50,0.001,is flexeril excreted by liver,msmarco-passage/train,ielabgroup/vec2text_gtr-base-st_corrector
1,Ferroportin-1 in humans,(flaminin ion phe phe phe ) is a blood test for ferritin tests and other,CosineGECO,50,0.001,what is ferritin blood test for,msmarco-passage/train,ielabgroup/vec2text_gtr-base-st_corrector
1,Ferroportin-1 in humans,the most common type of human helminth disease in the U.S. (momentum tensile syndrome) is the most,CosineGECO,50,0.001,the most common type of human helminth disease in the us is,msmarco-passage/train,ielabgroup/vec2text_gtr-base-st_corrector
1,Ferroportin-1 in humans,can humans get fleas from feces and intestines and from feces when they eat tapeworms or,CosineGECO,50,0.001,can humans get tapeworms from fleas,msmarco-passage/train,ielabgroup/vec2text_gtr-base-st_corrector
1,Ferroportin-1 in humans,"(Anthropod) and molluscs, the earliest human fossils are from the period between 630 and 630 CE,",CosineGECO,50,0.001,what period are the earliest human fossils from,msmarco-passage/train,ielabgroup/vec2text_gtr-base-st_corrector
1,Ferroportin-1 in humans,"in Hydrofera Blue is a mixture of a variety of substances, including carboxylic acid, phosphorus and acesulf",CosineGECO,50,0.001,what is in hydrofera blue,msmarco-passage/train,ielabgroup/vec2text_gtr-base-st_corrector
1,Ferroportin-1 in humans,hygroscopic - hygroscopic ferric chloride chloride is a granule of chlor,CosineGECO,50,0.001,is ferric chloride hygroscopic,msmarco-passage/train,ielabgroup/vec2text_gtr-base-st_corrector
1,Ferroportin-1 in humans,a ferritin (fertin) is a protein used to phosphorylate and calcify many -ions to,CosineGECO,50,0.001,ferritin is a protein used to,msmarco-passage/train,ielabgroup/vec2text_gtr-base-st_corrector
2,Generating transgenic mice,"by which enzymes are used in genetic engineering (biology, pharmacology, etc.) and are used as a feedstock for genetic",CosineGECO,50,0.001,how are enzymes used in genetic engineering,msmarco-passage/train,ielabgroup/vec2text_gtr-base-st_corrector
2,Generating transgenic mice,"During translocation, a variety of atrophs (antigens and proteins) are transfected and they initiate and occur during trans",CosineGECO,50,0.001,what occurs during translocation,msmarco-passage/train,ielabgroup/vec2text_gtr-base-st_corrector
2,Generating transgenic mice,are somatic mutations (sepias resulting in somatic infemory) that can be inherited can be,CosineGECO,50,0.001,can somatic mutations be inherited,msmarco-passage/train,ielabgroup/vec2text_gtr-base-st_corrector
2,Generating transgenic mice,"what you call human altering animals with genes (e.g., 'gutspells'). This is sometimes called ""phenomen",CosineGECO,50,0.001,what is it called when you alter human genes with animals,msmarco-passage/train,ielabgroup/vec2text_gtr-base-st_corrector
2,Generating transgenic mice,combining dna from different sources and reseminating it from different sources is an example of combining dna from,CosineGECO,50,0.001,combining dna from different sources is an example of,msmarco-passage/train,ielabgroup/vec2text_gtr-base-st_corrector
2,Generating transgenic mice,change of -leciton to -leciton and other genes is a gene mutation means a mutation of,CosineGECO,50,0.001,gene mutation means,msmarco-passage/train,ielabgroup/vec2text_gtr-base-st_corrector
2,Generating transgenic mice,"the gene mthfr. The gene mthfr, mthfr, performs a role for gene fran",CosineGECO,50,0.001,which gene mthfr,msmarco-passage/train,ielabgroup/vec2text_gtr-base-st_corrector
2,Generating transgenic mice,"of a variety of syscrapers and peripherals Mouse and keyboard input and output are examples of input/output, or mice,",CosineGECO,50,0.001,what kind of examples are keyboards and mice output or input,msmarco-passage/train,ielabgroup/vec2text_gtr-base-st_corrector
2,Generating transgenic mice,"what a controlled gene consists of, Controlled mutations work to control ectopic defects, such as chromosome changes or mutation",CosineGECO,50,0.001,what do controlled gene mutations consist of,msmarco-passage/train,ielabgroup/vec2text_gtr-base-st_corrector
2,Generating transgenic mice,"genes in PtC, which are a blend of tetraz, peptides, and a variety of other PTC",CosineGECO,50,0.001,what genes are in ptc,msmarco-passage/train,ielabgroup/vec2text_gtr-base-st_corrector
3,Time course for gene expression in mouse kidney,"a result of a muscle clension, a back muscle, or a person with a liver condition may cause kidney sore",CosineGECO,50,0.001,what causes kidney soreness,msmarco-passage/train,ielabgroup/vec2text_gtr-base-st_corrector
3,Time course for gene expression in mouse kidney,analysis of gene sequence and epsegonysmosome glucose protein. The ELP gene analysis is,CosineGECO,50,0.001,what is elp gene sequence analysis,msmarco-passage/train,ielabgroup/vec2text_gtr-base-st_corrector
3,Time course for gene expression in mouse kidney,"in a person with kidney disease (a person with renal disease, a person with reniform sclerosis), the lifespan of 10 years",CosineGECO,50,0.001,what is the lifespan of a person with kidney disease,msmarco-passage/train,ielabgroup/vec2text_gtr-base-st_corrector
3,Time course for gene expression in mouse kidney,kidneys (perfuse symmetrically) is what perspires to. It normally fluttersidly from front to side,CosineGECO,50,0.001,what does kidneys perfuse symmetrically,msmarco-passage/train,ielabgroup/vec2text_gtr-base-st_corrector
3,Time course for gene expression in mouse kidney,a result of the analytic synthesis of the glia-mamma. The effect of an increase in gene expression is,CosineGECO,50,0.001,what is the effect of an increase in gene expression,msmarco-passage/train,ielabgroup/vec2text_gtr-base-st_corrector
3,Time course for gene expression in mouse kidney,function of the protein produced by that gene in humans is the protein that -------,CosineGECO,50,0.001,what is the function in humans of the protein produced from that gene,msmarco-passage/train,ielabgroup/vec2text_gtr-base-st_corrector
3,Time course for gene expression in mouse kidney,"e.g., urethra and nephron, Kidney disease screening is a test of the information of disease",CosineGECO,50,0.001,what is kidney disease screen,msmarco-passage/train,ielabgroup/vec2text_gtr-base-st_corrector
3,Time course for gene expression in mouse kidney,the karyotype of MERRF is a combination of the cytochrome X-HTML and the inflammatory factors.,CosineGECO,50,0.001,what is the karyotype of MERRF,msmarco-passage/train,ielabgroup/vec2text_gtr-base-st_corrector
3,Time course for gene expression in mouse kidney,"a bloat-like reaction, erectile dysfunction, and gastric pain, erythropoietin does cause",CosineGECO,50,0.001,does erythropoietin cause gas,msmarco-passage/train,ielabgroup/vec2text_gtr-base-st_corrector
3,Time course for gene expression in mouse kidney,the relationship between chromosomes and dna chromosomes (dna chromosomes) and genes,CosineGECO,50,0.001,what is the relationship between chromosomes dna and genes,msmarco-passage/train,ielabgroup/vec2text_gtr-base-st_corrector
4,Gene expression profiles for kidney in mice,"a gene function and what is a function of it, and what is a purpose, function, and extent of its function, or wean",CosineGECO,50,0.001,what is a gene function and purpose,msmarco-passage/train,ielabgroup/vec2text_gtr-base-st_corrector
4,Gene expression profiles for kidney in mice,"blood in the urine of a person, a kidney disease, or a kidney disease are the causes of kidney diseases, including nephro",CosineGECO,50,0.001,what are the causes of kidney diseases,msmarco-passage/train,ielabgroup/vec2text_gtr-base-st_corrector
4,Gene expression profiles for kidney in mice,of structures are the . The Kidney is the region at which the neo-cervical tissue enters and exits the kidney,CosineGECO,50,0.001,The _____ is the region where structures enter and exit the kidney,msmarco-passage/train,ielabgroup/vec2text_gtr-base-st_corrector
4,Gene expression profiles for kidney in mice,"dx code is the 3 to 4 digits for the kidney stone, or 4 digits for kidney stones",CosineGECO,50,0.001,what the dx code for kidney stone,msmarco-passage/train,ielabgroup/vec2text_gtr-base-st_corrector
4,Gene expression profiles for kidney in mice,"indicators of kidney function are a function of the kidneys, e.g., FECARINE inhibitory signal and a steady gradient",CosineGECO,50,0.001,what are indicators of kidney function,msmarco-passage/train,ielabgroup/vec2text_gtr-base-st_corrector
4,Gene expression profiles for kidney in mice,"by ectoplasm, lipids, and exogenous gasses, eukaryotic fluids regulate gene expression. Expression",CosineGECO,50,0.001,what regulates gene expression,msmarco-passage/train,ielabgroup/vec2text_gtr-base-st_corrector
4,Gene expression profiles for kidney in mice,ENF stands for eta-DNA and  stands for eta-DNA and in a sequence of infective,CosineGECO,50,0.001,what does ENF stand for in dna,msmarco-passage/train,ielabgroup/vec2text_gtr-base-st_corrector
4,Gene expression profiles for kidney in mice,"a disease, e.g., neurone disease, can affect gene flow. Gene flow can also control levels of lipid and protein",CosineGECO,50,0.001,what can affect gene flow,msmarco-passage/train,ielabgroup/vec2text_gtr-base-st_corrector
4,Gene expression profiles for kidney in mice,"The affected gene is the pws gene, which is a gene found in pws in both larias and sed",CosineGECO,50,0.001,what is the affected gene in pws,msmarco-passage/train,ielabgroup/vec2text_gtr-base-st_corrector
4,Gene expression profiles for kidney in mice,"if there is a genetic defect or a miscarriage of an expression, it means a gene () is expressed.",CosineGECO,50,0.001,what does it mean if a gene is expressed?,msmarco-passage/train,ielabgroup/vec2text_gtr-base-st_corrector
5,Protocols for isolating cell nuclei,"containing a variety of ion and protein, nuclei are used for -cells. Nuclei are also used for",CosineGECO,50,0.001,what are nuclei used for,msmarco-passage/train,ielabgroup/vec2text_gtr-base-st_corrector
5,Protocols for isolating cell nuclei,"a spinning cingulus, the spin around the nucleus is what rotates and spins it around the center of the nucle",CosineGECO,50,0.001,what spins the around the nucleus,msmarco-passage/train,ielabgroup/vec2text_gtr-base-st_corrector
5,Protocols for isolating cell nuclei,"the option Nu6 is the option 201,005 and is a key decision of the agglomeration of the state of the country",CosineGECO,50,0.001,what is option nu6,msmarco-passage/train,ielabgroup/vec2text_gtr-base-st_corrector
5,Protocols for isolating cell nuclei,the information needed for protein symthesis is encoded in the genetic nucleus of the cell by the DNA and only the protein is contained,CosineGECO,50,0.001,the genetic information needed for protein sythesis is encoded in the DNA contained in the cell nucleus,msmarco-passage/train,ielabgroup/vec2text_gtr-base-st_corrector
5,Protocols for isolating cell nuclei,a strategy of coercive isolation isolation and coercive isolation in the U.S. policy of security,CosineGECO,50,0.001,the strategy of coercive isolation in u.s. security policy,msmarco-passage/train,ielabgroup/vec2text_gtr-base-st_corrector
5,Protocols for isolating cell nuclei,muscle types muscle tissue number of nuclei is 0 to 61 ptas (chilli muscle muscle muscle muscle muscle muscle muscle,CosineGECO,50,0.001,muscle tissue types number of nuclei,msmarco-passage/train,ielabgroup/vec2text_gtr-base-st_corrector
5,Protocols for isolating cell nuclei,"the term ""effective nuclear charge"" (after the Nicolaus Horowitz-Mirsh) is a term used to describe",CosineGECO,50,0.001,what is meant by the term effective nuclear charge,msmarco-passage/train,ielabgroup/vec2text_gtr-base-st_corrector
5,Protocols for isolating cell nuclei,in Excel 2013 is unprotect cells (a.k.a. a.a. a.a. a.a. simpleCF,CosineGECO,50,0.001,excel 2013 unprotect cells,msmarco-passage/train,ielabgroup/vec2text_gtr-base-st_corrector
5,Protocols for isolating cell nuclei,"Brent Reeves and Alvin H. Kimberley, Nuclear extraction (or nuclear extraction) is a method of removing toxic materials from",CosineGECO,50,0.001,what is nuclear extraction,msmarco-passage/train,ielabgroup/vec2text_gtr-base-st_corrector
5,Protocols for isolating cell nuclei,"used for nucleic acid and lactic acid (LCAs), Nucs are used for a variety of applications such as nuclear medicine,",CosineGECO,50,0.001,what are nucs used for,msmarco-passage/train,ielabgroup/vec2text_gtr-base-st_corrector
6,FancD2,br> br> br> br> WINZ will pay for your class 2 and your,CosineGECO,50,0.001,will winz pay for my class 2,msmarco-passage/train,ielabgroup/vec2text_gtr-base-st_corrector
6,FancD2,the genotypes of the F2 generation are: F-types F2 F-types F-,CosineGECO,50,0.001,what are the genotypes of the f2 generation,msmarco-passage/train,ielabgroup/vec2text_gtr-base-st_corrector
6,FancD2,edward brooke iii edward brooke iii is a member of the William F.,CosineGECO,50,0.001,who is edward brooke iii,msmarco-passage/train,ielabgroup/vec2text_gtr-base-st_corrector
6,FancD2,the honorable woman season 2 (April 2016) ad ib april 2016 and the honorable woman season 2 will be,CosineGECO,50,0.001,the honorable woman season 2 april 2016,msmarco-passage/train,ielabgroup/vec2text_gtr-base-st_corrector
6,FancD2,the Hb2 refers to a special entail that combines the TOR2 and the VER2 and increases the metabolic load.,CosineGECO,50,0.001,what does the hb2 entail,msmarco-passage/train,ielabgroup/vec2text_gtr-base-st_corrector
6,FancD2,"a 16th anniversary issue of cdxviic.org, founded in 1864 and incorporated in cdxfranchis",CosineGECO,50,0.001,when was cdxviic founded?,msmarco-passage/train,ielabgroup/vec2text_gtr-base-st_corrector
6,FancD2,the size of the i2 ethernet field (fcs field) of a fcs-companion cable frame.,CosineGECO,50,0.001,how large is the fcs field of an ethernet ii frame,msmarco-passage/train,ielabgroup/vec2text_gtr-base-st_corrector
6,FancD2,Fvc Fvc is a worldwide collection of a variety of products from carpenter's factories. It is known as vil,CosineGECO,50,0.001,what is fvc,msmarco-passage/train,ielabgroup/vec2text_gtr-base-st_corrector
6,FancD2,the cast of once upon a time season 2 once once once once  and once,CosineGECO,50,0.001,once upon a time season 2 cast,msmarco-passage/train,ielabgroup/vec2text_gtr-base-st_corrector
6,FancD2,of each file in Fanuc is to do a backup for each file in a backup function and to do a backup for the corresponding,CosineGECO,50,0.001,what is each file for fanuc do in a backup,msmarco-passage/train,ielabgroup/vec2text_gtr-base-st_corrector
7,DNA repair and oxidative stress,if a syncy/agent/agent/agentry mix can be linked through DNA results from different agencies.,CosineGECO,50,0.001,can dna results from different agencies be linked?,msmarco-passage/train,ielabgroup/vec2text_gtr-base-st_corrector
7,DNA repair and oxidative stress,dna definition,CosineGECO,50,0.001,dna definition bitesize,msmarco-passage/train,ielabgroup/vec2text_gtr-base-st_corrector
7,DNA repair and oxidative stress,What happens happens at the replication fork is a sulfation of the nascent gliases. They relax,CosineGECO,50,0.001,what happens at the replication fork,msmarco-passage/train,ielabgroup/vec2text_gtr-base-st_corrector
7,DNA repair and oxidative stress,"During infemation, genetic damage is a cause of genetic damage and can include a number of causes, such as smoking, mitochondria",CosineGECO,50,0.001,what are some cause of genetic damage,msmarco-passage/train,ielabgroup/vec2text_gtr-base-st_corrector
7,DNA repair and oxidative stress,the role of dnap-polymerase as a dnap-polymerase is in DNA replication,CosineGECO,50,0.001,what is the role of dna polymerase in dna replication,msmarco-passage/train,ielabgroup/vec2text_gtr-base-st_corrector
7,DNA repair and oxidative stress,dnasc and dnasc replication are DNA molecules in two dnasc molecules,CosineGECO,50,0.001,what are dna replication in two dna molec,msmarco-passage/train,ielabgroup/vec2text_gtr-base-st_corrector
7,DNA repair and oxidative stress,function of the dnap-dialect glyceramine and dnap polymerase. This is,CosineGECO,50,0.001,what is the function of the dna polymerase,msmarco-passage/train,ielabgroup/vec2text_gtr-base-st_corrector
7,DNA repair and oxidative stress,"the major enzymes involved in DNA replication are enzymases, enzymatic nase and nase",CosineGECO,50,0.001,what are the major enzymes involved in dna replication,msmarco-passage/train,ielabgroup/vec2text_gtr-base-st_corrector
7,DNA repair and oxidative stress,"repairing optic nerve damage, e.g. abrasion, glaucosis or vision restoration, repairing damaged nerves",CosineGECO,50,0.001,repairing optic nerve damage,msmarco-passage/train,ielabgroup/vec2text_gtr-base-st_corrector
7,DNA repair and oxidative stress,relationship in the cold spring. The relationship varies depending on the snitch level and location of the dsDNA in the cold-spring,CosineGECO,50,0.001,what relationship does dna in the cold spring,msmarco-passage/train,ielabgroup/vec2text_gtr-base-st_corrector
8,Correlation between DNA repair pathways and skin cancer,a difference between a wilt octopus and a wart octopus and skin cancer is between,CosineGECO,50,0.001,difference between a wart and skin cancer,msmarco-passage/train,ielabgroup/vec2text_gtr-base-st_corrector
8,Correlation between DNA repair pathways and skin cancer,Mitochondrial dnasal DNA vs. nuclear dnasal DNA or mitochondrial dna,CosineGECO,50,0.001,mitochondrial dna vs nuclear dna,msmarco-passage/train,ielabgroup/vec2text_gtr-base-st_corrector
8,Correlation between DNA repair pathways and skin cancer,"if a skin cancer develops (skin cancer, skin cancer) can form under skin, i.e. skin around the skin covering",CosineGECO,50,0.001,can skin cancer form under skin,msmarco-passage/train,ielabgroup/vec2text_gtr-base-st_corrector
8,Correlation between DNA repair pathways and skin cancer,"schwannoma is a cancerous tumor, and if a patient is healthy, schwannoma-cancer-resistant",CosineGECO,50,0.001,is schwannoma tumor cancerous,msmarco-passage/train,ielabgroup/vec2text_gtr-base-st_corrector
8,Correlation between DNA repair pathways and skin cancer,"a study in the U.S., whether cryotherapy and cryotherapy do prevent melanin treatment during coloration and",CosineGECO,50,0.001,does cryotherapy prevent melanin,msmarco-passage/train,ielabgroup/vec2text_gtr-base-st_corrector
8,Correlation between DNA repair pathways and skin cancer,"are oncologists handle vascular disease as a patient, whether they treat cancer, eczema, or cancer. They handle",CosineGECO,50,0.001,do oncologists handle vascular disease,msmarco-passage/train,ielabgroup/vec2text_gtr-base-st_corrector
8,Correlation between DNA repair pathways and skin cancer,Colorrhaphy repair is a repair of the rashes and corrosive materials by a Colorrhaphy com,CosineGECO,50,0.001,what is a colporrhaphy repair,msmarco-passage/train,ielabgroup/vec2text_gtr-base-st_corrector
8,Correlation between DNA repair pathways and skin cancer,cancer policy benefits for scdew and scdew residents and cancer acclaim. This policy provides a benefit for cancer,CosineGECO,50,0.001,cancer policy benefits for scdew,msmarco-passage/train,ielabgroup/vec2text_gtr-base-st_corrector
8,Correlation between DNA repair pathways and skin cancer,"dynase repair gene, or dynase repair gene, are a definition of a DNA repair protein",CosineGECO,50,0.001,dna repair gene definition,msmarco-passage/train,ielabgroup/vec2text_gtr-base-st_corrector
8,Correlation between DNA repair pathways and skin cancer,"if a repair contractor wants information on a part of their repair data, they will want information on what direct carrier partner is if he",CosineGECO,50,0.001,what information does carrier want for direct repair partner,msmarco-passage/train,ielabgroup/vec2text_gtr-base-st_corrector
9,mutY,monocryl (monocrystyl) Monocryl is a quinolamine and a drug in the plant variety,CosineGECO,50,0.001,what is monocryl,msmarco-passage/train,ielabgroup/vec2text_gtr-base-st_corrector
9,mutY,(            ) is the abbrevi,CosineGECO,50,0.001,what is the abbreviation for misters,msmarco-passage/train,ielabgroup/vec2text_gtr-base-st_corrector
9,mutY,MMdcdcy MMdcdcy is a kadaadaad that means “the date,CosineGECO,50,0.001,what does mmddccyy mean,msmarco-passage/train,ielabgroup/vec2text_gtr-base-st_corrector
9,mutY,mic (Minority of Impact and Growth of Matter and known as a mic) is a particle accelerator,CosineGECO,50,0.001,what is a mic,msmarco-passage/train,ielabgroup/vec2text_gtr-base-st_corrector
9,mutY,"a malt. Known as a malt, it's a  'maphritis' and a",CosineGECO,50,0.001,what's a malt,msmarco-passage/train,ielabgroup/vec2text_gtr-base-st_corrector
9,mutY,"a tawny port, is a port for liquids and water which is a special type of Tampere-CSI",CosineGECO,50,0.001,what is a tawny port,msmarco-passage/train,ielabgroup/vec2text_gtr-base-st_corrector
9,mutY,"why Mrs. Harriet Tubman was called ""minty"" and referred to as a pleasant, sweet lady and because of her toothpaste",CosineGECO,50,0.001,why was harriet tubman called minty,msmarco-passage/train,ielabgroup/vec2text_gtr-base-st_corrector
9,mutY,"a mud-coated dog, Mudi or Muidi is a mud-crystal dog of India. It",CosineGECO,50,0.001,what is a mudi dog,msmarco-passage/train,ielabgroup/vec2text_gtr-base-st_corrector
9,mutY,M3u (video and m3p) m3u is a lanyard and a car accessory from Ubisoft,CosineGECO,50,0.001,what is m3u,msmarco-passage/train,ielabgroup/vec2text_gtr-base-st_corrector
9,mutY,muck muck (also known as muck) is a grass and vegetable soil follicle that is recognized as an ecosystem,CosineGECO,50,0.001,what is muck,msmarco-passage/train,ielabgroup/vec2text_gtr-base-st_corrector
10,NEIL1,"caliph neaning, emir of the dynasty, Caliph neaning.",CosineGECO,50,0.001,caliph neaning,msmarco-passage/train,ielabgroup/vec2text_gtr-base-st_corrector
10,NEIL1,nasidorine raffaella walladice NPPI number: 64058. This is a medical,CosineGECO,50,0.001,dr rafaella wallace npi number,msmarco-passage/train,ielabgroup/vec2text_gtr-base-st_corrector
10,NEIL1,NEbf NEbf is a free-to-play scout board and a virtual world of the Asean,CosineGECO,50,0.001,what is nebf,msmarco-passage/train,ielabgroup/vec2text_gtr-base-st_corrector
10,NEIL1,"of the number n (denominative nummer, a German acronym for nein) is a definition of the omnibus",CosineGECO,50,0.001,define nein,msmarco-passage/train,ielabgroup/vec2text_gtr-base-st_corrector
10,NEIL1,"(created in c. 1480, a year after the North Korean nepheid) the Naep is created",CosineGECO,50,0.001,when was the naep created,msmarco-passage/train,ielabgroup/vec2text_gtr-base-st_corrector
10,NEIL1,"Flipl Flipl, a defined index of pollution, blemish, and scaly, oxygen-deficiency (FI",CosineGECO,50,0.001,define flipl,msmarco-passage/train,ielabgroup/vec2text_gtr-base-st_corrector
10,NEIL1,Nicolas Hoult Nicolas Hoult is a world-renowned confectioner and the man at the Throbenhol,CosineGECO,50,0.001,who is nicholas hoult,msmarco-passage/train,ielabgroup/vec2text_gtr-base-st_corrector
10,NEIL1,Joaquim Siberlman Joaquim Siberlman is a sports tv personality and the real-life l,CosineGECO,50,0.001,who is joel silberman,msmarco-passage/train,ielabgroup/vec2text_gtr-base-st_corrector
10,NEIL1,"NS - Nf's real name is n.d., which is the birth name of British track player and entertainer Fairleton",CosineGECO,50,0.001,whats nf's real name,msmarco-passage/train,ielabgroup/vec2text_gtr-base-st_corrector
10,NEIL1,Noodlerella Noodlerella (formerly known as Noodlerella) is a teen and teacher of art. She is Italy',CosineGECO,50,0.001,who is noodlerella,msmarco-passage/train,ielabgroup/vec2text_gtr-base-st_corrector
11,Carcinogenesis and hairless mice,"an extreme agnia and tyranny in young women is the cause of excessive hairiness in the female body, most commonly",CosineGECO,50,0.001,what causes extreme hairiness in young women,msmarco-passage/train,ielabgroup/vec2text_gtr-base-st_corrector
11,Carcinogenesis and hairless mice,"ADR1 (aminocrinone) produces hair colour, and hormonal hormones are thought to influence the formation of hair colour by",CosineGECO,50,0.001,what hormone produces hair colour,msmarco-passage/train,ielabgroup/vec2text_gtr-base-st_corrector
11,Carcinogenesis and hairless mice,"if a cancer is a stage 5 cancer, i.e., a stage-squad-cell cancer, there is",CosineGECO,50,0.001,is there a stage 5 cancer,msmarco-passage/train,ielabgroup/vec2text_gtr-base-st_corrector
11,Carcinogenesis and hairless mice,"Diagenesis (metamorphosis) Diagenesis, along with its metabolites and other non-chemical ions, is chemical",CosineGECO,50,0.001,is diagenesis chemical,msmarco-passage/train,ielabgroup/vec2text_gtr-base-st_corrector
11,Carcinogenesis and hairless mice,"causes carcinoma, which is a tumor that accumulates on the outer layers of the skin and causing a process known as choroidomas",CosineGECO,50,0.001,what causes carcinoma,msmarco-passage/train,ielabgroup/vec2text_gtr-base-st_corrector
11,Carcinogenesis and hairless mice,"a 'cancer-causing substance with a high risk of oxidative cancer', chromium is carcinogenic -",CosineGECO,50,0.001,is chromium carcinogenic,msmarco-passage/train,ielabgroup/vec2text_gtr-base-st_corrector
11,Carcinogenesis and hairless mice,a nonelectrolyte is one of the characteristics of a nolectrolyte with a nonelectrone.,CosineGECO,50,0.001,which is a characteristic of a nonelectrolyte?,msmarco-passage/train,ielabgroup/vec2text_gtr-base-st_corrector
11,Carcinogenesis and hairless mice,is myocroliferative neoplasm (cancer) neoplasm. Myococcusurative,CosineGECO,50,0.001,is myeloproliferative neoplasm cancer,msmarco-passage/train,ielabgroup/vec2text_gtr-base-st_corrector
11,Carcinogenesis and hairless mice,Casp can affect reliability of DNA as long as recombination and mRNA count are analyzed. This can affect cascad,CosineGECO,50,0.001,can casp affect dna reliability,msmarco-passage/train,ielabgroup/vec2text_gtr-base-st_corrector
11,Carcinogenesis and hairless mice,"the non-recombinant gametes, which are not recombinant, are recombinant gametes produced by the",CosineGECO,50,0.001,what are the non recombinant gametes produced by the,msmarco-passage/train,ielabgroup/vec2text_gtr-base-st_corrector
12,Genes regulated by Smad4,"which of the following regulatory elements is not a sequence composed of natriures or cDNAs, whereas the remaining elements are",CosineGECO,50,0.001,which of the following regulatory elements is not composed of dna sequences,msmarco-passage/train,ielabgroup/vec2text_gtr-base-st_corrector
12,Genes regulated by Smad4,472e is a bacterium and contains a mixture of famidine and lanthanum. It is known as 50,CosineGECO,50,0.001,what is 472e,msmarco-passage/train,ielabgroup/vec2text_gtr-base-st_corrector
12,Genes regulated by Smad4,effects of retulci on qxoti and retulci on prolactin and chemo,CosineGECO,50,0.001,effects of rexulti on qtc and prolactin,msmarco-passage/train,ielabgroup/vec2text_gtr-base-st_corrector
12,Genes regulated by Smad4,the cause of the down-regulation of expression of a protein after the binding of a gene to a Dniephrotic,CosineGECO,50,0.001,what causes a down-regulation of gene expression after the binding of a protein to dna,msmarco-passage/train,ielabgroup/vec2text_gtr-base-st_corrector
12,Genes regulated by Smad4,gene therapy is an example of a gene in a Y-sequisition. Examples include: br>,CosineGECO,50,0.001,gene therapy examples yahoo,msmarco-passage/train,ielabgroup/vec2text_gtr-base-st_corrector
12,Genes regulated by Smad4,NSmd pad is a type of sasquhar ndl pad. This pad is a powerful sm,CosineGECO,50,0.001,what is nsmd pad,msmarco-passage/train,ielabgroup/vec2text_gtr-base-st_corrector
12,Genes regulated by Smad4,Metabolism (type 4) Metabolism (Type 4) is a metabolic enzyme that is a branch of the food chain that regulates,CosineGECO,50,0.001,what is metabolism type 4,msmarco-passage/train,ielabgroup/vec2text_gtr-base-st_corrector
12,Genes regulated by Smad4,(Vdr) is regulated. This is regulated by reducing the vdr's travel to vdr-i,CosineGECO,50,0.001,how is vdr regulated,msmarco-passage/train,ielabgroup/vec2text_gtr-base-st_corrector
12,Genes regulated by Smad4,"glutamatergic storm , is a musculosis-causing performance art known as Glutamatergic Storm. It is",CosineGECO,50,0.001,what is glutamatergic storm,msmarco-passage/train,ielabgroup/vec2text_gtr-base-st_corrector
12,Genes regulated by Smad4,is regulated. Ammonia (ammonia methyl nase and pHOA) is regulated as a result,CosineGECO,50,0.001,is ammonia regulated,msmarco-passage/train,ielabgroup/vec2text_gtr-base-st_corrector
13,Role of TGFB in angiogenesis in skin,"a cloudy environment, NGl makes clouds cloudy. This is due to high levels of gamma rays and light pollution",CosineGECO,50,0.001,what makes ngl cloudy,msmarco-passage/train,ielabgroup/vec2text_gtr-base-st_corrector
13,Role of TGFB in angiogenesis in skin,"the problem with gtf. Firstly, it's a problem with gf, which isn't up to date.",CosineGECO,50,0.001,what is the problem with gtf?,msmarco-passage/train,ielabgroup/vec2text_gtr-base-st_corrector
13,Role of TGFB in angiogenesis in skin,Red bfr rf rf is a range of ice cream and a variety of products known as RBF. This,CosineGECO,50,0.001,what is rbf,msmarco-passage/train,ielabgroup/vec2text_gtr-base-st_corrector
13,Role of TGFB in angiogenesis in skin,"clasgi can be prevented in patients with CHBs, and if a patient has a problem with glycation",CosineGECO,50,0.001,can clabsi be prevented with chg,msmarco-passage/train,ielabgroup/vec2text_gtr-base-st_corrector
13,Role of TGFB in angiogenesis in skin,Gfr is dependent on GP and RS-based GP. This is a relationship between GP and RS-based GP,CosineGECO,50,0.001,what is gfr dependent on,msmarco-passage/train,ielabgroup/vec2text_gtr-base-st_corrector
13,Role of TGFB in angiogenesis in skin,Figgular glandorhodunion glandorhodunion (glandular tissue) is a type of,CosineGECO,50,0.001,what is fibroglandular tissue,msmarco-passage/train,ielabgroup/vec2text_gtr-base-st_corrector
13,Role of TGFB in angiogenesis in skin,"Using a blob of calcium ions, gelatin helps to make skin jams and ensnare skin and skin particles",CosineGECO,50,0.001,what does gelatin do for your skin,msmarco-passage/train,ielabgroup/vec2text_gtr-base-st_corrector
13,Role of TGFB in angiogenesis in skin,which of the following diagnostic procedures depends on precipitation of antigen-antibody complexes and dilution of antigens.,CosineGECO,50,0.001,which of the following diagnostic procedures depends on precipitation of antigen-antibody complexes?,msmarco-passage/train,ielabgroup/vec2text_gtr-base-st_corrector
13,Role of TGFB in angiogenesis in skin,apply a shave (cosmetal) to get golden skin and apply a shave (cosmetal) to obtain,CosineGECO,50,0.001,how to get golden skin,msmarco-passage/train,ielabgroup/vec2text_gtr-base-st_corrector
13,Role of TGFB in angiogenesis in skin,"(ILM1). During skin cancer, the gene that is affected is sarcomaspinosis, which plays an important role",CosineGECO,50,0.001,what gene is affected during skin cancer,msmarco-passage/train,ielabgroup/vec2text_gtr-base-st_corrector
14,Expression or Regulation of TGFB in HNSCC cancers,by citing guidelines: http://www.nationamyclearhouse.com/pdf/national-clearhouse-guidelines,CosineGECO,50,0.001,how to cite national clearinghouse guidelines,msmarco-passage/train,ielabgroup/vec2text_gtr-base-st_corrector
14,Expression or Regulation of TGFB in HNSCC cancers,"code of publishing federal code of regulations, incorporated into U.S. Code of Federal Regulations,  98-404, provides federal publishing",CosineGECO,50,0.001,code of federal regulations publishing,msmarco-passage/train,ielabgroup/vec2text_gtr-base-st_corrector
14,Expression or Regulation of TGFB in HNSCC cancers,"if you take hyzentra infusions or if you take hyzenta infusions, it is cancer",CosineGECO,50,0.001,is it cancer when you take hizentra infusions,msmarco-passage/train,ielabgroup/vec2text_gtr-base-st_corrector
14,Expression or Regulation of TGFB in HNSCC cancers,"done research on the HBB gene and in a short period of time completed research on the HBB gene (Bathcart syndrome,",CosineGECO,50,0.001,research done HBB gene,msmarco-passage/train,ielabgroup/vec2text_gtr-base-st_corrector
14,Expression or Regulation of TGFB in HNSCC cancers,number hk chk bsc cheque (it is hk bsc a/s) on HIBC,CosineGECO,50,0.001,hsbc hk cheque number,msmarco-passage/train,ielabgroup/vec2text_gtr-base-st_corrector
14,Expression or Regulation of TGFB in HNSCC cancers,regulation z             . When,CosineGECO,50,0.001,regulation z when,msmarco-passage/train,ielabgroup/vec2text_gtr-base-st_corrector
14,Expression or Regulation of TGFB in HNSCC cancers,"the gene mthfr. The gene mthfr, mthfr, performs a role for gene fran",CosineGECO,50,0.001,which gene mthfr,msmarco-passage/train,ielabgroup/vec2text_gtr-base-st_corrector
14,Expression or Regulation of TGFB in HNSCC cancers,ft3rc Discos. The TFC disc is located on the ft3rc tyrannical barrier,CosineGECO,50,0.001,where is the the tfc disc,msmarco-passage/train,ielabgroup/vec2text_gtr-base-st_corrector
14,Expression or Regulation of TGFB in HNSCC cancers,"the most common platinum-based chemotherapy for neosynthetic ILSC-L and nscl, and treatment",CosineGECO,50,0.001,most common platinum-based chemotherapy for nsclc,msmarco-passage/train,ielabgroup/vec2text_gtr-base-st_corrector
14,Expression or Regulation of TGFB in HNSCC cancers,stage 4 heart failure  (heart cancer)  (congestive lung cancer  and  (congestive heart,CosineGECO,50,0.001,stage 4 lung cancer and congestive heart failure,msmarco-passage/train,ielabgroup/vec2text_gtr-base-st_corrector
15,ATPase and apoptosis,"is lyme disease, which is the same as anaplasmosis, and anaplasmosis systole",CosineGECO,50,0.001,is anaplasmosis the same as lyme disease?,msmarco-passage/train,ielabgroup/vec2text_gtr-base-st_corrector
15,ATPase and apoptosis,atelectasis. It is a medical condition called neo-atasma and apoptasia.,CosineGECO,50,0.001,what is atelectasis.,msmarco-passage/train,ielabgroup/vec2text_gtr-base-st_corrector
15,ATPase and apoptosis,"a difference between enzymes maltase and -lactase, -lactase is",CosineGECO,50,0.001,what is the difference between enzymes maltase and lactase,msmarco-passage/train,ielabgroup/vec2text_gtr-base-st_corrector
15,ATPase and apoptosis,Psammobates         is a meaning of batoxins.,CosineGECO,50,0.001,what is psammobates mean?,msmarco-passage/train,ielabgroup/vec2text_gtr-base-st_corrector
15,ATPase and apoptosis,sodium ascorbate acetric acid,CosineGECO,50,0.001,sodium ascorbate ascorbic acid,msmarco-passage/train,ielabgroup/vec2text_gtr-base-st_corrector
15,ATPase and apoptosis,a release of ATP from a molecule of carbon is released from atp and released into ions and channels for high-energy activities.,CosineGECO,50,0.001,what is released from atp,msmarco-passage/train,ielabgroup/vec2text_gtr-base-st_corrector
15,ATPase and apoptosis,-apoptosis -apoptosis is a process of apoptosis in a,CosineGECO,50,0.001,what is apoptosis,msmarco-passage/train,ielabgroup/vec2text_gtr-base-st_corrector
15,ATPase and apoptosis,the nutrient we make from a bit of adenosine and paraffin are used to entrain neurons to make ATP,CosineGECO,50,0.001,what nutrient is used for our neurons to make atp,msmarco-passage/train,ielabgroup/vec2text_gtr-base-st_corrector
15,ATPase and apoptosis,fasl mediated apoptosis fasl mediated apoptosis is a process,CosineGECO,50,0.001,what is fas fasl mediated apoptosis,msmarco-passage/train,ielabgroup/vec2text_gtr-base-st_corrector
15,ATPase and apoptosis,"Apoptosis is a process of apoptosis, which is how a venom of a small cell does",CosineGECO,50,0.001,what does apoptosis do,msmarco-passage/train,ielabgroup/vec2text_gtr-base-st_corrector
16,AAA proteins,"– based on amino acids, the body uses a mix of amino acids and amino acids daily, and no dietary proteins or urea",CosineGECO,50,0.001,does the body use amino acids,msmarco-passage/train,ielabgroup/vec2text_gtr-base-st_corrector
16,AAA proteins,"team from the aftsaa.com aftsia smoiling team, the Chicago Cubs",CosineGECO,50,0.001,who is the chicago cubs aaa team,msmarco-passage/train,ielabgroup/vec2text_gtr-base-st_corrector
16,AAA proteins,aprn (Anserial Physiology or Nursing) is a type of abrasion. An ap,CosineGECO,50,0.001,what is a aprn,msmarco-passage/train,ielabgroup/vec2text_gtr-base-st_corrector
16,AAA proteins,"how many different amino acids make up proteins, i.e., 3 amino acids 1 fessicolomycin",CosineGECO,50,0.001,how many different amino acids make up proteins?,msmarco-passage/train,ielabgroup/vec2text_gtr-base-st_corrector
16,AAA proteins,"structural and cytochemical analysis of GDNF. GDNF is a type of protein, glycerotrophic oligo",CosineGECO,50,0.001,what type of protein is GDNF,msmarco-passage/train,ielabgroup/vec2text_gtr-base-st_corrector
16,AAA proteins,"Monomers make up protein, a small number of cyclohedroxyphenethene and acetyl",CosineGECO,50,0.001,what monomers make up protein,msmarco-passage/train,ielabgroup/vec2text_gtr-base-st_corrector
16,AAA proteins,Argireline argireline () is a peptide of the aminoglycosamine drug which results from,CosineGECO,50,0.001,what is argireline peptide,msmarco-passage/train,ielabgroup/vec2text_gtr-base-st_corrector
16,AAA proteins,"types (f. s. abacin, gamma fatty acid, amo fatty acid) there are 50 types of",CosineGECO,50,0.001,there are ____ types of amino acids,msmarco-passage/train,ielabgroup/vec2text_gtr-base-st_corrector
16,AAA proteins,which bonds amino acids together is the acetyl-glucose-acid-fibrillation bond that joins amino,CosineGECO,50,0.001,what bond joins amino acids together,msmarco-passage/train,ielabgroup/vec2text_gtr-base-st_corrector
16,AAA proteins,"in the functioning of your body and your blood-brain cells, proteins are the major role that the body plays in the ejection of your body",CosineGECO,50,0.001,what is the major role of proteins in your body,msmarco-passage/train,ielabgroup/vec2text_gtr-base-st_corrector
17,DO1 antibody,a 'definition of induced active immunity' - a virulence that activates immune cells and other proteins or,CosineGECO,50,0.001,induced active immunity definition,msmarco-passage/train,ielabgroup/vec2text_gtr-base-st_corrector
17,DO1 antibody,"antibody, HSV, rises first when exposed to a bacteriolide or a hyastomatid",CosineGECO,50,0.001,which antibody rises first when exposed to hsv,msmarco-passage/train,ielabgroup/vec2text_gtr-base-st_corrector
17,DO1 antibody,which injects procrit 1 syringe (known as procrine) to be used in the syringe for feeding,CosineGECO,50,0.001,which syringe is used to inject procrit,msmarco-passage/train,ielabgroup/vec2text_gtr-base-st_corrector
17,DO1 antibody,"antibodies related to peanuts is P-antigen ib, P-antigen ib, P-is",CosineGECO,50,0.001,what antibody is related to peanut allergies,msmarco-passage/train,ielabgroup/vec2text_gtr-base-st_corrector
17,DO1 antibody,"(antigens and antibodies) are a set of proteins and bacteriophages that are released in our bodies, whereas  genes",CosineGECO,50,0.001,what are antigens and antibodies,msmarco-passage/train,ielabgroup/vec2text_gtr-base-st_corrector
17,DO1 antibody,Description of a determinant  Definition of a determinant  is the antigenic anti-anthema,CosineGECO,50,0.001,define and describe  and antigenic determinant,msmarco-passage/train,ielabgroup/vec2text_gtr-base-st_corrector
17,DO1 antibody,Dotx Dotx is a graphical tetanovirus. It is known as dox and is a diagnostic method,CosineGECO,50,0.001,what is dotx,msmarco-passage/train,ielabgroup/vec2text_gtr-base-st_corrector
17,DO1 antibody,"manufacturing step of semiconductor manufacturing, 'doping' is one of the major electromagnetic ions (ECS) stages.",CosineGECO,50,0.001,what step of semiconductor manufacturing is doping?,msmarco-passage/train,ielabgroup/vec2text_gtr-base-st_corrector
17,DO1 antibody,"vitamin D injections, a d-abjection injected with a dose of a few ounces of vitamin D or",CosineGECO,50,0.001,vitamin d injections,msmarco-passage/train,ielabgroup/vec2text_gtr-base-st_corrector
17,DO1 antibody,Dobutamine hydrochloride Dobutamine (dobutamine virulose) is a drug which satisfie,CosineGECO,50,0.001,what is dobutamine hydrochloride,msmarco-passage/train,ielabgroup/vec2text_gtr-base-st_corrector
18,Gis4,"with Genvisc, Genvisc is used for antigen therapy, anti-malarial therapy, and a gynec",CosineGECO,50,0.001,what is genvisc used for,msmarco-passage/train,ielabgroup/vec2text_gtr-base-st_corrector
18,Gis4,how to file a Dispossessory action in Georgia. This action is done by filing a form of dissolution warranted in the,CosineGECO,50,0.001,how to file a dispossessory action in georgia,msmarco-passage/train,ielabgroup/vec2text_gtr-base-st_corrector
18,Gis4,the battery is located in the audi a4 at the front of the car in the audi audi april,CosineGECO,50,0.001,where is the battery in audi a4 2011,msmarco-passage/train,ielabgroup/vec2text_gtr-base-st_corrector
18,Gis4,Ts 4 test Ts 4 test is a test for a combination of ovarian symbolic syndrome and cervi,CosineGECO,50,0.001,what is ts 4 test,msmarco-passage/train,ielabgroup/vec2text_gtr-base-st_corrector
18,Gis4,PD4 vaccine PD4 (DappliNoiseVaccine) is a vaccine which promotes the development of polio,CosineGECO,50,0.001,what is dappl4 vaccine,msmarco-passage/train,ielabgroup/vec2text_gtr-base-st_corrector
18,Gis4,google reward prize because I have a samsung iPhone 4s and samsung android s and it is iPhone 6s,CosineGECO,50,0.001,google rewards prize is iphone 6s beacuse i have samsung galaxy s4,msmarco-passage/train,ielabgroup/vec2text_gtr-base-st_corrector
18,Gis4,(as a sign of the digit )  (the     ) is the fourth,CosineGECO,50,0.001,what is the fourth digit,msmarco-passage/train,ielabgroup/vec2text_gtr-base-st_corrector
18,Gis4,"standing for the g in the Super-G, the g stands for the  in the Super-G and the  in the Super",CosineGECO,50,0.001,what does the g stand for in the super-g,msmarco-passage/train,ielabgroup/vec2text_gtr-base-st_corrector
18,Gis4,"D4 (mathematics) In mathematics, a d4 is a mean of a .0 or a fraction from",CosineGECO,50,0.001,what is a d4 mean in math,msmarco-passage/train,ielabgroup/vec2text_gtr-base-st_corrector
18,Gis4,will work with Apple Watch 4S fess if the iPhone 4 is paired with Apple Watch 4S watch and Apple Watch 4R,CosineGECO,50,0.001,will apple watch work with 4s iphone,msmarco-passage/train,ielabgroup/vec2text_gtr-base-st_corrector
19,Comparison of Promoters of GAL1 and SUC1,Succur Succur is a liquid sugar substituted by sucrose and a group of recently developeds for research on bonding technology,CosineGECO,50,0.001,what is sucr,msmarco-passage/train,ielabgroup/vec2text_gtr-base-st_corrector
19,Comparison of Promoters of GAL1 and SUC1,"a difference between slow sucking juices, and centrifugal, and the former is masticating juicers, the latter.",CosineGECO,50,0.001,what is the difference between slow masticating and centrifugal juicers?,msmarco-passage/train,ielabgroup/vec2text_gtr-base-st_corrector
19,Comparison of Promoters of GAL1 and SUC1,"difference between gps time and tsc time, i.e. UTC, and gps time",CosineGECO,50,0.001,difference between utc and gps time,msmarco-passage/train,ielabgroup/vec2text_gtr-base-st_corrector
19,Comparison of Promoters of GAL1 and SUC1,similarities between greasers and socs (a.k.a. scroopers) and so,CosineGECO,50,0.001,similarities between greasers and socs,msmarco-passage/train,ielabgroup/vec2text_gtr-base-st_corrector
19,Comparison of Promoters of GAL1 and SUC1,have registration fee is a sliver of your gst.org gst does have registration fee for gst,CosineGECO,50,0.001,does registration fee have gst,msmarco-passage/train,ielabgroup/vec2text_gtr-base-st_corrector
19,Comparison of Promoters of GAL1 and SUC1,"if you are applying for a training contract or are looking for a gdl, you need a training contract before you apply to",CosineGECO,50,0.001,do i need a gdl before applying for a training contract,msmarco-passage/train,ielabgroup/vec2text_gtr-base-st_corrector
19,Comparison of Promoters of GAL1 and SUC1,is 6229-402A       SDA and SDA-402A  6 same,CosineGECO,50,0.001,is 80292-SDA-406 same as 80292-SDA-A01 same,msmarco-passage/train,ielabgroup/vec2text_gtr-base-st_corrector
19,Comparison of Promoters of GAL1 and SUC1,difference between NPV at w.a.c. and w.or at w.a.c. and how to use,CosineGECO,50,0.001,what is the difference between npv at wacc and npv at ror and when would i use each,msmarco-passage/train,ielabgroup/vec2text_gtr-base-st_corrector
19,Comparison of Promoters of GAL1 and SUC1,nationality is GULLY (Assamese and Russian). GULLY is a dual-ethnic American named Pittly,CosineGECO,50,0.001,what nationality is GULLY,msmarco-passage/train,ielabgroup/vec2text_gtr-base-st_corrector
19,Comparison of Promoters of GAL1 and SUC1,a new AMPS-030310 sampling constant (known as ingamell constant) is applied to the gamete texture and lipid,CosineGECO,50,0.001,what is ingamells sampling constant,msmarco-passage/train,ielabgroup/vec2text_gtr-base-st_corrector
20,Substrate modification by ubiquitin,"insulins that cannot be mixed, such as glucose and sterilin or a patented inflatration to 2",CosineGECO,50,0.001,insulins that cannot be mixed,msmarco-passage/train,ielabgroup/vec2text_gtr-base-st_corrector
20,Substrate modification by ubiquitin,viridans treatment (Viridans streptococci bacillus erythematosus) .Ureine,CosineGECO,50,0.001,viridans streptococcus urine treatment,msmarco-passage/train,ielabgroup/vec2text_gtr-base-st_corrector
20,Substrate modification by ubiquitin,"types of drops make up bipro-Matsiot, a saline add-on to the hands and gly",CosineGECO,50,0.001,what kind of drops make up bimatoprost?,msmarco-passage/train,ielabgroup/vec2text_gtr-base-st_corrector
20,Substrate modification by ubiquitin,"use subcutaneous port based on a re-section. Immediately after placement, it is likely to be useful within 3–8 months after",CosineGECO,50,0.001,how soon to use subcutaneous port after placement,msmarco-passage/train,ielabgroup/vec2text_gtr-base-st_corrector
20,Substrate modification by ubiquitin,"affect endocrine-related manipulations, known as endocrine manipulations, to increase sensitivity, adrenergic immunity",CosineGECO,50,0.001,affect related endocrine manipulations,msmarco-passage/train,ielabgroup/vec2text_gtr-base-st_corrector
20,Substrate modification by ubiquitin,"ubsub and a new support for the IP and software services provider, Softdubice. Price is currently $59.8 /",CosineGECO,50,0.001,softub price,msmarco-passage/train,ielabgroup/vec2text_gtr-base-st_corrector
20,Substrate modification by ubiquitin,substitute a for a,CosineGECO,50,0.001,substitute a for b meaning,msmarco-passage/train,ielabgroup/vec2text_gtr-base-st_corrector
20,Substrate modification by ubiquitin,"(mupirocin) are contraindication of muscarinin, muscarininogonian, and nasal",CosineGECO,50,0.001,what are contraindication of mupirocin nasal,msmarco-passage/train,ielabgroup/vec2text_gtr-base-st_corrector
20,Substrate modification by ubiquitin,it is insubordination (to take a drug test for a drug or to work on a non-drug based drug report),CosineGECO,50,0.001,is it insubordination to take a drug test,msmarco-passage/train,ielabgroup/vec2text_gtr-base-st_corrector
20,Substrate modification by ubiquitin,abbreviations used for subcutaneous are,CosineGECO,50,0.001,what abbreviations are used for subcutaneous,msmarco-passage/train,ielabgroup/vec2text_gtr-base-st_corrector
21,Role of p63 and p73 in relation to DNA damage,why (dna-dna-dna-dna-dna-dna) DNA is extracted from biological,CosineGECO,50,0.001,why is dna extracted from biological samples,msmarco-passage/train,ielabgroup/vec2text_gtr-base-st_corrector
21,Role of p63 and p73 in relation to DNA damage,"a pity, possums do a lot of damage to mobile homes, savage homes and other microbial",CosineGECO,50,0.001,what damage do possums do to mobile homes,msmarco-passage/train,ielabgroup/vec2text_gtr-base-st_corrector
21,Role of p63 and p73 in relation to DNA damage,the role of dnap-polymerase as a dnap-polymerase is in DNA replication,CosineGECO,50,0.001,what is the role of dna polymerase in dna replication,msmarco-passage/train,ielabgroup/vec2text_gtr-base-st_corrector
21,Role of p63 and p73 in relation to DNA damage,"because of the reactivity of DNA and ethanol in a phreasing solution, ethanol precipitates when present within the precipit",CosineGECO,50,0.001,why does dna precipitate in ethanol,msmarco-passage/train,ielabgroup/vec2text_gtr-base-st_corrector
21,Role of p63 and p73 in relation to DNA damage,the use of phenylhexazadehyde (Pazopyridine) is used for gastrointestinal and cardiovascular treatment and is used,CosineGECO,50,0.001,what is phenazopyridine used for,msmarco-passage/train,ielabgroup/vec2text_gtr-base-st_corrector
21,Role of p63 and p73 in relation to DNA damage,weaknesses of the PPP. This includes a weakness in the PK and a weakness in the PD. The PPR is immune to attack,CosineGECO,50,0.001,weaknesses of the pmp,msmarco-passage/train,ielabgroup/vec2text_gtr-base-st_corrector
21,Role of p63 and p73 in relation to DNA damage,"whose enzyme builds new DNA, enzymes build new dnaA ribose or cpA encoding the new",CosineGECO,50,0.001,what enzyme builds new dna,msmarco-passage/train,ielabgroup/vec2text_gtr-base-st_corrector
21,Role of p63 and p73 in relation to DNA damage,is dasse polymerazine initiates DNA replication. Whether dasse polymerazine is able to stabilize the DNA,CosineGECO,50,0.001,is dna polymerasse initiate dna replication?,msmarco-passage/train,ielabgroup/vec2text_gtr-base-st_corrector
21,Role of p63 and p73 in relation to DNA damage,"similarities between animal and human testing in medical science, including the dhaemoglobin and adenovirus tests in humans and other",CosineGECO,50,0.001,dna similarities between animals in medical testing and humans,msmarco-passage/train,ielabgroup/vec2text_gtr-base-st_corrector
21,Role of p63 and p73 in relation to DNA damage,"if you use a durable dyad or a dyad, your Power of Attorney will go through a death",CosineGECO,50,0.001,what happens if you use a durable power of attorney after death,msmarco-passage/train,ielabgroup/vec2text_gtr-base-st_corrector
22,Relative response of p53 family members to agents causing single-stranded versus double-stranded DNA breaks,"techniques which determine which fingerprint is the best technique for investigation on a question-answer individual, using a finger print from a 5-micrometre",CosineGECO,50,0.001,which technique is best when investigating dna fingerprint on an individual quizlet,msmarco-passage/train,ielabgroup/vec2text_gtr-base-st_corrector
22,Relative response of p53 family members to agents causing single-stranded versus double-stranded DNA breaks,", horn loader",CosineGECO,50,0.001,is horn loader cylinders double acting?,msmarco-passage/train,ielabgroup/vec2text_gtr-base-st_corrector
22,Relative response of p53 family members to agents causing single-stranded versus double-stranded DNA breaks,which strands use the Okazaki fragments. The strands used by -catenarchaegika and,CosineGECO,50,0.001,which strand uses the okazaki fragments,msmarco-passage/train,ielabgroup/vec2text_gtr-base-st_corrector
22,Relative response of p53 family members to agents causing single-stranded versus double-stranded DNA breaks,DNA Polasma strand is required to initiate DNA synthesis. This is dependent on YYYYYYYAGE,CosineGECO,50,0.001,what is required for DNA POLYMERASE TO initiate dna strand synthesis,msmarco-passage/train,ielabgroup/vec2text_gtr-base-st_corrector
22,Relative response of p53 family members to agents causing single-stranded versus double-stranded DNA breaks,type of DNA used in forensic aespionage and forensic physicists is the dba DNA Abs,CosineGECO,50,0.001,what type of dna is used in forensics abs,msmarco-passage/train,ielabgroup/vec2text_gtr-base-st_corrector
22,Relative response of p53 family members to agents causing single-stranded versus double-stranded DNA breaks,what drickson and fasciose discovered about James C.W.D. Watson and their DNA dre,CosineGECO,50,0.001,\what did james watson and francis crick discover about dna,msmarco-passage/train,ielabgroup/vec2text_gtr-base-st_corrector
22,Relative response of p53 family members to agents causing single-stranded versus double-stranded DNA breaks,"is a snub of japanese, Chinese, Japanese, and Korean DNA to be applied to the DNA are identical",CosineGECO,50,0.001,"is the dna of koreans, chinese and japanese identical",msmarco-passage/train,ielabgroup/vec2text_gtr-base-st_corrector
22,Relative response of p53 family members to agents causing single-stranded versus double-stranded DNA breaks,How much a half-sibling would share if a db sibling ascribed a db  DNA,CosineGECO,50,0.001,how much dna would a half sibling share,msmarco-passage/train,ielabgroup/vec2text_gtr-base-st_corrector
22,Relative response of p53 family members to agents causing single-stranded versus double-stranded DNA breaks,"a molecule of DNA is unzipped, the dnaS heteroidromophore starts to zip out",CosineGECO,50,0.001,what happens when a dna molecule unzips,msmarco-passage/train,ielabgroup/vec2text_gtr-base-st_corrector
22,Relative response of p53 family members to agents causing single-stranded versus double-stranded DNA breaks,"a functional difference between DNA polymerase and rRNA polymerase, which is a polymerase dna with the former",CosineGECO,50,0.001,one functional difference between dna polymerase and rna polymerase,msmarco-passage/train,ielabgroup/vec2text_gtr-base-st_corrector
23,Saccharomyces cerevisiae proteins involved in ubiquitin system,"by insulin-free diet, i.e., by protease inhibitor protease increases blood sugar and therefore increases your blood sugar",CosineGECO,50,0.001,how does protease inhibitor increase blood sugar,msmarco-passage/train,ielabgroup/vec2text_gtr-base-st_corrector
23,Saccharomyces cerevisiae proteins involved in ubiquitin system,"a high degree of bacteria, can disrupt tight junctions. Tight junctions may affect cytidal fibrosis",CosineGECO,50,0.001,what bacteria can disrupt tight junctions,msmarco-passage/train,ielabgroup/vec2text_gtr-base-st_corrector
23,Saccharomyces cerevisiae proteins involved in ubiquitin system,"the test for proteins, the lignin-acid-based indicator is used by some laboratories to test for amino acids or aqueous",CosineGECO,50,0.001,what indicator is used to test for proteins,msmarco-passage/train,ielabgroup/vec2text_gtr-base-st_corrector
23,Saccharomyces cerevisiae proteins involved in ubiquitin system,where secretory products are synthesized in the cell in a group of cells. These products are synthesized between the cysteonuri,CosineGECO,50,0.001,where in the cell are secretory products synthesized,msmarco-passage/train,ielabgroup/vec2text_gtr-base-st_corrector
23,Saccharomyces cerevisiae proteins involved in ubiquitin system,The anterior aspect of the supraspinatus is the supraspinal tendon in addition to the tensor acupressum,CosineGECO,50,0.001,what is the anterior aspect of the supraspinatus tendon,msmarco-passage/train,ielabgroup/vec2text_gtr-base-st_corrector
23,Saccharomyces cerevisiae proteins involved in ubiquitin system,the Jacobson's (Jacobson's) organ is the organ of the oecicle and the brain,CosineGECO,50,0.001,what is the jacobson's organ,msmarco-passage/train,ielabgroup/vec2text_gtr-base-st_corrector
23,Saccharomyces cerevisiae proteins involved in ubiquitin system,"in an animal cell, proteins (or a battyonin ribocell) are the purpose of a cell and of the cells",CosineGECO,50,0.001,what is the purpose of proteins in an animal cell,msmarco-passage/train,ielabgroup/vec2text_gtr-base-st_corrector
23,Saccharomyces cerevisiae proteins involved in ubiquitin system,"immune system is making a protein, and the immune system is becoming a nutrient-producing granules and a thyroid",CosineGECO,50,0.001,immune system is making a protein,msmarco-passage/train,ielabgroup/vec2text_gtr-base-st_corrector
23,Saccharomyces cerevisiae proteins involved in ubiquitin system,"As a set of encoding molecules, e.g. entomosomes and helices, protein molecules are involved",CosineGECO,50,0.001,which molecules are involved in protein synthesis,msmarco-passage/train,ielabgroup/vec2text_gtr-base-st_corrector
23,Saccharomyces cerevisiae proteins involved in ubiquitin system,"a place where you would find simple squamous. This is a simple and complex squamous, which can be found",CosineGECO,50,0.001,where would you find simple squamous,msmarco-passage/train,ielabgroup/vec2text_gtr-base-st_corrector
24,Mouse peptidoglycan recognition proteins (PGRP),"January 2019 by the National Institute of Economic and Financial Markets (GSRPR) and when published, GDPR will be published when it is deemed",CosineGECO,50,0.001,when will GDPR be published,msmarco-passage/train,ielabgroup/vec2text_gtr-base-st_corrector
24,Mouse peptidoglycan recognition proteins (PGRP),Pgpr Pgpr is a unique and unique multi-platform virtual space pack (PDGPR) that is a North American,CosineGECO,50,0.001,what is pgpr,msmarco-passage/train,ielabgroup/vec2text_gtr-base-st_corrector
24,Mouse peptidoglycan recognition proteins (PGRP),a device called dpi means mouse. It is a name which means mouse or a mouse which means a mouse or an animal,CosineGECO,50,0.001,what does dpi mean mouse,msmarco-passage/train,ielabgroup/vec2text_gtr-base-st_corrector
24,Mouse peptidoglycan recognition proteins (PGRP),"name for a bird, other names are ""pririe dog"" (also known as prairie dog), ""pigtail dog"", ""slug-dog",CosineGECO,50,0.001,another name for prairie dog,msmarco-passage/train,ielabgroup/vec2text_gtr-base-st_corrector
24,Mouse peptidoglycan recognition proteins (PGRP),p53 p53 is a small-molecule biosynthetic-acid in Poland.,CosineGECO,50,0.001,what is p53,msmarco-passage/train,ielabgroup/vec2text_gtr-base-st_corrector
24,Mouse peptidoglycan recognition proteins (PGRP),the glp-effect. This effect is a reminder of the relationship between glp and glp. The effect,CosineGECO,50,0.001,the glp effect,msmarco-passage/train,ielabgroup/vec2text_gtr-base-st_corrector
24,Mouse peptidoglycan recognition proteins (PGRP),"stand for Active Response Provision and the Advanced Operating Code of the United States of America (ARP) - this acronym stands for ""Antlers",CosineGECO,50,0.001,what does ARP stand for,msmarco-passage/train,ielabgroup/vec2text_gtr-base-st_corrector
24,Mouse peptidoglycan recognition proteins (PGRP),pcr threshold pcr threshold is a high-temperature threshold used to detect a sample of BIR film. This process,CosineGECO,50,0.001,what is pcr threshold,msmarco-passage/train,ielabgroup/vec2text_gtr-base-st_corrector
24,Mouse peptidoglycan recognition proteins (PGRP),restriction enzyme enzymes to a part of the p-residyl biosynthesis. PCR does this to prevent bacteria,CosineGECO,50,0.001,what does restriction enzyme do in pcr,msmarco-passage/train,ielabgroup/vec2text_gtr-base-st_corrector
24,Mouse peptidoglycan recognition proteins (PGRP),"to inject a placebo effect. PrP injections are used for bp injections, triceps, muscle maintenance, and muscle",CosineGECO,50,0.001,what are prp injections used for,msmarco-passage/train,ielabgroup/vec2text_gtr-base-st_corrector
25,Cause of scleroderma,causes of retinal microaneurysms (or aiodosmia molar aneurysm,CosineGECO,50,0.001,causes of retinal microaneurysms,msmarco-passage/train,ielabgroup/vec2text_gtr-base-st_corrector
25,Cause of scleroderma,"causes of hyperkalemia, which is a result of high blood sugar and high levels of fatty acids, and ketamine (hydrosensitivity",CosineGECO,50,0.001,causes of hyperkalemia,msmarco-passage/train,ielabgroup/vec2text_gtr-base-st_corrector
25,Cause of scleroderma,a bleeding problem on the skin during a hygienephrectomy or a bleeding bleeding causes under-skin,CosineGECO,50,0.001,causes for bleeding under skin,msmarco-passage/train,ielabgroup/vec2text_gtr-base-st_corrector
25,Cause of scleroderma,abrasions of the intestines and femur. Achondroplasia is a cause of achondrop,CosineGECO,50,0.001,what causes achondroplasia,msmarco-passage/train,ielabgroup/vec2text_gtr-base-st_corrector
25,Cause of scleroderma,"type of mutation is what causes a xeroderma pigmentosum, a pigmentobacterium lupus pigmentosum",CosineGECO,50,0.001,what type of mutation causes xeroderma pigmentosum,msmarco-passage/train,ielabgroup/vec2text_gtr-base-st_corrector
25,Cause of scleroderma,apherosclerosis of the blood. These causes include a variety of medications and they can cause claudication. This is a,CosineGECO,50,0.001,what causes claudication,msmarco-passage/train,ielabgroup/vec2text_gtr-base-st_corrector
25,Cause of scleroderma,causes of psoriasis (a.k.a. psoriasis) and other causes of the skin,CosineGECO,50,0.001,causes of psoriasis,msmarco-passage/train,ielabgroup/vec2text_gtr-base-st_corrector
25,Cause of scleroderma,(A. a. a. atherosclerosis) is caused by atherosclerosis of the heart and arteries caused by,CosineGECO,50,0.001,what is atherosclerosis caused by,msmarco-passage/train,ielabgroup/vec2text_gtr-base-st_corrector
25,Cause of scleroderma,"if a chondrosarcoma, a tumor, or other conditions are present that would cause scar tissue in the lungs",CosineGECO,50,0.001,what would cause scar tissue in the lungs,msmarco-passage/train,ielabgroup/vec2text_gtr-base-st_corrector
25,Cause of scleroderma,"from a combination of medications and adrenaline, it is a gradual sweating that causes slab sweating (condritic",CosineGECO,50,0.001,what causes slab sweating,msmarco-passage/train,ielabgroup/vec2text_gtr-base-st_corrector
26,Function of BUB2/BFA1 in the process of cytokinesis,"the fibroblasts synthesize a portion of the ground substance, a range of substances that are not otherwise understood. Ground substance is what",CosineGECO,50,0.001,fibroblasts synthesize what of the ground substance,msmarco-passage/train,ielabgroup/vec2text_gtr-base-st_corrector
26,Function of BUB2/BFA1 in the process of cytokinesis,"the process by which fibrin itself is broken down and the complex enlargement of its fibrosis components, fibrin is slowly breaking down is",CosineGECO,50,0.001,the process of which fibrin itself is broken down slowly is,msmarco-passage/train,ielabgroup/vec2text_gtr-base-st_corrector
26,Function of BUB2/BFA1 in the process of cytokinesis,"needed. The floating zone process is a process that is needed for float processing. This process includes silicon, ganium,",CosineGECO,50,0.001,what is needed for floating zone process,msmarco-passage/train,ielabgroup/vec2text_gtr-base-st_corrector
26,Function of BUB2/BFA1 in the process of cytokinesis,"cycle occurs, the hepatitis B (hepatitis bifida) virus (HBV) is metabolized",CosineGECO,50,0.001,what cycle occurs for hepatitis b,msmarco-passage/train,ielabgroup/vec2text_gtr-base-st_corrector
26,Function of BUB2/BFA1 in the process of cytokinesis,cbas” means “a system of analyzing and processing data”. It is a program that provides a cash guarantee to banks. It is,CosineGECO,50,0.001,what it mean cbas,msmarco-passage/train,ielabgroup/vec2text_gtr-base-st_corrector
26,Function of BUB2/BFA1 in the process of cytokinesis,"a cell is transcribed into a variety of cytoplasm and heme ions, one cell happens during the process of cell division",CosineGECO,50,0.001,what happens during the process of cell division,msmarco-passage/train,ielabgroup/vec2text_gtr-base-st_corrector
26,Function of BUB2/BFA1 in the process of cytokinesis,cause of a thrombosis (embryomyositis) of the intestine is thrombocytos,CosineGECO,50,0.001,what is the cause of thrombocytosis?,msmarco-passage/train,ielabgroup/vec2text_gtr-base-st_corrector
26,Function of BUB2/BFA1 in the process of cytokinesis,a bosu push-up a bosu push-up is a form of push-up that is performed on a spiral,CosineGECO,50,0.001,what is a bosu push up,msmarco-passage/train,ielabgroup/vec2text_gtr-base-st_corrector
26,Function of BUB2/BFA1 in the process of cytokinesis,a key role of the Bfc. It is a responsibility of the BBBBC and is intended to promote the British ground support.,CosineGECO,50,0.001,what is the role of the bbfc,msmarco-passage/train,ielabgroup/vec2text_gtr-base-st_corrector
26,Function of BUB2/BFA1 in the process of cytokinesis,"a biological cycle of cycling, cytochrome acyclosis and acyclosis are the two main processes responsible for",CosineGECO,50,0.001,what two main biological processes are responsible for the cycling of oxygen,msmarco-passage/train,ielabgroup/vec2text_gtr-base-st_corrector
27,Role of autophagy in apoptosis,atypia atypia is a disease known as aptosymia that causes a visual deficit,CosineGECO,50,0.001,what is atypia,msmarco-passage/train,ielabgroup/vec2text_gtr-base-st_corrector
27,Role of autophagy in apoptosis,"apoptosis of a apoptose cell. As a result, apoptosis cells cause",CosineGECO,50,0.001,what does an apoptosis cell cause,msmarco-passage/train,ielabgroup/vec2text_gtr-base-st_corrector
27,Role of autophagy in apoptosis,"a definition of agranulocytosis, a neosymbiosis of the eso",CosineGECO,50,0.001,agranulocytosis definition,msmarco-passage/train,ielabgroup/vec2text_gtr-base-st_corrector
27,Role of autophagy in apoptosis,"a physiologic neosis, a process known as proptosis (the formation of a segment of cartilage",CosineGECO,50,0.001,define proptosis,msmarco-passage/train,ielabgroup/vec2text_gtr-base-st_corrector
27,Role of autophagy in apoptosis,"which can selectively enhance the growth and proliferation of a cell, can mutate cells and cause a broad range of changes in the cells.",CosineGECO,50,0.001,_____ can selectively enhance the growth and proliferation of mutated cells.,msmarco-passage/train,ielabgroup/vec2text_gtr-base-st_corrector
27,Role of autophagy in apoptosis,the county apopka - fl. a.d. is the 501(c)(3) county of the Greenwich,CosineGECO,50,0.001,what county is apopka fl,msmarco-passage/train,ielabgroup/vec2text_gtr-base-st_corrector
27,Role of autophagy in apoptosis,"The role of the mitochondria (or mnemocannia, or mnemocannia) is to provide information about the cell",CosineGECO,50,0.001,what is the role of the mitochondria,msmarco-passage/train,ielabgroup/vec2text_gtr-base-st_corrector
27,Role of autophagy in apoptosis,observe the accumulation of waste by a physiologic blob. The organism that is affected by waste accumulation is a model of human well-,CosineGECO,50,0.001,which organism is affected by the accumulation of waste,msmarco-passage/train,ielabgroup/vec2text_gtr-base-st_corrector
27,Role of autophagy in apoptosis,athetotosis - choreotheatosis - is a disease of adenosophyl,CosineGECO,50,0.001,choreoathetosis definition,msmarco-passage/train,ielabgroup/vec2text_gtr-base-st_corrector
27,Role of autophagy in apoptosis,"what is autocracy, it is a system of tyranny and the autocracy of the United Kingdom. It is",CosineGECO,50,0.001,what is autocracy,msmarco-passage/train,ielabgroup/vec2text_gtr-base-st_corrector
28,Proteases that function in both apoptosis and autophagy cell death,"tyrosine adrenozyme is related to the enzyme count for thyroid, and thyroid adrenozyme related",CosineGECO,50,0.001,what is the enzyme related to thyroid count,msmarco-passage/train,ielabgroup/vec2text_gtr-base-st_corrector
28,Proteases that function in both apoptosis and autophagy cell death,The difference between “tasters” and “non-tasters” in the ability to taste PROAP is primarily due to,CosineGECO,50,0.001,The difference between “tasters” and “non-tasters” in the ability to taste PROP is due to,msmarco-passage/train,ielabgroup/vec2text_gtr-base-st_corrector
28,Proteases that function in both apoptosis and autophagy cell death,biological function of phospholipids in humans as they are metabolites of phospholipids and their role in our bodies: phospholipids,CosineGECO,50,0.001,biological function of phospholipids in humans,msmarco-passage/train,ielabgroup/vec2text_gtr-base-st_corrector
28,Proteases that function in both apoptosis and autophagy cell death,"effect of autonomic fibers on target cells is, in part, a biosynthesizes the ability of autonomic energy",CosineGECO,50,0.001,the effect of autonomic fibers on target cells is,msmarco-passage/train,ielabgroup/vec2text_gtr-base-st_corrector
28,Proteases that function in both apoptosis and autophagy cell death,"function of the chemical potassium cyanide, which is a biological metabolite of cyanide and other proteins, this function is primarily",CosineGECO,50,0.001,what is the biological function of potassium cyanide,msmarco-passage/train,ielabgroup/vec2text_gtr-base-st_corrector
28,Proteases that function in both apoptosis and autophagy cell death,hormone is the protease hormone that stimulates pancreatic secretion by cholinesterase-antibodies-antiapop,CosineGECO,50,0.001,what hormone stimulates pancreatic protease secretion,msmarco-passage/train,ielabgroup/vec2text_gtr-base-st_corrector
28,Proteases that function in both apoptosis and autophagy cell death,"acidiidae, Actenospharium eat a variety of acids and a few omnivor",CosineGECO,50,0.001,what do actinosphaerium eat,msmarco-passage/train,ielabgroup/vec2text_gtr-base-st_corrector
28,Proteases that function in both apoptosis and autophagy cell death,"hormones are secreted by osteoclasts, which stimulates the secretion of osteoblasts and the resulting calcification of",CosineGECO,50,0.001,what hormone stimulates the secretion of osteoblasts,msmarco-passage/train,ielabgroup/vec2text_gtr-base-st_corrector
28,Proteases that function in both apoptosis and autophagy cell death,primary functions of the human body include the following: The function of the protein in the human body is a function of the following organs except,CosineGECO,50,0.001,the primary functions of protein in the human body include the following except,msmarco-passage/train,ielabgroup/vec2text_gtr-base-st_corrector
28,Proteases that function in both apoptosis and autophagy cell death,The phosphate in the atenolate phosphate phosphorylates into a molecule of energy known as ATP and does,CosineGECO,50,0.001,what does the phosphate in atp do,msmarco-passage/train,ielabgroup/vec2text_gtr-base-st_corrector
29,Phenotypes of gyrA mutations,Tcga splicing mutation Tcga splicing is a gene apneloprotein interacting,CosineGECO,50,0.001,what is rna splicing mutation tcga,msmarco-passage/train,ielabgroup/vec2text_gtr-base-st_corrector
29,Phenotypes of gyrA mutations,"a technique can be used to determine whether the brc1 gene, dna, brca gene, has a mutation in the gene",CosineGECO,50,0.001,what techniques can be used to determine whether dna has a mutation in the brca1 gene,msmarco-passage/train,ielabgroup/vec2text_gtr-base-st_corrector
29,Phenotypes of gyrA mutations,"which gene repairs skin damaged cells, abacascin, hepatic DNA, or mRNA, and responds quickly.",CosineGECO,50,0.001,"what genes repairs damaged skin cells, dna",msmarco-passage/train,ielabgroup/vec2text_gtr-base-st_corrector
29,Phenotypes of gyrA mutations,chromosome carries the  gene that causes Usher syndrome and the  chromosome X  EG9,CosineGECO,50,0.001,what chromosome carries the gene that causes usher syndrome,msmarco-passage/train,ielabgroup/vec2text_gtr-base-st_corrector
29,Phenotypes of gyrA mutations,"disorders caused by gene mutations in a number of human genes, including a gene defect caused by inherited glucosis and autism",CosineGECO,50,0.001,disorders caused by gene mutations,msmarco-passage/train,ielabgroup/vec2text_gtr-base-st_corrector
29,Phenotypes of gyrA mutations,-receptor status vs -adrenergic status or receptor vs gene is a form of mutation,CosineGECO,50,0.001,what is receptor status vs gene mutation,msmarco-passage/train,ielabgroup/vec2text_gtr-base-st_corrector
29,Phenotypes of gyrA mutations,"three effects a gene can have on a gene: -mutations can cause mutations in the genes, -aggluti",CosineGECO,50,0.001,3 effects genes can have on mutations,msmarco-passage/train,ielabgroup/vec2text_gtr-base-st_corrector
29,Phenotypes of gyrA mutations,a result of a mRNA (known as a mutase) causes a mutation. This mutation can cause the change,CosineGECO,50,0.001,what causes a mutation,msmarco-passage/train,ielabgroup/vec2text_gtr-base-st_corrector
29,Phenotypes of gyrA mutations,"types of arrhythmias, which are the sites of origin and their origin: aortic choroidea and renal dist",CosineGECO,50,0.001,types of arrhythmias and their site of origin,msmarco-passage/train,ielabgroup/vec2text_gtr-base-st_corrector
29,Phenotypes of gyrA mutations,"what are the two major types of mutations, i.e.  and , both are major types of acni",CosineGECO,50,0.001,what are the two major types of mutations,msmarco-passage/train,ielabgroup/vec2text_gtr-base-st_corrector
30,Regulatory targets of the Nkx gene family members,you can find your full details of your kuk. Result information can be found on your kodal.com or your consolidated,CosineGECO,50,0.001,how can i found my full result details of kuk,msmarco-passage/train,ielabgroup/vec2text_gtr-base-st_corrector
30,Regulatory targets of the Nkx gene family members,"of the musculature, the regulatory protein is a protein molecule consisting of the Muscle Glucose Muscle",CosineGECO,50,0.001,what is the regulatory muscle protein,msmarco-passage/train,ielabgroup/vec2text_gtr-base-st_corrector
30,Regulatory targets of the Nkx gene family members,"with polio, it targets those who infect polio, such as fetus and acorns. It is target",CosineGECO,50,0.001,who does polio target,msmarco-passage/train,ielabgroup/vec2text_gtr-base-st_corrector
30,Regulatory targets of the Nkx gene family members,regulated by the Occupational and Regulatory Act of XII. Inhalants and other inhalants of lungs are regulated,CosineGECO,50,0.001,are inhalants regulated,msmarco-passage/train,ielabgroup/vec2text_gtr-base-st_corrector
30,Regulatory targets of the Nkx gene family members,is Dixons Hallpex Class. Dixons Hall is classified based on roadcar size. There is a short-lived phary,CosineGECO,50,0.001,is dix hallpike classification,msmarco-passage/train,ielabgroup/vec2text_gtr-base-st_corrector
30,Regulatory targets of the Nkx gene family members,recombinant lute density Fccen. Fcl lute density is diluted with recombinant lute concentrate,CosineGECO,50,0.001,fcc regen dilute density,msmarco-passage/train,ielabgroup/vec2text_gtr-base-st_corrector
30,Regulatory targets of the Nkx gene family members,SNCA gene (skin regrowth peptide amplification) SNCA is a gene that is a genetic gene,CosineGECO,50,0.001,what is SNCA gene,msmarco-passage/train,ielabgroup/vec2text_gtr-base-st_corrector
30,Regulatory targets of the Nkx gene family members,Dx code for a diagnosis of abnormal kidney function (disfunction of kidneys): 1 nc12  0,CosineGECO,50,0.001,dx code for abnormal kidney function,msmarco-passage/train,ielabgroup/vec2text_gtr-base-st_corrector
30,Regulatory targets of the Nkx gene family members,structures that are most likely to be targets of hypodermic needles (which we don't know but we think we see diadermic).,CosineGECO,50,0.001,what structures do you think are the likely targets of hypodermic needles?,msmarco-passage/train,ielabgroup/vec2text_gtr-base-st_corrector
30,Regulatory targets of the Nkx gene family members,"(so-called ) who regulates pennymac. This regulation is supplemented by a partnership between ESA, Fair",CosineGECO,50,0.001,who regulates pennymac,msmarco-passage/train,ielabgroup/vec2text_gtr-base-st_corrector
31,TOR signaling in neurofibromatosis,"Why is hormone signalling (organoimmunoimmunoimmunoimmuno)? Signaling is slow,",CosineGECO,50,0.001,why is hormone signalling slow/,msmarco-passage/train,ielabgroup/vec2text_gtr-base-st_corrector
31,TOR signaling in neurofibromatosis,Fetor torsosus Fetor torsosus is a hepatic intestin,CosineGECO,50,0.001,what is fetor hepaticus,msmarco-passage/train,ielabgroup/vec2text_gtr-base-st_corrector
31,TOR signaling in neurofibromatosis,a tpn can be given through a tetrachloride to midline and if it can be given through,CosineGECO,50,0.001,can tpn be given through a midline,msmarco-passage/train,ielabgroup/vec2text_gtr-base-st_corrector
31,TOR signaling in neurofibromatosis,"because of diabetes mellitus (CFM) and gliosis, cancer causes neuropathy which often results in a symptom",CosineGECO,50,0.001,why does cancer cause neuropathy,msmarco-passage/train,ielabgroup/vec2text_gtr-base-st_corrector
31,TOR signaling in neurofibromatosis,the nerve that causes strabismus (strabismus neuropathica) and strowismus (spexaton,CosineGECO,50,0.001,what nerve causes strabismus,msmarco-passage/train,ielabgroup/vec2text_gtr-base-st_corrector
31,TOR signaling in neurofibromatosis,"not a long time after beating Giant Tomb and leaving the tomb, warping is the only way out of the wrearing of Ni",CosineGECO,50,0.001,is warping the only way out of tomb of the giants after beating nito,msmarco-passage/train,ielabgroup/vec2text_gtr-base-st_corrector
31,TOR signaling in neurofibromatosis,nitrofurantoin nitrofurantoin (neutracopentain monoamine) is a quinolone antibiotic mono,CosineGECO,50,0.001,what is nitrofurantoin mono,msmarco-passage/train,ielabgroup/vec2text_gtr-base-st_corrector
31,TOR signaling in neurofibromatosis,hoarseness caused by tremors and tremor-induced neuropathic haemorrhage is caused by neurological,CosineGECO,50,0.001,hoarseness caused by neurological tremor,msmarco-passage/train,ielabgroup/vec2text_gtr-base-st_corrector
31,TOR signaling in neurofibromatosis,LTO anode is an electrical anode that is a type of acerin-nitrile oxidizer (ANO,CosineGECO,50,0.001,what is LTO anode,msmarco-passage/train,ielabgroup/vec2text_gtr-base-st_corrector
31,TOR signaling in neurofibromatosis,ft.to-business ft.to-business (FTO) is a business definition of a company and its operating rights,CosineGECO,50,0.001,fto business definition,msmarco-passage/train,ielabgroup/vec2text_gtr-base-st_corrector
32,Xenograft animal models of tumorogenesis,"diagram depicts a port for chemotherapy, where the PORT could be redirected to the chemo-soul or to the acupunctur",CosineGECO,50,0.001,diagram of where the port could go in chemotherapy,msmarco-passage/train,ielabgroup/vec2text_gtr-base-st_corrector
32,Xenograft animal models of tumorogenesis,"in nursing, translational research (Neuro-medicine, Applied Biomedicine, Surgical Nursing) is a research project to determine the impact",CosineGECO,50,0.001,what is translational research in nursing,msmarco-passage/train,ielabgroup/vec2text_gtr-base-st_corrector
32,Xenograft animal models of tumorogenesis,"(i.e., gluconeogenesis) is the opposite of gluconeogenesis. Gluconeogenesis",CosineGECO,50,0.001,what is the opposite of gluconeogenesis,msmarco-passage/train,ielabgroup/vec2text_gtr-base-st_corrector
32,Xenograft animal models of tumorogenesis,"thalassosis wilth-bathwath. Warin's tumor excision, or Warin ex",CosineGECO,50,0.001,warthin's tumor excision,msmarco-passage/train,ielabgroup/vec2text_gtr-base-st_corrector
32,Xenograft animal models of tumorogenesis,"orientation of fetus is transverse image of fetus, or a syncytia-fetal",CosineGECO,50,0.001,orientation is transverse image of fetus,msmarco-passage/train,ielabgroup/vec2text_gtr-base-st_corrector
32,Xenograft animal models of tumorogenesis,Xenotransplantation (biotransplantation),CosineGECO,50,0.001,xenotransplantation definition,msmarco-passage/train,ielabgroup/vec2text_gtr-base-st_corrector
32,Xenograft animal models of tumorogenesis,GCSE edge esc esc esc esc translates to eukaryo,CosineGECO,50,0.001,translation of eukaryotes gcse,msmarco-passage/train,ielabgroup/vec2text_gtr-base-st_corrector
32,Xenograft animal models of tumorogenesis,cell-mediated rejection response of a transplant rejection is mediated by an immune response to a symptomatic apoptosis and loss,CosineGECO,50,0.001,transplant rejection from a cell mediated immune response,msmarco-passage/train,ielabgroup/vec2text_gtr-base-st_corrector
32,Xenograft animal models of tumorogenesis,Xenturion is from the Aegean mercenaries. It comes from the area of Troy where it was discovered to come,CosineGECO,50,0.001,where does Xenturion come from,msmarco-passage/train,ielabgroup/vec2text_gtr-base-st_corrector
32,Xenograft animal models of tumorogenesis,of Cartilage allograft Cartilage allograft is a vascular grafting and anatomical and vascular therapy,CosineGECO,50,0.001,what is cartilage allograft,msmarco-passage/train,ielabgroup/vec2text_gtr-base-st_corrector
33,"Mice, mutant strains, and Histoplasmosis","mthfr gene mutation (MFR-A) treatment. Treatment of symptoms includes thalassophobia, symptom correction and changes",CosineGECO,50,0.001,mthfr gene mutation symptoms and treatment,msmarco-passage/train,ielabgroup/vec2text_gtr-base-st_corrector
33,"Mice, mutant strains, and Histoplasmosis","a small disease, e.g. aneurysmia, can cause anaplasmosis to be aggressive as well",CosineGECO,50,0.001,can anaplasmosis cause aggression,msmarco-passage/train,ielabgroup/vec2text_gtr-base-st_corrector
33,"Mice, mutant strains, and Histoplasmosis","is lyme disease, which is the same as anaplasmosis, and anaplasmosis systole",CosineGECO,50,0.001,is anaplasmosis the same as lyme disease?,msmarco-passage/train,ielabgroup/vec2text_gtr-base-st_corrector
33,"Mice, mutant strains, and Histoplasmosis",Mutant cell A mutant cell (also known as cells or cis-cells) is a fungus that is a group of,CosineGECO,50,0.001,what is mutant cells,msmarco-passage/train,ielabgroup/vec2text_gtr-base-st_corrector
33,"Mice, mutant strains, and Histoplasmosis","a microbe, Vivax plasmodialemium is a viro-spotic and that virus transmission is",CosineGECO,50,0.001,what kind of microbe is plasmodium vivax,msmarco-passage/train,ielabgroup/vec2text_gtr-base-st_corrector
33,"Mice, mutant strains, and Histoplasmosis","tissues are a spherical abacus of arteries. Normally, meristems develop into tissues but do become",CosineGECO,50,0.001,tissues do meristems develop into,msmarco-passage/train,ielabgroup/vec2text_gtr-base-st_corrector
33,"Mice, mutant strains, and Histoplasmosis",monocytogenes is a complete list of symptoms that can occur with a variety of hepatitis. Symptoms include vomiting,CosineGECO,50,0.001,monocytogenes symptoms,msmarco-passage/train,ielabgroup/vec2text_gtr-base-st_corrector
33,"Mice, mutant strains, and Histoplasmosis",a mouse trap (or a food trap) aims a warning message to the mouse and a mouse. It does what it does to,CosineGECO,50,0.001,what does a mouse trap do,msmarco-passage/train,ielabgroup/vec2text_gtr-base-st_corrector
33,"Mice, mutant strains, and Histoplasmosis","from where it is infected (as in a medullobra) to cats, cat scratch fever is spread mainly by",CosineGECO,50,0.001,how is the cat scratch fever spread,msmarco-passage/train,ielabgroup/vec2text_gtr-base-st_corrector
33,"Mice, mutant strains, and Histoplasmosis","system (MSA). The MSA system affects mrsra, which causes a small increase in infectious infections such as ear",CosineGECO,50,0.001,what system does mrsa effect,msmarco-passage/train,ielabgroup/vec2text_gtr-base-st_corrector
34,Gene products of Cryptococcus important to fungal survival,OPTC gene  is a gene that is a molecule of the OECD -Herpes coli syndrome,CosineGECO,50,0.001,what is OPTC gene,msmarco-passage/train,ielabgroup/vec2text_gtr-base-st_corrector
34,Gene products of Cryptococcus important to fungal survival,"5’  4’  4’  4’ round shape, Streptococcus is the shape of spher",CosineGECO,50,0.001,what shape is streptococcus,msmarco-passage/train,ielabgroup/vec2text_gtr-base-st_corrector
34,Gene products of Cryptococcus important to fungal survival,"what the role of the gene is in recombinant-dnase technology, and the recombinant DNA technology.",CosineGECO,50,0.001,what is the role of the gene in recombinant dna technology?,msmarco-passage/train,ielabgroup/vec2text_gtr-base-st_corrector
34,Gene products of Cryptococcus important to fungal survival,"in which a scientist named George Albertson created genetically modified soybeans, and later re-created and reintroduced genetic",CosineGECO,50,0.001,what scientist created genetically modified soybeans,msmarco-passage/train,ielabgroup/vec2text_gtr-base-st_corrector
34,Gene products of Cryptococcus important to fungal survival,neoplasm cecum neoplasm cecum is a neoplasmic syringe of liquid oatmeal,CosineGECO,50,0.001,what is neoplasm cecum,msmarco-passage/train,ielabgroup/vec2text_gtr-base-st_corrector
34,Gene products of Cryptococcus important to fungal survival,"the contaminating properties of uromycin staph infections are most likely to be a contaminant. However, long-term",CosineGECO,50,0.001,are urine staph infections most likely a contaminant,msmarco-passage/train,ielabgroup/vec2text_gtr-base-st_corrector
34,Gene products of Cryptococcus important to fungal survival,"benefits of bacillus coagulation and bacillus rheumatoid, gastritis, and bacterial",CosineGECO,50,0.001,benefits of bacillus coagulation and gastritis,msmarco-passage/train,ielabgroup/vec2text_gtr-base-st_corrector
34,Gene products of Cryptococcus important to fungal survival,"which blood product is most likely to transmit infectious disease, a blood product (e.g. chromosome or platelet) is most likely",CosineGECO,50,0.001,which blood product is most likely to transmit infectious disease,msmarco-passage/train,ielabgroup/vec2text_gtr-base-st_corrector
34,Gene products of Cryptococcus important to fungal survival,"in humans can we get coccidia from dogs and if we do, dogs can get a spherical bowel disease",CosineGECO,50,0.001,can humans get coccidia from dogs,msmarco-passage/train,ielabgroup/vec2text_gtr-base-st_corrector
34,Gene products of Cryptococcus important to fungal survival,a gene known as the thalassemia gene (which has mitochondria and T-cell synthesis inhibitors) is responsible for tha,CosineGECO,50,0.001,what gene is responsible for thalassemia,msmarco-passage/train,ielabgroup/vec2text_gtr-base-st_corrector
35,WD40 repeat-containing proteins,another name for protein s. ( ' ' ' ' ' ' ' ' ' ' is based,CosineGECO,50,0.001,another name for protein s,msmarco-passage/train,ielabgroup/vec2text_gtr-base-st_corrector
35,WD40 repeat-containing proteins,GRP versions of product Dynamics version numbers. Version number is 00000000 and a long version number is 00000000. The Carbon driver,CosineGECO,50,0.001,dynamics gp product version numbers,msmarco-passage/train,ielabgroup/vec2text_gtr-base-st_corrector
35,WD40 repeat-containing proteins,"the milk of dairy products, such as olives, nut milk, and pumpkins, beef blonds are a protein",CosineGECO,50,0.001,what dairy foods are proteins,msmarco-passage/train,ielabgroup/vec2text_gtr-base-st_corrector
35,WD40 repeat-containing proteins,"is cocao lipid, the protein is mainly lipid, the carbohydrate lipid is lipid, the lipid lipid",CosineGECO,50,0.001,is cocao carbohydrate lipid or protein,msmarco-passage/train,ielabgroup/vec2text_gtr-base-st_corrector
35,WD40 repeat-containing proteins,"known as C reactive protein, is a protein that is a phospholipase found in a variety of cells and is an update",CosineGECO,50,0.001,what is C reactive protein,msmarco-passage/train,ielabgroup/vec2text_gtr-base-st_corrector
35,WD40 repeat-containing proteins,"are a set of supplements for consumers of the Natur Ideal dietary protein supplement, which are a vegetarian, vegan, and fervifera",CosineGECO,50,0.001,are the natura ideal protein supplements vegetarian,msmarco-passage/train,ielabgroup/vec2text_gtr-base-st_corrector
35,WD40 repeat-containing proteins,"protein you need from a diet, such as a dietary nutrient (A) or a dietary nutrient (Ben",CosineGECO,50,0.001,what protein you need from diet,msmarco-passage/train,ielabgroup/vec2text_gtr-base-st_corrector
35,WD40 repeat-containing proteins,"a number of proteins that can be made from recombinant DNA technology, such as recombinant DNA and recombin",CosineGECO,50,0.001,what are some proteins that can be made from recombinant DNA technology,msmarco-passage/train,ielabgroup/vec2text_gtr-base-st_corrector
35,WD40 repeat-containing proteins,"hetero meaning multiple proteins, a symbol containing a single nutrient, a man, multiple aquifers",CosineGECO,50,0.001,hetero meaning multiple proteins,msmarco-passage/train,ielabgroup/vec2text_gtr-base-st_corrector
35,WD40 repeat-containing proteins,"estrogen is a protein, as well as a steroid eulogium (Eulogium), fetal cyanide",CosineGECO,50,0.001,is estrogen a protein,msmarco-passage/train,ielabgroup/vec2text_gtr-base-st_corrector
36,RAB3A,The rumba The rumba is a rudimentary knob of the Rhumaca movement. It is,CosineGECO,50,0.001,what is the rumba,msmarco-passage/train,ielabgroup/vec2text_gtr-base-st_corrector
36,RAB3A,R-3 occupancy is the definition of human,CosineGECO,50,0.001,r-3 occupancy definition,msmarco-passage/train,ielabgroup/vec2text_gtr-base-st_corrector
36,RAB3A,code of volunteer firefighters and alabama firefighters with a code of 05060 & 05060ALABYL,CosineGECO,50,0.001,code of alabama volunteer firefighters,msmarco-passage/train,ielabgroup/vec2text_gtr-base-st_corrector
36,RAB3A,credit gateway Fedwire ABDA and subsequently by-line number (FATWITH) or customer service number (GAT 550802),CosineGECO,50,0.001,credit gateway fedwire aba number,msmarco-passage/train,ielabgroup/vec2text_gtr-base-st_corrector
36,RAB3A,"(Rgb) format , (Rgb) format is a color-displayable format for a flash-based television screen",CosineGECO,50,0.001,what is rgb format,msmarco-passage/train,ielabgroup/vec2text_gtr-base-st_corrector
36,RAB3A,MBT arjun. The MBT arjun is a family of a variety of genes and disorders related to tetanol,CosineGECO,50,0.001,what arjun mbt,msmarco-passage/train,ielabgroup/vec2text_gtr-base-st_corrector
36,RAB3A,stand for red gamma pixels (RGB) and the abbreviation RgB stands for a national LED power amplification,CosineGECO,50,0.001,what is rgb stand for,msmarco-passage/train,ielabgroup/vec2text_gtr-base-st_corrector
36,RAB3A,RU486 is a molten syringe and a urine ingestion. It contains ingredients such as fructosamine,CosineGECO,50,0.001,what is in ru486,msmarco-passage/train,ielabgroup/vec2text_gtr-base-st_corrector
36,RAB3A,"routing same, i.e., ANNA, and ABa, same, i.e. routing number same",CosineGECO,50,0.001,routing number aba same,msmarco-passage/train,ielabgroup/vec2text_gtr-base-st_corrector
36,RAB3A,bashrop Louisiana bashrop code,CosineGECO,50,0.001,bashrop louisiana code,msmarco-passage/train,ielabgroup/vec2text_gtr-base-st_corrector
37,PAM,"Paula Patton (Paula Hult) Paul Patton is a British actress, model, playwright and champion",CosineGECO,50,0.001,who is paula patton,msmarco-passage/train,ielabgroup/vec2text_gtr-base-st_corrector
37,PAM,"known as ream, is a high-resolution, vegetable oil-based compound. Ream is a unique candyloaf",CosineGECO,50,0.001,what is ream,msmarco-passage/train,ielabgroup/vec2text_gtr-base-st_corrector
37,PAM,science slam is a high-energy astrophysics b-abc. It is also known as a science,CosineGECO,50,0.001,what is a science slam,msmarco-passage/train,ielabgroup/vec2text_gtr-base-st_corrector
37,PAM,Kanjam (poinst) Kanjam (Kanjam) is a phantom-based telecommunication,CosineGECO,50,0.001,what is kanjam,msmarco-passage/train,ielabgroup/vec2text_gtr-base-st_corrector
37,PAM,in 1987 for its ad starring direct-to-video channel OAM and Ftv added oam in March 2015 for its,CosineGECO,50,0.001,when did direct tv add oam,msmarco-passage/train,ielabgroup/vec2text_gtr-base-st_corrector
37,PAM,Puma is a meaning for puma (chapman bayonets) and it means that it can stand for a number,CosineGECO,50,0.001,what does puma mean,msmarco-passage/train,ielabgroup/vec2text_gtr-base-st_corrector
37,PAM,a wampum is a plant-feeder-in-the-wadget (also known as wompanum or,CosineGECO,50,0.001,what is a wampum,msmarco-passage/train,ielabgroup/vec2text_gtr-base-st_corrector
37,PAM,"stand for a new post-second acronym,         and AM and PM stand",CosineGECO,50,0.001,what does am and pm stand for,msmarco-passage/train,ielabgroup/vec2text_gtr-base-st_corrector
37,PAM,"which cancers have psammoma bodies, mainly the ectopic Psammoma-PSA",CosineGECO,50,0.001,which cancers have psammoma bodies,msmarco-passage/train,ielabgroup/vec2text_gtr-base-st_corrector
37,PAM,b.o.k.a. Bill and Pamela Ferrell and Paul Fram are the newest celebrity sleazy family,CosineGECO,50,0.001,who are bill and pam ferrell,msmarco-passage/train,ielabgroup/vec2text_gtr-base-st_corrector
38,Risk factors for stroke,"life stressors that are a focus of bipolar disorder include neurlibrium, bipolar sclerosis, and psychia",CosineGECO,50,0.001,what are life stressors for bipolar disorder,msmarco-passage/train,ielabgroup/vec2text_gtr-base-st_corrector
38,Risk factors for stroke,"the first step that is expected to reduce risk, a 1- to 1-fold step is to first identify, identify, and begin a treatment to reduce",CosineGECO,50,0.001,what is the first step to reduce risk,msmarco-passage/train,ielabgroup/vec2text_gtr-base-st_corrector
38,Risk factors for stroke,a brain stroke — it's a stroke of the brain — is a form of brain disease or apnea,CosineGECO,50,0.001,what's a brain stroke?,msmarco-passage/train,ielabgroup/vec2text_gtr-base-st_corrector
38,Risk factors for stroke,"a stroke in the eye, called a systoleptosis of the eye, or a coma.",CosineGECO,50,0.001,what is a stroke in the eye called?,msmarco-passage/train,ielabgroup/vec2text_gtr-base-st_corrector
38,Risk factors for stroke,"which factors are important to determine the effects of a substance, such as a combination of drugs and a combination of drugs and alcohol, and drugs",CosineGECO,50,0.001,which factor are important in determining the effects of substances and drugs,msmarco-passage/train,ielabgroup/vec2text_gtr-base-st_corrector
38,Risk factors for stroke,"factors are the risk factors for whooping cough (e.g., cholangitis), rheumatoid fever",CosineGECO,50,0.001,what are the risk factors for whooping cough,msmarco-passage/train,ielabgroup/vec2text_gtr-base-st_corrector
38,Risk factors for stroke,"a nut, a stroke can cause intracranial pressure if a stroke is accompanied by a stroke, and no external pressure",CosineGECO,50,0.001,can intracranial pressure cause a stroke,msmarco-passage/train,ielabgroup/vec2text_gtr-base-st_corrector
38,Risk factors for stroke,a result of a lack of reactivity of the brain. These factors cause a disease known as a stroke. This causes strokes,CosineGECO,50,0.001,what causes strokes?,msmarco-passage/train,ielabgroup/vec2text_gtr-base-st_corrector
38,Risk factors for stroke,a number of acustical details on the potential mechanisms of action by which opioids are associated with complications for opioids and their therapeutic,CosineGECO,50,0.001,what are the potential complications associated the mechanism of actions for opioids,msmarco-passage/train,ielabgroup/vec2text_gtr-base-st_corrector
38,Risk factors for stroke,"factors are involved in choosing a significance level, i.e. the values of the Interval and the r-interval, respectively.",CosineGECO,50,0.001,what factors are involved in choosing a significance level?,msmarco-passage/train,ielabgroup/vec2text_gtr-base-st_corrector
39,Hypertension,"how to harden arteries. This affects the risk of ossification of the arteries by affecting blood pressure, reducing pressure",CosineGECO,50,0.001,how to hardening arteries affect blood pressure,msmarco-passage/train,ielabgroup/vec2text_gtr-base-st_corrector
39,Hypertension,"a drink with a high alcohol content (blood lipids, e.g. booze, pincerolytics), hyper",CosineGECO,50,0.001,hypertension alcohol,msmarco-passage/train,ielabgroup/vec2text_gtr-base-st_corrector
39,Hypertension,"under pharmacological studies, hypertension is caused by renal failure, and failure of the kidneys (including failure of the liver and reno",CosineGECO,50,0.001,is hypertension caused by renal failure,msmarco-passage/train,ielabgroup/vec2text_gtr-base-st_corrector
39,Hypertension,", hydrogen peroxide acts as a pressure over oxygen",CosineGECO,50,0.001,what does hydrogen peroxide do under pressure,msmarco-passage/train,ielabgroup/vec2text_gtr-base-st_corrector
39,Hypertension,excessive consumption of a product (such as a drool or a drink) leads to hypertension and hypertension-related,CosineGECO,50,0.001,excessive consumption of what leads to hypertension,msmarco-passage/train,ielabgroup/vec2text_gtr-base-st_corrector
39,Hypertension,", your blood",CosineGECO,50,0.001,what does my blood pressure mean,msmarco-passage/train,ielabgroup/vec2text_gtr-base-st_corrector
39,Hypertension,of hypertensive and hypersequence (Hypertensive crisis) is a crisis of high-tension and high pressure,CosineGECO,50,0.001,what is hypertensive crisis,msmarco-passage/train,ielabgroup/vec2text_gtr-base-st_corrector
39,Hypertension,is Triamterene is rated to have a high blood pressure for use against diuretic acid and thrombosis.,CosineGECO,50,0.001,is triamterene for blood pressure,msmarco-passage/train,ielabgroup/vec2text_gtr-base-st_corrector
39,Hypertension,"a 0 to 0 compared to other beverages. Coffee and other caffeine fixation may raise your blood pressure, or may lead to blood pressure",CosineGECO,50,0.001,does caffeine raise your blood pressure?,msmarco-passage/train,ielabgroup/vec2text_gtr-base-st_corrector
39,Hypertension,Hypertension of the heart rate Hypertension of the heart rate (also known as rebound recursion) is a blood pressure index or BP,CosineGECO,50,0.001,what is rebound hypertension,msmarco-passage/train,ielabgroup/vec2text_gtr-base-st_corrector
40,Antigens expressed by lung epithelial cells,does the epithelial tissue,CosineGECO,50,0.001,does the epithelial tissue line capillaries?,msmarco-passage/train,ielabgroup/vec2text_gtr-base-st_corrector
40,Antigens expressed by lung epithelial cells,"cells within the epithelium of trachea are found in the trachea cell line, and a single quiz containing",CosineGECO,50,0.001,what cells are found within the epithelium lines of trachea quizlet,msmarco-passage/train,ielabgroup/vec2text_gtr-base-st_corrector
40,Antigens expressed by lung epithelial cells,"type of epithelium, the epithelium lines the small intestine and relying on a variety of internal granul",CosineGECO,50,0.001,what type of epithelium lines the small intestine,msmarco-passage/train,ielabgroup/vec2text_gtr-base-st_corrector
40,Antigens expressed by lung epithelial cells,"the epiglottis is a quizlet containing information about the glottis, the oral esophagus",CosineGECO,50,0.001,what is the epiglottis quizlet,msmarco-passage/train,ielabgroup/vec2text_gtr-base-st_corrector
40,Antigens expressed by lung epithelial cells,"a symposia of the apex, spermatogenesis produces cells that are spermatogenesis cells are",CosineGECO,50,0.001,spermatogenesis produces cells that are,msmarco-passage/train,ielabgroup/vec2text_gtr-base-st_corrector
40,Antigens expressed by lung epithelial cells,"(epithelial arteries) are made of carbon and a vapor known as lungs, or lungs made of a mix of",CosineGECO,50,0.001,what are lungs made of,msmarco-passage/train,ielabgroup/vec2text_gtr-base-st_corrector
40,Antigens expressed by lung epithelial cells,"what would happen if the epiglottis, a nascent glottis, is able to remove",CosineGECO,50,0.001,what would happen if the epiglottis,msmarco-passage/train,ielabgroup/vec2text_gtr-base-st_corrector
40,Antigens expressed by lung epithelial cells,(embedded) or a publicly disclosed gene (embedded) is an expressed gene that is a cross-genome,CosineGECO,50,0.001,what is an expressed gene,msmarco-passage/train,ielabgroup/vec2text_gtr-base-st_corrector
40,Antigens expressed by lung epithelial cells,"(as a dilated oestrogen), cells that secrete estrogen are the epithelial cells of breast and dairy",CosineGECO,50,0.001,what cells secrete estrogen,msmarco-passage/train,ielabgroup/vec2text_gtr-base-st_corrector
40,Antigens expressed by lung epithelial cells,in the epithelial eviglia of epithelial and aortifauna are columnar epitheli,CosineGECO,50,0.001,where are columnar epithelial cells,msmarco-passage/train,ielabgroup/vec2text_gtr-base-st_corrector
41,Mutations in the Cystic Fibrosis conductance regulator gene,"to calculate gene frequency beads, you first need to determine the values of beads according to a fusion-activation cytosis and PCR",CosineGECO,50,0.001,how to calculate gene frequency beads,msmarco-passage/train,ielabgroup/vec2text_gtr-base-st_corrector
41,Mutations in the Cystic Fibrosis conductance regulator gene,type of mutation that causes zellweger syndrome is the l-aggle-l-l-aggle-l-a,CosineGECO,50,0.001,what type of mutation causes zellweger syndrome,msmarco-passage/train,ielabgroup/vec2text_gtr-base-st_corrector
41,Mutations in the Cystic Fibrosis conductance regulator gene,a r-fi-radius modulator (RF modulator) is a frequency modulator that operates on a recondition,CosineGECO,50,0.001,what is an rf modulator,msmarco-passage/train,ielabgroup/vec2text_gtr-base-st_corrector
41,Mutations in the Cystic Fibrosis conductance regulator gene,"a pacemaker cell is caused by the action potential of the apical cardiomuscles, and the responses of the brain are inspected",CosineGECO,50,0.001,the action potential of cardiac pacemaker cells is caused by quizlet,msmarco-passage/train,ielabgroup/vec2text_gtr-base-st_corrector
41,Mutations in the Cystic Fibrosis conductance regulator gene,"difference between a mutated gene and a mated gene, a  altered gene is a  mutation gene,",CosineGECO,50,0.001,difference between mutation gene and altered gene,msmarco-passage/train,ielabgroup/vec2text_gtr-base-st_corrector
41,Mutations in the Cystic Fibrosis conductance regulator gene,"what is an alternate version of a gene, which is the -additional version of -additional version.",CosineGECO,50,0.001,what is the alternate version of a gene,msmarco-passage/train,ielabgroup/vec2text_gtr-base-st_corrector
41,Mutations in the Cystic Fibrosis conductance regulator gene,"the protein of cystic fibrosis, cf. cystic fibrosis, is affected by cytoadreno proteins",CosineGECO,50,0.001,what protein is affected by cystic fibrosis,msmarco-passage/train,ielabgroup/vec2text_gtr-base-st_corrector
41,Mutations in the Cystic Fibrosis conductance regulator gene,"The mutation gene in the neuracyclin gene, a form of glucosamine, causes bipolar disorder, a condition",CosineGECO,50,0.001,what gene mutation causes bipolar disorder,msmarco-passage/train,ielabgroup/vec2text_gtr-base-st_corrector
41,Mutations in the Cystic Fibrosis conductance regulator gene,"the protein of cystic fibrosis, cf. cystic fibrosis, is affected by cytoadreno proteins",CosineGECO,50,0.001,what protein is affected by cystic fibrosis,msmarco-passage/train,ielabgroup/vec2text_gtr-base-st_corrector
41,Mutations in the Cystic Fibrosis conductance regulator gene,by cells and mating conditions. Theophoric dysplasia is a cause of thalassastia as,CosineGECO,50,0.001,what causes thanatophoric dysplasia,msmarco-passage/train,ielabgroup/vec2text_gtr-base-st_corrector
42,Genes altered by chromosome translocations,result of a mutation occurring as a result of a result of a mutation in the suppressor gene in a clonus gene,CosineGECO,50,0.001,result of mutation occurring in a suppressor gene,msmarco-passage/train,ielabgroup/vec2text_gtr-base-st_corrector
42,Genes altered by chromosome translocations,"relationship between chromosomes and genes chromosomes, vs. dna chromosomes and RNA",CosineGECO,50,0.001,relationship between genes dna and chromosomes,msmarco-passage/train,ielabgroup/vec2text_gtr-base-st_corrector
42,Genes altered by chromosome translocations,"a change in dna is called a change in DNA, or a change in a dna-dacchar",CosineGECO,50,0.001,what is a change in dna called,msmarco-passage/train,ielabgroup/vec2text_gtr-base-st_corrector
42,Genes altered by chromosome translocations,"mechanisms of gene expression in eukaryotes, and eukaryote-in-cell eukaryotis",CosineGECO,50,0.001,mechanisms of gene expression in eukaryotes,msmarco-passage/train,ielabgroup/vec2text_gtr-base-st_corrector
42,Genes altered by chromosome translocations,(translocation) is a re-injection of chromosomes in a chromosome by chromosome,CosineGECO,50,0.001,what is translocation in chromosome,msmarco-passage/train,ielabgroup/vec2text_gtr-base-st_corrector
42,Genes altered by chromosome translocations,"under circumstances where genes can unlink genes. Typically, it is when a person is unable to separate genes from an ill-fated",CosineGECO,50,0.001,what circumstances can unlink genes,msmarco-passage/train,ielabgroup/vec2text_gtr-base-st_corrector
42,Genes altered by chromosome translocations,What happens during translocation is that a band of microbial toxins are released into the bloodstream and re-exit to the surface,CosineGECO,50,0.001,what happens during translocation,msmarco-passage/train,ielabgroup/vec2text_gtr-base-st_corrector
42,Genes altered by chromosome translocations,Acute-blast disease Acute-blast disease (also known as a modifier gene) is a gene in humans that is a,CosineGECO,50,0.001,what is a modifier gene,msmarco-passage/train,ielabgroup/vec2text_gtr-base-st_corrector
42,Genes altered by chromosome translocations,(translocation) is a re-injection of chromosomes in a chromosome by chromosome,CosineGECO,50,0.001,what is translocation in chromosome,msmarco-passage/train,ielabgroup/vec2text_gtr-base-st_corrector
42,Genes altered by chromosome translocations,the different chromosomes (as opposed to the two cissosomes and a phenotypic ),CosineGECO,50,0.001,what are the different chromosomes called,msmarco-passage/train,ielabgroup/vec2text_gtr-base-st_corrector
43,Sleeping Beauty,Definition of sleep Definition of sleep (better known as poor sleep) is a critical economic condition of the human body,CosineGECO,50,0.001,define poor sleep,msmarco-passage/train,ielabgroup/vec2text_gtr-base-st_corrector
43,Sleeping Beauty,era Sleeping Beauty (or Sleeping Beauty: The Great Sleep of the Tangled Set) was set during the late pre-Microcon,CosineGECO,50,0.001,what era was sleeping beauty set,msmarco-passage/train,ielabgroup/vec2text_gtr-base-st_corrector
43,Sleeping Beauty,"name of the sleeping princess, aka Ariel Czewuta-Midnight, who is the name of the Sleeping Beauty",CosineGECO,50,0.001,what is the name of the sleeping beauty princess?,msmarco-passage/train,ielabgroup/vec2text_gtr-base-st_corrector
43,Sleeping Beauty,"types of mermaids, the mermaids of the arctic and nymphal seas, the one type",CosineGECO,50,0.001,types of mermaids,msmarco-passage/train,ielabgroup/vec2text_gtr-base-st_corrector
43,Sleeping Beauty,deviated septum apnea. Sleep apnea symptoms (apnea with a protru,CosineGECO,50,0.001,sleep apnea symptoms deviated septum,msmarco-passage/train,ielabgroup/vec2text_gtr-base-st_corrector
43,Sleeping Beauty,of a copper pillow (Coulton-Swipe & Niddow) is a soft bone pillow that is mineralized and,CosineGECO,50,0.001,what is a copper pillow,msmarco-passage/train,ielabgroup/vec2text_gtr-base-st_corrector
43,Sleeping Beauty,"which resort is called the Little Mermaid Resort and has the theme for the Disney mermaids theme and is called ""Disney",CosineGECO,50,0.001,what is the disney resort called with the little mermaid theme,msmarco-passage/train,ielabgroup/vec2text_gtr-base-st_corrector
43,Sleeping Beauty,"the symbol of a frog, which is a fairy-tale leaf-swapping symbol of the fables of magical",CosineGECO,50,0.001,what is the fairytale symbol of a frog,msmarco-passage/train,ielabgroup/vec2text_gtr-base-st_corrector
43,Sleeping Beauty,"where pillow basalts occur. This is a question of a definitive understanding, but the geology of the Cramford and sediment",CosineGECO,50,0.001,where do pillow basalts occur? geology,msmarco-passage/train,ielabgroup/vec2text_gtr-base-st_corrector
43,Sleeping Beauty,"with the application of sleep apnea slurp apnea, sleep is over diagnosed and is often over",CosineGECO,50,0.001,is sleep apnea over diagnosed,msmarco-passage/train,ielabgroup/vec2text_gtr-base-st_corrector
44,Proteins involved in the nerve growth factor pathway,"characteristics of nerve cells (a set of cells containing a number of ligands, organs, organs, cells, organs)",CosineGECO,50,0.001,characteristics of nerve cells,msmarco-passage/train,ielabgroup/vec2text_gtr-base-st_corrector
44,Proteins involved in the nerve growth factor pathway,which nerve is involved in the movement of the gastrointestinal tract (e.g. the digestive tract and the dysthyroidism) are affected,CosineGECO,50,0.001,which nerve is involved in movement of the digestive tract,msmarco-passage/train,ielabgroup/vec2text_gtr-base-st_corrector
44,Proteins involved in the nerve growth factor pathway,of the forces that determine the tertiary structure of a protein is the most influential candidate and a tertiary RNA,CosineGECO,50,0.001,which force is most influential in determining the tertiary structure of a protein,msmarco-passage/train,ielabgroup/vec2text_gtr-base-st_corrector
44,Proteins involved in the nerve growth factor pathway,"(p40-p40-p40) is an abnormal protein in the muscle tissue of skeletal muscle, consisting of unoxygenated muscle",CosineGECO,50,0.001,what is the abnormal protein in skeletal muscle tissue,msmarco-passage/train,ielabgroup/vec2text_gtr-base-st_corrector
44,Proteins involved in the nerve growth factor pathway,The nucleosynthesis step (a step in the amplification of a molecular molecule) of protein synthesis occurs at nucle,CosineGECO,50,0.001,what step of protein synthesis occurs in the nucleus,msmarco-passage/train,ielabgroup/vec2text_gtr-base-st_corrector
44,Proteins involved in the nerve growth factor pathway,"where protein are made – e.g., whey, baccal and lanucose, and in the heart",CosineGECO,50,0.001,where protein are made,msmarco-passage/train,ielabgroup/vec2text_gtr-base-st_corrector
44,Proteins involved in the nerve growth factor pathway,", , , , , , , , , , , crumbs from booger tissues are good",CosineGECO,50,0.001,are boogers good protein,msmarco-passage/train,ielabgroup/vec2text_gtr-base-st_corrector
44,Proteins involved in the nerve growth factor pathway,the production of r-protein. This production is located in the -abdomenol space between the - and,CosineGECO,50,0.001,where is the production of r-protein,msmarco-passage/train,ielabgroup/vec2text_gtr-base-st_corrector
44,Proteins involved in the nerve growth factor pathway,which (a) tetrahydrates and (b) nutrient-denaturing proteins initiate the process of denaturing.,CosineGECO,50,0.001,which of the following begins the process of denaturing proteins?,msmarco-passage/train,ielabgroup/vec2text_gtr-base-st_corrector
44,Proteins involved in the nerve growth factor pathway,"biology (Dalmon and Langdon, et al.): nerve impulse Nerve impulse is a physiological definition of a cell membrane",CosineGECO,50,0.001,nerve impulse definition biology,msmarco-passage/train,ielabgroup/vec2text_gtr-base-st_corrector
45,Mental Health Wellness-1,Emotional wellness Emotional Wellness (formerly known as emotional IQ) is a counseling program at the University of Washington on mental health and relationships,CosineGECO,50,0.001,what is emotional wellness?,msmarco-passage/train,ielabgroup/vec2text_gtr-base-st_corrector
45,Mental Health Wellness-1,"What is a process note state mental health law Texaco, a process note is a vigil of cases relating to mental",CosineGECO,50,0.001,what is a process note mental health texas state law,msmarco-passage/train,ielabgroup/vec2text_gtr-base-st_corrector
45,Mental Health Wellness-1,"'G' codes, whether medically related or 'G' codes, are considered diagnostic mental health related and are subject to ongoing hospitalizations",CosineGECO,50,0.001,are 'G' diagnostic codes considered mental health related or medical related,msmarco-passage/train,ielabgroup/vec2text_gtr-base-st_corrector
45,Mental Health Wellness-1,"describe a person - a person with a mental condition, a mental disorder, or a disorder - accurately describe a mentally",CosineGECO,50,0.001,how to describe a person mentally,msmarco-passage/train,ielabgroup/vec2text_gtr-base-st_corrector
45,Mental Health Wellness-1,"the problems with insurances and mental health insurances are the responsibilities and inabilities of insurers, the risks and costs associated with a health",CosineGECO,50,0.001,what are the problems with mental health and insurances,msmarco-passage/train,ielabgroup/vec2text_gtr-base-st_corrector
45,Mental Health Wellness-1,"definition of health and health continuum, a definition of health-and-pornality, a definition of health-horizonte gap",CosineGECO,50,0.001,definition of health and health continuum,msmarco-passage/train,ielabgroup/vec2text_gtr-base-st_corrector
45,Mental Health Wellness-1,"(son-in-law and father-in-law) of a family, and mental health (psychiatry) is hereditary",CosineGECO,50,0.001,is mental health hereditary,msmarco-passage/train,ielabgroup/vec2text_gtr-base-st_corrector
45,Mental Health Wellness-1,"types of doctors who study mental disorders, e.g., fabled children and young women, medical doctors study mental disorders and are specialists",CosineGECO,50,0.001,what type of doctors study mental disorders,msmarco-passage/train,ielabgroup/vec2text_gtr-base-st_corrector
45,Mental Health Wellness-1,"prime wellness by connecticut Superfoods of Connecticut. Connecticut is a part of the ""Sweet Health & Wellness Program",CosineGECO,50,0.001,prime wellness of connecticut,msmarco-passage/train,ielabgroup/vec2text_gtr-base-st_corrector
45,Mental Health Wellness-1,"which 20.7% of adults experience a mental health issue every year, compared with 30.0% and 0.0% for the same year of a",CosineGECO,50,0.001,what percent of adults experience a mental health issue in any given year,msmarco-passage/train,ielabgroup/vec2text_gtr-base-st_corrector
46,RSK2,a dog can live as long as 3.5 to 4.5 years on a stage 2 kidney failure diagnosis or a stage 2 kidney failure pathology,CosineGECO,50,0.001,how long can a dog live with stage 2 kidney failure,msmarco-passage/train,ielabgroup/vec2text_gtr-base-st_corrector
46,RSK2,"a RFC, is a network of manufacturers that uses a reswatch and a reswatch product to identify the information",CosineGECO,50,0.001,what is an RFC,msmarco-passage/train,ielabgroup/vec2text_gtr-base-st_corrector
46,RSK2,sek sek () is a program of the National Institute of Technology of Finland. It is also known as Sk,CosineGECO,50,0.001,what is sek,msmarco-passage/train,ielabgroup/vec2text_gtr-base-st_corrector
46,RSK2,"is etta-d2 or etta-kda. EDAS is enriched with Vitamin 1,",CosineGECO,50,0.001,is etda vitamin k2,msmarco-passage/train,ielabgroup/vec2text_gtr-base-st_corrector
46,RSK2,is 8602 - 8602 - 8702 is a city in the United Kingdom. It is located in the heart of Hamilton,CosineGECO,50,0.001,where is 01462,msmarco-passage/train,ielabgroup/vec2text_gtr-base-st_corrector
46,RSK2,it is a re-envisioning of the information about NOD2 . NOD2 does something to a re-en,CosineGECO,50,0.001,what does NOD2 do,msmarco-passage/train,ielabgroup/vec2text_gtr-base-st_corrector
46,RSK2,"Mechanic Resurrection Mechanic Resurrection is a sequel to """" which was released as a winter tie",CosineGECO,50,0.001,what is mechanic resurrection a sequel,msmarco-passage/train,ielabgroup/vec2text_gtr-base-st_corrector
46,RSK2,"a2 is a difference between a and a, which is a difference between a and a. It is possible for as",CosineGECO,50,0.001,what is difference between a2 and as,msmarco-passage/train,ielabgroup/vec2text_gtr-base-st_corrector
46,RSK2,SP2 SP2 (also known as SP2) is a spherochemical spheroglob,CosineGECO,50,0.001,what is spo2,msmarco-passage/train,ielabgroup/vec2text_gtr-base-st_corrector
46,RSK2,. Rinnaiu means,CosineGECO,50,0.001,what does rinnaii ruc meaning,msmarco-passage/train,ielabgroup/vec2text_gtr-base-st_corrector
47,Human gene BCL-2 antagonists and inhibitors,socl2 is a purpose of chlorine-sulfur dioxide. The purpose of SOcl2 is to enhance the performance of the chemical,CosineGECO,50,0.001,what is socl2 purpose,msmarco-passage/train,ielabgroup/vec2text_gtr-base-st_corrector
47,Human gene BCL-2 antagonists and inhibitors,"role of gene plays as bp and pycnephlogistic depression. However, BPD also plays a limited role",CosineGECO,50,0.001,what role does gene play bpd,msmarco-passage/train,ielabgroup/vec2text_gtr-base-st_corrector
47,Human gene BCL-2 antagonists and inhibitors,An antagonist muscle (or agonist-muscle) is a muscle that is a muscle that is a mechanism of the anti-inflammatory response,CosineGECO,50,0.001,what is an antagonist muscle,msmarco-passage/train,ielabgroup/vec2text_gtr-base-st_corrector
47,Human gene BCL-2 antagonists and inhibitors,borrelia spirochete sp. sp. sp. obstructs human cells in the blood,CosineGECO,50,0.001,what does borrelia burgdorferi spirochete do to human cells,msmarco-passage/train,ielabgroup/vec2text_gtr-base-st_corrector
47,Human gene BCL-2 antagonists and inhibitors,are class two,CosineGECO,50,0.001,what are class one two and three circuits,msmarco-passage/train,ielabgroup/vec2text_gtr-base-st_corrector
47,Human gene BCL-2 antagonists and inhibitors,remicade is a monoclon,CosineGECO,50,0.001,is remicade a monoclonal antibody,msmarco-passage/train,ielabgroup/vec2text_gtr-base-st_corrector
47,Human gene BCL-2 antagonists and inhibitors,gene a. a. a. b. McConnell. Gene a. a. mcconnell,CosineGECO,50,0.001,gene a. mcconnell,msmarco-passage/train,ielabgroup/vec2text_gtr-base-st_corrector
47,Human gene BCL-2 antagonists and inhibitors,"definitions of the verbs  (e.g., Aristotle, Arnolf, Dämmer) antagonist",CosineGECO,50,0.001,definitions for antagonist,msmarco-passage/train,ielabgroup/vec2text_gtr-base-st_corrector
47,Human gene BCL-2 antagonists and inhibitors,"bidirectional intrusive RNA antisense irDNA antisense, a solution to an ironic sym",CosineGECO,50,0.001,intronic antisense bidirectional rna,msmarco-passage/train,ielabgroup/vec2text_gtr-base-st_corrector
47,Human gene BCL-2 antagonists and inhibitors,baculin (bacteriose bacteriose). Bactracin is an antagonist of lignin and azidetracar,CosineGECO,50,0.001,what is antagonist for bacitracin,msmarco-passage/train,ielabgroup/vec2text_gtr-base-st_corrector
48,Human homologues of C. elegans UNC genes,"compare the number of genes in humans with chimpanzees, lizards, apes, mice, and gorillas",CosineGECO,50,0.001,"compare the number of genes in humans with chimpanzees, gorillas, and mice",msmarco-passage/train,ielabgroup/vec2text_gtr-base-st_corrector
48,Human homologues of C. elegans UNC genes,", homologous traits are traits",CosineGECO,50,0.001,what are homologous traits,msmarco-passage/train,ielabgroup/vec2text_gtr-base-st_corrector
48,Human homologues of C. elegans UNC genes,(Diksinoglobin and musculature) — DNA is a difference between a DNA and a gene,CosineGECO,50,0.001,difference between a gene and DNA,msmarco-passage/train,ielabgroup/vec2text_gtr-base-st_corrector
48,Human homologues of C. elegans UNC genes,Ugc is a collection of cyclic gamma-limidazole complexes. It is known as high yield,CosineGECO,50,0.001,what is ugc,msmarco-passage/train,ielabgroup/vec2text_gtr-base-st_corrector
48,Human homologues of C. elegans UNC genes,"carbohydrate, Phylum Euglenophyta has carbohydrates that acetylcholine and plant carbohydrates",CosineGECO,50,0.001,what carbohydrate does phylum euglenophyta have,msmarco-passage/train,ielabgroup/vec2text_gtr-base-st_corrector
48,Human homologues of C. elegans UNC genes,"similarities between animal and human testing in medical science, including the dhaemoglobin and adenovirus tests in humans and other",CosineGECO,50,0.001,dna similarities between animals in medical testing and humans,msmarco-passage/train,ielabgroup/vec2text_gtr-base-st_corrector
48,Human homologues of C. elegans UNC genes,"genes in PtC, which are a blend of tetraz, peptides, and a variety of other PTC",CosineGECO,50,0.001,what genes are in ptc,msmarco-passage/train,ielabgroup/vec2text_gtr-base-st_corrector
48,Human homologues of C. elegans UNC genes,"the constituents of DNA. This includes a variety of dnascides, gRNA, and aphRNA.",CosineGECO,50,0.001,what are the constituents of dna?,msmarco-passage/train,ielabgroup/vec2text_gtr-base-st_corrector
48,Human homologues of C. elegans UNC genes,examples of a gene (e.g. 1 and a1,CosineGECO,50,0.001,examples of a recessive gene,msmarco-passage/train,ielabgroup/vec2text_gtr-base-st_corrector
48,Human homologues of C. elegans UNC genes,"human disorders caused by substitution mutations, human diseases (e.g., hepatitis, hemangiosis, dysregulation",CosineGECO,50,0.001,human disorders caused by substitution mutations,msmarco-passage/train,ielabgroup/vec2text_gtr-base-st_corrector
49,Glyphosate tolerance gene sequence,Complete sequencing of dna-dialect-dialect-dosing is sequencing for myopathy and is completed after,CosineGECO,50,0.001,what is complete dna sequencing for myopathy,msmarco-passage/train,ielabgroup/vec2text_gtr-base-st_corrector
49,Glyphosate tolerance gene sequence,EGFR tyrosine kinase -efgr kinase is a lipid,CosineGECO,50,0.001,what is egfr tyrosine kinase,msmarco-passage/train,ielabgroup/vec2text_gtr-base-st_corrector
49,Glyphosate tolerance gene sequence,"s phenotype is a genotype phenotype, g phenotype, s phenotype is",CosineGECO,50,0.001,what is genotype s phenotype,msmarco-passage/train,ielabgroup/vec2text_gtr-base-st_corrector
49,Glyphosate tolerance gene sequence,"known as glycocalyses, glycocalyses is a chemical cycle of the body and a lipid that metabolises water molecules",CosineGECO,50,0.001,what is glycocalyses,msmarco-passage/train,ielabgroup/vec2text_gtr-base-st_corrector
49,Glyphosate tolerance gene sequence,the glutamate receptor types (glutamate -synaptic and glutamate -season receptor,CosineGECO,50,0.001,glutamate receptor types,msmarco-passage/train,ielabgroup/vec2text_gtr-base-st_corrector
49,Glyphosate tolerance gene sequence,"arginine lysine ratio, tomato ketchup lysine aurifeth ketchup a",CosineGECO,50,0.001,tomato kethchup lysine arginine ratio,msmarco-passage/train,ielabgroup/vec2text_gtr-base-st_corrector
49,Glyphosate tolerance gene sequence,A glycerols glycerols (known as a glycoside) is a form of lipid,CosineGECO,50,0.001,what is a glycoside,msmarco-passage/train,ielabgroup/vec2text_gtr-base-st_corrector
49,Glyphosate tolerance gene sequence,"the scientific name of the pathogen that causes lyme disease, namely lyme tetrasoma, lyme bron",CosineGECO,50,0.001,what is the scientific name of the pathogen that cause lyme disease,msmarco-passage/train,ielabgroup/vec2text_gtr-base-st_corrector
49,Glyphosate tolerance gene sequence,CPg sequence is a sequence that is a result of a post-card grammatical commutation disorder (CPG,CosineGECO,50,0.001,what is a cpg sequence,msmarco-passage/train,ielabgroup/vec2text_gtr-base-st_corrector
49,Glyphosate tolerance gene sequence,a male spermhopper sperm has 322 chromosomes in his grapcorn cell sperm and 10,CosineGECO,50,0.001,how many chromosomes are in a male grasshopper sperm cell,msmarco-passage/train,ielabgroup/vec2text_gtr-base-st_corrector
50,Low temperature protein expression in E. coli,"a low temperature, with a low temperature of less than 93 °F (mid-level temperatures between the warm and cold periods) is",CosineGECO,50,0.001,what is considered a low temperature,msmarco-passage/train,ielabgroup/vec2text_gtr-base-st_corrector
50,Low temperature protein expression in E. coli,"is cocao lipid, the protein is mainly lipid, the carbohydrate lipid is lipid, the lipid lipid",CosineGECO,50,0.001,is cocao carbohydrate lipid or protein,msmarco-passage/train,ielabgroup/vec2text_gtr-base-st_corrector
50,Low temperature protein expression in E. coli,"ee-coli and ee-coli is aerobic. In a healthy diet, ee-coli and ee-coli",CosineGECO,50,0.001,is e coli aerobic,msmarco-passage/train,ielabgroup/vec2text_gtr-base-st_corrector
50,Low temperature protein expression in E. coli,temperature required is 50 °C (60 °F) for compost in order to be used for liquid composting,CosineGECO,50,0.001,temperature required for compost,msmarco-passage/train,ielabgroup/vec2text_gtr-base-st_corrector
50,Low temperature protein expression in E. coli,"types of ecoli in urine, the e. coli, e. c. ossia coli and urine",CosineGECO,50,0.001,types of e coli in urine,msmarco-passage/train,ielabgroup/vec2text_gtr-base-st_corrector
50,Low temperature protein expression in E. coli,"-environment and -environment can affect genetic expressions, but the environment can be a source of strains in gene expression",CosineGECO,50,0.001,can environment affect genetic expressions,msmarco-passage/train,ielabgroup/vec2text_gtr-base-st_corrector
50,Low temperature protein expression in E. coli,"a bloat-like reaction, erectile dysfunction, and gastric pain, erythropoietin does cause",CosineGECO,50,0.001,does erythropoietin cause gas,msmarco-passage/train,ielabgroup/vec2text_gtr-base-st_corrector
50,Low temperature protein expression in E. coli,mRNA and dnascent microbiology bacteriology. Levels in protein enrichment and DNA enrichment determine the strength,CosineGECO,50,0.001,dna and protein levels enrichment microbiology,msmarco-passage/train,ielabgroup/vec2text_gtr-base-st_corrector
50,Low temperature protein expression in E. coli,"enterovirus biphasic febrile illness, e.g. bacterial ectodystrophy and enteroviruse",CosineGECO,50,0.001,enterovirus biphasic febrile illness,msmarco-passage/train,ielabgroup/vec2text_gtr-base-st_corrector
50,Low temperature protein expression in E. coli,"a temperature of 70 °C or 72 °C, el Paso txilipas",CosineGECO,50,0.001,temperature in el paso tx,msmarco-passage/train,ielabgroup/vec2text_gtr-base-st_corrector
