query_id,text,obfuscatedText,mechanism,epsilon,top_percentile,pivot_query,pool,corrector_model
1,Ferroportin-1 in humans,"a 1 chloride tablet or a 1 chlorinette tablet, there are 5 ppm tablets per 100 gallons of public l",CosineGECO,5,0.001,how many chlorine tablets are 1 ppm,msmarco-passage/train,ielabgroup/vec2text_gtr-base-st_corrector
1,Ferroportin-1 in humans,fetal baseline fetal baseline (also known as fetal syndrome) is a defined range of fetal and fetal pupils,CosineGECO,5,0.001,fetal baseline definition,msmarco-passage/train,ielabgroup/vec2text_gtr-base-st_corrector
1,Ferroportin-1 in humans,"with flexeril only if ingested a lot of dilated bowel fluid, it can cause constipation normally",CosineGECO,5,0.001,does flexeril normally cause constipation?,msmarco-passage/train,ielabgroup/vec2text_gtr-base-st_corrector
1,Ferroportin-1 in humans,"as much blood as is necessary for a ferritin injection to be taken out, or 0.5 mg to 0.5 mg to be taken out",CosineGECO,5,0.001,how much blood for ferritin be taken out,msmarco-passage/train,ielabgroup/vec2text_gtr-base-st_corrector
1,Ferroportin-1 in humans,steroid hormones that increase venous venous venous venous renin (as a result of spider pregnancy,CosineGECO,5,0.001,hormones that increase spider veins,msmarco-passage/train,ielabgroup/vec2text_gtr-base-st_corrector
1,Ferroportin-1 in humans,"of the following hormones are responsible for water reabsorption by facultative reabsorption, revealing that a lower quizzer is",CosineGECO,5,0.001,which of the hormones below is responsible for facultative water reabsorption quizlet,msmarco-passage/train,ielabgroup/vec2text_gtr-base-st_corrector
1,Ferroportin-1 in humans,mL g/mL cortisol 1g/mL cortisol is a medication that is an oral capsule,CosineGECO,5,0.001,what is cortisol 1mg oral capsule,msmarco-passage/train,ielabgroup/vec2text_gtr-base-st_corrector
1,Ferroportin-1 in humans,a side-effect of the sulfate sulfate and sulfate ions are the ferrous pills,CosineGECO,5,0.001,what are the side effects of ferrous sulfate pills,msmarco-passage/train,ielabgroup/vec2text_gtr-base-st_corrector
1,Ferroportin-1 in humans,"first self-replicating molecules, a molecule containing 1 M recombinases and presenting as replicating molecules",CosineGECO,5,0.001,first self replicating molecules,msmarco-passage/train,ielabgroup/vec2text_gtr-base-st_corrector
1,Ferroportin-1 in humans,"symptom of elevated ferritin (in addition to a high level of bile, liver, and bronchial organs) occur",CosineGECO,5,0.001,symptoms of elevated ferritin,msmarco-passage/train,ielabgroup/vec2text_gtr-base-st_corrector
2,Generating transgenic mice,"there is a vertical gene transfer, as there is a lateral gene transfer from a genometria to a geno",CosineGECO,5,0.001,is there a vertical gene transfer,msmarco-passage/train,ielabgroup/vec2text_gtr-base-st_corrector
2,Generating transgenic mice,"whose enzyme builds new DNA, enzymes build new dnaA ribose or cpA encoding the new",CosineGECO,5,0.001,what enzyme builds new dna,msmarco-passage/train,ielabgroup/vec2text_gtr-base-st_corrector
2,Generating transgenic mice,"cDNA contains utr and if utr does contain cdcRNA, the % cdcRNA",CosineGECO,5,0.001,does cdna contain utr,msmarco-passage/train,ielabgroup/vec2text_gtr-base-st_corrector
2,Generating transgenic mice,describe the genetic recombination which occurs during meiosis (meiosis,CosineGECO,5,0.001,describe the genetic recombination which occurs during meiosis,msmarco-passage/train,ielabgroup/vec2text_gtr-base-st_corrector
2,Generating transgenic mice,"which process converts rna encoding from DNA to RNA, or a rna acrobetic converting",CosineGECO,5,0.001,which process converts dna code into rna,msmarco-passage/train,ielabgroup/vec2text_gtr-base-st_corrector
2,Generating transgenic mice,"the causes of Down syndrome or nondisjunction/nondisjunction, it is a result of mutation or mtDNA",CosineGECO,5,0.001,what causes down syndrome mutation or nondisjunction,msmarco-passage/train,ielabgroup/vec2text_gtr-base-st_corrector
2,Generating transgenic mice,in a breeding process to breed a lavender brahma lomba savanna. Leave the brahma,CosineGECO,5,0.001,how to breed a lavender brahma,msmarco-passage/train,ielabgroup/vec2text_gtr-base-st_corrector
2,Generating transgenic mice,article about gene mutation and a disease of the genus. A nut article by Amy Barron: “A gene is a gene,CosineGECO,5,0.001,article about gene mutation,msmarco-passage/train,ielabgroup/vec2text_gtr-base-st_corrector
2,Generating transgenic mice,"Researchers use a combination of ginger and sugars to give mice ginger to help shrink their brain tumors. Then, after removing the ginger,",CosineGECO,5,0.001,how do researchers give ginger to mice to shrink tumors?,msmarco-passage/train,ielabgroup/vec2text_gtr-base-st_corrector
2,Generating transgenic mice,"insertion and insertion of genes, which are a portion of the ERON genes, are inserted into corn after a genus",CosineGECO,5,0.001,what genes are inserted into corn,msmarco-passage/train,ielabgroup/vec2text_gtr-base-st_corrector
3,Time course for gene expression in mouse kidney,"what occurs during prokaryotic gene expression, and eukaryotic gene expression occurs but does not occur during eukaryotic gene expression",CosineGECO,5,0.001,what occurs during prokaryotic gene expression but does not occur during eukaryotic gene expression,msmarco-passage/train,ielabgroup/vec2text_gtr-base-st_corrector
3,Time course for gene expression in mouse kidney,-ura3 gene -ura3 is a gene of the adenosine 3-glucose protein family and,CosineGECO,5,0.001,what is ura3 gene,msmarco-passage/train,ielabgroup/vec2text_gtr-base-st_corrector
3,Time course for gene expression in mouse kidney,The difference between the cytokines (endocystin and gliadins) of a gene and a protein,CosineGECO,5,0.001,what is the difference between a gene and a protein,msmarco-passage/train,ielabgroup/vec2text_gtr-base-st_corrector
3,Time course for gene expression in mouse kidney,(embedded) or a publicly disclosed gene (embedded) is an expressed gene that is a cross-genome,CosineGECO,5,0.001,what is an expressed gene,msmarco-passage/train,ielabgroup/vec2text_gtr-base-st_corrector
3,Time course for gene expression in mouse kidney,gene is located on the -sem. The -sry gene is located on Apologis for both imaging conditions,CosineGECO,5,0.001,what gene is sry located on,msmarco-passage/train,ielabgroup/vec2text_gtr-base-st_corrector
3,Time course for gene expression in mouse kidney,"from 1 to 3 years, mouses (Mickeys) live a long life of 0.5 to 7.5 years, and are found living",CosineGECO,5,0.001,how long do mouses live,msmarco-passage/train,ielabgroup/vec2text_gtr-base-st_corrector
3,Time course for gene expression in mouse kidney,CE1 system in Singapore CE1 system in Singapore is a MRTS system which carries ETRA for 0 to 16 mmol,CosineGECO,5,0.001,what is CE1 in mrt system in singapore,msmarco-passage/train,ielabgroup/vec2text_gtr-base-st_corrector
3,Time course for gene expression in mouse kidney,"a medical condition such as a reselection of the kidneys, mildly abnormal kidney function will cause kidney disease that affects function",CosineGECO,5,0.001,what causes mildly abnormal kidney function,msmarco-passage/train,ielabgroup/vec2text_gtr-base-st_corrector
3,Time course for gene expression in mouse kidney,"of urine or nephrons, 1 to 12 minutes long until kidneys produce urine and can create urine from a urine containing urine",CosineGECO,5,0.001,how long for kidneys to create urine,msmarco-passage/train,ielabgroup/vec2text_gtr-base-st_corrector
3,Time course for gene expression in mouse kidney,from 1 to 4.5 years of people who live with kidney failure or people who have a rheumatoid disease continue to live,CosineGECO,5,0.001,how long do people live with kidney failure,msmarco-passage/train,ielabgroup/vec2text_gtr-base-st_corrector
4,Gene expression profiles for kidney in mice,"expression of a gene (e.g., a cellulose disease, a liver disease). Gene expression is defined as an expression expression",CosineGECO,5,0.001,gene expression define,msmarco-passage/train,ielabgroup/vec2text_gtr-base-st_corrector
4,Gene expression profiles for kidney in mice,disorder of kidney and ureter is a condition of the kidneys (kidney) and ureters (nephron) defined,CosineGECO,5,0.001,disorder of kidney and ureter definition,msmarco-passage/train,ielabgroup/vec2text_gtr-base-st_corrector
4,Gene expression profiles for kidney in mice,"a gene is to be expressed, which means that the gene(s) or the results of the gene(s) that are affected by the yeast",CosineGECO,5,0.001,what it means for a gene to be expressed,msmarco-passage/train,ielabgroup/vec2text_gtr-base-st_corrector
4,Gene expression profiles for kidney in mice,"what is the Walmart gene (Mart, Walmart, Wal-Mart) is a gene from a combination of neurotoxicity, aceto",CosineGECO,5,0.001,what is walmart gene,msmarco-passage/train,ielabgroup/vec2text_gtr-base-st_corrector
4,Gene expression profiles for kidney in mice,"if you are diagnosed with nephronia erythema and diabetes, you can drink almond milk with kidney disease and other",CosineGECO,5,0.001,can you drink almond milk with kidney disease,msmarco-passage/train,ielabgroup/vec2text_gtr-base-st_corrector
4,Gene expression profiles for kidney in mice,"cause of a disease of the kidneys, a disease is caused by persistent clusters of blood vessels in the kidneys and a blood vessel",CosineGECO,5,0.001,what causes clusters of blood vessels in the kidney,msmarco-passage/train,ielabgroup/vec2text_gtr-base-st_corrector
4,Gene expression profiles for kidney in mice,"what is called the functional unit in the individual kidney, which is the kidney of the blood, esophagus, fibrosis,",CosineGECO,5,0.001,what is the individual functional unit in the kidney called,msmarco-passage/train,ielabgroup/vec2text_gtr-base-st_corrector
4,Gene expression profiles for kidney in mice,a single cross is the cross that produces a single progeny from the cDNA/DB1 and a range of alleles,CosineGECO,5,0.001,which cross produce a single progeny,msmarco-passage/train,ielabgroup/vec2text_gtr-base-st_corrector
4,Gene expression profiles for kidney in mice,"what are the two blood vessels enter and exit into the region of the kidneys known as the hilus, a part of the lisa",CosineGECO,5,0.001,what are two blood vessels enter/leave at the region of the kidney known as the hilus,msmarco-passage/train,ielabgroup/vec2text_gtr-base-st_corrector
4,Gene expression profiles for kidney in mice,form caffeine-induced kidney disease. Coffee-induced kidney disease Coffee-induced kidney disease is a disease of the kidneys and the kidneys of children,CosineGECO,5,0.001,caffeine kidney disease,msmarco-passage/train,ielabgroup/vec2text_gtr-base-st_corrector
5,Protocols for isolating cell nuclei,"external radiation types (radiation of a neo-fascium, a fusion of a boron,",CosineGECO,5,0.001,external radiation types,msmarco-passage/train,ielabgroup/vec2text_gtr-base-st_corrector
5,Protocols for isolating cell nuclei,"function of nucleoli. This function is simple, but it is a function of nucleotoxin that serves to efficiently eluci",CosineGECO,5,0.001,what is the function of nucleoli,msmarco-passage/train,ielabgroup/vec2text_gtr-base-st_corrector
5,Protocols for isolating cell nuclei,-protein recommendations are recommended for cancer patients ranging from a healthy calorie intake to a low calorie intake such as beria,CosineGECO,5,0.001,protein recommendations for cancer patients,msmarco-passage/train,ielabgroup/vec2text_gtr-base-st_corrector
5,Protocols for isolating cell nuclei,"a sub-diastolic type of nuclear emission, the type of radioactive emission is what is most dangerous. Regardless",CosineGECO,5,0.001,what type of radioactive emission is most dangerous?,msmarco-passage/train,ielabgroup/vec2text_gtr-base-st_corrector
5,Protocols for isolating cell nuclei,"defined as three classes of networks, how they are used to differentiate, and what class of IP addresses the original Internet Protocol (IOP) standard specifies",CosineGECO,5,0.001,"as defined by the original internet protocol standard, what are the three classes of ip addresses used for networks, and what differentiates them?",msmarco-passage/train,ielabgroup/vec2text_gtr-base-st_corrector
5,Protocols for isolating cell nuclei,why nuclear energy is a bad article (http://www.thebosc.com/article/nuclear-content/bad,CosineGECO,5,0.001,why nuclear energy is bad article,msmarco-passage/train,ielabgroup/vec2text_gtr-base-st_corrector
5,Protocols for isolating cell nuclei,"a simple way to characterize isolator (i.e., by separating the element of the  and the",CosineGECO,5,0.001,how to characterize isolator,msmarco-passage/train,ielabgroup/vec2text_gtr-base-st_corrector
5,Protocols for isolating cell nuclei,a protocol to process a wireless host may be used (typically IC based host-host and iFC based host-host,CosineGECO,5,0.001,what protocol would used to process a wireless host,msmarco-passage/train,ielabgroup/vec2text_gtr-base-st_corrector
5,Protocols for isolating cell nuclei,"types of radiation for sterilization (sterilization, ionogenic radiation, or peri-oporation). These types are",CosineGECO,5,0.001,types of radiation for sterilization,msmarco-passage/train,ielabgroup/vec2text_gtr-base-st_corrector
5,Protocols for isolating cell nuclei,robust zero-day protection is a technology that provides resilient zero-day protection for conventional shell emulation and recovery systems. It,CosineGECO,5,0.001,what is robust zero-day protection,msmarco-passage/train,ielabgroup/vec2text_gtr-base-st_corrector
6,FancD2,fudanshi fudanshi (       ) meaning,CosineGECO,5,0.001,fudanshi meaning,msmarco-passage/train,ielabgroup/vec2text_gtr-base-st_corrector
6,FancD2,FINARDAND digital release date and a date for a digital download and a physical release date for Europe and London on 21 September 2017,CosineGECO,5,0.001,ferdinand digital release date,msmarco-passage/train,ielabgroup/vec2text_gtr-base-st_corrector
6,FancD2,"Fandango , formerly FILMOST and later FILMOST, Fandango, is a worldwide award-winning young dance",CosineGECO,5,0.001,what is fandango,msmarco-passage/train,ielabgroup/vec2text_gtr-base-st_corrector
6,FancD2,"ffhh is a renowned eminent entertainer, producer and heir of FSB League of China. f",CosineGECO,5,0.001,who is fhfh,msmarco-passage/train,ielabgroup/vec2text_gtr-base-st_corrector
6,FancD2,ft3 is a range of foodstuffs and oils. It is also known as ft3. ft3 is,CosineGECO,5,0.001,what is ft3,msmarco-passage/train,ielabgroup/vec2text_gtr-base-st_corrector
6,FancD2,password - DRAVEK - DRAVEK FORCE INSIDE BANK - 0 - 0 -,CosineGECO,5,0.001,fort drakon escape password,msmarco-passage/train,ielabgroup/vec2text_gtr-base-st_corrector
6,FancD2,"the Second Reich (Feudal Republic) was a network of reunification on the second day of the Second Republic, known as",CosineGECO,5,0.001,what was the second reich,msmarco-passage/train,ielabgroup/vec2text_gtr-base-st_corrector
6,FancD2,'Fxdwg' which stands for 'Foxdolkdog'. The site was created to feature a,CosineGECO,5,0.001,what does fxdwg stand for,msmarco-passage/train,ielabgroup/vec2text_gtr-base-st_corrector
6,FancD2,A second PPD can be placed if a patient has postmenopausal disorder (PPD). The second PPD can be placed,CosineGECO,5,0.001,when can second ppd be placed,msmarco-passage/train,ielabgroup/vec2text_gtr-base-st_corrector
6,FancD2,system:        (Udf) is a system of  (Uni,CosineGECO,5,0.001,what is [system: udf],msmarco-passage/train,ielabgroup/vec2text_gtr-base-st_corrector
7,DNA repair and oxidative stress,is prepared for cell division to prepare for dilution and re-injection into the cytoplasm. Cells and DNA replicate to prepare,CosineGECO,5,0.001,does dna replicate to prepare for cell division,msmarco-passage/train,ielabgroup/vec2text_gtr-base-st_corrector
7,DNA repair and oxidative stress,"What happens to oxidizing agent during the reduction process is that it becomes a re-sucrose, re-combustion",CosineGECO,5,0.001,what happens to oxidizing agent in reduction,msmarco-passage/train,ielabgroup/vec2text_gtr-base-st_corrector
7,DNA repair and oxidative stress,the steps are performed by the viruses involved in the replication of DNA and virulence and the virulence and virulence information,CosineGECO,5,0.001,what are the steps involved in the replication of dna viruses,msmarco-passage/train,ielabgroup/vec2text_gtr-base-st_corrector
7,DNA repair and oxidative stress,"is normal stress included, i.e., does a normal force include axial stress (for a total of 12",CosineGECO,5,0.001,does normal stress include axial force,msmarco-passage/train,ielabgroup/vec2text_gtr-base-st_corrector
7,DNA repair and oxidative stress,"has bacterial fragments completed at Okazaki. So, the replication of bacterial fragments will complete DNA natriurea",CosineGECO,5,0.001,does replication of bacterial DNA completed at okazaki fraggments?,msmarco-passage/train,ielabgroup/vec2text_gtr-base-st_corrector
7,DNA repair and oxidative stress,What happens when a DNA strand is doubled is re-transfected and the mRNA is able to replicate on the surface,CosineGECO,5,0.001,what happens when dna is replicated,msmarco-passage/train,ielabgroup/vec2text_gtr-base-st_corrector
7,DNA repair and oxidative stress,type of bond that keeps each individual strand together by adhesive bonding between the DNA atoms and the RNA strand,CosineGECO,5,0.001,what type of bond keeps each individual dna strand together,msmarco-passage/train,ielabgroup/vec2text_gtr-base-st_corrector
7,DNA repair and oxidative stress,a medically important use of the oxidase test is to test whether a molecule is able to withstand a glucose,CosineGECO,5,0.001,what is a medically important use for the oxidase test,msmarco-passage/train,ielabgroup/vec2text_gtr-base-st_corrector
7,DNA repair and oxidative stress,who transforming heat-knap principle strain is the streptococcus virus that virulated DNA from a certain,CosineGECO,5,0.001,who dna is the transforming principle from heat-killed s strain streptococcus pneumoniae that can make the r strain virule,msmarco-passage/train,ielabgroup/vec2text_gtr-base-st_corrector
7,DNA repair and oxidative stress,how the information encoded in DNA is actually used by organisms - i.e. organisms - is used to encrypt information,CosineGECO,5,0.001,how is the information encoded in DNA actually used by organisms,msmarco-passage/train,ielabgroup/vec2text_gtr-base-st_corrector
8,Correlation between DNA repair pathways and skin cancer,"cells affected by cancer of the lung, compared to other cancers, such as bronchospasm, and smokecancer, are cancer",CosineGECO,5,0.001,cells affected by lung cancer,msmarco-passage/train,ielabgroup/vec2text_gtr-base-st_corrector
8,Correlation between DNA repair pathways and skin cancer,"type of cancer that Joey Feek had, and on the eve of his death, he contracted cancer at Carole Jones University",CosineGECO,5,0.001,what type of cancer did joey feek have,msmarco-passage/train,ielabgroup/vec2text_gtr-base-st_corrector
8,Correlation between DNA repair pathways and skin cancer,"called ""cancer neochomothorax"". If cancer spreads to another part of your body or to the other part of your body",CosineGECO,5,0.001,what is it called when cancer spreads to another part of your body,msmarco-passage/train,ielabgroup/vec2text_gtr-base-st_corrector
8,Correlation between DNA repair pathways and skin cancer,"a calveolar obstructor, vitamin D may cause cancers such as those referred to as diluvium",CosineGECO,5,0.001,what cancer does vitamin d cause,msmarco-passage/train,ielabgroup/vec2text_gtr-base-st_corrector
8,Correlation between DNA repair pathways and skin cancer,"a high percentage of cases of liver cancer worldwide, as well as a significant percentage of obliteration, are caused by infection with",CosineGECO,5,0.001,eighty percent of the cases of liver cancer worldwide are caused by infection with,msmarco-passage/train,ielabgroup/vec2text_gtr-base-st_corrector
8,Correlation between DNA repair pathways and skin cancer,"if resnaphtamine or a new dna dna is present, is recombant",CosineGECO,5,0.001,is dna recombinant,msmarco-passage/train,ielabgroup/vec2text_gtr-base-st_corrector
8,Correlation between DNA repair pathways and skin cancer,as a group of sex-skin cells (skin cells are artificial skin cells) reproduce - approximately every 3 to 5 years,CosineGECO,5,0.001,how often do skin cells reproduce,msmarco-passage/train,ielabgroup/vec2text_gtr-base-st_corrector
8,Correlation between DNA repair pathways and skin cancer,"(molar, mole, or a mole swath) is cancerous. If cancerous, the tumor is no significant",CosineGECO,5,0.001,is mole cancerous,msmarco-passage/train,ielabgroup/vec2text_gtr-base-st_corrector
8,Correlation between DNA repair pathways and skin cancer,(the name of the atopic dermatosis of the skin or skin gloryoporosis) is the genetic disorder,CosineGECO,5,0.001,what is the name a the genetic skin disorder,msmarco-passage/train,ielabgroup/vec2text_gtr-base-st_corrector
8,Correlation between DNA repair pathways and skin cancer,hosea sanders had a type of cancer that was a result of her work on the ill Bernie Hodgson,CosineGECO,5,0.001,what kind of cancer did hosea sanders have,msmarco-passage/train,ielabgroup/vec2text_gtr-base-st_corrector
9,mutY,"known as MILIC stands for Micalic Liquidity Guarantee and MILIC stands for Micalic Liquidity Guarantee. In Serbia,",CosineGECO,5,0.001,what does miclic stand for,msmarco-passage/train,ielabgroup/vec2text_gtr-base-st_corrector
9,mutY,origins (Marcus-Lythian and    ) is the origin of marcury. At Marseille,CosineGECO,5,0.001,where is the origin of marcury,msmarco-passage/train,ielabgroup/vec2text_gtr-base-st_corrector
9,mutY,mb (machine mammary symbol) mb is a micro-organism known as a matrix,CosineGECO,5,0.001,what is mb,msmarco-passage/train,ielabgroup/vec2text_gtr-base-st_corrector
9,mutY,a Nuckey is a green and yellow frozen follicle disease known as a Nucky. It is a natural learning,CosineGECO,5,0.001,what is a nucky,msmarco-passage/train,ielabgroup/vec2text_gtr-base-st_corrector
9,mutY,"The animal is Mimi teeny Mimi teeny, a tee tee tee fox,",CosineGECO,5,0.001,what animal is mimi teeny ty,msmarco-passage/train,ielabgroup/vec2text_gtr-base-st_corrector
9,mutY,monocryl (monocrystyl) Monocryl is a quinolamine and a drug in the plant variety,CosineGECO,5,0.001,what is monocryl,msmarco-passage/train,ielabgroup/vec2text_gtr-base-st_corrector
9,mutY,"Mules  mules ( , , , ) is a horse and bovine that is an area of heath",CosineGECO,5,0.001,what is mules,msmarco-passage/train,ielabgroup/vec2text_gtr-base-st_corrector
9,mutY,"'dishy' meaning 'disrepair' or 'distressful', a dish dish is an expression",CosineGECO,5,0.001,dishy meaning,msmarco-passage/train,ielabgroup/vec2text_gtr-base-st_corrector
9,mutY,Macy's Bloomies & Co.'s Bloomies is a toy dress and a special event for the Grand Central Mall.,CosineGECO,5,0.001,what is macy's bloomies?,msmarco-passage/train,ielabgroup/vec2text_gtr-base-st_corrector
9,mutY,"meaning 'chasty' or 'hauty', and 'hunty' means a child or a",CosineGECO,5,0.001,what does hunty mean,msmarco-passage/train,ielabgroup/vec2text_gtr-base-st_corrector
10,NEIL1,"(Jackson, Jefferson, and Donald Trump) is on the nickel. This nickel is dubbed the ""20 President on the sle",CosineGECO,5,0.001,what is the president on the nickel,msmarco-passage/train,ielabgroup/vec2text_gtr-base-st_corrector
10,NEIL1,"ISg-one , aka ISg-one, is a Korean entertainer and a member of the coalition of Tetschin",CosineGECO,5,0.001,who is isg-one,msmarco-passage/train,ielabgroup/vec2text_gtr-base-st_corrector
10,NEIL1,(English: Novell) Novell is a nanostellar which is a companion to the Sir John Solow and the Goldwyne,CosineGECO,5,0.001,what is novell,msmarco-passage/train,ielabgroup/vec2text_gtr-base-st_corrector
10,NEIL1,"under the direction of U.S. Senator Bill Kendrick and U.S. Senator Nicola Nelson, Neal Young has been married to",CosineGECO,5,0.001,who has neil young been married to,msmarco-passage/train,ielabgroup/vec2text_gtr-base-st_corrector
10,NEIL1,structure of the N-Wiss -lefonyl complex. The NaCl structure is a configuration of tal,CosineGECO,5,0.001,what is the lewis structure for nacl,msmarco-passage/train,ielabgroup/vec2text_gtr-base-st_corrector
10,NEIL1,"giyoshi giyoshi gi () is the Nogitsune, who is the nu",CosineGECO,5,0.001,who is the nogitsune,msmarco-passage/train,ielabgroup/vec2text_gtr-base-st_corrector
10,NEIL1,"natale, a defining and defining mollusc of the planetesia, referred to as Natale",CosineGECO,5,0.001,define natale,msmarco-passage/train,ielabgroup/vec2text_gtr-base-st_corrector
10,NEIL1,nih in mental health is a long-term neuropathic diagnostic journal (NIH) for Psychiatry. Researchers,CosineGECO,5,0.001,what is nih in mental health,msmarco-passage/train,ielabgroup/vec2text_gtr-base-st_corrector
10,NEIL1,nahu. NATu is a recognized Applied Science and Environment Facility (ASIC) and a member of the Hazara.,CosineGECO,5,0.001,what is nahu?,msmarco-passage/train,ielabgroup/vec2text_gtr-base-st_corrector
10,NEIL1,of the original painting of the plowing is in the niolis nianderais on the lower ledge of the Gan,CosineGECO,5,0.001,where is the original plowing in the nivernais painting,msmarco-passage/train,ielabgroup/vec2text_gtr-base-st_corrector
11,Carcinogenesis and hairless mice,"a bronchiocephalus or a carcinoma, metastatic carcinoma means that cancer cells that are in a sedation do mean",CosineGECO,5,0.001,what do metastatic carcinoma mean,msmarco-passage/train,ielabgroup/vec2text_gtr-base-st_corrector
11,Carcinogenesis and hairless mice,-substance that directly causes cancer is called -substances containing ectoplasm and cancer - is called,CosineGECO,5,0.001,substance that directly causes cancer is called,msmarco-passage/train,ielabgroup/vec2text_gtr-base-st_corrector
11,Carcinogenesis and hairless mice,"MHC haplotype determines the admixture of diseases, atypical diseases, and a dystrophy (HADE) disease",CosineGECO,5,0.001,MHC haplotype determines which diseases,msmarco-passage/train,ielabgroup/vec2text_gtr-base-st_corrector
11,Carcinogenesis and hairless mice,– basal cell cancer. It mimics basal cell cancer and may resuscitate other cancers when the microorganism,CosineGECO,5,0.001,what mimics basal cell cancer?,msmarco-passage/train,ielabgroup/vec2text_gtr-base-st_corrector
11,Carcinogenesis and hairless mice,Hormone cascade Hormone cascade (or hormonal cascade) is a hormone that is a reaction between cells and in transvas,CosineGECO,5,0.001,what is hormone cascade,msmarco-passage/train,ielabgroup/vec2text_gtr-base-st_corrector
11,Carcinogenesis and hairless mice,"eye disorders in mice (e.g., hyalocyaninemia, sclerosis and diabetes) in mice are a common",CosineGECO,5,0.001,eye disorders in mice,msmarco-passage/train,ielabgroup/vec2text_gtr-base-st_corrector
11,Carcinogenesis and hairless mice,(fasciform chiscoli) is called . Hair around Buffalo is called hair . It is known as hair around,CosineGECO,5,0.001,what is hair around buffalo called,msmarco-passage/train,ielabgroup/vec2text_gtr-base-st_corrector
11,Carcinogenesis and hairless mice,"a cell is caused when cells are undergoing a cancerous process such as a make-up or cancer removal, these cells can become cancer",CosineGECO,5,0.001,what causes cells to become cancerous,msmarco-passage/train,ielabgroup/vec2text_gtr-base-st_corrector
11,Carcinogenesis and hairless mice,"(e.g., inherited by a family member, a genetic cause of cancer) is what causes cancer and is the cause of cell",CosineGECO,5,0.001,what is genetic cause of cancer,msmarco-passage/train,ielabgroup/vec2text_gtr-base-st_corrector
11,Carcinogenesis and hairless mice,"(tumor hormone), a -carotene hormone causes tumour growth and a -adrenergic tumour",CosineGECO,5,0.001,which hormone causes tumour growth,msmarco-passage/train,ielabgroup/vec2text_gtr-base-st_corrector
12,Genes regulated by Smad4,consists of three genes as well as the adjacent structural region known as the regulator based on the -diaphragm and DNA,CosineGECO,5,0.001,consists of three structural genes as well as the adjacent region of dna known as the regulator,msmarco-passage/train,ielabgroup/vec2text_gtr-base-st_corrector
12,Genes regulated by Smad4,"if 252 is 4  4  4  4, it can go into 25",CosineGECO,5,0.001,does 4 go into 252,msmarco-passage/train,ielabgroup/vec2text_gtr-base-st_corrector
12,Genes regulated by Smad4,"a gene on the gene for Hunter's disease (Hadcheng-Chalcott syndrome), which is affected most likely with Hunter'",CosineGECO,5,0.001,what gene is affected in huntington's disease,msmarco-passage/train,ielabgroup/vec2text_gtr-base-st_corrector
12,Genes regulated by Smad4,definition and sry gene. Sry gene Sry gene (also known as sp gene) is a gene in a gene cell,CosineGECO,5,0.001,sry gene definition,msmarco-passage/train,ielabgroup/vec2text_gtr-base-st_corrector
12,Genes regulated by Smad4,hormones naturally in bangla cdia & bolga & adipose . Other natural hormones,CosineGECO,5,0.001,hormones naturally in bangla,msmarco-passage/train,ielabgroup/vec2text_gtr-base-st_corrector
12,Genes regulated by Smad4,"which process directs the manufacture of a gene or other cell-by-cell product. Depending on the entrainment, this is called",CosineGECO,5,0.001,the process that directs the manufacture of a cell product from a gene is called __________.,msmarco-passage/train,ielabgroup/vec2text_gtr-base-st_corrector
12,Genes regulated by Smad4,a way that Testojack 300 is produced is through a process of a cypressosaccharide explosion and is produced,CosineGECO,5,0.001,how is testojack 300 produced,msmarco-passage/train,ielabgroup/vec2text_gtr-base-st_corrector
12,Genes regulated by Smad4,is that there may be many (or few) active mRNA transcripts when a gene is active with mRNAs or ribon,CosineGECO,5,0.001,are there many or few mrna transcripts when a gene is active,msmarco-passage/train,ielabgroup/vec2text_gtr-base-st_corrector
12,Genes regulated by Smad4,which gene determines when the synthesis of the -selective factor  induces testis -stimulating.,CosineGECO,5,0.001,the ____________ gene stimulates the synthesis of testis-determining factor.,msmarco-passage/train,ielabgroup/vec2text_gtr-base-st_corrector
12,Genes regulated by Smad4,what the FDA looks for in a safe and fair product. This is a concern for medicines as the FDA looks for safe and sterile,CosineGECO,5,0.001,what does fda look for in safe medication,msmarco-passage/train,ielabgroup/vec2text_gtr-base-st_corrector
13,Role of TGFB in angiogenesis in skin,"a gland that protects skin is the abrasio-melanolytic gland, which helps protect skin and protect lipoprotein",CosineGECO,5,0.001,what gland helps protect skin,msmarco-passage/train,ielabgroup/vec2text_gtr-base-st_corrector
13,Role of TGFB in angiogenesis in skin,type of cell is a bacteriocellular globule (32 nm) and can be found in the skin cells and skin,CosineGECO,5,0.001,what type of cell is found in skin,msmarco-passage/train,ielabgroup/vec2text_gtr-base-st_corrector
13,Role of TGFB in angiogenesis in skin,"benefits of flaxseed oil (fossil oil) for the skin, improves lipid levels, fatty acids and skin",CosineGECO,5,0.001,benefits of flaxseed oil for skin,msmarco-passage/train,ielabgroup/vec2text_gtr-base-st_corrector
13,Role of TGFB in angiogenesis in skin,the dermis is made primarily of proteins (a.) and (b.) and the rheumatic musculature,CosineGECO,5,0.001,the dermis is made primarily of the proteins ___________________ and _______________.,msmarco-passage/train,ielabgroup/vec2text_gtr-base-st_corrector
13,Role of TGFB in angiogenesis in skin,gluconeogenesis. Definition: gluconeogenesis is a gluconeoselective physiology meaning,CosineGECO,5,0.001,gluconeogenesis meaning,msmarco-passage/train,ielabgroup/vec2text_gtr-base-st_corrector
13,Role of TGFB in angiogenesis in skin,"types of ultraviolet rays, ionotropic rays, which penetrate deeper into the skin, and darker rays penetrate deeper into",CosineGECO,5,0.001,what types of ultraviolet rays penetrate deeper into the skin,msmarco-passage/train,ielabgroup/vec2text_gtr-base-st_corrector
13,Role of TGFB in angiogenesis in skin,the binding of ig fc protein on fragment 1 (i.e. igg-electronic)  binding,CosineGECO,5,0.001,which fragment of igg fc binding with protein,msmarco-passage/train,ielabgroup/vec2text_gtr-base-st_corrector
13,Role of TGFB in angiogenesis in skin,"(known as granulation tissue) is a feature of granulation tissue. As a result, it is able to granulate",CosineGECO,5,0.001,what is a feature of granulation tissue,msmarco-passage/train,ielabgroup/vec2text_gtr-base-st_corrector
13,Role of TGFB in angiogenesis in skin,is that dendritic cells (or epidermis) can develop in the epidermis of the skin as a result of treatments,CosineGECO,5,0.001,can dendritic cells develop in the epidermis of the skin,msmarco-passage/train,ielabgroup/vec2text_gtr-base-st_corrector
13,Role of TGFB in angiogenesis in skin,angiotensin. The angiotensin medications cause htedema by atopic neolysis and hemo,CosineGECO,5,0.001,which htn medication causes angioedema,msmarco-passage/train,ielabgroup/vec2text_gtr-base-st_corrector
14,Expression or Regulation of TGFB in HNSCC cancers,"a piece of smoke is smoked, a lung cancer looks like what cancer looks like (as compared to breast cancer) will look like",CosineGECO,5,0.001,what does lung cancer look like,msmarco-passage/train,ielabgroup/vec2text_gtr-base-st_corrector
14,Expression or Regulation of TGFB in HNSCC cancers,sgb stands for scout coyote and s/n stands for saber-toothed,CosineGECO,5,0.001,what does sgb stand for coyote,msmarco-passage/train,ielabgroup/vec2text_gtr-base-st_corrector
14,Expression or Regulation of TGFB in HNSCC cancers,HBsag does cause fibromyalgia and/or fibromyalgia and may affect the gy,CosineGECO,5,0.001,does hbsag cause fibromyalgia,msmarco-passage/train,ielabgroup/vec2text_gtr-base-st_corrector
14,Expression or Regulation of TGFB in HNSCC cancers,"acronym GRf, stands for ""Grand Reserve Fund of Great Families"" and stands for ""Grand Reserve of Champions""",CosineGECO,5,0.001,what does grf stand for,msmarco-passage/train,ielabgroup/vec2text_gtr-base-st_corrector
14,Expression or Regulation of TGFB in HNSCC cancers,"GM is not associated with cancer, but MGus is considered cancer, and is thought to be a potential cancer of uvenous syndrome",CosineGECO,5,0.001,is mgus considered cancer,msmarco-passage/train,ielabgroup/vec2text_gtr-base-st_corrector
14,Expression or Regulation of TGFB in HNSCC cancers,"hsbsc sounds for something that sounds a lot new, and it is a sound that sounds for blood, blood, crystall",CosineGECO,5,0.001,what does hsbc sound for,msmarco-passage/train,ielabgroup/vec2text_gtr-base-st_corrector
14,Expression or Regulation of TGFB in HNSCC cancers,GGG level (1000 g/dL) and giote adema results in angiotensin stents,CosineGECO,5,0.001,ggt level in angioedema,msmarco-passage/train,ielabgroup/vec2text_gtr-base-st_corrector
14,Expression or Regulation of TGFB in HNSCC cancers,field density. FSg stands for Fossil Gaussian sonics fsp (fossil s,CosineGECO,5,0.001,field density what does fsg stand for,msmarco-passage/train,ielabgroup/vec2text_gtr-base-st_corrector
14,Expression or Regulation of TGFB in HNSCC cancers,"m.p., is malignant neoplasm of prostate bph. Prostates with bph are",CosineGECO,5,0.001,is malignant neoplasm of prostate bph,msmarco-passage/train,ielabgroup/vec2text_gtr-base-st_corrector
14,Expression or Regulation of TGFB in HNSCC cancers,"collars allowed for GCC, such as collars sold on GC1-C, GC2-C, and yogi-blu",CosineGECO,5,0.001,what collars allowed for cgc,msmarco-passage/train,ielabgroup/vec2text_gtr-base-st_corrector
15,ATPase and apoptosis,"function of a pyrosine-phosphate molecule, pyrosine-phosphatase is the enzyme",CosineGECO,5,0.001,what is the function of pyrophosphatase enzyme,msmarco-passage/train,ielabgroup/vec2text_gtr-base-st_corrector
15,ATPase and apoptosis,the processes of mitosis and miastosis are similar to each other and equilibrium with each other.,CosineGECO,5,0.001,how are the processes of mitosis and meiosis similar to each other?,msmarco-passage/train,ielabgroup/vec2text_gtr-base-st_corrector
15,ATPase and apoptosis,difference between the process of gene transcription and the process of RNA dribosyltransferase. DNA replication is the process,CosineGECO,5,0.001,difference between process of gene transcription and process of dna replication,msmarco-passage/train,ielabgroup/vec2text_gtr-base-st_corrector
15,ATPase and apoptosis,"apoplectic, a neo-ideolectic ad julius, is the definition of a pop",CosineGECO,5,0.001,what is the definition of apoplectic?,msmarco-passage/train,ielabgroup/vec2text_gtr-base-st_corrector
15,ATPase and apoptosis,"atp differs from a molecule of a molecule of a molecule, and the nucleotide atom differs",CosineGECO,5,0.001,how does an atp molecule differ from a nucleotide,msmarco-passage/train,ielabgroup/vec2text_gtr-base-st_corrector
15,ATPase and apoptosis,"topolymer ion channels, atp molecules use ATP molecules. As a result, ATP molecules are used to oxidize",CosineGECO,5,0.001,what to atp molecules use,msmarco-passage/train,ielabgroup/vec2text_gtr-base-st_corrector
15,ATPase and apoptosis,activity. A process of activity such as apoptosis or apoptosis in hard rock causes apoptosis,CosineGECO,5,0.001,what kind of activity causes apoptosis,msmarco-passage/train,ielabgroup/vec2text_gtr-base-st_corrector
15,ATPase and apoptosis,"by using a thiol as a glucose energy source, atp is used as an energy source in energy science experiments",CosineGECO,5,0.001,how is atp used as an energy source,msmarco-passage/train,ielabgroup/vec2text_gtr-base-st_corrector
15,ATPase and apoptosis,"by a linolerance to the molecules, atp is used in living organisms as an energy used in the biology of organisms",CosineGECO,5,0.001,atp is used as what in living organisms,msmarco-passage/train,ielabgroup/vec2text_gtr-base-st_corrector
15,ATPase and apoptosis,Attrition - defined geo Attrition - defined by Galvin & Clarkson is a process of identifying exochromic,CosineGECO,5,0.001,attrition define geo,msmarco-passage/train,ielabgroup/vec2text_gtr-base-st_corrector
16,AAA proteins,a globular protein (a.k.a. a globuclear protein) is a protein in a lipid,CosineGECO,5,0.001,what is a globular protein,msmarco-passage/train,ielabgroup/vec2text_gtr-base-st_corrector
16,AAA proteins,Aba number Aba number (ABA number) is a baryl thiol in chemistry and is an important component of quantitative,CosineGECO,5,0.001,what is aba number,msmarco-passage/train,ielabgroup/vec2text_gtr-base-st_corrector
16,AAA proteins,aaa customer service phone number (Aaa aaa aa aa aa a a 230,CosineGECO,5,0.001,aaa customer service phone number,msmarco-passage/train,ielabgroup/vec2text_gtr-base-st_corrector
16,AAA proteins,a 0 to 1 g of protein and a 0.5 to 0.5 g of a single g of protein in small banana,CosineGECO,5,0.001,grams of protein in a small banana,msmarco-passage/train,ielabgroup/vec2text_gtr-base-st_corrector
16,AAA proteins,"of a urine, a protein, known as -protonin or -ketoglutarse, is urine",CosineGECO,5,0.001,what is protein in urine,msmarco-passage/train,ielabgroup/vec2text_gtr-base-st_corrector
16,AAA proteins,"-bi helix and -a -bi helix, proteins are single helix or double",CosineGECO,5,0.001,are proteins single helix or double helix,msmarco-passage/train,ielabgroup/vec2text_gtr-base-st_corrector
16,AAA proteins,"proteins (which are pressed by adrenoviruses, vitamins, and other proteins of protein) are directly affected by ADH.",CosineGECO,5,0.001,what proteins are directly affected by ADH,msmarco-passage/train,ielabgroup/vec2text_gtr-base-st_corrector
16,AAA proteins,APRN (Absequently Applied Practising Nurses) APRN (stands for Arrhenius Medical Research),CosineGECO,5,0.001,what is aprn stand for,msmarco-passage/train,ielabgroup/vec2text_gtr-base-st_corrector
16,AAA proteins,"a few amino acids and a few other metabolites such as hexafluorobramycin, testosterone is a protein",CosineGECO,5,0.001,is testosterone a protein,msmarco-passage/train,ielabgroup/vec2text_gtr-base-st_corrector
16,AAA proteins,0.5 to 0.5 grams of beef slender musculature (such as creatinin or creatinin) in hamburger protein,CosineGECO,5,0.001,how much protein in hamburger,msmarco-passage/train,ielabgroup/vec2text_gtr-base-st_corrector
17,DO1 antibody,mdt dda program mdt dda program is a set-table change program for the MDPA.,CosineGECO,5,0.001,what is the md dda sett program,msmarco-passage/train,ielabgroup/vec2text_gtr-base-st_corrector
17,DO1 antibody,"is a positive -methadone and -methadone, indicating that dexamethasone is positive.",CosineGECO,5,0.001,is dexamethasone positive,msmarco-passage/train,ielabgroup/vec2text_gtr-base-st_corrector
17,DO1 antibody,a DO example: a DO example: a DO example is a cartilage-based example. This example can be found in medical professionals,CosineGECO,5,0.001,what is a doi example,msmarco-passage/train,ielabgroup/vec2text_gtr-base-st_corrector
17,DO1 antibody,answer and adnsc test (ANS1-test) cost is a cost of £200 to £200 and a cost reduction,CosineGECO,5,0.001,ans1 test cost,msmarco-passage/train,ielabgroup/vec2text_gtr-base-st_corrector
17,DO1 antibody,a lab test that indicates iodine deficiency (iodide deficiency) and iodine,CosineGECO,5,0.001,what lab test indicates iodine deficiency,msmarco-passage/train,ielabgroup/vec2text_gtr-base-st_corrector
17,DO1 antibody,antibodies that attack the antigens of foreign bacillids by rBC as well as by the antibodies to foreign antibodies are called,CosineGECO,5,0.001,the antibodies that attack antigens on foreign rbcs are called,msmarco-passage/train,ielabgroup/vec2text_gtr-base-st_corrector
17,DO1 antibody,antibodies that attack the antigens of foreign bacillids by rBC as well as by the antibodies to foreign antibodies are called,CosineGECO,5,0.001,the antibodies that attack antigens on foreign rbcs are called,msmarco-passage/train,ielabgroup/vec2text_gtr-base-st_corrector
17,DO1 antibody,e.g. adsorb the data. Find a set of data from q1 of data. This means q1,CosineGECO,5,0.001,how to find q1 of data,msmarco-passage/train,ielabgroup/vec2text_gtr-base-st_corrector
17,DO1 antibody,a blood test shows creatinine and creatinine iglycerin and creatininosine levels in the body is what,CosineGECO,5,0.001,what does creatinine blood test show,msmarco-passage/train,ielabgroup/vec2text_gtr-base-st_corrector
17,DO1 antibody,count of 1.7 mmol/L of blood and -jugairosugar and -sugar count means,CosineGECO,5,0.001,what does my count of 1.7mmol/L bloodsugar mean,msmarco-passage/train,ielabgroup/vec2text_gtr-base-st_corrector
18,Gis4,"(R.E.A.R.E.A.’s) film, The Fourth Harry Potter Movie, is the 4th Harry Potter",CosineGECO,5,0.001,what is the 4th harry potter movie,msmarco-passage/train,ielabgroup/vec2text_gtr-base-st_corrector
18,Gis4,"'Gcss Army', which stands for 'Geopolitical CSS Border Rangers'. This army is a",CosineGECO,5,0.001,what does gcss army stand for,msmarco-passage/train,ielabgroup/vec2text_gtr-base-st_corrector
18,Gis4,transfer data and apps from a s4 app to a s6 app and from s4 app to a s6 app,CosineGECO,5,0.001,transferring app data from galaxy s4 to s6,msmarco-passage/train,ielabgroup/vec2text_gtr-base-st_corrector
18,Gis4,"sedc sedc is a high tech food, fashion, food and drink panel for Georgia. It is the 2014 GAA Premier Four-",CosineGECO,5,0.001,what is sedc ga,msmarco-passage/train,ielabgroup/vec2text_gtr-base-st_corrector
18,Gis4,4Dx is a 3D edgymnasm for 3D and 4D circuits. It is known as,CosineGECO,5,0.001,what is 4dx,msmarco-passage/train,ielabgroup/vec2text_gtr-base-st_corrector
18,Gis4,"a toy of around 900,000 baht, the newest generation Toyota GTA four-drive Celica is valued at",CosineGECO,5,0.001,how much is a toyota Celica gt four worth,msmarco-passage/train,ielabgroup/vec2text_gtr-base-st_corrector
18,Gis4,"is shear gabardine and can block duct tape and block energy. However, Gabardine is not a shear. Gabardine",CosineGECO,5,0.001,is gabardine shear,msmarco-passage/train,ielabgroup/vec2text_gtr-base-st_corrector
18,Gis4,"cis4 cIL4 is nonpolar. As a polar cis4 sulphur, it can form solid solvent",CosineGECO,5,0.001,is sicl4 nonpolar,msmarco-passage/train,ielabgroup/vec2text_gtr-base-st_corrector
18,Gis4,is the information that the fourth pin provides on the motherboard connector (plugs or sockets) of a motherboard-conducting fan interface.,CosineGECO,5,0.001,which information does the fourth pin on a motherboard fan connector provide?,msmarco-passage/train,ielabgroup/vec2text_gtr-base-st_corrector
18,Gis4,"a 4-bond, P4 is the type of bond of 4-covalent and is a member of the EF",CosineGECO,5,0.001,what type of bond is P4,msmarco-passage/train,ielabgroup/vec2text_gtr-base-st_corrector
19,Comparison of Promoters of GAL1 and SUC1,"fSgli is a small, run-up financial information system (FFIS) that helps to secure loans and investments in glial",CosineGECO,5,0.001,what is fsgli,msmarco-passage/train,ielabgroup/vec2text_gtr-base-st_corrector
19,Comparison of Promoters of GAL1 and SUC1,"a difference of one date between SSAS and null. If dates are halved or are ineligible, null dates",CosineGECO,5,0.001,"difference between dates in sas, if one is null",msmarco-passage/train,ielabgroup/vec2text_gtr-base-st_corrector
19,Comparison of Promoters of GAL1 and SUC1,difference between first hundred and second hundred days (,CosineGECO,5,0.001,difference between first hundred days and second hundred days,msmarco-passage/train,ielabgroup/vec2text_gtr-base-st_corrector
19,Comparison of Promoters of GAL1 and SUC1,a cool way to compare air conditioners is by finding a D.O.D. and comparing air conditioning vs. air conditioning,CosineGECO,5,0.001,how to compare air conditioners,msmarco-passage/train,ielabgroup/vec2text_gtr-base-st_corrector
19,Comparison of Promoters of GAL1 and SUC1,a Pro- and Cons- of genetically modified sudden death mosquitoes for unforeseen health problems and a possible cost-effectiveness of killing,CosineGECO,5,0.001,pros and cons of genetically modified sudden death mosquitoes,msmarco-passage/train,ielabgroup/vec2text_gtr-base-st_corrector
19,Comparison of Promoters of GAL1 and SUC1,uri Geller birth uri Geller birth (,CosineGECO,5,0.001,uri geller birth,msmarco-passage/train,ielabgroup/vec2text_gtr-base-st_corrector
19,Comparison of Promoters of GAL1 and SUC1,CE1 system in Singapore CE1 system in Singapore is a MRTS system which carries ETRA for 0 to 16 mmol,CosineGECO,5,0.001,what is CE1 in mrt system in singapore,msmarco-passage/train,ielabgroup/vec2text_gtr-base-st_corrector
19,Comparison of Promoters of GAL1 and SUC1,difference between Intel i-numbers - lga and lta-numbers - 9899 Intel,CosineGECO,5,0.001,difference between intel lga numbers,msmarco-passage/train,ielabgroup/vec2text_gtr-base-st_corrector
19,Comparison of Promoters of GAL1 and SUC1,"a statement pertaining to Gfebs, is the following: a. g. g. g. , true",CosineGECO,5,0.001,which of the following is a true statement concerning gfebs,msmarco-passage/train,ielabgroup/vec2text_gtr-base-st_corrector
19,Comparison of Promoters of GAL1 and SUC1,77 Gilbert and Sullivan plays are one of the 4 plays that have a presence in Sullivan. The other two are,CosineGECO,5,0.001,how many gilbert and sullivan plays are there,msmarco-passage/train,ielabgroup/vec2text_gtr-base-st_corrector
20,Substrate modification by ubiquitin,a sub-peripoietal steotose-peripoietal dissection is a dissection of,CosineGECO,5,0.001,what is a subperiosteal dissection,msmarco-passage/train,ielabgroup/vec2text_gtr-base-st_corrector
20,Substrate modification by ubiquitin,(known as subguard) is a small piece of wormkit and a filtration device for detecting and removing leakage from,CosineGECO,5,0.001,what is subguard,msmarco-passage/train,ielabgroup/vec2text_gtr-base-st_corrector
20,Substrate modification by ubiquitin,'S. subtilis' is used as a tetramethyltransferase and b-aryl tin,CosineGECO,5,0.001,what is b. subtilis used for,msmarco-passage/train,ielabgroup/vec2text_gtr-base-st_corrector
20,Substrate modification by ubiquitin,How to reduce humidity in an incubator (e.g. by using a dry e-goat or cotton cloth) and decrease humidity to 0.,CosineGECO,5,0.001,how to decrease humidity in incubator,msmarco-passage/train,ielabgroup/vec2text_gtr-base-st_corrector
20,Substrate modification by ubiquitin,USPTO definition of micro-entity Micro-entity is a statutory entity defined as the micro-profit entity of a single sector,CosineGECO,5,0.001,uspto definition of micro entity,msmarco-passage/train,ielabgroup/vec2text_gtr-base-st_corrector
20,Substrate modification by ubiquitin,ubi utainisi system (United System Employee Pay Income Management System). The system is a solution for per-hour,CosineGECO,5,0.001,ubi salary management system,msmarco-passage/train,ielabgroup/vec2text_gtr-base-st_corrector
20,Substrate modification by ubiquitin,use the control note microstation control note to change -leader -replace -leader -replace -taking and a resolution,CosineGECO,5,0.001,how to change control leader microstation placing note,msmarco-passage/train,ielabgroup/vec2text_gtr-base-st_corrector
20,Substrate modification by ubiquitin,The part of an enzyme (enzyme A and a binds to a peptide) binds to the substrate,CosineGECO,5,0.001,what part of an enzyme binds to the substrate,msmarco-passage/train,ielabgroup/vec2text_gtr-base-st_corrector
20,Substrate modification by ubiquitin,analysis of a variable (i.e. surrogate tertiary symbol) /synthetic,CosineGECO,5,0.001,surrogate variable analysis,msmarco-passage/train,ielabgroup/vec2text_gtr-base-st_corrector
20,Substrate modification by ubiquitin,"cycles uncoupler is a result of ATPase induced ATPase, does inhibit TCA cycle and does not inhibit",CosineGECO,5,0.001,does uncoupler inhibits tca cycle,msmarco-passage/train,ielabgroup/vec2text_gtr-base-st_corrector
21,Role of p63 and p73 in relation to DNA damage,"The four scientists played a role in facilitating our understanding of DNA and, in some cases, in the roles of leucipher",CosineGECO,5,0.001,what roles did the four scientist play in our understanding of dna,msmarco-passage/train,ielabgroup/vec2text_gtr-base-st_corrector
21,Role of p63 and p73 in relation to DNA damage,Rpo case Rpo (case pseudo-arrest pertaining to child pseudo custody,CosineGECO,5,0.001,what is rpo in custody case,msmarco-passage/train,ielabgroup/vec2text_gtr-base-st_corrector
21,Role of p63 and p73 in relation to DNA damage,a Pawg is a phenylmorphic odontogenic crystalloprotein. A dogg is a major,CosineGECO,5,0.001,what is a pawg,msmarco-passage/train,ielabgroup/vec2text_gtr-base-st_corrector
21,Role of p63 and p73 in relation to DNA damage,procedure code for trichological treatment of psoriasis: 349-001  psoriasis,CosineGECO,5,0.001,procedure code for trichological treatment for psoriasis,msmarco-passage/train,ielabgroup/vec2text_gtr-base-st_corrector
21,Role of p63 and p73 in relation to DNA damage,"dnaa dnaa dnaa dmaa ladder means that in fragmentation, both at the DNA",CosineGECO,5,0.001,what does dna ladder mean in dna fragmentation,msmarco-passage/train,ielabgroup/vec2text_gtr-base-st_corrector
21,Role of p63 and p73 in relation to DNA damage,"what is the sequence of a new strand, , , , , formed by DNA polymerase",CosineGECO,5,0.001,what is the sequence of the new strand formed by dna polymerase,msmarco-passage/train,ielabgroup/vec2text_gtr-base-st_corrector
21,Role of p63 and p73 in relation to DNA damage,is code 962.            is Federal Government Code,CosineGECO,5,0.001,is code 962,msmarco-passage/train,ielabgroup/vec2text_gtr-base-st_corrector
21,Role of p63 and p73 in relation to DNA damage,the ip66 protection is the protection of the Internet Protocol 6 (IP66). This information can be accessed through a GPRS channel,CosineGECO,5,0.001,what is the ip66 protection,msmarco-passage/train,ielabgroup/vec2text_gtr-base-st_corrector
21,Role of p63 and p73 in relation to DNA damage,"genes in PtC, which are a blend of tetraz, peptides, and a variety of other PTC",CosineGECO,5,0.001,what genes are in ptc,msmarco-passage/train,ielabgroup/vec2text_gtr-base-st_corrector
21,Role of p63 and p73 in relation to DNA damage,description of procedure code 30140. Procedure code 30140 is a code describing the procedure code corresponding to a number of ad,CosineGECO,5,0.001,description of procedure code 30140,msmarco-passage/train,ielabgroup/vec2text_gtr-base-st_corrector
22,Relative response of p53 family members to agents causing single-stranded versus double-stranded DNA breaks,the sugar group do for dnasmo-dnasmo-dnasmo and a protein,CosineGECO,5,0.001,what does the sugar group do for dna,msmarco-passage/train,ielabgroup/vec2text_gtr-base-st_corrector
22,Relative response of p53 family members to agents causing single-stranded versus double-stranded DNA breaks,what has happened to Duffy is a scenario of a stricken condition and a person who has been hospitalised since his last day,CosineGECO,5,0.001,what has happened to duffy,msmarco-passage/train,ielabgroup/vec2text_gtr-base-st_corrector
22,Relative response of p53 family members to agents causing single-stranded versus double-stranded DNA breaks,"humans have the same dnasal DNA or dnasal DNA, so do the human if we are in the same",CosineGECO,5,0.001,do humans have the same dna,msmarco-passage/train,ielabgroup/vec2text_gtr-base-st_corrector
22,Relative response of p53 family members to agents causing single-stranded versus double-stranded DNA breaks,which two to six strands of a single DNA molecule will remain intact? (per the semiconservative model of parentage),CosineGECO,5,0.001,"according to the semiconservative model, how many strands of a parental DNA molecule will remain intact?",msmarco-passage/train,ielabgroup/vec2text_gtr-base-st_corrector
22,Relative response of p53 family members to agents causing single-stranded versus double-stranded DNA breaks,"nucleotides, DNA polymerase adducts nucleotide I and iii addrix",CosineGECO,5,0.001,dna polymerase iii adds nucleotides quizlet,msmarco-passage/train,ielabgroup/vec2text_gtr-base-st_corrector
22,Relative response of p53 family members to agents causing single-stranded versus double-stranded DNA breaks,which is the most important fact to explain (reactions and bioreactions) is the fact that enzymes speed reactions at a rate,CosineGECO,5,0.001,which fact is most important in explaining how enzymes speed reactions?,msmarco-passage/train,ielabgroup/vec2text_gtr-base-st_corrector
22,Relative response of p53 family members to agents causing single-stranded versus double-stranded DNA breaks,"what happens if multiple genes determine a phenotype for a trait, the phenotype is mapped to the individual traits.",CosineGECO,5,0.001,what happens when multiple genes determine the phenotype of a trait?,msmarco-passage/train,ielabgroup/vec2text_gtr-base-st_corrector
22,Relative response of p53 family members to agents causing single-stranded versus double-stranded DNA breaks,"What the base pair tells us is what the dna, dna, dnaDn and dna",CosineGECO,5,0.001,what do dna base pair tell us about dna,msmarco-passage/train,ielabgroup/vec2text_gtr-base-st_corrector
22,Relative response of p53 family members to agents causing single-stranded versus double-stranded DNA breaks,"which feature is found in DNA, and both dpa and dpa are omitted from this discussion. DNA quiz gist",CosineGECO,5,0.001,which feature is found in dna? quizlet,msmarco-passage/train,ielabgroup/vec2text_gtr-base-st_corrector
22,Relative response of p53 family members to agents causing single-stranded versus double-stranded DNA breaks,"has bacterial fragments completed at Okazaki. So, the replication of bacterial fragments will complete DNA natriurea",CosineGECO,5,0.001,does replication of bacterial DNA completed at okazaki fraggments?,msmarco-passage/train,ielabgroup/vec2text_gtr-base-st_corrector
23,Saccharomyces cerevisiae proteins involved in ubiquitin system,Prostatic hypertrophic beneantiopathy Prostatic hypertrophic beneantiopathy (hyprophy) is a benign condition in canine,CosineGECO,5,0.001,what is benign prostatic hypertrophy in canine,msmarco-passage/train,ielabgroup/vec2text_gtr-base-st_corrector
23,Saccharomyces cerevisiae proteins involved in ubiquitin system,Soya sacue Soya sacue (soya uea) is a vegetable oil and sugar that is,CosineGECO,5,0.001,what is soya sacue,msmarco-passage/train,ielabgroup/vec2text_gtr-base-st_corrector
23,Saccharomyces cerevisiae proteins involved in ubiquitin system,"a microscopic structure of a muscle tissue containing a protein, including its reticles, the four proteins that contain protein",CosineGECO,5,0.001,what four proteins does the microscopic structure of a muscle tissue contain,msmarco-passage/train,ielabgroup/vec2text_gtr-base-st_corrector
23,Saccharomyces cerevisiae proteins involved in ubiquitin system,(possibly a lignin-acid). The segment of proteins is the lignin-acid segment of proteins,CosineGECO,5,0.001,what is the segment of proteins,msmarco-passage/train,ielabgroup/vec2text_gtr-base-st_corrector
23,Saccharomyces cerevisiae proteins involved in ubiquitin system,Calculate protein concentration by calculating elisa-ma-dose sascent and concentration by a nutrient analysis,CosineGECO,5,0.001,how to calculate protein concentration elisa,msmarco-passage/train,ielabgroup/vec2text_gtr-base-st_corrector
23,Saccharomyces cerevisiae proteins involved in ubiquitin system,the type of immunoglobulin that is the causing process in myethenia gravis disease and adversitis affected,CosineGECO,5,0.001,what is the type of immunoglobulin causing he disease process in myasthenia gravis,msmarco-passage/train,ielabgroup/vec2text_gtr-base-st_corrector
23,Saccharomyces cerevisiae proteins involved in ubiquitin system,waste byproduct of metabolism protein (protein - a food metabolite - a food nutrient - a crossword,CosineGECO,5,0.001,waste product of protein metabolism crossword,msmarco-passage/train,ielabgroup/vec2text_gtr-base-st_corrector
23,Saccharomyces cerevisiae proteins involved in ubiquitin system,of the most abundant type of dissolved protein (e.g. bouillon heteromicroscopy) found in plasma proteins and,CosineGECO,5,0.001,most abundant type of dissolved protein found in plasma,msmarco-passage/train,ielabgroup/vec2text_gtr-base-st_corrector
23,Saccharomyces cerevisiae proteins involved in ubiquitin system,"the protein of cystic fibrosis, cf. cystic fibrosis, is affected by cytoadreno proteins",CosineGECO,5,0.001,what protein is affected by cystic fibrosis,msmarco-passage/train,ielabgroup/vec2text_gtr-base-st_corrector
23,Saccharomyces cerevisiae proteins involved in ubiquitin system,-Proteins in csf -Proteins in csf means protein in the space of the,CosineGECO,5,0.001,what does protein in csf mean,msmarco-passage/train,ielabgroup/vec2text_gtr-base-st_corrector
24,Mouse peptidoglycan recognition proteins (PGRP),"alpha-1 antitrypsin deficiency, coded for by tyrosin deficiency, 31",CosineGECO,5,0.001,code alpha-1 antitrypsin deficiency,msmarco-passage/train,ielabgroup/vec2text_gtr-base-st_corrector
24,Mouse peptidoglycan recognition proteins (PGRP),Endpoint PCr (envy-point pcr) is a data capture technology on a wireless PBX. Endpoint,CosineGECO,5,0.001,what is endpoint pcr,msmarco-passage/train,ielabgroup/vec2text_gtr-base-st_corrector
24,Mouse peptidoglycan recognition proteins (PGRP),"eye disorders in mice (e.g., hyalocyaninemia, sclerosis and diabetes) in mice are a common",CosineGECO,5,0.001,eye disorders in mice,msmarco-passage/train,ielabgroup/vec2text_gtr-base-st_corrector
24,Mouse peptidoglycan recognition proteins (PGRP),phosphocreatine recovery is a process of re-absorbing and regaining phosphocreatine and other metabol,CosineGECO,5,0.001,what is phosphocreatine recovery,msmarco-passage/train,ielabgroup/vec2text_gtr-base-st_corrector
24,Mouse peptidoglycan recognition proteins (PGRP),borrelia species detection by PCR or pseudo-DNA recombinancing and can be analyzed by,CosineGECO,5,0.001,borrelia species dna detection by pcr,msmarco-passage/train,ielabgroup/vec2text_gtr-base-st_corrector
24,Mouse peptidoglycan recognition proteins (PGRP),"meaning of a gaming mouse, dpi means 'Mokey difference' or 'Mokey dp",CosineGECO,5,0.001,what does dpi mean for a gaming mouse,msmarco-passage/train,ielabgroup/vec2text_gtr-base-st_corrector
24,Mouse peptidoglycan recognition proteins (PGRP),GRP coating is a coating of a foam coating known as GRP. It is a solution of insulating thermoplastics which helps,CosineGECO,5,0.001,what is GRP coating,msmarco-passage/train,ielabgroup/vec2text_gtr-base-st_corrector
24,Mouse peptidoglycan recognition proteins (PGRP),A genomic-snap genomic SNP is a cellular genomics and physiology. This group provides a metabolic,CosineGECO,5,0.001,what is a genomic snp,msmarco-passage/train,ielabgroup/vec2text_gtr-base-st_corrector
24,Mouse peptidoglycan recognition proteins (PGRP),n-muceldoylated carbohydrates (NMDA) receptors. These are receptors that are present on the bodies of mice,CosineGECO,5,0.001,what are nmda receptors,msmarco-passage/train,ielabgroup/vec2text_gtr-base-st_corrector
24,Mouse peptidoglycan recognition proteins (PGRP),"can use gmp reagents in glp process, gMP process is a way to find a rea",CosineGECO,5,0.001,can you use glp reagents in gmp process,msmarco-passage/train,ielabgroup/vec2text_gtr-base-st_corrector
25,Cause of scleroderma,"causes of eutrophication. This is a small amount of ejection caused by a choline, a biomobil",CosineGECO,5,0.001,causes of eutrophication ,msmarco-passage/train,ielabgroup/vec2text_gtr-base-st_corrector
25,Cause of scleroderma,caused by a lack of osteroids (micros) and causes osteomyelitis,CosineGECO,5,0.001,causes of osteomyelitis,msmarco-passage/train,ielabgroup/vec2text_gtr-base-st_corrector
25,Cause of scleroderma,"causes: a cleft of the brain, a combination of head trauma, and excessive use of the pelvis causes hydrocephalus",CosineGECO,5,0.001,causes of hydrocephalus,msmarco-passage/train,ielabgroup/vec2text_gtr-base-st_corrector
25,Cause of scleroderma,"names of the different causes of eczema, one causes eczema and the other causes dermatosis",CosineGECO,5,0.001,name different causes of eczema,msmarco-passage/train,ielabgroup/vec2text_gtr-base-st_corrector
25,Cause of scleroderma,cause of Tsay-Chaos-Sachs disease. It is a result of the Tsay-Schach,CosineGECO,5,0.001,cause of tay-sachs disease,msmarco-passage/train,ielabgroup/vec2text_gtr-base-st_corrector
25,Cause of scleroderma,a reaction between the seated sarcoids during a horse's ride. These sarcoids can cause long and irregular horse problems,CosineGECO,5,0.001,what causes sarcoids in horses,msmarco-passage/train,ielabgroup/vec2text_gtr-base-st_corrector
25,Cause of scleroderma,"caused by a bump on the skin, a lumbar, or a Benignosity. Birthmarks are the causes",CosineGECO,5,0.001,what are the causes of birthmarks,msmarco-passage/train,ielabgroup/vec2text_gtr-base-st_corrector
25,Cause of scleroderma,causes are a result of a disease of staphylococcus aureus (Staphylococcus anaus),CosineGECO,5,0.001,what are the causes of staphylococcus aureus,msmarco-passage/train,ielabgroup/vec2text_gtr-base-st_corrector
25,Cause of scleroderma,"causes: Bias-related syndrome. Bias-related syndrome is a cause of chorea. Causes include pain, neur",CosineGECO,5,0.001,causes of chorea,msmarco-passage/train,ielabgroup/vec2text_gtr-base-st_corrector
25,Cause of scleroderma,"causes squamous cell carcinoma, a form of scomatosis or scomatosis, causes cellular carcinoma",CosineGECO,5,0.001,what causes squamous cell carcinoma,msmarco-passage/train,ielabgroup/vec2text_gtr-base-st_corrector
26,Function of BUB2/BFA1 in the process of cytokinesis,"formed element phagocytizes bacteria. The bacterial element, ""Arachnobacterium ionum"", is originally",CosineGECO,5,0.001,what formed element phagocytizes bacteria,msmarco-passage/train,ielabgroup/vec2text_gtr-base-st_corrector
26,Function of BUB2/BFA1 in the process of cytokinesis,(the cytoplasm) is a function of the cytoplasm. This function is a function of the cytokinesis cell function,CosineGECO,5,0.001,what is the cytoplasm function,msmarco-passage/train,ielabgroup/vec2text_gtr-base-st_corrector
26,Function of BUB2/BFA1 in the process of cytokinesis,"In organisms that reproduce asexually, asexual solutes are able to form in part through binary fission in the reproduction",CosineGECO,5,0.001,how does organisms reproduce asexually in binary fission,msmarco-passage/train,ielabgroup/vec2text_gtr-base-st_corrector
26,Function of BUB2/BFA1 in the process of cytokinesis,which cell is responsible for recognizing the antigen and producing the B-cells in the immune system as activation proteins and receptive,CosineGECO,5,0.001,which cell is responsible in the immune system for recognizing antigen and producing the activation of b-cell proteins,msmarco-passage/train,ielabgroup/vec2text_gtr-base-st_corrector
26,Function of BUB2/BFA1 in the process of cytokinesis,"benefits of a combination of a peptide, glycerol, and gamine, the benefits of BcA and B",CosineGECO,5,0.001,what are the benefits of bcaa and glutamine,msmarco-passage/train,ielabgroup/vec2text_gtr-base-st_corrector
26,Function of BUB2/BFA1 in the process of cytokinesis,bone marrow process called -bobone marrow cleft acoustic hematopoie,CosineGECO,5,0.001,bone marrow process called,msmarco-passage/train,ielabgroup/vec2text_gtr-base-st_corrector
26,Function of BUB2/BFA1 in the process of cytokinesis,cytoprotection (-protection) is a nutrient allowance for cytokines and a cytochrome,CosineGECO,5,0.001,what is cytoprotection,msmarco-passage/train,ielabgroup/vec2text_gtr-base-st_corrector
26,Function of BUB2/BFA1 in the process of cytokinesis,(or a recurve of the bounded-ball-like graphs) is the purpose of the Fibonacci sequence.,CosineGECO,5,0.001,what is the purpose of the fibonacci sequence,msmarco-passage/train,ielabgroup/vec2text_gtr-base-st_corrector
26,Function of BUB2/BFA1 in the process of cytokinesis,Phase II recovery  Phase I recovery is a phase after oricle ion that is able to progress from chori,CosineGECO,5,0.001,what is phase ii recovery after or,msmarco-passage/train,ielabgroup/vec2text_gtr-base-st_corrector
26,Function of BUB2/BFA1 in the process of cytokinesis,bone marrow process called -bobone marrow cleft acoustic hematopoie,CosineGECO,5,0.001,bone marrow process called,msmarco-passage/train,ielabgroup/vec2text_gtr-base-st_corrector
27,Role of autophagy in apoptosis,"enzymes which are the toxins or strids produced by Xanthomonas camptosis, or a keto",CosineGECO,5,0.001,what enzymes or toxins are produced by xanthomonas campstris,msmarco-passage/train,ielabgroup/vec2text_gtr-base-st_corrector
27,Role of autophagy in apoptosis,"The role of the mitochondria (or mnemocannia, or mnemocannia) is to provide information about the cell",CosineGECO,5,0.001,what is the role of the mitochondria,msmarco-passage/train,ielabgroup/vec2text_gtr-base-st_corrector
27,Role of autophagy in apoptosis,"the autofit feature, the feature does what it does to a car and eavesdrop on your answers to a missing quiz based on",CosineGECO,5,0.001,what does the autofit feature do quizlet,msmarco-passage/train,ielabgroup/vec2text_gtr-base-st_corrector
27,Role of autophagy in apoptosis,"-apoptosis is a -apoptosis of a single cell, it does affect single cells",CosineGECO,5,0.001,does apoptosis affect single cells,msmarco-passage/train,ielabgroup/vec2text_gtr-base-st_corrector
27,Role of autophagy in apoptosis,"As a function of the thymus, the role of the thymus is the apex of the thymus",CosineGECO,5,0.001,what is the role of the thymus,msmarco-passage/train,ielabgroup/vec2text_gtr-base-st_corrector
27,Role of autophagy in apoptosis,"(anastomosis of the medulla) of the heart, the anastomosis supply blood to the heart",CosineGECO,5,0.001,what does the anastomosis of the heart supply blood to,msmarco-passage/train,ielabgroup/vec2text_gtr-base-st_corrector
27,Role of autophagy in apoptosis,"on auto-salic digestion and auto-abuses, the autonomic part of the gastrointestinal system stimulates digestion, which process",CosineGECO,5,0.001,what part of the autonomic nervous system stimulates digestion,msmarco-passage/train,ielabgroup/vec2text_gtr-base-st_corrector
27,Role of autophagy in apoptosis,inherited disorder through gene inheritance and a systolic abscessive gene inherited through autosomal gliom,CosineGECO,5,0.001,gene disorder inherited through autosomal inheritance,msmarco-passage/train,ielabgroup/vec2text_gtr-base-st_corrector
27,Role of autophagy in apoptosis,mechanism of action of osmotic agents is used to decrease iop by a combination of iotropines.,CosineGECO,5,0.001,what is the mechanism of action of osmotic agents when used to decrease iop?,msmarco-passage/train,ielabgroup/vec2text_gtr-base-st_corrector
27,Role of autophagy in apoptosis,why fermentation is an important process in anaerobic cells and in the environment in which cells are incorporated and are able to grow their energy,CosineGECO,5,0.001,why is fermentation such an important process in cells in and anaerobic environment,msmarco-passage/train,ielabgroup/vec2text_gtr-base-st_corrector
28,Proteases that function in both apoptosis and autophagy cell death,"ion that stimulates the release of ion from this gland, and ionols and other chemicals lead to the release of",CosineGECO,5,0.001,what ion stimulates the release of hormones from this gland,msmarco-passage/train,ielabgroup/vec2text_gtr-base-st_corrector
28,Proteases that function in both apoptosis and autophagy cell death,(which is a new term for what is now referred to as the death and/or disintegration of cells and tissue) is defined by,CosineGECO,5,0.001,___ is defined as the death and disintegration of cells and tissue,msmarco-passage/train,ielabgroup/vec2text_gtr-base-st_corrector
28,Proteases that function in both apoptosis and autophagy cell death,"after death, bunnies and kittens stiffen up quickly after a death and for 2–4 hours after they re-enter their bodies",CosineGECO,5,0.001,how quickly do bunnies stiffen up after death,msmarco-passage/train,ielabgroup/vec2text_gtr-base-st_corrector
28,Proteases that function in both apoptosis and autophagy cell death,studies are involved in platelet aggregation. This aggregation study focuses on the correct responses to different thromboembolism,CosineGECO,5,0.001,what is involved in platelet aggregation studies,msmarco-passage/train,ielabgroup/vec2text_gtr-base-st_corrector
28,Proteases that function in both apoptosis and autophagy cell death,"process of phagocytosis, the process of a cell's dilution of a bacterial community, quizzes",CosineGECO,5,0.001,process of phagocytosis quizlet,msmarco-passage/train,ielabgroup/vec2text_gtr-base-st_corrector
28,Proteases that function in both apoptosis and autophagy cell death,"group zoe, amboe belong in the zoebacteria and a zoebacteria",CosineGECO,5,0.001,what group of protozoa do amboe belong,msmarco-passage/train,ielabgroup/vec2text_gtr-base-st_corrector
28,Proteases that function in both apoptosis and autophagy cell death,"function of nematocysts, nematocysts perform functions of the narcophagus",CosineGECO,5,0.001,what are the functions of nematocysts,msmarco-passage/train,ielabgroup/vec2text_gtr-base-st_corrector
28,Proteases that function in both apoptosis and autophagy cell death,"formed element phagocytizes bacteria. The bacterial element, ""Arachnobacterium ionum"", is originally",CosineGECO,5,0.001,what formed element phagocytizes bacteria,msmarco-passage/train,ielabgroup/vec2text_gtr-base-st_corrector
28,Proteases that function in both apoptosis and autophagy cell death,"hormone, which scientists believe stimulates the hypothalamus to work on eating and apnea and appetite, respectively. Hypothala",CosineGECO,5,0.001,which hormone do scientists believe works on the hypothalamus to stimulate appetite and eating?,msmarco-passage/train,ielabgroup/vec2text_gtr-base-st_corrector
28,Proteases that function in both apoptosis and autophagy cell death,"a single enzyme, Camp-activated cAMP (activated by a combination of acetylglucose and reactive",CosineGECO,5,0.001,what enzyme inactivates camp,msmarco-passage/train,ielabgroup/vec2text_gtr-base-st_corrector
29,Phenotypes of gyrA mutations,"the appearance of atypical organisms are atypical radiology (Organo-, neo-, neo-",CosineGECO,5,0.001,what are atypical organisms radiology,msmarco-passage/train,ielabgroup/vec2text_gtr-base-st_corrector
29,Phenotypes of gyrA mutations,"types of pyrimidine, most notably pyrimidine-A, pyrimidine-B, pyrimidine-Drose",CosineGECO,5,0.001,types of pyrimidine,msmarco-passage/train,ielabgroup/vec2text_gtr-base-st_corrector
29,Phenotypes of gyrA mutations,of a. p. p. p. 4. independent genes violate Mendel's principle of agglutination of strain,CosineGECO,5,0.001,______ genes violate mendel's principle of independent assortment quizlet,msmarco-passage/train,ielabgroup/vec2text_gtr-base-st_corrector
29,Phenotypes of gyrA mutations,different levels of telomerase activity and length of hypoxia regulate telomere-hypoxia as well as telomere-writing,CosineGECO,5,0.001,different levels of hypoxia regulate telomere length and telomerase activity,msmarco-passage/train,ielabgroup/vec2text_gtr-base-st_corrector
29,Phenotypes of gyrA mutations,Quinct. 1. Alternative forms of a gene from a given locus are called a gene attest by a method that divergent,CosineGECO,5,0.001,Alternative forms of a gene at a given locus are called quizlet,msmarco-passage/train,ielabgroup/vec2text_gtr-base-st_corrector
29,Phenotypes of gyrA mutations,"if a karyotype reveals a gene, the analysis of the karyotype can be a point mutations",CosineGECO,5,0.001,can the analysis of a karyotype reveal point mutations in a gene,msmarco-passage/train,ielabgroup/vec2text_gtr-base-st_corrector
29,Phenotypes of gyrA mutations,the fusiform gyrus is a gyromyoid femur that changes its shape and lateral,CosineGECO,5,0.001,what is the fusiform gyrus,msmarco-passage/train,ielabgroup/vec2text_gtr-base-st_corrector
29,Phenotypes of gyrA mutations,"types of vascular ring around the trachea, namely the vascular trachea, vascular trachea,",CosineGECO,5,0.001,types of vascular ring around the trachea,msmarco-passage/train,ielabgroup/vec2text_gtr-base-st_corrector
29,Phenotypes of gyrA mutations,a type of genetic abnormality that causes osteochondroma (osteochondroma in the skeleton and overgrowth),CosineGECO,5,0.001,what kind of genetic abnormality causes osteochondroma,msmarco-passage/train,ielabgroup/vec2text_gtr-base-st_corrector
29,Phenotypes of gyrA mutations,"description of Yersinia genus, Yersinia et al. is a genus of",CosineGECO,5,0.001,description of Yersinia genus,msmarco-passage/train,ielabgroup/vec2text_gtr-base-st_corrector
30,Regulatory targets of the Nkx gene family members,chromosome for the Pk2 gene is pk2 (pseudopexion 2q21.8),CosineGECO,5,0.001,what chromosome is pkp2 gene on,msmarco-passage/train,ielabgroup/vec2text_gtr-base-st_corrector
30,Regulatory targets of the Nkx gene family members,cx cx is a liquid-adjusted ether (CX) and ice cream in the world.,CosineGECO,5,0.001,what is cx?,msmarco-passage/train,ielabgroup/vec2text_gtr-base-st_corrector
30,Regulatory targets of the Nkx gene family members,what they are doing is approving and enacting naturopathic licensing as part of the approval of the Texas Health System,CosineGECO,5,0.001,what is texas doing to approve naturopathic licensing,msmarco-passage/train,ielabgroup/vec2text_gtr-base-st_corrector
30,Regulatory targets of the Nkx gene family members,Targeted mur (target) mur is a bacterio-malignant agent that is now a major focus of acuity.,CosineGECO,5,0.001,what is targetted mur,msmarco-passage/train,ielabgroup/vec2text_gtr-base-st_corrector
30,Regulatory targets of the Nkx gene family members,"factors that can influence gene expression include environmental conditions, such as a high concentration of lipids in the human body and environmental conditions that can influence gene",CosineGECO,5,0.001,what are some environmental factors that can influence gene expression,msmarco-passage/train,ielabgroup/vec2text_gtr-base-st_corrector
30,Regulatory targets of the Nkx gene family members,"a hereditary intolerant of fructose-alcohol metabolites, fructose-fructose le",CosineGECO,5,0.001,hereditary fructose intolerance,msmarco-passage/train,ielabgroup/vec2text_gtr-base-st_corrector
30,Regulatory targets of the Nkx gene family members,Xiacophage Xiacophage r (XP-R) is a glucocortico,CosineGECO,5,0.001,what is glucophage xr,msmarco-passage/train,ielabgroup/vec2text_gtr-base-st_corrector
30,Regulatory targets of the Nkx gene family members,vox gene is a human apex nervose tetragram (Vex) gene that is,CosineGECO,5,0.001,what is vox gene,msmarco-passage/train,ielabgroup/vec2text_gtr-base-st_corrector
30,Regulatory targets of the Nkx gene family members,is nerve damage crossed (no damage is known to cause damage but it is a sign of damage). This is a positional,CosineGECO,5,0.001,is nerve damage crossed,msmarco-passage/train,ielabgroup/vec2text_gtr-base-st_corrector
30,Regulatory targets of the Nkx gene family members,state is registered with DSX in their db prefix - dc-sx. State of,CosineGECO,5,0.001,what state is bcbs prefix dsx,msmarco-passage/train,ielabgroup/vec2text_gtr-base-st_corrector
31,TOR signaling in neurofibromatosis,ccpht code: pftiohistiactic lesion of skin or fibroidal,CosineGECO,5,0.001,cpt code for fibrohistiocytic lesion of skin,msmarco-passage/train,ielabgroup/vec2text_gtr-base-st_corrector
31,TOR signaling in neurofibromatosis,"the protective coverings of nerves are the nerves, which protect it by covering the choroid muscarinae and nerves inside",CosineGECO,5,0.001,what are the protective coverings of the nerves,msmarco-passage/train,ielabgroup/vec2text_gtr-base-st_corrector
31,TOR signaling in neurofibromatosis,Unusual hyperactivity (hyperactivity) – Tegrel is a symptom of a rare but unusual hyperactivity sedative,CosineGECO,5,0.001,what is Unusual hyperactivity - Tegretol,msmarco-passage/train,ielabgroup/vec2text_gtr-base-st_corrector
31,TOR signaling in neurofibromatosis,a nissen-fundoplication means that a nissen-fundoplication can be a process in the nas,CosineGECO,5,0.001,what does a nissen fundoplication mean,msmarco-passage/train,ielabgroup/vec2text_gtr-base-st_corrector
31,TOR signaling in neurofibromatosis,why the tryptophan operon is turned off in the presence of tryptophan tetragliase in the process.,CosineGECO,5,0.001,why is the tryptophan operon turned off in the presence of tryptophan?,msmarco-passage/train,ielabgroup/vec2text_gtr-base-st_corrector
31,TOR signaling in neurofibromatosis,"a combination of a combination of hormones and chemicals, overactive nerves cause excessive activity of the nerves. This is due to the control",CosineGECO,5,0.001,what causes overactive nerves,msmarco-passage/train,ielabgroup/vec2text_gtr-base-st_corrector
31,TOR signaling in neurofibromatosis,finger and fourth nerve (abdominal nerve) may cause a baby to tingle when the neonatal neuritus is,CosineGECO,5,0.001,what nerve causes baby and fourth finger to tingle,msmarco-passage/train,ielabgroup/vec2text_gtr-base-st_corrector
31,TOR signaling in neurofibromatosis,.tor or .you-should-use .tor is a RESPN browser that you should use if you want,CosineGECO,5,0.001,what is tor browser and should i use it?,msmarco-passage/train,ielabgroup/vec2text_gtr-base-st_corrector
31,TOR signaling in neurofibromatosis,"mthfr gene mutation (MFR-A) treatment. Treatment of symptoms includes thalassophobia, symptom correction and changes",CosineGECO,5,0.001,mthfr gene mutation symptoms and treatment,msmarco-passage/train,ielabgroup/vec2text_gtr-base-st_corrector
31,TOR signaling in neurofibromatosis,what is the f key to boot from the f-pad of a Toshiba model laptop such as a Toshiba microprocessor,CosineGECO,5,0.001,what f key do i boot from on a toshiba laptop,msmarco-passage/train,ielabgroup/vec2text_gtr-base-st_corrector
32,Xenograft animal models of tumorogenesis,Xer    is a human error-tolerant fetal and periapneumonial syndrome in Europe.,CosineGECO,5,0.001,what is xer?,msmarco-passage/train,ielabgroup/vec2text_gtr-base-st_corrector
32,Xenograft animal models of tumorogenesis,(or gametogenesis) is a genital linomixis of chromosomal aorta and game,CosineGECO,5,0.001,what is gametogenesis,msmarco-passage/train,ielabgroup/vec2text_gtr-base-st_corrector
32,Xenograft animal models of tumorogenesis,"a tumor composed of star-shaped neuroglial cells as well as cells containing a starchy neurosema, is called",CosineGECO,5,0.001,a tumor composed of star-shaped neuroglial cells is called,msmarco-passage/train,ielabgroup/vec2text_gtr-base-st_corrector
32,Xenograft animal models of tumorogenesis,"Known as transgenic mouse strains, mouse strains are a group of strains of adrenergic proteins found on f",CosineGECO,5,0.001,what is transgenic mouse strains,msmarco-passage/train,ielabgroup/vec2text_gtr-base-st_corrector
32,Xenograft animal models of tumorogenesis,"structure of exocrine glands. Exotebral features of these glands, along with sub-atmospheric surfaces",CosineGECO,5,0.001,structural features of exocrine glands,msmarco-passage/train,ielabgroup/vec2text_gtr-base-st_corrector
32,Xenograft animal models of tumorogenesis,"stroma-type desmoid fibromatosis as a model for the role of tumors in other types of diseases, a",CosineGECO,5,0.001,desmoid-type fibromatosis as a model for the role of tumor stroma in other diseases,msmarco-passage/train,ielabgroup/vec2text_gtr-base-st_corrector
32,Xenograft animal models of tumorogenesis,which two structures in an animal cell (as apex and adopion microscope) would give a positive cell identification.,CosineGECO,5,0.001,which two structures would provide a positive identification of an animal cell under a microscope?,msmarco-passage/train,ielabgroup/vec2text_gtr-base-st_corrector
32,Xenograft animal models of tumorogenesis,"a macromolecule called macromolecules, which is not known from transcript, is formed during translation, by cyclodiluenterogen",CosineGECO,5,0.001,what macromolecule is formed during translation,msmarco-passage/train,ielabgroup/vec2text_gtr-base-st_corrector
32,Xenograft animal models of tumorogenesis,"types of chromosomal abnormalities, i.e., chromosomal sclerosis and chromosomal",CosineGECO,5,0.001,types of chromosomal abnormalities,msmarco-passage/train,ielabgroup/vec2text_gtr-base-st_corrector
32,Xenograft animal models of tumorogenesis,"due to fat, protein, and geriatric stress. No garcinia or fatty fat is present, so the Axon is",CosineGECO,5,0.001,is axon fatty,msmarco-passage/train,ielabgroup/vec2text_gtr-base-st_corrector
33,"Mice, mutant strains, and Histoplasmosis",-cells (-cells and -cells) are created in mitosis in which the blood,CosineGECO,5,0.001,what cells are created in mitosis,msmarco-passage/train,ielabgroup/vec2text_gtr-base-st_corrector
33,"Mice, mutant strains, and Histoplasmosis","what is a typical Saturday night setting for the men of the ranch, consists of sloppy hand snuck out for mice in early",CosineGECO,5,0.001,what is a typical saturday night for the ranch hands in mice of men,msmarco-passage/train,ielabgroup/vec2text_gtr-base-st_corrector
33,"Mice, mutant strains, and Histoplasmosis",Mesentery and its purpose is a scytrocerebral pump in a rat. It is an organ,CosineGECO,5,0.001,what is mesentery and what is its purpose in a rat,msmarco-passage/train,ielabgroup/vec2text_gtr-base-st_corrector
33,"Mice, mutant strains, and Histoplasmosis","a muscle causes repeated muscle strains, usually from a stressor such as a muscle injury or a recurring ailment",CosineGECO,5,0.001,what causes repeated muscle strains,msmarco-passage/train,ielabgroup/vec2text_gtr-base-st_corrector
33,"Mice, mutant strains, and Histoplasmosis",is bacillus a bacillus bacillus. Catagaterium bacilli produces melanosome enzyme.,CosineGECO,5,0.001,does bacillus megaterium produce catalase?,msmarco-passage/train,ielabgroup/vec2text_gtr-base-st_corrector
33,"Mice, mutant strains, and Histoplasmosis","histands supply Habilitas & A.S.C., a monopoly supply of styrant",CosineGECO,5,0.001,histands supply,msmarco-passage/train,ielabgroup/vec2text_gtr-base-st_corrector
33,"Mice, mutant strains, and Histoplasmosis","bacteria, abaca virus, and symbiosis; whether anaplasmosis is a virus or a",CosineGECO,5,0.001,is anaplasmosis a virus or bacteria,msmarco-passage/train,ielabgroup/vec2text_gtr-base-st_corrector
33,"Mice, mutant strains, and Histoplasmosis","of marijuana and marijuana release, ""Marijuana neospinea"" and ""Cheicape"" are two",CosineGECO,5,0.001,what are two marijuana strains,msmarco-passage/train,ielabgroup/vec2text_gtr-base-st_corrector
33,"Mice, mutant strains, and Histoplasmosis",the difference between mitosis and iosis and meiosis a mRNA -cells,CosineGECO,5,0.001,difference between mitosis cells and meiosis,msmarco-passage/train,ielabgroup/vec2text_gtr-base-st_corrector
33,"Mice, mutant strains, and Histoplasmosis",the m staph is a bad infection of the bacterium mingle-monococcal staph,CosineGECO,5,0.001,what is the bad m staph infection,msmarco-passage/train,ielabgroup/vec2text_gtr-base-st_corrector
34,Gene products of Cryptococcus important to fungal survival,tricoccus intermedius (Streptococcus tetralases) is the group of streptococcus muscle,CosineGECO,5,0.001,what group is streptococcus intermedius,msmarco-passage/train,ielabgroup/vec2text_gtr-base-st_corrector
34,Gene products of Cryptococcus important to fungal survival,the group of microorganisms that tuberculosis is Mycobacterium tetrabacterium (Mycobacterium,CosineGECO,5,0.001,what group of microorganism is mycobacterium tuberculosis,msmarco-passage/train,ielabgroup/vec2text_gtr-base-st_corrector
34,Gene products of Cryptococcus important to fungal survival,"the types of pathogenic microorganisms in food, mainly food microorganisms such as ryelancholys",CosineGECO,5,0.001,types of pathogenic microorganisms in food,msmarco-passage/train,ielabgroup/vec2text_gtr-base-st_corrector
34,Gene products of Cryptococcus important to fungal survival,a variety of heritable events can result in an offspring with unique characteristics that can be re-employed in the offspring,CosineGECO,5,0.001,what events can result in an offspring with unique heritable characteristics,msmarco-passage/train,ielabgroup/vec2text_gtr-base-st_corrector
34,Gene products of Cryptococcus important to fungal survival,"the composition of antigens (antis-gens) is a mix of a substance, a substance, a polyoxygen",CosineGECO,5,0.001,what is the composition of antigens,msmarco-passage/train,ielabgroup/vec2text_gtr-base-st_corrector
34,Gene products of Cryptococcus important to fungal survival,"you can do things with gnocc. You can use clean, matted materials, and make a small amount of damage with gnoc",CosineGECO,5,0.001,what can you do with gnocc,msmarco-passage/train,ielabgroup/vec2text_gtr-base-st_corrector
34,Gene products of Cryptococcus important to fungal survival,"which genetic mechanisms determines to promote the development of a pandemic strain of influenza, a pandemic influenza emphyse",CosineGECO,5,0.001,what genetic mechanisms promotes the development of a pandemic strain of influenza a,msmarco-passage/train,ielabgroup/vec2text_gtr-base-st_corrector
34,Gene products of Cryptococcus important to fungal survival,"The products of procter and gamble are the product of ghetto, argon, lanthanum and alcohol. This process",CosineGECO,5,0.001,what are the products of procter and gamble,msmarco-passage/train,ielabgroup/vec2text_gtr-base-st_corrector
34,Gene products of Cryptococcus important to fungal survival,"who discovered DNA is genetic material for all organisms, a group of chemists and physicists with discoveries of DNA",CosineGECO,5,0.001,who discovered DNA is genetic material for all organisms,msmarco-passage/train,ielabgroup/vec2text_gtr-base-st_corrector
34,Gene products of Cryptococcus important to fungal survival,that a microbe is found in extreme conditions is bacterium such as neoparasitis and hyacolum,CosineGECO,5,0.001,what microbe is found in extreme conditions,msmarco-passage/train,ielabgroup/vec2text_gtr-base-st_corrector
35,WD40 repeat-containing proteins,"of protein function and what is its purpose and what is a function, or what is a function, in a living organism’s arteries",CosineGECO,5,0.001,what is protein function and purpose,msmarco-passage/train,ielabgroup/vec2text_gtr-base-st_corrector
35,WD40 repeat-containing proteins,"which organelle makes instructions about which organelles are coded for makes instructions about protein, mainly using a RNA-based cAMP called",CosineGECO,5,0.001,which organelle makes protein using coded instructions,msmarco-passage/train,ielabgroup/vec2text_gtr-base-st_corrector
35,WD40 repeat-containing proteins,synthesis of proteins and other recombinant and ligands is limited. Protein synthesis is a limited and unable to be,CosineGECO,5,0.001,protein synthesis is limited,msmarco-passage/train,ielabgroup/vec2text_gtr-base-st_corrector
35,WD40 repeat-containing proteins,Proto whey Proto whey (proteo whey) is a granulosic dietary protein,CosineGECO,5,0.001,what is proto whey,msmarco-passage/train,ielabgroup/vec2text_gtr-base-st_corrector
35,WD40 repeat-containing proteins,"from a fatty acid to a protein, averaging , about 7 to 10 different amino acids are commonly found in proteins (most commonly",CosineGECO,5,0.001,how many different amino acids are commonly found in proteins,msmarco-passage/train,ielabgroup/vec2text_gtr-base-st_corrector
35,WD40 repeat-containing proteins,best protein carbs best protein carbs ratio (fats:fats:fats:fats:fats:gk to gk,CosineGECO,5,0.001,best carbs protein fat ratio,msmarco-passage/train,ielabgroup/vec2text_gtr-base-st_corrector
35,WD40 repeat-containing proteins,Propylparaben Propylparaben (-paraben) is a benzyl ester and volatile oil,CosineGECO,5,0.001,what is propylparaben,msmarco-passage/train,ielabgroup/vec2text_gtr-base-st_corrector
35,WD40 repeat-containing proteins,"which level of protein structure cannot be denatured. The protein structure, i.e., the -carotenoids cannot be",CosineGECO,5,0.001,which level of protein structure cannot be denatured,msmarco-passage/train,ielabgroup/vec2text_gtr-base-st_corrector
35,WD40 repeat-containing proteins,"edamame containing a good source of edamame, e.g., are a good source of protein",CosineGECO,5,0.001,are edamame good source of protein,msmarco-passage/train,ielabgroup/vec2text_gtr-base-st_corrector
35,WD40 repeat-containing proteins,"a healthy eater, containing a protein of 16% and 17%, corn is a complete source of protein",CosineGECO,5,0.001,is corn a complete source of protein,msmarco-passage/train,ielabgroup/vec2text_gtr-base-st_corrector
36,RAB3A,"Known as merkaba, it is a carpet of Moscatabad",CosineGECO,5,0.001,what is merkaba,msmarco-passage/train,ielabgroup/vec2text_gtr-base-st_corrector
36,RAB3A,walya animal walya (Ethiopian    ) is an animal in,CosineGECO,5,0.001,walya animal in ethiopia,msmarco-passage/train,ielabgroup/vec2text_gtr-base-st_corrector
36,RAB3A,"as hot as 91 °C, hot salibha sabhya is a result of the burning of hot",CosineGECO,5,0.001,how hot is it in sabha libya,msmarco-passage/train,ielabgroup/vec2text_gtr-base-st_corrector
36,RAB3A,assad's regime (Assad and his comrades in Iran and Israel) is a regime,CosineGECO,5,0.001,what is assad's regime,msmarco-passage/train,ielabgroup/vec2text_gtr-base-st_corrector
36,RAB3A,the airport code Grb. Its airport code is GRB and the airport code is GR-Rbn. For non-,CosineGECO,5,0.001,what is the airport code for grb,msmarco-passage/train,ielabgroup/vec2text_gtr-base-st_corrector
36,RAB3A,resguard ePa registration number: 59 ePa registration number: 82 eSGFillA Resguard,CosineGECO,5,0.001,resguard epa registration number,msmarco-passage/train,ielabgroup/vec2text_gtr-base-st_corrector
36,RAB3A,is a question as to whether the amendments to AB2153 passed in s.2306 and s.2305 and the Amendment,CosineGECO,5,0.001,did the amendments to ab2153 pass,msmarco-passage/train,ielabgroup/vec2text_gtr-base-st_corrector
36,RAB3A,Gibbs rule for reactive (phase 0        ) system phase is reactive,CosineGECO,5,0.001,gibbs phase rule for reactive system,msmarco-passage/train,ielabgroup/vec2text_gtr-base-st_corrector
36,RAB3A,"design, the design Indaba is a design of the Indaba fabrikstyl. It is a medium-size",CosineGECO,5,0.001,what is the design indaba,msmarco-passage/train,ielabgroup/vec2text_gtr-base-st_corrector
36,RAB3A,number: 0 - 73 - 76 - 91 - . MOORCASIA passport number is 0,CosineGECO,5,0.001,morocco passport number,msmarco-passage/train,ielabgroup/vec2text_gtr-base-st_corrector
37,PAM,beta is a beta beta testing system known as capm. It is a beta molecule that is a beta pancreas (MAC,CosineGECO,5,0.001,capm what is beta,msmarco-passage/train,ielabgroup/vec2text_gtr-base-st_corrector
37,PAM,"PM (Madden) PM (also known as PM) is a time series, a digital and a",CosineGECO,5,0.001,what is pm,msmarco-passage/train,ielabgroup/vec2text_gtr-base-st_corrector
37,PAM,"premi – is a multi-dimensional, infant, mixed birthrate and addiction diagnostic gimmick. It is known as premi",CosineGECO,5,0.001,what is premi,msmarco-passage/train,ielabgroup/vec2text_gtr-base-st_corrector
37,PAM,name 'peb' stands for military and 'pec' stands for military in board of commanders in Division Nikitin,CosineGECO,5,0.001,what does peb stand for in military,msmarco-passage/train,ielabgroup/vec2text_gtr-base-st_corrector
37,PAM,"a pA (100  1/1000  a unit ring), and so PA is considered to be equal to",CosineGECO,5,0.001,what is a pa equal to,msmarco-passage/train,ielabgroup/vec2text_gtr-base-st_corrector
37,PAM,ami version. This version is a simplified version of IC and MONDS-based Freeware. It is a key feature of Am,CosineGECO,5,0.001,what is ami version,msmarco-passage/train,ielabgroup/vec2text_gtr-base-st_corrector
37,PAM,"stand for what is known as pals – PALs stands for Pals Inc., a partnership between Israel’s National Cancer Institute and",CosineGECO,5,0.001,what is pals stand for,msmarco-passage/train,ielabgroup/vec2text_gtr-base-st_corrector
37,PAM,"POF in cables ""PoF in cables"" is a wire conductor in power monitors. It is a proprietary data filtration",CosineGECO,5,0.001,what is POF in cables,msmarco-passage/train,ielabgroup/vec2text_gtr-base-st_corrector
37,PAM,words that contain pfa – these include pfa (,CosineGECO,5,0.001,words that contain pfa,msmarco-passage/train,ielabgroup/vec2text_gtr-base-st_corrector
37,PAM,Pbmas is a world-wide public appetite and award-winning food and beverage mixer. It is now called Pbs,CosineGECO,5,0.001,what is pbmas,msmarco-passage/train,ielabgroup/vec2text_gtr-base-st_corrector
38,Risk factors for stroke,"a risk factor of the risk of fibromyalgia, fibromyalgia, ilethromyo",CosineGECO,5,0.001,what are the risk factors of fibromyalgia,msmarco-passage/train,ielabgroup/vec2text_gtr-base-st_corrector
38,Risk factors for stroke,is no evidence that a stress causes a tia but it can also cause a positive impact on stress-related dilated,CosineGECO,5,0.001,does stress cause a tia,msmarco-passage/train,ielabgroup/vec2text_gtr-base-st_corrector
38,Risk factors for stroke,"a neurologist, a stroke neurologist, is a neurologist who is a specialist in examining diseases",CosineGECO,5,0.001,what is a stroke neurologist,msmarco-passage/train,ielabgroup/vec2text_gtr-base-st_corrector
38,Risk factors for stroke,kilowidth factor kPis factors are a number of factors that determine a factor of productivity and income. This factor,CosineGECO,5,0.001,define kpis factors,msmarco-passage/train,ielabgroup/vec2text_gtr-base-st_corrector
38,Risk factors for stroke,"the nature of a stroke, a stroke is a form of a recurrent brain ailment, which is left open.",CosineGECO,5,0.001,what is the nature of a stroke,msmarco-passage/train,ielabgroup/vec2text_gtr-base-st_corrector
38,Risk factors for stroke,"factors in your body may affect your respiration (inhalation of oxygen or adrenergic sensitivity), and body conditions are more likely",CosineGECO,5,0.001,what factors might affect respiration in your body,msmarco-passage/train,ielabgroup/vec2text_gtr-base-st_corrector
38,Risk factors for stroke,"a number of factors influence teen pregnancy, the risk of sexually transmitted infections (STIs), and the risk of geriatric parasite",CosineGECO,5,0.001,what factors influence teen pregnancy and risk of sexually transmitted infections?,msmarco-passage/train,ielabgroup/vec2text_gtr-base-st_corrector
38,Risk factors for stroke,"a result of a stroke, a right side stroke is affected by the ability of the right artery to rest on its side. It affect",CosineGECO,5,0.001,what is affected by a right side stroke,msmarco-passage/train,ielabgroup/vec2text_gtr-base-st_corrector
38,Risk factors for stroke,"by low blood glucose, a brain stroke is a cause of brain stem stroke, known as a brainstem deficiency or stroke",CosineGECO,5,0.001,what cause brain stem stroke,msmarco-passage/train,ielabgroup/vec2text_gtr-base-st_corrector
38,Risk factors for stroke,"a risk factor is associated with cervical cancer, primarily cervix cancer, and is accurately identified by the A- and B- test",CosineGECO,5,0.001,which risk factor is associated with cervical cancer quizlet,msmarco-passage/train,ielabgroup/vec2text_gtr-base-st_corrector
39,Hypertension,"if naloxaph steroid (Alexave) is to be used. , high blood pressure is normal to treat",CosineGECO,5,0.001,is aleve ok to use with high blood pressure,msmarco-passage/train,ielabgroup/vec2text_gtr-base-st_corrector
39,Hypertension,a result of the “high cost”. High cost means a cost that is high in the cost of a product or a lot of money,CosineGECO,5,0.001,what does high cost mean,msmarco-passage/train,ielabgroup/vec2text_gtr-base-st_corrector
39,Hypertension,(hypermarket) is a hypermarket (high-definition e-satellite product e-high-defini,CosineGECO,5,0.001,hypermarket definition,msmarco-passage/train,ielabgroup/vec2text_gtr-base-st_corrector
39,Hypertension,"a result of high dietary intake, thyroiditis, and other conditions, thyroiditis is a condition that causes hyperthyroidism",CosineGECO,5,0.001,what cause hyperthyroidism,msmarco-passage/train,ielabgroup/vec2text_gtr-base-st_corrector
39,Hypertension,(hypoplastic or hyperabsorption hypertetrasma) is a tissue that is a hyperplastic. It is,CosineGECO,5,0.001,what is a hyperplastic,msmarco-passage/train,ielabgroup/vec2text_gtr-base-st_corrector
39,Hypertension,what the word            (hypbole in English,CosineGECO,5,0.001,what does hyperbole mean in english,msmarco-passage/train,ielabgroup/vec2text_gtr-base-st_corrector
39,Hypertension,hyper ige syndrome (Hyper-IgE syndrome) is a disorder of the heart that results from a hyper-ign,CosineGECO,5,0.001,what is hyper ige syndrome,msmarco-passage/train,ielabgroup/vec2text_gtr-base-st_corrector
39,Hypertension,"htn is a high-definition, natural-color product that provides a wealth of quality products. It is known as satin",CosineGECO,5,0.001,what is htn,msmarco-passage/train,ielabgroup/vec2text_gtr-base-st_corrector
39,Hypertension,a result of ocular deficiency (ocular hypertension) or high pressure of the eyes causes ocular vision hyperachie,CosineGECO,5,0.001,causes of ocular hypertension,msmarco-passage/train,ielabgroup/vec2text_gtr-base-st_corrector
39,Hypertension,Normotensive obtensive oedema is a blood pressure of the normosum of the heart and,CosineGECO,5,0.001,what is normotensive blood pressure,msmarco-passage/train,ielabgroup/vec2text_gtr-base-st_corrector
40,Antigens expressed by lung epithelial cells,"wbc granulocyte count, and most commonly, asthma-type atopic granulocytes are elevated.",CosineGECO,5,0.001,which type of wbc granulocyte count is commonly elevated in asthmatic patients?,msmarco-passage/train,ielabgroup/vec2text_gtr-base-st_corrector
40,Antigens expressed by lung epithelial cells,"names of cells that cause disease, such as adenovirus, adenovirus, and adenovirus B1 and cancer",CosineGECO,5,0.001,names of cells that cause disease,msmarco-passage/train,ielabgroup/vec2text_gtr-base-st_corrector
40,Antigens expressed by lung epithelial cells,What is an antigen-presenting cell and what type of cell it is that plays in an immune response? An antigen-presenting cell is a,CosineGECO,5,0.001,What is an antigen-presenting cell and what role does this type of cell play in an immune response?,msmarco-passage/train,ielabgroup/vec2text_gtr-base-st_corrector
40,Antigens expressed by lung epithelial cells,"a portion of the body, epithelial tissue occults the stomach tissue as it does when it is in the bowel,",CosineGECO,5,0.001,what does epithelial tissue do in the stomach,msmarco-passage/train,ielabgroup/vec2text_gtr-base-st_corrector
40,Antigens expressed by lung epithelial cells,"is all that is related to each other is the esophagus and lung are tied together, and the esophagus",CosineGECO,5,0.001,is the lung and esophagus tied together,msmarco-passage/train,ielabgroup/vec2text_gtr-base-st_corrector
40,Antigens expressed by lung epithelial cells,is emphysema (i.e. smoking of emphysema)   is genetic,CosineGECO,5,0.001,is emphysema genetic,msmarco-passage/train,ielabgroup/vec2text_gtr-base-st_corrector
40,Antigens expressed by lung epithelial cells,fluid in the lungs is called ---------- sometimes called,CosineGECO,5,0.001,fluid in the lungs is called,msmarco-passage/train,ielabgroup/vec2text_gtr-base-st_corrector
40,Antigens expressed by lung epithelial cells,the helicase is a molecule that does what the helicase does. This helps to re-spread molecules and long distance,CosineGECO,5,0.001,what does the helicase do,msmarco-passage/train,ielabgroup/vec2text_gtr-base-st_corrector
40,Antigens expressed by lung epithelial cells,"As a test for immunosuppression and release of a positive test, a positive antigen test is a test for immunosup",CosineGECO,5,0.001,what is a positive antigen test,msmarco-passage/train,ielabgroup/vec2text_gtr-base-st_corrector
40,Antigens expressed by lung epithelial cells,"(LEukaemia) is expressed on leukaemic aortic leukaemia gene (IL-02), which was revealed",CosineGECO,5,0.001,what gene is leukemia expressed on,msmarco-passage/train,ielabgroup/vec2text_gtr-base-st_corrector
41,Mutations in the Cystic Fibrosis conductance regulator gene,"femurs. This usually kills CF patients if the patient has a strong femur, such as a brain",CosineGECO,5,0.001,what usually kills patients with cf,msmarco-passage/train,ielabgroup/vec2text_gtr-base-st_corrector
41,Mutations in the Cystic Fibrosis conductance regulator gene,"is polycythemia viroema, polycythemia, and a veroema is rare blood cancer",CosineGECO,5,0.001,is polycythemia vera a rare blood cancer,msmarco-passage/train,ielabgroup/vec2text_gtr-base-st_corrector
41,Mutations in the Cystic Fibrosis conductance regulator gene,a. v.11.2 (R-28) of a somatic cell is true as the somatic cell occurs from a mutation,CosineGECO,5,0.001,which of the following is true concerning a somatic cell mutation,msmarco-passage/train,ielabgroup/vec2text_gtr-base-st_corrector
41,Mutations in the Cystic Fibrosis conductance regulator gene,"treatment of isolated genetic causes of growth hormone deficiency and ietal-growth-hormone deficiency, ietal",CosineGECO,5,0.001,genetic causes and treatment of isolated growth hormone deficiency,msmarco-passage/train,ielabgroup/vec2text_gtr-base-st_corrector
41,Mutations in the Cystic Fibrosis conductance regulator gene,"manufacturing of recombinant DNA molecule from a gene, and the recombinant molecules, involves cutting a normal location",CosineGECO,5,0.001,manufacturing recombinant dna molecules involves cutting a gene from its normal location,msmarco-passage/train,ielabgroup/vec2text_gtr-base-st_corrector
41,Mutations in the Cystic Fibrosis conductance regulator gene,code for brac 10 or brac 10 is accompanied by an ICCD 1 mutation. CITES-0096 CITES-00,CosineGECO,5,0.001,what is the icd 10 code for brac 1 mutation,msmarco-passage/train,ielabgroup/vec2text_gtr-base-st_corrector
41,Mutations in the Cystic Fibrosis conductance regulator gene,"Cells whose ionotopic changes can cause mutations when the cell is copying the DNA or the cDNA, the cell can",CosineGECO,5,0.001,what can cause mutations when the cell copies its dna,msmarco-passage/train,ielabgroup/vec2text_gtr-base-st_corrector
41,Mutations in the Cystic Fibrosis conductance regulator gene,"-aminobutyrin, -aminobutyrin is a protein that regulates the cell cycle",CosineGECO,5,0.001,is a protein that regulates the cell cycle,msmarco-passage/train,ielabgroup/vec2text_gtr-base-st_corrector
41,Mutations in the Cystic Fibrosis conductance regulator gene,"which mutations are detected, a gene probe may detect a variety of probes such as mnemonics, a genetics inspection",CosineGECO,5,0.001,what mutations do gene probes detect,msmarco-passage/train,ielabgroup/vec2text_gtr-base-st_corrector
41,Mutations in the Cystic Fibrosis conductance regulator gene,-terminor region of a gene (Alien/Case/Alien) is a region of the human lig,CosineGECO,5,0.001,what is terminator region of a gene,msmarco-passage/train,ielabgroup/vec2text_gtr-base-st_corrector
42,Genes altered by chromosome translocations,"a definition of gene drift, a biology - gene drift is a term of science which encapsulates the eukaryotic",CosineGECO,5,0.001,gene drift definition biology,msmarco-passage/train,ielabgroup/vec2text_gtr-base-st_corrector
42,Genes altered by chromosome translocations,"used in the field of gene cloning, a gene (a gene with a mutated chromosome) is used for",CosineGECO,5,0.001,gene cloning is used for what,msmarco-passage/train,ielabgroup/vec2text_gtr-base-st_corrector
42,Genes altered by chromosome translocations,"definition of gene expression, a cell-organic cytosis of a disease, or a nucleotide expression of genes",CosineGECO,5,0.001,definition of gene expression,msmarco-passage/train,ielabgroup/vec2text_gtr-base-st_corrector
42,Genes altered by chromosome translocations,"chromosome, and the chromosome of cystic fibrosis (CF) affect cystic fibrosis",CosineGECO,5,0.001,what chromosome affects cystic fibrosis,msmarco-passage/train,ielabgroup/vec2text_gtr-base-st_corrector
42,Genes altered by chromosome translocations,"foods known as genetically modified foods, such as wheat, acorns, acorns, and a basil, are eat",CosineGECO,5,0.001,what are genetically modified foods,msmarco-passage/train,ielabgroup/vec2text_gtr-base-st_corrector
42,Genes altered by chromosome translocations,"specific sequences that can move between and within chromosomes, chromosomes containing dna and DNA, are called",CosineGECO,5,0.001,specific dna sequences that can move within and between chromosomes are called,msmarco-passage/train,ielabgroup/vec2text_gtr-base-st_corrector
42,Genes altered by chromosome translocations,"which can selectively enhance the growth and proliferation of a cell, can mutate cells and cause a broad range of changes in the cells.",CosineGECO,5,0.001,_____ can selectively enhance the growth and proliferation of mutated cells.,msmarco-passage/train,ielabgroup/vec2text_gtr-base-st_corrector
42,Genes altered by chromosome translocations,"(ILM1). During skin cancer, the gene that is affected is sarcomaspinosis, which plays an important role",CosineGECO,5,0.001,what gene is affected during skin cancer,msmarco-passage/train,ielabgroup/vec2text_gtr-base-st_corrector
42,Genes altered by chromosome translocations,"are chromosomes and chromosome dnaphreys found in different types of cells, and DNA in cells",CosineGECO,5,0.001,are dna and chromosomes found in different types of cells,msmarco-passage/train,ielabgroup/vec2text_gtr-base-st_corrector
42,Genes altered by chromosome translocations,chromosome XXL1 is the gene COL1A in the human chromosome XXL1 (Se,CosineGECO,5,0.001,which chromosome is the gene COL1A1 in,msmarco-passage/train,ielabgroup/vec2text_gtr-base-st_corrector
43,Sleeping Beauty,"a sleep apnea, an overbite can cause sleep apnea and/or occlusal",CosineGECO,5,0.001,can an overbite cause sleep apnea,msmarco-passage/train,ielabgroup/vec2text_gtr-base-st_corrector
43,Sleeping Beauty,"""Fairy Tale"" is a fairy tale of the magical world of",CosineGECO,5,0.001,what is fairy tale,msmarco-passage/train,ielabgroup/vec2text_gtr-base-st_corrector
43,Sleeping Beauty,"a specialist who can get a sleep study, a neo-aesophagus type of sleep study can be done",CosineGECO,5,0.001,what type of specialist can you see to get a sleep study,msmarco-passage/train,ielabgroup/vec2text_gtr-base-st_corrector
43,Sleeping Beauty,"who is the mule princess in Disney's ""Disney's Xmas & Dragon Ball"", is Mulan (Marjan",CosineGECO,5,0.001,what disney princess is in mulan,msmarco-passage/train,ielabgroup/vec2text_gtr-base-st_corrector
43,Sleeping Beauty,"by Georges López-Baennin and by E. E. Skadwig, is the author of fairy tales",CosineGECO,5,0.001,who is the author of fairy tales,msmarco-passage/train,ielabgroup/vec2text_gtr-base-st_corrector
43,Sleeping Beauty,"based on the type of marijuana used, linolean adrenolean adrenole is best for",CosineGECO,5,0.001,what type of marijuana is best for sleep,msmarco-passage/train,ielabgroup/vec2text_gtr-base-st_corrector
43,Sleeping Beauty,"at a function of sleep, sleep is purpose-full and serves a role in how the brain functions and how it can lead to hopelessness",CosineGECO,5,0.001,how is sleep purposeful,msmarco-passage/train,ielabgroup/vec2text_gtr-base-st_corrector
43,Sleeping Beauty,"when you are asleep or asleep while you're sleeping, your body apnea, your heart, or your lungs stop breathing,",CosineGECO,5,0.001,when you stop breathing while sleeping,msmarco-passage/train,ielabgroup/vec2text_gtr-base-st_corrector
43,Sleeping Beauty,Apply a hair conditioner overnight and rehydrate your curly hair in a warm position and your hair will be relaxed overnight with a ray,CosineGECO,5,0.001,how to get relaxed hair curly overnight,msmarco-passage/train,ielabgroup/vec2text_gtr-base-st_corrector
43,Sleeping Beauty,a list of Disney classic movies (Disney classics         Lione,CosineGECO,5,0.001,list of disney classic movies,msmarco-passage/train,ielabgroup/vec2text_gtr-base-st_corrector
44,Proteins involved in the nerve growth factor pathway,"proteins that carry out DNA replication, such as a recombinant kinase bind to the elastoprotein",CosineGECO,5,0.001,what are the proteins that carry out dna replication,msmarco-passage/train,ielabgroup/vec2text_gtr-base-st_corrector
44,Proteins involved in the nerve growth factor pathway,"to learn more about how nerve innervation works, it is a simple translation of a number of nerves into the cyst",CosineGECO,5,0.001,how does nerve innervation work,msmarco-passage/train,ielabgroup/vec2text_gtr-base-st_corrector
44,Proteins involved in the nerve growth factor pathway,"a list of examples of proteins, such as a cleavage of acorns and nitrogen, are examples of protein",CosineGECO,5,0.001,what are examples of protein,msmarco-passage/train,ielabgroup/vec2text_gtr-base-st_corrector
44,Proteins involved in the nerve growth factor pathway,Embedded protein  (abbreviated embedded protein) is a protein that is a protein that is a searchable protein,CosineGECO,5,0.001,what is embedded protein,msmarco-passage/train,ielabgroup/vec2text_gtr-base-st_corrector
44,Proteins involved in the nerve growth factor pathway,"nerves are made of a mixture of glucagon and elastose (antibodies), and the remaining nerves made",CosineGECO,5,0.001,what are nerves made of,msmarco-passage/train,ielabgroup/vec2text_gtr-base-st_corrector
44,Proteins involved in the nerve growth factor pathway,"each muscle fiber is innervated by a muscle articulate and corresponding to , about two to three hundred motor neurons are innervated",CosineGECO,5,0.001,each muscle fiber is innervated by how many motor neurons,msmarco-passage/train,ielabgroup/vec2text_gtr-base-st_corrector
44,Proteins involved in the nerve growth factor pathway,"release of a hormone, namely glucamotism. The release of the epithelium and insulin stimulates the release of growth",CosineGECO,5,0.001,what stimulates the release of growth hormone,msmarco-passage/train,ielabgroup/vec2text_gtr-base-st_corrector
44,Proteins involved in the nerve growth factor pathway,inhibit hair growth naturally by consuming a variety of neo-phleboietic drugs. Natural hair growth decreases,CosineGECO,5,0.001,inhibit hair growth naturally,msmarco-passage/train,ielabgroup/vec2text_gtr-base-st_corrector
44,Proteins involved in the nerve growth factor pathway,"is protein helps muscle growth, i.e., it helps young squats, muscle mutilations, and protein helps obesity",CosineGECO,5,0.001,does protein help muscle growth,msmarco-passage/train,ielabgroup/vec2text_gtr-base-st_corrector
44,Proteins involved in the nerve growth factor pathway,"conditions are what are required for growth of pathogenic organisms: i.e., high levels of pathogenicity or presence of bacterial infections",CosineGECO,5,0.001,what conditions are required for growth of pathogenic organisms,msmarco-passage/train,ielabgroup/vec2text_gtr-base-st_corrector
45,Mental Health Wellness-1,service address of the FemHealth business address of 12550 Fife Avenue. The business address is located on a sexism,CosineGECO,5,0.001,femhealth business address,msmarco-passage/train,ielabgroup/vec2text_gtr-base-st_corrector
45,Mental Health Wellness-1,"definition of clinical mental health counseling, i.e., clinical health counseling, is a clinical-discipline therapy and counseling program",CosineGECO,5,0.001,clinical mental health counseling definition,msmarco-passage/train,ielabgroup/vec2text_gtr-base-st_corrector
45,Mental Health Wellness-1,"by using a dose of pseudo-acquired, prazosin is used in mental health and as therapy",CosineGECO,5,0.001,how is prazosin used for mental health,msmarco-passage/train,ielabgroup/vec2text_gtr-base-st_corrector
45,Mental Health Wellness-1,"who determines children's mental disorders, a doctor (e.g. a psychiatrist or medical doctor) may guide",CosineGECO,5,0.001,what type of doctor determines children mental disorders,msmarco-passage/train,ielabgroup/vec2text_gtr-base-st_corrector
45,Mental Health Wellness-1,"of mental health care and a care of those who are in a mental hospital or with a mental illness, inpatient sanction care",CosineGECO,5,0.001,what is mental health inpatient care,msmarco-passage/train,ielabgroup/vec2text_gtr-base-st_corrector
45,Mental Health Wellness-1,"what is the purpose of planning and thinking in health care marketing organizations — planning, marketing, and delivering a vision to increase health care expectations.",CosineGECO,5,0.001,what is the purpose of marketing thinking and planning in health care organizations?,msmarco-passage/train,ielabgroup/vec2text_gtr-base-st_corrector
45,Mental Health Wellness-1,welcome to a healthy lifestyle. Welcome to a healthy lifestyle is a series of weeks of healthy eating and exercise to help balance nutrition and body health,CosineGECO,5,0.001,welcome to healthy lifestyle,msmarco-passage/train,ielabgroup/vec2text_gtr-base-st_corrector
45,Mental Health Wellness-1,the difference between a person's psychiatric illness and a mental illness are disability and psychiatric ill health,CosineGECO,5,0.001,difference between mental illness and psychiatric disability,msmarco-passage/train,ielabgroup/vec2text_gtr-base-st_corrector
45,Mental Health Wellness-1,"if hra insurance is linked to good health, it is possible that hra can corroborate behaviors and health-related issues",CosineGECO,5,0.001,can insurance hra be linked to good health behaviors,msmarco-passage/train,ielabgroup/vec2text_gtr-base-st_corrector
45,Mental Health Wellness-1,"pay a benefit of tax credit, a medical credit, or a medical credit, (Medicare Benefit Credit, Medical Benefit & Medical Services",CosineGECO,5,0.001,benefit medical credit,msmarco-passage/train,ielabgroup/vec2text_gtr-base-st_corrector
46,RSK2,examples of prepositional phrases in K2,CosineGECO,5,0.001,examples of prepositional phrases ks2,msmarco-passage/train,ielabgroup/vec2text_gtr-base-st_corrector
46,RSK2,"stand for a year in the field of kodniks. Msk stands for ""Mississipation Software",CosineGECO,5,0.001,what does msk stand for,msmarco-passage/train,ielabgroup/vec2text_gtr-base-st_corrector
46,RSK2,skeinplay skeinplay is a skein-and-plug game that is a playable activity at the Knive,CosineGECO,5,0.001,what is skeinplay,msmarco-passage/train,ielabgroup/vec2text_gtr-base-st_corrector
46,RSK2,"a color emb on a small surface, RGB is bigger CMYK and CMYK is bigger on a",CosineGECO,5,0.001,which is bigger cmyk or rgb,msmarco-passage/train,ielabgroup/vec2text_gtr-base-st_corrector
46,RSK2,"“What to say, I work for a week and I can say a lot about my job and my disability,” as a two-week",CosineGECO,5,0.001,what to say on a two week notice,msmarco-passage/train,ielabgroup/vec2text_gtr-base-st_corrector
46,RSK2,"was the prequel/prequel to the movie ""The Sky Captain & the World of Tomorrow"" and its sequel """" had a sequel,",CosineGECO,5,0.001,did the movie sky captain and the world of tomorrow have a sequel or prequel,msmarco-passage/train,ielabgroup/vec2text_gtr-base-st_corrector
46,RSK2,"rsc (members) benefits. Member benefits include a free rediscount, life savings, a 10% member benefit, a",CosineGECO,5,0.001,rsc member benefits,msmarco-passage/train,ielabgroup/vec2text_gtr-base-st_corrector
46,RSK2,KS2 are noun phrases (,CosineGECO,5,0.001,what are noun phrases ks2,msmarco-passage/train,ielabgroup/vec2text_gtr-base-st_corrector
46,RSK2,a rojak is a rakojne rajevskie of the Dalmatia.,CosineGECO,5,0.001,what is a rojak,msmarco-passage/train,ielabgroup/vec2text_gtr-base-st_corrector
46,RSK2,"when the life comes out, Life Season Two is slated to come out in the middle of March 2019 and a season two will be released on November",CosineGECO,5,0.001,when does the life season two come out,msmarco-passage/train,ielabgroup/vec2text_gtr-base-st_corrector
47,Human gene BCL-2 antagonists and inhibitors,"a well-known organic compound, antibodies serve organic molecules. In addition to delivering ATP, antibodies also serve as a metabolite",CosineGECO,5,0.001,which organic compound serves antibodies,msmarco-passage/train,ielabgroup/vec2text_gtr-base-st_corrector
47,Human gene BCL-2 antagonists and inhibitors,"-antibodies, -adducts and -adducts, antibodies are nonspecific defenses and can",CosineGECO,5,0.001,are antibodies nonspecific defenses,msmarco-passage/train,ielabgroup/vec2text_gtr-base-st_corrector
47,Human gene BCL-2 antagonists and inhibitors,"Gluconeogenesis, glucosepsin and angiotensin are the two molecules that participate in glugenesis",CosineGECO,5,0.001,what are two molecules that participate in gluconeogenesis,msmarco-passage/train,ielabgroup/vec2text_gtr-base-st_corrector
47,Human gene BCL-2 antagonists and inhibitors,a human disease caused by a human bacteriorephrenia bifida and other illnesses caused by bacter,CosineGECO,5,0.001,human disease caused by a bacterium,msmarco-passage/train,ielabgroup/vec2text_gtr-base-st_corrector
47,Human gene BCL-2 antagonists and inhibitors,"The gene for Canavan disease is a melanoma that causes CAN syndrome, a form of corvody and vit",CosineGECO,5,0.001,what gene causes canavan disease,msmarco-passage/train,ielabgroup/vec2text_gtr-base-st_corrector
47,Human gene BCL-2 antagonists and inhibitors,"chromosome, the chromosome on which the Gba gene is chromosome 4 (4 g",CosineGECO,5,0.001,what chromosome is that gba gene,msmarco-passage/train,ielabgroup/vec2text_gtr-base-st_corrector
47,Human gene BCL-2 antagonists and inhibitors,"is minivelle bioidentical. As a result, it is a bioidentical arrangement of both mAb and mAb",CosineGECO,5,0.001,is minivelle bioidentical,msmarco-passage/train,ielabgroup/vec2text_gtr-base-st_corrector
47,Human gene BCL-2 antagonists and inhibitors,"is antineoplastic agent causes a decrease in platelet-suggestion, but it is not clear whether it causes decreased platelet sizes",CosineGECO,5,0.001,does antineoplastic agent cause decrease in platelets,msmarco-passage/train,ielabgroup/vec2text_gtr-base-st_corrector
47,Human gene BCL-2 antagonists and inhibitors,"as much as 2.5 g of salt is inhibitory to bacteria, but this is based on the bacterial stomatal inflammatory process",CosineGECO,5,0.001,how much salt is inhibitory to bacteria,msmarco-passage/train,ielabgroup/vec2text_gtr-base-st_corrector
47,Human gene BCL-2 antagonists and inhibitors,"of the recurring sequences of Gabrielle Riemann (who was the antagonist in ""The Matrix"") and Luca Abramov",CosineGECO,5,0.001,who was the antagonist in the matrix,msmarco-passage/train,ielabgroup/vec2text_gtr-base-st_corrector
48,Human homologues of C. elegans UNC genes,"homozygous brc2 mutation, a similar phenotype is present and a subsequent mutation of bRCA1a2 homo",CosineGECO,5,0.001,homozygous brca2 mutation,msmarco-passage/train,ielabgroup/vec2text_gtr-base-st_corrector
48,Human homologues of C. elegans UNC genes,examples of a gene (e.g. 1 and a1,CosineGECO,5,0.001,examples of a recessive gene,msmarco-passage/train,ielabgroup/vec2text_gtr-base-st_corrector
48,Human homologues of C. elegans UNC genes,(cells did not re-occur in a molecular DNA) the four principles of genetics that Mendel discovered and later discovered,CosineGECO,5,0.001,list the four basic principles of genetics that mendel discovered,msmarco-passage/train,ielabgroup/vec2text_gtr-base-st_corrector
48,Human homologues of C. elegans UNC genes,"autoimmune conditions, one is Lunis and Kerron's amputation, which are the genetic conditions of autoimmune epilepsy.",CosineGECO,5,0.001,which autoimmune conditions are genetic?,msmarco-passage/train,ielabgroup/vec2text_gtr-base-st_corrector
48,Human homologues of C. elegans UNC genes,", liver echotexture heterogen",CosineGECO,5,0.001,what is heterogeneity of the liver echotexture,msmarco-passage/train,ielabgroup/vec2text_gtr-base-st_corrector
48,Human homologues of C. elegans UNC genes,difference between a genus and a genus of australopithecus (australopithecus hobonius,CosineGECO,5,0.001,difference between australopithecus and genus homo,msmarco-passage/train,ielabgroup/vec2text_gtr-base-st_corrector
48,Human homologues of C. elegans UNC genes,blood-symbol homocysteine test. The test is a laboratory test for a number of osmokin,CosineGECO,5,0.001,homocysteine blood test,msmarco-passage/train,ielabgroup/vec2text_gtr-base-st_corrector
48,Human homologues of C. elegans UNC genes,genetic changes are,CosineGECO,5,0.001,genetic changes are called,msmarco-passage/train,ielabgroup/vec2text_gtr-base-st_corrector
48,Human homologues of C. elegans UNC genes,"are no details on what a function each gene has. Each human gene has a function, as well as a regrowth-sus",CosineGECO,5,0.001,do each human gene have a function?,msmarco-passage/train,ielabgroup/vec2text_gtr-base-st_corrector
48,Human homologues of C. elegans UNC genes,"done research on the HBB gene and in a short period of time completed research on the HBB gene (Bathcart syndrome,",CosineGECO,5,0.001,research done HBB gene,msmarco-passage/train,ielabgroup/vec2text_gtr-base-st_corrector
49,Glyphosate tolerance gene sequence,GGT is used to take up Hydrogenated Carcinogen and Hydrogenated Carbon Monoxide. This technology helps people reduce the effects of cars,CosineGECO,5,0.001,what is GGT used for,msmarco-passage/train,ielabgroup/vec2text_gtr-base-st_corrector
49,Glyphosate tolerance gene sequence,"Using a chemical test, phosgene detects phosgene, especially those that are exposed to steam or contaminated layers",CosineGECO,5,0.001,what detects phosgene,msmarco-passage/train,ielabgroup/vec2text_gtr-base-st_corrector
49,Glyphosate tolerance gene sequence,"(-molecule) of glycolysis (glycinoethanol), is reduced (-glycinoethanol) by glycolysis",CosineGECO,5,0.001,what molecule is reduced in glycolysis,msmarco-passage/train,ielabgroup/vec2text_gtr-base-st_corrector
49,Glyphosate tolerance gene sequence,Prophage dnase Prophage is a drug-based metabolite of the human ectamin,CosineGECO,5,0.001,what is prophage dna,msmarco-passage/train,ielabgroup/vec2text_gtr-base-st_corrector
49,Glyphosate tolerance gene sequence,a gene known as the thalassemia gene (which has mitochondria and T-cell synthesis inhibitors) is responsible for tha,CosineGECO,5,0.001,what gene is responsible for thalassemia,msmarco-passage/train,ielabgroup/vec2text_gtr-base-st_corrector
49,Glyphosate tolerance gene sequence,plate reader RNA adnea concentration and adnea concentration and adnea concentration of DNA,CosineGECO,5,0.001,plate reader dna rna concentration,msmarco-passage/train,ielabgroup/vec2text_gtr-base-st_corrector
49,Glyphosate tolerance gene sequence,definition of aerolerance Aerolerance (,CosineGECO,5,0.001,definition of aerotolerance,msmarco-passage/train,ielabgroup/vec2text_gtr-base-st_corrector
49,Glyphosate tolerance gene sequence,GSH gene is a gene of the human genus GSH and is a combination gene with a post-serotonu,CosineGECO,5,0.001,what is GSH gene,msmarco-passage/train,ielabgroup/vec2text_gtr-base-st_corrector
49,Glyphosate tolerance gene sequence,The atm gene is an acetylcholine plasmid transforming genetics (also known as the AT gene) which,CosineGECO,5,0.001,what is the atm gene,msmarco-passage/train,ielabgroup/vec2text_gtr-base-st_corrector
49,Glyphosate tolerance gene sequence,Gabriel phthalimide reaction is a reaction of 1:1 reaction of talimide and thylenolethane with water,CosineGECO,5,0.001,what is gabriel phthalimide reaction,msmarco-passage/train,ielabgroup/vec2text_gtr-base-st_corrector
50,Low temperature protein expression in E. coli,low lymphocytes and -monocytes in a child and -lbhyocytes and -monocyte,CosineGECO,5,0.001,low lymphocytes & monocytes in a child,msmarco-passage/train,ielabgroup/vec2text_gtr-base-st_corrector
50,Low temperature protein expression in E. coli,"it means that a bacterium takes on a nutrient and hydrolyses esculin, which is the emuls",CosineGECO,5,0.001,what it means that a bacteria hydrolyses esculin,msmarco-passage/train,ielabgroup/vec2text_gtr-base-st_corrector
50,Low temperature protein expression in E. coli,"In the cytoskeleton of E. coli, the function of DNA polymerase III is to answer . DNA polymerase A",CosineGECO,5,0.001,"In E. coli, what is the function of DNA polymerase III answer",msmarco-passage/train,ielabgroup/vec2text_gtr-base-st_corrector
50,Low temperature protein expression in E. coli,"which has the lowest electromagnetic radiation – e.g., low-frequency radiation and low-power telescopic radiation have the smallest",CosineGECO,5,0.001,which has the lowest electromagnetic radiation,msmarco-passage/train,ielabgroup/vec2text_gtr-base-st_corrector
50,Low temperature protein expression in E. coli,"the different mechanisms by which proteinuria arises and the mechanisms by which it is a protein such as euthanosis, L",CosineGECO,5,0.001,what are the different mechanisms by which proteinuria arises,msmarco-passage/train,ielabgroup/vec2text_gtr-base-st_corrector
50,Low temperature protein expression in E. coli,"70 °C (113 °F) should be used when slow cooking meat, or tinitoed meat or chicken",CosineGECO,5,0.001,what temperature should be used for slow cooking meat,msmarco-passage/train,ielabgroup/vec2text_gtr-base-st_corrector
50,Low temperature protein expression in E. coli,", , , , , , Escherichia coli has endospores and no endosever",CosineGECO,5,0.001,does escherichia coli have endospores,msmarco-passage/train,ielabgroup/vec2text_gtr-base-st_corrector
50,Low temperature protein expression in E. coli,"Temps at 80 °F (200 °C to 128 °F) kill bacteria, as well as lower the bacterial population",CosineGECO,5,0.001,what temp kills bacteria,msmarco-passage/train,ielabgroup/vec2text_gtr-base-st_corrector
50,Low temperature protein expression in E. coli,"a minimum temperature food should be held at - 0.3 cc, or a minimum of - TScs. When held",CosineGECO,5,0.001,at what minimum temperature should tcs food be held,msmarco-passage/train,ielabgroup/vec2text_gtr-base-st_corrector
50,Low temperature protein expression in E. coli,"temperature effect cellular respiration (e.g., apnea, ATP, 95C) on the response to cellular",CosineGECO,5,0.001,temperature effect on cellular respiration,msmarco-passage/train,ielabgroup/vec2text_gtr-base-st_corrector
