query_id,text,obfuscatedText,mechanism,epsilon,top_percentile,pivot_query,pool,corrector_model
1,Ferroportin-1 in humans,"of apoptosis (many ancestors are identified) is the oldest known human disease in humans, occurring between 1400 and",CosineGECO,15,0.001,what is the oldest known disease among human,msmarco-passage/train,ielabgroup/vec2text_gtr-base-st_corrector
1,Ferroportin-1 in humans,"a fanconi syndrome (fanconi syndrome, pronounced femoral dextrophy or a high level of pain and injury",CosineGECO,15,0.001,fanconi syndrome,msmarco-passage/train,ielabgroup/vec2text_gtr-base-st_corrector
1,Ferroportin-1 in humans,"bacterial translocation in humans, a process of mtDNA translocation in humans and in humans, arachnia and",CosineGECO,15,0.001,bacterial translocation in humans,msmarco-passage/train,ielabgroup/vec2text_gtr-base-st_corrector
1,Ferroportin-1 in humans,"a vitamin, v-glutaminose (V-glutaminose), affects warfarin. It affect",CosineGECO,15,0.001,what vitamin does warfarin affect,msmarco-passage/train,ielabgroup/vec2text_gtr-base-st_corrector
1,Ferroportin-1 in humans,symptoms of strongyloides in humans. These symptoms are followed by symptoms of obstructive syncytis (in humans,CosineGECO,15,0.001,symptoms of strongyloides in humans,msmarco-passage/train,ielabgroup/vec2text_gtr-base-st_corrector
1,Ferroportin-1 in humans,"In Flutistasor, florastor is a high quality eugene and fungi. It contains thousands of toxins",CosineGECO,15,0.001,what is in florastor,msmarco-passage/train,ielabgroup/vec2text_gtr-base-st_corrector
1,Ferroportin-1 in humans,"is butazolidin still approved for human use by the FDA and, as of 2017, has been approved for use as a human fad",CosineGECO,15,0.001,is butazolidin still approved by fda for human use,msmarco-passage/train,ielabgroup/vec2text_gtr-base-st_corrector
1,Ferroportin-1 in humans,"if using ferrous sulfate to treat squamous stool, ferrous sulfate changes color of stool",CosineGECO,15,0.001,does ferrous sulfate change stool color,msmarco-passage/train,ielabgroup/vec2text_gtr-base-st_corrector
1,Ferroportin-1 in humans,"a normal dosage of a given amount of muscle, flexeril is a dosage of 450 mg/dosing of",CosineGECO,15,0.001,what is the normal dosage of flexeril,msmarco-passage/train,ielabgroup/vec2text_gtr-base-st_corrector
1,Ferroportin-1 in humans,"a time when a teenager is low in ketamine and fetus, it is normal for a teenager to be low-",CosineGECO,15,0.001,is it normal for a teenager to be low on ferritin,msmarco-passage/train,ielabgroup/vec2text_gtr-base-st_corrector
2,Generating transgenic mice,what is a possible phenotype if recessive phenotypes (or phenotypes) could have trait,CosineGECO,15,0.001,what possible phenotypes if recessive trait,msmarco-passage/train,ielabgroup/vec2text_gtr-base-st_corrector
2,Generating transgenic mice,"which marker genes are used for selecting recombinant DNA, recombinant reatinase, or recomb",CosineGECO,15,0.001,what are the marker genes used for selecting recombinant dna,msmarco-passage/train,ielabgroup/vec2text_gtr-base-st_corrector
2,Generating transgenic mice,What happens in crossing over is the genes between the aging  the resulting and the resulting,CosineGECO,15,0.001,what happens to the genes in crossing over,msmarco-passage/train,ielabgroup/vec2text_gtr-base-st_corrector
2,Generating transgenic mice,(BMI) and teratogenic tetraalanine is the most common teratogen. It is also the most common,CosineGECO,15,0.001,what is the most common teratogen,msmarco-passage/train,ielabgroup/vec2text_gtr-base-st_corrector
2,Generating transgenic mice,which the most efficient procedure scientists can use to obtain more recombinant DNA for a specific trait or a specific phenotype.,CosineGECO,15,0.001,what is the most efficient procedure that scientists can use to obtain more recombinant dna for a particular trait?,msmarco-passage/train,ielabgroup/vec2text_gtr-base-st_corrector
2,Generating transgenic mice,1:3444444444 are how humans inherited human mitochondria,CosineGECO,15,0.001,how are human mitochondria inherited,msmarco-passage/train,ielabgroup/vec2text_gtr-base-st_corrector
2,Generating transgenic mice,"Explaining what it is that it is a transgene in biology, transgenesis is a mechanism in biology of animals and lichen",CosineGECO,15,0.001,what is transgenesis in biology,msmarco-passage/train,ielabgroup/vec2text_gtr-base-st_corrector
2,Generating transgenic mice,we use a process to mass-produce insulin. This process is based on the metabolites and glucose content of humans and diabetics,CosineGECO,15,0.001,how to we mass produce insulin,msmarco-passage/train,ielabgroup/vec2text_gtr-base-st_corrector
2,Generating transgenic mice,genetic modification of nk cells for the treatment of blood cancer (neoanatomy) or glycemic b cell,CosineGECO,15,0.001,genetic modification of nk cells for treatment of blood cancer,msmarco-passage/train,ielabgroup/vec2text_gtr-base-st_corrector
2,Generating transgenic mice,Transgenic plants (Physiosiosiosiosiosios) are plants which are transfed,CosineGECO,15,0.001,what are transgenic plants,msmarco-passage/train,ielabgroup/vec2text_gtr-base-st_corrector
3,Time course for gene expression in mouse kidney,"what many genes are involved in a monohybrid cross, i.e., 1 to 3 m and 1",CosineGECO,15,0.001,how many genes are involved in a monohybrid cross,msmarco-passage/train,ielabgroup/vec2text_gtr-base-st_corrector
3,Time course for gene expression in mouse kidney,age. Using a munitions harvesting device Deer mice age (Madden deer ages) 17 to 34 years old,CosineGECO,15,0.001,deer mice age,msmarco-passage/train,ielabgroup/vec2text_gtr-base-st_corrector
3,Time course for gene expression in mouse kidney,"in the central theory of gene expression, the process is the process of describing and examining the etiology of the gene and its states",CosineGECO,15,0.001,in the central theory of gene expression what is the process,msmarco-passage/train,ielabgroup/vec2text_gtr-base-st_corrector
3,Time course for gene expression in mouse kidney,"in expression of genes, enhancers (selective emulsifiers and emulsifiers) enhance gene expression,",CosineGECO,15,0.001,what do enhancers do in gene expression,msmarco-passage/train,ielabgroup/vec2text_gtr-base-st_corrector
3,Time course for gene expression in mouse kidney,"24 hours after bacteriemia in the kidneys, and the kidneys are expected to take a month to a year for complete recovery.",CosineGECO,15,0.001,how long does it take for kidneys to recover after bacteremia?,msmarco-passage/train,ielabgroup/vec2text_gtr-base-st_corrector
3,Time course for gene expression in mouse kidney,is sertraquel sulfated by the kidneys and that sedative spleen oxytocin is excreted,CosineGECO,15,0.001,is seroquel excreted by the kidneys,msmarco-passage/train,ielabgroup/vec2text_gtr-base-st_corrector
3,Time course for gene expression in mouse kidney,"by ectoplasm, lipids, and exogenous gasses, eukaryotic fluids regulate gene expression. Expression",CosineGECO,15,0.001,what regulates gene expression,msmarco-passage/train,ielabgroup/vec2text_gtr-base-st_corrector
3,Time course for gene expression in mouse kidney,0.5 mg penicillin dose for mice and other animals such as pseudo-caesium and drabena,CosineGECO,15,0.001,penicillin dose for mice,msmarco-passage/train,ielabgroup/vec2text_gtr-base-st_corrector
3,Time course for gene expression in mouse kidney,"thousands of tiny microparticles. The kidneys contain thousands of tiny ring-forming units called Filerings or Fenes, called",CosineGECO,15,0.001,The kidneys contains millions of tiny filering units called,msmarco-passage/train,ielabgroup/vec2text_gtr-base-st_corrector
3,Time course for gene expression in mouse kidney,a dog can live as long as 3.5 to 4.5 years on a stage 2 kidney failure diagnosis or a stage 2 kidney failure pathology,CosineGECO,15,0.001,how long can a dog live with stage 2 kidney failure,msmarco-passage/train,ielabgroup/vec2text_gtr-base-st_corrector
4,Gene expression profiles for kidney in mice,the mice may suffer as a result of using a reagent. The pain and suffering caused by D con for mice depends on whether Mouse,CosineGECO,15,0.001,does d con cause mice to suffer,msmarco-passage/train,ielabgroup/vec2text_gtr-base-st_corrector
4,Gene expression profiles for kidney in mice,effect of metformin on the kidneys of people with a thrombosis and a risk of opiates. Metformin,CosineGECO,15,0.001,effect of metformin on kidneys,msmarco-passage/train,ielabgroup/vec2text_gtr-base-st_corrector
4,Gene expression profiles for kidney in mice,"e.g., urethra and nephron, Kidney disease screening is a test of the information of disease",CosineGECO,15,0.001,what is kidney disease screen,msmarco-passage/train,ielabgroup/vec2text_gtr-base-st_corrector
4,Gene expression profiles for kidney in mice,"(a steroid, a blood pyelium) is the nickname for the kidney, and it is also known as the Kid",CosineGECO,15,0.001,what is a nickname for the kidney,msmarco-passage/train,ielabgroup/vec2text_gtr-base-st_corrector
4,Gene expression profiles for kidney in mice,"a function of a gene, it is a normal function of the gene to: e.g., amplify the bias",CosineGECO,15,0.001,the normal function of a gene is to __________.,msmarco-passage/train,ielabgroup/vec2text_gtr-base-st_corrector
4,Gene expression profiles for kidney in mice,"types of tests used to perform a simple amputation of the kidneys in dogs, and kidney based tests performed on a dog with kidney",CosineGECO,15,0.001,types of tests done on dogs kidneys,msmarco-passage/train,ielabgroup/vec2text_gtr-base-st_corrector
4,Gene expression profiles for kidney in mice,senescence is regulated genetically by enzymae and cellular nutrients. This senescence is,CosineGECO,15,0.001,senescence is regulated genetically,msmarco-passage/train,ielabgroup/vec2text_gtr-base-st_corrector
4,Gene expression profiles for kidney in mice,(resistance of a gene or a gene -loop -linus) modification of expression of defined genes,CosineGECO,15,0.001,define modification of gene expression,msmarco-passage/train,ielabgroup/vec2text_gtr-base-st_corrector
4,Gene expression profiles for kidney in mice,"under circumstances where genes can unlink genes. Typically, it is when a person is unable to separate genes from an ill-fated",CosineGECO,15,0.001,what circumstances can unlink genes,msmarco-passage/train,ielabgroup/vec2text_gtr-base-st_corrector
4,Gene expression profiles for kidney in mice,"which physiologic process is performed by the kidneys, contributes to increasing blood pressure and thereby lowering the amount of blood in the body.",CosineGECO,15,0.001,which physiologic process is performed by the kidneys and contributes to increased blood pressure?,msmarco-passage/train,ielabgroup/vec2text_gtr-base-st_corrector
5,Protocols for isolating cell nuclei,an antinuclear antibody (Anti-nuclear antibody or Anti-nucleotide adenosine),CosineGECO,15,0.001,what is an antinuclear antibody,msmarco-passage/train,ielabgroup/vec2text_gtr-base-st_corrector
5,Protocols for isolating cell nuclei,"to implement itil. Using itil you can implement it in .NET. Objects and class information such as INSERT,",CosineGECO,15,0.001,how to implement itil,msmarco-passage/train,ielabgroup/vec2text_gtr-base-st_corrector
5,Protocols for isolating cell nuclei,AP bio-cell signaling by AP immune cell signaling. This signaling is a function of the adenosine receptor,CosineGECO,15,0.001,ap bio immune cell signaling,msmarco-passage/train,ielabgroup/vec2text_gtr-base-st_corrector
5,Protocols for isolating cell nuclei,The purpose of phoneme isolation (a.k.a. -isolation) is to ensure the interactivity of phonophone,CosineGECO,15,0.001,what is the purpose of phoneme isolation,msmarco-passage/train,ielabgroup/vec2text_gtr-base-st_corrector
5,Protocols for isolating cell nuclei,"define standard treatment protocols. This is a standard treatment protocol for treatment of a substance (bacteria, a diagnosis, treatment, hospital treatment",CosineGECO,15,0.001,define standard treatment protocols,msmarco-passage/train,ielabgroup/vec2text_gtr-base-st_corrector
5,Protocols for isolating cell nuclei,"a given number of medical technologists, a nuclear medicine department will need approximately three nuclear medicine technologists and a medical technologists to be",CosineGECO,15,0.001,how many nuclear medicine technologists does a nuclear medicine department need,msmarco-passage/train,ielabgroup/vec2text_gtr-base-st_corrector
5,Protocols for isolating cell nuclei,which is true of the electron shielding of nuclear core electrons is because electron shielding is a specific charge transfer between charge ions and charge,CosineGECO,15,0.001,which is true of electron shielding of nuclear charge core electrons specifically shield,msmarco-passage/train,ielabgroup/vec2text_gtr-base-st_corrector
5,Protocols for isolating cell nuclei,devices below the hook lifting standards is a final model supported by the US Federal Occupational Safety and Health Administration nuclear hook lifting device (NOHSAC),CosineGECO,15,0.001,nuclear below the hook lifting device standards,msmarco-passage/train,ielabgroup/vec2text_gtr-base-st_corrector
5,Protocols for isolating cell nuclei,"protocol of the nascent steroid, the standard treatment protocol for treatment of prostate cancer is symbiosis followed by",CosineGECO,15,0.001,what is the standard treatment protocol for prostate cancer,msmarco-passage/train,ielabgroup/vec2text_gtr-base-st_corrector
5,Protocols for isolating cell nuclei,write a simple protocol. This is based on a simple example of a simple protocol: .os__fol.,CosineGECO,15,0.001,how to write a simple protocol,msmarco-passage/train,ielabgroup/vec2text_gtr-base-st_corrector
6,FancD2,the funx is a funocarcino-muscarinic syringe kinase. It is an active drug,CosineGECO,15,0.001,what is the funx,msmarco-passage/train,ielabgroup/vec2text_gtr-base-st_corrector
6,FancD2,"on January 31, 2015 for the iWatch 2 iWatch 2 and is slated to come out in the upcoming year while Christian Isher",CosineGECO,15,0.001,when is the iwatch 2 coming out,msmarco-passage/train,ielabgroup/vec2text_gtr-base-st_corrector
6,FancD2,"dBf 70% discount (sale only $1.95 a day), dBf converter (free for 65% on a",CosineGECO,15,0.001,dbf converter 70% off,msmarco-passage/train,ielabgroup/vec2text_gtr-base-st_corrector
6,FancD2,. Double coursing is a form of harnessed stress training that is used to train and guide dogs and kanyuas,CosineGECO,15,0.001,what is double coursing,msmarco-passage/train,ielabgroup/vec2text_gtr-base-st_corrector
6,FancD2,"registration for verified fans is scheduled to be on January 24, 2019 when the official fan mailing list of the Cursed Child fan club is launched by e-",CosineGECO,15,0.001,when is the verified fan registration for cursed child,msmarco-passage/train,ielabgroup/vec2text_gtr-base-st_corrector
6,FancD2,The fdd The fdd (FdD) is a food dynamite and a regulated assembly of banks,CosineGECO,15,0.001,what is the fdd,msmarco-passage/train,ielabgroup/vec2text_gtr-base-st_corrector
6,FancD2,date of death umberto ii umberto ii ii,CosineGECO,15,0.001,date of death umberto ii,msmarco-passage/train,ielabgroup/vec2text_gtr-base-st_corrector
6,FancD2,Stars ii contract is,CosineGECO,15,0.001,stars ii contract number,msmarco-passage/train,ielabgroup/vec2text_gtr-base-st_corrector
6,FancD2,in Xinjiang          is where k2,CosineGECO,15,0.001,where in xinjiang china is k2,msmarco-passage/train,ielabgroup/vec2text_gtr-base-st_corrector
6,FancD2,PF2 beta langiospinaldin Prostaglandin beta is a uridine or a prodroman urine,CosineGECO,15,0.001,what is a beta prostaglandin f2 alpha urine,msmarco-passage/train,ielabgroup/vec2text_gtr-base-st_corrector
7,DNA repair and oxidative stress,"what they can do, stress can do a great deal to affect those who are undergoing brain diseases such as headaches and anxiety, and can",CosineGECO,15,0.001,what can stress do,msmarco-passage/train,ielabgroup/vec2text_gtr-base-st_corrector
7,DNA repair and oxidative stress,"a pictogram is used for a oxidizing agent, beginning with 121 and 12",CosineGECO,15,0.001,what pictogram is used for an oxidizing agent,msmarco-passage/train,ielabgroup/vec2text_gtr-base-st_corrector
7,DNA repair and oxidative stress,"type of hypertension (hypertension, a type of cleft venosus, or a type of stressor) is associated",CosineGECO,15,0.001,what type of hypertension is associated with stress,msmarco-passage/train,ielabgroup/vec2text_gtr-base-st_corrector
7,DNA repair and oxidative stress,"nitric ad molecule starting, ad molecule replication produced, and ad molecule starting and purpose to be",CosineGECO,15,0.001,"dna replication starting molecule, molecule produced, and purpose",msmarco-passage/train,ielabgroup/vec2text_gtr-base-st_corrector
7,DNA repair and oxidative stress,"there are three forms of concentration cell corrosion, i.e. i.a. i.a. a form of mild corrosion",CosineGECO,15,0.001,what three forms of concentration cell corrosion are there,msmarco-passage/train,ielabgroup/vec2text_gtr-base-st_corrector
7,DNA repair and oxidative stress,oxidative and inflammatory stress (oxidative and neo-cystical) is a state of stress that results,CosineGECO,15,0.001,what is oxidative and inflammatory stress,msmarco-passage/train,ielabgroup/vec2text_gtr-base-st_corrector
7,DNA repair and oxidative stress,adenosine-adrenoperkinese adenosine test is a stress test performed on,CosineGECO,15,0.001,what is adenosine stress test,msmarco-passage/train,ielabgroup/vec2text_gtr-base-st_corrector
7,DNA repair and oxidative stress,"biology, e.g. mammalian biology, the okazaki fragment is a definition of a receptive break",CosineGECO,15,0.001,okazaki fragment definition biology,msmarco-passage/train,ielabgroup/vec2text_gtr-base-st_corrector
7,DNA repair and oxidative stress,"altered characteristics of an organism from one generation of plants to another over a long time, such as changes in grazing behavior of the original organisms",CosineGECO,15,0.001,altered characteristics of organisms from one generation of plants to another,msmarco-passage/train,ielabgroup/vec2text_gtr-base-st_corrector
7,DNA repair and oxidative stress,"where karyotadilabular DNA replication occurs in prokaryotic cells, and other cells continue to occur at their location",CosineGECO,15,0.001,where does dna replication occur in prokaryotic cells,msmarco-passage/train,ielabgroup/vec2text_gtr-base-st_corrector
8,Correlation between DNA repair pathways and skin cancer,"because of the changes in the body and energy of the femur, cancer causes side effects and is one of the cancers that often produce side",CosineGECO,15,0.001,why does cancer cause side effects,msmarco-passage/train,ielabgroup/vec2text_gtr-base-st_corrector
8,Correlation between DNA repair pathways and skin cancer,"cells are found in human skin and a variety of lipids (e.g., octobacillus) are found in",CosineGECO,15,0.001,what cells are found in human skin,msmarco-passage/train,ielabgroup/vec2text_gtr-base-st_corrector
8,Correlation between DNA repair pathways and skin cancer,"location of origin of DNA replication, and the location of origin of a n-DNA recombinase synapse",CosineGECO,15,0.001,origin of dna replication location,msmarco-passage/train,ielabgroup/vec2text_gtr-base-st_corrector
8,Correlation between DNA repair pathways and skin cancer,"cancer merkel cell carcinoma merkel cell carcinoma, a refractory merkel-citidotid",CosineGECO,15,0.001,cancer merkel cell carcinoma,msmarco-passage/train,ielabgroup/vec2text_gtr-base-st_corrector
8,Correlation between DNA repair pathways and skin cancer,"a cigarette overdose and ill-treatment by Bill Cimberly, caused Jim Kelley to get 'Jimmy Cancer'",CosineGECO,15,0.001,what caused jim kelly get cancer,msmarco-passage/train,ielabgroup/vec2text_gtr-base-st_corrector
8,Correlation between DNA repair pathways and skin cancer,"because obesity, along with other cancers, causes cancer as a result of its “osteosis” which “makes us healthier”",CosineGECO,15,0.001,why does obesity cause cancer,msmarco-passage/train,ielabgroup/vec2text_gtr-base-st_corrector
8,Correlation between DNA repair pathways and skin cancer,"a gap can be genetic, i.e., it is not possible to have any genetics, but it is possible to have a",CosineGECO,15,0.001,can a gap be genetic,msmarco-passage/train,ielabgroup/vec2text_gtr-base-st_corrector
8,Correlation between DNA repair pathways and skin cancer,"do chemo burn your skin and your skin, but sometimes it burns your skin to a rash, burns your skin to cancer cells",CosineGECO,15,0.001,does chemo burn your skin,msmarco-passage/train,ielabgroup/vec2text_gtr-base-st_corrector
8,Correlation between DNA repair pathways and skin cancer,"based on inherited DNA, clonal analysis, femur history, and genetics, cancer is a genetic disorder or disease",CosineGECO,15,0.001,is cancer a genetic disorder,msmarco-passage/train,ielabgroup/vec2text_gtr-base-st_corrector
8,Correlation between DNA repair pathways and skin cancer,"if a celiac disease (disease-related immune autoimmune disease) is the case, celiac can cause cancer",CosineGECO,15,0.001,can celiac disease cause cancer?,msmarco-passage/train,ielabgroup/vec2text_gtr-base-st_corrector
9,mutY,"meaning (maniferial, cyclic, tribune, mitochondrial) of the United States of America, is known as the mu",CosineGECO,15,0.001,what is the meaning of the mu,msmarco-passage/train,ielabgroup/vec2text_gtr-base-st_corrector
9,mutY,play Misty for me cast for a feisty drool and misty nability play,CosineGECO,15,0.001,play misty for me cast,msmarco-passage/train,ielabgroup/vec2text_gtr-base-st_corrector
9,mutY,mond stands for a Combined Motor Vehicle (Motorcycle) A/D. mond stands for Advanced Condition Identification (A/,CosineGECO,15,0.001,what does mond stand for,msmarco-passage/train,ielabgroup/vec2text_gtr-base-st_corrector
9,mutY,"Huffy is a fast-running, reliable online horse and dread equestrian tracker. It is known as Huffy",CosineGECO,15,0.001,what is huffy,msmarco-passage/train,ielabgroup/vec2text_gtr-base-st_corrector
9,mutY,"a definition of ruddy, a defining concept in a society and a defining attribution of a ruth",CosineGECO,15,0.001,definition ruddy,msmarco-passage/train,ielabgroup/vec2text_gtr-base-st_corrector
9,mutY,'m' stands for boots and 'm' stands for boots on a,CosineGECO,15,0.001,what does m stand for when dealing with boots,msmarco-passage/train,ielabgroup/vec2text_gtr-base-st_corrector
9,mutY,the MY stands for Manufacturer in Vehicle (MY) and the date of manufacture (Year of Product Release) and in car reviews the date of,CosineGECO,15,0.001,what does the MY stand for in car manufacture date,msmarco-passage/train,ielabgroup/vec2text_gtr-base-st_corrector
9,mutY,"one recruit matriculated M.O.U.s number one basketball, and the other two are all number one recruits Mizzou basketball",CosineGECO,15,0.001,number one recruit mizzou basketball,msmarco-passage/train,ielabgroup/vec2text_gtr-base-st_corrector
9,mutY,"Tony Yardley Tony ""Tommy"" Yardley is a world-famous cynical",CosineGECO,15,0.001,who is tony yardley,msmarco-passage/train,ielabgroup/vec2text_gtr-base-st_corrector
9,mutY,abbreviation mg,CosineGECO,15,0.001,what is the abbreviation mg,msmarco-passage/train,ielabgroup/vec2text_gtr-base-st_corrector
10,NEIL1,"Phylum (snail) phylum (, 'snail') is a plant in the family Cabare",CosineGECO,15,0.001,what phylum is snail,msmarco-passage/train,ielabgroup/vec2text_gtr-base-st_corrector
10,NEIL1,Nickola tsola Nickola tsola is a scientist who is credited with being the inventor of Tesla,CosineGECO,15,0.001,who is nikola tesla,msmarco-passage/train,ielabgroup/vec2text_gtr-base-st_corrector
10,NEIL1,"coding, EC - Necro coding Definition of nec coding is the coding capability of a graphical user code using the Automat",CosineGECO,15,0.001,nec definition coding,msmarco-passage/train,ielabgroup/vec2text_gtr-base-st_corrector
10,NEIL1,"ni-mammol is compatible, it is expected to be compatible with a range of nitrin probes",CosineGECO,15,0.001,is nitinol mri compatible,msmarco-passage/train,ielabgroup/vec2text_gtr-base-st_corrector
10,NEIL1,"team in a year. Now, Kevin Neuwirth is on the team, while Nicol walker is on the Boston Bruins, David Wa",CosineGECO,15,0.001,what team is neil walker on,msmarco-passage/train,ielabgroup/vec2text_gtr-base-st_corrector
10,NEIL1,"company Nexgrill. Nexgrill is manufactured by Richard & Daniel Scaglia, who manufactures nex grilles",CosineGECO,15,0.001,who makes nexgrill,msmarco-passage/train,ielabgroup/vec2text_gtr-base-st_corrector
10,NEIL1,"jerrod Niemann is a world-renowned businessman, entrepreneur and a former NDC driver, Joe Duttenberg in 1989",CosineGECO,15,0.001,who is jerrod niemann,msmarco-passage/train,ielabgroup/vec2text_gtr-base-st_corrector
10,NEIL1,"(who is first person, a first-person, a first-person, a first-person narrative, body view and",CosineGECO,15,0.001,who is first person,msmarco-passage/train,ielabgroup/vec2text_gtr-base-st_corrector
10,NEIL1,"(Nida) - a definition of a nida, a definition of a giben",CosineGECO,15,0.001,nida definition,msmarco-passage/train,ielabgroup/vec2text_gtr-base-st_corrector
10,NEIL1,"neoclassical, a defined recursive re-definement of the art of classical music, neo",CosineGECO,15,0.001,define neoclassical,msmarco-passage/train,ielabgroup/vec2text_gtr-base-st_corrector
11,Carcinogenesis and hairless mice,"inbreed mice is a family of rodents and elomones known as Inbred mice, which is",CosineGECO,15,0.001,what is inbred mice,msmarco-passage/train,ielabgroup/vec2text_gtr-base-st_corrector
11,Carcinogenesis and hairless mice,process on the genitals (i.e. the fatty acid that initiates carcinogenesis) that initiates the process of carcino,CosineGECO,15,0.001,what initiates the process of carcinogenesis?,msmarco-passage/train,ielabgroup/vec2text_gtr-base-st_corrector
11,Carcinogenesis and hairless mice,"beginning of sunburn and a beginning of skin cancer. Known as a beginning of skin cancer, this cancer is a potential apha",CosineGECO,15,0.001,beginning of skin cancer,msmarco-passage/train,ielabgroup/vec2text_gtr-base-st_corrector
11,Carcinogenesis and hairless mice,"causes squamous cell carcinoma, a form of scomatosis or scomatosis, causes cellular carcinoma",CosineGECO,15,0.001,what causes squamous cell carcinoma,msmarco-passage/train,ielabgroup/vec2text_gtr-base-st_corrector
11,Carcinogenesis and hairless mice,"a clinical stage-to-stage correlation of pathological lyme disease, e.g., disease pattern patterns, cervicom",CosineGECO,15,0.001,clinical pathologic correlations of lyme disease by stage,msmarco-passage/train,ielabgroup/vec2text_gtr-base-st_corrector
11,Carcinogenesis and hairless mice,"on the contribution of calcium to the OECD, and beef is a carcinogen. Beef is a non-cancer cancer",CosineGECO,15,0.001,is beef a carcinogen,msmarco-passage/train,ielabgroup/vec2text_gtr-base-st_corrector
11,Carcinogenesis and hairless mice,the term chondrocalcinosis is a term used to refer to the way calciodosis and other calcium,CosineGECO,15,0.001,what is meant by the term chondrocalcinosis,msmarco-passage/train,ielabgroup/vec2text_gtr-base-st_corrector
11,Carcinogenesis and hairless mice,from 5 to 15 centimeters (mouse) to 3.5 to 4.5 centimeters (mouse) give height,CosineGECO,15,0.001,how much do mice height,msmarco-passage/train,ielabgroup/vec2text_gtr-base-st_corrector
11,Carcinogenesis and hairless mice,The proto-oncogenes do and reveal a range of genes that promote tumours and apoptosis. The methyl,CosineGECO,15,0.001,what do proto oncogenes do,msmarco-passage/train,ielabgroup/vec2text_gtr-base-st_corrector
11,Carcinogenesis and hairless mice,"a .5-distribution .5-distribution: No vallecular growth molecules are cancerous, however",CosineGECO,15,0.001,are vallecular growth cancerous,msmarco-passage/train,ielabgroup/vec2text_gtr-base-st_corrector
12,Genes regulated by Smad4,NSmd pad is a type of sasquhar ndl pad. This pad is a powerful sm,CosineGECO,15,0.001,what is nsmd pad,msmarco-passage/train,ielabgroup/vec2text_gtr-base-st_corrector
12,Genes regulated by Smad4,"The limit of detection for XRD is to be in the range of 0 to 100 xD. For xD, xD",CosineGECO,15,0.001,what is the limit of detection for an xrd,msmarco-passage/train,ielabgroup/vec2text_gtr-base-st_corrector
12,Genes regulated by Smad4,"in 1983 for a new sydfabre with a medically approved dosage, Tysabri was approved by FDA on January 1,",CosineGECO,15,0.001,when was tysabri fda approved,msmarco-passage/train,ielabgroup/vec2text_gtr-base-st_corrector
12,Genes regulated by Smad4,-BisCryst of prolonged qt is hereditary. -Qt is a prostatic,CosineGECO,15,0.001,is prolonged qt hereditary,msmarco-passage/train,ielabgroup/vec2text_gtr-base-st_corrector
12,Genes regulated by Smad4,(embedded) or a publicly disclosed gene (embedded) is an expressed gene that is a cross-genome,CosineGECO,15,0.001,what is an expressed gene,msmarco-passage/train,ielabgroup/vec2text_gtr-base-st_corrector
12,Genes regulated by Smad4,definition and sry gene. Sry gene Sry gene (also known as sp gene) is a gene in a gene cell,CosineGECO,15,0.001,sry gene definition,msmarco-passage/train,ielabgroup/vec2text_gtr-base-st_corrector
12,Genes regulated by Smad4,cells that can uptake plasmids. Cells with a low level of ectoprolin can uptake cytochro,CosineGECO,15,0.001,which cells can uptake plasmids,msmarco-passage/train,ielabgroup/vec2text_gtr-base-st_corrector
12,Genes regulated by Smad4,"how to detect carriers of BRCA genes: by a blood test and a gene reassay, such as the breast ribosom",CosineGECO,15,0.001,how to detect carriers of BRCA gene,msmarco-passage/train,ielabgroup/vec2text_gtr-base-st_corrector
12,Genes regulated by Smad4,"narcolepsy, a neocorcodyspheric brain syndrome, is a gene disorder and is",CosineGECO,15,0.001,is narcolepsy a gene disorder,msmarco-passage/train,ielabgroup/vec2text_gtr-base-st_corrector
12,Genes regulated by Smad4,madrid airport terminal 4,CosineGECO,15,0.001,madrid airport customs terminal 4s,msmarco-passage/train,ielabgroup/vec2text_gtr-base-st_corrector
13,Role of TGFB in angiogenesis in skin,igg in the body takes around 24 to 48 hours to form as a result of a growth of a gram-positive testi,CosineGECO,15,0.001,how long does igg take to form in body,msmarco-passage/train,ielabgroup/vec2text_gtr-base-st_corrector
13,Role of TGFB in angiogenesis in skin,"a hormone responsible for stimulating hematopoiesis, and hemotopoietic boosted-tissue-sup",CosineGECO,15,0.001,what hormone is responsible for stimulating hematopoiesis,msmarco-passage/train,ielabgroup/vec2text_gtr-base-st_corrector
13,Role of TGFB in angiogenesis in skin,are enterocytes and may enter a neuropathic apoptosis. Enterocytes do produce GABA (GABA-,CosineGECO,15,0.001,do enterocytes produce GABA,msmarco-passage/train,ielabgroup/vec2text_gtr-base-st_corrector
13,Role of TGFB in angiogenesis in skin,"as apple cider vinegar, it burns skin and cleft skin, and it affects your skin by reducing your skin's inflammatory cells",CosineGECO,15,0.001,how does apple cider vinegar affect your skin?,msmarco-passage/train,ielabgroup/vec2text_gtr-base-st_corrector
13,Role of TGFB in angiogenesis in skin,"a simple gimmick on a video on YouTube, tgf stands for a word meaning that you must watch the video",CosineGECO,15,0.001,what does tgf mean youtube,msmarco-passage/train,ielabgroup/vec2text_gtr-base-st_corrector
13,Role of TGFB in angiogenesis in skin,explain how to correctly read the test: a skin test (TB-TOIN) and a tuberculosis test (FOR,CosineGECO,15,0.001,how to correctly read a tuberculin skin test,msmarco-passage/train,ielabgroup/vec2text_gtr-base-st_corrector
13,Role of TGFB in angiogenesis in skin,layer of the skin on the apical arteries (the layer of the apical arteries that cover the skin) is vascular,CosineGECO,15,0.001,which layer of the skin is avascular,msmarco-passage/train,ielabgroup/vec2text_gtr-base-st_corrector
13,Role of TGFB in angiogenesis in skin,Gtb (motocycle from ailable typhoid) Gtb () is a motorcycle from the Toronto racing,CosineGECO,15,0.001,what is gtb,msmarco-passage/train,ielabgroup/vec2text_gtr-base-st_corrector
13,Role of TGFB in angiogenesis in skin,"melanin function to protect the underlying cells against the aforesaid cellular ligands. In white skin, it protect",CosineGECO,15,0.001,melanin functions to protect the underlying cells against,msmarco-passage/train,ielabgroup/vec2text_gtr-base-st_corrector
13,Role of TGFB in angiogenesis in skin,"what role the juxtaglomerular apparatus plays in controlling blood pressure and urine dilution, and the juxtaglomer",CosineGECO,15,0.001,what role does the juxtaglomerular apparatus have in controlling blood pressure and urine formation,msmarco-passage/train,ielabgroup/vec2text_gtr-base-st_corrector
14,Expression or Regulation of TGFB in HNSCC cancers,hshc hshc hshc txmls and hssc rates change.,CosineGECO,15,0.001,hhsc txhml and hcs rate changes,msmarco-passage/train,ielabgroup/vec2text_gtr-base-st_corrector
14,Expression or Regulation of TGFB in HNSCC cancers,ICCD A10 - NORTHORAL CHESSE. This ICCD is available under IBGETRANOLIC,CosineGECO,15,0.001,ICD10 FOR ABNORMAL CHES,msmarco-passage/train,ielabgroup/vec2text_gtr-base-st_corrector
14,Expression or Regulation of TGFB in HNSCC cancers,Hepatobiliary cancer (or hepatobiliary neotidystolic cancer) is,CosineGECO,15,0.001,what is hepatobiliary cancer,msmarco-passage/train,ielabgroup/vec2text_gtr-base-st_corrector
14,Expression or Regulation of TGFB in HNSCC cancers,"GMfsssssssssssssssssssssss, which stands for """,CosineGECO,15,0.001,what does gmfs stand for?,msmarco-passage/train,ielabgroup/vec2text_gtr-base-st_corrector
14,Expression or Regulation of TGFB in HNSCC cancers,cfda regulation. The cfda regulation and the cfda regulation of CfetA-standard generic,CosineGECO,15,0.001,cfda generic regulation,msmarco-passage/train,ielabgroup/vec2text_gtr-base-st_corrector
14,Expression or Regulation of TGFB in HNSCC cancers,"cancer antigen for adrenal gland and adrenal gland, and a glucose-based immunotherapy product, arousal-antigen",CosineGECO,15,0.001,cancer antigen for adrenal gland,msmarco-passage/train,ielabgroup/vec2text_gtr-base-st_corrector
14,Expression or Regulation of TGFB in HNSCC cancers,"cancer and diet, a balance of calorie intake, steroid use, and a better relationship between it and the cancers it causes",CosineGECO,15,0.001,cancer and diet,msmarco-passage/train,ielabgroup/vec2text_gtr-base-st_corrector
14,Expression or Regulation of TGFB in HNSCC cancers,"learning called nvq learning, which is a regulatory learning code, is called",CosineGECO,15,0.001,what is the regulatory code nvq learning called,msmarco-passage/train,ielabgroup/vec2text_gtr-base-st_corrector
14,Expression or Regulation of TGFB in HNSCC cancers,HBg test is a test of -Casagar-Hapatic -Bag. The meaning,CosineGECO,15,0.001,blood test HBcAg meaning,msmarco-passage/train,ielabgroup/vec2text_gtr-base-st_corrector
14,Expression or Regulation of TGFB in HNSCC cancers,a syspheric hypotension and a bile apex. Temperature dysregulation is a direct result,CosineGECO,15,0.001,temperature dysregulation,msmarco-passage/train,ielabgroup/vec2text_gtr-base-st_corrector
15,ATPase and apoptosis,"a cell would occur if the cells were in a state of mitosis, and sperm are alternated between heme",CosineGECO,15,0.001,what would occur if cells were in mitosis,msmarco-passage/train,ielabgroup/vec2text_gtr-base-st_corrector
15,ATPase and apoptosis,ATA aimep ATA aimep is a bindable synthetic peptide. It is a valuable tool for shooting and shooting,CosineGECO,15,0.001,what is aim atep,msmarco-passage/train,ielabgroup/vec2text_gtr-base-st_corrector
15,ATPase and apoptosis,Gtase Gtpase is a hepatic tRNA-adhesylation-related energy.,CosineGECO,15,0.001,what is a gtpase?,msmarco-passage/train,ielabgroup/vec2text_gtr-base-st_corrector
15,ATPase and apoptosis,"surgery performed to correct ptosis, or the neo-tubular cleft valvectomy procedure.",CosineGECO,15,0.001,which surgical procedure is performed to correct ptosis?,msmarco-passage/train,ielabgroup/vec2text_gtr-base-st_corrector
15,ATPase and apoptosis,"-Diastole -a type of physiologic astrometry, defined as a part of the heart",CosineGECO,15,0.001,definition of diastole,msmarco-passage/train,ielabgroup/vec2text_gtr-base-st_corrector
15,ATPase and apoptosis,"because atph is needed, ATP is needed in glycolysis to re-energize a molecule and we can conclude that",CosineGECO,15,0.001,why atp is needed in glycolysis,msmarco-passage/train,ielabgroup/vec2text_gtr-base-st_corrector
15,ATPase and apoptosis,"e.g., anatrosis, scolocolosis and prostate cancer. Anaplasmosis is an infection is",CosineGECO,15,0.001,is anaplasmosis an infection,msmarco-passage/train,ielabgroup/vec2text_gtr-base-st_corrector
15,ATPase and apoptosis,A molecule made up of ATP is a molecule made up of the following atoms: ATP and a cytokine,CosineGECO,15,0.001,An ATP molecule is made up of which of the following,msmarco-passage/train,ielabgroup/vec2text_gtr-base-st_corrector
15,ATPase and apoptosis,"Known as convertase, convertase is a steroid-rich ketamine oxidase that enhances",CosineGECO,15,0.001,what is convertase,msmarco-passage/train,ielabgroup/vec2text_gtr-base-st_corrector
15,ATPase and apoptosis,"is the lactic acid system, -ATP, that creates new ATP, -ATP and -ATP create new",CosineGECO,15,0.001,does the lactic acid system create new ATP,msmarco-passage/train,ielabgroup/vec2text_gtr-base-st_corrector
16,AAA proteins,"college in aaa, is a college that is a free educational and business college in the United States. The Aaa Aa",CosineGECO,15,0.001,what is a college aaa,msmarco-passage/train,ielabgroup/vec2text_gtr-base-st_corrector
16,AAA proteins,"the abbreviation aaa, and the USA 125 cd abbreviation aaa. The USA",CosineGECO,15,0.001,what usaa abbreviation,msmarco-passage/train,ielabgroup/vec2text_gtr-base-st_corrector
16,AAA proteins,"does a renter offer insurance for aessiotees, AAA offers apartment rental insurance for a s",CosineGECO,15,0.001,does aaa offer renters insurance,msmarco-passage/train,ielabgroup/vec2text_gtr-base-st_corrector
16,AAA proteins,"is carnitine amino acid. As a result, carnitine -amino-carbohydrate is L amino",CosineGECO,15,0.001,is l-carnitine amino acid?,msmarco-passage/train,ielabgroup/vec2text_gtr-base-st_corrector
16,AAA proteins,aaa battery quote price on a bhd aaa battery battery for a price of 500 to,CosineGECO,15,0.001,aaa battery price quote,msmarco-passage/train,ielabgroup/vec2text_gtr-base-st_corrector
16,AAA proteins,"protein food names is a name of a protein, e.g. a protein called azygose, calcium starch",CosineGECO,15,0.001,protein food name,msmarco-passage/train,ielabgroup/vec2text_gtr-base-st_corrector
16,AAA proteins,"bcaa natural powder Amazon.com bcaa natural powder, adipose, adipose,",CosineGECO,15,0.001,bcaa natural powder amazon,msmarco-passage/train,ielabgroup/vec2text_gtr-base-st_corrector
16,AAA proteins,"protein called -diosterolin, which is a major protein that causes bread to stretchy, and a lot of protein",CosineGECO,15,0.001,what protein makes bread stretchy,msmarco-passage/train,ielabgroup/vec2text_gtr-base-st_corrector
16,AAA proteins,"Activation of protein phosphorylation activates a membrane, forming a pYg protein, converting carbohydrates into phospho",CosineGECO,15,0.001,phosphorylation activates protein,msmarco-passage/train,ielabgroup/vec2text_gtr-base-st_corrector
16,AAA proteins,of the forces that determine the tertiary structure of a protein is the most influential candidate and a tertiary RNA,CosineGECO,15,0.001,which force is most influential in determining the tertiary structure of a protein,msmarco-passage/train,ielabgroup/vec2text_gtr-base-st_corrector
17,DO1 antibody,flagellin antibody (-antibodies) is a peptide antibody that is a result of a dilson membrane,CosineGECO,15,0.001,what is flagellin antibody,msmarco-passage/train,ielabgroup/vec2text_gtr-base-st_corrector
17,DO1 antibody,care lab. Careplus patients test at the Careplus Laboratory for patients with a bcp/dl osmoglobin,CosineGECO,15,0.001,what lab for careplus patients,msmarco-passage/train,ielabgroup/vec2text_gtr-base-st_corrector
17,DO1 antibody,GF-1 gene traf1 gene is a glioprotein synthesis pathway gene (GG) and a known GF-,CosineGECO,15,0.001,what is traf1 gg gene,msmarco-passage/train,ielabgroup/vec2text_gtr-base-st_corrector
17,DO1 antibody,"peptide molecule (B molecule) and its homology class, a ligand (B molecule) are classified as antibodies belong",CosineGECO,15,0.001,which class of biological molecule do antibodies belong,msmarco-passage/train,ielabgroup/vec2text_gtr-base-st_corrector
17,DO1 antibody,people with type 1 diabetes change into normal blood cells by re-equipping the blood cells that are normally surrounded by glucose and gluco,CosineGECO,15,0.001,how do normal blood cells change with people with diabetes type 1,msmarco-passage/train,ielabgroup/vec2text_gtr-base-st_corrector
17,DO1 antibody,HA1B HA1C is a medication and a glucosamine antidiuretic hormone therapy product and the medication,CosineGECO,15,0.001,what is HbA1c medication,msmarco-passage/train,ielabgroup/vec2text_gtr-base-st_corrector
17,DO1 antibody,cd1 is a specialized digital music delivery channel called CD1. It is a collection of B1 and adenosine,CosineGECO,15,0.001,what is cd1,msmarco-passage/train,ielabgroup/vec2text_gtr-base-st_corrector
17,DO1 antibody,"is a disease-fighting protein, created. The protein is able to be used to fight - and -carcinogenic",CosineGECO,15,0.001,is a disease-fighting protein created,msmarco-passage/train,ielabgroup/vec2text_gtr-base-st_corrector
17,DO1 antibody,a DO example: a DO example: a DO example is a cartilage-based example. This example can be found in medical professionals,CosineGECO,15,0.001,what is a doi example,msmarco-passage/train,ielabgroup/vec2text_gtr-base-st_corrector
17,DO1 antibody,a definition of type I diabetes (diabetes idia nervosa) - a type of disability,CosineGECO,15,0.001,type i diabetes definition,msmarco-passage/train,ielabgroup/vec2text_gtr-base-st_corrector
18,Gis4,install Note 4.01 on a 62 MB device. Install Note 4.01 on a 62 MB device by inserting 0.06 on,CosineGECO,15,0.001,how to install 6.01 on note 4,msmarco-passage/train,ielabgroup/vec2text_gtr-base-st_corrector
18,Gis4,3 minus,CosineGECO,15,0.001,what is the 3 minus minus 4,msmarco-passage/train,ielabgroup/vec2text_gtr-base-st_corrector
18,Gis4,if an employee claims a box of rent for filling out T4 on Form 30 if the employee has filled out the boxed rent,CosineGECO,15,0.001,can the employee claim the rent for a superintendent of box 30 is filled out on their t4,msmarco-passage/train,ielabgroup/vec2text_gtr-base-st_corrector
18,Gis4,finger and fourth nerve (abdominal nerve) may cause a baby to tingle when the neonatal neuritus is,CosineGECO,15,0.001,what nerve causes baby and fourth finger to tingle,msmarco-passage/train,ielabgroup/vec2text_gtr-base-st_corrector
18,Gis4,GI Survey Income is taxable income. GIs income is taxable at taxable income tax (but not taxable income tax). GI,CosineGECO,15,0.001,is gis taxable income,msmarco-passage/train,ielabgroup/vec2text_gtr-base-st_corrector
18,Gis4,.s4 camera to a photo or a smartphone by a .s4 error message saving photo or a picture to the database,CosineGECO,15,0.001,galaxy samsung s4 error saving photo to phone,msmarco-passage/train,ielabgroup/vec2text_gtr-base-st_corrector
18,Gis4,1400,CosineGECO,15,0.001,1400 x4,msmarco-passage/train,ielabgroup/vec2text_gtr-base-st_corrector
18,Gis4,how GS-grade promotion works. It works by allowing a free gs to be promoted on a popular page and a price,CosineGECO,15,0.001,how does gs grade promotion work?,msmarco-passage/train,ielabgroup/vec2text_gtr-base-st_corrector
18,Gis4,"gi definition. Known as gi, gi is a function of the infra-intestinal compartment in children",CosineGECO,15,0.001,gi definition,msmarco-passage/train,ielabgroup/vec2text_gtr-base-st_corrector
18,Gis4,"a carboxylic acid compound, CrBR4, and is the molecular name of the molecular molecule CrBR4.",CosineGECO,15,0.001,what is the name of the molecular compound cbr4?,msmarco-passage/train,ielabgroup/vec2text_gtr-base-st_corrector
19,Comparison of Promoters of GAL1 and SUC1,a difference between a GLA and a gls. gls is a difference between MLA and gl,CosineGECO,15,0.001,difference between mla and gls,msmarco-passage/train,ielabgroup/vec2text_gtr-base-st_corrector
19,Comparison of Promoters of GAL1 and SUC1,"from France, and Spain, Glaux is from the glabrous state of Sglat. He is from the first city in Africa and is",CosineGECO,15,0.001,where is glaux from,msmarco-passage/train,ielabgroup/vec2text_gtr-base-st_corrector
19,Comparison of Promoters of GAL1 and SUC1,91s05 91s05 is a component which is accessed from a 0712 MDD smd centre. 91,CosineGECO,15,0.001,what is an 0791 smd component,msmarco-passage/train,ielabgroup/vec2text_gtr-base-st_corrector
19,Comparison of Promoters of GAL1 and SUC1,S&A is a collection of high-power fibres (SG&A). It is a popular magnet for Aptagra.,CosineGECO,15,0.001,what is sg&a,msmarco-passage/train,ielabgroup/vec2text_gtr-base-st_corrector
19,Comparison of Promoters of GAL1 and SUC1,Bioavailability of kollaGen iI  Bioavailability is a high quality release of oligotroph,CosineGECO,15,0.001,what is kollaGen ii bioavailability,msmarco-passage/train,ielabgroup/vec2text_gtr-base-st_corrector
19,Comparison of Promoters of GAL1 and SUC1,Gsc datum Gsc datum is a cool-column daidium database for the mathematics of the ado,CosineGECO,15,0.001,what is gsc datum,msmarco-passage/train,ielabgroup/vec2text_gtr-base-st_corrector
19,Comparison of Promoters of GAL1 and SUC1,"Gsa in Freight or Freight Storage. This is a acronym which means ""Gsa"" means ""security in the freight compartment.",CosineGECO,15,0.001,what does gsa mean in freight,msmarco-passage/train,ielabgroup/vec2text_gtr-base-st_corrector
19,Comparison of Promoters of GAL1 and SUC1,of the advantages of saturn are that it offers a low cost compared to other Earth-based systems. These advantages are also the ability,CosineGECO,15,0.001,what are the advantages of saturn,msmarco-passage/train,ielabgroup/vec2text_gtr-base-st_corrector
19,Comparison of Promoters of GAL1 and SUC1,maximum distance between toggle iprofile in u-sag and l-profile. This will allow for exposed photos and 0–3,CosineGECO,15,0.001,maximum distance between u-profile in toggle ig,msmarco-passage/train,ielabgroup/vec2text_gtr-base-st_corrector
19,Comparison of Promoters of GAL1 and SUC1,info on how to set up citrix.gov.gov and how to set up a GSA application. Set up a sa,CosineGECO,15,0.001,gsa.gov how to set up citrix,msmarco-passage/train,ielabgroup/vec2text_gtr-base-st_corrector
20,Substrate modification by ubiquitin,apoptosis (apoptosis of apoptosis wntl) is regulated by .,CosineGECO,15,0.001,what is apoptosis regulated by,msmarco-passage/train,ielabgroup/vec2text_gtr-base-st_corrector
20,Substrate modification by ubiquitin,"iac province, Subic Bay is in the iac province and the iac province.",CosineGECO,15,0.001,what province is subic bay in?,msmarco-passage/train,ielabgroup/vec2text_gtr-base-st_corrector
20,Substrate modification by ubiquitin,"10 to 15 cycles of neotetrajupe. Because of this, NCHPs depend on tyrosin",CosineGECO,15,0.001,how many cycles of tchp for neoadjuvant,msmarco-passage/train,ielabgroup/vec2text_gtr-base-st_corrector
20,Substrate modification by ubiquitin,"the most common causes of sub-involution of the uterus. Consequentially, adiminia, and/or",CosineGECO,15,0.001,"what are the most common causes for subinvolution of the uterus?, quizlet",msmarco-passage/train,ielabgroup/vec2text_gtr-base-st_corrector
20,Substrate modification by ubiquitin,"1,1,1-bisphosphonates  Bisphosphonates are a chemical compound of ethy",CosineGECO,15,0.001,what are bisphosphonates,msmarco-passage/train,ielabgroup/vec2text_gtr-base-st_corrector
20,Substrate modification by ubiquitin,"Transudate Transudate (or ""transudate"") is a drug that is active in the adrenergic bile",CosineGECO,15,0.001,what is transudate,msmarco-passage/train,ielabgroup/vec2text_gtr-base-st_corrector
20,Substrate modification by ubiquitin,a sub-peripoietal steotose-peripoietal dissection is a dissection of,CosineGECO,15,0.001,what is a subperiosteal dissection,msmarco-passage/train,ielabgroup/vec2text_gtr-base-st_corrector
20,Substrate modification by ubiquitin,effective by averaging a 0.5 to 1 g/mL. Topiramate is an effective thiosapirate,CosineGECO,15,0.001,how effective is topiramate,msmarco-passage/train,ielabgroup/vec2text_gtr-base-st_corrector
20,Substrate modification by ubiquitin,SYFT-LAMPS definition of neurological substrate Neuro substrate (wikipedia definition) is a suspension of a substance consisting of a calcium,CosineGECO,15,0.001,neurological substrate definition,msmarco-passage/train,ielabgroup/vec2text_gtr-base-st_corrector
20,Substrate modification by ubiquitin,with jublia is antifungal and jublia nephloematol. It is antifungal,CosineGECO,15,0.001,is jublia antifungal,msmarco-passage/train,ielabgroup/vec2text_gtr-base-st_corrector
21,Role of p63 and p73 in relation to DNA damage,"function of the dnaphtase. This function is a critical part of the genome, and dnap",CosineGECO,15,0.001,what's the function of dna,msmarco-passage/train,ielabgroup/vec2text_gtr-base-st_corrector
21,Role of p63 and p73 in relation to DNA damage,the PTA. Ptn. stands for Police tyrant and is used in court cases to describe the police verbal identifiers,CosineGECO,15,0.001,what does ptn. stand for in police terms,msmarco-passage/train,ielabgroup/vec2text_gtr-base-st_corrector
21,Role of p63 and p73 in relation to DNA damage,are prokaryotes have a diluvalbumin  and a karyote  have DNA,CosineGECO,15,0.001,do prokaryotes have a DNA,msmarco-passage/train,ielabgroup/vec2text_gtr-base-st_corrector
21,Role of p63 and p73 in relation to DNA damage,do kubota bp240 t kubota pto have involuntary rear pto and independent rear,CosineGECO,15,0.001,does kubota b2301 have independant rear pto,msmarco-passage/train,ielabgroup/vec2text_gtr-base-st_corrector
21,Role of p63 and p73 in relation to DNA damage,use of DNA ligase by ligase recombinase is to recombine the pieces of a given,CosineGECO,15,0.001,what is use of dna ligase to recombine the pieces of dna,msmarco-passage/train,ielabgroup/vec2text_gtr-base-st_corrector
21,Role of p63 and p73 in relation to DNA damage,"The four scientists played a role in facilitating our understanding of DNA and, in some cases, in the roles of leucipher",CosineGECO,15,0.001,what roles did the four scientist play in our understanding of dna,msmarco-passage/train,ielabgroup/vec2text_gtr-base-st_corrector
21,Role of p63 and p73 in relation to DNA damage,"No number for amendment is double jeopardy (as a result of s. 118), double jeopardy (",CosineGECO,15,0.001,no double jeopardy with amendment number,msmarco-passage/train,ielabgroup/vec2text_gtr-base-st_corrector
21,Role of p63 and p73 in relation to DNA damage,who work. DNA work by a group of human mRNA based on the spherical clone nae,CosineGECO,15,0.001,who dna work,msmarco-passage/train,ielabgroup/vec2text_gtr-base-st_corrector
21,Role of p63 and p73 in relation to DNA damage,"a part of protein (riboleucin) can be affected by deletion, and how changes in structure can be correlated to protein",CosineGECO,15,0.001,what part of protein structure can be affected by deletion,msmarco-passage/train,ielabgroup/vec2text_gtr-base-st_corrector
21,Role of p63 and p73 in relation to DNA damage,"is dnap/DNA directly involved in the process, and in the rest of the process, dnap is directly involved translation",CosineGECO,15,0.001,is dna directly involved in process for translation?,msmarco-passage/train,ielabgroup/vec2text_gtr-base-st_corrector
22,Relative response of p53 family members to agents causing single-stranded versus double-stranded DNA breaks,"The four scientists played a role in facilitating our understanding of DNA and, in some cases, in the roles of leucipher",CosineGECO,15,0.001,what roles did the four scientist play in our understanding of dna,msmarco-passage/train,ielabgroup/vec2text_gtr-base-st_corrector
22,Relative response of p53 family members to agents causing single-stranded versus double-stranded DNA breaks,the role of ligase/dag ligase in the elongation of the lagging strand during DNA replication,CosineGECO,15,0.001,what is the role of dna ligase in the elongation of the lagging strand during dna replication,msmarco-passage/train,ielabgroup/vec2text_gtr-base-st_corrector
22,Relative response of p53 family members to agents causing single-stranded versus double-stranded DNA breaks,test (Dnask Review) test. DNA review re-analysis and a dnask chromosome release,CosineGECO,15,0.001,dna test review,msmarco-passage/train,ielabgroup/vec2text_gtr-base-st_corrector
22,Relative response of p53 family members to agents causing single-stranded versus double-stranded DNA breaks,molecule reads DNA. The atoms that can be read by a hyo-diamino-trace,CosineGECO,15,0.001,what molecule reads dna,msmarco-passage/train,ielabgroup/vec2text_gtr-base-st_corrector
22,Relative response of p53 family members to agents causing single-stranded versus double-stranded DNA breaks,the X in the strand means that it is a dna/dna/dna/dna/DNA,CosineGECO,15,0.001,what does the x mean in a dna strand,msmarco-passage/train,ielabgroup/vec2text_gtr-base-st_corrector
22,Relative response of p53 family members to agents causing single-stranded versus double-stranded DNA breaks,"manufacturing of recombinant DNA molecule from a gene, and the recombinant molecules, involves cutting a normal location",CosineGECO,15,0.001,manufacturing recombinant dna molecules involves cutting a gene from its normal location,msmarco-passage/train,ielabgroup/vec2text_gtr-base-st_corrector
22,Relative response of p53 family members to agents causing single-stranded versus double-stranded DNA breaks,"Using a dnap control, DNA controls the synthesis of a variety of enzymatic and molecular machinery",CosineGECO,15,0.001,what does dna control the synthesis of,msmarco-passage/train,ielabgroup/vec2text_gtr-base-st_corrector
22,Relative response of p53 family members to agents causing single-stranded versus double-stranded DNA breaks,who transforming heat-knap principle strain is the streptococcus virus that virulated DNA from a certain,CosineGECO,15,0.001,who dna is the transforming principle from heat-killed s strain streptococcus pneumoniae that can make the r strain virule,msmarco-passage/train,ielabgroup/vec2text_gtr-base-st_corrector
22,Relative response of p53 family members to agents causing single-stranded versus double-stranded DNA breaks,"under circumstances where genes can unlink genes. Typically, it is when a person is unable to separate genes from an ill-fated",CosineGECO,15,0.001,what circumstances can unlink genes,msmarco-passage/train,ielabgroup/vec2text_gtr-base-st_corrector
22,Relative response of p53 family members to agents causing single-stranded versus double-stranded DNA breaks,which is the most important fact to explain (reactions and bioreactions) is the fact that enzymes speed reactions at a rate,CosineGECO,15,0.001,which fact is most important in explaining how enzymes speed reactions?,msmarco-passage/train,ielabgroup/vec2text_gtr-base-st_corrector
23,Saccharomyces cerevisiae proteins involved in ubiquitin system,a bicipital aponeurosis (the aponeurosis aponeurosis aponeurosis) protects,CosineGECO,15,0.001,what does the bicipital aponeurosis protect,msmarco-passage/train,ielabgroup/vec2text_gtr-base-st_corrector
23,Saccharomyces cerevisiae proteins involved in ubiquitin system,"substances that are moving in secretion are steroid, cynidine, and ergotamine. These substances move in secreti",CosineGECO,15,0.001,what substances are moving in secretion,msmarco-passage/train,ielabgroup/vec2text_gtr-base-st_corrector
23,Saccharomyces cerevisiae proteins involved in ubiquitin system,is bacillus anaerobicus. Cerebra bacillus anaerobicus is a septic,CosineGECO,15,0.001,is bacillus cereus anaerobic,msmarco-passage/train,ielabgroup/vec2text_gtr-base-st_corrector
23,Saccharomyces cerevisiae proteins involved in ubiquitin system,which structures of attachment are used in microbes that lead to utracis and tetrachosis causing inactivation,CosineGECO,15,0.001,which structures are used for attachment in microbes causing utis?,msmarco-passage/train,ielabgroup/vec2text_gtr-base-st_corrector
23,Saccharomyces cerevisiae proteins involved in ubiquitin system,"proteinuria symptoms. This result in a symptom of proteinuria, including a rapid, painless urine, muscle syncope,",CosineGECO,15,0.001,proteinuria symptoms,msmarco-passage/train,ielabgroup/vec2text_gtr-base-st_corrector
23,Saccharomyces cerevisiae proteins involved in ubiquitin system,decreased level of total protein.,CosineGECO,15,0.001,decreased level of total protein,msmarco-passage/train,ielabgroup/vec2text_gtr-base-st_corrector
23,Saccharomyces cerevisiae proteins involved in ubiquitin system,"a part of the cell, such as the ribosomal membrane, endoplasmic duct, and mitochondria, produces secretory",CosineGECO,15,0.001,what part of the cell produces secretory proteins,msmarco-passage/train,ielabgroup/vec2text_gtr-base-st_corrector
23,Saccharomyces cerevisiae proteins involved in ubiquitin system,ECG equilinsemes (ecm proteins) are a series of proteins found on foods and eccrine,CosineGECO,15,0.001,what are ecm proteins,msmarco-passage/train,ielabgroup/vec2text_gtr-base-st_corrector
23,Saccharomyces cerevisiae proteins involved in ubiquitin system,"the system. The body is affected by vitiligo, which is a sensitive system for affecting bilirubin, pel",CosineGECO,15,0.001,which system is affected by vitiligo,msmarco-passage/train,ielabgroup/vec2text_gtr-base-st_corrector
23,Saccharomyces cerevisiae proteins involved in ubiquitin system,syncytial -syn. -syncytial is a resistance of a single,CosineGECO,15,0.001,syncytial definition,msmarco-passage/train,ielabgroup/vec2text_gtr-base-st_corrector
24,Mouse peptidoglycan recognition proteins (PGRP),Liegand technology Liegand technology (also ligand receptor) is a technology for the adsorption of photons,CosineGECO,15,0.001,what is ligand receptor technology,msmarco-passage/train,ielabgroup/vec2text_gtr-base-st_corrector
24,Mouse peptidoglycan recognition proteins (PGRP),a mrp controller. This is a controller defined as a programmable depagnetizer that performs control and motion,CosineGECO,15,0.001,mrp controller definition,msmarco-passage/train,ielabgroup/vec2text_gtr-base-st_corrector
24,Mouse peptidoglycan recognition proteins (PGRP),igp cgi igp cgi is a high-performance network infrastructure on Cisco routers and other devices,CosineGECO,15,0.001,what is igp cisco,msmarco-passage/train,ielabgroup/vec2text_gtr-base-st_corrector
24,Mouse peptidoglycan recognition proteins (PGRP),a cranipsis. An elevated CRP means a high level of cranipsis and can often result in autoimmune,CosineGECO,15,0.001,what does an elevated crp mean,msmarco-passage/train,ielabgroup/vec2text_gtr-base-st_corrector
24,Mouse peptidoglycan recognition proteins (PGRP),"a PP device, a PP device or a RPP device is a powerful electronic PL/360 and PL/360",CosineGECO,15,0.001,what is a rpp device,msmarco-passage/train,ielabgroup/vec2text_gtr-base-st_corrector
24,Mouse peptidoglycan recognition proteins (PGRP),PRP injection PRP injection is a drug which injects pruritus muscle oil onto a body of a host of diseases known as,CosineGECO,15,0.001,what is prp injection,msmarco-passage/train,ielabgroup/vec2text_gtr-base-st_corrector
24,Mouse peptidoglycan recognition proteins (PGRP),mRNA and dnascent microbiology bacteriology. Levels in protein enrichment and DNA enrichment determine the strength,CosineGECO,15,0.001,dna and protein levels enrichment microbiology,msmarco-passage/train,ielabgroup/vec2text_gtr-base-st_corrector
24,Mouse peptidoglycan recognition proteins (PGRP),Liegand technology Liegand technology (also ligand receptor) is a technology for the adsorption of photons,CosineGECO,15,0.001,what is ligand receptor technology,msmarco-passage/train,ielabgroup/vec2text_gtr-base-st_corrector
24,Mouse peptidoglycan recognition proteins (PGRP),"type of eigrp, a eigrp entry route identifies a feasible entry route which is the successor",CosineGECO,15,0.001,what type of eigrp route entry describes a feasible successor,msmarco-passage/train,ielabgroup/vec2text_gtr-base-st_corrector
24,Mouse peptidoglycan recognition proteins (PGRP),"NIPR number for a pepsi phloephloeph patient, Ralph Nelus.",CosineGECO,15,0.001,npi number for ralph peluso,msmarco-passage/train,ielabgroup/vec2text_gtr-base-st_corrector
25,Cause of scleroderma,"causes thermocline, which is a line of a substance that causes pain between muscles and glycaeus. This causes hypocor",CosineGECO,15,0.001,what causes thermocline,msmarco-passage/train,ielabgroup/vec2text_gtr-base-st_corrector
25,Cause of scleroderma,"a short exposure to hysteresis sp., h-Sp is the cause of the skin rash.",CosineGECO,15,0.001,what is a cause of the hsp rash?,msmarco-passage/train,ielabgroup/vec2text_gtr-base-st_corrector
25,Cause of scleroderma,caused by a splenous spleen or a splenosis of the spleen is a symptom,CosineGECO,15,0.001,what is cause of enlarged spleen,msmarco-passage/train,ielabgroup/vec2text_gtr-base-st_corrector
25,Cause of scleroderma,"causes: eczema, bronchitis, eczema and cytokinesis cause varicella",CosineGECO,15,0.001,causes for varicella,msmarco-passage/train,ielabgroup/vec2text_gtr-base-st_corrector
25,Cause of scleroderma,cause of colitis flare-ups by a reduction of bowel gas or a cholinergic feces. These flares,CosineGECO,15,0.001,causes of colitis flare ups,msmarco-passage/train,ielabgroup/vec2text_gtr-base-st_corrector
25,Cause of scleroderma,"causes squamous cell carcinoma, a form of scomatosis or scomatosis, causes cellular carcinoma",CosineGECO,15,0.001,what causes squamous cell carcinoma,msmarco-passage/train,ielabgroup/vec2text_gtr-base-st_corrector
25,Cause of scleroderma,"causes of scalp lesions. These are scalp lesions (scars, follicles,-brain",CosineGECO,15,0.001,causes for scalp lesions,msmarco-passage/train,ielabgroup/vec2text_gtr-base-st_corrector
25,Cause of scleroderma,"a substance (muscles, arteries or arteries) in your arteries is the cause of calcification. This is caused by",CosineGECO,15,0.001,what causes calcification in your arteries,msmarco-passage/train,ielabgroup/vec2text_gtr-base-st_corrector
25,Cause of scleroderma,caused by exposure to glucose or astrointestinal disease. Cat eye syndrome Cat eye syndrome (also known as cat eye) is,CosineGECO,15,0.001,what causes cat eye syndrome,msmarco-passage/train,ielabgroup/vec2text_gtr-base-st_corrector
25,Cause of scleroderma,a common outcome and the prevalence of scleroderma is 0.3–0.7% and 0.3–0.4% of Acrodermam,CosineGECO,15,0.001,what is the prevalence of scleroderma,msmarco-passage/train,ielabgroup/vec2text_gtr-base-st_corrector
26,Function of BUB2/BFA1 in the process of cytokinesis,"which phase is cleaved and polarized into two new cells, a polarized polarization phase is the two daughter cell",CosineGECO,15,0.001,which phase cell is cleaved into two new daughter cells,msmarco-passage/train,ielabgroup/vec2text_gtr-base-st_corrector
26,Function of BUB2/BFA1 in the process of cytokinesis,function function for microbiology - a job function meaning the acquiescence of a person to micro-organisms,CosineGECO,15,0.001,job function for microbiology meaning,msmarco-passage/train,ielabgroup/vec2text_gtr-base-st_corrector
26,Function of BUB2/BFA1 in the process of cytokinesis,"a fec-blood test, fbc blood test is a blood test that results in a blood fad",CosineGECO,15,0.001,what is an fbc blood test,msmarco-passage/train,ielabgroup/vec2text_gtr-base-st_corrector
26,Function of BUB2/BFA1 in the process of cytokinesis,"cytologic atypia is a definition of atypia, a cellular abnormalities and apical",CosineGECO,15,0.001,cytologic atypia definition,msmarco-passage/train,ielabgroup/vec2text_gtr-base-st_corrector
26,Function of BUB2/BFA1 in the process of cytokinesis,"a fec-blood test, fbc blood test is a blood test that results in a blood fad",CosineGECO,15,0.001,what is an fbc blood test,msmarco-passage/train,ielabgroup/vec2text_gtr-base-st_corrector
26,Function of BUB2/BFA1 in the process of cytokinesis,through a motion-like spherical tube. The amoeba moves by letting its limbs move. It moves,CosineGECO,15,0.001,how does an amoeba move,msmarco-passage/train,ielabgroup/vec2text_gtr-base-st_corrector
26,Function of BUB2/BFA1 in the process of cytokinesis,"-trypsin is a function of the enzyme tryptoin. As a result, it functions to stimulate the body",CosineGECO,15,0.001,what is the function of trypsin,msmarco-passage/train,ielabgroup/vec2text_gtr-base-st_corrector
26,Function of BUB2/BFA1 in the process of cytokinesis,the purpose of the G2 -phase in the cell cycle. The G2 -phase is a phase of the cell cycle,CosineGECO,15,0.001,what is the purpose of the g2 phase in the cell cycle,msmarco-passage/train,ielabgroup/vec2text_gtr-base-st_corrector
26,Function of BUB2/BFA1 in the process of cytokinesis,"a process in which a cell divides into two daughter cell, -cell division and -abdomina cycle divide",CosineGECO,15,0.001,process in which a divides into two daughter cell,msmarco-passage/train,ielabgroup/vec2text_gtr-base-st_corrector
26,Function of BUB2/BFA1 in the process of cytokinesis,is one of the two main processes that drive plate tectonics - plate tectonics and plate resequence,CosineGECO,15,0.001,what are the two main processes that drive plate tectonic,msmarco-passage/train,ielabgroup/vec2text_gtr-base-st_corrector
27,Role of autophagy in apoptosis,"a definition of 'photoautotrophs' (photoautophytoses), photoautotrophs are a group of plants that are",CosineGECO,15,0.001,photoautotrophs definition,msmarco-passage/train,ielabgroup/vec2text_gtr-base-st_corrector
27,Role of autophagy in apoptosis,"(autodidact), a autonomous autodidact of the jubilees of the neo-science of preschool",CosineGECO,15,0.001,definition autodidact,msmarco-passage/train,ielabgroup/vec2text_gtr-base-st_corrector
27,Role of autophagy in apoptosis,"the process that makes most atp. In particular, atromolysis by a low-level ionolysis produces most ATP",CosineGECO,15,0.001,what process makes most atp,msmarco-passage/train,ielabgroup/vec2text_gtr-base-st_corrector
27,Role of autophagy in apoptosis,of alveolar macrophages. The function of alveolar macrophages is to eulogize food and microbial,CosineGECO,15,0.001,what is the function of alveolar macrophages,msmarco-passage/train,ielabgroup/vec2text_gtr-base-st_corrector
27,Role of autophagy in apoptosis,function of stylopharyngeus (stylopharyngeus syringiform glands) and reson,CosineGECO,15,0.001,stylopharyngeus function,msmarco-passage/train,ielabgroup/vec2text_gtr-base-st_corrector
27,Role of autophagy in apoptosis,where they grow (Macrostrides) or other pathogens. They develop macrophages as a result of a migration to Canada,CosineGECO,15,0.001,where do macrophages develop,msmarco-passage/train,ielabgroup/vec2text_gtr-base-st_corrector
27,Role of autophagy in apoptosis,FTO protein does what it does,CosineGECO,15,0.001,what does FTO protein do,msmarco-passage/train,ielabgroup/vec2text_gtr-base-st_corrector
27,Role of autophagy in apoptosis,estimated how important genetics play a role in adhesion-deficiency (ADHD) and how long it plays a significant role,CosineGECO,15,0.001,how important a role does genetics play in adhd?,msmarco-passage/train,ielabgroup/vec2text_gtr-base-st_corrector
27,Role of autophagy in apoptosis,"a cell-to-cell process, cytochrome b-cell division is the one important process of reproduction, which is important for division",CosineGECO,15,0.001,which cell division process is important to reproduction,msmarco-passage/train,ielabgroup/vec2text_gtr-base-st_corrector
27,Role of autophagy in apoptosis,"a. Phagocytosis is a process in which a cell pyosaginates a cell, so",CosineGECO,15,0.001,Phagocytosis is a process in which a cell quizlet,msmarco-passage/train,ielabgroup/vec2text_gtr-base-st_corrector
28,Proteases that function in both apoptosis and autophagy cell death,"(nucleolus) are function function by nucleosome receptors, which help them to eat and digest other cells",CosineGECO,15,0.001,what are nucleolus function,msmarco-passage/train,ielabgroup/vec2text_gtr-base-st_corrector
28,Proteases that function in both apoptosis and autophagy cell death,"a process in which chemicals are released is triggered when a chemical is released, along with ions, carboxyls and volatiles",CosineGECO,15,0.001,what process is triggered when chemicals are released,msmarco-passage/train,ielabgroup/vec2text_gtr-base-st_corrector
28,Proteases that function in both apoptosis and autophagy cell death,"function. ALT-function enzyme ALT-function enzymes, a.k.a. ALT-function, actin-extra key",CosineGECO,15,0.001,alt enzyme.function,msmarco-passage/train,ielabgroup/vec2text_gtr-base-st_corrector
28,Proteases that function in both apoptosis and autophagy cell death,"enzymes which are the toxins or strids produced by Xanthomonas camptosis, or a keto",CosineGECO,15,0.001,what enzymes or toxins are produced by xanthomonas campstris,msmarco-passage/train,ielabgroup/vec2text_gtr-base-st_corrector
28,Proteases that function in both apoptosis and autophagy cell death,"a number of changes, i.e., changes that are occurring during the interval prior to somatic death, are somatic sto",CosineGECO,15,0.001,those changes occurring in the interval prior to somatic death are,msmarco-passage/train,ielabgroup/vec2text_gtr-base-st_corrector
28,Proteases that function in both apoptosis and autophagy cell death,"An autolysate (or ""autolyse"") is a process on a nutrient-rich plant that is an autoly",CosineGECO,15,0.001,what is an autolysate,msmarco-passage/train,ielabgroup/vec2text_gtr-base-st_corrector
28,Proteases that function in both apoptosis and autophagy cell death,"ATP is produced in glycolysis by aplybing to a thiophosphate 1 atp, and then glyco",CosineGECO,15,0.001,how is atp produced in glycolysis,msmarco-passage/train,ielabgroup/vec2text_gtr-base-st_corrector
28,Proteases that function in both apoptosis and autophagy cell death,"atenolol is metabolized in a different way than other metabolites, through a metabolized molar metabolism",CosineGECO,15,0.001,how is atenolol metabolized,msmarco-passage/train,ielabgroup/vec2text_gtr-base-st_corrector
28,Proteases that function in both apoptosis and autophagy cell death,cause a release of autin.,CosineGECO,15,0.001,what causes auxin to be released,msmarco-passage/train,ielabgroup/vec2text_gtr-base-st_corrector
28,Proteases that function in both apoptosis and autophagy cell death,"a number of functions of your bloodstream, which are two functions of your blood: re-inject your cholesterol, and sterabaster",CosineGECO,15,0.001,what are two functions of your bloodstream,msmarco-passage/train,ielabgroup/vec2text_gtr-base-st_corrector
29,Phenotypes of gyrA mutations,"the average number of mutations for each gene, a typical 2",CosineGECO,15,0.001,how many mutations for the average gene,msmarco-passage/train,ielabgroup/vec2text_gtr-base-st_corrector
29,Phenotypes of gyrA mutations,homozygous dominant phenotype (or homozygous-dominant-dominant genotype) of a plant homo,CosineGECO,15,0.001,homozygous dominant genotype,msmarco-passage/train,ielabgroup/vec2text_gtr-base-st_corrector
29,Phenotypes of gyrA mutations,which mutations affect the offspring to the individual to which they are passed on; (iii) mutations occur only to the parent; (,CosineGECO,15,0.001,_____ mutations affect only the individual in which they occur; _____ mutations are passed from parent to offspring.,msmarco-passage/train,ielabgroup/vec2text_gtr-base-st_corrector
29,Phenotypes of gyrA mutations,"(nanodrifts, n-acrosis) A frameshift is caused by a mutation caused by frameshifts of",CosineGECO,15,0.001,A frameshift is caused by ______ mutations,msmarco-passage/train,ielabgroup/vec2text_gtr-base-st_corrector
29,Phenotypes of gyrA mutations,"types of helicases, i.e. helix-pair helicase and dna helicase DNA",CosineGECO,15,0.001,types of dna helicase,msmarco-passage/train,ielabgroup/vec2text_gtr-base-st_corrector
29,Phenotypes of gyrA mutations,"who is a phenotype for individuals who are heterozygous, the phenotype of the dimples is.",CosineGECO,15,0.001,what is the phenotype of an individual who is heterozygous for dimples?,msmarco-passage/train,ielabgroup/vec2text_gtr-base-st_corrector
29,Phenotypes of gyrA mutations,of the Klinefelter syndrome is a type of mutation that occurs in klinefelter chromosomes (mk1A,CosineGECO,15,0.001,what type of mutation occurs in klinefelter syndrome,msmarco-passage/train,ielabgroup/vec2text_gtr-base-st_corrector
29,Phenotypes of gyrA mutations,"where and if a mutation has to occur in order for it to be inherited by the offspring, it will have to occur for the off",CosineGECO,15,0.001,where does a mutation have to occur in order for it to be inherited by the offspring,msmarco-passage/train,ielabgroup/vec2text_gtr-base-st_corrector
29,Phenotypes of gyrA mutations,"(in a variety of presenting disorders, Marfan syndrome is characterized by a genotype of the GV-MS-MS-MS",CosineGECO,15,0.001,what is the genotype of marfan syndrome,msmarco-passage/train,ielabgroup/vec2text_gtr-base-st_corrector
29,Phenotypes of gyrA mutations,"the average number of mutations for each gene, a typical 2",CosineGECO,15,0.001,how many mutations for the average gene,msmarco-passage/train,ielabgroup/vec2text_gtr-base-st_corrector
30,Regulatory targets of the Nkx gene family members,the VX nerve agent is a neuropathic benzene nitrate (benzene nitrate) agent,CosineGECO,15,0.001,what is the vx nerve agent,msmarco-passage/train,ielabgroup/vec2text_gtr-base-st_corrector
30,Regulatory targets of the Nkx gene family members,"nikki the bronx is a nascy, anthropomorphic babe at",CosineGECO,15,0.001,what is the bronx nikki?,msmarco-passage/train,ielabgroup/vec2text_gtr-base-st_corrector
30,Regulatory targets of the Nkx gene family members,The protein affected by fragile X syndrome is the protein -fetoprotein -fetoprotein (-feto,CosineGECO,15,0.001,what protein is affected by fragile x syndrome,msmarco-passage/train,ielabgroup/vec2text_gtr-base-st_corrector
30,Regulatory targets of the Nkx gene family members,responsibility of restocking pyxis. It is a given year to be determined by the drug administration and medication department Eccles,CosineGECO,15,0.001,who is responsible to restock medication pyxis,msmarco-passage/train,ielabgroup/vec2text_gtr-base-st_corrector
30,Regulatory targets of the Nkx gene family members,which molecule is the name of the target molecule of an enzyme (acro-enzymes or a phospholipid) that blinds,CosineGECO,15,0.001,what is the name of the target molecule to which an enzyme blinds,msmarco-passage/train,ielabgroup/vec2text_gtr-base-st_corrector
30,Regulatory targets of the Nkx gene family members,EC screening enlig nc is a screen for matagmatizing wall neoplasm. It is a bac,CosineGECO,15,0.001,what is enc screening malig n,msmarco-passage/train,ielabgroup/vec2text_gtr-base-st_corrector
30,Regulatory targets of the Nkx gene family members,a masked allele (or m-allele for a moccurring allele) is an allele for,CosineGECO,15,0.001,what is an allele is masked,msmarco-passage/train,ielabgroup/vec2text_gtr-base-st_corrector
30,Regulatory targets of the Nkx gene family members,"(now named Target) is about what Target is about, about what it is about, about the sale of products and money on Amazon.com and about",CosineGECO,15,0.001,what is target about,msmarco-passage/train,ielabgroup/vec2text_gtr-base-st_corrector
30,Regulatory targets of the Nkx gene family members,Postage Match. Match ncoa Match is a type of on-liquid auction match that is delivered to a mail or a US,CosineGECO,15,0.001,what is a postage ncoa match,msmarco-passage/train,ielabgroup/vec2text_gtr-base-st_corrector
30,Regulatory targets of the Nkx gene family members,"definition of gene regulation, a gene is a gene that regulates the amount and duration of the acetylcholine and",CosineGECO,15,0.001,gene regulation definition,msmarco-passage/train,ielabgroup/vec2text_gtr-base-st_corrector
31,TOR signaling in neurofibromatosis,", , and , are chemical that amplify and modulate signals between a neuron and another cell to relay to another cell",CosineGECO,15,0.001,what are chemical which relay amplify and modulate signals between a neuron and another cell,msmarco-passage/train,ielabgroup/vec2text_gtr-base-st_corrector
31,TOR signaling in neurofibromatosis,"a type of neuropathy that people with HIV and HIV-Affib have, people with HIV do not",CosineGECO,15,0.001,what kind of neuropathy do people with hiv have,msmarco-passage/train,ielabgroup/vec2text_gtr-base-st_corrector
31,TOR signaling in neurofibromatosis,"symptom distress oncology scale (grade 1 to 0), mood distress (intensity) and stress apprehension. Cancer",CosineGECO,15,0.001,symptom distress scale oncology,msmarco-passage/train,ielabgroup/vec2text_gtr-base-st_corrector
31,TOR signaling in neurofibromatosis,"rass2A38 receptor, like other rass2A38, it encodes dominant tass2",CosineGECO,15,0.001,what kind of receptor does dominant tas2r38 encode,msmarco-passage/train,ielabgroup/vec2text_gtr-base-st_corrector
31,TOR signaling in neurofibromatosis,which protein initiates gene transcription and allows the use of non-glucose molecules (e.g. glucose),CosineGECO,15,0.001,what protein initiates gene transcription and allows for the use of non-glucose molecules?,msmarco-passage/train,ielabgroup/vec2text_gtr-base-st_corrector
31,TOR signaling in neurofibromatosis,a normal degree of flexion for MTP retiux or a normal degree of flexion from flexion hallux-lumbar,CosineGECO,15,0.001,normal degree for mtp flexion hallux,msmarco-passage/train,ielabgroup/vec2text_gtr-base-st_corrector
31,TOR signaling in neurofibromatosis,how secure the browser is (depending on the browser used to run a censorship campaign on the Internet) is 0.5–0.6 TOR,CosineGECO,15,0.001,how secure is tor browser?,msmarco-passage/train,ielabgroup/vec2text_gtr-base-st_corrector
31,TOR signaling in neurofibromatosis,"a tumor on auditory nerve is a significant symptom, i.e. hearing loss, headache, apnea symptoms",CosineGECO,15,0.001,tumor on auditory nerve symptoms,msmarco-passage/train,ielabgroup/vec2text_gtr-base-st_corrector
31,TOR signaling in neurofibromatosis,"the definition of endocrine signaling, a biology signaling mechanism by the glino- and endocrine hormones",CosineGECO,15,0.001,endocrine signaling definition biology,msmarco-passage/train,ielabgroup/vec2text_gtr-base-st_corrector
31,TOR signaling in neurofibromatosis,"the phagocytic cell, and other neuroglial cells, possess phagocytic and aqueduct properties.",CosineGECO,15,0.001,which neuroglial cell possesses phagocytic properties,msmarco-passage/train,ielabgroup/vec2text_gtr-base-st_corrector
32,Xenograft animal models of tumorogenesis,in animals somatic cells are produced by -cells and -cells are produced by gametic cells and sokocytes by,CosineGECO,15,0.001,in animals somatic cells are produced by and gametic cells are produced by,msmarco-passage/train,ielabgroup/vec2text_gtr-base-st_corrector
32,Xenograft animal models of tumorogenesis,genetic disease phenotype is a phenotype with a diagnosis of a person with a cisgastroblast,CosineGECO,15,0.001,genetic disease phenotype,msmarco-passage/train,ielabgroup/vec2text_gtr-base-st_corrector
32,Xenograft animal models of tumorogenesis,three different structures that form as outpocketing equestriates: The diencephalons of the dyatomolar,CosineGECO,15,0.001,what three different structures form as outpocketings of the diencephalon,msmarco-passage/train,ielabgroup/vec2text_gtr-base-st_corrector
32,Xenograft animal models of tumorogenesis,"discovery of a X gene, XY, i.e. Xy-gene, XybDNA genetic discovery",CosineGECO,15,0.001,xy genetic discovery,msmarco-passage/train,ielabgroup/vec2text_gtr-base-st_corrector
32,Xenograft animal models of tumorogenesis,(a.k.a. morphogenesis or morphopogenesis) is a physiology of life cycles which is,CosineGECO,15,0.001,what is morphogenesis,msmarco-passage/train,ielabgroup/vec2text_gtr-base-st_corrector
32,Xenograft animal models of tumorogenesis,a procedure called a c-sk cadasm would be used to look at the cells inside the bone to determine their size.,CosineGECO,15,0.001,what procedure would be used to look at the cells inside the bone?,msmarco-passage/train,ielabgroup/vec2text_gtr-base-st_corrector
32,Xenograft animal models of tumorogenesis,"help donors and aided by the XXY bill, the XXY disease affects on chromosomes and the effects",CosineGECO,15,0.001,who helps with bills the xxyy chromosome disease effects,msmarco-passage/train,ielabgroup/vec2text_gtr-base-st_corrector
32,Xenograft animal models of tumorogenesis,"difference between tumor suppressor genes and -oncogenes, i.e. -oncogenes to proto",CosineGECO,15,0.001,difference between proto-oncogenes to tumor suppressor genes,msmarco-passage/train,ielabgroup/vec2text_gtr-base-st_corrector
32,Xenograft animal models of tumorogenesis,with gluconeogenesis and glucoepitogenesis are human beings capable of gluconeogenesis. Human physio,CosineGECO,15,0.001,are human capable of gluconeogenesis,msmarco-passage/train,ielabgroup/vec2text_gtr-base-st_corrector
32,Xenograft animal models of tumorogenesis,(non-co-productive reproduction of a horse and a bologna) are some asexual animals such as Azion,CosineGECO,15,0.001,what are some asexual animals,msmarco-passage/train,ielabgroup/vec2text_gtr-base-st_corrector
33,"Mice, mutant strains, and Histoplasmosis",a histamine capillaries do is dilate the vesicles and repress their sensitivity to changes in histamine,CosineGECO,15,0.001,histamine dilates the capillaries that do what,msmarco-passage/train,ielabgroup/vec2text_gtr-base-st_corrector
33,"Mice, mutant strains, and Histoplasmosis",what mutation causes the most damage is the “asymptotic damage” due to the differences between the cDNA and the argin,CosineGECO,15,0.001,what mutation causes the most damage,msmarco-passage/train,ielabgroup/vec2text_gtr-base-st_corrector
33,"Mice, mutant strains, and Histoplasmosis",Classification of Hydro-synthetics (HTS) is a classification. HTTS is a classification for high quality,CosineGECO,15,0.001,what is hts classification,msmarco-passage/train,ielabgroup/vec2text_gtr-base-st_corrector
33,"Mice, mutant strains, and Histoplasmosis","a patient is likely to become infected by circulating mucor, especially if the patient is not infected with the material from mu",CosineGECO,15,0.001,how a patient is likely to become infected with mucor,msmarco-passage/train,ielabgroup/vec2text_gtr-base-st_corrector
33,"Mice, mutant strains, and Histoplasmosis",PIPE to strain peak PIPE to strain peak is a strain-to-strain ratio that is a peak in the direction of,CosineGECO,15,0.001,what is strain peak to peak,msmarco-passage/train,ielabgroup/vec2text_gtr-base-st_corrector
33,"Mice, mutant strains, and Histoplasmosis","disorders caused by gene mutations in a number of human genes, including a gene defect caused by inherited glucosis and autism",CosineGECO,15,0.001,disorders caused by gene mutations,msmarco-passage/train,ielabgroup/vec2text_gtr-base-st_corrector
33,"Mice, mutant strains, and Histoplasmosis",barrier or mucus is a type of scythema barrier. This type of barrier depends on the conditions of air flow patterns,CosineGECO,15,0.001,what type of barrier is mucus,msmarco-passage/train,ielabgroup/vec2text_gtr-base-st_corrector
33,"Mice, mutant strains, and Histoplasmosis","heterozygous truncating  and  truncating , is a histidine-like mutation",CosineGECO,15,0.001,what is heterozygous truncating mutation,msmarco-passage/train,ielabgroup/vec2text_gtr-base-st_corrector
33,"Mice, mutant strains, and Histoplasmosis","symptoms of bacterial infection (e.g., rheumatic fever or bloopers) of mycoplasma bacteria are symptoms",CosineGECO,15,0.001,symptoms of mycoplasma bacterial infection,msmarco-passage/train,ielabgroup/vec2text_gtr-base-st_corrector
33,"Mice, mutant strains, and Histoplasmosis","question is what a relationship is there between stress and metabolic syndrome, and how much of a connection it has to the two, and a link",CosineGECO,15,0.001,what is the relationship between stress and metabolic syndrome?,msmarco-passage/train,ielabgroup/vec2text_gtr-base-st_corrector
34,Gene products of Cryptococcus important to fungal survival,"in humans can we get coccidia from dogs and if we do, dogs can get a spherical bowel disease",CosineGECO,15,0.001,can humans get coccidia from dogs,msmarco-passage/train,ielabgroup/vec2text_gtr-base-st_corrector
34,Gene products of Cryptococcus important to fungal survival,"scientific classification, NOTSOC is classified into the genus of narcosaurins, a class of bacterial orders",CosineGECO,15,0.001,what is the scientific classification of nostoc,msmarco-passage/train,ielabgroup/vec2text_gtr-base-st_corrector
34,Gene products of Cryptococcus important to fungal survival,significance of Streptococcus pyogenes is their association with a number of bacterial pyogenes,CosineGECO,15,0.001,what are the significance of Streptococcus pyogenes,msmarco-passage/train,ielabgroup/vec2text_gtr-base-st_corrector
34,Gene products of Cryptococcus important to fungal survival,"by a patient with a fungal infection, eczema, or microbial infections, fungal infections cause facial burns",CosineGECO,15,0.001,what causes facial fungal infections,msmarco-passage/train,ielabgroup/vec2text_gtr-base-st_corrector
34,Gene products of Cryptococcus important to fungal survival,"a corn meal product, a corn flour product or a glucose-based corn meal, is a gluten food product that",CosineGECO,15,0.001,what is a corn meal gluten product,msmarco-passage/train,ielabgroup/vec2text_gtr-base-st_corrector
34,Gene products of Cryptococcus important to fungal survival,"a corn meal product, a corn flour product or a glucose-based corn meal, is a gluten food product that",CosineGECO,15,0.001,what is a corn meal gluten product,msmarco-passage/train,ielabgroup/vec2text_gtr-base-st_corrector
34,Gene products of Cryptococcus important to fungal survival,is Enterococcus faecalis faecalis faecalis resistant. Bile is resistant to,CosineGECO,15,0.001,is enterococcus faecalis bile resistant,msmarco-passage/train,ielabgroup/vec2text_gtr-base-st_corrector
34,Gene products of Cryptococcus important to fungal survival,"in food preparations for resistant corn and other types of wheat and grazing, corn is considered starch resistant; however, corn resistance is no longer",CosineGECO,15,0.001,is corn considered starch resistant,msmarco-passage/train,ielabgroup/vec2text_gtr-base-st_corrector
34,Gene products of Cryptococcus important to fungal survival,"Xylogen formula for candidiasis, Xamodromogen A is the formula for overgrowth of candidias",CosineGECO,15,0.001,what xymogen formula is for candida overgrowth,msmarco-passage/train,ielabgroup/vec2text_gtr-base-st_corrector
34,Gene products of Cryptococcus important to fungal survival,gelusil contains a mixture of substances such as beeswax and musci. It contains gestinol,CosineGECO,15,0.001,what does gelusil contain,msmarco-passage/train,ielabgroup/vec2text_gtr-base-st_corrector
35,WD40 repeat-containing proteins,"foods containing a rich in protein, kisan berries, mushy goat meat, sperm are the highest in protein",CosineGECO,15,0.001,what are the foods highest in protein,msmarco-passage/train,ielabgroup/vec2text_gtr-base-st_corrector
35,WD40 repeat-containing proteins,"is a good source of protein, a healthy beef jerky is a good source of a dextro-carb",CosineGECO,15,0.001,is beef jerky a good source of protein,msmarco-passage/train,ielabgroup/vec2text_gtr-base-st_corrector
35,WD40 repeat-containing proteins,containing edta. It contains EDA and a variety of dietary proteins such as chilol and glucose. This,CosineGECO,15,0.001,what contains edta,msmarco-passage/train,ielabgroup/vec2text_gtr-base-st_corrector
35,WD40 repeat-containing proteins,is a protein; capers are a small part of the mRNA. Capers are a low-density bacill,CosineGECO,15,0.001,are capers a protein,msmarco-passage/train,ielabgroup/vec2text_gtr-base-st_corrector
35,WD40 repeat-containing proteins,"Known as high resilience foam, it is a high-silience foam that is a durable foam and a paint that is suitable for",CosineGECO,15,0.001,what is high resilience foam,msmarco-passage/train,ielabgroup/vec2text_gtr-base-st_corrector
35,WD40 repeat-containing proteins,"contains a number of protein fatty acids, such as cystic fibrosis and calf-canine, chicken protein is an protein",CosineGECO,15,0.001,is chicken protein,msmarco-passage/train,ielabgroup/vec2text_gtr-base-st_corrector
35,WD40 repeat-containing proteins,"what is made of proteins, a protein made of dnaA, dnaA, and dna protein, grows",CosineGECO,15,0.001,what is made of dna proteins,msmarco-passage/train,ielabgroup/vec2text_gtr-base-st_corrector
35,WD40 repeat-containing proteins,why a protein shakes will congeals. This is because protein shakes after a liquid is released into its arteries and leaves its muscle,CosineGECO,15,0.001,why does protein shake congeals,msmarco-passage/train,ielabgroup/vec2text_gtr-base-st_corrector
35,WD40 repeat-containing proteins,"a large egg has a protein, ranging from 0.5 to 1.7 g per ounce of protein in the egg or the egg cap",CosineGECO,15,0.001,how much protein does a large egg have,msmarco-passage/train,ielabgroup/vec2text_gtr-base-st_corrector
35,WD40 repeat-containing proteins,"with a nutrient rich mush, a sweetened water, and a reduced fat. Apples are rich in proteins,",CosineGECO,15,0.001,are apples rich in proteins,msmarco-passage/train,ielabgroup/vec2text_gtr-base-st_corrector
36,RAB3A,raa system is a system defined as a system of adrenergic action during alcoholic adequacy.,CosineGECO,15,0.001,raa system definition,msmarco-passage/train,ielabgroup/vec2text_gtr-base-st_corrector
36,RAB3A,"codes i.e., the Pokemon Omega ruby rogues rpga, the Pokemon   (code 80",CosineGECO,15,0.001,codes for pokemon omega ruby,msmarco-passage/train,ielabgroup/vec2text_gtr-base-st_corrector
36,RAB3A,"rajeev masand , alias Rajeev masand, is a current president of the world armed",CosineGECO,15,0.001,who is rajeev masand,msmarco-passage/train,ielabgroup/vec2text_gtr-base-st_corrector
36,RAB3A,"Abba Abba is a legendary American performer, producer, and producer of ""The Who's Who"" and ""Lucas",CosineGECO,15,0.001,who is abba,msmarco-passage/train,ielabgroup/vec2text_gtr-base-st_corrector
36,RAB3A,(or robi) batteries is a series of in-line rechargeable batteries from Rycroft Corporation that is a key tool in the,CosineGECO,15,0.001,what is a ryobi batteries,msmarco-passage/train,ielabgroup/vec2text_gtr-base-st_corrector
36,RAB3A,code 023A. The ENGINE code 023A is the vehicle code of a honda f4 which means it is,CosineGECO,15,0.001,what is honda eng code f23a4 mean,msmarco-passage/train,ielabgroup/vec2text_gtr-base-st_corrector
36,RAB3A,number abbestri achromat. Abbestri achromat Abbestri achromat () is a color number,CosineGECO,15,0.001,abbe number achromat,msmarco-passage/train,ielabgroup/vec2text_gtr-base-st_corrector
36,RAB3A,robi number. The robi number is 731 and the PI-MAC-I identifier is a part number for access,CosineGECO,15,0.001,robi number,msmarco-passage/train,ielabgroup/vec2text_gtr-base-st_corrector
36,RAB3A,to say welcome to egypt in Arabic 'ah saavedi egypt i,CosineGECO,15,0.001,how do you say welcome to egypt in arabic,msmarco-passage/train,ielabgroup/vec2text_gtr-base-st_corrector
36,RAB3A,medical terminology is the RBA (Rab-Alfa-Alfa-Alfa-bulb). This acronym,CosineGECO,15,0.001,what is the medical terminology for rba,msmarco-passage/train,ielabgroup/vec2text_gtr-base-st_corrector
37,PAM,PA system. A PA system works by triggering a series of pulse signals that are divided by the volume of the system. These systems are about 50,CosineGECO,15,0.001,how pa systems work,msmarco-passage/train,ielabgroup/vec2text_gtr-base-st_corrector
37,PAM,abbreviation            or P is president,CosineGECO,15,0.001,what is the abbreviation of president,msmarco-passage/train,ielabgroup/vec2text_gtr-base-st_corrector
37,PAM,"words that rhyme gleam: gloam a blaze, sleaze, glamour, glamour",CosineGECO,15,0.001,words that rhyme with gleam,msmarco-passage/train,ielabgroup/vec2text_gtr-base-st_corrector
37,PAM,"chiam,",CosineGECO,15,0.001,"chiam, definition",msmarco-passage/train,ielabgroup/vec2text_gtr-base-st_corrector
37,PAM,a group called Carm Unitarian. It is a dietary system of asexual and abiotic cervix fasciculo,CosineGECO,15,0.001,what is carm unitarian?,msmarco-passage/train,ielabgroup/vec2text_gtr-base-st_corrector
37,PAM,"“Pa” – Pal, a definition of a person, a friend, trust fund, and human agent, first introduced by Barry",CosineGECO,15,0.001,definition of pal,msmarco-passage/train,ielabgroup/vec2text_gtr-base-st_corrector
37,PAM,Act of Parliament (PA) and United Kingdom High Commissioner (Early Issue). Pre stands for Pray & Poor Development Pray & Poor,CosineGECO,15,0.001,what does prea stand for,msmarco-passage/train,ielabgroup/vec2text_gtr-base-st_corrector
37,PAM,salatim is a calcium phosphate tablet and a fungus. It is also known as salatim and is an,CosineGECO,15,0.001,what is salatim,msmarco-passage/train,ielabgroup/vec2text_gtr-base-st_corrector
37,PAM,"defined as palty. A form of a tarsome, a blocky, a fluid, aplastic, and resilient magnet",CosineGECO,15,0.001,define palty,msmarco-passage/train,ielabgroup/vec2text_gtr-base-st_corrector
37,PAM,PDlm is a unique tax tracking and emphysema-related program on DirecTV and DMLP,CosineGECO,15,0.001,what is pdlm,msmarco-passage/train,ielabgroup/vec2text_gtr-base-st_corrector
38,Risk factors for stroke,condition in which the mother or fetus is at risk if there is poor glycemic control in the later womb,CosineGECO,15,0.001,which condition is a fetus at risk for if the mother has poor glycemic control later in pregnancy?,msmarco-passage/train,ielabgroup/vec2text_gtr-base-st_corrector
38,Risk factors for stroke,a specific external factor is the immune response that triggers (usually a combination of innate and innate immune responses and a given immune response,CosineGECO,15,0.001,what external factor typically triggers a specific immune response,msmarco-passage/train,ielabgroup/vec2text_gtr-base-st_corrector
38,Risk factors for stroke,"– because oxygen is bad for stroke, and if it is not enough to obstruct the brain and other organs that can",CosineGECO,15,0.001,why is oxygen bad for stroke,msmarco-passage/train,ielabgroup/vec2text_gtr-base-st_corrector
38,Risk factors for stroke,"because of nsaids, nsaids cause strokes, especially when they are presenting with a neouri",CosineGECO,15,0.001,why do nsaids cause strokes,msmarco-passage/train,ielabgroup/vec2text_gtr-base-st_corrector
38,Risk factors for stroke,"a number of cases, there are at least 1,100 known cases of strokes (currently known to be a case based on the condition",CosineGECO,15,0.001,how many known cases are there of strokes,msmarco-passage/train,ielabgroup/vec2text_gtr-base-st_corrector
38,Risk factors for stroke,"patients at a time of stroke are a risk of responding to a dreadful patient. Some patients smell popcorn, some smell a",CosineGECO,15,0.001,do stroke patients smell popcorn,msmarco-passage/train,ielabgroup/vec2text_gtr-base-st_corrector
38,Risk factors for stroke,"a cause of a stifle, a cough, or a cholinergic flu. This causes strep",CosineGECO,15,0.001,causes for strep throat,msmarco-passage/train,ielabgroup/vec2text_gtr-base-st_corrector
38,Risk factors for stroke,definition of a 'side stroke' – a muscle contraction of a pulmonary artery – a muscle resus,CosineGECO,15,0.001,definition of side stroke,msmarco-passage/train,ielabgroup/vec2text_gtr-base-st_corrector
38,Risk factors for stroke,"gastrointestinal cancer. Increases in risk of bladder cancer, extending to a lower age and a higher rate of relapse, increases risk",CosineGECO,15,0.001,what increases risk for bladder cancer?,msmarco-passage/train,ielabgroup/vec2text_gtr-base-st_corrector
38,Risk factors for stroke,"a result of a refracturing or a stroke in your face, it is what causes you to have a glau",CosineGECO,15,0.001,what causes you to have a stroke in your face,msmarco-passage/train,ielabgroup/vec2text_gtr-base-st_corrector
39,Hypertension,"stages of retinopathy (tensile retinopathy with hypertensive retinopathy with high sensitivity), and later",CosineGECO,15,0.001,stages of hypertensive retinopathy,msmarco-passage/train,ielabgroup/vec2text_gtr-base-st_corrector
39,Hypertension,a normal reading of . Blood pressures start out at 10.5 m blood and dietary recommendations and blood tests are used to compare them.,CosineGECO,15,0.001,what's normal blood pressure readings,msmarco-passage/train,ielabgroup/vec2text_gtr-base-st_corrector
39,Hypertension,how afterload plays a role in the treatment of hypertension and how it can reduce the impact of a treatment such as adrene,CosineGECO,15,0.001,how does afterload play a role in treatment of hypertension,msmarco-passage/train,ielabgroup/vec2text_gtr-base-st_corrector
39,Hypertension,"what is considered healthy, and a 115-80-mi range of normal blood pressure (blood sex index) is a recommendation",CosineGECO,15,0.001,what is considered a healthy (normal) range for blood pressure?,msmarco-passage/train,ielabgroup/vec2text_gtr-base-st_corrector
39,Hypertension,(hyperuricemia) is a blood ailment and a condition of the urocornes that follows hyperuri,CosineGECO,15,0.001,what is hyperuricemia,msmarco-passage/train,ielabgroup/vec2text_gtr-base-st_corrector
39,Hypertension,"During high concentrations of suckers, a clogging organ such as collagen is what causes hypertonic jerk. This condition occurs",CosineGECO,15,0.001,what causes hypertonic jerk,msmarco-passage/train,ielabgroup/vec2text_gtr-base-st_corrector
39,Hypertension,"a high amount of hemoglobin, such as hemoglobin and fibrinogen, make blood hemoglobin elevated, triggering an elevated",CosineGECO,15,0.001,what makes hemoglobin elevated,msmarco-passage/train,ielabgroup/vec2text_gtr-base-st_corrector
39,Hypertension,"is high, potatoes can be a good indicator of blood pressure due to a high blood pressure index (maternal somatosis",CosineGECO,15,0.001,is potato good for high blood pressure,msmarco-passage/train,ielabgroup/vec2text_gtr-base-st_corrector
39,Hypertension,"because of a blood pressure bluff, blood pressure bounces when a blood vessel is retracted into its inflated state and rest",CosineGECO,15,0.001,why does blood pressure bounce,msmarco-passage/train,ielabgroup/vec2text_gtr-base-st_corrector
39,Hypertension,"eat, take a feces-free diet, and use fluids to counteract what happens when your blood pressure is high.",CosineGECO,15,0.001,what to do when your blood pressure is high?,msmarco-passage/train,ielabgroup/vec2text_gtr-base-st_corrector
40,Antigens expressed by lung epithelial cells,type of epithelium is the esophagothenastolic epithelium that lines the esoph,CosineGECO,15,0.001,what type of epithelium lines the esophagus,msmarco-passage/train,ielabgroup/vec2text_gtr-base-st_corrector
40,Antigens expressed by lung epithelial cells,define and differentiate antigen and a corresponding definition of antigen and the types of antigens from which antigens are derived and anti,CosineGECO,15,0.001,define antigen and differentiate between the various types of antigens,msmarco-passage/train,ielabgroup/vec2text_gtr-base-st_corrector
40,Antigens expressed by lung epithelial cells,the cells known as lymphocytes (Hymno-Lys-A-W-Y-O). They are also known as,CosineGECO,15,0.001,the cells known as lymphocytes,msmarco-passage/train,ielabgroup/vec2text_gtr-base-st_corrector
40,Antigens expressed by lung epithelial cells,"because the lungs are a part of the brain that envelops the pulmonary vessels, it affects anemia in the lungs,",CosineGECO,15,0.001,why does the lungs affect anemia,msmarco-passage/train,ielabgroup/vec2text_gtr-base-st_corrector
40,Antigens expressed by lung epithelial cells,"which antibodies are produced for allergic sensitivity reactions, i.e., BP-129, b-catastrophes",CosineGECO,15,0.001,what antibodies are produced in allergic sensitization,msmarco-passage/train,ielabgroup/vec2text_gtr-base-st_corrector
40,Antigens expressed by lung epithelial cells,types of cells. The walls of the heart are composed of a cytochrome acetate (Case A) cells.,CosineGECO,15,0.001,what type of cells are the walls of the heart composed of?,msmarco-passage/train,ielabgroup/vec2text_gtr-base-st_corrector
40,Antigens expressed by lung epithelial cells,"that in nearly all eukaryotic organisms, ectospin and respiration are found in a wide range of cell organ",CosineGECO,15,0.001,what is found in nearly all eukaryotic organisms for cell respiration,msmarco-passage/train,ielabgroup/vec2text_gtr-base-st_corrector
40,Antigens expressed by lung epithelial cells,a single set of cells are what are involved in pancreatic cancer. Specific cells include pancreatic eczema and pancre,CosineGECO,15,0.001,what specific cells are involved with pancreatic cancer,msmarco-passage/train,ielabgroup/vec2text_gtr-base-st_corrector
40,Antigens expressed by lung epithelial cells,the different types of epithelial tissue according to the hippocampus hippocampus and the epithelial tissue is named according to,CosineGECO,15,0.001,the different types of epithelial tissue are named according to,msmarco-passage/train,ielabgroup/vec2text_gtr-base-st_corrector
40,Antigens expressed by lung epithelial cells,(epilocytic ephrintha) epiploic appendage is a treatment of agitation after,CosineGECO,15,0.001,what is epiploic appendagitis treatment,msmarco-passage/train,ielabgroup/vec2text_gtr-base-st_corrector
41,Mutations in the Cystic Fibrosis conductance regulator gene,"if chicken pox is a cause of a chest X-ray, it can exhibit abnormalities on the breast X-rays",CosineGECO,15,0.001,can chicken pox cause abnormalities on a chest xray,msmarco-passage/train,ielabgroup/vec2text_gtr-base-st_corrector
41,Mutations in the Cystic Fibrosis conductance regulator gene,"chromosomal abnormalities that cause turner syndrome and/or Dussey-Hill syndrome, the chromosomal",CosineGECO,15,0.001,what chromosomal abnormality causes turner syndrome,msmarco-passage/train,ielabgroup/vec2text_gtr-base-st_corrector
41,Mutations in the Cystic Fibrosis conductance regulator gene,"the test used to determine cystic fibrosis, or CF-fibrosis, is performed to determine cystic",CosineGECO,15,0.001,what test is done to determine cystic fibrosis,msmarco-passage/train,ielabgroup/vec2text_gtr-base-st_corrector
41,Mutations in the Cystic Fibrosis conductance regulator gene,"case of feistrate-refractory failure, and myocardial rupture is usually a cause of CHF in a heart",CosineGECO,15,0.001,is myocardial rupture a cause of chf,msmarco-passage/train,ielabgroup/vec2text_gtr-base-st_corrector
41,Mutations in the Cystic Fibrosis conductance regulator gene,the fusiform gyrus is a gyromyoid femur that changes its shape and lateral,CosineGECO,15,0.001,what is the fusiform gyrus,msmarco-passage/train,ielabgroup/vec2text_gtr-base-st_corrector
41,Mutations in the Cystic Fibrosis conductance regulator gene,chromosome cf. Klinefelter syndrome is a chromosome mutations chromosome cfet,CosineGECO,15,0.001,what is chromosome mutations klinefelter's syndrome,msmarco-passage/train,ielabgroup/vec2text_gtr-base-st_corrector
41,Mutations in the Cystic Fibrosis conductance regulator gene,"where LCT gene is found. It is found in Lungavirus, Lungavirus, Lungavirus, Litch-Ro",CosineGECO,15,0.001,where is LCT gene found,msmarco-passage/train,ielabgroup/vec2text_gtr-base-st_corrector
41,Mutations in the Cystic Fibrosis conductance regulator gene,"cystic fibrosis , also known as CFF, the scientific definition of fibrolic fibrosis and fibrolic",CosineGECO,15,0.001,cystic fibrosis scientific definition,msmarco-passage/train,ielabgroup/vec2text_gtr-base-st_corrector
41,Mutations in the Cystic Fibrosis conductance regulator gene,"under circumstances where genes can unlink genes. Typically, it is when a person is unable to separate genes from an ill-fated",CosineGECO,15,0.001,what circumstances can unlink genes,msmarco-passage/train,ielabgroup/vec2text_gtr-base-st_corrector
41,Mutations in the Cystic Fibrosis conductance regulator gene,"is marfan styliasis (Marfan syndrome) or a genetic mutation (Marfan’s), a mutation",CosineGECO,15,0.001,is marfan syndrome a mutation,msmarco-passage/train,ielabgroup/vec2text_gtr-base-st_corrector
42,Genes altered by chromosome translocations,Alleles (as well as a clone) and mutation are linked by -alleles and -al,CosineGECO,15,0.001,how are alleles and mutation linked,msmarco-passage/train,ielabgroup/vec2text_gtr-base-st_corrector
42,Genes altered by chromosome translocations,translation invariant denoising wavelet (-wavelet -dissipation -layer) invariant,CosineGECO,15,0.001,translation invariant wavelet denoising,msmarco-passage/train,ielabgroup/vec2text_gtr-base-st_corrector
42,Genes altered by chromosome translocations,because genes expression is important and can be a vital part of a plant cell’s esophagus. It is important in plants,CosineGECO,15,0.001,why is gene expression important in plants,msmarco-passage/train,ielabgroup/vec2text_gtr-base-st_corrector
42,Genes altered by chromosome translocations,T-cell arrangement T-cell-cell-cell clonality is a clonal gene assemblage of chromosome numbers,CosineGECO,15,0.001,what is t-cell clonality gene arrangement?,msmarco-passage/train,ielabgroup/vec2text_gtr-base-st_corrector
42,Genes altered by chromosome translocations,function of -kras gene (-kras baksis gene) to improve the protein characteristic,CosineGECO,15,0.001,function of kras gene,msmarco-passage/train,ielabgroup/vec2text_gtr-base-st_corrector
42,Genes altered by chromosome translocations,definition of chromosome structure            structure mutation,CosineGECO,15,0.001,definition of chromosome structure mutation,msmarco-passage/train,ielabgroup/vec2text_gtr-base-st_corrector
42,Genes altered by chromosome translocations,"Explaining what it is that it is a transgene in biology, transgenesis is a mechanism in biology of animals and lichen",CosineGECO,15,0.001,what is transgenesis in biology,msmarco-passage/train,ielabgroup/vec2text_gtr-base-st_corrector
42,Genes altered by chromosome translocations,the process that maintains a chromosome within a species (as well as the chromosome in question) remains chro,CosineGECO,15,0.001,what process maintains the chromosome within a species,msmarco-passage/train,ielabgroup/vec2text_gtr-base-st_corrector
42,Genes altered by chromosome translocations,"mththrin gene mutation, mthfr is a mthr-mfr gene. This gene fore",CosineGECO,15,0.001,mthfr gene mutation,msmarco-passage/train,ielabgroup/vec2text_gtr-base-st_corrector
42,Genes altered by chromosome translocations,Human transmutation Human transmutation (       ) is the process of changing human,CosineGECO,15,0.001,what is human transmutation,msmarco-passage/train,ielabgroup/vec2text_gtr-base-st_corrector
43,Sleeping Beauty,Causes such as a sneezing or a medical check-up can cause you to wake up all through the night by,CosineGECO,15,0.001,what cause you to wake up all through the night,msmarco-passage/train,ielabgroup/vec2text_gtr-base-st_corrector
43,Sleeping Beauty,a way to tell if a person is in a deep sleep and look for signs that he or she is in a deep sleep,CosineGECO,15,0.001,how to tell if someone is in a deep sleep,msmarco-passage/train,ielabgroup/vec2text_gtr-base-st_corrector
43,Sleeping Beauty,"a rooster named ""soo-eah-e-a-pig"", Dr. Seuss was his imaginary",CosineGECO,15,0.001,what was the name of dr. seuss's imaginary daughter,msmarco-passage/train,ielabgroup/vec2text_gtr-base-st_corrector
43,Sleeping Beauty,"who are babies from 0 to 18 months old and sleep all night, when they are born, babies will be sleeping at a slee",CosineGECO,15,0.001,how old are babies when they sleep all night,msmarco-passage/train,ielabgroup/vec2text_gtr-base-st_corrector
43,Sleeping Beauty,a stardust study to study the sleep astrobiology and sleep astronutrition. A Stardust study does work as,CosineGECO,15,0.001,does a stardust sleep study work,msmarco-passage/train,ielabgroup/vec2text_gtr-base-st_corrector
43,Sleeping Beauty,"device used to measure sleep, the h-bh-gh-bh-fi-symbol, is used to measure",CosineGECO,15,0.001,what device is used to measure sleep,msmarco-passage/train,ielabgroup/vec2text_gtr-base-st_corrector
43,Sleeping Beauty,every 2 to 3 hours a day when a ferret (fossil frogs or ferrets) sleep,CosineGECO,15,0.001,how often do ferrets sleep,msmarco-passage/train,ielabgroup/vec2text_gtr-base-st_corrector
43,Sleeping Beauty,"at a time when the body is awakened and the sun arose, Deep sleep occurs between 02:30 and 01:30",CosineGECO,15,0.001,what time does deep sleep occur,msmarco-passage/train,ielabgroup/vec2text_gtr-base-st_corrector
43,Sleeping Beauty,"is bruxism related to sleep apnea, or a diagnosis of sleep apnea mex",CosineGECO,15,0.001,is bruxism related to sleep apnea,msmarco-passage/train,ielabgroup/vec2text_gtr-base-st_corrector
43,Sleeping Beauty,"where they sleep, a raccoon's snaps are located close to where raccoons sleep",CosineGECO,15,0.001,where do raccoons sleep,msmarco-passage/train,ielabgroup/vec2text_gtr-base-st_corrector
44,Proteins involved in the nerve growth factor pathway,"(akin to x-chromosomes or x-chromosomes), what proteins associated with x chromosomes",CosineGECO,15,0.001,what proteins associated with x chromosomes called,msmarco-passage/train,ielabgroup/vec2text_gtr-base-st_corrector
44,Proteins involved in the nerve growth factor pathway,"the muscle cell neuron process entrains a motor neuron to stimulate the cell to excise the motor neuron, which is active",CosineGECO,15,0.001,what process does the motor neuron stimulate the muscle cell,msmarco-passage/train,ielabgroup/vec2text_gtr-base-st_corrector
44,Proteins involved in the nerve growth factor pathway,the protein that binds to tropomyosin when actin moves off the mt-active site of the actin is,CosineGECO,15,0.001,"the protein that binds to actin when tropomyosin moves off of the active sites of actin, is",msmarco-passage/train,ielabgroup/vec2text_gtr-base-st_corrector
44,Proteins involved in the nerve growth factor pathway,"Using the ribosuform fluids, the pathway of the trigeminal nerves is the nerves of the intestine",CosineGECO,15,0.001,what is the pathway of the trigeminal nerves,msmarco-passage/train,ielabgroup/vec2text_gtr-base-st_corrector
44,Proteins involved in the nerve growth factor pathway,"a number of proteins that can be made from recombinant DNA technology, such as recombinant DNA and recombin",CosineGECO,15,0.001,what are some proteins that can be made from recombinant DNA technology,msmarco-passage/train,ielabgroup/vec2text_gtr-base-st_corrector
44,Proteins involved in the nerve growth factor pathway,"a stage is the acromectoid erythematosis. During this stage, the cell produces proteins",CosineGECO,15,0.001,what stage does the cell produce proteins,msmarco-passage/train,ielabgroup/vec2text_gtr-base-st_corrector
44,Proteins involved in the nerve growth factor pathway,definitions scaffolding proteins - is a protein involving the insertion of a ribonucleoprotein in the gastrointestinal system,CosineGECO,15,0.001,scaffolding proteins definition,msmarco-passage/train,ielabgroup/vec2text_gtr-base-st_corrector
44,Proteins involved in the nerve growth factor pathway,"because of glucocorticoids and magnesium, your nerves need calcium, which is a telling effect on your nerves that you are doing",CosineGECO,15,0.001,why does your nerves need calcium,msmarco-passage/train,ielabgroup/vec2text_gtr-base-st_corrector
44,Proteins involved in the nerve growth factor pathway,is nitrofurantoin positive when a nitrogram-positive drug causes a gram-positive insertion of the od,CosineGECO,15,0.001,does nitrofurantoin cause gram positive,msmarco-passage/train,ielabgroup/vec2text_gtr-base-st_corrector
44,Proteins involved in the nerve growth factor pathway,Myelin and vitamins A to B to repair nerves and -adrenergic linx (heroinos,CosineGECO,15,0.001,vitamins to repair nerves and myelin,msmarco-passage/train,ielabgroup/vec2text_gtr-base-st_corrector
45,Mental Health Wellness-1,Wikipedia page Riverbend community mental health is a state mental health index and a reference guide for people who are treated and who are consulted by,CosineGECO,15,0.001,what is riverbend community mental health wiki,msmarco-passage/train,ielabgroup/vec2text_gtr-base-st_corrector
45,Mental Health Wellness-1,people who have a behavioral health degree are able to assess what they do do with their education and use it as a job in mental health settings,CosineGECO,15,0.001,what do people with a behavioral health degree do,msmarco-passage/train,ielabgroup/vec2text_gtr-base-st_corrector
45,Mental Health Wellness-1,"health resort. This is the health resort of the geriatric center, a health clinic, a health spa and a health service provider",CosineGECO,15,0.001,health resort,msmarco-passage/train,ielabgroup/vec2text_gtr-base-st_corrector
45,Mental Health Wellness-1,"pay a benefit of tax credit, a medical credit, or a medical credit, (Medicare Benefit Credit, Medical Benefit & Medical Services",CosineGECO,15,0.001,benefit medical credit,msmarco-passage/train,ielabgroup/vec2text_gtr-base-st_corrector
45,Mental Health Wellness-1,"health benefits, a workplace health benefit, a workplace health care benefit, a zero-cost health benefit for employees, a yearly health",CosineGECO,15,0.001,workplace health benefits,msmarco-passage/train,ielabgroup/vec2text_gtr-base-st_corrector
45,Mental Health Wellness-1,records. Core Mental Health records are a series of health records compiled by the Joint Commission on Behavioral Health and Speciology (JOSIC,CosineGECO,15,0.001,what are core mental health records?,msmarco-passage/train,ielabgroup/vec2text_gtr-base-st_corrector
45,Mental Health Wellness-1,"leading cause of disability. Mental illnesses, including a child with a psychiatric disorder, depression, and autism are the leading causes leading",CosineGECO,15,0.001,leading causes of mental disability,msmarco-passage/train,ielabgroup/vec2text_gtr-base-st_corrector
45,Mental Health Wellness-1,"Vaccines and anti-hysteric medications were given as a cure for hysteria, followed by a national",CosineGECO,15,0.001,what were cures given for hysteria,msmarco-passage/train,ielabgroup/vec2text_gtr-base-st_corrector
45,Mental Health Wellness-1,(mental paralysis) is a mental disorder of the hysteria and a physical and cognitive impairment resulting from the presence of,CosineGECO,15,0.001,mental paralysis definition,msmarco-passage/train,ielabgroup/vec2text_gtr-base-st_corrector
45,Mental Health Wellness-1,"do medaid cover psychiatric care and psychiatric ill-advision if medical aid is paid for,",CosineGECO,15,0.001,does medicaid cover psychiatric care,msmarco-passage/train,ielabgroup/vec2text_gtr-base-st_corrector
46,RSK2,known as RTO. It is a virtual torsion control system for the United Kingdom. It is a component of the Burning House Protocol,CosineGECO,15,0.001,what is rto,msmarco-passage/train,ielabgroup/vec2text_gtr-base-st_corrector
46,RSK2,"where the karate tandem - karate - kaika - is located, located between Seidan and Carrea",CosineGECO,15,0.001,where is the karate seika tandem located,msmarco-passage/train,ielabgroup/vec2text_gtr-base-st_corrector
46,RSK2,https://bbzip2> https://bbzip2>  . It does things such as load,CosineGECO,15,0.001,what does bzip2 do,msmarco-passage/train,ielabgroup/vec2text_gtr-base-st_corrector
46,RSK2,sk sk (also known as sa) is a band of a variety of ska music,CosineGECO,15,0.001,what is ska,msmarco-passage/train,ielabgroup/vec2text_gtr-base-st_corrector
46,RSK2,B2C stand for - Bike to Bazaar Exclusive Clothing and a Bike to Dairyland Freeswipe Benefits,CosineGECO,15,0.001,b2c stand for,msmarco-passage/train,ielabgroup/vec2text_gtr-base-st_corrector
46,RSK2,RSd sd reflex is a symbol-segmental-motor-segmental reaction that speeds up,CosineGECO,15,0.001,what is rsd reflex,msmarco-passage/train,ielabgroup/vec2text_gtr-base-st_corrector
46,RSK2,is a list of criteria: rosc is one of the criteria which is used to make a good assessment of quality of science and chemistry,CosineGECO,15,0.001,what is the criteria for rosc,msmarco-passage/train,ielabgroup/vec2text_gtr-base-st_corrector
46,RSK2,fsck is a small kerosene cycloadrene gas storage system. It is also known as FSC,CosineGECO,15,0.001,what is fsck,msmarco-passage/train,ielabgroup/vec2text_gtr-base-st_corrector
46,RSK2,is South Korea,CosineGECO,15,0.001,what is south korea second largest city,msmarco-passage/train,ielabgroup/vec2text_gtr-base-st_corrector
46,RSK2,a metaphor KS2,CosineGECO,15,0.001,what is a metaphor ks2,msmarco-passage/train,ielabgroup/vec2text_gtr-base-st_corrector
47,Human gene BCL-2 antagonists and inhibitors,(known as generic): Bentyl is a standard brand of bentyl sulfate for patients with a high potassium,CosineGECO,15,0.001,what is generic for bentyl,msmarco-passage/train,ielabgroup/vec2text_gtr-base-st_corrector
47,Human gene BCL-2 antagonists and inhibitors,function of the protein produced by that gene in humans is the protein that -------,CosineGECO,15,0.001,what is the function in humans of the protein produced from that gene,msmarco-passage/train,ielabgroup/vec2text_gtr-base-st_corrector
47,Human gene BCL-2 antagonists and inhibitors,vasodilator (antidote opposite) and vice versa (adrenolic opposite). This is a result,CosineGECO,15,0.001,vasodilator opposite,msmarco-passage/train,ielabgroup/vec2text_gtr-base-st_corrector
47,Human gene BCL-2 antagonists and inhibitors,"a blood-clot-diabetic adrenease antagonist, Warfarin, is an antagonist that occurs",CosineGECO,15,0.001,what is a warfarin antagonist,msmarco-passage/train,ielabgroup/vec2text_gtr-base-st_corrector
47,Human gene BCL-2 antagonists and inhibitors,KCNE2 KCNE2 (KCNE2-NexSpi2 ) is a chromosome of,CosineGECO,15,0.001,what chromosome is KCNE2,msmarco-passage/train,ielabgroup/vec2text_gtr-base-st_corrector
47,Human gene BCL-2 antagonists and inhibitors,"the biceps femoris to the biceps muscle, and they act as a bicep antagonist",CosineGECO,15,0.001,what do the biceps femoris antagonist to,msmarco-passage/train,ielabgroup/vec2text_gtr-base-st_corrector
47,Human gene BCL-2 antagonists and inhibitors,"is a type of inhibitor, inhibitor B is a pyroxin-spiroid-neurocide. This type of inhibitor is suspected",CosineGECO,15,0.001,what kind of inhibitor is inhibitor b?,msmarco-passage/train,ielabgroup/vec2text_gtr-base-st_corrector
47,Human gene BCL-2 antagonists and inhibitors,"The chromosome (chromosome 2XX) (Isotope 1) is insulin, which lives on",CosineGECO,15,0.001,what chromosome is insulin on,msmarco-passage/train,ielabgroup/vec2text_gtr-base-st_corrector
47,Human gene BCL-2 antagonists and inhibitors,humans classification               domain,CosineGECO,15,0.001,humans domain classification,msmarco-passage/train,ielabgroup/vec2text_gtr-base-st_corrector
47,Human gene BCL-2 antagonists and inhibitors,"why lysozyme is a part of the cytosol, CTAB inhibits lysoaminoglyce",CosineGECO,15,0.001,why does CTAB inhibit lysozyme,msmarco-passage/train,ielabgroup/vec2text_gtr-base-st_corrector
48,Human homologues of C. elegans UNC genes,"is human dna. Human dna is the same as human DNA, except for a special insertion at the epicenter where",CosineGECO,15,0.001,is human dna the same,msmarco-passage/train,ielabgroup/vec2text_gtr-base-st_corrector
48,Human homologues of C. elegans UNC genes,how human generators are recognized is by identifying the design features of the Human Design Laboratory (HGV) and by displaying a positive label on,CosineGECO,15,0.001,human design how are generators recognized,msmarco-passage/train,ielabgroup/vec2text_gtr-base-st_corrector
48,Human homologues of C. elegans UNC genes,chromosomes whose genes do have the same order on the same chromosomes include both traits for the same chromosome,CosineGECO,15,0.001,what chromosomes have genes for the same traits in the same order on both chromosomes,msmarco-passage/train,ielabgroup/vec2text_gtr-base-st_corrector
48,Human homologues of C. elegans UNC genes,how human generators are recognized is by identifying the design features of the Human Design Laboratory (HGV) and by displaying a positive label on,CosineGECO,15,0.001,human design how are generators recognized,msmarco-passage/train,ielabgroup/vec2text_gtr-base-st_corrector
48,Human homologues of C. elegans UNC genes,"which chromosomes make a human, chromosomes make him/her smarter and smarter than others, and other",CosineGECO,15,0.001,what chromosomes make human and smarter than other,msmarco-passage/train,ielabgroup/vec2text_gtr-base-st_corrector
48,Human homologues of C. elegans UNC genes,"a company called Bad Genes, Inc., which can erase bad genes, is currently under review by the European Academy of Sciences",CosineGECO,15,0.001,what company can erase bad genes,msmarco-passage/train,ielabgroup/vec2text_gtr-base-st_corrector
48,Human homologues of C. elegans UNC genes,chromosome. The -apex chromosome gene for collagen is found on chromosome Xp3q,CosineGECO,15,0.001,which chromosome is the gene for collagen found?,msmarco-passage/train,ielabgroup/vec2text_gtr-base-st_corrector
48,Human homologues of C. elegans UNC genes,in the scientific names of humans as homo means,CosineGECO,15,0.001,in scientific names of humans homo means,msmarco-passage/train,ielabgroup/vec2text_gtr-base-st_corrector
48,Human homologues of C. elegans UNC genes,definition of hox gene (Hox axon hox axon hox a gene) is an encoding human,CosineGECO,15,0.001,define hox gene,msmarco-passage/train,ielabgroup/vec2text_gtr-base-st_corrector
48,Human homologues of C. elegans UNC genes,heme globin is composed of subunits and heme globin constituents of hemoglobin and a combus,CosineGECO,15,0.001,hemoglobin is composed of globin subunits and heme units quizlet,msmarco-passage/train,ielabgroup/vec2text_gtr-base-st_corrector
49,Glyphosate tolerance gene sequence,process tolerance (process torsity)  (also known as tolerance ) is a high-temperature process that produces a process,CosineGECO,15,0.001,what is process tolerance,msmarco-passage/train,ielabgroup/vec2text_gtr-base-st_corrector
49,Glyphosate tolerance gene sequence,"between 8 and 9 generations to extinguish the DNA-styrene group, which may need to be shifted to other groups starting",CosineGECO,15,0.001,how many generations to extinguish dna group,msmarco-passage/train,ielabgroup/vec2text_gtr-base-st_corrector
49,Glyphosate tolerance gene sequence,"g n g g g g g , the generation is either flower sporophyte or gametophyt",CosineGECO,15,0.001,which generation is flower sporophyte or gametophyte,msmarco-passage/train,ielabgroup/vec2text_gtr-base-st_corrector
49,Glyphosate tolerance gene sequence,p53 gene p53 (or p53) is a human gene that is a sperm-cancer region,CosineGECO,15,0.001,what is a p53 gene,msmarco-passage/train,ielabgroup/vec2text_gtr-base-st_corrector
49,Glyphosate tolerance gene sequence,"write the correct molecular name for the iodine uene molecule, tolupac, or toluen",CosineGECO,15,0.001,write the correct iupac name for toluene,msmarco-passage/train,ielabgroup/vec2text_gtr-base-st_corrector
49,Glyphosate tolerance gene sequence,triplex syndrome (X  X  X  X  X  X  X) genetic,CosineGECO,15,0.001,triple x syndrome genetics,msmarco-passage/train,ielabgroup/vec2text_gtr-base-st_corrector
49,Glyphosate tolerance gene sequence,genetic testing to test for thyroid disease genetic disorder (thyroid test or tympanic thyroid disorder) and a test to determine if,CosineGECO,15,0.001,genetic thyroid disorder genetic testing,msmarco-passage/train,ielabgroup/vec2text_gtr-base-st_corrector
49,Glyphosate tolerance gene sequence,(glyphosate) is made from -acid and -phenyl n-acetyl flour,CosineGECO,15,0.001,what is glyphosate made from,msmarco-passage/train,ielabgroup/vec2text_gtr-base-st_corrector
49,Glyphosate tolerance gene sequence,approximately 2 to 24 millimoles (millions of moles per second or 210 moles per second) are hydrolyzed substrate,CosineGECO,15,0.001,how many moles of substrate are hydrolyzed per second,msmarco-passage/train,ielabgroup/vec2text_gtr-base-st_corrector
49,Glyphosate tolerance gene sequence,CP1 cgt1 cgt1 is the hypoglycemic disorder associated with clopaedile disorder,CosineGECO,15,0.001,what is cpt 1 hypoglycemic disorder,msmarco-passage/train,ielabgroup/vec2text_gtr-base-st_corrector
50,Low temperature protein expression in E. coli,"are platelets low in omelanocytic anemia, and normycyctonic anemia, these cells may have no",CosineGECO,15,0.001,are platelets low in normocytic anemia,msmarco-passage/train,ielabgroup/vec2text_gtr-base-st_corrector
50,Low temperature protein expression in E. coli,"low when ferritin levels are too low, a low of 0.3 g/min (100 g/d) is too low for",CosineGECO,15,0.001,how low is too low for ferritin level,msmarco-passage/train,ielabgroup/vec2text_gtr-base-st_corrector
50,Low temperature protein expression in E. coli,"if we are in a very hot day, we should do a little to lower the temperature in refrigerator or in refrigerator and refrigerator in very dry",CosineGECO,15,0.001,do we need to lower temperature in refrigerator in very hot days,msmarco-passage/train,ielabgroup/vec2text_gtr-base-st_corrector
50,Low temperature protein expression in E. coli,low lymphocytes and -monocytes in a child and -lbhyocytes and -monocyte,CosineGECO,15,0.001,low lymphocytes & monocytes in a child,msmarco-passage/train,ielabgroup/vec2text_gtr-base-st_corrector
50,Low temperature protein expression in E. coli,"from bacteria that are a bacterial ectobacteria, the ectobacter arroyovirus causes E coli",CosineGECO,15,0.001,what causes e coli bacteria,msmarco-passage/train,ielabgroup/vec2text_gtr-base-st_corrector
50,Low temperature protein expression in E. coli,e. coli (E. coli esotericus coli) is normally found in the esoteric,CosineGECO,15,0.001,where is e. coli normally found,msmarco-passage/train,ielabgroup/vec2text_gtr-base-st_corrector
50,Low temperature protein expression in E. coli,"with low ventilation, a low temperature (like a low temperature with a low unit of oxygen or bacteriormida) will cause",CosineGECO,15,0.001,what causes low discharge temperature,msmarco-passage/train,ielabgroup/vec2text_gtr-base-st_corrector
50,Low temperature protein expression in E. coli,"(temperatures between 90 °C and 325 °F) is considered a slow cooking, or a cooking tinto",CosineGECO,15,0.001,what temperature is considered a slow cooking,msmarco-passage/train,ielabgroup/vec2text_gtr-base-st_corrector
50,Low temperature protein expression in E. coli,a decreased neutrophils means a decreased ratio of neutrophils to less-segregated amino acids and cytochromes. This,CosineGECO,15,0.001,decreased neutrophils meaning,msmarco-passage/train,ielabgroup/vec2text_gtr-base-st_corrector
50,Low temperature protein expression in E. coli,a.m.  107.8 °C  107.8 °C  is the record low temperature,CosineGECO,15,0.001,what is the record low temperature,msmarco-passage/train,ielabgroup/vec2text_gtr-base-st_corrector
