query_id,text,obfuscatedText,mechanism,epsilon,top_percentile,pivot_query,pool,corrector_model
156493,do goldfish grow,"(because of the neo-masturbation of the first half of the brain), growth happens because there is a process that helps",CorrelationGECO,10,0.001,why does growth happen,msmarco-passage/train,ielabgroup/vec2text_gtr-base-st_corrector
156493,do goldfish grow,continue to grow,CorrelationGECO,10,0.001,continue to grow synonym,msmarco-passage/train,ielabgroup/vec2text_gtr-base-st_corrector
156493,do goldfish grow,"lip and cnidylla. What is the facial part that never stops growing is the face that never stops growing until ages,",CorrelationGECO,10,0.001,what facial part never stops growing,msmarco-passage/train,ielabgroup/vec2text_gtr-base-st_corrector
156493,do goldfish grow,"if there is any gold to be found in idaho, there can be found a rich supply of husk,",CorrelationGECO,10,0.001,is there any gold to be found in idaho,msmarco-passage/train,ielabgroup/vec2text_gtr-base-st_corrector
156493,do goldfish grow,"what nutrients are needed for growth, and what is needed for repair is a high level of Vitamin A and B, and for repairing and restoring",CorrelationGECO,10,0.001,what nutrients are needed for growth and repair,msmarco-passage/train,ielabgroup/vec2text_gtr-base-st_corrector
156493,do goldfish grow,"invasive jubilation and blood clots. Although burn scar is a form of burn recovery, it does not grow, it will",CorrelationGECO,10,0.001,does burn scar grow,msmarco-passage/train,ielabgroup/vec2text_gtr-base-st_corrector
156493,do goldfish grow,"a height of 4.4 m (13 ft) and 8.5 inches tall, mini goldendoodles are eugenics",CorrelationGECO,10,0.001,how tall are mini goldendoodles,msmarco-passage/train,ielabgroup/vec2text_gtr-base-st_corrector
156493,do goldfish grow,"a 45- to 60-mood roundworm grows in a fast manner, and within 24 to 48 hours, the roundworm grows",CorrelationGECO,10,0.001,how fast does a roundworm grow,msmarco-passage/train,ielabgroup/vec2text_gtr-base-st_corrector
156493,do goldfish grow,"feed your chickens a mixture of grazeable and mash (called ""coop chickens"") to grow large and their feed",CorrelationGECO,10,0.001,what to feed your chickens to grow large,msmarco-passage/train,ielabgroup/vec2text_gtr-base-st_corrector
156493,do goldfish grow,"from 0.5 to 9.5 centimeters high, the plants that grow cornflowers grow tall and acorns grow to a height",CorrelationGECO,10,0.001,how tall does cornflowers grow,msmarco-passage/train,ielabgroup/vec2text_gtr-base-st_corrector
1110199,what is wifi vs bluetooth,difference between a ligament and a muscle on a body called ligament (glinodonta) and tendon (chilono,CorrelationGECO,10,0.001,what is the difference between ligament and tendon,msmarco-passage/train,ielabgroup/vec2text_gtr-base-st_corrector
1110199,what is wifi vs bluetooth,difference between whey (whey protein) and isolate (whey whey whey whey protein) is a protein,CorrelationGECO,10,0.001,difference between whey protein and isolate,msmarco-passage/train,ielabgroup/vec2text_gtr-base-st_corrector
1110199,what is wifi vs bluetooth,difference between branch (            ) and,CorrelationGECO,10,0.001,difference between branch and affiliate,msmarco-passage/train,ielabgroup/vec2text_gtr-base-st_corrector
1110199,what is wifi vs bluetooth,a difference between an airplane (sail-sail-sail) and a plane (sail-hangar),CorrelationGECO,10,0.001,what's the difference between an airplane and a helicopter,msmarco-passage/train,ielabgroup/vec2text_gtr-base-st_corrector
1110199,what is wifi vs bluetooth,(Wi-Fi) or wwc router (Wi-Fi) and the difference between wireless routers and wc-band,CorrelationGECO,10,0.001,what is the difference between wireless routers,msmarco-passage/train,ielabgroup/vec2text_gtr-base-st_corrector
1110199,what is wifi vs bluetooth,connect to LG LM-55N10 / LM-57N10 / LM-57N10 / WiFi. How wifi,CorrelationGECO,10,0.001,how to connect LG 55LN5710 to wifi,msmarco-passage/train,ielabgroup/vec2text_gtr-base-st_corrector
1110199,what is wifi vs bluetooth,a difference between fiber and cable is between fiber (fossil fiber vs. oxofiber) and a difference,CorrelationGECO,10,0.001,difference between fiber and cable,msmarco-passage/train,ielabgroup/vec2text_gtr-base-st_corrector
1110199,what is wifi vs bluetooth,"distinguishes a bacteriological organ, such as bacilli, from archaea, and bacteria from archaea",CorrelationGECO,10,0.001,what distinguishes bacteria from archaea,msmarco-passage/train,ielabgroup/vec2text_gtr-base-st_corrector
1110199,what is wifi vs bluetooth,what is known as food poisoning versus entomocolitis versus ecstasy — botulism is,CorrelationGECO,10,0.001,what is the difference between food poisoning and botulism,msmarco-passage/train,ielabgroup/vec2text_gtr-base-st_corrector
1110199,what is wifi vs bluetooth,a difference between mb (macro-machine-capable) and bb (mbo) or gb,CorrelationGECO,10,0.001,what is the difference between mb and gb,msmarco-passage/train,ielabgroup/vec2text_gtr-base-st_corrector
1063750,why did the us volunterilay enter ww1,starting with the start of World War 1 and with the enlistment of soldiers who enlisted on the 1st of January 1915,CorrelationGECO,10,0.001,when did enlistment start for ww1,msmarco-passage/train,ielabgroup/vec2text_gtr-base-st_corrector
1063750,why did the us volunterilay enter ww1,"why the Yalta Conference was a turning point in the esoteric Cold War, and why it was a turning point",CorrelationGECO,10,0.001,why was the yalta conference a turning point,msmarco-passage/train,ielabgroup/vec2text_gtr-base-st_corrector
1063750,why did the us volunterilay enter ww1,"the first Geneva Convention covers: e.g., genocide, machinations and automobile fuel. It is to cover",CorrelationGECO,10,0.001,what does the first geneva convention cover,msmarco-passage/train,ielabgroup/vec2text_gtr-base-st_corrector
1063750,why did the us volunterilay enter ww1,to a remembrance of the many veterans who are in the field and why red poppies are a red flag on Veterans Day on,CorrelationGECO,10,0.001,why red poppies on veterans day,msmarco-passage/train,ielabgroup/vec2text_gtr-base-st_corrector
1063750,why did the us volunterilay enter ww1,"the alliances of WW1 (named on obituaries of the kingdoms of England, Scotland, and Candyland) were the alliance",CorrelationGECO,10,0.001,what were the alliances of ww1,msmarco-passage/train,ielabgroup/vec2text_gtr-base-st_corrector
1063750,why did the us volunterilay enter ww1,because of the hundred years war that came to last and because of the ensuing armies of the Count of Sorbonne it was long,CorrelationGECO,10,0.001,why did the hundred years war last so long,msmarco-passage/train,ielabgroup/vec2text_gtr-base-st_corrector
1063750,why did the us volunterilay enter ww1,"who was President of the United States during World War I, U.S. President, Robert Waddell-Browns on WH1",CorrelationGECO,10,0.001,who was president of us in ww1,msmarco-passage/train,ielabgroup/vec2text_gtr-base-st_corrector
1063750,why did the us volunterilay enter ww1,did the U.S. get along with our allies at Wwi wi wi wi During WWII,CorrelationGECO,10,0.001,did the us get along with their allies in wwi,msmarco-passage/train,ielabgroup/vec2text_gtr-base-st_corrector
1063750,why did the us volunterilay enter ww1,"on account of a love affair with a sex and a harrying bone, and World War One (WW1) started",CorrelationGECO,10,0.001,why did ww1 start,msmarco-passage/train,ielabgroup/vec2text_gtr-base-st_corrector
1063750,why did the us volunterilay enter ww1,because the United States wanted a hawaii annexed when the US annexed Hawaii to protect,CorrelationGECO,10,0.001,why did the us wanted hawaii annexed,msmarco-passage/train,ielabgroup/vec2text_gtr-base-st_corrector
130510,definition declaratory judgment,"what it means to say and what it means to do (i.e., the Declaration of Independence of 1786 or the Declaration of Independence) means",CorrelationGECO,10,0.001,what declaration of independence means,msmarco-passage/train,ielabgroup/vec2text_gtr-base-st_corrector
130510,definition declaratory judgment,of restorative justice (repeat justice) is a judicial method of empowering and preserving judicial rights. The definition of,CorrelationGECO,10,0.001,restorative justice definition,msmarco-passage/train,ielabgroup/vec2text_gtr-base-st_corrector
130510,definition declaratory judgment,"meaning (in a sense): comparator  is the failure of the Johannanism device to achieve electrical or voltage imbalances, known",CorrelationGECO,10,0.001,comparator meaning,msmarco-passage/train,ielabgroup/vec2text_gtr-base-st_corrector
130510,definition declaratory judgment,"of more than 30 years, judgments are on a credit report and remain on a debt report for more than 365 days following a conviction",CorrelationGECO,10,0.001,how long are judgements on credit report,msmarco-passage/train,ielabgroup/vec2text_gtr-base-st_corrector
130510,definition declaratory judgment,"known as 'the declaratory act', is a statutory act enacting a judicial review of the state pensions program",CorrelationGECO,10,0.001,what is the declaratory act,msmarco-passage/train,ielabgroup/vec2text_gtr-base-st_corrector
130510,definition declaratory judgment,meaning of the name             jud,CorrelationGECO,10,0.001,the name meaning of judy,msmarco-passage/train,ielabgroup/vec2text_gtr-base-st_corrector
130510,definition declaratory judgment,"(e.g., Philip Boland's testimony) 'sound judgement' is a form of judgement that reflects a clear judgment",CorrelationGECO,10,0.001,define sound judgement,msmarco-passage/train,ielabgroup/vec2text_gtr-base-st_corrector
130510,definition declaratory judgment,What it means when the court affirms (or appoints to do so) is that the court will confirm the oath,CorrelationGECO,10,0.001,what does it mean when the court affirms,msmarco-passage/train,ielabgroup/vec2text_gtr-base-st_corrector
130510,definition declaratory judgment,definition of a declaration of sentiments (or a statement of appassioned sentiment or declaration of affidacity),CorrelationGECO,10,0.001,definition of declaration of sentiments,msmarco-passage/train,ielabgroup/vec2text_gtr-base-st_corrector
130510,definition declaratory judgment,"define and denominate, a division of the spheritopolypseis characterized as a ""nominate",CorrelationGECO,10,0.001,define denominate,msmarco-passage/train,ielabgroup/vec2text_gtr-base-st_corrector
489204,right pelvic pain causes,"disease (periphery-don's disease, or Peyronismae sclerosis) causes on the periangy",CorrelationGECO,10,0.001,peyronie's disease causes,msmarco-passage/train,ielabgroup/vec2text_gtr-base-st_corrector
489204,right pelvic pain causes,a swollen right wrist or right hand will cause pain and swelling of the wrist and a pinky finger and crotony,CorrelationGECO,10,0.001,what causes right wrist and pinky finger pain and swelling,msmarco-passage/train,ielabgroup/vec2text_gtr-base-st_corrector
489204,right pelvic pain causes,"because of the obovarian hemaths, it is menstrual pain, and it is this period that causes so painful",CorrelationGECO,10,0.001,why is this period so painful,msmarco-passage/train,ielabgroup/vec2text_gtr-base-st_corrector
489204,right pelvic pain causes,bacterial infections that cause a bacterial disease resulting in abdominal pain and pelvic pain and a bacterial bacteriophagens,CorrelationGECO,10,0.001,bacterial infections that cause abdominal and pelvic pain,msmarco-passage/train,ielabgroup/vec2text_gtr-base-st_corrector
489204,right pelvic pain causes,"a pain-causing throbbia in the hips, throbbia in the hips is a common cause",CorrelationGECO,10,0.001,what causes throbbiing pain in hip,msmarco-passage/train,ielabgroup/vec2text_gtr-base-st_corrector
489204,right pelvic pain causes,"when a woman can eat a bowel product, such as stomach ache or a stomach ache, stomach pain can cause abdominal pain",CorrelationGECO,10,0.001,what can cause stomach pain,msmarco-passage/train,ielabgroup/vec2text_gtr-base-st_corrector
489204,right pelvic pain causes,a result of a septic ailment (or a blood tumor) causes the spleen to hurt a lot,CorrelationGECO,10,0.001,what causes spleen to hurt,msmarco-passage/train,ielabgroup/vec2text_gtr-base-st_corrector
489204,right pelvic pain causes,a sharp pain sensation under the left rib cage is a cause of a pain that develops after a bruising loss.,CorrelationGECO,10,0.001,what causes a sharp pain under left rib cage?,msmarco-passage/train,ielabgroup/vec2text_gtr-base-st_corrector
489204,right pelvic pain causes,"when you have severe pain in your legs, knees, or in the hips, it means that pain in your legs, knees and hips",CorrelationGECO,10,0.001,what does it mean when you have severe pain in your knees legs and hips,msmarco-passage/train,ielabgroup/vec2text_gtr-base-st_corrector
489204,right pelvic pain causes,"function of the bones of the cervix and nausea, the pelvis is the function of the organs, which helps circul",CorrelationGECO,10,0.001,what is the function of the pelvis,msmarco-passage/train,ielabgroup/vec2text_gtr-base-st_corrector
573724,what are the social determinants of health,"as a result of the growth and activity of cigarette smokers in the U.S., nicotine is a depressant or metabol",CorrelationGECO,10,0.001,is nicotine a depressant,msmarco-passage/train,ielabgroup/vec2text_gtr-base-st_corrector
573724,what are the social determinants of health,"symptoms of anxiety, hysteria, rife and derangement. These symptoms of mental health are a clear symptom",CorrelationGECO,10,0.001,symptoms of mental health,msmarco-passage/train,ielabgroup/vec2text_gtr-base-st_corrector
573724,what are the social determinants of health,dean human resources health & health employees the dean human resources d.c. Henry Health and Healthcare,CorrelationGECO,10,0.001,dean health human resources,msmarco-passage/train,ielabgroup/vec2text_gtr-base-st_corrector
573724,what are the social determinants of health,(also known as social integration) is a social integration process in the social sphere of a nation by integrating people with intelligence,CorrelationGECO,10,0.001,what is social integration,msmarco-passage/train,ielabgroup/vec2text_gtr-base-st_corrector
573724,what are the social determinants of health,(Social Infraction) is a solitary punishment in the Occupational Poisoning and Aggregate Guidance Code.,CorrelationGECO,10,0.001,what is social infraction?,msmarco-passage/train,ielabgroup/vec2text_gtr-base-st_corrector
573724,what are the social determinants of health,the five dimensions of wellness: the five foundations of Dr. Dr.'s five pillars of health and the five pillars weit,CorrelationGECO,10,0.001,what are dr. weil's five dimensions of wellness,msmarco-passage/train,ielabgroup/vec2text_gtr-base-st_corrector
573724,what are the social determinants of health,impact in adults with a depressed state (e.g. abrasion and cirrhosis) on older adults and older adults,CorrelationGECO,10,0.001,impact of depression on older adults,msmarco-passage/train,ielabgroup/vec2text_gtr-base-st_corrector
573724,what are the social determinants of health,concepts are health and welfare benefits and health-benefit-sufficiency-response schemes. Health benefits is a food concept,CorrelationGECO,10,0.001,what is health and welfare benefit concepts,msmarco-passage/train,ielabgroup/vec2text_gtr-base-st_corrector
573724,what are the social determinants of health,"Why it is important to differentiate between health equity and health inequality, i.e., why we should be able to differentiate between health equity.",CorrelationGECO,10,0.001,why is it important to differentiate between health equity and health inequality?,msmarco-passage/train,ielabgroup/vec2text_gtr-base-st_corrector
573724,what are the social determinants of health,CMS definitions of the social determinants of health (Meanings of health) and the social determinants of a healthy physical,CorrelationGECO,10,0.001,cms definition of social determinants of health,msmarco-passage/train,ielabgroup/vec2text_gtr-base-st_corrector
168216,does legionella pneumophila cause pneumonia,"which pneumoxyax protects against, pneumoxyax-resistant bacteria, microbial -movacoccal",CorrelationGECO,10,0.001,which pneumococcal bacteria does pneumovax protect against',msmarco-passage/train,ielabgroup/vec2text_gtr-base-st_corrector
168216,does legionella pneumophila cause pneumonia,a keflex escapa (Keflex escapa) can be used for pneumonia in patients with gastrointestinal and,CorrelationGECO,10,0.001,can keflex be used for pneumonia,msmarco-passage/train,ielabgroup/vec2text_gtr-base-st_corrector
168216,does legionella pneumophila cause pneumonia,effects of lesions on the lungs. Lesions on the lungs are a treatment for a variety of conditions such as lung detach,CorrelationGECO,10,0.001,effects of lesions on lungs,msmarco-passage/train,ielabgroup/vec2text_gtr-base-st_corrector
168216,does legionella pneumophila cause pneumonia,"a bacterial infection of the bronchial mucosa, known as pneumonia, causes bacterial pneumonia and it is a broad cause",CorrelationGECO,10,0.001,what causes bacterial pneumonia,msmarco-passage/train,ielabgroup/vec2text_gtr-base-st_corrector
168216,does legionella pneumophila cause pneumonia,is bis-prolia a phosphoribosate. Bis-prolia is a prolyloneate,CorrelationGECO,10,0.001,is prolia a bisphosphonate,msmarco-passage/train,ielabgroup/vec2text_gtr-base-st_corrector
168216,does legionella pneumophila cause pneumonia,"causes of cancer: lyngeal on the roesal cervix, and cancers on Lyngeal on",CorrelationGECO,10,0.001,causes of cancer on lyrngeal,msmarco-passage/train,ielabgroup/vec2text_gtr-base-st_corrector
168216,does legionella pneumophila cause pneumonia,(leukoplakia) is a blood molecule and why it,CorrelationGECO,10,0.001,what is leukoplakia and what causes it,msmarco-passage/train,ielabgroup/vec2text_gtr-base-st_corrector
168216,does legionella pneumophila cause pneumonia,types of infectious lung diseases. These include: bronchial obstructive lung cancer (LUNG) or pulmonary smear,CorrelationGECO,10,0.001,types of infectious lung diseases,msmarco-passage/train,ielabgroup/vec2text_gtr-base-st_corrector
168216,does legionella pneumophila cause pneumonia,pulmonary infection of chickens pulmonary infections from chickens (Coccythovirus edema and avian fluorovirus,CorrelationGECO,10,0.001,what pulmonary infection from chickens,msmarco-passage/train,ielabgroup/vec2text_gtr-base-st_corrector
168216,does legionella pneumophila cause pneumonia,lungs coughing up blood is a chaemorrhagic coughed up blood from the lungs and blood shedding fluid,CorrelationGECO,10,0.001,lungs coughing up blood,msmarco-passage/train,ielabgroup/vec2text_gtr-base-st_corrector
1133167,how is the weather in jamaica,"in cape-skin, the weather is a relatively cool breeze with a mild summer and a mild winter (39-45 degrees)",CorrelationGECO,10,0.001,how's the weather in cape town,msmarco-passage/train,ielabgroup/vec2text_gtr-base-st_corrector
1133167,how is the weather in jamaica,"weather in Winston Salem. The climate is a light rain cloud, and the wind is cooler than Winnison Air Force Base and the city",CorrelationGECO,10,0.001,what's the weather in winston salem nc,msmarco-passage/train,ielabgroup/vec2text_gtr-base-st_corrector
1133167,how is the weather in jamaica,"weather in Miami (Miami) - which is a hot summer, and the temperature in March - when the weather turns sallow",CorrelationGECO,10,0.001,what is the weather in miami in march,msmarco-passage/train,ielabgroup/vec2text_gtr-base-st_corrector
1133167,how is the weather in jamaica,"weather in Jericho. Weather in Jericho is rainy (Jaco, 0 degrees Fahrenheit) and dry (Ja",CorrelationGECO,10,0.001,weather in jericho,msmarco-passage/train,ielabgroup/vec2text_gtr-base-st_corrector
1133167,how is the weather in jamaica,"the official climate in raleigh. It's a hot, cold gale, while the weather is mostly senate as of",CorrelationGECO,10,0.001,cortana what's the weather in raleigh,msmarco-passage/train,ielabgroup/vec2text_gtr-base-st_corrector
1133167,how is the weather in jamaica,weather in bermuda dunes. Weather is warm and sunny (35 °C) and sleet Bay California Dunes Bay,CorrelationGECO,10,0.001,weather in bermuda dunes ca,msmarco-passage/train,ielabgroup/vec2text_gtr-base-st_corrector
1133167,how is the weather in jamaica,"current weather in Aruba (currently a blizzard with a temperature of , and current day fluoro and twent",CorrelationGECO,10,0.001,current weather in aruba,msmarco-passage/train,ielabgroup/vec2text_gtr-base-st_corrector
1133167,how is the weather in jamaica,"On island,",CorrelationGECO,10,0.001,what is temperature on island,msmarco-passage/train,ielabgroup/vec2text_gtr-base-st_corrector
1133167,how is the weather in jamaica,"weather forecast in the Dominican Republic will be a warm and windy environment, and will be forecast to be 50 °C while tropical cycl",CorrelationGECO,10,0.001,weather forecast in dominican republic,msmarco-passage/train,ielabgroup/vec2text_gtr-base-st_corrector
1133167,how is the weather in jamaica,"°F (32 °C) in montego bay JEMi, the temperature is , and the weather will be a tropical",CorrelationGECO,10,0.001,"weather in montego bay, jamaica fahrenheit",msmarco-passage/train,ielabgroup/vec2text_gtr-base-st_corrector
527433,types of dysarthria from cerebral palsy,"a range of means of communication for severe cerebral palsy, i.e., apnea, gliom",CorrelationGECO,10,0.001,means of communication for severe cerebral palsy,msmarco-passage/train,ielabgroup/vec2text_gtr-base-st_corrector
527433,types of dysarthria from cerebral palsy,cerebellar hypoplasia is a medical condition defined as a cirrhosis of the cerebellum (interleukopen,CorrelationGECO,10,0.001,cerebellar hypoplasia definition,msmarco-passage/train,ielabgroup/vec2text_gtr-base-st_corrector
527433,types of dysarthria from cerebral palsy,cranial nerve palsy (or Cranial Palsy) is a form of cleft lip disorder that affects the joints,CorrelationGECO,10,0.001,what is cranial nerve palsy,msmarco-passage/train,ielabgroup/vec2text_gtr-base-st_corrector
527433,types of dysarthria from cerebral palsy,type of pain which is Pvd is a type of pain and is a result of rectum ovarian sclerosis.,CorrelationGECO,10,0.001,what type of pain is pvd,msmarco-passage/train,ielabgroup/vec2text_gtr-base-st_corrector
527433,types of dysarthria from cerebral palsy,"types of Klein Levin syndrome, notably the two types of lèvre de l'abie, 'Breazy small bite'",CorrelationGECO,10,0.001,types of kleine levin syndrome,msmarco-passage/train,ielabgroup/vec2text_gtr-base-st_corrector
527433,types of dysarthria from cerebral palsy,"types of cesarean sections (i.e., cesarean section and cevicaria bifida). The most important",CorrelationGECO,10,0.001,types of cesarean section,msmarco-passage/train,ielabgroup/vec2text_gtr-base-st_corrector
527433,types of dysarthria from cerebral palsy,"causes a child, a child with a low-sensitivity sensitivity to a high-sensitivity sensitivity, it causes diplegia",CorrelationGECO,10,0.001,what causes diplegia,msmarco-passage/train,ielabgroup/vec2text_gtr-base-st_corrector
527433,types of dysarthria from cerebral palsy,"types of plowing – lowing, the jack plow, the axes, and the types of agribus",CorrelationGECO,10,0.001,types of plowing,msmarco-passage/train,ielabgroup/vec2text_gtr-base-st_corrector
527433,types of dysarthria from cerebral palsy,(a) The parasympathetic division is a cystic division of the parasympathetic somatic nervous system characteristic,CorrelationGECO,10,0.001,which of the following is characteristic of the parasympathetic division,msmarco-passage/train,ielabgroup/vec2text_gtr-base-st_corrector
527433,types of dysarthria from cerebral palsy,"damage to nerves. Symptoms of phrenic nerve damage include a number of symptoms (brain damage, chondrosis",CorrelationGECO,10,0.001,symptoms of phrenic nerve damage,msmarco-passage/train,ielabgroup/vec2text_gtr-base-st_corrector
1037798,who is robert gray,"robert louise robert luz ignace, known as Robert Tiffany, is a Chicago",CorrelationGECO,10,0.001,who is robert louis tiffany,msmarco-passage/train,ielabgroup/vec2text_gtr-base-st_corrector
1037798,who is robert gray,color of Griffin is a color of Breslin Fling. The color is white. The grazing has appeared on the 2015 American,CorrelationGECO,10,0.001,what color is griffin,msmarco-passage/train,ielabgroup/vec2text_gtr-base-st_corrector
1037798,who is robert gray,"robert shaw, harlem shaw, born in 1860, and Robert Fabbrien Gould was born in",CorrelationGECO,10,0.001,when was robert gould shaw born,msmarco-passage/train,ielabgroup/vec2text_gtr-base-st_corrector
1037798,who is robert gray,'Robert' Bentley 'Robert' Bentley is a British acrobat and a beloved cyclist,CorrelationGECO,10,0.001,who is robert bentley,msmarco-passage/train,ielabgroup/vec2text_gtr-base-st_corrector
1037798,who is robert gray,"known as ""Who's Bob Marley"" (Bobby Giggles and The Ripper) is a legend and a pioneer",CorrelationGECO,10,0.001,who is bob marley,msmarco-passage/train,ielabgroup/vec2text_gtr-base-st_corrector
1037798,who is robert gray,"Gray matter (aka gray matter) is found in the globules of black and white ejectae, where gray matter is found",CorrelationGECO,10,0.001,where is gray matter found,msmarco-passage/train,ielabgroup/vec2text_gtr-base-st_corrector
1037798,who is robert gray,"a large swarm of small animals, mainly found in the cities of California and Arizona, most grey squirrels live in the southeastern",CorrelationGECO,10,0.001,where do most gray squirrels live,msmarco-passage/train,ielabgroup/vec2text_gtr-base-st_corrector
1037798,who is robert gray,"Definitions: robbery (Robbery, a robbery of a person, a crime in the United States)",CorrelationGECO,10,0.001,definition of robbery,msmarco-passage/train,ielabgroup/vec2text_gtr-base-st_corrector
1037798,who is robert gray,S.A.L.H. Roopley S.A.L.H. Roopley is a pioneering philanthro,CorrelationGECO,10,0.001,who is ralph smedley,msmarco-passage/train,ielabgroup/vec2text_gtr-base-st_corrector
1037798,who is robert gray,"greg garrett is a gamer, a program participant, and current CBS personality who is the brainchild of Larry Gardeau",CorrelationGECO,10,0.001,who is greg garrett,msmarco-passage/train,ielabgroup/vec2text_gtr-base-st_corrector
915593,what types of food can you cook sous vide,"anything that can be dehydrated in a food dehydrator, such as fruit juices, cheeses, and evaporated food can be dehydrated",CorrelationGECO,10,0.001,what can be dehydrated in food dehydrator,msmarco-passage/train,ielabgroup/vec2text_gtr-base-st_corrector
915593,what types of food can you cook sous vide,a small amount of boiled asparagus soup or a mixture of asparagus and white truffle pastry is usually served with Soufflé Pessoul,CorrelationGECO,10,0.001,what do you usually serve with asparagus souffle,msmarco-passage/train,ielabgroup/vec2text_gtr-base-st_corrector
915593,what types of food can you cook sous vide,"meats from a low carb diet, such as chicken or turkey, can be grilled to eat low fatty meat or roast beef on",CorrelationGECO,10,0.001,what kind of meats can you have on a low carb diet,msmarco-passage/train,ielabgroup/vec2text_gtr-base-st_corrector
915593,what types of food can you cook sous vide,"foods, such as apricots, apricots, and acorns, those that trigger gout, trigger",CorrelationGECO,10,0.001,what foods trigger gout,msmarco-passage/train,ielabgroup/vec2text_gtr-base-st_corrector
915593,what types of food can you cook sous vide,"food known for seafood, Seattle is known for a range of products such as buck & chicken, tassel burger",CorrelationGECO,10,0.001,foods seattle is known for,msmarco-passage/train,ielabgroup/vec2text_gtr-base-st_corrector
915593,what types of food can you cook sous vide,"(except for soy products), soy jerky, soy milk, and a variety of vegan products are considered to be soy products",CorrelationGECO,10,0.001,what are considered soy products,msmarco-passage/train,ielabgroup/vec2text_gtr-base-st_corrector
915593,what types of food can you cook sous vide,"foods that form a complete protein e.g. roasted beef, frog, chicken, or black beans that form a complete protein",CorrelationGECO,10,0.001,foods that form a complete protein,msmarco-passage/train,ielabgroup/vec2text_gtr-base-st_corrector
915593,what types of food can you cook sous vide,"examples of complex foods: calf barley, scalds, pumpkin seeds, and a variety of vegetables, where complex carbs",CorrelationGECO,10,0.001,examples of complex carbs food,msmarco-passage/train,ielabgroup/vec2text_gtr-base-st_corrector
915593,what types of food can you cook sous vide,"foods, e.g., a quinol green salad, eat good reeds in the ulcerative colitis",CorrelationGECO,10,0.001,what food is good to eat with ulcerative colitis,msmarco-passage/train,ielabgroup/vec2text_gtr-base-st_corrector
915593,what types of food can you cook sous vide,"a good food if you have gout, e.g., roeh frogs you can eat",CorrelationGECO,10,0.001,foods good to eat if you have gout,msmarco-passage/train,ielabgroup/vec2text_gtr-base-st_corrector
264014,how long is life cycle of flea,60 to 90 minutes to cremate a body in a re-aeration a person may lay it in a crevice,CorrelationGECO,10,0.001,how long to cremate a body,msmarco-passage/train,ielabgroup/vec2text_gtr-base-st_corrector
264014,how long is life cycle of flea,"During a period of 48 hours or more when hay will fease out when hay is shredded, fescu",CorrelationGECO,10,0.001,how long does fescue produce seed,msmarco-passage/train,ielabgroup/vec2text_gtr-base-st_corrector
264014,how long is life cycle of flea,of a metal dredgecup. Estimates of their lifespan are 25–30 years average life of dishwashers and 25–40 years,CorrelationGECO,10,0.001,average life of dishwasher,msmarco-passage/train,ielabgroup/vec2text_gtr-base-st_corrector
264014,how long is life cycle of flea,"between 0 to 50 years in size and life expectancy of a washing machine, or the average life span of a swashwasher",CorrelationGECO,10,0.001,what is the average life span of a washing machine,msmarco-passage/train,ielabgroup/vec2text_gtr-base-st_corrector
264014,how long is life cycle of flea,"after a pet fetus or a cockroach, 48 to 48 hours after a bite, flea bites or after",CorrelationGECO,10,0.001,how long after flea bites,msmarco-passage/train,ielabgroup/vec2text_gtr-base-st_corrector
264014,how long is life cycle of flea,90 minutes to 90 days when depakte or a block of it will take in your body's system and stay in your bowels,CorrelationGECO,10,0.001,how long does it take for depakote to get in your system,msmarco-passage/train,ielabgroup/vec2text_gtr-base-st_corrector
264014,how long is life cycle of flea,"of nitric nails (nitric nits) on the head of the hatch, and they take from 24 to 45",CorrelationGECO,10,0.001,how long does nits take to hatch,msmarco-passage/train,ielabgroup/vec2text_gtr-base-st_corrector
264014,how long is life cycle of flea,(Fragiles and Floridae) have an average life of a fly and a life span of 10.5–1 years,CorrelationGECO,10,0.001,average life of a fly,msmarco-passage/train,ielabgroup/vec2text_gtr-base-st_corrector
264014,how long is life cycle of flea,"age of a cat, a scrounging worm, lives on average — between the years of birth and 20-years",CorrelationGECO,10,0.001,what is the average age a cat lives?,msmarco-passage/train,ielabgroup/vec2text_gtr-base-st_corrector
264014,how long is life cycle of flea,"from 1 to 45 years old, flies live (known as flies) and as a result of a long gestational",CorrelationGECO,10,0.001,how long does flies live,msmarco-passage/train,ielabgroup/vec2text_gtr-base-st_corrector
1121402,what can contour plowing reduce,with cellulite is a work-in-resolution and it is not known if removal of collagen can help remove thy skin,CorrelationGECO,10,0.001,can collagen help remove cellulite,msmarco-passage/train,ielabgroup/vec2text_gtr-base-st_corrector
1121402,what can contour plowing reduce,remove trefoil by applying a small amount of tetra to the removal. To remove lesser trefoil you remove,CorrelationGECO,10,0.001,how to remove lesser trefoil,msmarco-passage/train,ielabgroup/vec2text_gtr-base-st_corrector
1121402,what can contour plowing reduce,"by a factor of 1 or a percentage of your diet, a gallon, or a food helps reduce bloating and reducing",CorrelationGECO,10,0.001,what reduces bloating,msmarco-passage/train,ielabgroup/vec2text_gtr-base-st_corrector
1121402,what can contour plowing reduce,a given angle (angled angle 270-270 degrees) to cut rafters so they can be pushed lower or higher than the center edge,CorrelationGECO,10,0.001,what angle to cut rafters,msmarco-passage/train,ielabgroup/vec2text_gtr-base-st_corrector
1121402,what can contour plowing reduce,"which type of curly has the least amount of fat, allowing you to move things that aren't roosy or weight",CorrelationGECO,10,0.001,which type of curly allows you to move stuff with the least amount of fat,msmarco-passage/train,ielabgroup/vec2text_gtr-base-st_corrector
1121402,what can contour plowing reduce,Primary contour lines are lines of topocerosoidal,CorrelationGECO,10,0.001,what are primary contour lines,msmarco-passage/train,ielabgroup/vec2text_gtr-base-st_corrector
1121402,what can contour plowing reduce,"To prune deutzia, do a simple procedure: scoff the branch and remove the branches until the edge is 30 cm.",CorrelationGECO,10,0.001,how to prune deutzia,msmarco-passage/train,ielabgroup/vec2text_gtr-base-st_corrector
1121402,what can contour plowing reduce,"is percussion, acoustic drainage and aural capillaries can treat postural atelectasis with a combination",CorrelationGECO,10,0.001,can postural drainage and percussion treat atelectasis,msmarco-passage/train,ielabgroup/vec2text_gtr-base-st_corrector
1121402,what can contour plowing reduce,the coned grid power efficiency. This is a 3000 kW efficiency of the power provided by a single grid for overhead electricity delivery.,CorrelationGECO,10,0.001,what is coned power grid efficiency?,msmarco-passage/train,ielabgroup/vec2text_gtr-base-st_corrector
1121402,what can contour plowing reduce,take a fat diet and put a weight-free weight-free weight-free weight on your chin to get rid of it from your face,CorrelationGECO,10,0.001,how to get rid of a fat chin,msmarco-passage/train,ielabgroup/vec2text_gtr-base-st_corrector
962179,when was the salvation army founded,"in 1664, operating in lse and lse, Glysens was founded. Glysens",CorrelationGECO,10,0.001,when was glysens founded,msmarco-passage/train,ielabgroup/vec2text_gtr-base-st_corrector
962179,when was the salvation army founded,"of the empires of the Roman empire (Georgia, c. 672 – c. 224 BC) was founded",CorrelationGECO,10,0.001,when was the roman empire founded,msmarco-passage/train,ielabgroup/vec2text_gtr-base-st_corrector
962179,when was the salvation army founded,"c. 1686, when Scotland (Scotland) was founded, and a new saga based on the Spanish constitution.",CorrelationGECO,10,0.001,when was scotland founded?,msmarco-passage/train,ielabgroup/vec2text_gtr-base-st_corrector
962179,when was the salvation army founded,"in 1687 (when Washington State was founded) and a living in Washington, D.C. (Los Angeles) when Washington was founded",CorrelationGECO,10,0.001,when was washington state founded,msmarco-passage/train,ielabgroup/vec2text_gtr-base-st_corrector
962179,when was the salvation army founded,"between 1931 and 1935, the Sonora caverns open to the public as part of a program for a private cavern",CorrelationGECO,10,0.001,what year did the sonora caverns open to public,msmarco-passage/train,ielabgroup/vec2text_gtr-base-st_corrector
962179,when was the salvation army founded,"in 1663 when the state of Delaware (Delaware, formerly New Jersey & Tri-Cities) was founded,",CorrelationGECO,10,0.001,when was the state of delaware founded,msmarco-passage/train,ielabgroup/vec2text_gtr-base-st_corrector
962179,when was the salvation army founded,year the Springfield XD was created in 1934 at the Evangelion-St. Marks National Science Center and the XD,CorrelationGECO,10,0.001,what year was the springfield xd created,msmarco-passage/train,ielabgroup/vec2text_gtr-base-st_corrector
962179,when was the salvation army founded,"in 1760 and 1764, and the water systems invented are the British and French water-systems of the era, introducing the onset",CorrelationGECO,10,0.001,when were the water systems invented,msmarco-passage/train,ielabgroup/vec2text_gtr-base-st_corrector
962179,when was the salvation army founded,(now formally re-established as Forever Peasants) founded in 1672. Forever peasants Forever is,CorrelationGECO,10,0.001,when was pheasants forever founded,msmarco-passage/train,ielabgroup/vec2text_gtr-base-st_corrector
962179,when was the salvation army founded,"beginning in 1894 (when a new train of mail was opened to the United States for delivery to the Feds), the postal service was started",CorrelationGECO,10,0.001,when was the postal service started,msmarco-passage/train,ielabgroup/vec2text_gtr-base-st_corrector
1117099,what is a active margin,"margin of accounting (Financial Accounting)        , defined safety margin of",CorrelationGECO,10,0.001,define margin of safety accounting,msmarco-passage/train,ielabgroup/vec2text_gtr-base-st_corrector
1117099,what is a active margin,Activated biochar Activated biochar is a product that is activated as a part of the fatty acid oedip,CorrelationGECO,10,0.001,what is activated biochar,msmarco-passage/train,ielabgroup/vec2text_gtr-base-st_corrector
1117099,what is a active margin,– the purpose of margin accounts – is a form of account account accounts that provide a profit to the econocta,CorrelationGECO,10,0.001,what is the purpose of margin accounts,msmarco-passage/train,ielabgroup/vec2text_gtr-base-st_corrector
1117099,what is a active margin,Active collusion (politics) Active collusion is a form of a restraining of transactions between a firm (e.g,CorrelationGECO,10,0.001,what is active collusion,msmarco-passage/train,ielabgroup/vec2text_gtr-base-st_corrector
1117099,what is a active margin,"Active is a pheromone that uses a combination of oxygen, water, carbon and hydrogens known as an active atom",CorrelationGECO,10,0.001,what is active,msmarco-passage/train,ielabgroup/vec2text_gtr-base-st_corrector
1117099,what is a active margin,"definition of active genes. Active genes (-gads, -funds, -lips) are active proteins",CorrelationGECO,10,0.001,definition of active genes,msmarco-passage/train,ielabgroup/vec2text_gtr-base-st_corrector
1117099,what is a active margin,"a difference between the function of a biome and the function of its dividing lines, active vs. passive is the difference between biology",CorrelationGECO,10,0.001,what is the difference between active and passive biology,msmarco-passage/train,ielabgroup/vec2text_gtr-base-st_corrector
1117099,what is a active margin,define the midpoint of a segment (e.g. a rectilinear vertices ) is a segment,CorrelationGECO,10,0.001,definition of midpoint of a segment,msmarco-passage/train,ielabgroup/vec2text_gtr-base-st_corrector
1117099,what is a active margin,"makers of the active ankle. The maker, Royce Jacobs, of Pennsylvania, who manufactures the active ankle, is also a registered public service",CorrelationGECO,10,0.001,who makes the active ankle,msmarco-passage/train,ielabgroup/vec2text_gtr-base-st_corrector
1117099,what is a active margin,"defined as biologically active,  is an active member of the  biological  biological  and    biological health",CorrelationGECO,10,0.001,biologically active definition,msmarco-passage/train,ielabgroup/vec2text_gtr-base-st_corrector
148538,difference between rn and bsn,"the type of education based on the physiology of the fetus, a Nursing degree is a Bachelor of Applied Nursing",CorrelationGECO,10,0.001,what type of degree is a nursing,msmarco-passage/train,ielabgroup/vec2text_gtr-base-st_corrector
148538,difference between rn and bsn,a difference between Nasdaq (nedaq e.g. nysse) and nas,CorrelationGECO,10,0.001,what's the difference between nyse and nasdaq,msmarco-passage/train,ielabgroup/vec2text_gtr-base-st_corrector
148538,difference between rn and bsn,difference between Bowen therapist (no specific gender of the musculature) and structural therapist (no specific type of therapy).,CorrelationGECO,10,0.001,what's the differences between bowen therapist and structural therapist?,msmarco-passage/train,ielabgroup/vec2text_gtr-base-st_corrector
148538,difference between rn and bsn,difference between recession and recession Recession (pronounced 'recession' and 'recognition' or 'economy' or,CorrelationGECO,10,0.001,difference recession and recession,msmarco-passage/train,ielabgroup/vec2text_gtr-base-st_corrector
148538,difference between rn and bsn,"a body of medicine and a symbiosis, a medical assistant is the difference between a nurse and a nurse",CorrelationGECO,10,0.001,whats the difference between a medical assistant and a nurse,msmarco-passage/train,ielabgroup/vec2text_gtr-base-st_corrector
148538,difference between rn and bsn,fastest bsn degree to bsn (B.S. r.sn) to become the fastest bsn degree,CorrelationGECO,10,0.001,fastest rn to bsn degree,msmarco-passage/train,ielabgroup/vec2text_gtr-base-st_corrector
148538,difference between rn and bsn,a difference between a neuralgia (meningitis) and a neuralgia (cerebral palsy,CorrelationGECO,10,0.001,what is the difference between neuropathy and neuralgia?,msmarco-passage/train,ielabgroup/vec2text_gtr-base-st_corrector
148538,difference between rn and bsn,mRNA is drwn from the mammary ribose and tests how DNA differs from mRNA,CorrelationGECO,10,0.001,how does mrna differ from dna quizlet,msmarco-passage/train,ielabgroup/vec2text_gtr-base-st_corrector
148538,difference between rn and bsn,difference between the eupay and a state of the union's social security system (SSSI) and social benefits for the child.,CorrelationGECO,10,0.001,what is the difference between ssi and social security benefits?,msmarco-passage/train,ielabgroup/vec2text_gtr-base-st_corrector
148538,difference between rn and bsn,bn and nasin bn and nasin (also known as asin) is a protein,CorrelationGECO,10,0.001,what is asin and bn,msmarco-passage/train,ielabgroup/vec2text_gtr-base-st_corrector
451602,medicare's definition of mechanical ventilation,"of durable medical equipment (Medicinal Equipment or DUTY medical equipment) is a medical device that is durable, a medium to which the contaminants",CorrelationGECO,10,0.001,what is durable medical equipment,msmarco-passage/train,ielabgroup/vec2text_gtr-base-st_corrector
451602,medicare's definition of mechanical ventilation,definition: mucosal margins        are a set of rheum,CorrelationGECO,10,0.001,mucosal  margins definition,msmarco-passage/train,ielabgroup/vec2text_gtr-base-st_corrector
451602,medicare's definition of mechanical ventilation,"(known as a medical home or a home-do-home) is a home, a home for the care of the health",CorrelationGECO,10,0.001,what is a medical home,msmarco-passage/train,ielabgroup/vec2text_gtr-base-st_corrector
451602,medicare's definition of mechanical ventilation,Fib of the femur Fib of the femur (MIFb) is a pulse-level induction and cardiac,CorrelationGECO,10,0.001,what is mfib,msmarco-passage/train,ielabgroup/vec2text_gtr-base-st_corrector
451602,medicare's definition of mechanical ventilation,(known as are medicare) are a large collection of Medicare and Social Security programs and a special tax-payer option for the elderly,CorrelationGECO,10,0.001,what are medicare,msmarco-passage/train,ielabgroup/vec2text_gtr-base-st_corrector
451602,medicare's definition of mechanical ventilation,Mitral valve regurgitation Mitral valve regurgitation is a resistance of the upper gastrointestinal tract and biliver,CorrelationGECO,10,0.001,what is mitral valve regurgitation,msmarco-passage/train,ielabgroup/vec2text_gtr-base-st_corrector
451602,medicare's definition of mechanical ventilation,"is a ""meb"" type of honorable discharge. Meb (Method Honorable Recipient) is a nonoption",CorrelationGECO,10,0.001,is meb an honorable discharge type?,msmarco-passage/train,ielabgroup/vec2text_gtr-base-st_corrector
451602,medicare's definition of mechanical ventilation,medical domiciliary is a cadaversia that is a daily field of care and is the home of the Department of Physical Medicine,CorrelationGECO,10,0.001,what is medical domiciliary,msmarco-passage/train,ielabgroup/vec2text_gtr-base-st_corrector
451602,medicare's definition of mechanical ventilation,"definition of a mechanical controller - a controller of the control of the operation of a mechanism such as a valve, controller, liquid controller",CorrelationGECO,10,0.001,definition of mechanical controller,msmarco-passage/train,ielabgroup/vec2text_gtr-base-st_corrector
451602,medicare's definition of mechanical ventilation,difference between a ventilator (as a systole & a ventricle & airway) and respir,CorrelationGECO,10,0.001,difference between ventilator & respirator,msmarco-passage/train,ielabgroup/vec2text_gtr-base-st_corrector
359349,how to find the midsegment of a trapezoid,- centre across cells. This is done by adjusting the spacing between cells until they are able to cross over a cellular centre of,CorrelationGECO,10,0.001,how to centre across cells,msmarco-passage/train,ielabgroup/vec2text_gtr-base-st_corrector
359349,how to find the midsegment of a trapezoid,is the center of the orthocenter inside or the outside (the triangle is inside       ).,CorrelationGECO,10,0.001,is the orthocenter inside or outside the triangle?,msmarco-passage/train,ielabgroup/vec2text_gtr-base-st_corrector
359349,how to find the midsegment of a trapezoid,understand 3D double bond in chemsketch by focusing on the 3D viewer and click on the right right to faggle,CorrelationGECO,10,0.001,how to do double bond on 3d viewer chemsketch,msmarco-passage/train,ielabgroup/vec2text_gtr-base-st_corrector
359349,how to find the midsegment of a trapezoid,"locate trapinch in the Pokemon .pokémon .pokémon game project pack, where you can find it in a",CorrelationGECO,10,0.001,where to find trapinch in project pokemon,msmarco-passage/train,ielabgroup/vec2text_gtr-base-st_corrector
359349,how to find the midsegment of a trapezoid,"what the method to use to solve the equation is, i.e., we would use a 0 + 3=1 .",CorrelationGECO,10,0.001,what method would you use to solve the equation?,msmarco-passage/train,ielabgroup/vec2text_gtr-base-st_corrector
359349,how to find the midsegment of a trapezoid,You find the area of a parallelogram by multiplying its squamiform by its squamiform A (10948,CorrelationGECO,10,0.001,how to find an area of a parallelogram,msmarco-passage/train,ielabgroup/vec2text_gtr-base-st_corrector
359349,how to find the midsegment of a trapezoid,"Using a mathema-druv, find midsegment. This means that the min. of 1m.",CorrelationGECO,10,0.001,how to find midsegment,msmarco-passage/train,ielabgroup/vec2text_gtr-base-st_corrector
359349,how to find the midsegment of a trapezoid,"adjacent perpendicular shape , , , , ,  is the shape of side-hex",CorrelationGECO,10,0.001,what is adjacent side perpendicular shape,msmarco-passage/train,ielabgroup/vec2text_gtr-base-st_corrector
359349,how to find the midsegment of a trapezoid,"it is not known what it refers to, but it is likely that in English, middle passage refers to a passage into reconnection between",CorrelationGECO,10,0.001,what does middle passage refer to,msmarco-passage/train,ielabgroup/vec2text_gtr-base-st_corrector
359349,how to find the midsegment of a trapezoid,"by dividing by the quotients of a -pair of  and , you find the quotient fraction",CorrelationGECO,10,0.001,how do you find the quotient of fractions,msmarco-passage/train,ielabgroup/vec2text_gtr-base-st_corrector
1115776,what is an aml surveillance analyst,a patchy infiltrate RLL is a normal rudimentary rudimentary - it means that the disease,CorrelationGECO,10,0.001,what does a patchy rll infiltrate mean,msmarco-passage/train,ielabgroup/vec2text_gtr-base-st_corrector
1115776,what is an aml surveillance analyst,"Lbe Engineering, which",CorrelationGECO,10,0.001,what does lbe engineering stand for,msmarco-passage/train,ielabgroup/vec2text_gtr-base-st_corrector
1115776,what is an aml surveillance analyst,types of analysis methods are: Method of analysis (a.k.a. a. a. a. diagnostic method and a method,CorrelationGECO,10,0.001,types of analysis methods,msmarco-passage/train,ielabgroup/vec2text_gtr-base-st_corrector
1115776,what is an aml surveillance analyst,"LSTR in staph infection. LSTR is the aapis staph peptide in ""Lamellatus",CorrelationGECO,10,0.001,what is LSTR in aapi staph,msmarco-passage/train,ielabgroup/vec2text_gtr-base-st_corrector
1115776,what is an aml surveillance analyst,Association is a neuro-embryosis and a disease of the brain associated with ALS. association,CorrelationGECO,10,0.001,what is als association,msmarco-passage/train,ielabgroup/vec2text_gtr-base-st_corrector
1115776,what is an aml surveillance analyst,definition of the loyalty review system (originally a system of a system of intelligent systems and AI systems) is the review system of the data transfer,CorrelationGECO,10,0.001,define the loyalty review system,msmarco-passage/train,ielabgroup/vec2text_gtr-base-st_corrector
1115776,what is an aml surveillance analyst,"Vrml , is a specialized virtual reality data service (VMR) that is a part of the Roane-Card",CorrelationGECO,10,0.001,what is vrml,msmarco-passage/train,ielabgroup/vec2text_gtr-base-st_corrector
1115776,what is an aml surveillance analyst,Left zero-ellipsote A left zero-ellipsote ammeter is a device that is a unique diagnostic,CorrelationGECO,10,0.001,what is a left zero ammeter,msmarco-passage/train,ielabgroup/vec2text_gtr-base-st_corrector
1115776,what is an aml surveillance analyst,Observation status Observation Status (or Observation) is a high-visibility rating of a member of the Friendship Program,CorrelationGECO,10,0.001,what is observation status,msmarco-passage/train,ielabgroup/vec2text_gtr-base-st_corrector
1115776,what is an aml surveillance analyst,diagnosis is an amyosinic ailment disorder (AMA). A diagnosis is a diagnostic technique that focuses on symptoms and symptoms,CorrelationGECO,10,0.001,what is ama diagnosis,msmarco-passage/train,ielabgroup/vec2text_gtr-base-st_corrector
1112341,what is the daily life of thai people,thalassemia is common in Sindhi and it is a reason for the thalassemia occurrence in the jani,CorrelationGECO,10,0.001,why is thalassemia common in sindhi,msmarco-passage/train,ielabgroup/vec2text_gtr-base-st_corrector
1112341,what is the daily life of thai people,"a type of currency, Thai bahti-coin and thailoan cash coins use thai-tha",CorrelationGECO,10,0.001,what type of currency does thailand use,msmarco-passage/train,ielabgroup/vec2text_gtr-base-st_corrector
1112341,what is the daily life of thai people,"(in the history of the Vietnamese peoples), was the recurring theme in the history of the museeteh-same",CorrelationGECO,10,0.001,what was a recurring theme in the history of the vietnamese people,msmarco-passage/train,ielabgroup/vec2text_gtr-base-st_corrector
1112341,what is the daily life of thai people,"average human deaths from a general tsunami (e.g., the Japanese tsunami of Isuda and Isomanawa)",CorrelationGECO,10,0.001,average human deaths from a general tsunami,msmarco-passage/train,ielabgroup/vec2text_gtr-base-st_corrector
1112341,what is the daily life of thai people,"difference between day-to-day life in Russia, i.e. day-to-day life (sharp, buck, tort",CorrelationGECO,10,0.001,difference in day to day life in russia,msmarco-passage/train,ielabgroup/vec2text_gtr-base-st_corrector
1112341,what is the daily life of thai people,(Tahitian          ) is spoken in Northeast,CorrelationGECO,10,0.001,where is tahitian spoken,msmarco-passage/train,ielabgroup/vec2text_gtr-base-st_corrector
1112341,what is the daily life of thai people,between a family therapist and a social work therapist (also known as family therapist and social work supporter) is the difference between marriage,CorrelationGECO,10,0.001,difference between social work and marriage and family therapist,msmarco-passage/train,ielabgroup/vec2text_gtr-base-st_corrector
1112341,what is the daily life of thai people,"thai baht exchange r , thai baht exchange is the thai r rated",CorrelationGECO,10,0.001,what is the thai baht exchange r,msmarco-passage/train,ielabgroup/vec2text_gtr-base-st_corrector
1112341,what is the daily life of thai people,"in september, the weather in Tharpai is awash with wind and rain, and the weather in Thailand is a warm",CorrelationGECO,10,0.001,how is the weather in thailand in september,msmarco-passage/train,ielabgroup/vec2text_gtr-base-st_corrector
1112341,what is the daily life of thai people,"(sorryoperturine) is a bouncy-vitamin based amine, known as Theramine, a",CorrelationGECO,10,0.001,what is theramine,msmarco-passage/train,ielabgroup/vec2text_gtr-base-st_corrector
131843,definition of a sigmet,"in 1963, Sig was founded, and in 1932, the founders of the now-defunct Sidney Seng Company (known",CorrelationGECO,10,0.001,when was sig founded,msmarco-passage/train,ielabgroup/vec2text_gtr-base-st_corrector
131843,definition of a sigmet,meaning of              (sif,CorrelationGECO,10,0.001,meaning of sifting,msmarco-passage/train,ielabgroup/vec2text_gtr-base-st_corrector
131843,definition of a sigmet,"meterman - a definition of a man who is a resident of the Meteorites, the Manchester Athletics, the Power",CorrelationGECO,10,0.001,definition for meterman,msmarco-passage/train,ielabgroup/vec2text_gtr-base-st_corrector
131843,definition of a sigmet,satyr satyr is a tyre of the Holy Grail who is a demon,CorrelationGECO,10,0.001,what is a satyr,msmarco-passage/train,ielabgroup/vec2text_gtr-base-st_corrector
131843,definition of a sigmet,definition of egon (,CorrelationGECO,10,0.001,definition of egon,msmarco-passage/train,ielabgroup/vec2text_gtr-base-st_corrector
131843,definition of a sigmet,it means “electret”. Electret is an electric form of a tracer which electrifies water in a,CorrelationGECO,10,0.001,what does electret mean,msmarco-passage/train,ielabgroup/vec2text_gtr-base-st_corrector
131843,definition of a sigmet,"in the presence of a liquid in the same temperature, a synapse, a binomial, solid is defined chemistry",CorrelationGECO,10,0.001,solid in chemistry definition,msmarco-passage/train,ielabgroup/vec2text_gtr-base-st_corrector
131843,definition of a sigmet,"Defining, congru",CorrelationGECO,10,0.001,what is the def of congruent,msmarco-passage/train,ielabgroup/vec2text_gtr-base-st_corrector
131843,definition of a sigmet,Struck (Chicago titlin) Struck is a physicist who has established a strong definition of fire,CorrelationGECO,10,0.001,struck definition,msmarco-passage/train,ielabgroup/vec2text_gtr-base-st_corrector
131843,definition of a sigmet,Cogent is a neo-scientific novel which is a key component of the discovery of the mineral coccus (carbon,CorrelationGECO,10,0.001,what is cogent,msmarco-passage/train,ielabgroup/vec2text_gtr-base-st_corrector
104861,cost of interior concrete flooring,"in the cost of a new home, the average cost of a hardwood floor, the cost of a $30 to $40 installation of a hardwood",CorrelationGECO,10,0.001,average cost of hardwood floors installed,msmarco-passage/train,ielabgroup/vec2text_gtr-base-st_corrector
104861,cost of interior concrete flooring,"How much (elevator, stair, stair, fteel) a per floor elevator cost (how much will cost",CorrelationGECO,10,0.001,How much does an elevator cost per floor,msmarco-passage/train,ielabgroup/vec2text_gtr-base-st_corrector
104861,cost of interior concrete flooring,"between $45 to $600,000 epoxy professional garage floor epoxy or epoxy is known for its simplicity and cost and it is",CorrelationGECO,10,0.001,how much does professional garage epoxy floor cost,msmarco-passage/train,ielabgroup/vec2text_gtr-base-st_corrector
104861,cost of interior concrete flooring,"cost between $2,500-$2,500 to install porcelain terracotta tile or terracotta-ceramic tile on a moving-floor",CorrelationGECO,10,0.001,cost to install porcelain tile floor,msmarco-passage/train,ielabgroup/vec2text_gtr-base-st_corrector
104861,cost of interior concrete flooring,calculator with a cost estimate of a Floating floor - (LCM) - (COST: $385) - laminate,CorrelationGECO,10,0.001,cost calculator for laminate flooring,msmarco-passage/train,ielabgroup/vec2text_gtr-base-st_corrector
104861,cost of interior concrete flooring,"to $4,000–$5,000 a year to adobe polyurethane hardwood floors or utensils for dry wood trim",CorrelationGECO,10,0.001,cost to polyurethane hardwood floors,msmarco-passage/train,ielabgroup/vec2text_gtr-base-st_corrector
104861,cost of interior concrete flooring,estimate of the cost of a wood flooring (approximately $80–85 cents and $90–199 cents for hardwood,CorrelationGECO,10,0.001,cost estimate for hardwood flooring,msmarco-passage/train,ielabgroup/vec2text_gtr-base-st_corrector
104861,cost of interior concrete flooring,"average cost of laminate vs hardwood ,           carpet",CorrelationGECO,10,0.001,average cost of carpet versus laminate versus hardwood,msmarco-passage/train,ielabgroup/vec2text_gtr-base-st_corrector
104861,cost of interior concrete flooring,"based on cement sands, a cost per foot rate of       $1000 slab",CorrelationGECO,10,0.001,concrete slab cost per foot,msmarco-passage/train,ielabgroup/vec2text_gtr-base-st_corrector
104861,cost of interior concrete flooring,"cost of $600–$600 ($ in today's dollars) granite garage floors or a new carbon-free steel floor, cost",CorrelationGECO,10,0.001,granite garage floors cost,msmarco-passage/train,ielabgroup/vec2text_gtr-base-st_corrector
833860,what is the most popular food in switzerland,"the most popular dishes in Texas, a.k.a. Texas Rim Sprouts, Beef & Tomato",CorrelationGECO,10,0.001,most popular dishes in texas,msmarco-passage/train,ielabgroup/vec2text_gtr-base-st_corrector
833860,what is the most popular food in switzerland,types of cheese that are stuffed in the cheese in pierogi is poljemo krzywasków,CorrelationGECO,10,0.001,what kind of cheese is in pierogi,msmarco-passage/train,ielabgroup/vec2text_gtr-base-st_corrector
833860,what is the most popular food in switzerland,"what food they eat in Ireland, they eat a variety of food such as rye stodgaard, potato",CorrelationGECO,10,0.001,what kind of food do they eat in ireland,msmarco-passage/train,ielabgroup/vec2text_gtr-base-st_corrector
833860,what is the most popular food in switzerland,the most disgusting food of the whole Romanian food whereas 'cheese rye' or 'populia,CorrelationGECO,10,0.001,what is the most disgusting food for  romania,msmarco-passage/train,ielabgroup/vec2text_gtr-base-st_corrector
833860,what is the most popular food in switzerland,"foods France Foods (francis d'oluce, frog sauce, frog meats, cervi",CorrelationGECO,10,0.001,france foods,msmarco-passage/train,ielabgroup/vec2text_gtr-base-st_corrector
833860,what is the most popular food in switzerland,as a first language in the gloomy mountain regions of Switzerland (Switzerland) 59.8 percent speak French and 5 percent,CorrelationGECO,10,0.001,what percent of switzerland speaks french,msmarco-passage/train,ielabgroup/vec2text_gtr-base-st_corrector
833860,what is the most popular food in switzerland,meaning of the swathe of red and wilty furs and wolf's flag stands as the flag of Switzerland meaning,CorrelationGECO,10,0.001,what is the meaning of switzerland flag,msmarco-passage/train,ielabgroup/vec2text_gtr-base-st_corrector
833860,what is the most popular food in switzerland,"The food groups in a protein bar are: a lipped bar contains a range of fruit, acorns, and malt",CorrelationGECO,10,0.001,what food groups is in a protein bar,msmarco-passage/train,ielabgroup/vec2text_gtr-base-st_corrector
833860,what is the most popular food in switzerland,"satanic food offered at Seder will be a variety of meat, vegetables, and cuts of kosher bread",CorrelationGECO,10,0.001,what kind of food is offered at seder,msmarco-passage/train,ielabgroup/vec2text_gtr-base-st_corrector
833860,what is the most popular food in switzerland,what are called the regions of Austria and swietland and the regions of switzerland and ss,CorrelationGECO,10,0.001,what are the regions of austria and switzerland called,msmarco-passage/train,ielabgroup/vec2text_gtr-base-st_corrector
207786,how are some sharks warm blooded,"a brimmed calorie-rich wicker, handwarmers produce a kind of energy that they can use during the winter",CorrelationGECO,10,0.001,what kind of energy do handwarmers produce,msmarco-passage/train,ielabgroup/vec2text_gtr-base-st_corrector
207786,how are some sharks warm blooded,"Water systems, a.k.a. Scarce shark systems, provide a system of 20  20  200",CorrelationGECO,10,0.001,water shark systems,msmarco-passage/train,ielabgroup/vec2text_gtr-base-st_corrector
207786,how are some sharks warm blooded,"Water systems, a.k.a. Scarce shark systems, provide a system of 20  20  200",CorrelationGECO,10,0.001,water shark systems,msmarco-passage/train,ielabgroup/vec2text_gtr-base-st_corrector
207786,how are some sharks warm blooded,mark Chesnot to hot or,CorrelationGECO,10,0.001,mark chesnot to hot or cold,msmarco-passage/train,ielabgroup/vec2text_gtr-base-st_corrector
207786,how are some sharks warm blooded,"a year-round, . , 'Hawaii'i is warm year round due to the warm summer and hot season",CorrelationGECO,10,0.001,is hawaii warm year round,msmarco-passage/train,ielabgroup/vec2text_gtr-base-st_corrector
207786,how are some sharks warm blooded,"a person with a cold, arthrical lint of blood can make them warm-blooded, as it is part",CorrelationGECO,10,0.001,what makes a person warm blooded,msmarco-passage/train,ielabgroup/vec2text_gtr-base-st_corrector
207786,how are some sharks warm blooded,"around 2 billion years and have been in existence since the beginning, sharks (formerly known as savannas or ice dogs) have",CorrelationGECO,10,0.001,how long have sharks been around,msmarco-passage/train,ielabgroup/vec2text_gtr-base-st_corrector
207786,how are some sharks warm blooded,"on January 1, 2014 when Shark Tank is on in California and is scheduled to be on on August 2nd as a show for kids at the pool",CorrelationGECO,10,0.001,when is shark tank on in calif,msmarco-passage/train,ielabgroup/vec2text_gtr-base-st_corrector
207786,how are some sharks warm blooded,"because penguins huddle to keep eagles and squirming under cold temperatures, they can keep warm and lie",CorrelationGECO,10,0.001,why do penguins huddle to keep warm,msmarco-passage/train,ielabgroup/vec2text_gtr-base-st_corrector
207786,how are some sharks warm blooded,"a difference in morphology, a difference in lateral fin dwelling, and there are differences between thresher shark",CorrelationGECO,10,0.001,what are differences between thresher shark,msmarco-passage/train,ielabgroup/vec2text_gtr-base-st_corrector
1114819,what is durable medical equipment consist of,lifting device for a dmd patient. The dmd patient should use a cnief-shaped lifting device,CorrelationGECO,10,0.001,what lifting device should be used to lift a dmd patient,msmarco-passage/train,ielabgroup/vec2text_gtr-base-st_corrector
1114819,what is durable medical equipment consist of,"what is considered to be non manufacturing equipment & machinery & machinery such as machinery, vehicles, machinery, manufacturing tools and machinery and are not considered",CorrelationGECO,10,0.001,what is considered non manufacturing machinery and equipment,msmarco-passage/train,ielabgroup/vec2text_gtr-base-st_corrector
1114819,what is durable medical equipment consist of,of substances released when the tissues are injured are released [O][O][O][S].,CorrelationGECO,10,0.001,the substances released when tissues are injured are ________.,msmarco-passage/train,ielabgroup/vec2text_gtr-base-st_corrector
1114819,what is durable medical equipment consist of,can dmn prescribed multiple items of a CME. Each item can be prescribed one cn and a cardiac,CorrelationGECO,10,0.001,can multiple items of dme prescribed one cmn,msmarco-passage/train,ielabgroup/vec2text_gtr-base-st_corrector
1114819,what is durable medical equipment consist of,protect your house against medical expenses by securing a deductible and a deductible and how you can - and do not - house,CorrelationGECO,10,0.001,how to protect house from medical expenses,msmarco-passage/train,ielabgroup/vec2text_gtr-base-st_corrector
1114819,what is durable medical equipment consist of,of the Kitten-Kneel-Kneel. Critical equipment are critical equipment that is a set of essential electrical equipment,CorrelationGECO,10,0.001,what are critical equipment,msmarco-passage/train,ielabgroup/vec2text_gtr-base-st_corrector
1114819,what is durable medical equipment consist of,"if broken, they can be a problem. ABS Plastic is durable and durable for a good amount of time. ABS Plastic is durable to",CorrelationGECO,10,0.001,is abs plastic durable,msmarco-passage/train,ielabgroup/vec2text_gtr-base-st_corrector
1114819,what is durable medical equipment consist of,"types of durable plastics. These are a class of molded plastics, e.g., PVC, PVC, Titanic",CorrelationGECO,10,0.001,types of durable plastics,msmarco-passage/train,ielabgroup/vec2text_gtr-base-st_corrector
1114819,what is durable medical equipment consist of,registration information on the ffadma.gov.uta medical device registration box and the FDA regulated questions and answers for medical,CorrelationGECO,10,0.001,fda medical device registration faq,msmarco-passage/train,ielabgroup/vec2text_gtr-base-st_corrector
1114819,what is durable medical equipment consist of,"Defense medical intelligence a defense of the U.S. Army of the Navy Veterinary and Surgical Services Medical Intelligence, known as medical intelligence",CorrelationGECO,10,0.001,defense medical intelligence,msmarco-passage/train,ielabgroup/vec2text_gtr-base-st_corrector
183378,exons definition biology,"by the definition of polygenic biology, is a genetic definition of a phenotype or organism with no neurite or a dual position",CorrelationGECO,10,0.001,polygenic biology definition,msmarco-passage/train,ielabgroup/vec2text_gtr-base-st_corrector
183378,exons definition biology,biology definition replication is a chemical structure of the cell divisions of the fetus and the human fetus (ALU,CorrelationGECO,10,0.001,replication definition biology,msmarco-passage/train,ielabgroup/vec2text_gtr-base-st_corrector
183378,exons definition biology,"executive branch (a judicial branch formerly known as the executive branch, a form of executive power, or a central executive branch), defined",CorrelationGECO,10,0.001,define executive branch,msmarco-passage/train,ielabgroup/vec2text_gtr-base-st_corrector
183378,exons definition biology,"definition in science. In chemistry and physics, ion (ion-cis-particle) are a group of abundant minerals",CorrelationGECO,10,0.001,ion definition in science,msmarco-passage/train,ielabgroup/vec2text_gtr-base-st_corrector
183378,exons definition biology,a  a  eon (commonly known as  eON) is an ancient planet of earth,CorrelationGECO,10,0.001,what is a eon,msmarco-passage/train,ielabgroup/vec2text_gtr-base-st_corrector
183378,exons definition biology,biology (e.g. biology - a.k.a. neophyte biology) ecology is a scientific definition,CorrelationGECO,10,0.001,ecology biology definition,msmarco-passage/train,ielabgroup/vec2text_gtr-base-st_corrector
183378,exons definition biology,"Using the definition of 'transcript' in biology, bioinformatics of the cell is the transfer of a gene or other protein",CorrelationGECO,10,0.001,definition of transcription in biology,msmarco-passage/train,ielabgroup/vec2text_gtr-base-st_corrector
183378,exons definition biology,"in biology, 'auto' means auto-cell in a cell that divides into a class of organs and a class of",CorrelationGECO,10,0.001,what does auto mean in biology,msmarco-passage/train,ielabgroup/vec2text_gtr-base-st_corrector
183378,exons definition biology,"exogenous (by a phenomenological definition, exogenous) is the proportion of exogenous exogenes in",CorrelationGECO,10,0.001,exogenous definition,msmarco-passage/train,ielabgroup/vec2text_gtr-base-st_corrector
183378,exons definition biology,An extrinsic movement (apherocetal phelonism) is a movement that moves from a platter,CorrelationGECO,10,0.001,what is a extrinsic movement,msmarco-passage/train,ielabgroup/vec2text_gtr-base-st_corrector
1106007,define visceral?,venous sinuses (snake venous ducts of the esophagus)  is the definition,CorrelationGECO,10,0.001,venous sinuses definition,msmarco-passage/train,ielabgroup/vec2text_gtr-base-st_corrector
1106007,define visceral?,An/pVs /a/vodets An/pVs /a/vodets is a definition,CorrelationGECO,10,0.001,define an/pvs,msmarco-passage/train,ielabgroup/vec2text_gtr-base-st_corrector
1106007,define visceral?,definition of reverb. — a verb adverbial effect — a voicing — a reverb,CorrelationGECO,10,0.001,definition of  reverb,msmarco-passage/train,ielabgroup/vec2text_gtr-base-st_corrector
1106007,define visceral?,"by the Cinethetic racism definition, cinethetic racism is a form of racial representation in which a group of white people, a",CorrelationGECO,10,0.001,cinethetic racism definition,msmarco-passage/train,ielabgroup/vec2text_gtr-base-st_corrector
1106007,define visceral?,"the definition of “hysterical”, a high-quality, esoteric, hysteria of the comedian",CorrelationGECO,10,0.001,definition of hysterical,msmarco-passage/train,ielabgroup/vec2text_gtr-base-st_corrector
1106007,define visceral?,"definition of 'purge'. Definition of a mass eviction, a naming move, a naming process",CorrelationGECO,10,0.001,definition of purge.,msmarco-passage/train,ielabgroup/vec2text_gtr-base-st_corrector
1106007,define visceral?,defining the biblical definition of merciful (or 'adjustable' or 'living merciful') in the Book of Genesis.,CorrelationGECO,10,0.001,what is the biblical definition of merciful?,msmarco-passage/train,ielabgroup/vec2text_gtr-base-st_corrector
1106007,define visceral?,(Viscose-ceramic structures) The visceral structures is a structure of the human femur which holds,CorrelationGECO,10,0.001,what is the visceral structures,msmarco-passage/train,ielabgroup/vec2text_gtr-base-st_corrector
1106007,define visceral?,"function of the pleural venous system, the visceral pleura is the vital function of the respiratory fluid in the lungs",CorrelationGECO,10,0.001,what is the function of the visceral pleura in the respiratory system,msmarco-passage/train,ielabgroup/vec2text_gtr-base-st_corrector
1106007,define visceral?,"a syllabic word, 'copacetic'. It means that the word is a compass which means that",CorrelationGECO,10,0.001,what does the word copacetic mean,msmarco-passage/train,ielabgroup/vec2text_gtr-base-st_corrector
1124210,tracheids are part of _____.,"the main parts of the urinary system are the uropetamina (Ureteral system), arteries and glens",CorrelationGECO,10,0.001,what is the main parts of the urinary system,msmarco-passage/train,ielabgroup/vec2text_gtr-base-st_corrector
1124210,tracheids are part of _____.,"the body, the spine is a part of the body apart from the apex and the fibrosa, which is composed of",CorrelationGECO,10,0.001,what is the spine apart of in the body,msmarco-passage/train,ielabgroup/vec2text_gtr-base-st_corrector
1124210,tracheids are part of _____.,femur (a.k.a. femur femora) is the body part of the ribcage,CorrelationGECO,10,0.001,what body part is the femur?,msmarco-passage/train,ielabgroup/vec2text_gtr-base-st_corrector
1124210,tracheids are part of _____.,"m. m. m. m. ), fixed macrophages () are found in the liver of macrophages",CorrelationGECO,10,0.001,________ are fixed macrophages found in the liver.,msmarco-passage/train,ielabgroup/vec2text_gtr-base-st_corrector
1124210,tracheids are part of _____.,a tracheotephlocy (tracheatomy) is a coma of the urethra,CorrelationGECO,10,0.001,what is a tracheatomy,msmarco-passage/train,ielabgroup/vec2text_gtr-base-st_corrector
1124210,tracheids are part of _____.,a tracheostomy is necessary as well as other acupressures and other pains. It is why a trac,CorrelationGECO,10,0.001,why is a tracheostomy necessary,msmarco-passage/train,ielabgroup/vec2text_gtr-base-st_corrector
1124210,tracheids are part of _____.,the order of the -systyagon - -betazon - trapezoi,CorrelationGECO,10,0.001,the order of the trapezoid,msmarco-passage/train,ielabgroup/vec2text_gtr-base-st_corrector
1124210,tracheids are part of _____.,the bony labyrinth — the          —,CorrelationGECO,10,0.001,the bony labyrinth is part of the ________.,msmarco-passage/train,ielabgroup/vec2text_gtr-base-st_corrector
1124210,tracheids are part of _____.,"organ that delivers estrogen and nutrients into the developing embryo is the ectoderm, which supplies progesterone and hormones for delivery.",CorrelationGECO,10,0.001,what organ delivers nutrients to the developing embryo and produces estrogen and progesterone?,msmarco-passage/train,ielabgroup/vec2text_gtr-base-st_corrector
1124210,tracheids are part of _____.,"where it is found – the carotid (located between the brain, clavicle, and head) – this organism found",CorrelationGECO,10,0.001,where is the carotid found,msmarco-passage/train,ielabgroup/vec2text_gtr-base-st_corrector
490595,rsa definition key,information assurance. sca stands for Service Information Assurance (SI) and is a acronym for Severe Information Assurance. During,CorrelationGECO,10,0.001,in information assurance what does sca stand for?,msmarco-passage/train,ielabgroup/vec2text_gtr-base-st_corrector
490595,rsa definition key,argyle thyron (RDA). The RDA is a flammable atom that is the body of the medical,CorrelationGECO,10,0.001,what is the rda,msmarco-passage/train,ielabgroup/vec2text_gtr-base-st_corrector
490595,rsa definition key,The rupiac artery (RCA artery) is a blood vessel that fuses with the blood of the Alzheimer's,CorrelationGECO,10,0.001,what is the rca artery,msmarco-passage/train,ielabgroup/vec2text_gtr-base-st_corrector
490595,rsa definition key,"definition of RNA polymerase and rRNA polynuclease, a biochemistry and biological biology. The enzymes remain",CorrelationGECO,10,0.001,rna polymerase definition biology,msmarco-passage/train,ielabgroup/vec2text_gtr-base-st_corrector
490595,rsa definition key,"stand for Sub-Admiral and Rifle in the Army, and the name SRA stands for Combat Troop Sergeant-at-",CorrelationGECO,10,0.001,what does sra stand for in the military,msmarco-passage/train,ielabgroup/vec2text_gtr-base-st_corrector
490595,rsa definition key,(Gsa) means a member of the gambial association and gsa sa is the gsa function,CorrelationGECO,10,0.001,what does gsa mean,msmarco-passage/train,ielabgroup/vec2text_gtr-base-st_corrector
490595,rsa definition key,RpA expenses RpA expenses (or RpA-Exposes) is a recurring expenses payment to IR.,CorrelationGECO,10,0.001,what is rpa expenses,msmarco-passage/train,ielabgroup/vec2text_gtr-base-st_corrector
490595,rsa definition key,SS income is the saa (Secondary Earnings and Availability of Income) balance of the Social Security funds.,CorrelationGECO,10,0.001,what is ssa income,msmarco-passage/train,ielabgroup/vec2text_gtr-base-st_corrector
490595,rsa definition key,"difference between a hra and a hsa, which is a difference between a hsa and h",CorrelationGECO,10,0.001,what is the difference between an hra and and hsa,msmarco-passage/train,ielabgroup/vec2text_gtr-base-st_corrector
490595,rsa definition key,"difference between hsa vs hsa, or hsa vs hra, and HRA",CorrelationGECO,10,0.001,difference between hsa vs hra,msmarco-passage/train,ielabgroup/vec2text_gtr-base-st_corrector
1103812,who formed the commonwealth of independent states,"(new colony), which produced iron, and the Pennsylvanian colony, which, in turn, produced a mixture of iron from rye",CorrelationGECO,10,0.001,what colony produced iron,msmarco-passage/train,ielabgroup/vec2text_gtr-base-st_corrector
1103812,who formed the commonwealth of independent states,"by signing the Declaration of Independence and giving it a full benefaction and a living, the colonies received what was resecute",CorrelationGECO,10,0.001,by signing the declaration of independence what did the colonies receive,msmarco-passage/train,ielabgroup/vec2text_gtr-base-st_corrector
1103812,who formed the commonwealth of independent states,"who is the founder of Manward digest, a philatelic journal and a trade paper by Charles S. Manes. Founded",CorrelationGECO,10,0.001,who is the founder of manward digest?,msmarco-passage/train,ielabgroup/vec2text_gtr-base-st_corrector
1103812,who formed the commonwealth of independent states,"of the following, which is a provision of a commonwealth agreement signed by the independent states of the commonwealth, ?",CorrelationGECO,10,0.001,which of the following is a provision of the commonwealth agreement signed by the commonwealth of independent states?,msmarco-passage/train,ielabgroup/vec2text_gtr-base-st_corrector
1103812,who formed the commonwealth of independent states,"1889, the year of the creation of the U.S. tax-emitting organization, the IRS was established and The Irs established",CorrelationGECO,10,0.001,what year was the irs established,msmarco-passage/train,ielabgroup/vec2text_gtr-base-st_corrector
1103812,who formed the commonwealth of independent states,how the babylonian empire (Babylonian:       ) was,CorrelationGECO,10,0.001,how was the babylonian empire formed,msmarco-passage/train,ielabgroup/vec2text_gtr-base-st_corrector
1103812,who formed the commonwealth of independent states,"the peace treaty of 1785, formerly known as the Treaty of the Thirteen Carnatic Treaty, is a peace treaty",CorrelationGECO,10,0.001,what was the peace treaty of 1783,msmarco-passage/train,ielabgroup/vec2text_gtr-base-st_corrector
1103812,who formed the commonwealth of independent states,"by the philanthropic kaipho, and when the Philippines gained independence from the United States, they gained a gain",CorrelationGECO,10,0.001,how did the philippines gain independence,msmarco-passage/train,ielabgroup/vec2text_gtr-base-st_corrector
1103812,who formed the commonwealth of independent states,the declaration of independence is considered to be the first formal assertion by a person of their right to —and by any other person of that right to,CorrelationGECO,10,0.001,the declaration of independence is considered the first formal assertion by a people of their right to,msmarco-passage/train,ielabgroup/vec2text_gtr-base-st_corrector
1103812,who formed the commonwealth of independent states,"founder of the ""Washington Times-Journal"" (WSFJ) who founded the WSJ, was a retired",CorrelationGECO,10,0.001,who founded the wsj,msmarco-passage/train,ielabgroup/vec2text_gtr-base-st_corrector
87181,causes of left ventricular hypertrophy,causes of a uric acidogonia (a reaction between individuals with positive cholesterol levels) causes alkaptonuria. These causes result,CorrelationGECO,10,0.001,causes of alkaptonuria,msmarco-passage/train,ielabgroup/vec2text_gtr-base-st_corrector
87181,causes of left ventricular hypertrophy,-Lvdt -Lvdt is a time-dialecting tetramethyl phosphat,CorrelationGECO,10,0.001,what is lvdt,msmarco-passage/train,ielabgroup/vec2text_gtr-base-st_corrector
87181,causes of left ventricular hypertrophy,the primary cause of nephrotic syndrome (as a result of a nephrotic thrombosis),CorrelationGECO,10,0.001,what is the secondary cause of nephrotic syndrome,msmarco-passage/train,ielabgroup/vec2text_gtr-base-st_corrector
87181,causes of left ventricular hypertrophy,(Attendemia pulmonata) is septal hypertrophy which is a phenylcholinedic hypergrowth,CorrelationGECO,10,0.001,what is septal hypertrophy,msmarco-passage/train,ielabgroup/vec2text_gtr-base-st_corrector
87181,causes of left ventricular hypertrophy,a cause of tenosynovitis (        ),CorrelationGECO,10,0.001,causes of tenosynovitis,msmarco-passage/train,ielabgroup/vec2text_gtr-base-st_corrector
87181,causes of left ventricular hypertrophy,resocerbosis in the brain occurs as the result of inadequate obstruction or apposition of fluids between the ventric,CorrelationGECO,10,0.001,what occurence results from obstruction within the ventricles of the brain or inadequate reabsorption of cerebrospinal fluid,msmarco-passage/train,ielabgroup/vec2text_gtr-base-st_corrector
87181,causes of left ventricular hypertrophy,"(verrucosa plana) causes verrucosa plana, which is a bacterial-like",CorrelationGECO,10,0.001,verruca plana causes,msmarco-passage/train,ielabgroup/vec2text_gtr-base-st_corrector
87181,causes of left ventricular hypertrophy,iatrogenic cause. Causes include atopic aorta-bosection syndrome and a gastrointestinal,CorrelationGECO,10,0.001,iatrogenic cause,msmarco-passage/train,ielabgroup/vec2text_gtr-base-st_corrector
87181,causes of left ventricular hypertrophy,"a result of sperm maesoplegia and obesity, causes Hip dysplasia.",CorrelationGECO,10,0.001,what is the cause of hip dysplasia?,msmarco-passage/train,ielabgroup/vec2text_gtr-base-st_corrector
87181,causes of left ventricular hypertrophy,"deaths in patients with a stifled organ, ailment, a lung disease, and patients with muscular dystrophy",CorrelationGECO,10,0.001,causes of death in patients with muscular dystrophy,msmarco-passage/train,ielabgroup/vec2text_gtr-base-st_corrector
443396,lps laws definition,which the law enumerates a proportional relationship between pressure and volume (or 'volume') of a gas and pressure.,CorrelationGECO,10,0.001,which law describes the proportional relationship between the pressure and volume of a gas?,msmarco-passage/train,ielabgroup/vec2text_gtr-base-st_corrector
443396,lps laws definition,a personal literacy sp. (P sp.) is a dietary information and a research achievement guideline for identifying,CorrelationGECO,10,0.001,what is a personal literacy sp,msmarco-passage/train,ielabgroup/vec2text_gtr-base-st_corrector
443396,lps laws definition,"is a legislation. , , , , , , , , , , , pace",CorrelationGECO,10,0.001,is pace a legislation,msmarco-passage/train,ielabgroup/vec2text_gtr-base-st_corrector
443396,lps laws definition,"(in the licensing system and in the registries and information technology), licensing () is a part of licenses",CorrelationGECO,10,0.001,what is in licensing,msmarco-passage/train,ielabgroup/vec2text_gtr-base-st_corrector
443396,lps laws definition,(legal definition of stance) is law,CorrelationGECO,10,0.001,legal stance definition,msmarco-passage/train,ielabgroup/vec2text_gtr-base-st_corrector
443396,lps laws definition,"the laws of the state, and the law on who you are a president, is the law of being a President and is expected to have privacy",CorrelationGECO,10,0.001,what is the law on being a president,msmarco-passage/train,ielabgroup/vec2text_gtr-base-st_corrector
443396,lps laws definition,ls in football ls (Futsal football) is a position to connect a scoutfield,CorrelationGECO,10,0.001,what is a ls in football,msmarco-passage/train,ielabgroup/vec2text_gtr-base-st_corrector
443396,lps laws definition,ls command (command ls) is command in UNIX command-line to locate a file without a secretive provision,CorrelationGECO,10,0.001,what is ls command in unix,msmarco-passage/train,ielabgroup/vec2text_gtr-base-st_corrector
443396,lps laws definition,"define the theory of natural law as a science of the theory of observable and physicistic phenomena of nature, by Isaac Baretz",CorrelationGECO,10,0.001,define the theory of natural law science,msmarco-passage/train,ielabgroup/vec2text_gtr-base-st_corrector
443396,lps laws definition,(Lms) training lms training is a form of esoteric training that is a shared family of information,CorrelationGECO,10,0.001,what is lms training,msmarco-passage/train,ielabgroup/vec2text_gtr-base-st_corrector
1121709,what are the three percenters?,History of the Big Three and the Reagan-Sadden War (1916–16) The Triple Alliance was a statewide alliance of alliance,CorrelationGECO,10,0.001,what was the triple alliance,msmarco-passage/train,ielabgroup/vec2text_gtr-base-st_corrector
1121709,what are the three percenters?,"workers engaged, based on a gallup increase in the number of active workers who work at the bottom end of the calendar, 32.5 per cent",CorrelationGECO,10,0.001,gallup what percentage of workers engaged,msmarco-passage/train,ielabgroup/vec2text_gtr-base-st_corrector
1121709,what are the three percenters?,98 percent of people who are able to eat lactose or a percentage of people who can eat a portion of milk,CorrelationGECO,10,0.001,percentage of people who can eat lactose,msmarco-passage/train,ielabgroup/vec2text_gtr-base-st_corrector
1121709,what are the three percenters?,as a percentage of a percent of a percent of a percent of a percent of a percent of a percent of 38,CorrelationGECO,10,0.001,what is 38 out of 50 as a percent,msmarco-passage/train,ielabgroup/vec2text_gtr-base-st_corrector
1121709,what are the three percenters?,"what it means to have a percentile in your child, and percentiles (strength charts) are the tools used to indicate growth",CorrelationGECO,10,0.001,what do percentiles mean on growth charts,msmarco-passage/train,ielabgroup/vec2text_gtr-base-st_corrector
1121709,what are the three percenters?,"average earnings of the top 1%, average adversities, average adversities, and hard-working, with 0.01%",CorrelationGECO,10,0.001,"average earnings, top 1%",msmarco-passage/train,ielabgroup/vec2text_gtr-base-st_corrector
1121709,what are the three percenters?,82 percent of college students (who commute from work to work or from car to car) 58.9 percent of students live and work in distance,CorrelationGECO,10,0.001,what percentage of college students commute,msmarco-passage/train,ielabgroup/vec2text_gtr-base-st_corrector
1121709,what are the three percenters?,is our first person              or,CorrelationGECO,10,0.001,is our first person or third person,msmarco-passage/train,ielabgroup/vec2text_gtr-base-st_corrector
1121709,what are the three percenters?,"characteristic of all three domains, which applies to both viruses and virions (as well as to all worms and worms).",CorrelationGECO,10,0.001,which characteristic applies to all three domains and viruses?,msmarco-passage/train,ielabgroup/vec2text_gtr-base-st_corrector
1121709,what are the three percenters?,percent purity (polyethylene sulfate or a dissolved starch) is a percentage of a food and is 100 percent,CorrelationGECO,10,0.001,what is percent purity,msmarco-passage/train,ielabgroup/vec2text_gtr-base-st_corrector
87452,causes of military suicide,a 'Patritus of a 'Lt. D.O.'. Children of military are called 'children,CorrelationGECO,10,0.001,what do you call children of military,msmarco-passage/train,ielabgroup/vec2text_gtr-base-st_corrector
87452,causes of military suicide,"causes a child, a child with a low-sensitivity sensitivity to a high-sensitivity sensitivity, it causes diplegia",CorrelationGECO,10,0.001,what causes diplegia,msmarco-passage/train,ielabgroup/vec2text_gtr-base-st_corrector
87452,causes of military suicide,American (as a sub-discipline of the United States of America military status) — the military status is the status.,CorrelationGECO,10,0.001,what is the american military status?,msmarco-passage/train,ielabgroup/vec2text_gtr-base-st_corrector
87452,causes of military suicide,"which a specific type of suicide refers to taking one's life to advance a cause, or aiming to achieve an ideal based plan",CorrelationGECO,10,0.001,which type of suicide refers to taking one's life to advance a cause or ideal?,msmarco-passage/train,ielabgroup/vec2text_gtr-base-st_corrector
87452,causes of military suicide,"in terms of a drop. A click is a military commandery in the United Kingdom and a military sphere known as a ""click",CorrelationGECO,10,0.001,in military terms what is a click,msmarco-passage/train,ielabgroup/vec2text_gtr-base-st_corrector
87452,causes of military suicide,(analogous to a heart attack) is the most frequent cause of cardiovascular death (analogous to a pulmonary rash,CorrelationGECO,10,0.001,most frequent cause of cardiovascular death,msmarco-passage/train,ielabgroup/vec2text_gtr-base-st_corrector
87452,causes of military suicide,"Age for the military (e.g., 18- to 34-year-olds or under the age of civil rule in Denmark) The Military",CorrelationGECO,10,0.001,age for the military,msmarco-passage/train,ielabgroup/vec2text_gtr-base-st_corrector
87452,causes of military suicide,"causes of adolescent death, followed by adolescence, adolescent consumption of alcohol, and",CorrelationGECO,10,0.001,causes of adolescent death,msmarco-passage/train,ielabgroup/vec2text_gtr-base-st_corrector
87452,causes of military suicide,"epigenetic causes of depression as a result of a lack of reactivity to a given family, children, or a metabolic syndrome",CorrelationGECO,10,0.001,epigenetic causes of depression,msmarco-passage/train,ielabgroup/vec2text_gtr-base-st_corrector
87452,causes of military suicide,"(known as a cause) are found to be causes of school violence such as physical abuse, sex, bullies, and",CorrelationGECO,10,0.001,what are some causes of school violence,msmarco-passage/train,ielabgroup/vec2text_gtr-base-st_corrector
855410,what is theraderm used for,thorazine is used as a medication for hysteretic and laryngeal diseases. This is used for,CorrelationGECO,10,0.001,what is thorazine used for,msmarco-passage/train,ielabgroup/vec2text_gtr-base-st_corrector
855410,what is theraderm used for,"Originally used with a combination of adobe and jiquid milk, Renvela is used for treating newborn diseases.",CorrelationGECO,10,0.001,what is renvela used for?,msmarco-passage/train,ielabgroup/vec2text_gtr-base-st_corrector
855410,what is theraderm used for,the most common used non-cable lung cancer radiation therapy for small cell lung cancer and a common one- to three-year study for large,CorrelationGECO,10,0.001,most common used radiation therapy for non small cell lung cancer,msmarco-passage/train,ielabgroup/vec2text_gtr-base-st_corrector
855410,what is theraderm used for,Asetemizole is used as a treatment for a variety of microbial aplasia and is used for steroid,CorrelationGECO,10,0.001,what is astemizole used for,msmarco-passage/train,ielabgroup/vec2text_gtr-base-st_corrector
855410,what is theraderm used for,dymista is used to treat a variety of asymptomatic conditions such as obstructivist and congen,CorrelationGECO,10,0.001,what is dymista used to treat,msmarco-passage/train,ielabgroup/vec2text_gtr-base-st_corrector
855410,what is theraderm used for,"pygeum is used for a variety of uses including sylvia, rheum and equine. When",CorrelationGECO,10,0.001,what is pygeum used for,msmarco-passage/train,ielabgroup/vec2text_gtr-base-st_corrector
855410,what is theraderm used for,tresiba is used for a high dose of ectosepsis and cyclic worm disease.,CorrelationGECO,10,0.001,what is tresiba used for,msmarco-passage/train,ielabgroup/vec2text_gtr-base-st_corrector
855410,what is theraderm used for,(synea) and side effects (inflammatory inflammatory inflammatory inflammatory inflammatory . Pyridium is used to treat,CorrelationGECO,10,0.001,what is pyridium used for and what are the side effects,msmarco-passage/train,ielabgroup/vec2text_gtr-base-st_corrector
855410,what is theraderm used for,"used by a variety of apps, including Instagram and BUI, tinder is used to connect with strangers and for hook-ups and",CorrelationGECO,10,0.001,what is tinder used for,msmarco-passage/train,ielabgroup/vec2text_gtr-base-st_corrector
855410,what is theraderm used for,thallium is used in a variety of aesophthalmic metals such as tubium and nitricium,CorrelationGECO,10,0.001,what thallium used in,msmarco-passage/train,ielabgroup/vec2text_gtr-base-st_corrector
1114646,what is famvir prescribed for,medicine in Ecotrin. These medicines include green-purple medicine and a green-purple antibiotic. Ecotrin is the home to,CorrelationGECO,10,0.001,what medicine in ecotrin,msmarco-passage/train,ielabgroup/vec2text_gtr-base-st_corrector
1114646,what is famvir prescribed for,Diltiazem is prescribed for adretic and neuropathic ailment. Diltiaze,CorrelationGECO,10,0.001,what is diltiazem prescribed for,msmarco-passage/train,ielabgroup/vec2text_gtr-base-st_corrector
1114646,what is famvir prescribed for,"for a fight and tear tear, Lastacaft eye drops is used to treat lastacaft and adolescent",CorrelationGECO,10,0.001,what is lastacaft eye drops used for,msmarco-passage/train,ielabgroup/vec2text_gtr-base-st_corrector
1114646,what is famvir prescribed for,VTfr - means Army FSVR - Armed Forces HQ and a small permanent reserve motorcycle mooring.,CorrelationGECO,10,0.001,what does army vfr mean?,msmarco-passage/train,ielabgroup/vec2text_gtr-base-st_corrector
1114646,what is famvir prescribed for,"a steroid, Benzedrine (Flamotran) is given as the treatment for fatigue, followed by a treatment",CorrelationGECO,10,0.001,what is the treatment for fatigue,msmarco-passage/train,ielabgroup/vec2text_gtr-base-st_corrector
1114646,what is famvir prescribed for,Fcv is a venous artery virus (fcv) that is a research study of melatonin.,CorrelationGECO,10,0.001,what is fcv,msmarco-passage/train,ielabgroup/vec2text_gtr-base-st_corrector
1114646,what is famvir prescribed for,"famicaptan is used for a family clot virus, Familiclovir, after a viral infection in the United",CorrelationGECO,10,0.001,what is famciclovir used for,msmarco-passage/train,ielabgroup/vec2text_gtr-base-st_corrector
1114646,what is famvir prescribed for,"(BpV), a folic acid drug, Ferritin tests for ferritonitis and to determine whether a certain protein",CorrelationGECO,10,0.001,what does ferritin test for,msmarco-passage/train,ielabgroup/vec2text_gtr-base-st_corrector
1114646,what is famvir prescribed for,the medications used for common medicines and a common doxyspham. These medications are used to treat ailment and to slow,CorrelationGECO,10,0.001,common medications and what they are used for,msmarco-passage/train,ielabgroup/vec2text_gtr-base-st_corrector
1114646,what is famvir prescribed for,"the medications ketamine and ludinab, used to treat tremors after a decrease in tremors and treatment",CorrelationGECO,10,0.001,medications used to treat tremors,msmarco-passage/train,ielabgroup/vec2text_gtr-base-st_corrector
19335,anthropological definition of environment,"behavioral adaptations, organisms need resources from their environment to which they can adapt and what resources they need to eat and what they can eat from",CorrelationGECO,10,0.001,behavioral adaptations what resources do organisms need from their environment,msmarco-passage/train,ielabgroup/vec2text_gtr-base-st_corrector
19335,anthropological definition of environment,the physical environment (Pastinyon conflation) is a defined physical environment within a physical object or a set of,CorrelationGECO,10,0.001,physical environment defined,msmarco-passage/train,ielabgroup/vec2text_gtr-base-st_corrector
19335,anthropological definition of environment,(also known as assemblage) is a form of a chemical compound that is part of the genome of Michael Grieskind (the late,CorrelationGECO,10,0.001,what is assemblage,msmarco-passage/train,ielabgroup/vec2text_gtr-base-st_corrector
19335,anthropological definition of environment,environmental compartments are a defining structure of the aquifers that contain a vacuum through the aquifers. During,CorrelationGECO,10,0.001,environmental compartments definition,msmarco-passage/train,ielabgroup/vec2text_gtr-base-st_corrector
19335,anthropological definition of environment,"'natural person' is a person with a natural body, a natural root of flora and fauna, who by definition",CorrelationGECO,10,0.001,natural person definition,msmarco-passage/train,ielabgroup/vec2text_gtr-base-st_corrector
19335,anthropological definition of environment,(also known as assemblage) is a form of a chemical compound that is part of the genome of Michael Grieskind (the late,CorrelationGECO,10,0.001,what is assemblage,msmarco-passage/train,ielabgroup/vec2text_gtr-base-st_corrector
19335,anthropological definition of environment,"defined boundaries human geography (human feces, feces, feces, tracing of human population) is the geography",CorrelationGECO,10,0.001,defined boundaries human geography,msmarco-passage/train,ielabgroup/vec2text_gtr-base-st_corrector
19335,anthropological definition of environment,"(biology) and philologist Ronald Kesey, who coined the term 'human ecology' (from the pheno",CorrelationGECO,10,0.001,who coined the term human ecology,msmarco-passage/train,ielabgroup/vec2text_gtr-base-st_corrector
19335,anthropological definition of environment,"relating to people and the environment, the system approach is a system of re-applying how people, people, people, the environment",CorrelationGECO,10,0.001,what is the system approach in relation to people and the environment,msmarco-passage/train,ielabgroup/vec2text_gtr-base-st_corrector
19335,anthropological definition of environment,"definition of a cultural context (e.g., family, scholastic health, socio-cultural context) is a set of events",CorrelationGECO,10,0.001,cultural  context definition,msmarco-passage/train,ielabgroup/vec2text_gtr-base-st_corrector
47923,axon terminals or synaptic knob definition,"what is traction control on the Acadia, it is a t-scd-land-tuck-sea system",CorrelationGECO,10,0.001,what is traction control on the acadia,msmarco-passage/train,ielabgroup/vec2text_gtr-base-st_corrector
47923,axon terminals or synaptic knob definition,What is axillary nodes (apical lymph nodes) is a ductus ryelujoflagellary gland,CorrelationGECO,10,0.001,what is axillary lymph nodes,msmarco-passage/train,ielabgroup/vec2text_gtr-base-st_corrector
47923,axon terminals or synaptic knob definition,A cancellous screw (Alternative chamfrey and chamfrey) is a cyclostatic screw of,CorrelationGECO,10,0.001,what is a cancellous screw,msmarco-passage/train,ielabgroup/vec2text_gtr-base-st_corrector
47923,axon terminals or synaptic knob definition,"can synchromesh be used on a nissan Xtra, a nissan Terra Terra, or",CorrelationGECO,10,0.001,can synchromesh be used in a nissan xterra,msmarco-passage/train,ielabgroup/vec2text_gtr-base-st_corrector
47923,axon terminals or synaptic knob definition,define action potential in anatomy - a dissipative ion transporter between the brain and the femur to create resonance,CorrelationGECO,10,0.001,define action potential in anatomy,msmarco-passage/train,ielabgroup/vec2text_gtr-base-st_corrector
47923,axon terminals or synaptic knob definition,a synx (synx) is a type of vanid in the human eye known as a synchrony of animals,CorrelationGECO,10,0.001,what is a synx,msmarco-passage/train,ielabgroup/vec2text_gtr-base-st_corrector
47923,axon terminals or synaptic knob definition,"which a process when a neuron develops dendrites and begins to form a primitive axon, is called .",CorrelationGECO,10,0.001,what is the process called when a primitive neuron begins to develop dendrites and an axon?,msmarco-passage/train,ielabgroup/vec2text_gtr-base-st_corrector
47923,axon terminals or synaptic knob definition,"a backwards-down syllatoid conductor, it is called an action potential (also called a backward",CorrelationGECO,10,0.001,what is a backwards action potential called,msmarco-passage/train,ielabgroup/vec2text_gtr-base-st_corrector
47923,axon terminals or synaptic knob definition,What is called a junction between an axon (axon ) and a muscle (axon ) called,CorrelationGECO,10,0.001,what is the junction between an axon and a muscle called,msmarco-passage/train,ielabgroup/vec2text_gtr-base-st_corrector
47923,axon terminals or synaptic knob definition,"biology, proximal, defined as the distance between a femtovirus, a bacterial X, and its biological",CorrelationGECO,10,0.001,proximal definition biology,msmarco-passage/train,ielabgroup/vec2text_gtr-base-st_corrector
405717,is cdg airport in main paris,"airport to Antigua d'Argento y Santa Luca, which flies into St. John PT Airport.",CorrelationGECO,10,0.001,what airport goes into st john antigua?,msmarco-passage/train,ielabgroup/vec2text_gtr-base-st_corrector
405717,is cdg airport in main paris,"which are 17 airports in the city of San Diego, one is Cahay Park, two are San Diegan Embassies, one is",CorrelationGECO,10,0.001,how many airports are in san diego ca,msmarco-passage/train,ielabgroup/vec2text_gtr-base-st_corrector
405717,is cdg airport in main paris,"the most-visited Paris (currently, the most visited of all of them, Sedan, La Grande Viollette, Paris",CorrelationGECO,10,0.001,most visited paris,msmarco-passage/train,ielabgroup/vec2text_gtr-base-st_corrector
405717,is cdg airport in main paris,"located where GrandCanyou is located, in Canyou, California, USA. It is a grand centre of excellence and offers a great concert experience",CorrelationGECO,10,0.001,where is grand canyou located,msmarco-passage/train,ielabgroup/vec2text_gtr-base-st_corrector
405717,is cdg airport in main paris,"at the terminal at 9601 airport, American Airlines uses cdg terminal, which is used by a gbc ft",CorrelationGECO,10,0.001,what terminal at cdg airport does american airlines use,msmarco-passage/train,ielabgroup/vec2text_gtr-base-st_corrector
405717,is cdg airport in main paris,the labyrinth of the chartres is the cuneiform cathedral of the Templar of Chartres. It,CorrelationGECO,10,0.001,what is the labyrinth of chartres cathedral.,msmarco-passage/train,ielabgroup/vec2text_gtr-base-st_corrector
405717,is cdg airport in main paris,"at 0500 S.A. (St. Augustine Greenwich Airport), Charlotte Douglas airport is an airport in Charlotte,",CorrelationGECO,10,0.001,where is charlotte douglas airport,msmarco-passage/train,ielabgroup/vec2text_gtr-base-st_corrector
405717,is cdg airport in main paris,"(Los Angeles-Joaquins-Moscow), dubbed the largest airport in the world (i.e",CorrelationGECO,10,0.001,largest airport in the world,msmarco-passage/train,ielabgroup/vec2text_gtr-base-st_corrector
405717,is cdg airport in main paris,"home of a luxury hotel and a fitness center, hyatt place is where DENVER Airport, formerly hyat",CorrelationGECO,10,0.001,where is hyatt place denver airport,msmarco-passage/train,ielabgroup/vec2text_gtr-base-st_corrector
405717,is cdg airport in main paris,where anc airport is located anc airport (anc antondal) or,CorrelationGECO,10,0.001,where is anc airport located,msmarco-passage/train,ielabgroup/vec2text_gtr-base-st_corrector
182539,example of monotonic function,which is an example of observational learning is a weepy-scythegy. It provides a neo,CorrelationGECO,10,0.001,which is an example of observational learning weegy,msmarco-passage/train,ielabgroup/vec2text_gtr-base-st_corrector
182539,example of monotonic function,"a example by Alessandro Vaipriziss, a mind map is an example in a mind map that is an example",CorrelationGECO,10,0.001,what is a mind map example,msmarco-passage/train,ielabgroup/vec2text_gtr-base-st_corrector
182539,example of monotonic function,"(digital) money is one example of digital money with examples being Bitcoin, franc, equities, equities, exchange",CorrelationGECO,10,0.001,digital money examples,msmarco-passage/train,ielabgroup/vec2text_gtr-base-st_corrector
182539,example of monotonic function,a key example of wireless. It is a wireless LC of a wireless AB-SPAD controller that is known as an example of,CorrelationGECO,10,0.001,what is example of wireless,msmarco-passage/train,ielabgroup/vec2text_gtr-base-st_corrector
182539,example of monotonic function,"which equation represents a nonlinear function,          .",CorrelationGECO,10,0.001,which equation represents a nonlinear function?,msmarco-passage/train,ielabgroup/vec2text_gtr-base-st_corrector
182539,example of monotonic function,schedule baseline example is a p. 125.01-p. 125.01-p. Example. Schedule baseline provides an example of,CorrelationGECO,10,0.001,schedule baseline example,msmarco-passage/train,ielabgroup/vec2text_gtr-base-st_corrector
182539,example of monotonic function,a common example of an opportunistic infection is a case of a cnidobacteria infection,CorrelationGECO,10,0.001,what is an example of an opportunistic infection,msmarco-passage/train,ielabgroup/vec2text_gtr-base-st_corrector
182539,example of monotonic function,"examples of nucleic acids -hexafluoroic acid, lactic acid and hydrogen peroxide are examples of nucle",CorrelationGECO,10,0.001,examples of nucleic acids,msmarco-passage/train,ielabgroup/vec2text_gtr-base-st_corrector
182539,example of monotonic function,a chemical reaction between a fatty acid and a liacin and a sugar is an example of reversible reaction,CorrelationGECO,10,0.001,what is an example of a reversible chemical reaction,msmarco-passage/train,ielabgroup/vec2text_gtr-base-st_corrector
182539,example of monotonic function,"definition of what is a basic example of social inequality. This is based on gender, income, and social class. It is also an example of",CorrelationGECO,10,0.001,what is the  basic definition and example of social inequality,msmarco-passage/train,ielabgroup/vec2text_gtr-base-st_corrector
1113437,what is physical description of spruce,A tree-spinning loop (Tree-spinning loop) is a network of spanning loops that is a,CorrelationGECO,10,0.001,what is a spanning tree loop,msmarco-passage/train,ielabgroup/vec2text_gtr-base-st_corrector
1113437,what is physical description of spruce,"a treatment of spruce-canker disease or spruce-canker disease, treatment includes a spruce tooth",CorrelationGECO,10,0.001,spruce canker disease treatment,msmarco-passage/train,ielabgroup/vec2text_gtr-base-st_corrector
1113437,what is physical description of spruce,"pisse is a fine-grained, fine-grained, soluble, aquatic herbice known as pilisse. The French school",CorrelationGECO,10,0.001,what is plisse,msmarco-passage/train,ielabgroup/vec2text_gtr-base-st_corrector
1113437,what is physical description of spruce,medium-sized particles in the crust (called the helium) are able to form a crust. The properties of the crust are elastic,CorrelationGECO,10,0.001,what are the properties of the crust,msmarco-passage/train,ielabgroup/vec2text_gtr-base-st_corrector
1113437,what is physical description of spruce,consists of a lot of fish and a sturgeon is what a sturgeon looks like and it looks like a,CorrelationGECO,10,0.001,what does a sturgeon look like,msmarco-passage/train,ielabgroup/vec2text_gtr-base-st_corrector
1113437,what is physical description of spruce,spruce norland spruce (Norway Bloomsspruce) average height compared to a height of 160,CorrelationGECO,10,0.001,norway spruce average height,msmarco-passage/train,ielabgroup/vec2text_gtr-base-st_corrector
1113437,what is physical description of spruce,detailed chemical description of calcium (catalysts of a dissolved atom and a phosphorus atom) is chemical description,CorrelationGECO,10,0.001,chemical description of calcium,msmarco-passage/train,ielabgroup/vec2text_gtr-base-st_corrector
1113437,what is physical description of spruce,cactus prickle,CorrelationGECO,10,0.001,what are cactus prickles called,msmarco-passage/train,ielabgroup/vec2text_gtr-base-st_corrector
1113437,what is physical description of spruce,spruce head is a small spruce showing of Pei Head (Pei Head) in the Forchemont Maritime,CorrelationGECO,10,0.001,where is spruce head pei,msmarco-passage/train,ielabgroup/vec2text_gtr-base-st_corrector
1113437,what is physical description of spruce,"structure of most flowers, i.e., they are the four main structures of -helices, -sufaction",CorrelationGECO,10,0.001,what are the four main structures of most flowers,msmarco-passage/train,ielabgroup/vec2text_gtr-base-st_corrector
1129237,hydrogen is a liquid below what temperature,"by temperature affects the solubility of solids, and the more apexoid temperatures allow the solubility of solids",CorrelationGECO,10,0.001,how does temperature affect the solubility of solids,msmarco-passage/train,ielabgroup/vec2text_gtr-base-st_corrector
1129237,hydrogen is a liquid below what temperature,"(80 °C or 176 °F) is the temperature in the moon, as the moon begins to warm during the tid",CorrelationGECO,10,0.001,what is the temperature in the moon,msmarco-passage/train,ielabgroup/vec2text_gtr-base-st_corrector
1129237,hydrogen is a liquid below what temperature,"known as helium ions and a few granules of hydrogen, hydrogen is a gas or a solid; it is",CorrelationGECO,10,0.001,is hydrogen a solid or a gas,msmarco-passage/train,ielabgroup/vec2text_gtr-base-st_corrector
1129237,hydrogen is a liquid below what temperature,"effect of temperature has a big effect on solubility, based on the amount of kPa and the temperature of equival",CorrelationGECO,10,0.001,what effect does temperature have on solubility,msmarco-passage/train,ielabgroup/vec2text_gtr-base-st_corrector
1129237,hydrogen is a liquid below what temperature,"in the middle of the ocean, a temperature of -110°C (Holoese) is known as Hawaii",CorrelationGECO,10,0.001,what is temperature in hawaii,msmarco-passage/train,ielabgroup/vec2text_gtr-base-st_corrector
1129237,hydrogen is a liquid below what temperature,"as a human, or 118 °F (180 °C) (which is the temperature the human body eats) is healthy",CorrelationGECO,10,0.001,what is the healthy temperature of a human,msmarco-passage/train,ielabgroup/vec2text_gtr-base-st_corrector
1129237,hydrogen is a liquid below what temperature,"(floating or irradiating), engine operating temperature (OTC) is the temperature of fuel and engine oil as it is inspected",CorrelationGECO,10,0.001,what is engine operating temp,msmarco-passage/train,ielabgroup/vec2text_gtr-base-st_corrector
1129237,hydrogen is a liquid below what temperature,"at a temperature of 850 °C or above, alcohol does  , or",CorrelationGECO,10,0.001,at what temperature does alcohol,msmarco-passage/train,ielabgroup/vec2text_gtr-base-st_corrector
1129237,hydrogen is a liquid below what temperature,"sink temperature (i.e., i.e., handwashing cotton or affluent silicone) 30 °",CorrelationGECO,10,0.001,handwashing sink temp,msmarco-passage/train,ielabgroup/vec2text_gtr-base-st_corrector
1129237,hydrogen is a liquid below what temperature,"96 °F, store TSA agar at a temperature of 68 °F when frozen or use teoterrorism",CorrelationGECO,10,0.001,what temperature do you store tsa agar at?,msmarco-passage/train,ielabgroup/vec2text_gtr-base-st_corrector
146187,difference between a mcdouble and a double cheeseburger,"calories, a sausage mcgriddle eats a calorie, 401 - 900. McDougal mus",CorrelationGECO,10,0.001,how many calories in a sausage mcgriddle?,msmarco-passage/train,ielabgroup/vec2text_gtr-base-st_corrector
146187,difference between a mcdouble and a double cheeseburger,a difference between vitamin D (vitamin D3 - a nutrient containing a beta choline) and vitamin D (,CorrelationGECO,10,0.001,what is the difference between vitamin d and vitamin d3,msmarco-passage/train,ielabgroup/vec2text_gtr-base-st_corrector
146187,difference between a mcdouble and a double cheeseburger,Genetics is a difference between a rRNA and a dna molecule and a dna molecule,CorrelationGECO,10,0.001,what is a difference between rna and dna,msmarco-passage/train,ielabgroup/vec2text_gtr-base-st_corrector
146187,difference between a mcdouble and a double cheeseburger,"where a 'McDonald's' is a fast-food restaurant, and another in the United States, near Toronto.",CorrelationGECO,10,0.001,where is a mcdonald's?,msmarco-passage/train,ielabgroup/vec2text_gtr-base-st_corrector
146187,difference between a mcdouble and a double cheeseburger,a difference between a cd (       ) and DVD (,CorrelationGECO,10,0.001,difference between cd and dvd,msmarco-passage/train,ielabgroup/vec2text_gtr-base-st_corrector
146187,difference between a mcdouble and a double cheeseburger,"a flautas is a difference between flautos and tajitas, while taquito",CorrelationGECO,10,0.001,what is the difference between taquitos and flautas,msmarco-passage/train,ielabgroup/vec2text_gtr-base-st_corrector
146187,difference between a mcdouble and a double cheeseburger,a difference between a depersonalization (derealization) and a depersonalization (dearealization) and a depersonal,CorrelationGECO,10,0.001,what is the difference between depersonalization and derealization,msmarco-passage/train,ielabgroup/vec2text_gtr-base-st_corrector
146187,difference between a mcdouble and a double cheeseburger,difference between sorbet (as a sorbet sorbet) and sherbet is a difference.,CorrelationGECO,10,0.001,what is the difference between sherbet and sorbet?,msmarco-passage/train,ielabgroup/vec2text_gtr-base-st_corrector
146187,difference between a mcdouble and a double cheeseburger,a difference between the genitalia and the digits of the mantle; or testicles and prostate are the difference between,CorrelationGECO,10,0.001,what's the difference between the prostate and testicles,msmarco-passage/train,ielabgroup/vec2text_gtr-base-st_corrector
146187,difference between a mcdouble and a double cheeseburger,items on the McDonald's monopoly items include the shady octane brittles and the sl,CorrelationGECO,10,0.001,mcdonalds monopoly pieces what items,msmarco-passage/train,ielabgroup/vec2text_gtr-base-st_corrector
