query_id,text,obfuscatedText,mechanism,epsilon,top_percentile,pivot_query,pool,corrector_model
156493,do goldfish grow,"grow high in a tunnel, there is a small amount of fruit and a variety of ornamental plants like pine and spermflower",CorrelationGECO,1,0.001,what to grow in a high tunnel,msmarco-passage/train,ielabgroup/vec2text_gtr-base-st_corrector
156493,do goldfish grow,"what you want to have in a fish tank, goldfish should have a healthy water cinnamon, corn, worms,",CorrelationGECO,1,0.001,what to have in a fish tank goldfish,msmarco-passage/train,ielabgroup/vec2text_gtr-base-st_corrector
156493,do goldfish grow,"from 0.5 to 8.5 m (180 to 185 feet) big or roesote, roses grow as big",CorrelationGECO,1,0.001,how big do roses grow,msmarco-passage/train,ielabgroup/vec2text_gtr-base-st_corrector
156493,do goldfish grow,ryukin goldfish (         ) are a cost,CorrelationGECO,1,0.001,ryukin goldfish cost,msmarco-passage/train,ielabgroup/vec2text_gtr-base-st_corrector
156493,do goldfish grow,"a new swath of gold and a load of obnoxious materials, banks do buy gold. Banks buy gold",CorrelationGECO,1,0.001,do banks buy gold,msmarco-passage/train,ielabgroup/vec2text_gtr-base-st_corrector
156493,do goldfish grow,"a 5 to 7 hr fast growth rate, eagle-holly swillington can grow on the ground and pop into",CorrelationGECO,1,0.001,how fast do eagleston holly grow,msmarco-passage/train,ielabgroup/vec2text_gtr-base-st_corrector
156493,do goldfish grow,"a day or two or a half to a week, it takes 28 to 48 days for okra or okra to grow",CorrelationGECO,1,0.001,how long does it take for okra to grow,msmarco-passage/train,ielabgroup/vec2text_gtr-base-st_corrector
156493,do goldfish grow,growing food for mealworms (stready sedges or agrocereus melanobacterium melano,CorrelationGECO,1,0.001,growing food for mealworms,msmarco-passage/train,ielabgroup/vec2text_gtr-base-st_corrector
156493,do goldfish grow,"between 90 and 125 days, fresh fish can be kept in a refrigerator and a refrigerator containing fresh fishes can be stored in water",CorrelationGECO,1,0.001,how long can fresh fish be kept in refrigerator,msmarco-passage/train,ielabgroup/vec2text_gtr-base-st_corrector
156493,do goldfish grow,"2.5 to 3 m.o.o. fast and grow on a slack path, tuckeroo trees grow",CorrelationGECO,1,0.001,how fast do tuckeroo trees grow,msmarco-passage/train,ielabgroup/vec2text_gtr-base-st_corrector
1110199,what is wifi vs bluetooth,a Dell A a Dell A (Dell BSD fembol nff) is a wireless wifi device. It,CorrelationGECO,1,0.001,what is dell wifi a,msmarco-passage/train,ielabgroup/vec2text_gtr-base-st_corrector
1110199,what is wifi vs bluetooth,"What's a difference between a wilt and a womb, or a mole, and a wart",CorrelationGECO,1,0.001,what's the difference between a wart and a mole,msmarco-passage/train,ielabgroup/vec2text_gtr-base-st_corrector
1110199,what is wifi vs bluetooth,"types of wireless communication media – wireless teleconcepts, wireless telecommunications, wireless LANTERless LANTER and wireless",CorrelationGECO,1,0.001,types of wireless communication media,msmarco-passage/train,ielabgroup/vec2text_gtr-base-st_corrector
1110199,what is wifi vs bluetooth,ipad and ipad is a difference between a Fire tablet (Kindle Fire) and a Fire Brake (KiBooki,CorrelationGECO,1,0.001,what are difference between kindle fire and i pad,msmarco-passage/train,ielabgroup/vec2text_gtr-base-st_corrector
1110199,what is wifi vs bluetooth,in Wi-Fi and Bluetooth networks. WiFi collect files are stored in micro-lives in a folder called 'Click File Storage' inside,CorrelationGECO,1,0.001,where are wifi collect files stored,msmarco-passage/train,ielabgroup/vec2text_gtr-base-st_corrector
1110199,what is wifi vs bluetooth,"bwi, iatrovirus, and recently infected. bwi is the World Bioinformatics Network",CorrelationGECO,1,0.001,what is wbi?,msmarco-passage/train,ielabgroup/vec2text_gtr-base-st_corrector
1110199,what is wifi vs bluetooth,"a combination of a number of exercises and a fusion of spirit and dystrophy, strength is the difference between flexibility and",CorrelationGECO,1,0.001,what is the difference between strength and flexibility,msmarco-passage/train,ielabgroup/vec2text_gtr-base-st_corrector
1110199,what is wifi vs bluetooth,click on the fb a bit and turn on the WiFi feature in Windows 10 when it is enabled or when it is set to turn on,CorrelationGECO,1,0.001,how do i turn wifi on on windows 10,msmarco-passage/train,ielabgroup/vec2text_gtr-base-st_corrector
1110199,what is wifi vs bluetooth,a difference between arthritis and bursitis (rheumatoid arthritis or rheumatosis,CorrelationGECO,1,0.001,difference between arthritis and bursitis,msmarco-passage/train,ielabgroup/vec2text_gtr-base-st_corrector
1110199,what is wifi vs bluetooth,"difference between bowel and bowel – a bowel is a lone bowel, and colo (colon) is",CorrelationGECO,1,0.001,difference between bowel and colon,msmarco-passage/train,ielabgroup/vec2text_gtr-base-st_corrector
1063750,why did the us volunterilay enter ww1,"a march on Washington, aka the Donovan March, happened because it hoped to gain the support of Americans and acquainte",CorrelationGECO,1,0.001,why did the march on washington happen,msmarco-passage/train,ielabgroup/vec2text_gtr-base-st_corrector
1063750,why did the us volunterilay enter ww1,"on the day of the eve of World War I (14 April 1939) and on the day on which it started, World War One started",CorrelationGECO,1,0.001,what day did world war one start,msmarco-passage/train,ielabgroup/vec2text_gtr-base-st_corrector
1063750,why did the us volunterilay enter ww1,the events at the events of the events of POW-2 and the events of SSB-0 that sparked American involvement in World War Two,CorrelationGECO,1,0.001,what event sparked american involvement in ww2,msmarco-passage/train,ielabgroup/vec2text_gtr-base-st_corrector
1063750,why did the us volunterilay enter ww1,"starting in 1939 at the beginning of World War II, Wwii started, Wwii started and Wwii-coin",CorrelationGECO,1,0.001,when did wwii start,msmarco-passage/train,ielabgroup/vec2text_gtr-base-st_corrector
1063750,why did the us volunterilay enter ww1,"what was the typical life of a soldier during WW1's life, with life on the street, dress, resupply, and military",CorrelationGECO,1,0.001,what was the typical soldier's life like during ww1,msmarco-passage/train,ielabgroup/vec2text_gtr-base-st_corrector
1063750,why did the us volunterilay enter ww1,"because of a scientific discovery that they saved energy and a logical cost of living at the end of daylight, they started Daylight Savings time",CorrelationGECO,1,0.001,why did they start daylight savings,msmarco-passage/train,ielabgroup/vec2text_gtr-base-st_corrector
1063750,why did the us volunterilay enter ww1,"(the army's primary role) is the army's primary responsibility, and in addition to its responsibilities to the enlargement of the population",CorrelationGECO,1,0.001,what is the army's primary role,msmarco-passage/train,ielabgroup/vec2text_gtr-base-st_corrector
1063750,why did the us volunterilay enter ww1,because the United States protested German use of submarine warfare by the USS “Submarine” and the continued use of submarine warfare to subdu,CorrelationGECO,1,0.001,why did the us protest germany use of submarine warfare,msmarco-passage/train,ielabgroup/vec2text_gtr-base-st_corrector
1063750,why did the us volunterilay enter ww1,"(command-over-ground warfare) caused trench warfare, which is a cause of warfare, by a rise in the victims of World War",CorrelationGECO,1,0.001,what caused trench warfare,msmarco-passage/train,ielabgroup/vec2text_gtr-base-st_corrector
1063750,why did the us volunterilay enter ww1,how the enlistment of the enlistment of the enlistment during World War 1 affected the life at home as a result,CorrelationGECO,1,0.001,how did enlistment in ww1 affect the life at home,msmarco-passage/train,ielabgroup/vec2text_gtr-base-st_corrector
130510,definition declaratory judgment,"claudication is a type of ailation therapy of the jurax and clauron, known as claudication",CorrelationGECO,1,0.001,what is claudication,msmarco-passage/train,ielabgroup/vec2text_gtr-base-st_corrector
130510,definition declaratory judgment,Inculpatory Inculpatory is a type of a form of commissarianism in which it is a part of meaning,CorrelationGECO,1,0.001,what does inculpatory mean,msmarco-passage/train,ielabgroup/vec2text_gtr-base-st_corrector
130510,definition declaratory judgment,"definition of quitclaim law (Quarter-Law), a legal entity shall acclaim and a writ of equity",CorrelationGECO,1,0.001,quitclaim definition law,msmarco-passage/train,ielabgroup/vec2text_gtr-base-st_corrector
130510,definition declaratory judgment,"long-dissuppressed, real message behind declaratory act act was a saga of educating and promoting real equality.",CorrelationGECO,1,0.001,what was real message behind declaratory act?,msmarco-passage/train,ielabgroup/vec2text_gtr-base-st_corrector
130510,definition declaratory judgment,"are eviction judgment cases (Judges summary,Judges judgment, judgments on the judgment of the presiding judge)",CorrelationGECO,1,0.001,are eviction cases summary judgment,msmarco-passage/train,ielabgroup/vec2text_gtr-base-st_corrector
130510,definition declaratory judgment,"by a writ of condolence, hi commissioner deed. Definition : Hi Commissioner deed : a form",CorrelationGECO,1,0.001,hi commissioner deed definition,msmarco-passage/train,ielabgroup/vec2text_gtr-base-st_corrector
130510,definition declaratory judgment,Definition of annotation,CorrelationGECO,1,0.001,definition of annotation,msmarco-passage/train,ielabgroup/vec2text_gtr-base-st_corrector
130510,definition declaratory judgment,"(Vanco, Christi, Ethelmann, Gannon,,) - junction is the definition used to apply",CorrelationGECO,1,0.001,junction definition,msmarco-passage/train,ielabgroup/vec2text_gtr-base-st_corrector
130510,definition declaratory judgment,definition of disjunctive syllogism  syllogism  as a disjunctive,CorrelationGECO,1,0.001,disjunctive syllogism definition,msmarco-passage/train,ielabgroup/vec2text_gtr-base-st_corrector
130510,definition declaratory judgment,(claimant)  a defined,CorrelationGECO,1,0.001,define claimant,msmarco-passage/train,ielabgroup/vec2text_gtr-base-st_corrector
489204,right pelvic pain causes,"rheumatic neotideana, right upper quadrant feeling is a cause of movement of right upper quadrant",CorrelationGECO,1,0.001,causes for right upper quadrant feeling of movement,msmarco-passage/train,ielabgroup/vec2text_gtr-base-st_corrector
489204,right pelvic pain causes,caused by a high-sensitivity hippostatic sclerosis (HIS) or a sitting motion on the back bone often causes hip pain,CorrelationGECO,1,0.001,what causes hip pain when sitting,msmarco-passage/train,ielabgroup/vec2text_gtr-base-st_corrector
489204,right pelvic pain causes,"a result of pain in the lower leg, a combination of pain, occlusion, arthritis or osteoarthritis causes",CorrelationGECO,1,0.001,what causes pain in lower outer leg,msmarco-passage/train,ielabgroup/vec2text_gtr-base-st_corrector
489204,right pelvic pain causes,"from a small intestine, such as a bacterium, a period of exercise or a pregnancy may cause abdominal cramping",CorrelationGECO,1,0.001,what causes abdominal cramping,msmarco-passage/train,ielabgroup/vec2text_gtr-base-st_corrector
489204,right pelvic pain causes,A cause of pinching is a pissation of the thighs when the thigh is pressed against the bone during the aging,CorrelationGECO,1,0.001,what causes pinching in the thighs,msmarco-passage/train,ielabgroup/vec2text_gtr-base-st_corrector
489204,right pelvic pain causes,"cause of side. Side is a result of a condition such as a cdiasis, a syndrome of gastrointestinal",CorrelationGECO,1,0.001,cause of side,msmarco-passage/train,ielabgroup/vec2text_gtr-base-st_corrector
489204,right pelvic pain causes,pain caused by a joint injury of the hyalid cruciate ligament (HCB) or a pain called the pain of the,CorrelationGECO,1,0.001,pain from the hip what causes,msmarco-passage/train,ielabgroup/vec2text_gtr-base-st_corrector
489204,right pelvic pain causes,"cause of pain during sex, such as a lumbar sex or a croccodile attack, uri",CorrelationGECO,1,0.001,causes of pain during sex,msmarco-passage/train,ielabgroup/vec2text_gtr-base-st_corrector
489204,right pelvic pain causes,"muscle pain causes a muscle ache (e.g., muscle aches, muscle aches, muscle ailment, muscle inflammatory",CorrelationGECO,1,0.001,muscle ache causes,msmarco-passage/train,ielabgroup/vec2text_gtr-base-st_corrector
489204,right pelvic pain causes,"a bruising of the foot, a sclet of the leg, a leg joint, or a leg are causes of",CorrelationGECO,1,0.001,causes of leg pain,msmarco-passage/train,ielabgroup/vec2text_gtr-base-st_corrector
573724,what are the social determinants of health,"environment in which humans live, the most likely cause of nutrition-related food-disease diseases in humans is unknown, but it remains an ongoing debate",CorrelationGECO,1,0.001,what is the leading cause of nutrition related diseases in the environment in which humans live?,msmarco-passage/train,ielabgroup/vec2text_gtr-base-st_corrector
573724,what are the social determinants of health,disable health (health APPLE)  DISHIFT      is a definition of health,CorrelationGECO,1,0.001,disable health definition,msmarco-passage/train,ielabgroup/vec2text_gtr-base-st_corrector
573724,what are the social determinants of health,"dietary lifestyles that could develop chronic disease, such as obesity, diabetes, or rheumatoid hypersensitivity, risk factors",CorrelationGECO,1,0.001,risk factors dietary or lifestyle that could develop chronic diseases,msmarco-passage/train,ielabgroup/vec2text_gtr-base-st_corrector
573724,what are the social determinants of health,"your local health department (which is based on the local health center, the local Health Information Center, or the United States Department of Health and Human Services",CorrelationGECO,1,0.001,what is considered your local health department,msmarco-passage/train,ielabgroup/vec2text_gtr-base-st_corrector
573724,what are the social determinants of health,spurious correlation sociology (sometimes defined as spurious correlations) is a behavioural physiology of affluence and,CorrelationGECO,1,0.001,spurious correlation sociology definition,msmarco-passage/train,ielabgroup/vec2text_gtr-base-st_corrector
573724,what are the social determinants of health,"of a group, 'social group' is a difference between social interaction and 'adversity', and 'social interaction",CorrelationGECO,1,0.001,what is the difference between social interaction and social group,msmarco-passage/train,ielabgroup/vec2text_gtr-base-st_corrector
573724,what are the social determinants of health,"health issues caused by cigarette consumption, such as a lack of libidosis, and other health issues affected by smog",CorrelationGECO,1,0.001,health issues caused by smog,msmarco-passage/train,ielabgroup/vec2text_gtr-base-st_corrector
573724,what are the social determinants of health,"is a health-insurance deductible—health insurance is deductible under a tax-depreciation plan, but not so for other taxes",CorrelationGECO,1,0.001,is health-insurance a tax-deductible,msmarco-passage/train,ielabgroup/vec2text_gtr-base-st_corrector
573724,what are the social determinants of health,"to individuals who are biologically vulnerable to depression (see chronicochronology and bioprotection section) who are vulnerable to depression,",CorrelationGECO,1,0.001,when individuals who are biologically vulnerable to depression,msmarco-passage/train,ielabgroup/vec2text_gtr-base-st_corrector
573724,what are the social determinants of health,"a healthline, the Helpline identifies alcoholism as a cause of addiction or abuse and explains how to report alcoholism",CorrelationGECO,1,0.001,healthline what causes alcoholism,msmarco-passage/train,ielabgroup/vec2text_gtr-base-st_corrector
168216,does legionella pneumophila cause pneumonia,rheumatica agmatica or polymyeloma agmatica. This causes polymyeloc,CorrelationGECO,1,0.001,what causes polymyalgia rheumatica,msmarco-passage/train,ielabgroup/vec2text_gtr-base-st_corrector
168216,does legionella pneumophila cause pneumonia,(also known as subtle pneumonia) is an inflammatory,CorrelationGECO,1,0.001,what is subtle pneumonia,msmarco-passage/train,ielabgroup/vec2text_gtr-base-st_corrector
168216,does legionella pneumophila cause pneumonia,reliability of biko pahloa/biko patricia skin biopsy results and the reliability of a reputable biopsy and scalp dysphor,CorrelationGECO,1,0.001,patricia boiko reliability of skin biopsy,msmarco-passage/train,ielabgroup/vec2text_gtr-base-st_corrector
168216,does legionella pneumophila cause pneumonia,pdl and flml run consecutively. pdl and flml are both able to take leave,CorrelationGECO,1,0.001,does pdl and fmla run consecutively,msmarco-passage/train,ielabgroup/vec2text_gtr-base-st_corrector
168216,does legionella pneumophila cause pneumonia,"Causes of continued phlegm are those caused by a persistent phlegm (e.g., chlamy",CorrelationGECO,1,0.001,causes of continued phlegm,msmarco-passage/train,ielabgroup/vec2text_gtr-base-st_corrector
168216,does legionella pneumophila cause pneumonia,as a result of pneumonia or kleptocrystitis gibbeellae you get it in your urine and urinate when,CorrelationGECO,1,0.001,how do you get klebsiella pneumoniae in your urine,msmarco-passage/train,ielabgroup/vec2text_gtr-base-st_corrector
168216,does legionella pneumophila cause pneumonia,causes a phlegm cough following a phlegmy (bronchitis) or bronchitis cle,CorrelationGECO,1,0.001,causes of a phlegmy cough following bronchitis,msmarco-passage/train,ielabgroup/vec2text_gtr-base-st_corrector
168216,does legionella pneumophila cause pneumonia,"a common cause of walking pneumonia, the most common cause is a phlebosis (gynecoma virus",CorrelationGECO,1,0.001,most common cause of walking pneumonia,msmarco-passage/train,ielabgroup/vec2text_gtr-base-st_corrector
168216,does legionella pneumophila cause pneumonia,infections caused by streptococcus pylori and streptocococcus pneumoniae and other pneumonia,CorrelationGECO,1,0.001,infections caused by streptococcus pneumoniae,msmarco-passage/train,ielabgroup/vec2text_gtr-base-st_corrector
168216,does legionella pneumophila cause pneumonia,(also known as subtle pneumonia) is an inflammatory,CorrelationGECO,1,0.001,what is subtle pneumonia,msmarco-passage/train,ielabgroup/vec2text_gtr-base-st_corrector
1133167,how is the weather in jamaica,weather in Beijing — the weather is like 'Baoyang' or 'Siao' or the hot summer.,CorrelationGECO,1,0.001,what's the weather like in beijing?,msmarco-passage/train,ielabgroup/vec2text_gtr-base-st_corrector
1133167,how is the weather in jamaica,"village in cherokee jerokee, the weather is a squall with cold ark rains and cold",CorrelationGECO,1,0.001,weather in cherokee village arkansas,msmarco-passage/train,ielabgroup/vec2text_gtr-base-st_corrector
1133167,how is the weather in jamaica,– hot monsoon and cold squall weather – India is a type of weather in India and the Oriya state.,CorrelationGECO,1,0.001,what type of weather in india,msmarco-passage/train,ielabgroup/vec2text_gtr-base-st_corrector
1133167,how is the weather in jamaica,"current weather in Cuba Castro and Ventura, varadero is currently a hot day with squally wet weather forecasted",CorrelationGECO,1,0.001,current weather in varadero cuba,msmarco-passage/train,ielabgroup/vec2text_gtr-base-st_corrector
1133167,how is the weather in jamaica,"cold, snowy weather in Mesa, CO, averaging 15 °C. Weather in Menasa, CO",CorrelationGECO,1,0.001,"weather in mesa, co",msmarco-passage/train,ielabgroup/vec2text_gtr-base-st_corrector
1133167,how is the weather in jamaica,- with hot weather in Tarifa - averaging 3.5 °C - weather in Spain - Mauritius Tarifa,CorrelationGECO,1,0.001,weather in Tarifa spain,msmarco-passage/train,ielabgroup/vec2text_gtr-base-st_corrector
1133167,how is the weather in jamaica,"weather in Dominican Republic today is a ""so hot"" and ""afrey affluent"" and s converting",CorrelationGECO,1,0.001,weather in dominican republic now,msmarco-passage/train,ielabgroup/vec2text_gtr-base-st_corrector
1133167,how is the weather in jamaica,"current the weather is a sweltering hot air, and Guatemala's current temperature is a squally",CorrelationGECO,1,0.001,what's the current weather in guatemala,msmarco-passage/train,ielabgroup/vec2text_gtr-base-st_corrector
1133167,how is the weather in jamaica,"weather, which is Lebanese. The weather is from sunny days to hot days in the city of Ba'ath, and 90°",CorrelationGECO,1,0.001,what's the weather in lebanon,msmarco-passage/train,ielabgroup/vec2text_gtr-base-st_corrector
1133167,how is the weather in jamaica,"— Atlanta Weather — Atlanta Weather — or — is the weather in Atlanta, Georgia, ranging from light to hot, gales",CorrelationGECO,1,0.001,Weather in Atlanta,msmarco-passage/train,ielabgroup/vec2text_gtr-base-st_corrector
527433,types of dysarthria from cerebral palsy,"if it is a target of a stroke, carpal tunnel syndrome (such as carpal nebrasis) is considered disability",CorrelationGECO,1,0.001,is carpal tunnel considered a disability,msmarco-passage/train,ielabgroup/vec2text_gtr-base-st_corrector
527433,types of dysarthria from cerebral palsy,lumbar-sacral orgy (sacral-brain orthopsis) is a spinal alignment and therapy,CorrelationGECO,1,0.001,what is lumbar-sacral orthosis,msmarco-passage/train,ielabgroup/vec2text_gtr-base-st_corrector
527433,types of dysarthria from cerebral palsy,is a lumbar pars defect.,CorrelationGECO,1,0.001,is a lumbar pars defect,msmarco-passage/train,ielabgroup/vec2text_gtr-base-st_corrector
527433,types of dysarthria from cerebral palsy,in a patient. Adenococcal somatosis is an example of a disease of cognitive impairment that is a disease,CorrelationGECO,1,0.001,__________ is an example of a disease of cognitive impairment,msmarco-passage/train,ielabgroup/vec2text_gtr-base-st_corrector
527433,types of dysarthria from cerebral palsy,"a number of symptoms apnea, prolepsia, and a rapid progression of symptoms of copropraxia",CorrelationGECO,1,0.001,symptoms of copropraxia,msmarco-passage/train,ielabgroup/vec2text_gtr-base-st_corrector
527433,types of dysarthria from cerebral palsy,"a total of 2,000 types of anxiety disorders, of which there are 1, 2, 3, 4, 5, and 6 types (succulent phobias).",CorrelationGECO,1,0.001,how many types of anxiety disorders are there?,msmarco-passage/train,ielabgroup/vec2text_gtr-base-st_corrector
527433,types of dysarthria from cerebral palsy,"the types of strike-slip faults (i.e., a strike fault whose slips and bearings fall off)",CorrelationGECO,1,0.001,types of strike-slip faults,msmarco-passage/train,ielabgroup/vec2text_gtr-base-st_corrector
527433,types of dysarthria from cerebral palsy,Dyspraxia Dyspraxia (or dyslexia) is a disorder of the scrotum that affects the brains,CorrelationGECO,1,0.001,what is dyspraxia,msmarco-passage/train,ielabgroup/vec2text_gtr-base-st_corrector
527433,types of dysarthria from cerebral palsy,"types of kidney dialysis, i.e., kidney lysotomy, kidney alysis, or kidney alysis",CorrelationGECO,1,0.001,types of kidney dialysis,msmarco-passage/train,ielabgroup/vec2text_gtr-base-st_corrector
527433,types of dysarthria from cerebral palsy,"Atrophy, sprained muscles, bipeds, and sloem, muscular dystrophy is a symptom",CorrelationGECO,1,0.001,what is muscular dystrophy symptoms,msmarco-passage/train,ielabgroup/vec2text_gtr-base-st_corrector
1037798,who is robert gray,"b.i. Greif is a novelist and artist. Barbi Von Grosvenor is the creator of the Netflix hit show,",CorrelationGECO,1,0.001,who is barbi von greif,msmarco-passage/train,ielabgroup/vec2text_gtr-base-st_corrector
1037798,who is robert gray,"RIP Torn RIP Torn is a fem-life legend, who is currently a runner-up on",CorrelationGECO,1,0.001,who is rip torn,msmarco-passage/train,ielabgroup/vec2text_gtr-base-st_corrector
1037798,who is robert gray,"in Greece, Emmanuel Gruffuolo and Nicola Cartiero. , , or Richard Greco, is in",CorrelationGECO,1,0.001,where is richard greco,msmarco-passage/train,ielabgroup/vec2text_gtr-base-st_corrector
1037798,who is robert gray,"bob hugin bob hugin or bob is a Democrat of Peoria, Illinois who is currently the Republican nominee of the 60",CorrelationGECO,1,0.001,who is bob hugin republican or dem,msmarco-passage/train,ielabgroup/vec2text_gtr-base-st_corrector
1037798,who is robert gray,has a total of 62 sessions and Greys is one of the two to three session n.r.h. During summer time Grey,CorrelationGECO,1,0.001,how many session n does greys,msmarco-passage/train,ielabgroup/vec2text_gtr-base-st_corrector
1037798,who is robert gray,"as Richard A. Twine, is a rich paper tycoon and philanthropist who currently resides inard",CorrelationGECO,1,0.001,who is richard a. twine,msmarco-passage/train,ielabgroup/vec2text_gtr-base-st_corrector
1037798,who is robert gray,"what kind of snake is a black-and-gray snake, a black and gray snake, a black and gray circobra",CorrelationGECO,1,0.001,what kind of snake is black and gray,msmarco-passage/train,ielabgroup/vec2text_gtr-base-st_corrector
1037798,who is robert gray,"has been played by Tony Ellis, who plays the character of Elliot Grey, and Nicola Fergus-Lys, character",CorrelationGECO,1,0.001,who plays ellis grey character,msmarco-passage/train,ielabgroup/vec2text_gtr-base-st_corrector
1037798,who is robert gray,"where Roberto Venturi designed, and also assisted in design, the Art Museum of Europe at the Fabbrica Catalana, the Art",CorrelationGECO,1,0.001,what art museum did robert venturi design,msmarco-passage/train,ielabgroup/vec2text_gtr-base-st_corrector
1037798,who is robert gray,"robert shaw, harlem shaw, born in 1860, and Robert Fabbrien Gould was born in",CorrelationGECO,1,0.001,when was robert gould shaw born,msmarco-passage/train,ielabgroup/vec2text_gtr-base-st_corrector
915593,what types of food can you cook sous vide,"a food with a high aroma. Fresh-flavoured foods such as adobe, pork sauce, and beef enhance",CorrelationGECO,1,0.001,what foods enhance taste,msmarco-passage/train,ielabgroup/vec2text_gtr-base-st_corrector
915593,what types of food can you cook sous vide,"Despite its name, fried egg, mushy milk, or potato soup, is the most popular food in the world and is the world",CorrelationGECO,1,0.001,what is the most popular food in the world,msmarco-passage/train,ielabgroup/vec2text_gtr-base-st_corrector
915593,what types of food can you cook sous vide,"foods that contain probiotics, such as yogurt, grilled cheese, arugula, chardock, or macero",CorrelationGECO,1,0.001,what foods contain probiotic,msmarco-passage/train,ielabgroup/vec2text_gtr-base-st_corrector
915593,what types of food can you cook sous vide,"the number one most popular foods salt people, such as grilled chicken, ice cream, sweets, steamed eggs, fish and bulge",CorrelationGECO,1,0.001,most popular foods people salt,msmarco-passage/train,ielabgroup/vec2text_gtr-base-st_corrector
915593,what types of food can you cook sous vide,"cooking with soy sauce, you can cook with soy sauce and yea chutney, fried rice, and asparagus brat",CorrelationGECO,1,0.001,what can you cook with soy sauce,msmarco-passage/train,ielabgroup/vec2text_gtr-base-st_corrector
915593,what types of food can you cook sous vide,"a food after a thrown-up meal: brussel sprouts, onions, and cheese, or canard beans to eat after",CorrelationGECO,1,0.001,what foods to eat after throwing up,msmarco-passage/train,ielabgroup/vec2text_gtr-base-st_corrector
915593,what types of food can you cook sous vide,"a number of foods to naturally increase blood pressure, e.g. bourbon jack nasu, poppy",CorrelationGECO,1,0.001,foods to naturally increase blood pressure,msmarco-passage/train,ielabgroup/vec2text_gtr-base-st_corrector
915593,what types of food can you cook sous vide,"you can cook food, you can cook your food and you can fire your heart if you are a nervous person for three hours, you can cook",CorrelationGECO,1,0.001,can you cook food,msmarco-passage/train,ielabgroup/vec2text_gtr-base-st_corrector
915593,what types of food can you cook sous vide,"a sundae of fresh broccoli, the starchy meat, is the best food to eat after a workout or after working out",CorrelationGECO,1,0.001,what is the best food to eat after working out,msmarco-passage/train,ielabgroup/vec2text_gtr-base-st_corrector
915593,what types of food can you cook sous vide,"a food, the hepatitis type is what you get from food when you ingest it from foods rich in a l",CorrelationGECO,1,0.001,what is the type of hepatitis you get from food,msmarco-passage/train,ielabgroup/vec2text_gtr-base-st_corrector
264014,how long is life cycle of flea,(CFL) life expectancy. Estimated lifetimes of 220–236 hours CFL life expectancy and a moderate future,CorrelationGECO,1,0.001,expected lifespan cfl hours,msmarco-passage/train,ielabgroup/vec2text_gtr-base-st_corrector
264014,how long is life cycle of flea,if a roundworm is infected and leaves behind a rash. Roundworm lasts for about 24 to 30 hours and 2 years,CorrelationGECO,1,0.001,how long does roundworm last,msmarco-passage/train,ielabgroup/vec2text_gtr-base-st_corrector
264014,how long is life cycle of flea,a fridge is where fresh fish are kept and the life of the fishes remains in a constant state from 0 to 3 to 8,CorrelationGECO,1,0.001,what is the fridge life of fresh fish,msmarco-passage/train,ielabgroup/vec2text_gtr-base-st_corrector
264014,how long is life cycle of flea,"from the time it is able to run off its course, it takes 4 to 5 days for the parvovirus to begin its course of its course",CorrelationGECO,1,0.001,how long does it take for the parvo virus to run its course,msmarco-passage/train,ielabgroup/vec2text_gtr-base-st_corrector
264014,how long is life cycle of flea,a .01 (latterly .01) to .01 (longer than 850) fha case number is valid,CorrelationGECO,1,0.001,how long is an fha case number valid,msmarco-passage/train,ielabgroup/vec2text_gtr-base-st_corrector
264014,how long is life cycle of flea,"life span of a parakeet, or a chestnut or a wingkit, varies from 2 to 8 years",CorrelationGECO,1,0.001,what is the life span of a parakeet,msmarco-passage/train,ielabgroup/vec2text_gtr-base-st_corrector
264014,how long is life cycle of flea,a .01 (latterly .01) to .01 (longer than 850) fha case number is valid,CorrelationGECO,1,0.001,how long is an fha case number valid,msmarco-passage/train,ielabgroup/vec2text_gtr-base-st_corrector
264014,how long is life cycle of flea,"From 3 to 5 years, a neo tripartium (neoteoceras) will live approximately 24",CorrelationGECO,1,0.001,how long does the neoceratium tripos live,msmarco-passage/train,ielabgroup/vec2text_gtr-base-st_corrector
264014,how long is life cycle of flea,1 to 365 weeks of treatment. Flonase is a treatment of flonasohumadicolonesis,CorrelationGECO,1,0.001,how long is flonase treatment,msmarco-passage/train,ielabgroup/vec2text_gtr-base-st_corrector
264014,how long is life cycle of flea,"in a dog who is a patient with a heartworm or a heartworm, how long can a dog live with heartworms",CorrelationGECO,1,0.001,how long can a dog live with heartworms,msmarco-passage/train,ielabgroup/vec2text_gtr-base-st_corrector
1121402,what can contour plowing reduce,is cupping does work on cellulite and can help alleviate a lagging condition called fibrosis. The treatment for cubic,CorrelationGECO,1,0.001,does cupping work on cellulite,msmarco-passage/train,ielabgroup/vec2text_gtr-base-st_corrector
1121402,what can contour plowing reduce,"compared to normal blood pressure. Whether a carvedilol tablet reduces blood pressure, e.g., blood glucose levels",CorrelationGECO,1,0.001,does carvedilol tablets lower blood pressure?,msmarco-passage/train,ielabgroup/vec2text_gtr-base-st_corrector
1121402,what can contour plowing reduce,with vasoconstriction (cryoasepotase / blood pressure) it does affect a decrease or increase,CorrelationGECO,1,0.001,does vasoconstriction cause a decrease,msmarco-passage/train,ielabgroup/vec2text_gtr-base-st_corrector
1121402,what can contour plowing reduce,"during the phase of hair growth during which hair should be removed for removal, and if most effective for long-term hair growth, hair reduction should be",CorrelationGECO,1,0.001,during what phase of hair growth should hair be removed for the most effective for long-term hair reduction,msmarco-passage/train,ielabgroup/vec2text_gtr-base-st_corrector
1121402,what can contour plowing reduce,"types of plowing – lowing, the jack plow, the axes, and the types of agribus",CorrelationGECO,1,0.001,types of plowing,msmarco-passage/train,ielabgroup/vec2text_gtr-base-st_corrector
1121402,what can contour plowing reduce,how to reconcile AP in gl in the great plains. How to reconcile ap to lba in the,CorrelationGECO,1,0.001,how to reconcile ap to gl in great plains,msmarco-passage/train,ielabgroup/vec2text_gtr-base-st_corrector
1121402,what can contour plowing reduce,The use of a limacon (Luploconasa) for a storage and a cleaning product. This is used,CorrelationGECO,1,0.001,what is the use of a limacon,msmarco-passage/train,ielabgroup/vec2text_gtr-base-st_corrector
1121402,what can contour plowing reduce,because of the high end end period data. Reduce Close Period process is a way to prevent end-period decreases and to generate a,CorrelationGECO,1,0.001,why reduce period end close process,msmarco-passage/train,ielabgroup/vec2text_gtr-base-st_corrector
1121402,what can contour plowing reduce,"How to lower the debt balance is by lowering the debt and lowering the debt index, which is a target of the .017",CorrelationGECO,1,0.001,how to lowering the debt balance,msmarco-passage/train,ielabgroup/vec2text_gtr-base-st_corrector
1121402,what can contour plowing reduce,"Ways to decrease creatinine are a way to decrease glucosinogen, bile acids, or insulating your body",CorrelationGECO,1,0.001,ways to decrease creatinine,msmarco-passage/train,ielabgroup/vec2text_gtr-base-st_corrector
962179,when was the salvation army founded,"in 1886 and a statement supporting the re-operation of the American disability fund, Guide dogs for the Blind was founded in 1888 and is",CorrelationGECO,1,0.001,when was guide dogs for the blind founded,msmarco-passage/train,ielabgroup/vec2text_gtr-base-st_corrector
962179,when was the salvation army founded,a 1792 annual beer festival (Lichtabend) and a public event (March 26–28) called the first Summerfest (October,CorrelationGECO,1,0.001,when was the first summerfest,msmarco-passage/train,ielabgroup/vec2text_gtr-base-st_corrector
962179,when was the salvation army founded,when a crusade began (vol. 1620) and a swarm of missionaries began (the First Crusade,CorrelationGECO,1,0.001,when did the first crusade begin,msmarco-passage/train,ielabgroup/vec2text_gtr-base-st_corrector
962179,when was the salvation army founded,"in 1696 when a foundation and a relic of a foundation, livonia ltny New York was founded",CorrelationGECO,1,0.001,when was  livonia ny founded,msmarco-passage/train,ielabgroup/vec2text_gtr-base-st_corrector
962179,when was the salvation army founded,"In 1864, on the eve of the American Civil War, the March of Dimes was founded (March of Dimes, Maryland, United",CorrelationGECO,1,0.001,when was the march of dimes founded,msmarco-passage/train,ielabgroup/vec2text_gtr-base-st_corrector
962179,when was the salvation army founded,"starting on 4 February of the New Year. Beginning in 1963, Black Sabbath (Assyrian Rocks from Badass)",CorrelationGECO,1,0.001,when did black sabbath start,msmarco-passage/train,ielabgroup/vec2text_gtr-base-st_corrector
962179,when was the salvation army founded,"year the NGSS was established. In 1923, during a period of a visit by the United Nations and the Global Peace Organization,",CorrelationGECO,1,0.001,in what year was the ngss established,msmarco-passage/train,ielabgroup/vec2text_gtr-base-st_corrector
962179,when was the salvation army founded,"in 16-Feb-Feb-Aug., 1501, and the English language learning center Rosetta Stone was founded by",CorrelationGECO,1,0.001,when was rosetta stone founded,msmarco-passage/train,ielabgroup/vec2text_gtr-base-st_corrector
962179,when was the salvation army founded,"1896, a 501st-century society operating in the U.S., the Murse was founded and in February 2015",CorrelationGECO,1,0.001,when was the murse founded,msmarco-passage/train,ielabgroup/vec2text_gtr-base-st_corrector
962179,when was the salvation army founded,"beginning in 1664, when the Cyberpoking festival began, and on January 24, 2017, when the event began, Burning Man began as",CorrelationGECO,1,0.001,when did burning man begin,msmarco-passage/train,ielabgroup/vec2text_gtr-base-st_corrector
1117099,what is a active margin,"definition of a 'marginal' in the definition of a 'minor' in finance, a term in financial markets",CorrelationGECO,1,0.001,definition of marginal in finance,msmarco-passage/train,ielabgroup/vec2text_gtr-base-st_corrector
1117099,what is a active margin,"if sugars are present in plants with long growth and a dissolved nutrient load, sugar transport is an active process that is active transport",CorrelationGECO,1,0.001,is sugar transport in plants an active process,msmarco-passage/train,ielabgroup/vec2text_gtr-base-st_corrector
1117099,what is a active margin,", the inactive X chromosome does the inactivation of the chromosome and if the cell does not keep up",CorrelationGECO,1,0.001,what does the inactive x chromosome do,msmarco-passage/train,ielabgroup/vec2text_gtr-base-st_corrector
1117099,what is a active margin,premium rollover (refundable premium) – a rollover plan – on a plan to retire from a company with fixed assets,CorrelationGECO,1,0.001,define rollover premium,msmarco-passage/train,ielabgroup/vec2text_gtr-base-st_corrector
1117099,what is a active margin,Marginal principle Marginal principle (or principle of principle) is a theory of the theory of the principle of a monetary system which is,CorrelationGECO,1,0.001,what is marginal principle,msmarco-passage/train,ielabgroup/vec2text_gtr-base-st_corrector
1117099,what is a active margin,The blue boxes (Marsheens) are boxes in the marshes on Marshes that are open to a wide range of vegetation,CorrelationGECO,1,0.001,what are the blue boxes in marshes,msmarco-passage/train,ielabgroup/vec2text_gtr-base-st_corrector
1117099,what is a active margin,"why there are active shooters, this is because a number of gunfires have slowed down and attackers are able to shoot victims",CorrelationGECO,1,0.001,why are there active shooters,msmarco-passage/train,ielabgroup/vec2text_gtr-base-st_corrector
1117099,what is a active margin,"the profit margin on the sales of video games (e.g., video games with a high 40% margin on video games with a high 40%",CorrelationGECO,1,0.001,what is the profit margin on video games,msmarco-passage/train,ielabgroup/vec2text_gtr-base-st_corrector
1117099,what is a active margin,"regulatory conduct examination (Marketedness Examination) is a definition of examination to determine the responsiveness of the business, financial institutions, equi",CorrelationGECO,1,0.001,regulatory market conduct examination definition,msmarco-passage/train,ielabgroup/vec2text_gtr-base-st_corrector
1117099,what is a active margin,a meter option . It is a high-resolution option (CRP) that is a form of automatic moving-screen,CorrelationGECO,1,0.001,what is an meter option,msmarco-passage/train,ielabgroup/vec2text_gtr-base-st_corrector
148538,difference between rn and bsn,colors should be raised only if the bn colors are a clear state of the child. This should be raised starting at around 2 September by,CorrelationGECO,1,0.001,when should the bn colors be raised,msmarco-passage/train,ielabgroup/vec2text_gtr-base-st_corrector
148538,difference between rn and bsn,"differences between a plant and a symbiosis: photosynthesis is a process that results in respiration, while photosynthesis",CorrelationGECO,1,0.001,differences between photosynthesis and respiration,msmarco-passage/train,ielabgroup/vec2text_gtr-base-st_corrector
148538,difference between rn and bsn,"Bls, stands for Boundary Supply System and Boundary Consultation, and formerly stood for Bodary Ballista.",CorrelationGECO,1,0.001,what does bls stand for?,msmarco-passage/train,ielabgroup/vec2text_gtr-base-st_corrector
148538,difference between rn and bsn,"a difference between a nerve response and a hormone response, which is a physiologic response to a neocortex",CorrelationGECO,1,0.001,what is the difference to a nerve response and a hormone response,msmarco-passage/train,ielabgroup/vec2text_gtr-base-st_corrector
148538,difference between rn and bsn,a difference between eso (seale edseco) and eso (seco),CorrelationGECO,1,0.001,what is the difference between ese and eso,msmarco-passage/train,ielabgroup/vec2text_gtr-base-st_corrector
148538,difference between rn and bsn,the difference between niacin (which is a niacin iodine) and aspirin (a,CorrelationGECO,1,0.001,what is the difference between aspirin and niacin,msmarco-passage/train,ielabgroup/vec2text_gtr-base-st_corrector
148538,difference between rn and bsn,"a tear versus a sprained follicle, bursitis is an injury to the shoulder versus a tear",CorrelationGECO,1,0.001,difference between bursitis and a tear in shoulder,msmarco-passage/train,ielabgroup/vec2text_gtr-base-st_corrector
148538,difference between rn and bsn,bnr is a recently discovered a range of firearms and a reed-ctorel amphibious release.,CorrelationGECO,1,0.001,what is bnr,msmarco-passage/train,ielabgroup/vec2text_gtr-base-st_corrector
148538,difference between rn and bsn,degree of a MBBS. MBBS is a baccalaureate degree of a General Professional Institute of Business (GP,CorrelationGECO,1,0.001,what degree is a mbbs,msmarco-passage/train,ielabgroup/vec2text_gtr-base-st_corrector
148538,difference between rn and bsn,"a difference between rods and bacilli, bacilli (      )",CorrelationGECO,1,0.001,difference between bacilli and rods,msmarco-passage/train,ielabgroup/vec2text_gtr-base-st_corrector
451602,medicare's definition of mechanical ventilation,"a medical necessity arbiter function is a function that is a result of medical necessity (i.e., non-biological",CorrelationGECO,1,0.001,what is a medical necessity arbiter function,msmarco-passage/train,ielabgroup/vec2text_gtr-base-st_corrector
451602,medicare's definition of mechanical ventilation,"beneficiary is a beneficiary of a Medicare enrollee plan that is qualified beneficiary beneficiary e.g. Beneficiary Medical Insurance Co.,",CorrelationGECO,1,0.001,what is beneficiary is a qualified medicare beneficiary enrollee.,msmarco-passage/train,ielabgroup/vec2text_gtr-base-st_corrector
451602,medicare's definition of mechanical ventilation,"of a m.a. (m.a.) engineering bachelor, a mechanical engineer does what a scientist can and does.",CorrelationGECO,1,0.001,what does a mechanical engineer do?,msmarco-passage/train,ielabgroup/vec2text_gtr-base-st_corrector
451602,medicare's definition of mechanical ventilation,macroscopic () is a definition of the molar velocities of fluids and the arachnoidal cartilage effect,CorrelationGECO,1,0.001,macroscopic definition,msmarco-passage/train,ielabgroup/vec2text_gtr-base-st_corrector
451602,medicare's definition of mechanical ventilation,"as they are not motivated by their mental state of mind or their perception of the dangers of surgery. Until 2012, mechanical ventilation patients are conscious",CorrelationGECO,1,0.001,are mechanical ventilation patients conscious,msmarco-passage/train,ielabgroup/vec2text_gtr-base-st_corrector
451602,medicare's definition of mechanical ventilation,are a part of the ventilation system meme,CorrelationGECO,1,0.001,are you part of a ventilation system meme,msmarco-passage/train,ielabgroup/vec2text_gtr-base-st_corrector
451602,medicare's definition of mechanical ventilation,which medical equipment is covered by MEDICARE. MEDICARE equipment is covered by the Medicare & Health Pro-Facilities,CorrelationGECO,1,0.001,what medical equipment is covered by medicare,msmarco-passage/train,ielabgroup/vec2text_gtr-base-st_corrector
451602,medicare's definition of mechanical ventilation,metabolic study (S. agglomeration study) metabolic study is a laboratory study that provides evidence for the determination of certain lipid and protein,CorrelationGECO,1,0.001,metabolic study definition,msmarco-passage/train,ielabgroup/vec2text_gtr-base-st_corrector
451602,medicare's definition of mechanical ventilation,known as volume support ventilation. It is a form of ventilation ventilation at high strength acoustics and a ventilation ventilation at high temperature,CorrelationGECO,1,0.001,what is volume support ventilation,msmarco-passage/train,ielabgroup/vec2text_gtr-base-st_corrector
451602,medicare's definition of mechanical ventilation,What is flexible medical spending (Medical Spending Mobility) is a form of cash a flexible credit card that enables patients to opt out,CorrelationGECO,1,0.001,what is flexible spending medical,msmarco-passage/train,ielabgroup/vec2text_gtr-base-st_corrector
359349,how to find the midsegment of a trapezoid,(Tympalocystoid)  (known as trapizoid) is a femur of,CorrelationGECO,1,0.001,what is trapizoid,msmarco-passage/train,ielabgroup/vec2text_gtr-base-st_corrector
359349,how to find the midsegment of a trapezoid,"by applying a piston-to-stomach measure to measure valve seat, and then re-position the seat on a 3 inch",CorrelationGECO,1,0.001,how to measure valve seat,msmarco-passage/train,ielabgroup/vec2text_gtr-base-st_corrector
359349,how to find the midsegment of a trapezoid,"the low middle stomach, which is a low, flat, low-cut peritubular area between the lower abdomen and lower my body",CorrelationGECO,1,0.001,what part is your low middle stomach,msmarco-passage/train,ielabgroup/vec2text_gtr-base-st_corrector
359349,how to find the midsegment of a trapezoid,calculate octagon sides by dividing by a,CorrelationGECO,1,0.001,how to calculate octagon sides,msmarco-passage/train,ielabgroup/vec2text_gtr-base-st_corrector
359349,how to find the midsegment of a trapezoid,a solving the isosceles triangle (i.e.  is an isosceles  and  iso,CorrelationGECO,1,0.001,solving an isosceles triangle,msmarco-passage/train,ielabgroup/vec2text_gtr-base-st_corrector
359349,how to find the midsegment of a trapezoid,"how to get fraisices is to click on a on the Transformation Store on the Wiki. Unlike other versions of the game,",CorrelationGECO,1,0.001,how to get fraises on transformice wiki,msmarco-passage/train,ielabgroup/vec2text_gtr-base-st_corrector
359349,how to find the midsegment of a trapezoid,find the area of a shape that is supposed together and then you find the area of two shapes that is put together – 8,CorrelationGECO,1,0.001,how to find the area of two shapes put together,msmarco-passage/train,ielabgroup/vec2text_gtr-base-st_corrector
359349,how to find the midsegment of a trapezoid,by finding the mean absolute-deviate of the first quartile and the mean absolute-deviate of the third quartile (180,CorrelationGECO,1,0.001,how to find the mean absolute deviation for the first and third quartile,msmarco-passage/train,ielabgroup/vec2text_gtr-base-st_corrector
359349,how to find the midsegment of a trapezoid,To figure out perimeter,CorrelationGECO,1,0.001,how to figure out perimeter,msmarco-passage/train,ielabgroup/vec2text_gtr-base-st_corrector
359349,how to find the midsegment of a trapezoid,use a simple method to find the height of a triangle i.e.,CorrelationGECO,1,0.001,how to find the height in a triangle,msmarco-passage/train,ielabgroup/vec2text_gtr-base-st_corrector
1115776,what is an aml surveillance analyst,amban amban (also known as amban) is a fibrinol adreneath,CorrelationGECO,1,0.001,what is amban,msmarco-passage/train,ielabgroup/vec2text_gtr-base-st_corrector
1115776,what is an aml surveillance analyst,Planning (financial intelligence) Wealth planning analyst (or wealth planner) is a method of financial analysis and a method of predicting the,CorrelationGECO,1,0.001,what is a wealth planning analyst,msmarco-passage/train,ielabgroup/vec2text_gtr-base-st_corrector
1115776,what is an aml surveillance analyst,"acls medical definition. A medical condition, a form of ailex cruciosis and a lifelong ligament",CorrelationGECO,1,0.001,acls definition medical,msmarco-passage/train,ielabgroup/vec2text_gtr-base-st_corrector
1115776,what is an aml surveillance analyst,'asymmetric' information is a plethora of information that politicians and government departments try to address and amplify. Asymmetric,CorrelationGECO,1,0.001,what is asymmetric information and politicians,msmarco-passage/train,ielabgroup/vec2text_gtr-base-st_corrector
1115776,what is an aml surveillance analyst,ams disease. Amblyssal circulatory syndrome Amblyssal circulatory syndrome (AMS) is a disease with,CorrelationGECO,1,0.001,ams disease,msmarco-passage/train,ielabgroup/vec2text_gtr-base-st_corrector
1115776,what is an aml surveillance analyst,"on amarna, a spherical earth-capture device in the universe defined as a amarna, a human",CorrelationGECO,1,0.001,define amarna,msmarco-passage/train,ielabgroup/vec2text_gtr-base-st_corrector
1115776,what is an aml surveillance analyst,Lamp Program (LAMS program) Lamp Program is a computer program by Hadoop Networks to improve the access to information stored in a database.,CorrelationGECO,1,0.001,what is lamps program?,msmarco-passage/train,ielabgroup/vec2text_gtr-base-st_corrector
1115776,what is an aml surveillance analyst,"army awol, a military definition of a lone aft of insurgency (AWOL),",CorrelationGECO,1,0.001,army definition of awol,msmarco-passage/train,ielabgroup/vec2text_gtr-base-st_corrector
1115776,what is an aml surveillance analyst,"lvl, stand for Television on a lvy camera. The acronym stands for Television on a lvy",CorrelationGECO,1,0.001,what does tvl stand for in cameras,msmarco-passage/train,ielabgroup/vec2text_gtr-base-st_corrector
1115776,what is an aml surveillance analyst,analysis of gene sequence and epsegonysmosome glucose protein. The ELP gene analysis is,CorrelationGECO,1,0.001,what is elp gene sequence analysis,msmarco-passage/train,ielabgroup/vec2text_gtr-base-st_corrector
1112341,what is the daily life of thai people,what 'Swedish' people do is eat and drool hum and eat swede products.,CorrelationGECO,1,0.001,what do swedish people do,msmarco-passage/train,ielabgroup/vec2text_gtr-base-st_corrector
1112341,what is the daily life of thai people,Thetis Thetis (  ) is a dilumination of a bacterial thyroxene,CorrelationGECO,1,0.001,what is thetis,msmarco-passage/train,ielabgroup/vec2text_gtr-base-st_corrector
1112341,what is the daily life of thai people,what happens when you work everyday is that your body will be stricken with a lot of sweat and irritated by the everyday work,CorrelationGECO,1,0.001,what happens to the body when you work everyday,msmarco-passage/train,ielabgroup/vec2text_gtr-base-st_corrector
1112341,what is the daily life of thai people,"as many as 900,000 people die every day, a figure named James Edwards, a human being living in a contaminated area",CorrelationGECO,1,0.001,how many people died every day,msmarco-passage/train,ielabgroup/vec2text_gtr-base-st_corrector
1112341,what is the daily life of thai people,Thopi tholos (Thpo) are a family of thyronous killer gases and thyronoids,CorrelationGECO,1,0.001,what are thpo,msmarco-passage/train,ielabgroup/vec2text_gtr-base-st_corrector
1112341,what is the daily life of thai people,Itt Itt (also known as t) is a globular index of multi-dimensional objects. Itt is,CorrelationGECO,1,0.001,what is itt,msmarco-passage/train,ielabgroup/vec2text_gtr-base-st_corrector
1112341,what is the daily life of thai people,The soap plant that uses thalassole and thalassole as the soaps in the Thai food is called ',CorrelationGECO,1,0.001,what's the soap plant called they use in thai food,msmarco-passage/train,ielabgroup/vec2text_gtr-base-st_corrector
1112341,what is the daily life of thai people,"average day of the life of a pediatrician, a day of a med student and a day of a prac",CorrelationGECO,1,0.001,average day in the life of a pediatrician,msmarco-passage/train,ielabgroup/vec2text_gtr-base-st_corrector
1112341,what is the daily life of thai people,money in Thailand is called  (thail thai ) or  (thai thai,CorrelationGECO,1,0.001,what is money called in thailand,msmarco-passage/train,ielabgroup/vec2text_gtr-base-st_corrector
1112341,what is the daily life of thai people,"is a result of a tai chi tai tai and is lethal. , it is dangerous",CorrelationGECO,1,0.001,is tai chi lethal,msmarco-passage/train,ielabgroup/vec2text_gtr-base-st_corrector
131843,definition of a sigmet,"defining by the noun ""subsumes"": a noun that resides on the surface of a sphere of",CorrelationGECO,1,0.001,definition of subsumes,msmarco-passage/train,ielabgroup/vec2text_gtr-base-st_corrector
131843,definition of a sigmet,"(septicemia) is a defined acute encephalopathy of the fecal-sea condition, a muscle",CorrelationGECO,1,0.001,define septicemia,msmarco-passage/train,ielabgroup/vec2text_gtr-base-st_corrector
131843,definition of a sigmet,"a sentinel sign is a sign of the ""Caring Manoeuvres and Embolisms"" (Aug. 17",CorrelationGECO,1,0.001,what is a sentinel sign,msmarco-passage/train,ielabgroup/vec2text_gtr-base-st_corrector
131843,definition of a sigmet,"sworn affidavit, a sworn oath of pleading in state court defining the defendant",CorrelationGECO,1,0.001,define sworn affidavit,msmarco-passage/train,ielabgroup/vec2text_gtr-base-st_corrector
131843,definition of a sigmet,a neo-femur definition of 'seneschal'. This is a physical definition of a senes,CorrelationGECO,1,0.001,seneschal definition,msmarco-passage/train,ielabgroup/vec2text_gtr-base-st_corrector
131843,definition of a sigmet,symbolic proportion - a figurative definition of proportion by Robert E. Stevens - is a symbolic exegement of quantities of,CorrelationGECO,1,0.001,symbolic proportion definition,msmarco-passage/train,ielabgroup/vec2text_gtr-base-st_corrector
131843,definition of a sigmet,"definition of gibe, a defining of the defining power of the ecubed, ecubed, ecubed",CorrelationGECO,1,0.001,definition of gibe,msmarco-passage/train,ielabgroup/vec2text_gtr-base-st_corrector
131843,definition of a sigmet,Symbolic goal Symbolic goal (a.k.a. symbolic goals) is a Manifestation of change and a goal in,CorrelationGECO,1,0.001,definition of symbolic goal,msmarco-passage/train,ielabgroup/vec2text_gtr-base-st_corrector
131843,definition of a sigmet,"known as Fortinet, is a tinolet and ferruginous tin oxide product. It is a unique modern system",CorrelationGECO,1,0.001,what is fortinet,msmarco-passage/train,ielabgroup/vec2text_gtr-base-st_corrector
131843,definition of a sigmet,definition of a spirometer (also known as spirometer) is a measurement of air through a spiro,CorrelationGECO,1,0.001,what is spirometer definition,msmarco-passage/train,ielabgroup/vec2text_gtr-base-st_corrector
104861,cost of interior concrete flooring,at an average cost of $24 to $34 for a driveway or a driveway of cement based natural gas or semiconcrete cement,CorrelationGECO,1,0.001,average cost for cement driveway,msmarco-passage/train,ielabgroup/vec2text_gtr-base-st_corrector
104861,cost of interior concrete flooring,cost an average of $175 to $175 to $175 to $175 to replace a cost of a floor tile bathroom tremolo tile,CorrelationGECO,1,0.001,average cost to tile bathroom floor,msmarco-passage/train,ielabgroup/vec2text_gtr-base-st_corrector
104861,cost of interior concrete flooring,of the average cost of a wood installation (no.1-$80-$90-$90-$90) of wood floor,CorrelationGECO,1,0.001,average cost of wood floor installation,msmarco-passage/train,ielabgroup/vec2text_gtr-base-st_corrector
104861,cost of interior concrete flooring,cost of 500-$600-$600-per-square-foot to renovate a basement or a renovated living space,CorrelationGECO,1,0.001,cost per square foot to renovate a basement,msmarco-passage/train,ielabgroup/vec2text_gtr-base-st_corrector
104861,cost of interior concrete flooring,"($495–500 / $1,500) for concrete shed cost on a concrete slab or concrete scabbard haze,",CorrelationGECO,1,0.001,concrete slab for shed cost,msmarco-passage/train,ielabgroup/vec2text_gtr-base-st_corrector
104861,cost of interior concrete flooring,price of 1m3 concrete (Masalian Multifasciment Concrete) or a price of $4000,CorrelationGECO,1,0.001,price for 1m3 concrete,msmarco-passage/train,ielabgroup/vec2text_gtr-base-st_corrector
104861,cost of interior concrete flooring,"cost from $1,500 to $1,500 a.m. (grey cladding) concrete garage floor or garage floor can cost less than",CorrelationGECO,1,0.001,concrete garage floor cost,msmarco-passage/train,ielabgroup/vec2text_gtr-base-st_corrector
104861,cost of interior concrete flooring,"costing over $300 US$1100, a switch to a new carpet main bedroom and a cheaper option is to carpet the interior and ceiling",CorrelationGECO,1,0.001,cost to carpet main bedroom,msmarco-passage/train,ielabgroup/vec2text_gtr-base-st_corrector
104861,cost of interior concrete flooring,($50 - $175 p.m.) on concrete patio slabs known as concrete patio stair and a cost of hydroxycarbon,CorrelationGECO,1,0.001,cost for concrete patio slab,msmarco-passage/train,ielabgroup/vec2text_gtr-base-st_corrector
104861,cost of interior concrete flooring,"($15,000 - $600,000 - $600,000) cost of cement tile (a.k.a. Ceremonium",CorrelationGECO,1,0.001,cost of cement tile,msmarco-passage/train,ielabgroup/vec2text_gtr-base-st_corrector
833860,what is the most popular food in switzerland,"what to eat in the town, a fried chicken in the park, or a fried chicken in San Diego at San Diego’",CorrelationGECO,1,0.001,what to eat in san diego,msmarco-passage/train,ielabgroup/vec2text_gtr-base-st_corrector
833860,what is the most popular food in switzerland,"foods that weigh fast to make you gain weight, such as mushy beef, shit, and pepper, you will gain weight fast",CorrelationGECO,1,0.001,foods that make you gain weight fast,msmarco-passage/train,ielabgroup/vec2text_gtr-base-st_corrector
833860,what is the most popular food in switzerland,"foods rich in protein, such as a block of wheat, a rare stone pie, or a meat, are high in protein rennet",CorrelationGECO,1,0.001,what are some foods high in protein,msmarco-passage/train,ielabgroup/vec2text_gtr-base-st_corrector
833860,what is the most popular food in switzerland,"weight, eat a smoky weight of jack-n-pane beef and cauliflower is the best food to gain weight in",CorrelationGECO,1,0.001,best foods to gain weight,msmarco-passage/train,ielabgroup/vec2text_gtr-base-st_corrector
833860,what is the most popular food in switzerland,"language in Switzerland, francs-gypsophagus and roan-waltz are spoken in Switze",CorrelationGECO,1,0.001,what language is spoken in switzerland,msmarco-passage/train,ielabgroup/vec2text_gtr-base-st_corrector
833860,what is the most popular food in switzerland,"from a variety of foods, squirrels like roebuck, pine nuts, and nutmeg prefer a good amount of food",CorrelationGECO,1,0.001,what type of food do squirrels like,msmarco-passage/train,ielabgroup/vec2text_gtr-base-st_corrector
833860,what is the most popular food in switzerland,"list of naturally fermented foods: cranberries, jerkysose, sour cream, wheat, and other vegetables",CorrelationGECO,1,0.001,list of naturally fermented foods,msmarco-passage/train,ielabgroup/vec2text_gtr-base-st_corrector
833860,what is the most popular food in switzerland,"a type of food with slough-o-lankey milk and eggs, San Francisco is known for the San francisco food known",CorrelationGECO,1,0.001,what type of food is san francisco known for,msmarco-passage/train,ielabgroup/vec2text_gtr-base-st_corrector
833860,what is the most popular food in switzerland,"items that are ultra processed food are processed food, such as canned fruit, jerky, bottled water, nutmeg, and vegetable juice",CorrelationGECO,1,0.001,what food are ultra processed items,msmarco-passage/train,ielabgroup/vec2text_gtr-base-st_corrector
833860,what is the most popular food in switzerland,"foods rich in phosphorus, such as pyrilococcus, ghetto, and cheeses, are high in phospho",CorrelationGECO,1,0.001,what foods are high in phosphorus,msmarco-passage/train,ielabgroup/vec2text_gtr-base-st_corrector
207786,how are some sharks warm blooded,"a symptom face feeling warm can be a symptom causing immediate obstructive inflammatory symptoms, a rash, tear",CorrelationGECO,1,0.001,symptom face feeling warm,msmarco-passage/train,ielabgroup/vec2text_gtr-base-st_corrector
207786,how are some sharks warm blooded,(subphylum) sharks were one of the devolinians in the Sardinian period (c. 310–3050 A,CorrelationGECO,1,0.001,what subphylum were sharks in during the devonian period,msmarco-passage/train,ielabgroup/vec2text_gtr-base-st_corrector
207786,how are some sharks warm blooded,"the types of sharks that eat meat, i.e. savanna, chitinopods, turkeys",CorrelationGECO,1,0.001,what types of  sharks eat meat,msmarco-passage/train,ielabgroup/vec2text_gtr-base-st_corrector
207786,how are some sharks warm blooded,"therapeutic effects of warm water are a positive effect of a hot water immersion, resulting in a temporary recovery from traumatic brain injury,",CorrelationGECO,1,0.001,therapeutic effects of warm water,msmarco-passage/train,ielabgroup/vec2text_gtr-base-st_corrector
207786,how are some sharks warm blooded,"this gene, semin, and a gene, saliva, do blood, lymph, and edema, and a few other RNA",CorrelationGECO,1,0.001,"what gene do blood, saliva, and semin",msmarco-passage/train,ielabgroup/vec2text_gtr-base-st_corrector
207786,how are some sharks warm blooded,"– warm, – cold, – hot, – drier, stationary fronts is a weather front that moves in parallels",CorrelationGECO,1,0.001,"what is warm ,cold , stationary fronts",msmarco-passage/train,ielabgroup/vec2text_gtr-base-st_corrector
207786,how are some sharks warm blooded,"In cold weather, a heat pump works in cold weather by circulating water and allowing it to take on a stronger energy absorption inside",CorrelationGECO,1,0.001,how do heat pumps work in cold weather,msmarco-passage/train,ielabgroup/vec2text_gtr-base-st_corrector
207786,how are some sharks warm blooded,(Boletus chrysopannellus) is called the shark tissue (Boletus chrysopannell,CorrelationGECO,1,0.001,what is the shark tissue called,msmarco-passage/train,ielabgroup/vec2text_gtr-base-st_corrector
207786,how are some sharks warm blooded,the cerebellum (cerabellum) controls sphericality in sharks and other sharks to identify where it is pointing,CorrelationGECO,1,0.001,what does the cerebellum control in sharks,msmarco-passage/train,ielabgroup/vec2text_gtr-base-st_corrector
207786,how are some sharks warm blooded,"from the savanna to the ocean, a shark lives for 1 to 4 years and is known to last from 1 to 30 years",CorrelationGECO,1,0.001,how long does a shark live for,msmarco-passage/train,ielabgroup/vec2text_gtr-base-st_corrector
1114819,what is durable medical equipment consist of,"when you are doing validation for your medical device (i.e., when you are receiving device validation) you need to do the process for your device",CorrelationGECO,1,0.001,when do you need to do process validation for medical device,msmarco-passage/train,ielabgroup/vec2text_gtr-base-st_corrector
1114819,what is durable medical equipment consist of,(drs office) uses a weighing scale to keep the patients in line. Drs use grocers to weigh patients in,CorrelationGECO,1,0.001,what do drs offices use to weigh patients,msmarco-passage/train,ielabgroup/vec2text_gtr-base-st_corrector
1114819,what is durable medical equipment consist of,equipment you will need after your knee replacement. You will have a knee tee roove and braces and your knee will,CorrelationGECO,1,0.001,what equipment i will need after kneee replacement,msmarco-passage/train,ielabgroup/vec2text_gtr-base-st_corrector
1114819,what is durable medical equipment consist of,"what a doctor needs. This includes a utensil, a burgeon, a crystal box, and a medicine",CorrelationGECO,1,0.001,what does a doctor need,msmarco-passage/train,ielabgroup/vec2text_gtr-base-st_corrector
1114819,what is durable medical equipment consist of,what is medical office support or Medicosupport Medicosupport is a support service provided by the medical office and the corresponding physician to help,CorrelationGECO,1,0.001,what is medical office support,msmarco-passage/train,ielabgroup/vec2text_gtr-base-st_corrector
1114819,what is durable medical equipment consist of,medical designation for a dds and dds. The acronym DDSs stands for Dissector Surgical Disc.,CorrelationGECO,1,0.001,what does the medical designation dds stand for?,msmarco-passage/train,ielabgroup/vec2text_gtr-base-st_corrector
1114819,what is durable medical equipment consist of,equipment needed for the Condition Survey is a building survey. Equipment needs to be installed to determine the correct degree of condition and can be a crossmeter,CorrelationGECO,1,0.001,condition survey what equipment is needed,msmarco-passage/train,ielabgroup/vec2text_gtr-base-st_corrector
1114819,what is durable medical equipment consist of,"what a muscle consists in, it contains a number of arteries, ducts, and a protein (e.g. muscle",CorrelationGECO,1,0.001,what consists in a muscle,msmarco-passage/train,ielabgroup/vec2text_gtr-base-st_corrector
1114819,what is durable medical equipment consist of,tadli ddi (TDI) definition of injury. This injury is a generative disc injury that activates after,CorrelationGECO,1,0.001,tdi definition of injury,msmarco-passage/train,ielabgroup/vec2text_gtr-base-st_corrector
1114819,what is durable medical equipment consist of,"a hospital acquired condition (i.e., a condition of ill-health or disease) is a medical condition which is provided",CorrelationGECO,1,0.001,what is a hospital acquired condition,msmarco-passage/train,ielabgroup/vec2text_gtr-base-st_corrector
183378,exons definition biology,"secretion of products in their ectoplasmic glands and central nervous systems, where the exocrine glands secrete products",CorrelationGECO,1,0.001,where do exocrine glands secrete their products,msmarco-passage/train,ielabgroup/vec2text_gtr-base-st_corrector
183378,exons definition biology,(from the Latin 'enzyme' or 'as in the enzymes') means that the word enzyme is a word biology,CorrelationGECO,1,0.001,what does the word enzyme mean in biology,msmarco-passage/train,ielabgroup/vec2text_gtr-base-st_corrector
183378,exons definition biology,"a definition of epinosis, a process of nasosis or evisosis of the intestine",CorrelationGECO,1,0.001,definition of epinosis,msmarco-passage/train,ielabgroup/vec2text_gtr-base-st_corrector
183378,exons definition biology,definition of muscles (biochemistry) and physiology (physics) Muscles are a physical tissue of a muscle that is formed by contraction,CorrelationGECO,1,0.001,muscles definition biology,msmarco-passage/train,ielabgroup/vec2text_gtr-base-st_corrector
183378,exons definition biology,biology (biology) filament is a phylogenetic definition of a group of cells forming via low energy oligomers,CorrelationGECO,1,0.001,filament definition biology,msmarco-passage/train,ielabgroup/vec2text_gtr-base-st_corrector
183378,exons definition biology,"In biology (such as atrophicus and reticulae) and in other biological conditions, conclusion (or conclusion) means",CorrelationGECO,1,0.001,what does conclusion mean in biology,msmarco-passage/train,ielabgroup/vec2text_gtr-base-st_corrector
183378,exons definition biology,"(known as 'biology' and 'chemistry' in biology), interaction means that a group of adobe and a",CorrelationGECO,1,0.001,what does interaction mean in biology,msmarco-passage/train,ielabgroup/vec2text_gtr-base-st_corrector
183378,exons definition biology,(aka axiology) is a definition in the study of the axioms of nature defined by Joseph Fuhrmann and John L,CorrelationGECO,1,0.001,axiology define,msmarco-passage/train,ielabgroup/vec2text_gtr-base-st_corrector
183378,exons definition biology,"definition of metabolism (biology) in biology, a musculosa, a branching organ of the enzymes that produce energy",CorrelationGECO,1,0.001,define metabolism in biology,msmarco-passage/train,ielabgroup/vec2text_gtr-base-st_corrector
183378,exons definition biology,"from 0 to 88. Ex stands for ""Exec  EXE"" or ""Ex  DAS"" or ""Ex",CorrelationGECO,1,0.001,what does ex stand for,msmarco-passage/train,ielabgroup/vec2text_gtr-base-st_corrector
1106007,define visceral?,A frontal (or a frontal) is a duct in the brain and vascular system that is a form of oral and syn,CorrelationGECO,1,0.001,what is a frontal,msmarco-passage/train,ielabgroup/vec2text_gtr-base-st_corrector
1106007,define visceral?,definition of visceral muscle – a muscle that is a force-based muscle that increases muscular sensitivity and muscular renaiss,CorrelationGECO,1,0.001,definition of visceral muscle,msmarco-passage/train,ielabgroup/vec2text_gtr-base-st_corrector
1106007,define visceral?,"(a  a , a , a , a ) definition of superficial, an approximation of appearance",CorrelationGECO,1,0.001,definition superficial,msmarco-passage/train,ielabgroup/vec2text_gtr-base-st_corrector
1106007,define visceral?,"(flour, butter, ice, or vanilla) define a vanilla, a form of ice cream, or an ordinary or functional",CorrelationGECO,1,0.001,define vanilla,msmarco-passage/train,ielabgroup/vec2text_gtr-base-st_corrector
1106007,define visceral?,defining the biblical definition of merciful (or 'adjustable' or 'living merciful') in the Book of Genesis.,CorrelationGECO,1,0.001,what is the biblical definition of merciful?,msmarco-passage/train,ielabgroup/vec2text_gtr-base-st_corrector
1106007,define visceral?,"vivifying, a vital definition of a person's adolescent and durable life. Vivifying, is the definition",CorrelationGECO,1,0.001,"vivifying, definition",msmarco-passage/train,ielabgroup/vec2text_gtr-base-st_corrector
1106007,define visceral?,a vulva is a genitalia and one of the medial arteries and ducts (Vulvae),CorrelationGECO,1,0.001,what is a vulva ?,msmarco-passage/train,ielabgroup/vec2text_gtr-base-st_corrector
1106007,define visceral?,"a defining value of the charabranic qualities of the kings and queens, ""Devilish"" is a",CorrelationGECO,1,0.001,devilish definition,msmarco-passage/train,ielabgroup/vec2text_gtr-base-st_corrector
1106007,define visceral?,hydranal   (also known as hydranal) is a form of a system of electrical and chemical ether,CorrelationGECO,1,0.001,what is hydranal,msmarco-passage/train,ielabgroup/vec2text_gtr-base-st_corrector
1106007,define visceral?,"(Blansing, Kudrow, Dillahan, Evgveria, 1998) define vulnerabilities, a form of",CorrelationGECO,1,0.001,definition of vulnerabilities,msmarco-passage/train,ielabgroup/vec2text_gtr-base-st_corrector
1124210,tracheids are part of _____.,trachea and esophagus are the,CorrelationGECO,1,0.001,is the trachea and esophagus the same,msmarco-passage/train,ielabgroup/vec2text_gtr-base-st_corrector
1124210,tracheids are part of _____.,"which of the following is the correct order for the major parts of the gastrointestinal tract: , , , , , and elli",CorrelationGECO,1,0.001,which of the following is the correct order for the major parts of the gastrointestinal tract,msmarco-passage/train,ielabgroup/vec2text_gtr-base-st_corrector
1124210,tracheids are part of _____.,which vulva structures are a part of the body – the vulva can be part of the femens and lateral,CorrelationGECO,1,0.001,which body structures are part of the vulva?,msmarco-passage/train,ielabgroup/vec2text_gtr-base-st_corrector
1124210,tracheids are part of _____.,Chromatids that are attached at the centromeres are called chromatids.  Chromatids are type,CorrelationGECO,1,0.001,Chromatids that are attached at the centromere are called what kind of chromatids?,msmarco-passage/train,ielabgroup/vec2text_gtr-base-st_corrector
1124210,tracheids are part of _____.,ventricle stellar stellum. Its ventricles are tendinous stroglids (ST,CorrelationGECO,1,0.001,what ventricle is tendril sts,msmarco-passage/train,ielabgroup/vec2text_gtr-base-st_corrector
1124210,tracheids are part of _____.,"the requirements of a trapezoid (e.g., a trapezoid) are: p.",CorrelationGECO,1,0.001,what are the requirements for a trapezoid,msmarco-passage/train,ielabgroup/vec2text_gtr-base-st_corrector
1124210,tracheids are part of _____.,which part of the brain is telencephalon (or telasmaecus troniculata) of the brain,CorrelationGECO,1,0.001,what part of the brain is telencephalon,msmarco-passage/train,ielabgroup/vec2text_gtr-base-st_corrector
1124210,tracheids are part of _____.,ectodontia. There are four specific regions of the kidney that drain urine: the renal arteries and the ecto,CorrelationGECO,1,0.001,what are the regions of the kidney that drain urine?,msmarco-passage/train,ielabgroup/vec2text_gtr-base-st_corrector
1124210,tracheids are part of _____.,"dt vessels, which are a part of a dt venous dtv. The vessels are part of the trans",CorrelationGECO,1,0.001,what vessels are part of a dvt,msmarco-passage/train,ielabgroup/vec2text_gtr-base-st_corrector
1124210,tracheids are part of _____.,"attached. The Chalazae are attached to chalazae, a portion of a tetradopharyngeal membrane",CorrelationGECO,1,0.001,to what are the chalazae attached?,msmarco-passage/train,ielabgroup/vec2text_gtr-base-st_corrector
490595,rsa definition key,srs              br,CorrelationGECO,1,0.001,srs definition brd,msmarco-passage/train,ielabgroup/vec2text_gtr-base-st_corrector
490595,rsa definition key,"rna for what type of DNA code it's coding for, or rna for what type of rtRNA.",CorrelationGECO,1,0.001,what kind of dna is the dna that codes for rrna?,msmarco-passage/train,ielabgroup/vec2text_gtr-base-st_corrector
490595,rsa definition key,"(rna) makes RNA, which is a polypeptide that makes amino acids and lysosomes. Many animals make",CorrelationGECO,1,0.001,what makes rna,msmarco-passage/train,ielabgroup/vec2text_gtr-base-st_corrector
490595,rsa definition key,essa law essa law (or essa law) is a law of the International,CorrelationGECO,1,0.001,what is essa law,msmarco-passage/train,ielabgroup/vec2text_gtr-base-st_corrector
490595,rsa definition key,a phosphoryl-B-polypeptide molecule. BSA molecule is defined as one of the atoms of the chain,CorrelationGECO,1,0.001,"BSA molecule, definition",msmarco-passage/train,ielabgroup/vec2text_gtr-base-st_corrector
490595,rsa definition key,"rhea prefix meaning rhea spherical rhea, and rhea a code-name",CorrelationGECO,1,0.001,rrhea prefix meaning,msmarco-passage/train,ielabgroup/vec2text_gtr-base-st_corrector
490595,rsa definition key,"msw and msw, stand for ""Missourious West of the World"" and ""RSW"" stands for",CorrelationGECO,1,0.001,what do msw and rsw stand for,msmarco-passage/train,ielabgroup/vec2text_gtr-base-st_corrector
490595,rsa definition key,"S&A (Sgta-Angya Pocock) This is a collection of vegetable and fruit which means ""mellow fragrance""",CorrelationGECO,1,0.001,what is sg&a mean,msmarco-passage/train,ielabgroup/vec2text_gtr-base-st_corrector
490595,rsa definition key,"In Ruben Jar, RIA (or RIA) is a file in Java and it is a class of jars for compound execution",CorrelationGECO,1,0.001,what is RIA in jar,msmarco-passage/train,ielabgroup/vec2text_gtr-base-st_corrector
490595,rsa definition key,"car's srs on the front of the car, it means ""serious undercarriage"" and RSs signifies",CorrelationGECO,1,0.001,what does srs mean on a car,msmarco-passage/train,ielabgroup/vec2text_gtr-base-st_corrector
1103812,who formed the commonwealth of independent states,"creation of a new party, the United States Democratic Party, and a group of descendants created by Edwin McMahon, who created",CorrelationGECO,1,0.001,who created the democratic party,msmarco-passage/train,ielabgroup/vec2text_gtr-base-st_corrector
1103812,who formed the commonwealth of independent states,"creation of a new party, the United States Democratic Party, and a group of descendants created by Edwin McMahon, who created",CorrelationGECO,1,0.001,who created the democratic party,msmarco-passage/train,ielabgroup/vec2text_gtr-base-st_corrector
1103812,who formed the commonwealth of independent states,"in the gubernatorial year 128–987, the nation of Afghanistan was founded and a new observ",CorrelationGECO,1,0.001,when was the nation of afghanistan founded,msmarco-passage/train,ielabgroup/vec2text_gtr-base-st_corrector
1103812,who formed the commonwealth of independent states,"in the early colonies, the di iron come from the colonies in Britain on the eve of the day of the king's birthday in 1800",CorrelationGECO,1,0.001,where di iron come from in the early colonies day,msmarco-passage/train,ielabgroup/vec2text_gtr-base-st_corrector
1103812,who formed the commonwealth of independent states,"1880, which is the year Chile-Chile gained independence, a year when it was expected to gain renown and confidence in independence",CorrelationGECO,1,0.001,what year did chile gain independence,msmarco-passage/train,ielabgroup/vec2text_gtr-base-st_corrector
1103812,who formed the commonwealth of independent states,"(Madison, Rhode Island, New Hampshire and Orange, New Jersey) were the three colony colonies which were established and formally established",CorrelationGECO,1,0.001,what were the three colony established,msmarco-passage/train,ielabgroup/vec2text_gtr-base-st_corrector
1103812,who formed the commonwealth of independent states,"(originally dated to the Sedan era in England), common law rules developed from common law law. It develops from a contractual relationship",CorrelationGECO,1,0.001,where did common law rules develop from,msmarco-passage/train,ielabgroup/vec2text_gtr-base-st_corrector
1103812,who formed the commonwealth of independent states,"by a combination of rubbing and iliation, columnar jointing is formed through a process called joint forming. Columnar joint",CorrelationGECO,1,0.001,how is columnar jointing formed,msmarco-passage/train,ielabgroup/vec2text_gtr-base-st_corrector
1103812,who formed the commonwealth of independent states,"in the United States of America on the 1st of 1782, when INDIA became a part of the United States and via an armed",CorrelationGECO,1,0.001,when did indiana became a part of the united states and how,msmarco-passage/train,ielabgroup/vec2text_gtr-base-st_corrector
1103812,who formed the commonwealth of independent states,"heirs of conquest of the coast, founded Wizards of the Coast, whose history is documented in Daniel Garbn-Lew",CorrelationGECO,1,0.001,who founded wizards of the coast,msmarco-passage/train,ielabgroup/vec2text_gtr-base-st_corrector
87181,causes of left ventricular hypertrophy,causes. Hypomania is a result of a mania causing a mania (synexia nervosa),CorrelationGECO,1,0.001,hypomania causes,msmarco-passage/train,ielabgroup/vec2text_gtr-base-st_corrector
87181,causes of left ventricular hypertrophy,cause of hemosiderin laden macrophages. These macrophages are injected with hemosiderin oxidase,CorrelationGECO,1,0.001,causes of hemosiderin laden macrophages,msmarco-passage/train,ielabgroup/vec2text_gtr-base-st_corrector
87181,causes of left ventricular hypertrophy,laryngospasm (gosympanic oblique gynechosis) causes. This causes,CorrelationGECO,1,0.001,laryngospasm causes,msmarco-passage/train,ielabgroup/vec2text_gtr-base-st_corrector
87181,causes of left ventricular hypertrophy,"a cause of a variety of disorders in dogs, vestibular imbalance is a cause of tetro-porn",CorrelationGECO,1,0.001,causes of vestibular imbalance in dogs,msmarco-passage/train,ielabgroup/vec2text_gtr-base-st_corrector
87181,causes of left ventricular hypertrophy,"a result of a child's clotting disease, polycystic disease is often caused by polycystic inflammatory",CorrelationGECO,1,0.001,causes of polycystic disease,msmarco-passage/train,ielabgroup/vec2text_gtr-base-st_corrector
87181,causes of left ventricular hypertrophy,The cause of ventricular hypertrophy is a combination of a decrease in the causation and/or a rise in aerobic fats,CorrelationGECO,1,0.001,what is the cause of ventricular hypertrophy,msmarco-passage/train,ielabgroup/vec2text_gtr-base-st_corrector
87181,causes of left ventricular hypertrophy,"the causes of Hodgkin’s disease along with ectogeny, hesitasma, amputation",CorrelationGECO,1,0.001,causes of Hodgkin’s disease,msmarco-passage/train,ielabgroup/vec2text_gtr-base-st_corrector
87181,causes of left ventricular hypertrophy,"Causes of hepatomegaly and splenomegaly, or hepatomegaly and splenoega",CorrelationGECO,1,0.001,causes of hepatomegaly and splenomegaly,msmarco-passage/train,ielabgroup/vec2text_gtr-base-st_corrector
87181,causes of left ventricular hypertrophy,"a result of the high power of a magnetosaur, a supernova is a magnetosaur that causes",CorrelationGECO,1,0.001,what causes a supernova,msmarco-passage/train,ielabgroup/vec2text_gtr-base-st_corrector
87181,causes of left ventricular hypertrophy,by apoptosis of the cytoplasm. The disease thrombocytopenia (thrombocytopenia) is a,CorrelationGECO,1,0.001,what causes thrombocytopenia,msmarco-passage/train,ielabgroup/vec2text_gtr-base-st_corrector
443396,lps laws definition,P&L audit P&L Audit (Sec. 1881) is a business audit of finances by the Priscilla,CorrelationGECO,1,0.001,what is p&l audit,msmarco-passage/train,ielabgroup/vec2text_gtr-base-st_corrector
443396,lps laws definition,CPs CPs (also known as plcs) are a family of machine-coded fluids and biochemical systems that feature,CorrelationGECO,1,0.001,what are plcs,msmarco-passage/train,ielabgroup/vec2text_gtr-base-st_corrector
443396,lps laws definition,LP gas LP gas is a pound of liquid ionoplastic hydrogen (Lp) gas. It is a family fuel,CorrelationGECO,1,0.001,what is lp gas?,msmarco-passage/train,ielabgroup/vec2text_gtr-base-st_corrector
443396,lps laws definition,"Lgs , formerly known as lgs, is a collection of assets and services from a world of investment. It hosts",CorrelationGECO,1,0.001,what is lgs,msmarco-passage/train,ielabgroup/vec2text_gtr-base-st_corrector
443396,lps laws definition,"legal length to keep lobster. Legal measures include a statutory stipulation, a waiver by the U.S. Household Law",CorrelationGECO,1,0.001,legal length to keep lobster,msmarco-passage/train,ielabgroup/vec2text_gtr-base-st_corrector
443396,lps laws definition,business law statute (B.C.V.         ) is definition,CorrelationGECO,1,0.001,business law statute define,msmarco-passage/train,ielabgroup/vec2text_gtr-base-st_corrector
443396,lps laws definition,(S.E.V.D.) definition of securities law. Security law is a set of financial law governing the rights of the public,CorrelationGECO,1,0.001,securities law definition,msmarco-passage/train,ielabgroup/vec2text_gtr-base-st_corrector
443396,lps laws definition,(Liquidity Permit) () is a liquor permit that is granted by the governing body of a city to permit alcohol,CorrelationGECO,1,0.001,what is a liquor permit,msmarco-passage/train,ielabgroup/vec2text_gtr-base-st_corrector
443396,lps laws definition,Administrative,CorrelationGECO,1,0.001,administrative law definition,msmarco-passage/train,ielabgroup/vec2text_gtr-base-st_corrector
443396,lps laws definition,"(It is law) is a special force of forensics, forensics, information technology, and statistics, known as Law Enforcement",CorrelationGECO,1,0.001,what is law enforcement,msmarco-passage/train,ielabgroup/vec2text_gtr-base-st_corrector
1121709,what are the three percenters?,"working party definitions (e.g., a non-departmental worker, a third party worker) is a form of worker",CorrelationGECO,1,0.001,third party worker definition,msmarco-passage/train,ielabgroup/vec2text_gtr-base-st_corrector
1121709,what are the three percenters?,"the three areas of gerontology, namely, osteotolaryngologist, esoteric and geriatric,",CorrelationGECO,1,0.001,what are the three areas of gerontologist,msmarco-passage/train,ielabgroup/vec2text_gtr-base-st_corrector
1121709,what are the three percenters?,"of the third stage of multifuel rockets, is the multistage rocket (or ""Triple Stage"" or ""Reconduct Stage"" or """,CorrelationGECO,1,0.001,what is the third stage of multistage rockets,msmarco-passage/train,ielabgroup/vec2text_gtr-base-st_corrector
1121709,what are the three percenters?,History of the Big Three and the Reagan-Sadden War (1916–16) The Triple Alliance was a statewide alliance of alliance,CorrelationGECO,1,0.001,what was the triple alliance,msmarco-passage/train,ielabgroup/vec2text_gtr-base-st_corrector
1121709,what are the three percenters?,"what it means to have a percentile in your child, and percentiles (strength charts) are the tools used to indicate growth",CorrelationGECO,1,0.001,what do percentiles mean on growth charts,msmarco-passage/train,ielabgroup/vec2text_gtr-base-st_corrector
1121709,what are the three percenters?,3rd cousin (three times removed) is,CorrelationGECO,1,0.001,what is 3rd cousin 3 times removed,msmarco-passage/train,ielabgroup/vec2text_gtr-base-st_corrector
1121709,what are the three percenters?,9 out of 15 is the percentage of female,CorrelationGECO,1,0.001,what percentage is 9 out of 15,msmarco-passage/train,ielabgroup/vec2text_gtr-base-st_corrector
1121709,what are the three percenters?,"who is Troy Houser, LLC. Troy Houser is a British television presenter, who, as of 2013, is the creator of HOME",CorrelationGECO,1,0.001,who is troy householder,msmarco-passage/train,ielabgroup/vec2text_gtr-base-st_corrector
1121709,what are the three percenters?,(known as prime percent or 100.75 percent or 100.75 percent) is a physic index of the population,CorrelationGECO,1,0.001,what is prime percent,msmarco-passage/train,ielabgroup/vec2text_gtr-base-st_corrector
1121709,what are the three percenters?,"(achieved by a cyclone), a metabolite, and a starch are the three energy system system",CorrelationGECO,1,0.001,what are the three energy system,msmarco-passage/train,ielabgroup/vec2text_gtr-base-st_corrector
87452,causes of military suicide,"(dubbed the military pay), averaging $1,080 to $1,080 apiece, the enlisted military pay",CorrelationGECO,1,0.001,how much do the military pay,msmarco-passage/train,ielabgroup/vec2text_gtr-base-st_corrector
87452,causes of military suicide,"if you are joking about mental health, it means that you can call it a joke about suicide mental health and the response to that joke",CorrelationGECO,1,0.001,what does it mean if you joke about suicide mental health,msmarco-passage/train,ielabgroup/vec2text_gtr-base-st_corrector
87452,causes of military suicide,a waiver for army psychologist             Age,CorrelationGECO,1,0.001,age waiver for army psychologist,msmarco-passage/train,ielabgroup/vec2text_gtr-base-st_corrector
87452,causes of military suicide,"(during the eve of the death of a child) what is considered emergency leave in the military, and it’s considered leave.",CorrelationGECO,1,0.001,what is considered emergency leave in the military?,msmarco-passage/train,ielabgroup/vec2text_gtr-base-st_corrector
87452,causes of military suicide,"a feeling of abrasion, a symbiosis, a smoker’s illness Possible causes of depression are possible",CorrelationGECO,1,0.001,possible causes of depression,msmarco-passage/train,ielabgroup/vec2text_gtr-base-st_corrector
87452,causes of military suicide,"(Monroe doctrine) was a cause of the Monroe-Monroe Doctrine, following the failure of France",CorrelationGECO,1,0.001,what was the cause of monroe doctrine,msmarco-passage/train,ielabgroup/vec2text_gtr-base-st_corrector
87452,causes of military suicide,"in which it is known as chemical suicide, chemical suicide is a chemical based suicide procedure in which a chemical sulfide is",CorrelationGECO,1,0.001,what is chemical suicide,msmarco-passage/train,ielabgroup/vec2text_gtr-base-st_corrector
87452,causes of military suicide,(dubbed military education by adolfo jheda and post-war schools) is what is considered military education.,CorrelationGECO,1,0.001,what is considered military education,msmarco-passage/train,ielabgroup/vec2text_gtr-base-st_corrector
87452,causes of military suicide,the most common problems that are a common problem in the military (e.g. lone lone identifiers) -,CorrelationGECO,1,0.001,what are the most common problems in the military,msmarco-passage/train,ielabgroup/vec2text_gtr-base-st_corrector
87452,causes of military suicide,"fuel, sacrificial death, ketchup and death in the air are the primary causes of death during World War 1 and World War",CorrelationGECO,1,0.001,what were the primary causes of death in world war 1,msmarco-passage/train,ielabgroup/vec2text_gtr-base-st_corrector
855410,what is theraderm used for,"used to evaporate a product such as a bacterium, perfluorocarbons are used for toxins and carbons",CorrelationGECO,1,0.001,what are perfluorocarbons used for,msmarco-passage/train,ielabgroup/vec2text_gtr-base-st_corrector
855410,what is theraderm used for,used for adolescent skin and hair. Desowen is used for the treatment of a variety of diseases and ado,CorrelationGECO,1,0.001,what is desowen used for,msmarco-passage/train,ielabgroup/vec2text_gtr-base-st_corrector
855410,what is theraderm used for,"recombiant ethyl-Alta injections, repatha injection is used for the treatment of cancer and",CorrelationGECO,1,0.001,repatha injection are used for what,msmarco-passage/train,ielabgroup/vec2text_gtr-base-st_corrector
855410,what is theraderm used for,Xyrem is a wye-anime-based ethylamber-acetylamber,CorrelationGECO,1,0.001,what is xyrem,msmarco-passage/train,ielabgroup/vec2text_gtr-base-st_corrector
855410,what is theraderm used for,"one reason to use a hvac bypass system is to use a simple, low-cost, hvac damper instead of leaking",CorrelationGECO,1,0.001,why use hvac bypass damper,msmarco-passage/train,ielabgroup/vec2text_gtr-base-st_corrector
855410,what is theraderm used for,Trittremerene hstampenate is used to treat CYP2D1 and HAMZ trehamine,CorrelationGECO,1,0.001,what does triamterene hctz treat,msmarco-passage/train,ielabgroup/vec2text_gtr-base-st_corrector
855410,what is theraderm used for,periactin is used as a treatment for opportunistic reactions such as eczema and hives by,CorrelationGECO,1,0.001,what is periactin used for,msmarco-passage/train,ielabgroup/vec2text_gtr-base-st_corrector
855410,what is theraderm used for,"After the tyrosine-tetrahydrosine is used in a variety of foods and pharmaceuticals, yrosine",CorrelationGECO,1,0.001,what is tyrosine used for,msmarco-passage/train,ielabgroup/vec2text_gtr-base-st_corrector
855410,what is theraderm used for,"a TED hammer is used for a range of products, such as the E-Disc and Cockpit Tools; it is used",CorrelationGECO,1,0.001,what is a ted hammer used for,msmarco-passage/train,ielabgroup/vec2text_gtr-base-st_corrector
855410,what is theraderm used for,"using oxygen, which is used to fuel the oxygen-containing substances, such as methanol and oxygen, oxygen is used for a variety of diseases",CorrelationGECO,1,0.001,what is oxygen used for,msmarco-passage/train,ielabgroup/vec2text_gtr-base-st_corrector
1114646,what is famvir prescribed for,"used in a variety of drugs, ANCEf is used to treat a fight against emphysema, and Ang",CorrelationGECO,1,0.001,what is ancef used for,msmarco-passage/train,ielabgroup/vec2text_gtr-base-st_corrector
1114646,what is famvir prescribed for,VALTREX valtrex (Valtrex) does what a valvaldinose does to a patient who infections,CorrelationGECO,1,0.001,what does valtrex do,msmarco-passage/train,ielabgroup/vec2text_gtr-base-st_corrector
1114646,what is famvir prescribed for,"a doctor would prescribe a sex antibiotic that is a sinus infection, and a periodontal antibiotic such as a quino",CorrelationGECO,1,0.001,what would a doctor prescribe for a sinus infection,msmarco-passage/train,ielabgroup/vec2text_gtr-base-st_corrector
1114646,what is famvir prescribed for,to treat flocculus obstructus. Flvent disk is a topical tablet for prevention of a skin rash and inflammation,CorrelationGECO,1,0.001,what is flovent diskus for?,msmarco-passage/train,ielabgroup/vec2text_gtr-base-st_corrector
1114646,what is famvir prescribed for,humira is used as a steroid for inflammatory bowel diseases (Iroaminoac) and for,CorrelationGECO,1,0.001,what is humira used for,msmarco-passage/train,ielabgroup/vec2text_gtr-base-st_corrector
1114646,what is famvir prescribed for,"on a prescription basis, septra is prescribed for the treatment of bronchial sclerosis and dyspnea and other infections",CorrelationGECO,1,0.001,what is septra prescribed for,msmarco-passage/train,ielabgroup/vec2text_gtr-base-st_corrector
1114646,what is famvir prescribed for,"GM-VW is used for gwrvr. It is used on all-car, road-going, and low fuel economy",CorrelationGECO,1,0.001,what is gvwr used for,msmarco-passage/train,ielabgroup/vec2text_gtr-base-st_corrector
1114646,what is famvir prescribed for,avr means adrenolescent riboscapular or in the ear. Medical terminology is a medical,CorrelationGECO,1,0.001,avr means what in medical,msmarco-passage/train,ielabgroup/vec2text_gtr-base-st_corrector
1114646,what is famvir prescribed for,"for a dilated fecal clot, Dofetilide or Dofetilide generic is a pharmaceutical drug used",CorrelationGECO,1,0.001,what is dofetilide generic for,msmarco-passage/train,ielabgroup/vec2text_gtr-base-st_corrector
1114646,what is famvir prescribed for,"a glucosamine drug, furosemide is used to treat diabetes, eutheric acid and foetomyo",CorrelationGECO,1,0.001,what is furosemide used for,msmarco-passage/train,ielabgroup/vec2text_gtr-base-st_corrector
19335,anthropological definition of environment,environmental compartments are a defining structure of the aquifers that contain a vacuum through the aquifers. During,CorrelationGECO,1,0.001,environmental compartments definition,msmarco-passage/train,ielabgroup/vec2text_gtr-base-st_corrector
19335,anthropological definition of environment,"a definition of eutrophication, eutrophication is a science of agrobiology and ec",CorrelationGECO,1,0.001,eutrophication definition science,msmarco-passage/train,ielabgroup/vec2text_gtr-base-st_corrector
19335,anthropological definition of environment,ap place utility (human geography) place utility is a definition of the physical and quantitative properties of a human entity based on the concentration,CorrelationGECO,1,0.001,place utility definition ap human geography,msmarco-passage/train,ielabgroup/vec2text_gtr-base-st_corrector
19335,anthropological definition of environment,dynamic environment’ meaning,CorrelationGECO,1,0.001,what does dynamic environment mean,msmarco-passage/train,ielabgroup/vec2text_gtr-base-st_corrector
19335,anthropological definition of environment,agglomeration in adolescence human geography AP agglomeration is a definition that combines the responsibilities,CorrelationGECO,1,0.001,ap human geography agglomeration definition,msmarco-passage/train,ielabgroup/vec2text_gtr-base-st_corrector
19335,anthropological definition of environment,(as it translates from 'the culture' or 'the culture') is a term of a culture which means what things,CorrelationGECO,1,0.001,what does culture mean,msmarco-passage/train,ielabgroup/vec2text_gtr-base-st_corrector
19335,anthropological definition of environment,"definition of a coastal environment (e.g., CILIP, Bay of Bengal) – is the structure of oceans, oceans",CorrelationGECO,1,0.001,definition of coastal environment,msmarco-passage/train,ielabgroup/vec2text_gtr-base-st_corrector
19335,anthropological definition of environment,"what kind of anthropology people study called lucy, based on the fact that people who have a knowledge of lucy are called",CorrelationGECO,1,0.001,what kind of anthropology do people who study lucy called,msmarco-passage/train,ielabgroup/vec2text_gtr-base-st_corrector
19335,anthropological definition of environment,"which trait is determined by both the environment and /or , and if so, genetics will continue to be the key factor behind this",CorrelationGECO,1,0.001,which trait is determined by both genetics and the environment?,msmarco-passage/train,ielabgroup/vec2text_gtr-base-st_corrector
19335,anthropological definition of environment,etymology (fr. etymology    ) is an English language folk art,CorrelationGECO,1,0.001,what is etymology in english,msmarco-passage/train,ielabgroup/vec2text_gtr-base-st_corrector
47923,axon terminals or synaptic knob definition,Neurofibrillary tangles Neurofibrillary tangles are a series of electrically strained neural cord,CorrelationGECO,1,0.001,what are neurofibrillary tangles,msmarco-passage/train,ielabgroup/vec2text_gtr-base-st_corrector
47923,axon terminals or synaptic knob definition,(axis tilt) is a cyclo-diapause of the axis of polar horizons,CorrelationGECO,1,0.001,what is axis tilt,msmarco-passage/train,ielabgroup/vec2text_gtr-base-st_corrector
47923,axon terminals or synaptic knob definition,symbols of the dashboard symbol are a cliche which means a chopping stock and a chopping stock and which means a,CorrelationGECO,1,0.001,what dashboard symbols mean,msmarco-passage/train,ielabgroup/vec2text_gtr-base-st_corrector
47923,axon terminals or synaptic knob definition,A terminal birth defect is a tracheoblastic squamous jugular squamous acute heart,CorrelationGECO,1,0.001,what is a terminal birth defect,msmarco-passage/train,ielabgroup/vec2text_gtr-base-st_corrector
47923,axon terminals or synaptic knob definition,Axum (perfume) Axum is a nascent natural acrolomonium. It is,CorrelationGECO,1,0.001,what is axum,msmarco-passage/train,ielabgroup/vec2text_gtr-base-st_corrector
47923,axon terminals or synaptic knob definition,ax in Morse Falls Assessment. The ax means a pass or a fall which is described in the assessment of the assessment,CorrelationGECO,1,0.001,what does ax mean in morse falls assessment,msmarco-passage/train,ielabgroup/vec2text_gtr-base-st_corrector
47923,axon terminals or synaptic knob definition,(synovial or synovial) is a joint of the apical and neural surfaces of the frontal bones and,CorrelationGECO,1,0.001,what is synovial,msmarco-passage/train,ielabgroup/vec2text_gtr-base-st_corrector
47923,axon terminals or synaptic knob definition,a cat condition known as  kylo thorax (cat nyspheric angular thora,CorrelationGECO,1,0.001,cat condition known as kylo thorax,msmarco-passage/train,ielabgroup/vec2text_gtr-base-st_corrector
47923,axon terminals or synaptic knob definition,a ordinate axis (coordinates - axes - axes) are defined as a line of visual coordinate,CorrelationGECO,1,0.001,ordinate axis definition,msmarco-passage/train,ielabgroup/vec2text_gtr-base-st_corrector
47923,axon terminals or synaptic knob definition,"(Crocial) dildomena, a defined region of the brain known as cranial. It is rapidly",CorrelationGECO,1,0.001,define cranial,msmarco-passage/train,ielabgroup/vec2text_gtr-base-st_corrector
405717,is cdg airport in main paris,"a name of the airport in the city of Toledo, OH. (Ohio Airline Drover, OH ?",CorrelationGECO,1,0.001,what is the name of the airport in toledo ohio?,msmarco-passage/train,ielabgroup/vec2text_gtr-base-st_corrector
405717,is cdg airport in main paris,"airport in the city of st. luthier destindestine, Skoll Park, is the airport called St.L",CorrelationGECO,1,0.001,what airport is stl,msmarco-passage/train,ielabgroup/vec2text_gtr-base-st_corrector
405717,is cdg airport in main paris,"Airport eze Airport eze (, formerly esztergom) is a commercial airport and home of electric",CorrelationGECO,1,0.001,what is airport eze,msmarco-passage/train,ielabgroup/vec2text_gtr-base-st_corrector
405717,is cdg airport in main paris,airport (Chicago) formerly a home-and-a-fare airport (formerly Chicago Airport) is located on West Harlem,CorrelationGECO,1,0.001,where is chicago airport,msmarco-passage/train,ielabgroup/vec2text_gtr-base-st_corrector
405717,is cdg airport in main paris,"giya sa busa sa busa"" translation into English and CGE in English translation into English in Chapter",CorrelationGECO,1,0.001,cge in bisaya to english translation,msmarco-passage/train,ielabgroup/vec2text_gtr-base-st_corrector
405717,is cdg airport in main paris,"international airport on the Portland-Meadison-Portland-Meadison Airport, the Portland Mainu",CorrelationGECO,1,0.001,what is the international airport in portland maine,msmarco-passage/train,ielabgroup/vec2text_gtr-base-st_corrector
405717,is cdg airport in main paris,gdiplus dll is located in .gdiplus.exe. This dll is located inside a hardware installation,CorrelationGECO,1,0.001,where is gdiplus dll located,msmarco-passage/train,ielabgroup/vec2text_gtr-base-st_corrector
405717,is cdg airport in main paris,"the airport of Sandpoint, which is near Idaho-Poahloa, IL 59 and SUBE-Denver",CorrelationGECO,1,0.001,what airport is near sandpoint idaho,msmarco-passage/train,ielabgroup/vec2text_gtr-base-st_corrector
405717,is cdg airport in main paris,", flg Airport is a single-storey, passenger airport located in the city of lgar, Fremont,",CorrelationGECO,1,0.001,where is flg airport,msmarco-passage/train,ielabgroup/vec2text_gtr-base-st_corrector
405717,is cdg airport in main paris,City code               G,CorrelationGECO,1,0.001,what city is airport code gzu,msmarco-passage/train,ielabgroup/vec2text_gtr-base-st_corrector
182539,example of monotonic function,"an increase in the income tax rate, which is an example of , and an increase in income based on , is an example of a",CorrelationGECO,1,0.001,an increase in the income tax rate is an example of,msmarco-passage/train,ielabgroup/vec2text_gtr-base-st_corrector
182539,example of monotonic function,definition of a right angle is an example of a right angle,CorrelationGECO,1,0.001,definition of right angle example,msmarco-passage/train,ielabgroup/vec2text_gtr-base-st_corrector
182539,example of monotonic function,"find a way to find the areas of increase of a function, i.e. the areas of a function and the areas of",CorrelationGECO,1,0.001,how to find the areas of increase of a function,msmarco-passage/train,ielabgroup/vec2text_gtr-base-st_corrector
182539,example of monotonic function,how to find the increasing and decreasing intervals of a function (the h-index) and the decreasing intervals of a function (the,CorrelationGECO,1,0.001,how do you find the increasing and decreasing intervals of a function,msmarco-passage/train,ielabgroup/vec2text_gtr-base-st_corrector
182539,example of monotonic function,"the Constitution of the United States of America, the following are examples of constitutional government: , , , , , are examples of government",CorrelationGECO,1,0.001,what are examples of constitutional government,msmarco-passage/train,ielabgroup/vec2text_gtr-base-st_corrector
182539,example of monotonic function,"Tapas are examples of tas gin, hump, and ribas. Tapas are examples of",CorrelationGECO,1,0.001,what are tapas examples,msmarco-passage/train,ielabgroup/vec2text_gtr-base-st_corrector
182539,example of monotonic function,"in a country, a water-source, and a desert. The most elaborative example of geographic isolation is isolation of isolation.",CorrelationGECO,1,0.001,which is an example of geographic isolation?,msmarco-passage/train,ielabgroup/vec2text_gtr-base-st_corrector
182539,example of monotonic function,"(e.g., the example of the examples of the examples of the examples of the examples of the form of class) is a subject",CorrelationGECO,1,0.001,what is a subject examples,msmarco-passage/train,ielabgroup/vec2text_gtr-base-st_corrector
182539,example of monotonic function,is an example of cause and effect. It is a result of a change in a child's IQ. It is also an example,CorrelationGECO,1,0.001,what is an example of cause and effect,msmarco-passage/train,ielabgroup/vec2text_gtr-base-st_corrector
182539,example of monotonic function,citation examples is a list of examples of given sentences or words in a given context. This information is found in publications such as H.D,CorrelationGECO,1,0.001,what is citation examples,msmarco-passage/train,ielabgroup/vec2text_gtr-base-st_corrector
1113437,what is physical description of spruce,the joints between the backbones of the body and the backbones of the vertebrae are best described as . The backbone is,CorrelationGECO,1,0.001,The joints between the bodies of the vertebrae of the backbone are best described as,msmarco-passage/train,ielabgroup/vec2text_gtr-base-st_corrector
1113437,what is physical description of spruce,clean stemmed tree is a phylogenetic definition of tree that has clean leaves and stems. derived from natural methods used by,CorrelationGECO,1,0.001,clean stemmed tree definition,msmarco-passage/train,ielabgroup/vec2text_gtr-base-st_corrector
1113437,what is physical description of spruce,"characteristic of PP-Vinyl-CoA, reliant on strong resistance to process materials. Initially, pvc is defining",CorrelationGECO,1,0.001,defining characteristic of pvc,msmarco-passage/train,ielabgroup/vec2text_gtr-base-st_corrector
1113437,what is physical description of spruce,what is called a tree covered path (,CorrelationGECO,1,0.001,What is a tree covered path or road called?,msmarco-passage/train,ielabgroup/vec2text_gtr-base-st_corrector
1113437,what is physical description of spruce,"a term for a physical appearance of a trait, and the term 'skin-astound' refers to physical appearance",CorrelationGECO,1,0.001,what term refers to the physical appearance of a trait,msmarco-passage/train,ielabgroup/vec2text_gtr-base-st_corrector
1113437,what is physical description of spruce,Chlophyte Chlophyte (also chlorophyte) is a plant of the grazing grapefruit,CorrelationGECO,1,0.001,what is chlorophyte,msmarco-passage/train,ielabgroup/vec2text_gtr-base-st_corrector
1113437,what is physical description of spruce,Prismatic Prismatic ( ) is a multi-coloured optical gem that is a lightbulb. It is an energy,CorrelationGECO,1,0.001,what is a prismatic,msmarco-passage/train,ielabgroup/vec2text_gtr-base-st_corrector
1113437,what is physical description of spruce,"on the flower is the Stamen, a spherical fauna that is a syringe on",CorrelationGECO,1,0.001,what is the stamen on a flower,msmarco-passage/train,ielabgroup/vec2text_gtr-base-st_corrector
1113437,what is physical description of spruce,"How spores are structurally and morphologically different from seeds, spores (or spores) are from seeds",CorrelationGECO,1,0.001,How are spores structurally different from seeds,msmarco-passage/train,ielabgroup/vec2text_gtr-base-st_corrector
1113437,what is physical description of spruce,"known as picea, it is a cluridory apex of the Aegean",CorrelationGECO,1,0.001,what is picea,msmarco-passage/train,ielabgroup/vec2text_gtr-base-st_corrector
1129237,hydrogen is a liquid below what temperature,"0–8 kV of water, the heat of vaporization of water is the heat of vaporization of water and of water",CorrelationGECO,1,0.001,what is the heat of vaporization of water,msmarco-passage/train,ielabgroup/vec2text_gtr-base-st_corrector
1129237,hydrogen is a liquid below what temperature,"weather in hoyt minnesota lakes (Honnelt, Minnesota) temperatures at 88 °C (feet",CorrelationGECO,1,0.001,"weather in hoyt lakes, minnesota fahrenheit",msmarco-passage/train,ielabgroup/vec2text_gtr-base-st_corrector
1129237,hydrogen is a liquid below what temperature,m minimum cold. Temperature m Minimum m  :  :  : TCSs,CorrelationGECO,1,0.001,minimum temperature tcs cold,msmarco-passage/train,ielabgroup/vec2text_gtr-base-st_corrector
1129237,hydrogen is a liquid below what temperature,"at a temperature of 900 °C or above, wine freezes in a freezing jar or a frozen nappy refrigerator",CorrelationGECO,1,0.001,what temperature does wine freeze,msmarco-passage/train,ielabgroup/vec2text_gtr-base-st_corrector
1129237,hydrogen is a liquid below what temperature,a temperature that is too cold to use urethane or a temperature that is too cold to use at 0 to 290 °,CorrelationGECO,1,0.001,what temperature is too cold to use urethane,msmarco-passage/train,ielabgroup/vec2text_gtr-base-st_corrector
1129237,hydrogen is a liquid below what temperature,C is freezer temp (80 degrees Celsius) or celsius (80 degrees Celsius) or ambient temp (80 degrees Celsius,CorrelationGECO,1,0.001,what is freezer temp in celsius,msmarco-passage/train,ielabgroup/vec2text_gtr-base-st_corrector
1129237,hydrogen is a liquid below what temperature,"at 80 °C or 96 °F (the temperature of a child’s fever, tumbivirus) is a",CorrelationGECO,1,0.001,what temperature is a fever,msmarco-passage/train,ielabgroup/vec2text_gtr-base-st_corrector
1129237,hydrogen is a liquid below what temperature,"at a temperature of 175 °C, liquid freezes liquid or liquid vapor and when a liquid freezes, it freeze",CorrelationGECO,1,0.001,what temperature does liquid freeze,msmarco-passage/train,ielabgroup/vec2text_gtr-base-st_corrector
1129237,hydrogen is a liquid below what temperature,"recovery temperature refers to a definition of a temperature, a temperature below 0 °C (formerly 0 °C)",CorrelationGECO,1,0.001,recovery temperature definition,msmarco-passage/train,ielabgroup/vec2text_gtr-base-st_corrector
1129237,hydrogen is a liquid below what temperature,"temperature. Under 100 °C, magma is in the range of magma evaporation or magma-magma",CorrelationGECO,1,0.001,what is the temperature range for magma?,msmarco-passage/train,ielabgroup/vec2text_gtr-base-st_corrector
146187,difference between a mcdouble and a double cheeseburger,"a difference between clay and sand. Clay is a soil, and dirt is a result of 60 mills of predation underneath",CorrelationGECO,1,0.001,difference between clay and dirt,msmarco-passage/train,ielabgroup/vec2text_gtr-base-st_corrector
146187,difference between a mcdouble and a double cheeseburger,"difference between a home care home (nursey care home) and a nursing home (gynecology), assisted living is",CorrelationGECO,1,0.001,difference between nursing home and assisted living,msmarco-passage/train,ielabgroup/vec2text_gtr-base-st_corrector
146187,difference between a mcdouble and a double cheeseburger,a difference between hepa and b. Symptoms of hepatitis B are the difference between c and c,CorrelationGECO,1,0.001,difference between hep b and c,msmarco-passage/train,ielabgroup/vec2text_gtr-base-st_corrector
146187,difference between a mcdouble and a double cheeseburger,"the difference between French apple pie (Dutch apple pie, a.k.a. Cheesy pie) and Dutch apple pie (",CorrelationGECO,1,0.001,difference between dutch apple pie and french apple pie,msmarco-passage/train,ielabgroup/vec2text_gtr-base-st_corrector
146187,difference between a mcdouble and a double cheeseburger,serving of medium fries in a McDonald's smoky fries (MCD's) offers a 750 calorie per serving,CorrelationGECO,1,0.001,medium fries mcdonald's calories,msmarco-passage/train,ielabgroup/vec2text_gtr-base-st_corrector
146187,difference between a mcdouble and a double cheeseburger,"difference between adison disease and adiocystic disease, Cushing disease is the difference between addison disease",CorrelationGECO,1,0.001,difference between cushing disease and addison disease,msmarco-passage/train,ielabgroup/vec2text_gtr-base-st_corrector
146187,difference between a mcdouble and a double cheeseburger,difference between a 'cd-r' and 'cd-r' and a 'cd-r' .,CorrelationGECO,1,0.001,what's the difference between cd-r and dvd-r,msmarco-passage/train,ielabgroup/vec2text_gtr-base-st_corrector
146187,difference between a mcdouble and a double cheeseburger,a difference between pulmonary hypertension (HPR) and pulmonary hypertension (Hdo-tension) or pulmonary hypertension of lung,CorrelationGECO,1,0.001,what is the difference between hypertension and pulmonary hypertension,msmarco-passage/train,ielabgroup/vec2text_gtr-base-st_corrector
146187,difference between a mcdouble and a double cheeseburger,'double or nothing' is a 'seasonal' or 'nothing' meaning that is a ',CorrelationGECO,1,0.001,what is double or nothing mean,msmarco-passage/train,ielabgroup/vec2text_gtr-base-st_corrector
146187,difference between a mcdouble and a double cheeseburger,"difference between Medicare and obamacare, a difference between MEDICARE and obamacare, a",CorrelationGECO,1,0.001,difference between medicare and obamacare,msmarco-passage/train,ielabgroup/vec2text_gtr-base-st_corrector
