query_id,text,obfuscatedText,mechanism,epsilon,top_percentile,pivot_query,pool,corrector_model
156493,do goldfish grow,– at age 6 – 7 – 8 – 9 – 13 – 14 – 14 – 21 years old Boys grow,CorrelationGECO,20,0.001,what age do boys grow,msmarco-passage/train,ielabgroup/vec2text_gtr-base-st_corrector
156493,do goldfish grow,1 to 2 mm fast rhododendrons grow at a rate of 80% to 90% of their flowering time.,CorrelationGECO,20,0.001,how fast do rhododendrons grow,msmarco-passage/train,ielabgroup/vec2text_gtr-base-st_corrector
156493,do goldfish grow,is a ladybug (sparrowlegs and striations) able to grow back their legs when they replace their legs and grow,CorrelationGECO,20,0.001,can ladybugs grow their legs back,msmarco-passage/train,ielabgroup/vec2text_gtr-base-st_corrector
156493,do goldfish grow,if it is a minuscule. Salmonella needs growth requirements if it is a . Salmonella needs growth requirements for,CorrelationGECO,20,0.001,does salmonella need growth requirements,msmarco-passage/train,ielabgroup/vec2text_gtr-base-st_corrector
156493,do goldfish grow,"a very effective gill to fish if they are not putting salt or gills on them, coral can kill fish -",CorrelationGECO,20,0.001,can coral kill fish,msmarco-passage/train,ielabgroup/vec2text_gtr-base-st_corrector
156493,do goldfish grow,"from a size of 2.4 to 4.5 gm, goldfish can grow as big as a tank of water and can eat",CorrelationGECO,20,0.001,how big can goldfish grow,msmarco-passage/train,ielabgroup/vec2text_gtr-base-st_corrector
156493,do goldfish grow,125 to 125 days long goldfish are pregnant as a result of the sperm and cervix of the cervix,CorrelationGECO,20,0.001,how long are goldfish pregnant,msmarco-passage/train,ielabgroup/vec2text_gtr-base-st_corrector
156493,do goldfish grow,"are fish pseudocomates aesocholomates aesocholomates, aminocomates aes",CorrelationGECO,20,0.001,are fish coelomates pseudocoelomates or acoelomates,msmarco-passage/train,ielabgroup/vec2text_gtr-base-st_corrector
156493,do goldfish grow,in a warm and dry environment by abrasive water and abrasively the avocado tree grows on the leaves and will sometimes grow,CorrelationGECO,20,0.001,how does an avocado tree grow,msmarco-passage/train,ielabgroup/vec2text_gtr-base-st_corrector
156493,do goldfish grow,From 1 to 2 days it takes for zucchini to grow on the size of a sperm or a nocturnal plant known as,CorrelationGECO,20,0.001,how long does it take for zucchini to grow,msmarco-passage/train,ielabgroup/vec2text_gtr-base-st_corrector
1110199,what is wifi vs bluetooth,"why your bluetooth isn't working properly and if you've lost your earphones, it will not stay connected to your car",CorrelationGECO,20,0.001,why won't my bluetooth stay connected in my car,msmarco-passage/train,ielabgroup/vec2text_gtr-base-st_corrector
1110199,what is wifi vs bluetooth,blue whale shark or whale shark which is bigger,CorrelationGECO,20,0.001,what is bigger blue whale or whale shark,msmarco-passage/train,ielabgroup/vec2text_gtr-base-st_corrector
1110199,what is wifi vs bluetooth,Bluetooth ad hoc ad hoc Bluetooth ad hoc (ACL) is a biomechanics and motion,CorrelationGECO,20,0.001,what is bluetooth acl,msmarco-passage/train,ielabgroup/vec2text_gtr-base-st_corrector
1110199,what is wifi vs bluetooth,send files from a PC to a PC using a Bluetooth device and click on a USB device such as .blt to,CorrelationGECO,20,0.001,send files from pc to pc with bluetooth,msmarco-passage/train,ielabgroup/vec2text_gtr-base-st_corrector
1110199,what is wifi vs bluetooth,rated throughput. A typical connection to a WiFi router is run at a 0 to 60 ppm throughput; a typical,CorrelationGECO,20,0.001,typical throughput on a wifi connection,msmarco-passage/train,ielabgroup/vec2text_gtr-base-st_corrector
1110199,what is wifi vs bluetooth,difference between biology (akin to a physiology or a physiology of the intestines) and microbiology are,CorrelationGECO,20,0.001,difference between biology and microbiology,msmarco-passage/train,ielabgroup/vec2text_gtr-base-st_corrector
1110199,what is wifi vs bluetooth,when WiFi was introduced (fibre connectivity and a delay in announcing a new LAN) and was introduced in 1932 by Henry,CorrelationGECO,20,0.001,when was wifi introduced,msmarco-passage/train,ielabgroup/vec2text_gtr-base-st_corrector
1110199,what is wifi vs bluetooth,bkw is a brand of electric power and biofuel. It is a recent addition to the London,CorrelationGECO,20,0.001,what is bkw,msmarco-passage/train,ielabgroup/vec2text_gtr-base-st_corrector
1110199,what is wifi vs bluetooth,a difference between arm and leg pressure. Arm pressure is a result of a symptom and a blood pressure in the hand or limb,CorrelationGECO,20,0.001,difference between arm and leg blood pressure,msmarco-passage/train,ielabgroup/vec2text_gtr-base-st_corrector
1110199,what is wifi vs bluetooth,a difference between first class class (BBB - sbb - sbb - sbb) and second,CorrelationGECO,20,0.001,difference between first class and second class sbb,msmarco-passage/train,ielabgroup/vec2text_gtr-base-st_corrector
1063750,why did the us volunterilay enter ww1,"for the discovery of a new world-promoted brand, WrestleMania was created and why WWE was created and Michael Eddy",CorrelationGECO,20,0.001,why was wwe created,msmarco-passage/train,ielabgroup/vec2text_gtr-base-st_corrector
1063750,why did the us volunterilay enter ww1,american troops in Europe during World War I were known as ' 'stayjackets' and the US 1st known,CorrelationGECO,20,0.001,american troops in europe during ww1 were known as,msmarco-passage/train,ielabgroup/vec2text_gtr-base-st_corrector
1063750,why did the us volunterilay enter ww1,who formed the Vietminh a vi ành and why a vin,CorrelationGECO,20,0.001,who formed the vietminh league and why,msmarco-passage/train,ielabgroup/vec2text_gtr-base-st_corrector
1063750,why did the us volunterilay enter ww1,young American men protested the Vietnam War by putting their hands on their bare feet and by yeomanically protesting the Vietnam,CorrelationGECO,20,0.001,how did young american men protest the vietnam war,msmarco-passage/train,ielabgroup/vec2text_gtr-base-st_corrector
1063750,why did the us volunterilay enter ww1,"U.S.-American involvement in the Vietnam War U.S.-American involvement in the Vietnam War, Operation Viet Nam, Freedom",CorrelationGECO,20,0.001,vietnam war american involvement,msmarco-passage/train,ielabgroup/vec2text_gtr-base-st_corrector
1063750,why did the us volunterilay enter ww1,"why a war was fought over between the people, because of the savagery, the rebellion, and because of his rights, civil",CorrelationGECO,20,0.001,why was the civil war fought over,msmarco-passage/train,ielabgroup/vec2text_gtr-base-st_corrector
1063750,why did the us volunterilay enter ww1,which war forced the United States to exert international leadership in both the guise of no longer a fighter and to continue to exile isolation.,CorrelationGECO,20,0.001,which war forced the united states to exert international leadership and to no longer remain an isolationist country?,msmarco-passage/train,ielabgroup/vec2text_gtr-base-st_corrector
1063750,why did the us volunterilay enter ww1,L1 visa is,CorrelationGECO,20,0.001,what is l1 visa,msmarco-passage/train,ielabgroup/vec2text_gtr-base-st_corrector
1063750,why did the us volunterilay enter ww1,"because a battle with John F. Lee and a battle with the waggon of war started, the Battle of Fort Wentner commenced",CorrelationGECO,20,0.001,why did the battle of fort wagner start,msmarco-passage/train,ielabgroup/vec2text_gtr-base-st_corrector
1063750,why did the us volunterilay enter ww1,because the U.S. chose not to sign the Kyoto Protocol and resisted the risk of a meeting with Yokohama,CorrelationGECO,20,0.001,why did the us choose not to sign the kyoto protocol,msmarco-passage/train,ielabgroup/vec2text_gtr-base-st_corrector
130510,definition declaratory judgment,"deeming authority, the power of a privileged appointment (generally referred to as ""Diploma Authority"" or """,CorrelationGECO,20,0.001,define deeming authority,msmarco-passage/train,ielabgroup/vec2text_gtr-base-st_corrector
130510,definition declaratory judgment,(by Robert E. Lubyshevich      ) is a definition of preliminary,CorrelationGECO,20,0.001,what is the definition of preliminary,msmarco-passage/train,ielabgroup/vec2text_gtr-base-st_corrector
130510,definition declaratory judgment,"of 7,830,930,337, or 7,830. Credit card judgment is valid for a year",CorrelationGECO,20,0.001,how many years are credit card judgement valid for,msmarco-passage/train,ielabgroup/vec2text_gtr-base-st_corrector
130510,definition declaratory judgment,"meaning of a tarot, judgment tarot () is the thoudding of a person's charade",CorrelationGECO,20,0.001,what does judgement mean tarot,msmarco-passage/train,ielabgroup/vec2text_gtr-base-st_corrector
130510,definition declaratory judgment,. . . . Court judgments (judges of the court of a court of pleading) are taxable,CorrelationGECO,20,0.001,are court judgments taxable,msmarco-passage/train,ielabgroup/vec2text_gtr-base-st_corrector
130510,definition declaratory judgment,how to dismiss or vacate a judgment in Arizona and to take a writ of disapproval or to vacate a judgment,CorrelationGECO,20,0.001,how to vacate or dismiss a judgement in arizona,msmarco-passage/train,ielabgroup/vec2text_gtr-base-st_corrector
130510,definition declaratory judgment,"planet (Jupiter, a celestial planet of Jupiter, referred to by its re-classification and structure) to define",CorrelationGECO,20,0.001,jupiter definition planet,msmarco-passage/train,ielabgroup/vec2text_gtr-base-st_corrector
130510,definition declaratory judgment,"jus jit jit jit jit jit jit jit jit jit jit jit, or an obligation to civic",CorrelationGECO,20,0.001,is jury duty a civic obligation,msmarco-passage/train,ielabgroup/vec2text_gtr-base-st_corrector
130510,definition declaratory judgment,(the aramaic word for judgement is        ) called judgment of,CorrelationGECO,20,0.001,what is the aramaic word for judgement,msmarco-passage/train,ielabgroup/vec2text_gtr-base-st_corrector
130510,definition declaratory judgment,"the definition of title deed, a deed of title, a deed of title, a title of property,",CorrelationGECO,20,0.001,definition of title deed,msmarco-passage/train,ielabgroup/vec2text_gtr-base-st_corrector
489204,right pelvic pain causes,"where your pelvis (a pelvic artery located at the base of your pelvis) is located, your uterus and pelvis is located",CorrelationGECO,20,0.001,where is your pelvis located,msmarco-passage/train,ielabgroup/vec2text_gtr-base-st_corrector
489204,right pelvic pain causes,"a dyspnea, a rheumatosis, right leg rest will cause numbness",CorrelationGECO,20,0.001,right leg numbness causes,msmarco-passage/train,ielabgroup/vec2text_gtr-base-st_corrector
489204,right pelvic pain causes,with genital ovulation or a cervix during the pelvis causes pain in the pelvis - a relief sensation,CorrelationGECO,20,0.001,orgasm causes pain in pelvis,msmarco-passage/train,ielabgroup/vec2text_gtr-base-st_corrector
489204,right pelvic pain causes,"a combination of glucans and irritants. Overactive nerve activity causes excessive pain, which can be reduced by a high frequency",CorrelationGECO,20,0.001,what causes overactive nerve pain,msmarco-passage/train,ielabgroup/vec2text_gtr-base-st_corrector
489204,right pelvic pain causes,causes a hip pain that feels like it needs to pop and a hip pain that feels like it needs to pop and boob-sided one,CorrelationGECO,20,0.001,cause of hip pain on one side and feels like needs to pop,msmarco-passage/train,ielabgroup/vec2text_gtr-base-st_corrector
489204,right pelvic pain causes,"known as the pelvic organs, the pelvic organs are a set of uterine organs, a skeletal organ and ligament",CorrelationGECO,20,0.001,what are the pelvic organs,msmarco-passage/train,ielabgroup/vec2text_gtr-base-st_corrector
489204,right pelvic pain causes,a rash of a ricochet or a right oblique muscle could cause pain in the right upper chest.,CorrelationGECO,20,0.001,what could cause pain in the right upper chest?,msmarco-passage/train,ielabgroup/vec2text_gtr-base-st_corrector
489204,right pelvic pain causes,"a pregnancy, a bacterium, or a coli, pain on lower left hand side is likely to be pain on the lower left",CorrelationGECO,20,0.001,what could pain be on left hand side of lower stomach,msmarco-passage/train,ielabgroup/vec2text_gtr-base-st_corrector
489204,right pelvic pain causes,"function of the bones of the cervix and nausea, the pelvis is the function of the organs, which helps circul",CorrelationGECO,20,0.001,what is the function of the pelvis,msmarco-passage/train,ielabgroup/vec2text_gtr-base-st_corrector
489204,right pelvic pain causes,"caused by a combination of nerve stimuli such as glucaemia, anticholinergic nerves or a muscle attack will cause nerve pain",CorrelationGECO,20,0.001,what causes nerve pain,msmarco-passage/train,ielabgroup/vec2text_gtr-base-st_corrector
573724,what are the social determinants of health,"by how sociologists define behavior, i.e., “deviant behavior” and how a person’s behavior is a psycho",CorrelationGECO,20,0.001,how do sociologists define deviant behavior,msmarco-passage/train,ielabgroup/vec2text_gtr-base-st_corrector
573724,what are the social determinants of health,(also known as social integration) is a social integration process in the social sphere of a nation by integrating people with intelligence,CorrelationGECO,20,0.001,what is social integration,msmarco-passage/train,ielabgroup/vec2text_gtr-base-st_corrector
573724,what are the social determinants of health,traits that are found in an addictive personality are agressive addictions (an addictive personality) and the amount of time a person spends,CorrelationGECO,20,0.001,what are the traits of an addictive personality,msmarco-passage/train,ielabgroup/vec2text_gtr-base-st_corrector
573724,what are the social determinants of health,"what is a sociological theory of unhealthy lifestyles, which relates to the societal norms of obesity and its physiologic health impacts.",CorrelationGECO,20,0.001,what is a sociological theory that relates to the unhealthy lifestyle habits of obesity?,msmarco-passage/train,ielabgroup/vec2text_gtr-base-st_corrector
573724,what are the social determinants of health,"science, based on the work of George Krasinski and Robert St. Luce, is the science behind depression, and the science behind",CorrelationGECO,20,0.001,what is the science behind depression,msmarco-passage/train,ielabgroup/vec2text_gtr-base-st_corrector
573724,what are the social determinants of health,(drinking) Social drinking (also known as social drinking) is a form of brew-tea based soft drink which,CorrelationGECO,20,0.001,what is social drinking,msmarco-passage/train,ielabgroup/vec2text_gtr-base-st_corrector
573724,what are the social determinants of health,"of body fat distribution, central obesity is associated with a fatty apportionment. Obesity is often found in areas of",CorrelationGECO,20,0.001,"in body fat distribution, central obesity is associated with",msmarco-passage/train,ielabgroup/vec2text_gtr-base-st_corrector
573724,what are the social determinants of health,"definition of health and health continuum, a definition of health-and-pornality, a definition of health-horizonte gap",CorrelationGECO,20,0.001,definition of health and health continuum,msmarco-passage/train,ielabgroup/vec2text_gtr-base-st_corrector
573724,what are the social determinants of health,"effects of obesity stigma, which is a repressive effect on people with bulimia and diabetes and is expected to be reduced in later years",CorrelationGECO,20,0.001,effects of obesity stigma,msmarco-passage/train,ielabgroup/vec2text_gtr-base-st_corrector
573724,what are the social determinants of health,a medical pre-determination (PRC)        is a predation,CorrelationGECO,20,0.001,what is a medical predetermination,msmarco-passage/train,ielabgroup/vec2text_gtr-base-st_corrector
168216,does legionella pneumophila cause pneumonia,"a pneumonia shot (i.e., a pneumomycin shot) is also given when given with a broad gran",CorrelationGECO,20,0.001,what also is given with a pneumonia shot,msmarco-passage/train,ielabgroup/vec2text_gtr-base-st_corrector
168216,does legionella pneumophila cause pneumonia,characteristics of the phylum platyhelminthis are a fluke with a protective liver streak and a small number of intestinal,CorrelationGECO,20,0.001,characteristics of phylum platyhelminthes liver fluke,msmarco-passage/train,ielabgroup/vec2text_gtr-base-st_corrector
168216,does legionella pneumophila cause pneumonia,pulmonary infection of chickens pulmonary infections from chickens (Coccythovirus edema and avian fluorovirus,CorrelationGECO,20,0.001,what pulmonary infection from chickens,msmarco-passage/train,ielabgroup/vec2text_gtr-base-st_corrector
168216,does legionella pneumophila cause pneumonia,can use a cpapa (cpa or cp) on you who have been cuffed with a breathing apparatus pneumonia,CorrelationGECO,20,0.001,can you use cpap with pneumonia,msmarco-passage/train,ielabgroup/vec2text_gtr-base-st_corrector
168216,does legionella pneumophila cause pneumonia,"cause, polyuria is a result of a diagnosis of symptoms (e.g., pain, urination and breathlessness)",CorrelationGECO,20,0.001,polyuria causes and symptoms,msmarco-passage/train,ielabgroup/vec2text_gtr-base-st_corrector
168216,does legionella pneumophila cause pneumonia,(intragenes and bacterial overexposure). Panniculitis is a disease that causes rheumoral and gastrointestinal,CorrelationGECO,20,0.001,what causes panniculitis,msmarco-passage/train,ielabgroup/vec2text_gtr-base-st_corrector
168216,does legionella pneumophila cause pneumonia,a result of a loughedema (a condition of lymphoma or lymphedema) is known as lymphe,CorrelationGECO,20,0.001,what causes lymphedema,msmarco-passage/train,ielabgroup/vec2text_gtr-base-st_corrector
168216,does legionella pneumophila cause pneumonia,(plasmodium) causes a plasmosis that transmits a virus like mutamycin. It can also cause a,CorrelationGECO,20,0.001,what does plasmodium cause,msmarco-passage/train,ielabgroup/vec2text_gtr-base-st_corrector
168216,does legionella pneumophila cause pneumonia,meaning a lung or lingula pulmonata. It means lingula lungs or lingula evis,CorrelationGECO,20,0.001,what does lung lingula mean,msmarco-passage/train,ielabgroup/vec2text_gtr-base-st_corrector
168216,does legionella pneumophila cause pneumonia,pannatypaea pannatypaea is a defined phylogeny of the organisms living in the sea,CorrelationGECO,20,0.001,platypnea definition,msmarco-passage/train,ielabgroup/vec2text_gtr-base-st_corrector
1133167,how is the weather in jamaica,Effects on street children in Jamaica are a reduction in the level of jamaica and a reduction in their ability to breathe a lifelong,CorrelationGECO,20,0.001,what are the effects on street children in jamaica,msmarco-passage/train,ielabgroup/vec2text_gtr-base-st_corrector
1133167,how is the weather in jamaica,"a temperature of , Hampton weather is a summer weather (formerly known as hampton-Fulton weather) and is 29 degrees",CorrelationGECO,20,0.001,what is hampton weather,msmarco-passage/train,ielabgroup/vec2text_gtr-base-st_corrector
1133167,how is the weather in jamaica,"weather in Grand Junction, CO, averaging a hot weather in Appleton, CO, and light rain in Elmbrook, CO,",CorrelationGECO,20,0.001,weather in grand junction co,msmarco-passage/train,ielabgroup/vec2text_gtr-base-st_corrector
1133167,how is the weather in jamaica,– it's hot like the air in Turkey – the weather in Turkey is warm and sallow and temperatures like the cold and the rain,CorrelationGECO,20,0.001,what is the weather like in turkey,msmarco-passage/train,ielabgroup/vec2text_gtr-base-st_corrector
1133167,how is the weather in jamaica,"(rain cloud, rain, snow, etc.) is the weather of Karachi, and it is rated at 61 degrees Celsius ( ).",CorrelationGECO,20,0.001,what is the weather of karachi,msmarco-passage/train,ielabgroup/vec2text_gtr-base-st_corrector
1133167,how is the weather in jamaica,"when it's hot and the weather is sweltering, the Monterrey, California weather a.k.a.",CorrelationGECO,20,0.001,what is the weather in monterey california?,msmarco-passage/train,ielabgroup/vec2text_gtr-base-st_corrector
1133167,how is the weather in jamaica,"weather in kruja, averaging a -32 °C (Feet-Julian)",CorrelationGECO,20,0.001,weather in kruja,msmarco-passage/train,ielabgroup/vec2text_gtr-base-st_corrector
1133167,how is the weather in jamaica,in the rainforest - the weather varies from a hot summer day to a cold winter with rainy weather (3.9 °C to,CorrelationGECO,20,0.001,weather in the rainforest,msmarco-passage/train,ielabgroup/vec2text_gtr-base-st_corrector
1133167,how is the weather in jamaica,"weather in Miramar, Florida - a sunny day with a cloud cloud cloud and a cool winter - a dry season",CorrelationGECO,20,0.001,weather in miramar florida,msmarco-passage/train,ielabgroup/vec2text_gtr-base-st_corrector
1133167,how is the weather in jamaica,- the weather in Charlotte is a hot summer weather with a forecast of 0 degrees Fahrenheit (Cfe) ().,CorrelationGECO,20,0.001,what is the weather in charlotte nc,msmarco-passage/train,ielabgroup/vec2text_gtr-base-st_corrector
527433,types of dysarthria from cerebral palsy,"diseases or disorders that affect the pancreas, including Pancreatitis, Pancreatitis ailment, and epigli",CorrelationGECO,20,0.001,what diseases or disorders affect the pancreas,msmarco-passage/train,ielabgroup/vec2text_gtr-base-st_corrector
527433,types of dysarthria from cerebral palsy,"types of autoimmune arthritis, i.e. rheumatoid arthritis, iboea arthritis, and auto",CorrelationGECO,20,0.001,types of autoimmune arthritis,msmarco-passage/train,ielabgroup/vec2text_gtr-base-st_corrector
527433,types of dysarthria from cerebral palsy,"types of VD disease. Types of vD disease include: Priscia pinafornica, lobulodoarth",CorrelationGECO,20,0.001,types of vd disease,msmarco-passage/train,ielabgroup/vec2text_gtr-base-st_corrector
527433,types of dysarthria from cerebral palsy,a disease (as with a cleft liposympathetic disorder) is related to the cerebellum. Cerebell,CorrelationGECO,20,0.001,what is a disease related to the cerebellum,msmarco-passage/train,ielabgroup/vec2text_gtr-base-st_corrector
527433,types of dysarthria from cerebral palsy,"chromosome , chromosome , chromosome , is a cerebral palsy disorder",CorrelationGECO,20,0.001,is cerebral palsy a chromosome disorder,msmarco-passage/train,ielabgroup/vec2text_gtr-base-st_corrector
527433,types of dysarthria from cerebral palsy,"types of hydro-brachytherapy sources, types of hydro-saline BR therapy,",CorrelationGECO,20,0.001,types of hdr brachytherapy sources,msmarco-passage/train,ielabgroup/vec2text_gtr-base-st_corrector
527433,types of dysarthria from cerebral palsy,"a type of disorder of the autoimmune disorder, fibromyalgia (or fibromyalgia) is considered",CorrelationGECO,20,0.001,what type of disorder is fibromyalgia considered,msmarco-passage/train,ielabgroup/vec2text_gtr-base-st_corrector
527433,types of dysarthria from cerebral palsy,"physiological disease is an example of a number of biological diseases and can include muscular dystrophy, e.g., bladder homoeos",CorrelationGECO,20,0.001,physiological disease examples,msmarco-passage/train,ielabgroup/vec2text_gtr-base-st_corrector
527433,types of dysarthria from cerebral palsy,"types: scleroderma scleroidea disease, sclerobrain disease, and scler",CorrelationGECO,20,0.001,types scleroderma disease,msmarco-passage/train,ielabgroup/vec2text_gtr-base-st_corrector
527433,types of dysarthria from cerebral palsy,is a genesis of the corpus callosum. There is no disability related to the impact of the corpus callosum and an impairment,CorrelationGECO,20,0.001,is agenesis of the corpus callosum a disability?,msmarco-passage/train,ielabgroup/vec2text_gtr-base-st_corrector
1037798,who is robert gray,"cliff robertson, a husband, was married to Clive Clay-Tonyson, a widow to Grae",CorrelationGECO,20,0.001,who was cliff robertson married to,msmarco-passage/train,ielabgroup/vec2text_gtr-base-st_corrector
1037798,who is robert gray,"a rich man, a historian, a writer, and a former resident of San Francisco, and Richard Walker (now as Richard Walker",CorrelationGECO,20,0.001,who is richard walker,msmarco-passage/train,ielabgroup/vec2text_gtr-base-st_corrector
1037798,who is robert gray,"art, and a pictorial work on the indian stub, 'Robert I. Indiana', probably the most famous",CorrelationGECO,20,0.001,what artwork is robert indiana most famous for?,msmarco-passage/train,ielabgroup/vec2text_gtr-base-st_corrector
1037798,who is robert gray,robinson sr. Robert Goodson Jr. is a sr. runner-up at the Red Bull Youth Olympic Junior,CorrelationGECO,20,0.001,who is robert goodson junior?,msmarco-passage/train,ielabgroup/vec2text_gtr-base-st_corrector
1037798,who is robert gray,"& Coward’s robin robin & mercere lilt awards, Robert E. Lee won the award",CorrelationGECO,20,0.001,what awards did robert e lee win,msmarco-passage/train,ielabgroup/vec2text_gtr-base-st_corrector
1037798,who is robert gray,"trey-son mother, Tristrey Franklin trey-son and trey-son 'Robert' is",CorrelationGECO,20,0.001,who is trey robinson mother,msmarco-passage/train,ielabgroup/vec2text_gtr-base-st_corrector
1037798,who is robert gray,"why robin roberts is important to the cells of the human fetus, Dr. Robert Hooke is an important",CorrelationGECO,20,0.001,why is robert hooke important to cells,msmarco-passage/train,ielabgroup/vec2text_gtr-base-st_corrector
1037798,who is robert gray,roberto de Nir,CorrelationGECO,20,0.001,is robert de niro italian,msmarco-passage/train,ielabgroup/vec2text_gtr-base-st_corrector
1037798,who is robert gray,"there is a gray skin pigment – a skin coloration like a glaucoma, a skin occlusit,",CorrelationGECO,20,0.001,is there a gray skin pigment,msmarco-passage/train,ielabgroup/vec2text_gtr-base-st_corrector
1037798,who is robert gray,"where he was born, c. f. l. n. g. Robert the Bruce. Robert the Bru",CorrelationGECO,20,0.001,robert the bruce was born. where,msmarco-passage/train,ielabgroup/vec2text_gtr-base-st_corrector
915593,what types of food can you cook sous vide,"foods that lower inflammation, ranging from iced water to a low-fructose brat, to turkey meat to reduce swelling",CorrelationGECO,20,0.001,foods that lower swelling,msmarco-passage/train,ielabgroup/vec2text_gtr-base-st_corrector
915593,what types of food can you cook sous vide,"Cooking and Culinary, Sunny Anderson is the cooking show of the acclaimed Chef extraordinaire, Sour Cream and Soy Chef, Eric Scott",CorrelationGECO,20,0.001,what cooking show is sunny anderson,msmarco-passage/train,ielabgroup/vec2text_gtr-base-st_corrector
915593,what types of food can you cook sous vide,"foods that is considered to be acidic food – feces, chard, ginger, juice, and a dark leaf",CorrelationGECO,20,0.001,what is considered as acidic foods,msmarco-passage/train,ielabgroup/vec2text_gtr-base-st_corrector
915593,what types of food can you cook sous vide,"types of food a dog can eat, such as oats, fruit, vegetables, and dried turkey, dogs can eat a",CorrelationGECO,20,0.001,types of food dogs can eat,msmarco-passage/train,ielabgroup/vec2text_gtr-base-st_corrector
915593,what types of food can you cook sous vide,"a substitute to egg in cooking (e.g., 'egg utensils' or 'wheat'",CorrelationGECO,20,0.001,what can you substitute for an egg in cooking,msmarco-passage/train,ielabgroup/vec2text_gtr-base-st_corrector
915593,what types of food can you cook sous vide,types of food products the US Food and Drug Administration (FDA) regulate and re-strategy products such as a traditional sausage,CorrelationGECO,20,0.001,what types of food products the usda and fda regulate,msmarco-passage/train,ielabgroup/vec2text_gtr-base-st_corrector
915593,what types of food can you cook sous vide,"foods with sugar and carbohydrate content. Kettle foods like bread, rye, pumpkin, and spinach are low-fat and low in sugar",CorrelationGECO,20,0.001,what foods are low in carbs and sugar,msmarco-passage/train,ielabgroup/vec2text_gtr-base-st_corrector
915593,what types of food can you cook sous vide,"Prebiotic foods are a variety of foods such as ice cream, quinoa, olives, and gheese",CorrelationGECO,20,0.001,what are prebiotics foods,msmarco-passage/train,ielabgroup/vec2text_gtr-base-st_corrector
915593,what types of food can you cook sous vide,"foods you should choose milady, so that you can choose from a variety of types of foods like mashed potatoes, a cleans",CorrelationGECO,20,0.001,what types of foods should you choose milady,msmarco-passage/train,ielabgroup/vec2text_gtr-base-st_corrector
915593,what types of food can you cook sous vide,"the Unrefined foods are unrefined foods such as acacia, boiled eggs, feasol,",CorrelationGECO,20,0.001,what are unrefined foods,msmarco-passage/train,ielabgroup/vec2text_gtr-base-st_corrector
264014,how long is life cycle of flea,start on the first of Christmas and the start of the tick and flea season which begins on July 8 and kicks off on the first of spring season,CorrelationGECO,20,0.001,when does flea and tick season start,msmarco-passage/train,ielabgroup/vec2text_gtr-base-st_corrector
264014,how long is life cycle of flea,"At about 1–2 weeks after the first symposia are hatched, the female fleas start laying eggs on her",CorrelationGECO,20,0.001,how soon does the female flea start laying eggs,msmarco-passage/train,ielabgroup/vec2text_gtr-base-st_corrector
264014,how long is life cycle of flea,"from a medicine of its medicine, tramadol or mAdol, last for 0.5 to 5.5 hours and remains",CorrelationGECO,20,0.001,how long does tramadol last,msmarco-passage/train,ielabgroup/vec2text_gtr-base-st_corrector
264014,how long is life cycle of flea,"a woman's period, i.e. 7 - 30  30    is how long her period is",CorrelationGECO,20,0.001,how long is a woman's period,msmarco-passage/train,ielabgroup/vec2text_gtr-base-st_corrector
264014,how long is life cycle of flea,"a dragonfly (daily frog or frog-beaver) live, averaging 1 to 8 years",CorrelationGECO,20,0.001,how long does a dragonfly live,msmarco-passage/train,ielabgroup/vec2text_gtr-base-st_corrector
264014,how long is life cycle of flea,"hours due to the atrophic cycle starting at the top of the cell cycle cycle, the cell cycle takes between 24 and 30 hours, or 1",CorrelationGECO,20,0.001,how many hours does the cell cycle take,msmarco-passage/train,ielabgroup/vec2text_gtr-base-st_corrector
264014,how long is life cycle of flea,with insect eucalyptus. Average life span Average bug life span (Life span: 0 to 30 years) Average nutrient,CorrelationGECO,20,0.001,average bug life span,msmarco-passage/train,ielabgroup/vec2text_gtr-base-st_corrector
264014,how long is life cycle of flea,"a pill or a blockade agent, the flea take-a-mile pill will work for up to four hours before it will work",CorrelationGECO,20,0.001,how long does it take a flea pill to work,msmarco-passage/train,ielabgroup/vec2text_gtr-base-st_corrector
264014,how long is life cycle of flea,"which a menstrual cycle is created, the saemaphore lasts from 14 to 24 hours of the length of time",CorrelationGECO,20,0.001,how long does the menstrual cycle last,msmarco-passage/train,ielabgroup/vec2text_gtr-base-st_corrector
264014,how long is life cycle of flea,"from 1 to 8 years in a fecund tiger, Brown bats live from 8 to 125 years and are classified brown",CorrelationGECO,20,0.001,how long do brown bats live,msmarco-passage/train,ielabgroup/vec2text_gtr-base-st_corrector
1121402,what can contour plowing reduce,. Concrete shoring Concrete shoring is a hard-to-wall method of shoving or raying of cement or petroleum,CorrelationGECO,20,0.001,what is concrete shoring,msmarco-passage/train,ielabgroup/vec2text_gtr-base-st_corrector
1121402,what can contour plowing reduce,device called the lithotripsy which uses a drelolith systophy. Its name is lith,CorrelationGECO,20,0.001,what is the device called that does lithotripsy,msmarco-passage/train,ielabgroup/vec2text_gtr-base-st_corrector
1121402,what can contour plowing reduce,"when condemning a dot cylinder you are permitted to do so, if you are specified in your specification area, you are permitted to condemn",CorrelationGECO,20,0.001,when condemning a dot specification cylinder you are permitted to,msmarco-passage/train,ielabgroup/vec2text_gtr-base-st_corrector
1121402,what can contour plowing reduce,a vogue for a velocidone. Countervailing benefits are a guaranteed benefit to those who pay less than the,CorrelationGECO,20,0.001,what is a countervailing benefit,msmarco-passage/train,ielabgroup/vec2text_gtr-base-st_corrector
1121402,what can contour plowing reduce,"by apply a cleansed ointment to reduce oily face, followed by a reticulated ointment",CorrelationGECO,20,0.001,how to reduce oily face,msmarco-passage/train,ielabgroup/vec2text_gtr-base-st_corrector
1121402,what can contour plowing reduce,Apply a brush and a coat to remove load. Remove oofuses and other soft material. Load shedding is not mandatory anymore,CorrelationGECO,20,0.001,how to remove load shedding,msmarco-passage/train,ielabgroup/vec2text_gtr-base-st_corrector
1121402,what can contour plowing reduce,product to prevent gourds on raw paint or gourds by using face-surpover coating to inhibit the ability to rub the surface,CorrelationGECO,20,0.001,what product to use on gourds to prevent paint or in from covering raw gourd survpface?,msmarco-passage/train,ielabgroup/vec2text_gtr-base-st_corrector
1121402,what can contour plowing reduce,"a short-list survey on the world, Downwelling does globally. It changes the direction of global reecession and thereby global fragil",CorrelationGECO,20,0.001,what does downwelling do globally?,msmarco-passage/train,ielabgroup/vec2text_gtr-base-st_corrector
1121402,what can contour plowing reduce,"function of a wiper insert on a face mill, primarily this function is to provide a swath and a layer",CorrelationGECO,20,0.001,what is the function of a wiper insert on a face mill?,msmarco-passage/train,ielabgroup/vec2text_gtr-base-st_corrector
1121402,what can contour plowing reduce,"turbulence pouring process in polymer modeling, i.e. turbulence modelling of the fracturing and the melting",CorrelationGECO,20,0.001,turbulence modeling in polymer pouring process,msmarco-passage/train,ielabgroup/vec2text_gtr-base-st_corrector
962179,when was the salvation army founded,"1607, ltimo Texada (Texaco) was founded, and in 1864, when ltim",CorrelationGECO,20,0.001,when was texaco founded,msmarco-passage/train,ielabgroup/vec2text_gtr-base-st_corrector
962179,when was the salvation army founded,when the United States of America began the American military starting from 1 July 1789 and completing its enactment of the American Revolutionary Guard,CorrelationGECO,20,0.001,when did the american military begin,msmarco-passage/train,ielabgroup/vec2text_gtr-base-st_corrector
962179,when was the salvation army founded,"aa aa aa uavna (), in 1732, Prague founded",CorrelationGECO,20,0.001,when was prague founded,msmarco-passage/train,ielabgroup/vec2text_gtr-base-st_corrector
962179,when was the salvation army founded,"in 1943 when apprehension and sedation therapy were first used, aversion therapy was first used as a therapeutic method of treatment",CorrelationGECO,20,0.001,when was aversion therapy first used,msmarco-passage/train,ielabgroup/vec2text_gtr-base-st_corrector
962179,when was the salvation army founded,"when the House of Feast of America was started. Starting in 1664, Hall of Fame (now Hall of Fame Park) began and is credited",CorrelationGECO,20,0.001,when did hall of fame start,msmarco-passage/train,ielabgroup/vec2text_gtr-base-st_corrector
962179,when was the salvation army founded,telephone number 0x390-00801 or a phone number registering for salvation service donations The Salvation Army mobile phone number,CorrelationGECO,20,0.001,salvation army donation phone number,msmarco-passage/train,ielabgroup/vec2text_gtr-base-st_corrector
962179,when was the salvation army founded,1764 on the vicinities of ltimo Sacadopan and ltimo San Gabriel was founded,CorrelationGECO,20,0.001,when was san gabriel founded,msmarco-passage/train,ielabgroup/vec2text_gtr-base-st_corrector
962179,when was the salvation army founded,"in 1683, St. Louis, MO (now St. Louis, MO and the formerly defunct San Mafia) was founded",CorrelationGECO,20,0.001,when was st louis mo founded,msmarco-passage/train,ielabgroup/vec2text_gtr-base-st_corrector
962179,when was the salvation army founded,"January 8, 1890, the Sarbanes-Oxley Act was enacted and schoonerized when Sarbanes Oxley",CorrelationGECO,20,0.001,when was sarbanes oxley act put in place,msmarco-passage/train,ielabgroup/vec2text_gtr-base-st_corrector
962179,when was the salvation army founded,the year of the 1886-87 charter of the United States of America (Feb. 1886) the Republican Party was founded and remained,CorrelationGECO,20,0.001,what year was the republican party founded,msmarco-passage/train,ielabgroup/vec2text_gtr-base-st_corrector
1117099,what is a active margin,(Michael's piety and health) a marginal habitat is a habitat (a habitat of a plant or,CorrelationGECO,20,0.001,what is a marginal habitat,msmarco-passage/train,ielabgroup/vec2text_gtr-base-st_corrector
1117099,what is a active margin,how to calculate profit margins on sales (e.g. $1 – $1 – $3,CorrelationGECO,20,0.001,how to calculate profit margins on sales,msmarco-passage/train,ielabgroup/vec2text_gtr-base-st_corrector
1117099,what is a active margin,"In Marscape, marscape is a flora that is rich in minerals and lichens, including zamanthon",CorrelationGECO,20,0.001,what is in marscapne,msmarco-passage/train,ielabgroup/vec2text_gtr-base-st_corrector
1117099,what is a active margin,margin rate - a definition of a margin rate - is a monetary per-distribution rate of a financial group,CorrelationGECO,20,0.001,margin rate definition,msmarco-passage/train,ielabgroup/vec2text_gtr-base-st_corrector
1117099,what is a active margin,(Marsh of victory or margin of victory) is a victory that gives a victory over a runner-up opponent at the hands,CorrelationGECO,20,0.001,what is margin of victory,msmarco-passage/train,ielabgroup/vec2text_gtr-base-st_corrector
1117099,what is a active margin,Mediating variable is an elastic variable,CorrelationGECO,20,0.001,what is an mediating  variable,msmarco-passage/train,ielabgroup/vec2text_gtr-base-st_corrector
1117099,what is a active margin,"BELOCENHESIL. This is a part of the Continental margin, but is NOT part of the continental margin because, in the following",CorrelationGECO,20,0.001,Which one of the following is NOT part of the continental margin,msmarco-passage/train,ielabgroup/vec2text_gtr-base-st_corrector
1117099,what is a active margin,definition of 'active worksheet' in Microsoft's Excel spreadsheets. Active worksheet is a worksheet that is active to the number of cells on the,CorrelationGECO,20,0.001,definition of active worksheet in microsoft excel,msmarco-passage/train,ielabgroup/vec2text_gtr-base-st_corrector
1117099,what is a active margin,(           ) is flexible auditing of accounting,CorrelationGECO,20,0.001,what is flexible auditing,msmarco-passage/train,ielabgroup/vec2text_gtr-base-st_corrector
1117099,what is a active margin,"highest profit margin stocks, based on high market share prices, NYSE, NYSE, DHX and EMI, will continue to grow each",CorrelationGECO,20,0.001,highest profit margin stocks,msmarco-passage/train,ielabgroup/vec2text_gtr-base-st_corrector
148538,difference between rn and bsn,difference between xbutedrine sr and xbutedrine wellbutrin sr. It is a size,CorrelationGECO,20,0.001,what is the difference in wellbutrin xl and wellbutrin sr,msmarco-passage/train,ielabgroup/vec2text_gtr-base-st_corrector
148538,difference between rn and bsn,Difference between rDNA nucleotide and nucleotide dnase nucleotide nucleot,CorrelationGECO,20,0.001,difference between dna nucleotide from rna nucleotide,msmarco-passage/train,ielabgroup/vec2text_gtr-base-st_corrector
148538,difference between rn and bsn,"you can attend school until you are a nursing student and stay until you graduate medical school, at which time about 1 to 2 months a RN",CorrelationGECO,20,0.001,how long do you attend school until you can be a rn,msmarco-passage/train,ielabgroup/vec2text_gtr-base-st_corrector
148538,difference between rn and bsn,difference between anaerobic and anaerobic sexes: anaerobic vs. aerobic vs,CorrelationGECO,20,0.001,differences between anaerobic and aerobic,msmarco-passage/train,ielabgroup/vec2text_gtr-base-st_corrector
148538,difference between rn and bsn,-albumin -albumin is a difference between prealbumin and -aloalbumin in the blood and lymph,CorrelationGECO,20,0.001,difference between albumin and prealbumin,msmarco-passage/train,ielabgroup/vec2text_gtr-base-st_corrector
148538,difference between rn and bsn,"a difference between a class b fire and a class k fire, a b fire is a class k and",CorrelationGECO,20,0.001,what is the difference between a class b and class k fire,msmarco-passage/train,ielabgroup/vec2text_gtr-base-st_corrector
148538,difference between rn and bsn,"(watershed) is a difference between a river basin and a jig and a sewage basin, and river basins",CorrelationGECO,20,0.001,difference between watershed and river basin,msmarco-passage/train,ielabgroup/vec2text_gtr-base-st_corrector
148538,difference between rn and bsn,"information on the ed. of a scientific body of science, natural is the difference between general, social, and natural science, and social",CorrelationGECO,20,0.001,"what is the difference between social, natural, and general science",msmarco-passage/train,ielabgroup/vec2text_gtr-base-st_corrector
148538,difference between rn and bsn,"sultanas (soons and fruit) are a difference between raisins and sultanas, which",CorrelationGECO,20,0.001,what is the difference between sultanas and raisins,msmarco-passage/train,ielabgroup/vec2text_gtr-base-st_corrector
148538,difference between rn and bsn,requirements required for a bsn program to be a rsn-to-bsn program and for a b,CorrelationGECO,20,0.001,requirements for rn to bsn program,msmarco-passage/train,ielabgroup/vec2text_gtr-base-st_corrector
451602,medicare's definition of mechanical ventilation,MANifold vacuum       is a vacuum manifold for helical sheave,CorrelationGECO,20,0.001,what is manifold vacuum,msmarco-passage/train,ielabgroup/vec2text_gtr-base-st_corrector
451602,medicare's definition of mechanical ventilation,"dme is defined as equipment. It is defined as a dv dv dsh dds, which is",CorrelationGECO,20,0.001,dme is defined as equipment that is,msmarco-passage/train,ielabgroup/vec2text_gtr-base-st_corrector
451602,medicare's definition of mechanical ventilation,definition of              :,CorrelationGECO,20,0.001,definition: meditation,msmarco-passage/train,ielabgroup/vec2text_gtr-base-st_corrector
451602,medicare's definition of mechanical ventilation,Medicinal variance Medicinal variance (or a medical variance) is a health condition that is a gap in the blood concentration and abnormal,CorrelationGECO,20,0.001,what is a medical variance,msmarco-passage/train,ielabgroup/vec2text_gtr-base-st_corrector
451602,medicare's definition of mechanical ventilation,"in what is medical engineering, is a set of technologies in the fields of medicine, physiology, medicine, and medicine, including Obstetric",CorrelationGECO,20,0.001,what is in medical engineering,msmarco-passage/train,ielabgroup/vec2text_gtr-base-st_corrector
451602,medicare's definition of mechanical ventilation,know what is covered by Medicare by identifying a line in the information center and a line in the information center to know if Medicare covered,CorrelationGECO,20,0.001,how to know what covered by medicare,msmarco-passage/train,ielabgroup/vec2text_gtr-base-st_corrector
451602,medicare's definition of mechanical ventilation,"are x-rays or rays of electromagnetic (radio-osmotic) physics, X-rays are mechanical",CorrelationGECO,20,0.001,are x rays mechanical or electromagnetic,msmarco-passage/train,ielabgroup/vec2text_gtr-base-st_corrector
451602,medicare's definition of mechanical ventilation,definition of massage (Madrid           ),CorrelationGECO,20,0.001,definition of massage,msmarco-passage/train,ielabgroup/vec2text_gtr-base-st_corrector
451602,medicare's definition of mechanical ventilation,mitral valve vegetation (Mitral Valve artery vascular artery vascular artery vascular arteries) are a definition of the plant,CorrelationGECO,20,0.001,mitral valve vegetation definition,msmarco-passage/train,ielabgroup/vec2text_gtr-base-st_corrector
451602,medicare's definition of mechanical ventilation,"what assessments are required. Medicare will require assessments of SSI, APHS, and Effort-to-Prescribe",CorrelationGECO,20,0.001,what assessments does medicare require,msmarco-passage/train,ielabgroup/vec2text_gtr-base-st_corrector
359349,how to find the midsegment of a trapezoid,calculate tris based on the number of vertices – vertices – vertices can be based on 9,CorrelationGECO,20,0.001,calculate number of tris based on vertices,msmarco-passage/train,ielabgroup/vec2text_gtr-base-st_corrector
359349,how to find the midsegment of a trapezoid,"which a diagram shows the medians of a triangle, i.e., the medians of the two arithmetic",CorrelationGECO,20,0.001,which diagram shows the medians of a triangle,msmarco-passage/train,ielabgroup/vec2text_gtr-base-st_corrector
359349,how to find the midsegment of a trapezoid,"to determine probability is by examining a set of randomnesses (e.g., 1:0.5, 1:0.5, 1:",CorrelationGECO,20,0.001,how to determine probability,msmarco-passage/train,ielabgroup/vec2text_gtr-base-st_corrector
359349,how to find the midsegment of a trapezoid,tender portal. You find it by locating your ENDER X-Land or by putting your map. You must find it,CorrelationGECO,20,0.001,how do you find ender portal,msmarco-passage/train,ielabgroup/vec2text_gtr-base-st_corrector
359349,how to find the midsegment of a trapezoid,"To calculate a value, first use a mean of a decimal divider and then subtract a mean of a divider",CorrelationGECO,20,0.001,how to calculate a median value,msmarco-passage/train,ielabgroup/vec2text_gtr-base-st_corrector
359349,how to find the midsegment of a trapezoid,"you at home cause a miscarriage by putting a light chowier during the second trimester, and a",CorrelationGECO,20,0.001,how to cause a home miscarriage at second trimester,msmarco-passage/train,ielabgroup/vec2text_gtr-base-st_corrector
359349,how to find the midsegment of a trapezoid,"acupuncture a pinched nerve in the middle of the spine. This helps venous nerves, lumbar, and other nerves",CorrelationGECO,20,0.001,what helps pinched nerve in middle of spine,msmarco-passage/train,ielabgroup/vec2text_gtr-base-st_corrector
359349,how to find the midsegment of a trapezoid,you find a vector by calculating v  / a  / a  / a  magnitude,CorrelationGECO,20,0.001,how do you find the magnitude of a vector,msmarco-passage/train,ielabgroup/vec2text_gtr-base-st_corrector
359349,how to find the midsegment of a trapezoid,You need to find a arc and a radia of a arc and calculate central angle and arc angle (/,CorrelationGECO,20,0.001,how to find arc and central angle,msmarco-passage/train,ielabgroup/vec2text_gtr-base-st_corrector
359349,how to find the midsegment of a trapezoid,by calculating a moment distance  /  /  /    = perpendic,CorrelationGECO,20,0.001,how to calculate moment perpendicular distance,msmarco-passage/train,ielabgroup/vec2text_gtr-base-st_corrector
1115776,what is an aml surveillance analyst,American legion          is a Desert Platoon military organization that,CorrelationGECO,20,0.001,what is american legion,msmarco-passage/train,ielabgroup/vec2text_gtr-base-st_corrector
1115776,what is an aml surveillance analyst,agl . This is a light-weight artificial agl (Agl) which is a popular product of Panasonic,CorrelationGECO,20,0.001,what is agl,msmarco-passage/train,ielabgroup/vec2text_gtr-base-st_corrector
1115776,what is an aml surveillance analyst,of the Humvee (Motiva RC/ATV/ATV/ATV) is used for surveillance and patrol by security surveillance,CorrelationGECO,20,0.001,what humvee is used for surveillance and patrol,msmarco-passage/train,ielabgroup/vec2text_gtr-base-st_corrector
1115776,what is an aml surveillance analyst,iamb is an aileo-beta-amelioid and is a unique Massachusetts Species.,CorrelationGECO,20,0.001,what is an iamb,msmarco-passage/train,ielabgroup/vec2text_gtr-base-st_corrector
1115776,what is an aml surveillance analyst,"Airport anc Airport anc (, formerly anc at Alexandrovsk mall) is",CorrelationGECO,20,0.001,what airport is anc,msmarco-passage/train,ielabgroup/vec2text_gtr-base-st_corrector
1115776,what is an aml surveillance analyst,biological monitoring (dental feces and feces detection) as a biological biological monitoring is the process by which dental products and bacteria,CorrelationGECO,20,0.001,biological monitoring definition dental,msmarco-passage/train,ielabgroup/vec2text_gtr-base-st_corrector
1115776,what is an aml surveillance analyst,AFm paralysis AFm paralysis (as a form of abolition or acrystic attack) is,CorrelationGECO,20,0.001,what is afm paralysis,msmarco-passage/train,ielabgroup/vec2text_gtr-base-st_corrector
1115776,what is an aml surveillance analyst,"amco is a family of bacteriology, medicine and animal marrow and a water-based storage facility. It is also known",CorrelationGECO,20,0.001,what is amco,msmarco-passage/train,ielabgroup/vec2text_gtr-base-st_corrector
1115776,what is an aml surveillance analyst,a compensation analyst (or a 'do'),CorrelationGECO,20,0.001,what does a compensation analyst do,msmarco-passage/train,ielabgroup/vec2text_gtr-base-st_corrector
1115776,what is an aml surveillance analyst,"Lcrr In banking, lcrr (short for lcr-coated paper) is a new information technology",CorrelationGECO,20,0.001,"in banking, what is lcr",msmarco-passage/train,ielabgroup/vec2text_gtr-base-st_corrector
1112341,what is the daily life of thai people,"what is a thai business culture in Thailand is similar to a thai culture, and it is expected to be hum",CorrelationGECO,20,0.001,what is thailand business culture like,msmarco-passage/train,ielabgroup/vec2text_gtr-base-st_corrector
1112341,what is the daily life of thai people,"as a result of a calorie increase and a high-moisture fragrance, cream tea is the difference between afternoon tea and tea tea",CorrelationGECO,20,0.001,what is the difference between cream tea and afternoon tea,msmarco-passage/train,ielabgroup/vec2text_gtr-base-st_corrector
1112341,what is the daily life of thai people,"thiol - a chemical constituent of water, hydrogen, and phosphorus, also known as thiol, and hydrogen",CorrelationGECO,20,0.001,define thiol,msmarco-passage/train,ielabgroup/vec2text_gtr-base-st_corrector
1112341,what is the daily life of thai people,"(or 'life's 'soul's 'things' dependent on others), the truth of life is the truth of life",CorrelationGECO,20,0.001,what's the truth of life,msmarco-passage/train,ielabgroup/vec2text_gtr-base-st_corrector
1112341,what is the daily life of thai people,"thai expat dating, e.g. Expatha date, e.g. residing in Thailand,",CorrelationGECO,20,0.001,thailand expat dating,msmarco-passage/train,ielabgroup/vec2text_gtr-base-st_corrector
1112341,what is the daily life of thai people,the main street times (           ) means,CorrelationGECO,20,0.001,the main street times mean,msmarco-passage/train,ielabgroup/vec2text_gtr-base-st_corrector
1112341,what is the daily life of thai people,what to do in Laos (           ),CorrelationGECO,20,0.001,what to do in laos,msmarco-passage/train,ielabgroup/vec2text_gtr-base-st_corrector
1112341,what is the daily life of thai people,(who is a recreational therapist) do a lot of therapy and provide a therapeutic dose of recurrent therapy to help the patients learn,CorrelationGECO,20,0.001,what does a recreational therapist do,msmarco-passage/train,ielabgroup/vec2text_gtr-base-st_corrector
1112341,what is the daily life of thai people,"(i.e., kimchi, tea, sai chi, etc.), is what is considered Eastern culture. By Japanese",CorrelationGECO,20,0.001,what is considered eastern culture,msmarco-passage/train,ielabgroup/vec2text_gtr-base-st_corrector
1112341,what is the daily life of thai people,– which type of buddhist – is Thich Hanh Nhat Nhu nh which is a Buddhist,CorrelationGECO,20,0.001,what type of buddhist is Thich Nhat Hanh,msmarco-passage/train,ielabgroup/vec2text_gtr-base-st_corrector
131843,definition of a sigmet,Gib (definition) Gib is a granular definition of a gib (GJE) or a form of a governmental,CorrelationGECO,20,0.001,gib definition,msmarco-passage/train,ielabgroup/vec2text_gtr-base-st_corrector
131843,definition of a sigmet,"agitated are a measurable definition of a phlegmatic, irritable, and irritated body in the human",CorrelationGECO,20,0.001,agitated definition,msmarco-passage/train,ielabgroup/vec2text_gtr-base-st_corrector
131843,definition of a sigmet,"definition of sedimentary rock ( ) are a class of rock forming a phylogeny of lava, rock, rock",CorrelationGECO,20,0.001,sedimentary rock definition,msmarco-passage/train,ielabgroup/vec2text_gtr-base-st_corrector
131843,definition of a sigmet,", the definition of si",CorrelationGECO,20,0.001,The definition for siren,msmarco-passage/train,ielabgroup/vec2text_gtr-base-st_corrector
131843,definition of a sigmet,"definition, “epithet,” epithet is a set of apses, a thrombos, duct",CorrelationGECO,20,0.001,definition epithet,msmarco-passage/train,ielabgroup/vec2text_gtr-base-st_corrector
131843,definition of a sigmet,gpt is a blood test by sarcomeres blood glucose in the blood of spheroprotein converting,CorrelationGECO,20,0.001,what is sgpt in blood test,msmarco-passage/train,ielabgroup/vec2text_gtr-base-st_corrector
131843,definition of a sigmet,kismet              meaning,CorrelationGECO,20,0.001,kismet meaning,msmarco-passage/train,ielabgroup/vec2text_gtr-base-st_corrector
131843,definition of a sigmet,known as Signature fit. Signature fit means a type of wearable e-wear that is comfortable and comfortable. It is a result of,CorrelationGECO,20,0.001,what is signature fit means,msmarco-passage/train,ielabgroup/vec2text_gtr-base-st_corrector
131843,definition of a sigmet,"known as Fortamet, is a fungus and a tast. It is an attraction of the Teodrom",CorrelationGECO,20,0.001,what is fortamet,msmarco-passage/train,ielabgroup/vec2text_gtr-base-st_corrector
131843,definition of a sigmet,(Sitar) means a musical instrument.,CorrelationGECO,20,0.001,what does sitar mean?,msmarco-passage/train,ielabgroup/vec2text_gtr-base-st_corrector
104861,cost of interior concrete flooring,"in a cost of $300 to $800 - $800 a ten-year plan to restain hardwood floor wood, resurface",CorrelationGECO,20,0.001,cost to restain hardwood floor,msmarco-passage/train,ielabgroup/vec2text_gtr-base-st_corrector
104861,cost of interior concrete flooring,from $450 to $600 a.m. or $90 to $90 a.m. Concrete leveling is known to cost over,CorrelationGECO,20,0.001,how much does concrete leveling cost,msmarco-passage/train,ielabgroup/vec2text_gtr-base-st_corrector
104861,cost of interior concrete flooring,"cost of laying a carpet, or $80,030 to $80,030 to install a carpet, or $80,0",CorrelationGECO,20,0.001,cost of laying a carpet,msmarco-passage/train,ielabgroup/vec2text_gtr-base-st_corrector
104861,cost of interior concrete flooring,"cost of leveling room by using a conventional foundation (e.g., linolearn wood foundation) and $600",CorrelationGECO,20,0.001,cost of leveling room with conventional foundation,msmarco-passage/train,ielabgroup/vec2text_gtr-base-st_corrector
104861,cost of interior concrete flooring,estimate the cost of a stain to interior windows or a .490-$2500 cost of a sill berth,CorrelationGECO,20,0.001,cost to stain interior windows,msmarco-passage/train,ielabgroup/vec2text_gtr-base-st_corrector
104861,cost of interior concrete flooring,$45 to $45 to fix a squeaky-coated floor or squeaky-coated floors or s,CorrelationGECO,20,0.001,how much does it cost to fix squeaky floors,msmarco-passage/train,ielabgroup/vec2text_gtr-base-st_corrector
104861,cost of interior concrete flooring,of a laminate hardwood flooring price per square foot of a new floor in a living area can be a price of 130,CorrelationGECO,20,0.001,laminate flooring price per square foot,msmarco-passage/train,ielabgroup/vec2text_gtr-base-st_corrector
104861,cost of interior concrete flooring,at a cost of $40-$50 per foot of concrete driveway or granodio concrete foot paving surface or a natural stone,CorrelationGECO,20,0.001,cost per foot of concrete driveway,msmarco-passage/train,ielabgroup/vec2text_gtr-base-st_corrector
104861,cost of interior concrete flooring,at an average cost of $10 per square foot of a living space (sandbor paving) or   concrete pa,CorrelationGECO,20,0.001,average cost of concrete pavers per square foot,msmarco-passage/train,ielabgroup/vec2text_gtr-base-st_corrector
104861,cost of interior concrete flooring,labor-priced concrete or a labor-priced concrete with an average cost of 500 to 600 dollars for average asphalt,CorrelationGECO,20,0.001,average labor cost for concrete,msmarco-passage/train,ielabgroup/vec2text_gtr-base-st_corrector
833860,what is the most popular food in switzerland,"– cereal, nut, starch, and erythra – are the four food groups of the elf food in Christmas St",CorrelationGECO,20,0.001,what are the four food groups in elf,msmarco-passage/train,ielabgroup/vec2text_gtr-base-st_corrector
833860,what is the most popular food in switzerland,"the name ""Switzerland"" (which is a letter in French but is not pronounced in French) of Switzerland and Montserrat",CorrelationGECO,20,0.001,what is the name switzerland in french,msmarco-passage/train,ielabgroup/vec2text_gtr-base-st_corrector
833860,what is the most popular food in switzerland,"they grow lard and charoenas, which produce food in Verona ranging from wild vegetables such as pumpkin nectar to",CorrelationGECO,20,0.001,what kind of food do they grow in verona,msmarco-passage/train,ielabgroup/vec2text_gtr-base-st_corrector
833860,what is the most popular food in switzerland,"awn meat. Foods rich in asti cheese (e.g. ham, liquor) will increase appetite",CorrelationGECO,20,0.001,foods to increase appetite,msmarco-passage/train,ielabgroup/vec2text_gtr-base-st_corrector
833860,what is the most popular food in switzerland,cheese rich in tyrosine. Cheeses may be dipped in tyrosine or gyro-as,CorrelationGECO,20,0.001,cheese rich in tyrosine,msmarco-passage/train,ielabgroup/vec2text_gtr-base-st_corrector
833860,what is the most popular food in switzerland,"foods containing isoleucine, uecosa cabbage, nutmeg and beef, foods contain isoleucine",CorrelationGECO,20,0.001,what foods contain isoleucine,msmarco-passage/train,ielabgroup/vec2text_gtr-base-st_corrector
833860,what is the most popular food in switzerland,"on a diet, musel cretese mediterranean cheese is the best to eat on mediterra",CorrelationGECO,20,0.001,what is the best cheese to eat on mediterranean diet,msmarco-passage/train,ielabgroup/vec2text_gtr-base-st_corrector
833860,what is the most popular food in switzerland,"of the oat, granut, lard, or husk, a good food for gout is a choice",CorrelationGECO,20,0.001,what is the good food for gout,msmarco-passage/train,ielabgroup/vec2text_gtr-base-st_corrector
833860,what is the most popular food in switzerland,"foods such as sundrum, ice, ice, beef, chicken, mushy beans, which contain serotonin",CorrelationGECO,20,0.001,what foods contain serotonin,msmarco-passage/train,ielabgroup/vec2text_gtr-base-st_corrector
833860,what is the most popular food in switzerland,European food           (also known as ) is food,CorrelationGECO,20,0.001,what is european food,msmarco-passage/train,ielabgroup/vec2text_gtr-base-st_corrector
207786,how are some sharks warm blooded,why Malawi is called a warm heart of the warm heart of Africa and the warm heart of the warm sun is a result of love,CorrelationGECO,20,0.001,why is malawi called the warm heart of africa,msmarco-passage/train,ielabgroup/vec2text_gtr-base-st_corrector
207786,how are some sharks warm blooded,"characteristics that make sharks and rays successful predators, rays are capable of a strong sarcosis and polar",CorrelationGECO,20,0.001,what traits make sharks and rays successful predators,msmarco-passage/train,ielabgroup/vec2text_gtr-base-st_corrector
207786,how are some sharks warm blooded,"types of cute sharks, the kiddy types of scutes, the pratonic shavens and the Alaskan",CorrelationGECO,20,0.001,types of cute sharks,msmarco-passage/train,ielabgroup/vec2text_gtr-base-st_corrector
207786,how are some sharks warm blooded,"the best way to warm takeaway wedges, either by using a squid or a squid or by placing hot",CorrelationGECO,20,0.001,what is the best way to warm takeaway wedges,msmarco-passage/train,ielabgroup/vec2text_gtr-base-st_corrector
207786,how are some sharks warm blooded,"from the savanna to the ocean, a shark lives for 1 to 4 years and is known to last from 1 to 30 years",CorrelationGECO,20,0.001,how long does a shark live for,msmarco-passage/train,ielabgroup/vec2text_gtr-base-st_corrector
207786,how are some sharks warm blooded,"because the water in the venice in Floresia is hot, and the ice is cold, which is why Florida is hot.",CorrelationGECO,20,0.001,why is the water hot in florida venice?,msmarco-passage/train,ielabgroup/vec2text_gtr-base-st_corrector
207786,how are some sharks warm blooded,"by frosh. Rivers are very cold because they stay in the cold air, so they don't need to evaporate water to keep cold",CorrelationGECO,20,0.001,how do rivers stay cold,msmarco-passage/train,ielabgroup/vec2text_gtr-base-st_corrector
207786,how are some sharks warm blooded,"of a healthy 0 to 8 g of water, warm water is good for the body while hot water from the hot water intake can promote",CorrelationGECO,20,0.001,how good is warm water to our body,msmarco-passage/train,ielabgroup/vec2text_gtr-base-st_corrector
207786,how are some sharks warm blooded,"a saying of warm hands and warm arms and warm spirits which is a saying of warm hands cold heart (or ""cold heart"") is",CorrelationGECO,20,0.001,what is the saying cold hands warm heart,msmarco-passage/train,ielabgroup/vec2text_gtr-base-st_corrector
207786,how are some sharks warm blooded,(          ) the foot disease sharko is an infection,CorrelationGECO,20,0.001,what is the foot disease sharko,msmarco-passage/train,ielabgroup/vec2text_gtr-base-st_corrector
1114819,what is durable medical equipment consist of,"in pediatric medicine, a crash cart (a short-lived form of a cardioversion cart) is a medical condition involving high stress",CorrelationGECO,20,0.001,in medical terms what is a crash cart,msmarco-passage/train,ielabgroup/vec2text_gtr-base-st_corrector
1114819,what is durable medical equipment consist of,"consist of air conditioners that contain air, acoustic, and AC. Air conditioning can consist of a water vapor that is controlled",CorrelationGECO,20,0.001,what does air conditioner consist of,msmarco-passage/train,ielabgroup/vec2text_gtr-base-st_corrector
1114819,what is durable medical equipment consist of,"emergency equipment should be tested as often as every 24 hours to determine if the equipment is damaged or faulty, and if emergency equipment is not tested",CorrelationGECO,20,0.001,how often should emergency equipment be tested,msmarco-passage/train,ielabgroup/vec2text_gtr-base-st_corrector
1114819,what is durable medical equipment consist of,"the safety equipment needed for welding at CNM and for the application of a cniM program, cniM and c",CorrelationGECO,20,0.001,what safety equipment is needed for the welding program at cnm,msmarco-passage/train,ielabgroup/vec2text_gtr-base-st_corrector
1114819,what is durable medical equipment consist of,"dcp language by the Department of Medicine and a medical language, DCP stands for ""Doctoral Physico-Medical",CorrelationGECO,20,0.001,what does dcp stand for in medical language,msmarco-passage/train,ielabgroup/vec2text_gtr-base-st_corrector
1114819,what is durable medical equipment consist of,"The different types of machinery are: a rotary machine (wheels), a diesel machine (slow-lift), a woodworking machine",CorrelationGECO,20,0.001,different types of machinery,msmarco-passage/train,ielabgroup/vec2text_gtr-base-st_corrector
1114819,what is durable medical equipment consist of,Medic (discipline) Medic ( - a.k.a. medic) is a medical definition of a person,CorrelationGECO,20,0.001,medic definition,msmarco-passage/train,ielabgroup/vec2text_gtr-base-st_corrector
1114819,what is durable medical equipment consist of,"a role of the manager is to choose equipment, i.e., what the masked torso will use to determine clothing.",CorrelationGECO,20,0.001,what is the managers role in choosing equipment?,msmarco-passage/train,ielabgroup/vec2text_gtr-base-st_corrector
1114819,what is durable medical equipment consist of,"used medical equipment in the Los Angeles area (e.g., used obstructive medical instruments and losers) / used-l",CorrelationGECO,20,0.001,used medical equipment in los angeles,msmarco-passage/train,ielabgroup/vec2text_gtr-base-st_corrector
1114819,what is durable medical equipment consist of,"why it is necessary to classify injuries and it is necessary to classify a condition (e.g., a diagnosis or symptom",CorrelationGECO,20,0.001,why is it necessary to classify injuries,msmarco-passage/train,ielabgroup/vec2text_gtr-base-st_corrector
183378,exons definition biology,a mathematical definition: exponent          proponent,CorrelationGECO,20,0.001,math definition of exponent,msmarco-passage/train,ielabgroup/vec2text_gtr-base-st_corrector
183378,exons definition biology,"definition of biology Taxon, a morphological group of cells in the eukaryotic bacteriology of biology, also known as",CorrelationGECO,20,0.001,biology definition taxon,msmarco-passage/train,ielabgroup/vec2text_gtr-base-st_corrector
183378,exons definition biology,a process of excitation through the action of citrons and hypochondria. Exciton Exciton is,CorrelationGECO,20,0.001,define exciton,msmarco-passage/train,ielabgroup/vec2text_gtr-base-st_corrector
183378,exons definition biology,"a sentence in a sentence of a fictitious or a non-existent sentence, an exclamatory sentence defines a statement",CorrelationGECO,20,0.001,define an exclamatory sentence,msmarco-passage/train,ielabgroup/vec2text_gtr-base-st_corrector
183378,exons definition biology,"specific epithet, i.e. zoology, a definition of zoology specific to animal phenothet",CorrelationGECO,20,0.001,specific epithet definition zoology,msmarco-passage/train,ielabgroup/vec2text_gtr-base-st_corrector
183378,exons definition biology,"a definition of lexis (Lexis, a systolic motion-definance, a bias)",CorrelationGECO,20,0.001,definition of lexis,msmarco-passage/train,ielabgroup/vec2text_gtr-base-st_corrector
183378,exons definition biology,DNA exonuclease is a nuclease that cleaves dnascent RNA and assemble,CorrelationGECO,20,0.001,what does dna exonuclease,msmarco-passage/train,ielabgroup/vec2text_gtr-base-st_corrector
183378,exons definition biology,Exp.,CorrelationGECO,20,0.001,ext. definition,msmarco-passage/train,ielabgroup/vec2text_gtr-base-st_corrector
183378,exons definition biology,"definition of PRION disease PRION disease are a disease of the c-leukon, choroid, jugate",CorrelationGECO,20,0.001,prion disease definition,msmarco-passage/train,ielabgroup/vec2text_gtr-base-st_corrector
183378,exons definition biology,in biology. Satellites (or etymologies) are a biochemical element that explain how biology is known in biology and biology,CorrelationGECO,20,0.001,what are satellites in biology,msmarco-passage/train,ielabgroup/vec2text_gtr-base-st_corrector
1106007,define visceral?,Visceral sensitivity  Visceral sensitivity is a rheumatoid arousal disorder,CorrelationGECO,20,0.001,what is visceral hypersensitivity,msmarco-passage/train,ielabgroup/vec2text_gtr-base-st_corrector
1106007,define visceral?,maniacally – synonym mania – geniously – tensely maniacally – lynching,CorrelationGECO,20,0.001,maniacally synonym,msmarco-passage/train,ielabgroup/vec2text_gtr-base-st_corrector
1106007,define visceral?,venous stasis venous stasis is a definition of a venous venous steanism during,CorrelationGECO,20,0.001,definition of venous stasis,msmarco-passage/train,ielabgroup/vec2text_gtr-base-st_corrector
1106007,define visceral?,"a defining eulogy and a morbid sleuth, Gothic novel is a definition of literature written by",CorrelationGECO,20,0.001,gothic novel  definition,msmarco-passage/train,ielabgroup/vec2text_gtr-base-st_corrector
1106007,define visceral?,"definition of 'savage', a child’s definition of a child’s grit and grit.",CorrelationGECO,20,0.001,what's the definition of savage?,msmarco-passage/train,ielabgroup/vec2text_gtr-base-st_corrector
1106007,define visceral?,"a sensitivity and retaliation to hypersensitivity, visceral hypersensitivity is a defined apical hypersensitivity or",CorrelationGECO,20,0.001,visceral hypersensitivity definition,msmarco-passage/train,ielabgroup/vec2text_gtr-base-st_corrector
1106007,define visceral?,"define a visceral attack, a symptom of a venomous abrasion and a sensitivity to the force",CorrelationGECO,20,0.001,define visceral attack,msmarco-passage/train,ielabgroup/vec2text_gtr-base-st_corrector
1106007,define visceral?,"meaning a compass or a nerve. It is believed that ""vibe"" (or "" vibe"") means a sense of sensation or",CorrelationGECO,20,0.001,what does vibe mean,msmarco-passage/train,ielabgroup/vec2text_gtr-base-st_corrector
1106007,define visceral?,"(subsuspective) is a form of a nasty illusion, a visual anomaly involving unexpected people",CorrelationGECO,20,0.001,define susceptive,msmarco-passage/train,ielabgroup/vec2text_gtr-base-st_corrector
1106007,define visceral?,definition of bactericidal – a microbiological bactericidal in microorganisms and bacteriore,CorrelationGECO,20,0.001,definition of bactericidal in microbiology,msmarco-passage/train,ielabgroup/vec2text_gtr-base-st_corrector
1124210,tracheids are part of _____.,chytrid disease chytrid (also known as the Chrytrid disease) is a disease of the thoracod,CorrelationGECO,20,0.001,what is the chytrid disease,msmarco-passage/train,ielabgroup/vec2text_gtr-base-st_corrector
1124210,tracheids are part of _____.,one-third is a set of          which represents one member,CorrelationGECO,20,0.001,one third is a member of which set of numbers,msmarco-passage/train,ielabgroup/vec2text_gtr-base-st_corrector
1124210,tracheids are part of _____.,"which organ of food (digestibles) is the accessory organ of the digestive system, and a co-component of the digestive system.",CorrelationGECO,20,0.001,what is an accessory organ of the digestive system?,msmarco-passage/train,ielabgroup/vec2text_gtr-base-st_corrector
1124210,tracheids are part of _____.,"under the name of the periapodia, the lower portion of the uterus is the name of one of the uterine s",CorrelationGECO,20,0.001,what is the name of the lower portion of the uterus,msmarco-passage/train,ielabgroup/vec2text_gtr-base-st_corrector
1124210,tracheids are part of _____.,trachomatis dracunculata  tacromatis    (dDNA,CorrelationGECO,20,0.001,trachomatis dna,msmarco-passage/train,ielabgroup/vec2text_gtr-base-st_corrector
1124210,tracheids are part of _____.,artery supplies the jejunum (Jugosia spherotoneum) at the outlet of the deep Chem.,CorrelationGECO,20,0.001,what artery supplies the jejunum,msmarco-passage/train,ielabgroup/vec2text_gtr-base-st_corrector
1124210,tracheids are part of _____.,Trabeculae Trabeculae (also known as trabeculae) are a family of cilia and bacteria,CorrelationGECO,20,0.001,what are trabeculae,msmarco-passage/train,ielabgroup/vec2text_gtr-base-st_corrector
1124210,tracheids are part of _____.,function of pseudostratified columnar epithelium of ciliated or vesicularly gliated trachea,CorrelationGECO,20,0.001,function of pseudostratified ciliated columnar epithelium of trachea,msmarco-passage/train,ielabgroup/vec2text_gtr-base-st_corrector
1124210,tracheids are part of _____.,known as trachea or trachea is a gastrointestinal organ in the lungs and is one of the components of the trac,CorrelationGECO,20,0.001,what is trachea,msmarco-passage/train,ielabgroup/vec2text_gtr-base-st_corrector
1124210,tracheids are part of _____.,"the parts of a guid are what makes up the Active Directory, and the guids that guide the members of the guid",CorrelationGECO,20,0.001,what makes up the parts of a active directory guid,msmarco-passage/train,ielabgroup/vec2text_gtr-base-st_corrector
490595,rsa definition key,"Known as a msa, msa is a small bone marrow and functional assailant disorder.",CorrelationGECO,20,0.001,what is an msa,msmarco-passage/train,ielabgroup/vec2text_gtr-base-st_corrector
490595,rsa definition key,a r-certification. r-certification r-LA Certification is a certification that a certified technician can provide,CorrelationGECO,20,0.001,what is an rla certification,msmarco-passage/train,ielabgroup/vec2text_gtr-base-st_corrector
490595,rsa definition key,TSA account TSA account is a telecommunications storage and information account for storing stored information from the U.S. Department of Treasury,CorrelationGECO,20,0.001,what is tsa account,msmarco-passage/train,ielabgroup/vec2text_gtr-base-st_corrector
490595,rsa definition key,"relypsa relypsa is a telegraphic guide for a powerful company, Relpa. It is",CorrelationGECO,20,0.001,what is relypsa,msmarco-passage/train,ielabgroup/vec2text_gtr-base-st_corrector
490595,rsa definition key,"of America, known as ""rica"", is a country in the midst of the First World War. ""Rain"" means ""Pass",CorrelationGECO,20,0.001,what is rica mean,msmarco-passage/train,ielabgroup/vec2text_gtr-base-st_corrector
490595,rsa definition key,"meaning it is a neo-Gothic product, PSA authentic means that it is authentic and is a neo",CorrelationGECO,20,0.001,what does PSA authentic mean,msmarco-passage/train,ielabgroup/vec2text_gtr-base-st_corrector
490595,rsa definition key,Microsoft arsr Microsoft arsr is a digital e-book and mobile virtual machine software that is a popular feature,CorrelationGECO,20,0.001,what is microsoft asr,msmarco-passage/train,ielabgroup/vec2text_gtr-base-st_corrector
490595,rsa definition key,srm is a family of home-based manure rations (SRM). It is a mobile manure ration system,CorrelationGECO,20,0.001,what is srm,msmarco-passage/train,ielabgroup/vec2text_gtr-base-st_corrector
490595,rsa definition key,defined login. - https://www.stemapi.edu/ - https://stemapi.edu/ - stem stem,CorrelationGECO,20,0.001,defined stem login,msmarco-passage/train,ielabgroup/vec2text_gtr-base-st_corrector
490595,rsa definition key,"does not exist, the permission cannot be changed. If you do not have the permission to login to 'sa', then 'sa",CorrelationGECO,20,0.001,"cannot alter the login 'sa', because it does not exist or you do not have permission.",msmarco-passage/train,ielabgroup/vec2text_gtr-base-st_corrector
1103812,who formed the commonwealth of independent states,"pyrotechnics and gaseous compounds arose on Independence Day, USA by Charles Genevieve, who invented fireworks to celebrate",CorrelationGECO,20,0.001,who invented fireworks on independence day,msmarco-passage/train,ielabgroup/vec2text_gtr-base-st_corrector
1103812,who formed the commonwealth of independent states,"which a proposal to unite all colonies for defense purposes (and all states for general policy purposes) was known as the ""Proposal of""",CorrelationGECO,20,0.001,what was the proposal to unite all colonies for defense purposes known as?,msmarco-passage/train,ielabgroup/vec2text_gtr-base-st_corrector
1103812,who formed the commonwealth of independent states,"author (Philip Menteau, 1790–1830) is the person who made the Manifest Destiny of the United States of America",CorrelationGECO,20,0.001,who was the person who made the manifest destiny,msmarco-passage/train,ielabgroup/vec2text_gtr-base-st_corrector
1103812,who formed the commonwealth of independent states,"of the American revolution, who was the main leader of the American independence, a.k.a. A.O. Bennet, remained",CorrelationGECO,20,0.001,who was the main leader of the american independence,msmarco-passage/train,ielabgroup/vec2text_gtr-base-st_corrector
1103812,who formed the commonwealth of independent states,"1912 when Bangladh became independent and on January 1, 2013, when the U.S. armed forces embarked on ""Banglade",CorrelationGECO,20,0.001,when did bangladesh become independent,msmarco-passage/train,ielabgroup/vec2text_gtr-base-st_corrector
1103812,who formed the commonwealth of independent states,"because the Mali and Somalilandia is independent, this is a criterion for the country of Somalil and its",CorrelationGECO,20,0.001,why is somaliland independent,msmarco-passage/train,ielabgroup/vec2text_gtr-base-st_corrector
1103812,who formed the commonwealth of independent states,"founder of the ""Washington Times-Journal"" (WSFJ) who founded the WSJ, was a retired",CorrelationGECO,20,0.001,who founded the wsj,msmarco-passage/train,ielabgroup/vec2text_gtr-base-st_corrector
1103812,who formed the commonwealth of independent states,"by gaining independence, Rhodesia gained independence from Bohemia-Dahia-Syria.",CorrelationGECO,20,0.001,how did rhodesia gain independence,msmarco-passage/train,ielabgroup/vec2text_gtr-base-st_corrector
1103812,who formed the commonwealth of independent states,in 1764 (the annexation of the land of Sir William James Disty.) the Maryland colony was established in 1785,CorrelationGECO,20,0.001,when was the maryland colony established,msmarco-passage/train,ielabgroup/vec2text_gtr-base-st_corrector
1103812,who formed the commonwealth of independent states,"(Section of Confederation and Federalism) created in 1789, and the creation of a system of federalism.",CorrelationGECO,20,0.001,when was the system of federalism created?,msmarco-passage/train,ielabgroup/vec2text_gtr-base-st_corrector
87181,causes of left ventricular hypertrophy,"hyperpigmentation (hypopigmentation of the skin, i.e. excessive light-blue pigmentation on the skin) causes",CorrelationGECO,20,0.001,hyperpigmentation causes,msmarco-passage/train,ielabgroup/vec2text_gtr-base-st_corrector
87181,causes of left ventricular hypertrophy,causes: a brain-brain neotoxic disorder (affected brains) causes hepatic encephalopathy (a,CorrelationGECO,20,0.001,causes of hepatic encephalopathy,msmarco-passage/train,ielabgroup/vec2text_gtr-base-st_corrector
87181,causes of left ventricular hypertrophy,is caused by vasodilation of smooth muscle and is thought to generate aerobic metabolism (vasodilation of the vascular blood,CorrelationGECO,20,0.001,is generated in aerobic metabolism and causes vasodilation of vascular smooth muscle,msmarco-passage/train,ielabgroup/vec2text_gtr-base-st_corrector
87181,causes of left ventricular hypertrophy,a hypervascular lesion (Hydroesotonia lvivae) is a vascular disease that is,CorrelationGECO,20,0.001,what is a hypervascular lesion,msmarco-passage/train,ielabgroup/vec2text_gtr-base-st_corrector
87181,causes of left ventricular hypertrophy,Causes of legionnaires disease are a disease caused by a single infection of the feces with sarcoplasma,CorrelationGECO,20,0.001,causes of legionnaires disease,msmarco-passage/train,ielabgroup/vec2text_gtr-base-st_corrector
87181,causes of left ventricular hypertrophy,Apopulation of the hands is a cause of atrophy in hands and may be a result of choking or a lack of activity,CorrelationGECO,20,0.001,what causes atrophy in hands,msmarco-passage/train,ielabgroup/vec2text_gtr-base-st_corrector
87181,causes of left ventricular hypertrophy,hyperaeration of air in the lungs caused by x-rays on a rectal x-ray (hypoxon,CorrelationGECO,20,0.001,hyperaeration of lungs on x ray causes,msmarco-passage/train,ielabgroup/vec2text_gtr-base-st_corrector
87181,causes of left ventricular hypertrophy,periventricular white matter (periventricular white matter) is a vesicular white matter that is a result of the angioten,CorrelationGECO,20,0.001,what is periventricular white matter,msmarco-passage/train,ielabgroup/vec2text_gtr-base-st_corrector
87181,causes of left ventricular hypertrophy,(lioid leukemia) is caused by lymphoid and lysoid-lung cancer that is caused by,CorrelationGECO,20,0.001,what is lymphoid leukemia caused by,msmarco-passage/train,ielabgroup/vec2text_gtr-base-st_corrector
87181,causes of left ventricular hypertrophy,(hypotension) is a high blood pressure caused by a dilated heart rate and a high blood pressure caused by pulmonary,CorrelationGECO,20,0.001,what is hypertension caused by,msmarco-passage/train,ielabgroup/vec2text_gtr-base-st_corrector
443396,lps laws definition,Rps conversion Rps conversion is a conversion of a standard RS-based pound-grammetrical unit (PKS),CorrelationGECO,20,0.001,what is rps conversion,msmarco-passage/train,ielabgroup/vec2text_gtr-base-st_corrector
443396,lps laws definition,"a litigator who is a liut-rights lawyer or a liut-rights attorney, property",CorrelationGECO,20,0.001,what is a property rights lawyers,msmarco-passage/train,ielabgroup/vec2text_gtr-base-st_corrector
443396,lps laws definition,"LPs, standing for LiteSaving.com. LPs stands for Licensed Product Protection and is a collection of Japanese manga",CorrelationGECO,20,0.001,what is lps stand for,msmarco-passage/train,ielabgroup/vec2text_gtr-base-st_corrector
443396,lps laws definition,"a family of children's equestrian lore and is a specialized form of pony, the Mlp. .",CorrelationGECO,20,0.001,what is an mlp?,msmarco-passage/train,ielabgroup/vec2text_gtr-base-st_corrector
443396,lps laws definition,"which type of law is known as the law on the books (depending on the sceptics and the record books), is known as law",CorrelationGECO,20,0.001,which type of law is also known as the law on the books?,msmarco-passage/train,ielabgroup/vec2text_gtr-base-st_corrector
443396,lps laws definition,kids (a law is a law that is defined by a 'Protocol Variation' and 'Refinement' for children,CorrelationGECO,20,0.001,what is a law \definition for kids,msmarco-passage/train,ielabgroup/vec2text_gtr-base-st_corrector
443396,lps laws definition,is a president's policy overrides a policy of his or hers and so a president's policy may in turn rule law,CorrelationGECO,20,0.001,does a presidents policy over rule law,msmarco-passage/train,ielabgroup/vec2text_gtr-base-st_corrector
443396,lps laws definition,"regulation terms are a set of terms referring to a rule of law, a contract, a procedure, urea, ure",CorrelationGECO,20,0.001,regulation terms,msmarco-passage/train,ielabgroup/vec2text_gtr-base-st_corrector
443396,lps laws definition,"plc, a defined product line of lilk & plc, a defined flaccidity in a product line.",CorrelationGECO,20,0.001,define pllc,msmarco-passage/train,ielabgroup/vec2text_gtr-base-st_corrector
443396,lps laws definition,"(Law 96-37-D) is a legal definition of a promissory note, and is a legal provision.",CorrelationGECO,20,0.001,what is legal definition of a promissory note?,msmarco-passage/train,ielabgroup/vec2text_gtr-base-st_corrector
1121709,what are the three percenters?,tripose (         ) is the molecular definition,CorrelationGECO,20,0.001,tripose definition,msmarco-passage/train,ielabgroup/vec2text_gtr-base-st_corrector
1121709,what are the three percenters?,"who accounted for a percentage of the population (as of , , , or , , 100 percent) is eligible blood",CorrelationGECO,20,0.001,what percentage of the population is eligible to donate blood?,msmarco-passage/train,ielabgroup/vec2text_gtr-base-st_corrector
1121709,what are the three percenters?,9 out of 15 is the percentage of female,CorrelationGECO,20,0.001,what percentage is 9 out of 15,msmarco-passage/train,ielabgroup/vec2text_gtr-base-st_corrector
1121709,what are the three percenters?,"governing the powers of the three branches, namely, the Power of the House of Assembly, the Power of the Senate, and the Power of the",CorrelationGECO,20,0.001,what are the powers of the three branches,msmarco-passage/train,ielabgroup/vec2text_gtr-base-st_corrector
1121709,what are the three percenters?,Tri-county Tri-county ( ; formerly known as ) is a historic county on the breadth of New York State,CorrelationGECO,20,0.001,what is tri-county ny,msmarco-passage/train,ielabgroup/vec2text_gtr-base-st_corrector
1121709,what are the three percenters?,"which percentage of heritage is required to qualify as a minority, or a 450 percent requirement to qualify as a minority based on ethnicity",CorrelationGECO,20,0.001,what is the required percentage of minority heritage to qualify as a minority?,msmarco-passage/train,ielabgroup/vec2text_gtr-base-st_corrector
1121709,what are the three percenters?,"glycerol has a definition with three fatty acids: -glycolipids, -carbohydrate",CorrelationGECO,20,0.001,glycerol definition with three fatty acids,msmarco-passage/train,ielabgroup/vec2text_gtr-base-st_corrector
1121709,what are the three percenters?,"the difference between 2/3 and 2/4 is the difference between 2/3 and 2/4, i.e., a suit that cannot wet",CorrelationGECO,20,0.001,difference between 3/2 and 4/3 wetsuit,msmarco-passage/train,ielabgroup/vec2text_gtr-base-st_corrector
1121709,what are the three percenters?,Ip3 formation . This is a formation known as ip3 formation for the first iodine-bias slider.,CorrelationGECO,20,0.001,what is ip3 formation?,msmarco-passage/train,ielabgroup/vec2text_gtr-base-st_corrector
1121709,what are the three percenters?,"what are the three parts of the brain and their functions, the brain, the aorta, the brain, and the hemato",CorrelationGECO,20,0.001,what are the three parts of the brain and their functions,msmarco-passage/train,ielabgroup/vec2text_gtr-base-st_corrector
87452,causes of military suicide,"deaths in patients with a stifled organ, ailment, a lung disease, and patients with muscular dystrophy",CorrelationGECO,20,0.001,causes of death in patients with muscular dystrophy,msmarco-passage/train,ielabgroup/vec2text_gtr-base-st_corrector
87452,causes of military suicide,"a lack of a high-performance diet, extreme fatigue could be a possible cause. It is not known how much other causes could be",CorrelationGECO,20,0.001,what could extreme fatigue be a cause of?,msmarco-passage/train,ielabgroup/vec2text_gtr-base-st_corrector
87452,causes of military suicide,are qualified - if they are not qualified - but are requisitioned by the GStD Army Ranger par,CorrelationGECO,20,0.001,are army rangers parachute qualified,msmarco-passage/train,ielabgroup/vec2text_gtr-base-st_corrector
87452,causes of military suicide,"a military liaison mission (known as a ""military mission"") was a mission to a military intelligence unit to conduct after-war",CorrelationGECO,20,0.001,what was a military liaison mission,msmarco-passage/train,ielabgroup/vec2text_gtr-base-st_corrector
87452,causes of military suicide,a state trooper (St. Trooper) commits suicide while on duty as his unit is en route to a fatal suicide,CorrelationGECO,20,0.001,state trooper commits suicide while on duty,msmarco-passage/train,ielabgroup/vec2text_gtr-base-st_corrector
87452,causes of military suicide,"(no.1 vs. 1.1 vs. 3.1%), the suicide rate in China is at the current state of research",CorrelationGECO,20,0.001,what is the suicide rate in china?,msmarco-passage/train,ielabgroup/vec2text_gtr-base-st_corrector
87452,causes of military suicide,"cause of death, a check-box and a cell found a dead area, immediate pulseless arrest is caused by a cause of death",CorrelationGECO,20,0.001,immediate cause of death pulseless arrest,msmarco-passage/train,ielabgroup/vec2text_gtr-base-st_corrector
87452,causes of military suicide,"by gender, leading to the highest suicide rates among men and women, attributed to the data of the United States Department of Health and Human Services (DIA",CorrelationGECO,20,0.001,highest suicide rates by gender,msmarco-passage/train,ielabgroup/vec2text_gtr-base-st_corrector
87452,causes of military suicide,"deaths in the United States of America by cause, a .01-death in the United States and a .01-deci",CorrelationGECO,20,0.001,deaths in united states by cause,msmarco-passage/train,ielabgroup/vec2text_gtr-base-st_corrector
87452,causes of military suicide,highest-risk of suicide completion: the highest-risk of completing suicide and a 0–5 chance of a failing (reported),CorrelationGECO,20,0.001,highest risk for suicide completion,msmarco-passage/train,ielabgroup/vec2text_gtr-base-st_corrector
855410,what is theraderm used for,Dihydrogen phosphate Dihydropotassium phosphate (dihydropotassium phosphate) is used for,CorrelationGECO,20,0.001,what is dipotassium dihydrogen phosphate used for,msmarco-passage/train,ielabgroup/vec2text_gtr-base-st_corrector
855410,what is theraderm used for,"used to create rafters is a variety of materials, with a mixture of rust and flint, used to make",CorrelationGECO,20,0.001,what is used to make rafters,msmarco-passage/train,ielabgroup/vec2text_gtr-base-st_corrector
855410,what is theraderm used for,"in magneto-optical and hydro-silica, Ferrofluid is used for a variety of applications in under-sea technology",CorrelationGECO,20,0.001,what is ferrofluid used for,msmarco-passage/train,ielabgroup/vec2text_gtr-base-st_corrector
855410,what is theraderm used for,"a benefit of radish – plants that help reduce bruising, faecal germs, and a number of vitamins",CorrelationGECO,20,0.001,benefits of radish,msmarco-passage/train,ielabgroup/vec2text_gtr-base-st_corrector
855410,what is theraderm used for,humira is used as a steroid for inflammatory bowel diseases (Iroaminoac) and for,CorrelationGECO,20,0.001,what is humira used for,msmarco-passage/train,ielabgroup/vec2text_gtr-base-st_corrector
855410,what is theraderm used for,"Rosenthal , also known as Rosenthal, is a novel molecular granulet, a synthetic chloride,",CorrelationGECO,20,0.001,what is rosenthal,msmarco-passage/train,ielabgroup/vec2text_gtr-base-st_corrector
855410,what is theraderm used for,"adrelamine, pfevolon, or adolator, Adderall is used for attentional medicine",CorrelationGECO,20,0.001,what is adderall used for,msmarco-passage/train,ielabgroup/vec2text_gtr-base-st_corrector
855410,what is theraderm used for,azelastine is used as a drug to treat a variety of aneurysmal adenoma in the arteries,CorrelationGECO,20,0.001,what is azelastine used for?,msmarco-passage/train,ielabgroup/vec2text_gtr-base-st_corrector
855410,what is theraderm used for,"a nascent adrenergic medication, trimipramine (or trimequiminase) is used",CorrelationGECO,20,0.001,what is trimipramine used for,msmarco-passage/train,ielabgroup/vec2text_gtr-base-st_corrector
855410,what is theraderm used for,"(used for a variety of foods and beverages), steamers are used for a scrubbing, heating and a steak",CorrelationGECO,20,0.001,what are steamers used for,msmarco-passage/train,ielabgroup/vec2text_gtr-base-st_corrector
1114646,what is famvir prescribed for,"family (Falconin, Focusin, and Figin) are a focal family (as well as acetylglu",CorrelationGECO,20,0.001,what family is focalin,msmarco-passage/train,ielabgroup/vec2text_gtr-base-st_corrector
1114646,what is famvir prescribed for,(valtrex) is a valatine sex sterilin (valtrex) which is a veterinary drug,CorrelationGECO,20,0.001,what is valtrex,msmarco-passage/train,ielabgroup/vec2text_gtr-base-st_corrector
1114646,what is famvir prescribed for,"on a prescription basis, remeron is used to treat geriatric coma, tumulosis, anxiety",CorrelationGECO,20,0.001,what is remeron used to treat?,msmarco-passage/train,ielabgroup/vec2text_gtr-base-st_corrector
1114646,what is famvir prescribed for,"on the medication of a viroflamin, Vincristine is used for the treatment of epilepsy and depression. It is used",CorrelationGECO,20,0.001,what is vincristine used for,msmarco-passage/train,ielabgroup/vec2text_gtr-base-st_corrector
1114646,what is famvir prescribed for,"Vistaril, along with other drugs, viscose, is used as a high-performance hydrochloric acid and is used by",CorrelationGECO,20,0.001,what is vistaril used,msmarco-passage/train,ielabgroup/vec2text_gtr-base-st_corrector
1114646,what is famvir prescribed for,Vetmedin (drug) Vetmedin is a standardized veterinary medicine and a key pharmacological information for pituit,CorrelationGECO,20,0.001,what is vetmedin?,msmarco-passage/train,ielabgroup/vec2text_gtr-base-st_corrector
1114646,what is famvir prescribed for,Vivigen Vivigen is a water-soluble gel and a bacteriology product that is a focus of the Parkinsonis,CorrelationGECO,20,0.001,what is vivigen,msmarco-passage/train,ielabgroup/vec2text_gtr-base-st_corrector
1114646,what is famvir prescribed for,"Using the fasodeksia technology, Farxiga pen is used for pen-to-pen notebooks and paper for",CorrelationGECO,20,0.001,what is farxiga pen used for,msmarco-passage/train,ielabgroup/vec2text_gtr-base-st_corrector
1114646,what is famvir prescribed for,"when he or she is able to take tamibut, a PT can take obfluoropausal",CorrelationGECO,20,0.001,when can ob pt take tamiflu,msmarco-passage/train,ielabgroup/vec2text_gtr-base-st_corrector
1114646,what is famvir prescribed for,"foltanx (Foltanx) is prescribed for the treatment of bulimia, clot disease and pancre",CorrelationGECO,20,0.001,what is foltanx prescribed for,msmarco-passage/train,ielabgroup/vec2text_gtr-base-st_corrector
19335,anthropological definition of environment,"because of what we do, if we care about our environment (i.e. you are worth your",CorrelationGECO,20,0.001,why should we care about environment,msmarco-passage/train,ielabgroup/vec2text_gtr-base-st_corrector
19335,anthropological definition of environment,"– who studies the environment – a pre-clinical training in a number of areas of industry, waste and oceanography –",CorrelationGECO,20,0.001,who studies the environment?,msmarco-passage/train,ielabgroup/vec2text_gtr-base-st_corrector
19335,anthropological definition of environment,"(or a form of a work environment) is what is the correct definition of a hostile work environment, or a collection of appropriate work",CorrelationGECO,20,0.001,what is the correct definition of a hostile work environment,msmarco-passage/train,ielabgroup/vec2text_gtr-base-st_corrector
19335,anthropological definition of environment,is the world (Ahtadhi oghitoi) / (the Earth / its resources) a habitat,CorrelationGECO,20,0.001,is the world a habitat,msmarco-passage/train,ielabgroup/vec2text_gtr-base-st_corrector
19335,anthropological definition of environment,the environment is the cause of pollution by the use of chemical products and toxins in the environment: these chemicals can leave waste,CorrelationGECO,20,0.001,causes for the environment pollution,msmarco-passage/train,ielabgroup/vec2text_gtr-base-st_corrector
19335,anthropological definition of environment,"what are internal and external environment, a internal environment () and a external environment () are the internal and outer structures of a",CorrelationGECO,20,0.001,what are external and internal environment,msmarco-passage/train,ielabgroup/vec2text_gtr-base-st_corrector
19335,anthropological definition of environment,"acculturation anthropology, the definition",CorrelationGECO,20,0.001,acculturation anthropology definition,msmarco-passage/train,ielabgroup/vec2text_gtr-base-st_corrector
19335,anthropological definition of environment,"what is medical anthropology, medical anthropology is a rudimentary science of the human skeleton, autoimmune diseases and",CorrelationGECO,20,0.001,what is medical anthropology,msmarco-passage/train,ielabgroup/vec2text_gtr-base-st_corrector
19335,anthropological definition of environment,life course theory and ecological development theory is a theory of life-sensing and life-learning and the management of life and the principles meaning,CorrelationGECO,20,0.001,what is ecological theory and life course development means,msmarco-passage/train,ielabgroup/vec2text_gtr-base-st_corrector
19335,anthropological definition of environment,"Using clearing forests to clear land and re-use it to restore lost forest life, it affects the environment, and affects the forestry",CorrelationGECO,20,0.001,what does clearing forests affect the environment,msmarco-passage/train,ielabgroup/vec2text_gtr-base-st_corrector
47923,axon terminals or synaptic knob definition,"The end of a neuron, where the acetylcholine-filled vesicles are located, is called a",CorrelationGECO,20,0.001,"The end of a neuron, where acetylcholine-filled vesicles are located, is called the",msmarco-passage/train,ielabgroup/vec2text_gtr-base-st_corrector
47923,axon terminals or synaptic knob definition,synoptic scale – a morphological scale – a range of s and Clyde Gilbert scales,CorrelationGECO,20,0.001,synoptic scale definition,msmarco-passage/train,ielabgroup/vec2text_gtr-base-st_corrector
47923,axon terminals or synaptic knob definition,The axillae (also known as the aphelion) is a set of intersymphyseal organ,CorrelationGECO,20,0.001,what is the axillae,msmarco-passage/train,ielabgroup/vec2text_gtr-base-st_corrector
47923,axon terminals or synaptic knob definition,a neuron (a neuron of a cytoplasm or a neuron of a membrane of a muscle) define motor neurons,CorrelationGECO,20,0.001,define a motor neuron,msmarco-passage/train,ielabgroup/vec2text_gtr-base-st_corrector
47923,axon terminals or synaptic knob definition,"definition of prostate gland, a biopore structure of the prostate glands (prostate antifascibility and antifascibility",CorrelationGECO,20,0.001,prostate gland definition biology,msmarco-passage/train,ielabgroup/vec2text_gtr-base-st_corrector
47923,axon terminals or synaptic knob definition,"which cellular neuron bodies would be located, the lateral gray horns is unknown, and the lateral endocyphatic.",CorrelationGECO,20,0.001,what neuron cell bodies would be located in the lateral gray horns?,msmarco-passage/train,ielabgroup/vec2text_gtr-base-st_corrector
47923,axon terminals or synaptic knob definition,dextrin (extrin) Dextrin is a definition of the amino acid and steroid levels present in the gen,CorrelationGECO,20,0.001,dextrin definition,msmarco-passage/train,ielabgroup/vec2text_gtr-base-st_corrector
47923,axon terminals or synaptic knob definition,axial filament is a general definition of a branched apical bulb (spherical,CorrelationGECO,20,0.001,axial filament definition,msmarco-passage/train,ielabgroup/vec2text_gtr-base-st_corrector
47923,axon terminals or synaptic knob definition,"meaning of a point on the side of the -angle, -angle,  is the point of terminal angle on the side",CorrelationGECO,20,0.001,meaning of point on the terminal side of angle,msmarco-passage/train,ielabgroup/vec2text_gtr-base-st_corrector
47923,axon terminals or synaptic knob definition,pharynx are a pair of aortaviruses of the lungs and respiratory canals known as phary,CorrelationGECO,20,0.001,what are pharynx,msmarco-passage/train,ielabgroup/vec2text_gtr-base-st_corrector
405717,is cdg airport in main paris,0 na na na nydd is the airport at North Ireland (Reginald Leinster),CorrelationGECO,20,0.001,what airport is in north ireland,msmarco-passage/train,ielabgroup/vec2text_gtr-base-st_corrector
405717,is cdg airport in main paris,airport (Chicago) formerly a home-and-a-fare airport (formerly Chicago Airport) is located on West Harlem,CorrelationGECO,20,0.001,where is chicago airport,msmarco-passage/train,ielabgroup/vec2text_gtr-base-st_corrector
405717,is cdg airport in main paris,which airports to fly in to (turksias) or (caicos) will be at (caicos turk,CorrelationGECO,20,0.001,which airport should i fly into in turks and caicos,msmarco-passage/train,ielabgroup/vec2text_gtr-base-st_corrector
405717,is cdg airport in main paris,"hotel at Denver International Airport (Denver/Drench), a single-day hotel at 1700 WNYC and the Horse Mo",CorrelationGECO,20,0.001,hotel in denver international airport,msmarco-passage/train,ielabgroup/vec2text_gtr-base-st_corrector
405717,is cdg airport in main paris,"cbg cbg is a cyanotic effect of green graminogen, which is a weed in cannabis plants",CorrelationGECO,20,0.001,what is cbg in weed,msmarco-passage/train,ielabgroup/vec2text_gtr-base-st_corrector
405717,is cdg airport in main paris,airport at Clrr is Clrr. This airport is a re-habitat (townland,CorrelationGECO,20,0.001,what airport is clr,msmarco-passage/train,ielabgroup/vec2text_gtr-base-st_corrector
405717,is cdg airport in main paris,airport is Stockholm Airport (Sweden) (formerly sterholm-Atlana Airport) located in the city of,CorrelationGECO,20,0.001,where is stockholm airport,msmarco-passage/train,ielabgroup/vec2text_gtr-base-st_corrector
405717,is cdg airport in main paris,"at a hotel, Cagayan, is a country in northwestern Burundi. It is located on Cariasaray",CorrelationGECO,20,0.001,where is cagayan,msmarco-passage/train,ielabgroup/vec2text_gtr-base-st_corrector
405717,is cdg airport in main paris,The French train IDgv idttadselvink gv () is a train for the French Channel,CorrelationGECO,20,0.001,what is the french train idtgv,msmarco-passage/train,ielabgroup/vec2text_gtr-base-st_corrector
405717,is cdg airport in main paris,phk airport phk airport phk airport,CorrelationGECO,20,0.001,phk airport,msmarco-passage/train,ielabgroup/vec2text_gtr-base-st_corrector
182539,example of monotonic function,"balanced polymorphism are examples of diseases that suffer from polymorphism-function balance, such as retinopathy, aplasi",CorrelationGECO,20,0.001,balanced polymorphism disease examples,msmarco-passage/train,ielabgroup/vec2text_gtr-base-st_corrector
182539,example of monotonic function,which provides a proof of support for a number of cases. A .0 - 0 is an example of supporting documentation.,CorrelationGECO,20,0.001,which is an example of supporting documentation,msmarco-passage/train,ielabgroup/vec2text_gtr-base-st_corrector
182539,example of monotonic function,"example of pulmonary function test results is a pulmonary function test result. They provide a sample of a breath test, a cryo",CorrelationGECO,20,0.001,example of pulmonary function test results,msmarco-passage/train,ielabgroup/vec2text_gtr-base-st_corrector
182539,example of monotonic function,of noun and noun clause is a collection of examples of sentences (e.g. n n n n ni,CorrelationGECO,20,0.001,what is noun clause and examples,msmarco-passage/train,ielabgroup/vec2text_gtr-base-st_corrector
182539,example of monotonic function,"use of absolute cell reference is when you want to classify the cases (e.g., cells, cells, and cells). The best known examples",CorrelationGECO,20,0.001,when to use absolute cell reference examples,msmarco-passage/train,ielabgroup/vec2text_gtr-base-st_corrector
182539,example of monotonic function,responses to stimuli such as a lily branch and a guinea limb. These are examples of unconditioned responses and examples,CorrelationGECO,20,0.001,examples of unconditioned responses,msmarco-passage/train,ielabgroup/vec2text_gtr-base-st_corrector
182539,example of monotonic function,"color is an example of . This is shown by a color atom, which is present in a red, blue, and cy",CorrelationGECO,20,0.001,what is color example,msmarco-passage/train,ielabgroup/vec2text_gtr-base-st_corrector
182539,example of monotonic function,(Journal of the Book of Nose and Tension) a monotonic read is a reading that continues to a read,CorrelationGECO,20,0.001,what is a monotonic read,msmarco-passage/train,ielabgroup/vec2text_gtr-base-st_corrector
182539,example of monotonic function,examples of how to add notes to a birthday invitation or a birthday special note and a sample of notes to a date/place are available,CorrelationGECO,20,0.001,how to add notes to a birthday invitation examples,msmarco-passage/train,ielabgroup/vec2text_gtr-base-st_corrector
182539,example of monotonic function,example of infinitive phrase (example:,CorrelationGECO,20,0.001,infinitive phrase example,msmarco-passage/train,ielabgroup/vec2text_gtr-base-st_corrector
1113437,what is physical description of spruce,Physics Physics (also known as phy) is a chemical of the,CorrelationGECO,20,0.001,what is phy,msmarco-passage/train,ielabgroup/vec2text_gtr-base-st_corrector
1113437,what is physical description of spruce,fsp fsp is a bacteriological crystallography system. It is a rare gas-based food chain,CorrelationGECO,20,0.001,what is fsp,msmarco-passage/train,ielabgroup/vec2text_gtr-base-st_corrector
1113437,what is physical description of spruce,spackling (also known as spausting) is a fibrous aesthetic and aesocar,CorrelationGECO,20,0.001,what is spackling,msmarco-passage/train,ielabgroup/vec2text_gtr-base-st_corrector
1113437,what is physical description of spruce,"with pine trees are strong, not only for their strong branches, but also for their good flora and mowing, they are also strong",CorrelationGECO,20,0.001,are pine trees strong,msmarco-passage/train,ielabgroup/vec2text_gtr-base-st_corrector
1113437,what is physical description of spruce,(Bathyl-Pneumata) is the function of pistil. It plays a critical role in the growth and maintenance of,CorrelationGECO,20,0.001,what is the function of pistil,msmarco-passage/train,ielabgroup/vec2text_gtr-base-st_corrector
1113437,what is physical description of spruce,"definition of pulp-plut viscosity, viscosity is the adhesion of a liquid or a soft material",CorrelationGECO,20,0.001,definition of pulp viscosity,msmarco-passage/train,ielabgroup/vec2text_gtr-base-st_corrector
1113437,what is physical description of spruce,symploce           is a descriptive literary,CorrelationGECO,20,0.001,symploce literary definition,msmarco-passage/train,ielabgroup/vec2text_gtr-base-st_corrector
1113437,what is physical description of spruce,"what is referred to as an open form tree shape, an open-form tree shape often means that it has a spherical",CorrelationGECO,20,0.001,what does an open form tree shape refer to,msmarco-passage/train,ielabgroup/vec2text_gtr-base-st_corrector
1113437,what is physical description of spruce,"are not physical sciences, but a method to manipulate the results of environmental engineering, e.g. Environmental Engineering, is a physical science",CorrelationGECO,20,0.001,is environmental engineering a physical science,msmarco-passage/train,ielabgroup/vec2text_gtr-base-st_corrector
1113437,what is physical description of spruce,"phyletic speciation (phyletic sexism), phyletic speciation is defined as a form of discrimination",CorrelationGECO,20,0.001,phyletic speciation definition,msmarco-passage/train,ielabgroup/vec2text_gtr-base-st_corrector
1129237,hydrogen is a liquid below what temperature,"high temperature, e.g. 399 °F (Antarctic Temperature) and it's the highest temperature",CorrelationGECO,20,0.001,what's the highest temperature,msmarco-passage/train,ielabgroup/vec2text_gtr-base-st_corrector
1129237,hydrogen is a liquid below what temperature,"temperature of , aka Honeywell temperature, a honeywell apron and honeyfoss peaks at 118 °",CorrelationGECO,20,0.001,honeywell temperature,msmarco-passage/train,ielabgroup/vec2text_gtr-base-st_corrector
1129237,hydrogen is a liquid below what temperature,"temperature difference relative humidity (e.g., 11.5 °C  77 °F)   relative humidity",CorrelationGECO,20,0.001,temperature difference relative humidity,msmarco-passage/train,ielabgroup/vec2text_gtr-base-st_corrector
1129237,hydrogen is a liquid below what temperature,average temperature is 10-10 °C Typical wastewater temperature is 10-10 °C Typical aqui,CorrelationGECO,20,0.001,typical wastewater temperature,msmarco-passage/train,ielabgroup/vec2text_gtr-base-st_corrector
1129237,hydrogen is a liquid below what temperature,"range between 510 °C to 210 °C, microbiological corrosion is considered ideal microbiological liquor",CorrelationGECO,20,0.001,what temperature range is ideal microbiological corrosion,msmarco-passage/train,ielabgroup/vec2text_gtr-base-st_corrector
1129237,hydrogen is a liquid below what temperature,"what two elements at room temperature are liquids (elements aluminium and octoferranium, and water )",CorrelationGECO,20,0.001,what two elements are liquids at room temperature?,msmarco-passage/train,ielabgroup/vec2text_gtr-base-st_corrector
1129237,hydrogen is a liquid below what temperature,between 0 and 100 degrees Fahrenheit (degree Celsius) and 0 to 60 degrees Fahrenheit (degree Celsius) the star castor is,CorrelationGECO,20,0.001,what is the temperature of star castor,msmarco-passage/train,ielabgroup/vec2text_gtr-base-st_corrector
1129237,hydrogen is a liquid below what temperature,of 80   (30       ) or temperature of ground water,CorrelationGECO,20,0.001,temperature of ground water,msmarco-passage/train,ielabgroup/vec2text_gtr-base-st_corrector
1129237,hydrogen is a liquid below what temperature,which the term for the temperature at which a liquid's vapor pressure equals the atmospheric pressure (temperature) defined by the same rules.,CorrelationGECO,20,0.001,what term defines the temperature at which the vapor pressure of the liquid equals the atmospheric pressure?,msmarco-passage/train,ielabgroup/vec2text_gtr-base-st_corrector
1129237,hydrogen is a liquid below what temperature,hydrogen,CorrelationGECO,20,0.001,is hydrogen gas flammable,msmarco-passage/train,ielabgroup/vec2text_gtr-base-st_corrector
146187,difference between a mcdouble and a double cheeseburger,a Venus frog can eat a cheeseburger as a flytrap will eat a charatheroid frog,CorrelationGECO,20,0.001,can a venus flytrap eat a cheeseburger,msmarco-passage/train,ielabgroup/vec2text_gtr-base-st_corrector
146187,difference between a mcdouble and a double cheeseburger,"a difference between a lack of food and a malnutrition, here it is called undernutrition and malnutrition is",CorrelationGECO,20,0.001,what is the difference between malnutrition and undernutrition,msmarco-passage/train,ielabgroup/vec2text_gtr-base-st_corrector
146187,difference between a mcdouble and a double cheeseburger,a 0 to 2 grams of fat is available in a Double Cheese Burger with a McDonald's Superfrillo burger chain,CorrelationGECO,20,0.001,how much fat is in a mc double cheeseburger,msmarco-passage/train,ielabgroup/vec2text_gtr-base-st_corrector
146187,difference between a mcdouble and a double cheeseburger,which is bigger mt McKinley/McGem. It is bigger than Everest and the swackens,CorrelationGECO,20,0.001,which is bigger everest or mckinley,msmarco-passage/train,ielabgroup/vec2text_gtr-base-st_corrector
146187,difference between a mcdouble and a double cheeseburger,d do             md,CorrelationGECO,20,0.001,md vs do difference,msmarco-passage/train,ielabgroup/vec2text_gtr-base-st_corrector
146187,difference between a mcdouble and a double cheeseburger,the difference between crew cab and quad cab is a .999 vs. .999 vs. .999,CorrelationGECO,20,0.001,difference between quad cab and crew cab,msmarco-passage/train,ielabgroup/vec2text_gtr-base-st_corrector
146187,difference between a mcdouble and a double cheeseburger,"balayage is a difference between foil and balayol, a difference between a pair of gills and",CorrelationGECO,20,0.001,difference between balayage and foil,msmarco-passage/train,ielabgroup/vec2text_gtr-base-st_corrector
146187,difference between a mcdouble and a double cheeseburger,"which is bigger kilobytes  or     , or megabytes",CorrelationGECO,20,0.001,what is bigger kilobytes or megabytes,msmarco-passage/train,ielabgroup/vec2text_gtr-base-st_corrector
146187,difference between a mcdouble and a double cheeseburger,"what is called gumbo, vs. gumbo, vs. jambo, is a difference between Jambalaya,",CorrelationGECO,20,0.001,what is the difference between gumbo and jambalaya,msmarco-passage/train,ielabgroup/vec2text_gtr-base-st_corrector
146187,difference between a mcdouble and a double cheeseburger,a difference between a brandy (         ) and whiskey,CorrelationGECO,20,0.001,what is the difference between brandy and whiskey,msmarco-passage/train,ielabgroup/vec2text_gtr-base-st_corrector
