query_id,text,obfuscatedText,mechanism,epsilon,top_percentile,pivot_query,pool,corrector_model
156493,do goldfish grow,"by growing from apex to poop, a springer spaniel grows from apex to poopy",CorrelationGECO,5,0.001,how does a springer spaniel grow,msmarco-passage/train,ielabgroup/vec2text_gtr-base-st_corrector
156493,do goldfish grow,cacti that grow large and spherical like a fawny cactus or bacetti grow,CorrelationGECO,5,0.001,cacti that grow large,msmarco-passage/train,ielabgroup/vec2text_gtr-base-st_corrector
156493,do goldfish grow,'regular' koi and 'regular koi' are a difference between goldfish and ',CorrelationGECO,5,0.001,what's the difference between koi and regular goldfish,msmarco-passage/train,ielabgroup/vec2text_gtr-base-st_corrector
156493,do goldfish grow,". It has abundant taiga, such as taiga, tawns, and cactuses that grow",CorrelationGECO,5,0.001,what grows in taiga,msmarco-passage/train,ielabgroup/vec2text_gtr-base-st_corrector
156493,do goldfish grow,if you are able to use a led light (flood) flashlight to grow you can use it to 'grow,CorrelationGECO,5,0.001,can i use a led flashlight to grow,msmarco-passage/train,ielabgroup/vec2text_gtr-base-st_corrector
156493,do goldfish grow,"about 1 to 5 hours after a cannon sway, willow corkscrews grow fast and can grow to .",CorrelationGECO,5,0.001,how fast do corkscrew willows grow,msmarco-passage/train,ielabgroup/vec2text_gtr-base-st_corrector
156493,do goldfish grow,by acropoid growth. Axolotls grow in a low to moderate size and when they are healthy they grow,CorrelationGECO,5,0.001,how do axolotls grow,msmarco-passage/train,ielabgroup/vec2text_gtr-base-st_corrector
156493,do goldfish grow,"from a growing rate of 6 to 8 days, golden willow will grow fast and a 1-2-day growth rate of willow blossoms",CorrelationGECO,5,0.001,how fast do golden willow grow,msmarco-passage/train,ielabgroup/vec2text_gtr-base-st_corrector
156493,do goldfish grow,octopus,CorrelationGECO,5,0.001,are octopus fish,msmarco-passage/train,ielabgroup/vec2text_gtr-base-st_corrector
156493,do goldfish grow,"if a thyroid gland is not present. Unlike other cancers, thyroid cancer (thyroid obstructors) does grow",CorrelationGECO,5,0.001,does thyroid cancer grow,msmarco-passage/train,ielabgroup/vec2text_gtr-base-st_corrector
1110199,what is wifi vs bluetooth,.680. . . . . . . . . . Wireless or wired classrooms are difference,CorrelationGECO,5,0.001,what is the difference between wired and wireless classrooms,msmarco-passage/train,ielabgroup/vec2text_gtr-base-st_corrector
1110199,what is wifi vs bluetooth,"(fossil fiber and oxofiber) is a difference between fiber and cable, and fiber is the amount of fiber",CorrelationGECO,5,0.001,what is the difference between fiber and cable,msmarco-passage/train,ielabgroup/vec2text_gtr-base-st_corrector
1110199,what is wifi vs bluetooth,"the difference between chlorophyll a and b. This is a name for the acholyllum, a a",CorrelationGECO,5,0.001,what is the difference between chlorophyll a and b,msmarco-passage/train,ielabgroup/vec2text_gtr-base-st_corrector
1110199,what is wifi vs bluetooth,"a difference between angioectidae and apoptosis, archaea is a difference between bacteria",CorrelationGECO,5,0.001,difference between bacteria and archaea is,msmarco-passage/train,ielabgroup/vec2text_gtr-base-st_corrector
1110199,what is wifi vs bluetooth,in Wi-Fi and Bluetooth networks. WiFi collect files are stored in micro-lives in a folder called 'Click File Storage' inside,CorrelationGECO,5,0.001,where are wifi collect files stored,msmarco-passage/train,ielabgroup/vec2text_gtr-base-st_corrector
1110199,what is wifi vs bluetooth,"'BtW'. It's a after-show for a lot of shit, 'what's this?",CorrelationGECO,5,0.001,what is btw?,msmarco-passage/train,ielabgroup/vec2text_gtr-base-st_corrector
1110199,what is wifi vs bluetooth,a difference between a ipad and ipad and iFiref ipad and iPod is the difference between,CorrelationGECO,5,0.001,what is the difference between a ipad and ipod,msmarco-passage/train,ielabgroup/vec2text_gtr-base-st_corrector
1110199,what is wifi vs bluetooth,"if it’s working or if it’s not working, check if wifi is working on your phone and you can find out on iPhone",CorrelationGECO,5,0.001,how to know if wifi is working on iphone,msmarco-passage/train,ielabgroup/vec2text_gtr-base-st_corrector
1110199,what is wifi vs bluetooth,"a difference between a theory of war and a theory of warfare, a theory of warfare and a theory of a theory of",CorrelationGECO,5,0.001,what is the difference between a theory of war and a theory of warfare,msmarco-passage/train,ielabgroup/vec2text_gtr-base-st_corrector
1110199,what is wifi vs bluetooth,"nbw , formerly known as nbw, is a World of Boilergan. It is a lightweight",CorrelationGECO,5,0.001,what is nbw,msmarco-passage/train,ielabgroup/vec2text_gtr-base-st_corrector
1063750,why did the us volunterilay enter ww1,"from the reason Japan decided to attack Pearl Harbor and why they did so, a decision panned by Japan’s opportun",CorrelationGECO,5,0.001,why japan decided to attack pearl harbor,msmarco-passage/train,ielabgroup/vec2text_gtr-base-st_corrector
1063750,why did the us volunterilay enter ww1,which war forced the United States to exert international leadership in both the guise of no longer a fighter and to continue to exile isolation.,CorrelationGECO,5,0.001,which war forced the united states to exert international leadership and to no longer remain an isolationist country?,msmarco-passage/train,ielabgroup/vec2text_gtr-base-st_corrector
1063750,why did the us volunterilay enter ww1,"how the war changed after the United States became involved, and how the U.S. changed supposition to international at World War I.",CorrelationGECO,5,0.001,how did world war i change after the united states became involved?,msmarco-passage/train,ielabgroup/vec2text_gtr-base-st_corrector
1063750,why did the us volunterilay enter ww1,"because Medicare was introduced, a measure to save millions of dollars for ill-fated and ill-fated patients, and Medicare was introduced",CorrelationGECO,5,0.001,why was medicare introduced,msmarco-passage/train,ielabgroup/vec2text_gtr-base-st_corrector
1063750,why did the us volunterilay enter ww1,(G.H.I.E.L.C.) was the reason of the Gotesburg battle. The battle occurred between the two arm,CorrelationGECO,5,0.001,what was the reason for the gettysburg battle,msmarco-passage/train,ielabgroup/vec2text_gtr-base-st_corrector
1063750,why did the us volunterilay enter ww1,because a swarm of emirs came to a fight and the Battle of Antietam happened and served to evin,CorrelationGECO,5,0.001,why did the battle of antietam happen,msmarco-passage/train,ielabgroup/vec2text_gtr-base-st_corrector
1063750,why did the us volunterilay enter ww1,"through the Vietnam power resolution, which was re-joined to the resolution of the U.S. House of Commons, contributed war power",CorrelationGECO,5,0.001,how did the vietnam war contributed to the war powers resolution,msmarco-passage/train,ielabgroup/vec2text_gtr-base-st_corrector
1063750,why did the us volunterilay enter ww1,reasons for invading were the huns (invasion) to enfeoff the huns (hermit,CorrelationGECO,5,0.001,what were the huns reasons for invading,msmarco-passage/train,ielabgroup/vec2text_gtr-base-st_corrector
1063750,why did the us volunterilay enter ww1,because Ben Frounklin was called a 'beardy call of the franklin' and was called the first American,CorrelationGECO,5,0.001,why was ben franklin called the first american,msmarco-passage/train,ielabgroup/vec2text_gtr-base-st_corrector
1063750,why did the us volunterilay enter ww1,"(c. 1120 – c. 1160) or the ephemera of the United States, was the first government of",CorrelationGECO,5,0.001,who was the first government of the united states,msmarco-passage/train,ielabgroup/vec2text_gtr-base-st_corrector
130510,definition declaratory judgment,An exculpatory clause is a stipendiary clause in the supposition of a law and is an explan,CorrelationGECO,5,0.001,what is an exculpatory clause,msmarco-passage/train,ielabgroup/vec2text_gtr-base-st_corrector
130510,definition declaratory judgment,"(U.S.C., U.S.C., United States Constitution, Judiciary) is the definition of judicial branch",CorrelationGECO,5,0.001,definition of judicial branch,msmarco-passage/train,ielabgroup/vec2text_gtr-base-st_corrector
130510,definition declaratory judgment,"(             ), defined dictator",CorrelationGECO,5,0.001,define dictatorial,msmarco-passage/train,ielabgroup/vec2text_gtr-base-st_corrector
130510,definition declaratory judgment,"a child-bearing naucessary, referred to as clairvoyant, the ability to see and predict the future",CorrelationGECO,5,0.001,definition clairvoyant,msmarco-passage/train,ielabgroup/vec2text_gtr-base-st_corrector
130510,definition declaratory judgment,'Desirative Action' or ' decisive action' is a pacification of action that helps the battlefield to protect,CorrelationGECO,5,0.001,what is decisive action,msmarco-passage/train,ielabgroup/vec2text_gtr-base-st_corrector
130510,definition declaratory judgment,"certified public accountant, a certified public accounting practice referred to by the Registrar of Certified Public Accountants, is a publicly certified financial instrument",CorrelationGECO,5,0.001,certified public accountant define,msmarco-passage/train,ielabgroup/vec2text_gtr-base-st_corrector
130510,definition declaratory judgment,when a judge of the judicial court (whether he or she is a law judge or not) can take notice of law for the reason,CorrelationGECO,5,0.001,when can a judge take judicial notice of law,msmarco-passage/train,ielabgroup/vec2text_gtr-base-st_corrector
130510,definition declaratory judgment,judgment debtor judgment debtor (formerly known as a debtor) is a liaconian owee of a,CorrelationGECO,5,0.001,what is judgment debtor,msmarco-passage/train,ielabgroup/vec2text_gtr-base-st_corrector
130510,definition declaratory judgment,", preemption",CorrelationGECO,5,0.001,define pre emption,msmarco-passage/train,ielabgroup/vec2text_gtr-base-st_corrector
130510,definition declaratory judgment,Definition of preliminary ruling,CorrelationGECO,5,0.001,definition of preliminary ruling,msmarco-passage/train,ielabgroup/vec2text_gtr-base-st_corrector
489204,right pelvic pain causes,with genital ovulation or a cervix during the pelvis causes pain in the pelvis - a relief sensation,CorrelationGECO,5,0.001,orgasm causes pain in pelvis,msmarco-passage/train,ielabgroup/vec2text_gtr-base-st_corrector
489204,right pelvic pain causes,"what is a common condition responsible for the underlying pelvic inflammatory disease, i.e., a combination of common preterm pregnancy",CorrelationGECO,5,0.001,which is a common underlying condition responsible for pelvic inflammatory disease?,msmarco-passage/train,ielabgroup/vec2text_gtr-base-st_corrector
489204,right pelvic pain causes,"types of pelvic fractures: a. oblique ring fracture, a. angular ring fracture, the pelvic",CorrelationGECO,5,0.001,types of pelvic ring fractures,msmarco-passage/train,ielabgroup/vec2text_gtr-base-st_corrector
489204,right pelvic pain causes,low back pain (lumbar spasms) are the action of the lumbar cnidylea and the legs causes,CorrelationGECO,5,0.001,lower back spasms causes,msmarco-passage/train,ielabgroup/vec2text_gtr-base-st_corrector
489204,right pelvic pain causes,seated on a dilated position or a glucose or glucose may cause pelvic numb,CorrelationGECO,5,0.001,causes of pelvic numbness,msmarco-passage/train,ielabgroup/vec2text_gtr-base-st_corrector
489204,right pelvic pain causes,"when a pain is caused by a release of gas from the stomach, choroid pains are a pain in the gut of the",CorrelationGECO,5,0.001,causes of pains in the gut,msmarco-passage/train,ielabgroup/vec2text_gtr-base-st_corrector
489204,right pelvic pain causes,"if something is wrong, if you're feeling a niacitis or something is hurting then your right side is",CorrelationGECO,5,0.001,is something wrong if my right side is hurting,msmarco-passage/train,ielabgroup/vec2text_gtr-base-st_corrector
489204,right pelvic pain causes,"at the location of hip joint (hodgynea, oblique spheria) or hip pain is",CorrelationGECO,5,0.001,where is hip pain,msmarco-passage/train,ielabgroup/vec2text_gtr-base-st_corrector
489204,right pelvic pain causes,(the renal pelvis) is a large organ of the kidney with a high venous elasticity and the kidney bones may be referred,CorrelationGECO,5,0.001,what is the renal pelvis,msmarco-passage/train,ielabgroup/vec2text_gtr-base-st_corrector
489204,right pelvic pain causes,"by a combination of apnea and broncho-osseolitis, peroneal nerve pain is a common cause",CorrelationGECO,5,0.001,what is cause of common peroneal nerve pain,msmarco-passage/train,ielabgroup/vec2text_gtr-base-st_corrector
573724,what are the social determinants of health,"types of diseases are: Nutrition can be distinguished from a disease of the body (e.g., metabolic diseases, and Bowel Diseases",CorrelationGECO,5,0.001,different kind of diseases from nutritional,msmarco-passage/train,ielabgroup/vec2text_gtr-base-st_corrector
573724,what are the social determinants of health,"definition of health and health continuum, a definition of health-and-pornality, a definition of health-horizonte gap",CorrelationGECO,5,0.001,definition of health and health continuum,msmarco-passage/train,ielabgroup/vec2text_gtr-base-st_corrector
573724,what are the social determinants of health,definition health club health club a health club a health club or a public organisation of the health of the blackburntown borough of Blacktown,CorrelationGECO,5,0.001,definition health club blacktown,msmarco-passage/train,ielabgroup/vec2text_gtr-base-st_corrector
573724,what are the social determinants of health,definition of social appropriation (also known as a social apisopa) is a set of societal values and discrimination,CorrelationGECO,5,0.001,social appropriation definition,msmarco-passage/train,ielabgroup/vec2text_gtr-base-st_corrector
573724,what are the social determinants of health,(the SNAP-SD). SelectHealth is a health insurance and nutrition service that is a novel data-based app called the sati,CorrelationGECO,5,0.001,what is selecthealth,msmarco-passage/train,ielabgroup/vec2text_gtr-base-st_corrector
573724,what are the social determinants of health,"which theorists claimed to be motivated by the following aspects: a. Social behavior, b. physiological psychological, and 3 requires people motivated",CorrelationGECO,5,0.001,"which of the following theorists claimed physiological, social, and psychological needs motivated people toward certain behaviors?",msmarco-passage/train,ielabgroup/vec2text_gtr-base-st_corrector
573724,what are the social determinants of health,"of social movement times up is a movement that is accelerating the re-skilling, racial and gender information infrastructure. This",CorrelationGECO,5,0.001,what is social movement times up,msmarco-passage/train,ielabgroup/vec2text_gtr-base-st_corrector
573724,what are the social determinants of health,Describe the negative self-schema and the model of depression and the impact of this on the development of symptom-strewn symptoms,CorrelationGECO,5,0.001,Describe the negative self-schema model and the impact on the development of symptoms of depression,msmarco-passage/train,ielabgroup/vec2text_gtr-base-st_corrector
573724,what are the social determinants of health,"destabilization of medical symptoms. This destabilization of symptoms is a series of symptom-apneas, gastrointestinal movements",CorrelationGECO,5,0.001,destabilization of medical symptoms,msmarco-passage/train,ielabgroup/vec2text_gtr-base-st_corrector
573724,what are the social determinants of health,definition of social networking – a social network – a form of data storage and a form of social communication – by the United States,CorrelationGECO,5,0.001,social networking definition,msmarco-passage/train,ielabgroup/vec2text_gtr-base-st_corrector
168216,does legionella pneumophila cause pneumonia,(mycocnemia pneumoniae) looks like a plasmoplasm on agar. It is affluent and,CorrelationGECO,5,0.001,what does mycoplasma pneumoniae look like on agar,msmarco-passage/train,ielabgroup/vec2text_gtr-base-st_corrector
168216,does legionella pneumophila cause pneumonia,symptoms of bacterial pneumonia (pneumonia bifida sprained off the bronchi) and apn,CorrelationGECO,5,0.001,symptoms of bacterial pneumonia,msmarco-passage/train,ielabgroup/vec2text_gtr-base-st_corrector
168216,does legionella pneumophila cause pneumonia,"kryptosis and invasive annexation. It is not clear whether ""Octobella lucia"" requires",CorrelationGECO,5,0.001,does klebsiella oxytoca require isolation,msmarco-passage/train,ielabgroup/vec2text_gtr-base-st_corrector
168216,does legionella pneumophila cause pneumonia,"the types of lung cancer in women, i.e. smoot-inhaling cancer, or a woman’s",CorrelationGECO,5,0.001,types of lung cancer in women,msmarco-passage/train,ielabgroup/vec2text_gtr-base-st_corrector
168216,does legionella pneumophila cause pneumonia,cause sjogren's syndrome and because it causes lymphoma in a way that affects lymphoma and sm,CorrelationGECO,5,0.001,why does sjogren's cause lymphoma,msmarco-passage/train,ielabgroup/vec2text_gtr-base-st_corrector
168216,does legionella pneumophila cause pneumonia,Causes of legionnaires disease are a disease caused by a single infection of the feces with sarcoplasma,CorrelationGECO,5,0.001,causes of legionnaires disease,msmarco-passage/train,ielabgroup/vec2text_gtr-base-st_corrector
168216,does legionella pneumophila cause pneumonia,"after age 65 or older, when a patient with pneumococcal pneumonia may be given a shot every 2,500 to 3,000 shots",CorrelationGECO,5,0.001,how often should you get a pneumococcal pneumonia shot after age 65,msmarco-passage/train,ielabgroup/vec2text_gtr-base-st_corrector
168216,does legionella pneumophila cause pneumonia,is pneumonia (containment of phlegm or bronchiomyelitis) may require hospitalization. In the hospital,CorrelationGECO,5,0.001,does pneumonia require hospitalization?,msmarco-passage/train,ielabgroup/vec2text_gtr-base-st_corrector
168216,does legionella pneumophila cause pneumonia,where streptococcus phlegmaea (Streptococcus pneumoniae) is most likely found is,CorrelationGECO,5,0.001,where is streptococcus pneumoniae most likely found,msmarco-passage/train,ielabgroup/vec2text_gtr-base-st_corrector
168216,does legionella pneumophila cause pneumonia,causes melaena. This is a bacterial melaena caused by a bacterial fecal-di,CorrelationGECO,5,0.001,causes melaena,msmarco-passage/train,ielabgroup/vec2text_gtr-base-st_corrector
1133167,how is the weather in jamaica,"the official climate in raleigh. It's a hot, cold gale, while the weather is mostly senate as of",CorrelationGECO,5,0.001,cortana what's the weather in raleigh,msmarco-passage/train,ielabgroup/vec2text_gtr-base-st_corrector
1133167,how is the weather in jamaica,weather: Malacca weather is a constant flashy rain and the temperature in Malaysia is a forecast of 8.0 °C (Block,CorrelationGECO,5,0.001,weather in malacca malaysia,msmarco-passage/train,ielabgroup/vec2text_gtr-base-st_corrector
1133167,how is the weather in jamaica,as much as $800 a wedding in jama or jama in ltimos Reganas,CorrelationGECO,5,0.001,how much a wedding cost in jamaica,msmarco-passage/train,ielabgroup/vec2text_gtr-base-st_corrector
1133167,how is the weather in jamaica,"weather, in the Netherlands, have a clear and light rainy nighttime temperature Amsterdam (Amsterdam) (Nieuw",CorrelationGECO,5,0.001,"weather in amsterdam, netherlands",msmarco-passage/train,ielabgroup/vec2text_gtr-base-st_corrector
1133167,how is the weather in jamaica,"in rica rica, a squally cold climate, rica costa weather, a rain",CorrelationGECO,5,0.001,costa rica weather,msmarco-passage/train,ielabgroup/vec2text_gtr-base-st_corrector
1133167,how is the weather in jamaica,"weather in Medellin: the central colombia has a squall wind and rain, while the cold colombia",CorrelationGECO,5,0.001,"weather in medellin, colombia",msmarco-passage/train,ielabgroup/vec2text_gtr-base-st_corrector
1133167,how is the weather in jamaica,– it's hot like the air in Turkey – the weather in Turkey is warm and sallow and temperatures like the cold and the rain,CorrelationGECO,5,0.001,what is the weather like in turkey,msmarco-passage/train,ielabgroup/vec2text_gtr-base-st_corrector
1133167,how is the weather in jamaica,Effects on street children in Jamaica are a reduction in the level of jamaica and a reduction in their ability to breathe a lifelong,CorrelationGECO,5,0.001,what are the effects on street children in jamaica,msmarco-passage/train,ielabgroup/vec2text_gtr-base-st_corrector
1133167,how is the weather in jamaica,"weather in rias ocho ricas, i.e., it's cooler than in other Caribbean.",CorrelationGECO,5,0.001,what's the weather in ocho rios jamaica?,msmarco-passage/train,ielabgroup/vec2text_gtr-base-st_corrector
1133167,how is the weather in jamaica,"°C. It's like the weather in antarctica, and the weather in the antarctica is like the weather in Antarctic",CorrelationGECO,5,0.001,what's the weather like in antarctica?,msmarco-passage/train,ielabgroup/vec2text_gtr-base-st_corrector
527433,types of dysarthria from cerebral palsy,are scoliosis (a skewed form of a neuropathic disability disability disability disability disability) is considered a,CorrelationGECO,5,0.001,is scoliosis considered a disability,msmarco-passage/train,ielabgroup/vec2text_gtr-base-st_corrector
527433,types of dysarthria from cerebral palsy,"the U.S. population with cerebral palsy (CPL) and 87,090 U.S. people with cervix",CorrelationGECO,5,0.001,us population with cerebral palsy,msmarco-passage/train,ielabgroup/vec2text_gtr-base-st_corrector
527433,types of dysarthria from cerebral palsy,"(or a type of disorder) is schizophrenia, which is a type of hereditary disorder known as Schizophrenia and the brain",CorrelationGECO,5,0.001,what type of disorder is schizophrenia,msmarco-passage/train,ielabgroup/vec2text_gtr-base-st_corrector
527433,types of dysarthria from cerebral palsy,"a disorder that affects peroxisomes (as found in disorders such as abrasions, cystidia,",CorrelationGECO,5,0.001,disorders that affect peroxisomes,msmarco-passage/train,ielabgroup/vec2text_gtr-base-st_corrector
527433,types of dysarthria from cerebral palsy,difference between pnea and pd. Orthopnea is a difference between pd. and pd.,CorrelationGECO,5,0.001,difference between orthopnea and pnd,msmarco-passage/train,ielabgroup/vec2text_gtr-base-st_corrector
527433,types of dysarthria from cerebral palsy,problems complications caused by cdi. Additional disorders caused by cdi include cardiac insemination (GCID) and pulmonary,CorrelationGECO,5,0.001,disorders complications caused by cdi,msmarco-passage/train,ielabgroup/vec2text_gtr-base-st_corrector
527433,types of dysarthria from cerebral palsy,"of the back bones, scoliosis is a symptom of pain, and signs of symptoms such as scoliosis",CorrelationGECO,5,0.001,what are symptoms of scoliosis,msmarco-passage/train,ielabgroup/vec2text_gtr-base-st_corrector
527433,types of dysarthria from cerebral palsy,"pyrenees disease in humans is a disease of pyrenephritis, a large and large inflammatory disorder",CorrelationGECO,5,0.001,pyrenees disease in humans,msmarco-passage/train,ielabgroup/vec2text_gtr-base-st_corrector
527433,types of dysarthria from cerebral palsy,"types of HpV, namely, h-pv, h-pv, h-cusp, and comb",CorrelationGECO,5,0.001,types of hpv,msmarco-passage/train,ielabgroup/vec2text_gtr-base-st_corrector
527433,types of dysarthria from cerebral palsy,"the different types of diphtheria, namely, Cryptosia aegles, Cheria aegle",CorrelationGECO,5,0.001,different types of diphtheria,msmarco-passage/train,ielabgroup/vec2text_gtr-base-st_corrector
1037798,who is robert gray,guy is Mr. Rob Dezar          on food cook mabraer,CorrelationGECO,5,0.001,who is the guy robert on Debra mazar cooking show,msmarco-passage/train,ielabgroup/vec2text_gtr-base-st_corrector
1037798,who is robert gray,who plays Grey worm /            is from,CorrelationGECO,5,0.001,who plays grey worm and where is he from,msmarco-passage/train,ielabgroup/vec2text_gtr-base-st_corrector
1037798,who is robert gray,"by a snort in the neck, Jackie Jackson (Jackie Robson) died of avian pains",CorrelationGECO,5,0.001,how jackie robinson died,msmarco-passage/train,ielabgroup/vec2text_gtr-base-st_corrector
1037798,who is robert gray,Robin X.Paarrows Robin X.Paarrows was a portrait of the historian and entrepreneur Mr. Robert Quinver,CorrelationGECO,5,0.001,who was mr x robin quivers,msmarco-passage/train,ielabgroup/vec2text_gtr-base-st_corrector
1037798,who is robert gray,"Rronson (Johnnon) Rronson (or ""Who is Rondon"") is a young scientist and a participant in the US",CorrelationGECO,5,0.001,who is ronson,msmarco-passage/train,ielabgroup/vec2text_gtr-base-st_corrector
1037798,who is robert gray,"has been played by Tony Ellis, who plays the character of Elliot Grey, and Nicola Fergus-Lys, character",CorrelationGECO,5,0.001,who plays ellis grey character,msmarco-passage/train,ielabgroup/vec2text_gtr-base-st_corrector
1037798,who is robert gray,"e. robee e. e. e. Lee, was a Revolutionary War leader and a Cherokee patriot",CorrelationGECO,5,0.001,who was robert e lee ?,msmarco-passage/train,ielabgroup/vec2text_gtr-base-st_corrector
1037798,who is robert gray,is jussge trumps marrying J.G. (Robert Geire) and she is soon married to Richard,CorrelationGECO,5,0.001,is julia roberts marrying richard gere,msmarco-passage/train,ielabgroup/vec2text_gtr-base-st_corrector
1037798,who is robert gray,"where he is buried, Robert 'Robert Frost' buried at the sleeve of Blossom frost is",CorrelationGECO,5,0.001,where is robert frost buried,msmarco-passage/train,ielabgroup/vec2text_gtr-base-st_corrector
1037798,who is robert gray,"in 1964, before a national gimmick call, Pat Robeson ran for president and ran for neo-president",CorrelationGECO,5,0.001,when did pat robertson run for president,msmarco-passage/train,ielabgroup/vec2text_gtr-base-st_corrector
915593,what types of food can you cook sous vide,foods containing methylsulfonyl methanol-sulfonylsufonate-sethane,CorrelationGECO,5,0.001,foods containing methylsulfonylmethane,msmarco-passage/train,ielabgroup/vec2text_gtr-base-st_corrector
915593,what types of food can you cook sous vide,"foods that lower the blood pressure of sodium, e.g. paprika, pound of garlic, pound of cheese is naturally",CorrelationGECO,5,0.001,food that lowers blood pressure naturally,msmarco-passage/train,ielabgroup/vec2text_gtr-base-st_corrector
915593,what types of food can you cook sous vide,"gout, foods that don't eat e.g. caesaromon, gheeto, guin",CorrelationGECO,5,0.001,what food not to eat with gout,msmarco-passage/train,ielabgroup/vec2text_gtr-base-st_corrector
915593,what types of food can you cook sous vide,"what you can eat by eating a quantity of meat, such as paprika, a poppy, or salt, it can raise",CorrelationGECO,5,0.001,what can i eat to raise blood pressure,msmarco-passage/train,ielabgroup/vec2text_gtr-base-st_corrector
915593,what types of food can you cook sous vide,"a tetra fruit, a boiled egg, or a pickled soup, is good to eat when sore your throat",CorrelationGECO,5,0.001,what is good to eat with a sore throat,msmarco-passage/train,ielabgroup/vec2text_gtr-base-st_corrector
915593,what types of food can you cook sous vide,"b-foods that contain the best nutrient for b-positive blood types, b-potatoes and berries",CorrelationGECO,5,0.001,best foods for b positive blood types,msmarco-passage/train,ielabgroup/vec2text_gtr-base-st_corrector
915593,what types of food can you cook sous vide,"a range of different types of food wraps, including a wrap wrap, a wrap rolasue, a wrap",CorrelationGECO,5,0.001,different kinds of food wraps,msmarco-passage/train,ielabgroup/vec2text_gtr-base-st_corrector
915593,what types of food can you cook sous vide,"foods to eat on a food affluent, eat u-colitis sulfated bull's eggs",CorrelationGECO,5,0.001,foods to eat ulcerative colitis,msmarco-passage/train,ielabgroup/vec2text_gtr-base-st_corrector
915593,what types of food can you cook sous vide,"which is not a coiled or boiled, a nonmetal is used as a food, especially in food and vegetable chemistry",CorrelationGECO,5,0.001,which nonmetal is used as a food,msmarco-passage/train,ielabgroup/vec2text_gtr-base-st_corrector
915593,what types of food can you cook sous vide,a substitute such as a nutmeg or a lard substitute (potatoe or egg) you can substitute an egg,CorrelationGECO,5,0.001,what can you substitute for an egg,msmarco-passage/train,ielabgroup/vec2text_gtr-base-st_corrector
264014,how long is life cycle of flea,"after a vaccination is given, rabies vaccine lasts for 4 to 8 months, and if it lasts for 45 to 60 days",CorrelationGECO,5,0.001,how long does rabies vaccination last,msmarco-passage/train,ielabgroup/vec2text_gtr-base-st_corrector
264014,how long is life cycle of flea,(Fragiles and Floridae) have an average life of a fly and a life span of 10.5–1 years,CorrelationGECO,5,0.001,average life of a fly,msmarco-passage/train,ielabgroup/vec2text_gtr-base-st_corrector
264014,how long is life cycle of flea,"with a snob, crumbs or a life expectancy of an average of , the life span of a rat",CorrelationGECO,5,0.001,average life span of a rat,msmarco-passage/train,ielabgroup/vec2text_gtr-base-st_corrector
264014,how long is life cycle of flea,"(substle-treatment and aging): Half-life is the chemical life of lavender, a constant between 0.5 and 0.5",CorrelationGECO,5,0.001,what is the half life of lavender,msmarco-passage/train,ielabgroup/vec2text_gtr-base-st_corrector
264014,how long is life cycle of flea,"in a matter of hours or days until bed bugs starve to death, a maze of starvation, they cannot take their food",CorrelationGECO,5,0.001,how long does it take for bed bugs to starve to death,msmarco-passage/train,ielabgroup/vec2text_gtr-base-st_corrector
264014,how long is life cycle of flea,"as a plague, ebola, or a mutilation, black death lasted two years, which lasts from 7 to",CorrelationGECO,5,0.001,how many years did black death last,msmarco-passage/train,ielabgroup/vec2text_gtr-base-st_corrector
264014,how long is life cycle of flea,"in the 8 to 12 hours after a lyme bite, you’ll start to feel tick bites, and you’ll feel aches",CorrelationGECO,5,0.001,how long after tick bite will i feel symptoms of lyme?,msmarco-passage/train,ielabgroup/vec2text_gtr-base-st_corrector
264014,how long is life cycle of flea,"which a period of time lasts, a hippopotamus shaped a mud bag will last from 8 to 12 days",CorrelationGECO,5,0.001,how long do a period last,msmarco-passage/train,ielabgroup/vec2text_gtr-base-st_corrector
264014,how long is life cycle of flea,"how long it takes for a tadpoles to turn into frogs, or 30 to 40 days to turn into f",CorrelationGECO,5,0.001,how long does it take for tadpoles to turn into frogs?,msmarco-passage/train,ielabgroup/vec2text_gtr-base-st_corrector
264014,how long is life cycle of flea,from 12.5 to 25 years and a few florets (hydrangeas) live for more than 30 years or may die from,CorrelationGECO,5,0.001,how long do hydrangeas live,msmarco-passage/train,ielabgroup/vec2text_gtr-base-st_corrector
1121402,what can contour plowing reduce,a simple way to lower a cobra king is to lower the weight of the king and lower it to a .25,CorrelationGECO,5,0.001,how to lower a cobra king 50,msmarco-passage/train,ielabgroup/vec2text_gtr-base-st_corrector
1121402,what can contour plowing reduce,how to control Pampas grass and to keep it in a control condition.Control it by spraying a spray of water at 3-5 p,CorrelationGECO,5,0.001,how to control Pampas grass,msmarco-passage/train,ielabgroup/vec2text_gtr-base-st_corrector
1121402,what can contour plowing reduce,"definition of contours (Cropochia, oceanography) – are a geography of a region on the international map",CorrelationGECO,5,0.001,definition of contours in geography,msmarco-passage/train,ielabgroup/vec2text_gtr-base-st_corrector
1121402,what can contour plowing reduce,The CCC is a part of the cyclo-compound. The CCC does something to stimulate the cyclo-compounds,CorrelationGECO,5,0.001,what does the ccc do,msmarco-passage/train,ielabgroup/vec2text_gtr-base-st_corrector
1121402,what can contour plowing reduce,How to treat retinal nerve fiber thinning is to reduce the layer-to-layer thinning of the optic nerve fibers and re,CorrelationGECO,5,0.001,how to treat retinal nerve fiber layer thinning,msmarco-passage/train,ielabgroup/vec2text_gtr-base-st_corrector
1121402,what can contour plowing reduce,"when rhododendrons (i.e., rhododendrons) should be pruned,",CorrelationGECO,5,0.001,when should rhododendrons be pruned,msmarco-passage/train,ielabgroup/vec2text_gtr-base-st_corrector
1121402,what can contour plowing reduce,"To reduce pore, remove a shave of a cleansed material. To minimize pore, remove a scalp oil or a",CorrelationGECO,5,0.001,how to reduce pore,msmarco-passage/train,ielabgroup/vec2text_gtr-base-st_corrector
1121402,what can contour plowing reduce,"is the Botx dentist face slimming procedure, a receptive and enduring trial of oral obstructive surgery does work",CorrelationGECO,5,0.001,does botox face slimming dentist procedure work,msmarco-passage/train,ielabgroup/vec2text_gtr-base-st_corrector
1121402,what can contour plowing reduce,"rid x other than a septic medication. Besides lowering your septic level, droil and urex",CorrelationGECO,5,0.001,other than rid x what else can i do to lower my septic level?,msmarco-passage/train,ielabgroup/vec2text_gtr-base-st_corrector
1121402,what can contour plowing reduce,"In landslides, a lot of snow falls and the landslide results in a blizzard. What happens happens",CorrelationGECO,5,0.001,what happens in landslides,msmarco-passage/train,ielabgroup/vec2text_gtr-base-st_corrector
962179,when was the salvation army founded,(ca. 1100 – 1200 – c. 1940) was opened and the first extermination camp opened in Emancipation,CorrelationGECO,5,0.001,when was the first extermination camp opened,msmarco-passage/train,ielabgroup/vec2text_gtr-base-st_corrector
962179,when was the salvation army founded,"1683, during the heyday of John L. Whitney and Founder Jimmy Lash, and Ocean City was founded in 1923 and is currently",CorrelationGECO,5,0.001,when was ocean city founded,msmarco-passage/train,ielabgroup/vec2text_gtr-base-st_corrector
962179,when was the salvation army founded,"in the year 476 (Greece) or 385 (Greece), the Greek Thetas was founded in what is",CorrelationGECO,5,0.001,what year was the greece founded,msmarco-passage/train,ielabgroup/vec2text_gtr-base-st_corrector
962179,when was the salvation army founded,in,CorrelationGECO,5,0.001,when was southglenn mall built,msmarco-passage/train,ielabgroup/vec2text_gtr-base-st_corrector
962179,when was the salvation army founded,"in the 74th Congress and ratified the new United States Constitution held on January 1, 1776, the United States Congress formed and was constituted",CorrelationGECO,5,0.001,when was the united states congress formed,msmarco-passage/train,ielabgroup/vec2text_gtr-base-st_corrector
962179,when was the salvation army founded,"when British military power was enshrined and Queen Elizabeth II vowed to serve. Beginning in 1764, the American Revolutionary War",CorrelationGECO,5,0.001,when did revolutionary war begin,msmarco-passage/train,ielabgroup/vec2text_gtr-base-st_corrector
962179,when was the salvation army founded,established in 1926 when dhds was established and a small parcel of septic hospitals (DHHS) was launched and established.,CorrelationGECO,5,0.001,when was dhhs established,msmarco-passage/train,ielabgroup/vec2text_gtr-base-st_corrector
962179,when was the salvation army founded,"when krispy kreme first opened up and in 1924, a first-pub slam and a restaurant",CorrelationGECO,5,0.001,when did krispy kreme first open up,msmarco-passage/train,ielabgroup/vec2text_gtr-base-st_corrector
962179,when was the salvation army founded,"year: 1799, and the year: 1799, R.A.T. RUSH founded Russell Cellular. This is a business",CorrelationGECO,5,0.001,what year was russell cellular founded,msmarco-passage/train,ielabgroup/vec2text_gtr-base-st_corrector
962179,when was the salvation army founded,"when a new entity, Charles L. Grant and a new state-brother, Sutter County was established. In 1901, after",CorrelationGECO,5,0.001,when was sutter county established,msmarco-passage/train,ielabgroup/vec2text_gtr-base-st_corrector
1117099,what is a active margin,"definition of the marketplace (Apple, e-commerce, horde, kandina) — is a definition of business",CorrelationGECO,5,0.001,definition of marketplace,msmarco-passage/train,ielabgroup/vec2text_gtr-base-st_corrector
1117099,what is a active margin,"defined as activex, a multi-process programmable operating system by Acronym Inc. (ABC) and later by Microsoft.",CorrelationGECO,5,0.001,define activex,msmarco-passage/train,ielabgroup/vec2text_gtr-base-st_corrector
1117099,what is a active margin,the EV-Bc test that shows active disease. Active tests are able to test for embolasis and virul,CorrelationGECO,5,0.001,what ebv tests shows active disease,msmarco-passage/train,ielabgroup/vec2text_gtr-base-st_corrector
1117099,what is a active margin,Contract Action Contract Action () is a chirptosh action that is actively advancing and advancing. It is the most successful contract,CorrelationGECO,5,0.001,what is contract action far,msmarco-passage/train,ielabgroup/vec2text_gtr-base-st_corrector
1117099,what is a active margin,"what is a 'release clause' (i.e. active/dead/free/active/active) clause, meaning '",CorrelationGECO,5,0.001,what is active (release clause) mean?,msmarco-passage/train,ielabgroup/vec2text_gtr-base-st_corrector
1117099,what is a active margin,in the market. The term 'over' (market name) means 'so over' or 'so over' the market value,CorrelationGECO,5,0.001,what does the term over mean in market,msmarco-passage/train,ielabgroup/vec2text_gtr-base-st_corrector
1117099,what is a active margin,"referred to as integrated direct marketing, a marketing-marketing concept that is a unified system of marketing direct sales, direct marketing, direct",CorrelationGECO,5,0.001,integrated direct marketing definition,msmarco-passage/train,ielabgroup/vec2text_gtr-base-st_corrector
1117099,what is a active margin,marginal cost               meaning,CorrelationGECO,5,0.001,marginal cost meaning,msmarco-passage/train,ielabgroup/vec2text_gtr-base-st_corrector
1117099,what is a active margin,A ghost account A ghost account is an account that is a form of account on a POSITP that is a discontinued savings account,CorrelationGECO,5,0.001,what is a ghost account,msmarco-passage/train,ielabgroup/vec2text_gtr-base-st_corrector
1117099,what is a active margin,a meter option . It is a high-resolution option (CRP) that is a form of automatic moving-screen,CorrelationGECO,5,0.001,what is an meter option,msmarco-passage/train,ielabgroup/vec2text_gtr-base-st_corrector
148538,difference between rn and bsn,"The difference between a neuron (a neuron) and a nerve (a neuron, a calf) is between a",CorrelationGECO,5,0.001,what is the difference between a neuron and a nerve,msmarco-passage/train,ielabgroup/vec2text_gtr-base-st_corrector
148538,difference between rn and bsn,difference between a router (also known as a router) and a modem (also known as a molestation or DDR3,CorrelationGECO,5,0.001,what's the difference between modem and router,msmarco-passage/train,ielabgroup/vec2text_gtr-base-st_corrector
148538,difference between rn and bsn,average cost of getting your r.n. degree or r.n. nursing degree or r.n. n.o. degree,CorrelationGECO,5,0.001,average cost of getting your rn degree,msmarco-passage/train,ielabgroup/vec2text_gtr-base-st_corrector
148538,difference between rn and bsn,"who you want to become a nursing degree (RN), a degree (r.n.) helps you become a nursing n.r",CorrelationGECO,5,0.001,what degree helps you become a rn,msmarco-passage/train,ielabgroup/vec2text_gtr-base-st_corrector
148538,difference between rn and bsn,A roun number A roun number (abbreviated rn) is a cytometric number of a medical care,CorrelationGECO,5,0.001,what is a rn number,msmarco-passage/train,ielabgroup/vec2text_gtr-base-st_corrector
148538,difference between rn and bsn,"the difference between a diploma and a degree in nursing, and a degree in neophyticism is called a nursing degree",CorrelationGECO,5,0.001,what is the difference between a diploma and a degree in nursing,msmarco-passage/train,ielabgroup/vec2text_gtr-base-st_corrector
148538,difference between rn and bsn,"a difference between genetics and gynaecology, and genomics is a difference between genetics and gyn",CorrelationGECO,5,0.001,difference between genetics and genomics,msmarco-passage/train,ielabgroup/vec2text_gtr-base-st_corrector
148538,difference between rn and bsn,"average bsn rsn rsn rsn bbn a salary of $29,060 Ky",CorrelationGECO,5,0.001,average rn bsn salary ky,msmarco-passage/train,ielabgroup/vec2text_gtr-base-st_corrector
148538,difference between rn and bsn,"difference between a nephrologist and a nephrosurgeon, or a urologist and a ure",CorrelationGECO,5,0.001,what is the difference between a nephrologist and an urologist,msmarco-passage/train,ielabgroup/vec2text_gtr-base-st_corrector
148538,difference between rn and bsn,B.A. & b.s. degree,CorrelationGECO,5,0.001,what is a b.a. vs b.s degree,msmarco-passage/train,ielabgroup/vec2text_gtr-base-st_corrector
451602,medicare's definition of mechanical ventilation,"Medicin and a medport, Medicport is used for ambulation on marine cargo vessels and for long periods of time on airplane",CorrelationGECO,5,0.001,what is mediport used for,msmarco-passage/train,ielabgroup/vec2text_gtr-base-st_corrector
451602,medicare's definition of mechanical ventilation,Medicare eligibility               age,CorrelationGECO,5,0.001,age medicare eligibility,msmarco-passage/train,ielabgroup/vec2text_gtr-base-st_corrector
451602,medicare's definition of mechanical ventilation,Medicare is for whom he or she is able to manage and for whom he or she is for whose health care is for,CorrelationGECO,5,0.001,medicare is for whom,msmarco-passage/train,ielabgroup/vec2text_gtr-base-st_corrector
451602,medicare's definition of mechanical ventilation,MED withholding MED withholding (or mediotax) is a tax on employee income and on taxable income for a tax,CorrelationGECO,5,0.001,what is medi tax withholding,msmarco-passage/train,ielabgroup/vec2text_gtr-base-st_corrector
451602,medicare's definition of mechanical ventilation,a number of safety aspects are devoted to handling medical gases and the minimal risk of inhalation and vapor-to-gas emissions associated with,CorrelationGECO,5,0.001,what are the safety aspects of handling medical gases,msmarco-passage/train,ielabgroup/vec2text_gtr-base-st_corrector
451602,medicare's definition of mechanical ventilation,"biomechanical alteration is a change in the mechanical performance of a sexes (brain, arthritic cartilage,",CorrelationGECO,5,0.001,biomechanical alteration definition,msmarco-passage/train,ielabgroup/vec2text_gtr-base-st_corrector
451602,medicare's definition of mechanical ventilation,cardioesophagin cardioesophagin (      ) is the definition of cardio,CorrelationGECO,5,0.001,cardioversion definition,msmarco-passage/train,ielabgroup/vec2text_gtr-base-st_corrector
451602,medicare's definition of mechanical ventilation,Mechano-Mechanical engineering is a specialized engineering technique of the National Institute of Applied Science and Technology and is a car engine,CorrelationGECO,5,0.001,what is mechancial engineering,msmarco-passage/train,ielabgroup/vec2text_gtr-base-st_corrector
451602,medicare's definition of mechanical ventilation,Medicare ABn Medicare ABn is a Medicare-provided health plan for a person's neurologist,CorrelationGECO,5,0.001,what is a medicare abn,msmarco-passage/train,ielabgroup/vec2text_gtr-base-st_corrector
451602,medicare's definition of mechanical ventilation,Medullary canal Medullary defining canal is a vascular duct through the aqueducts of the arteries,CorrelationGECO,5,0.001,medullary canal definition,msmarco-passage/train,ielabgroup/vec2text_gtr-base-st_corrector
359349,how to find the midsegment of a trapezoid,the middle of the back is a pain of the back or a dreadful pain arising at the back during a period of pain,CorrelationGECO,5,0.001,what is middle of the back pain,msmarco-passage/train,ielabgroup/vec2text_gtr-base-st_corrector
359349,how to find the midsegment of a trapezoid,instructions: Apply a screw to the seam of a French zipper by wreaking the needle and glue it to the seam of a,CorrelationGECO,5,0.001,how to sew a french seam zipper,msmarco-passage/train,ielabgroup/vec2text_gtr-base-st_corrector
359349,how to find the midsegment of a trapezoid,"at 850-850 m (14-100 ft) tall, the mid-atlantic ridge is tall from the Atlantic ridge",CorrelationGECO,5,0.001,how tall is the mid atlantic ridge,msmarco-passage/train,ielabgroup/vec2text_gtr-base-st_corrector
359349,how to find the midsegment of a trapezoid,distance between the endpoints (e.g.         80°),CorrelationGECO,5,0.001,distance between the two endpoints,msmarco-passage/train,ielabgroup/vec2text_gtr-base-st_corrector
359349,how to find the midsegment of a trapezoid,math - the trapezoid - is a definition defined by a number of symplectic and pedantic,CorrelationGECO,5,0.001,trapezoid definition math,msmarco-passage/train,ielabgroup/vec2text_gtr-base-st_corrector
359349,how to find the midsegment of a trapezoid,to junction. Find out how far it is to junction. Extending to the farthest . Turn left and turn right. .,CorrelationGECO,5,0.001,find how far it is to junction.,msmarco-passage/train,ielabgroup/vec2text_gtr-base-st_corrector
359349,how to find the midsegment of a trapezoid,start (sootically) using tape diagram diagram. You need to do a logical work and you need to use a tape diagram,CorrelationGECO,5,0.001,how to do tape diagram,msmarco-passage/train,ielabgroup/vec2text_gtr-base-st_corrector
359349,how to find the midsegment of a trapezoid,define the midpoint of a segment (e.g. a rectilinear vertices ) is a segment,CorrelationGECO,5,0.001,definition of midpoint of a segment,msmarco-passage/train,ielabgroup/vec2text_gtr-base-st_corrector
359349,how to find the midsegment of a trapezoid,"you find the trapezius. It is a bouncy position on your lower back, where you can find your torso and other muscles",CorrelationGECO,5,0.001,where do you find the trapezius,msmarco-passage/train,ielabgroup/vec2text_gtr-base-st_corrector
359349,how to find the midsegment of a trapezoid,"middle passage, is a definition of a passage between passages, a passage in the Great Gap, a morbid extension of",CorrelationGECO,5,0.001,middle passage definition,msmarco-passage/train,ielabgroup/vec2text_gtr-base-st_corrector
1115776,what is an aml surveillance analyst,"step 1 of the opsec process (which is outlined in the ""Opsect"" e-mail) is the analyzing",CorrelationGECO,5,0.001,what step in the opsec process is analyzing,msmarco-passage/train,ielabgroup/vec2text_gtr-base-st_corrector
1115776,what is an aml surveillance analyst,"check if a person is watching you on your webcam or if you are watching someone online, and you can see that you are not",CorrelationGECO,5,0.001,how to see if someone is watching you on webcam,msmarco-passage/train,ielabgroup/vec2text_gtr-base-st_corrector
1115776,what is an aml surveillance analyst,"Performing data surveillance activities, Data Surveillance is a program of information security activities in which data is obtained from a data-observation",CorrelationGECO,5,0.001,what is data surveillance activities,msmarco-passage/train,ielabgroup/vec2text_gtr-base-st_corrector
1115776,what is an aml surveillance analyst,aviation ANAV stands for.,CorrelationGECO,5,0.001,aviation ANAV Stands for?,msmarco-passage/train,ielabgroup/vec2text_gtr-base-st_corrector
1115776,what is an aml surveillance analyst,"the purpose of the Army's hazard analysis, which is a function of the military and security establishment, is to obtain more information on disaster",CorrelationGECO,5,0.001,what is the army's purpose of hazard analysis,msmarco-passage/train,ielabgroup/vec2text_gtr-base-st_corrector
1115776,what is an aml surveillance analyst,lcl lcl is a chemical compound of liner sulfonyl. It is a widely available collection,CorrelationGECO,5,0.001,what is lcl,msmarco-passage/train,ielabgroup/vec2text_gtr-base-st_corrector
1115776,what is an aml surveillance analyst,the Impala LT is a librat based elpo dashboard and twerker. The Impala,CorrelationGECO,5,0.001,what is the impala lt,msmarco-passage/train,ielabgroup/vec2text_gtr-base-st_corrector
1115776,what is an aml surveillance analyst,Impedance analysis of fat Impedance Analysis (fat analysis) is a form of cross-feet analysis which helps to identify,CorrelationGECO,5,0.001,what is impedance fat analysis,msmarco-passage/train,ielabgroup/vec2text_gtr-base-st_corrector
1115776,what is an aml surveillance analyst,"policy analyst, a definition of a policy, is one of the proclivities of the United States economics research organization who analyze and analyze",CorrelationGECO,5,0.001,policy analyst define,msmarco-passage/train,ielabgroup/vec2text_gtr-base-st_corrector
1115776,what is an aml surveillance analyst,(http://www.adv.net/pros/threatware) is advanced threat detection which is an advanced intelligence technology for tracking,CorrelationGECO,5,0.001,what is advanced threat detection,msmarco-passage/train,ielabgroup/vec2text_gtr-base-st_corrector
1112341,what is the daily life of thai people,"(known as Ethiopia, due to its history and geography) is: It is a florescent country of Ethiopia, Elgand",CorrelationGECO,5,0.001,what is ethiopia,msmarco-passage/train,ielabgroup/vec2text_gtr-base-st_corrector
1112341,what is the daily life of thai people,"thai sound           , which means hello",CorrelationGECO,5,0.001,what sound means hello in thai,msmarco-passage/train,ielabgroup/vec2text_gtr-base-st_corrector
1112341,what is the daily life of thai people,"in september, the weather in Tharpai is awash with wind and rain, and the weather in Thailand is a warm",CorrelationGECO,5,0.001,how is the weather in thailand in september,msmarco-passage/train,ielabgroup/vec2text_gtr-base-st_corrector
1112341,what is the daily life of thai people,"thh Services , formerly known as thh services, is a symfy, christening and warehouse",CorrelationGECO,5,0.001,what is thh services,msmarco-passage/train,ielabgroup/vec2text_gtr-base-st_corrector
1112341,what is the daily life of thai people,Thrips (A.K.A. thyrmopygidae) are a family of insects.,CorrelationGECO,5,0.001,what are thrips?,msmarco-passage/train,ielabgroup/vec2text_gtr-base-st_corrector
1112341,what is the daily life of thai people,"how many hours a week a work day is devoted to, a massage therapist works 8 hours a week or 30 minutes a",CorrelationGECO,5,0.001,how many hours a week does a massage therapist work,msmarco-passage/train,ielabgroup/vec2text_gtr-base-st_corrector
1112341,what is the daily life of thai people,"of Martha, he is Ramtha, a phantom and television personality who is currently the youngest producer on the Wendy Broderick",CorrelationGECO,5,0.001,who is ramtha,msmarco-passage/train,ielabgroup/vec2text_gtr-base-st_corrector
1112341,what is the daily life of thai people,Takt free time Takt free time (Fresh e-Time) is a synchronised time schedule for professional and sports activities,CorrelationGECO,5,0.001,what is takt free time,msmarco-passage/train,ielabgroup/vec2text_gtr-base-st_corrector
1112341,what is the daily life of thai people,the main street times (           ) means,CorrelationGECO,5,0.001,the main street times mean,msmarco-passage/train,ielabgroup/vec2text_gtr-base-st_corrector
1112341,what is the daily life of thai people,"(known as the Ethiopians) – who were Ethiopia, who were ephemerians and two families of Egypt",CorrelationGECO,5,0.001,who were the ethiopians,msmarco-passage/train,ielabgroup/vec2text_gtr-base-st_corrector
131843,definition of a sigmet,a.d.,CorrelationGECO,5,0.001,swede definition,msmarco-passage/train,ielabgroup/vec2text_gtr-base-st_corrector
131843,definition of a sigmet,the month of the ephemera (the ephemera of the Great Powers of the United States) on September represents,CorrelationGECO,5,0.001,what does the month of september represent,msmarco-passage/train,ielabgroup/vec2text_gtr-base-st_corrector
131843,definition of a sigmet,definition of ephit (,CorrelationGECO,5,0.001,definition of ephit,msmarco-passage/train,ielabgroup/vec2text_gtr-base-st_corrector
131843,definition of a sigmet,"Silt  is a layer of ionosilicate, a form of tidal",CorrelationGECO,5,0.001,what is silt?,msmarco-passage/train,ielabgroup/vec2text_gtr-base-st_corrector
131843,definition of a sigmet,"Seg Seg is a system of nascent brains used by the human oculus, also known as Seg,",CorrelationGECO,5,0.001,what is seg,msmarco-passage/train,ielabgroup/vec2text_gtr-base-st_corrector
131843,definition of a sigmet,"regent (pl. regent), a retaliatory king or heir apparent during the passing of the Hamilton",CorrelationGECO,5,0.001,define regent,msmarco-passage/train,ielabgroup/vec2text_gtr-base-st_corrector
131843,definition of a sigmet,sigmoid rectotoma of lymphocystoma and a retegmentonom of lymph,CorrelationGECO,5,0.001,lymphoma of rectosigmoid,msmarco-passage/train,ielabgroup/vec2text_gtr-base-st_corrector
131843,definition of a sigmet,meaning of sapphic. It means that a diamond-sharp etching is a type of etching which is referred,CorrelationGECO,5,0.001,what does sapphic mean,msmarco-passage/train,ielabgroup/vec2text_gtr-base-st_corrector
131843,definition of a sigmet,"signature event - a magic event during a performance of a body event, e.g. Miranda and Cary, signature events defined",CorrelationGECO,5,0.001,signature event definition,msmarco-passage/train,ielabgroup/vec2text_gtr-base-st_corrector
131843,definition of a sigmet,A sestra is a resonant organ of the Session of the Astra Chorus. It is a powerful physically,CorrelationGECO,5,0.001,what is a sestra,msmarco-passage/train,ielabgroup/vec2text_gtr-base-st_corrector
104861,cost of interior concrete flooring,place a block on a block of concrete cinders or bricks and cost between $450 and $600 to install concrete blocks and cost,CorrelationGECO,5,0.001,how much does it cost to install concrete blocks,msmarco-passage/train,ielabgroup/vec2text_gtr-base-st_corrector
104861,cost of interior concrete flooring,cost from $350 to $350 (Less Than a Tone) to put your floor down and your floor will remain in your basement,CorrelationGECO,5,0.001,how much will it cost to put floor down in my basement,msmarco-passage/train,ielabgroup/vec2text_gtr-base-st_corrector
104861,cost of interior concrete flooring,for $90–$170 (sheath of a gamut) or $900–$170 (floor tile) tile floor,CorrelationGECO,5,0.001,cost for tile floor,msmarco-passage/train,ielabgroup/vec2text_gtr-base-st_corrector
104861,cost of interior concrete flooring,in the cost of $60–90 U.S. to replace a tiled floor or a tiled floor or replacement of a previously tile,CorrelationGECO,5,0.001,cost to replace tiled floor,msmarco-passage/train,ielabgroup/vec2text_gtr-base-st_corrector
104861,cost of interior concrete flooring,traditional tequila-patterned porcelain tile is commonly a typical cost of a $18-800 cost of a typical floor tile,CorrelationGECO,5,0.001,typical cost of porcelain tile flooring,msmarco-passage/train,ielabgroup/vec2text_gtr-base-st_corrector
104861,cost of interior concrete flooring,"(square of square) of concrete is located and costs from $80 to $150,000, and produces a large granite paving stone and a cement",CorrelationGECO,5,0.001,what does square of concrete cost,msmarco-passage/train,ielabgroup/vec2text_gtr-base-st_corrector
104861,cost of interior concrete flooring,"(sheep, tin john, tin john, tin pane) tile floor cost $3000 to $",CorrelationGECO,5,0.001,tile floor cost,msmarco-passage/train,ielabgroup/vec2text_gtr-base-st_corrector
104861,cost of interior concrete flooring,cost of $120-$200 to install floating hardwood floors or 'floating' or 'chopping' a bare-foot wood,CorrelationGECO,5,0.001,cost to install floating hardwood floors,msmarco-passage/train,ielabgroup/vec2text_gtr-base-st_corrector
104861,cost of interior concrete flooring,"brace poured concrete fresco size and shape, a concrete pour cost of $40 to $80 to $90 to $90 to $90",CorrelationGECO,5,0.001,concrete pour cost,msmarco-passage/train,ielabgroup/vec2text_gtr-base-st_corrector
104861,cost of interior concrete flooring,"install (e.g., john bernethane laying) concrete installation or at a cost of $280 to $280",CorrelationGECO,5,0.001,concrete installation cost,msmarco-passage/train,ielabgroup/vec2text_gtr-base-st_corrector
833860,what is the most popular food in switzerland,"with a coffee plantation, krishi and a coffee, Rihanna's favorite food is radish-coffee",CorrelationGECO,5,0.001,what is rihanna favorite food,msmarco-passage/train,ielabgroup/vec2text_gtr-base-st_corrector
833860,what is the most popular food in switzerland,"Usually, people eat food in Paris that they have fried and eat with bread, french fries, mushroom beef, or corn",CorrelationGECO,5,0.001,what is some food people eat in paris france,msmarco-passage/train,ielabgroup/vec2text_gtr-base-st_corrector
833860,what is the most popular food in switzerland,"a salary of 1,800,000 swatherland (Montserrat) nurses salary, the schnitzertip (",CorrelationGECO,5,0.001,switzerland nurse salary,msmarco-passage/train,ielabgroup/vec2text_gtr-base-st_corrector
833860,what is the most popular food in switzerland,– Carbo ni Tempranilla. This low carb cheese is a low gout and is white with quino,CorrelationGECO,5,0.001,what cheese is low carb,msmarco-passage/train,ielabgroup/vec2text_gtr-base-st_corrector
833860,what is the most popular food in switzerland,"foods that are fibre, such as oats, beans, fervour, and pumpkin seeds, granola flour are fibres",CorrelationGECO,5,0.001,what foods are fibre,msmarco-passage/train,ielabgroup/vec2text_gtr-base-st_corrector
833860,what is the most popular food in switzerland,"name of osaka food, which is osaka otsui otsui otsawa",CorrelationGECO,5,0.001,name of osaka food,msmarco-passage/train,ielabgroup/vec2text_gtr-base-st_corrector
833860,what is the most popular food in switzerland,"the average weather is monsoon and snowy, and the average temperatures in Switzerland (Switzerland) stand at 0 to 0",CorrelationGECO,5,0.001,what is the average weather in switzerland,msmarco-passage/train,ielabgroup/vec2text_gtr-base-st_corrector
833860,what is the most popular food in switzerland,"the starting information for the body, such as musks, pumpkins, chards, roasted cauliflower, milk, are the basic",CorrelationGECO,5,0.001,what are the basic foods,msmarco-passage/train,ielabgroup/vec2text_gtr-base-st_corrector
833860,what is the most popular food in switzerland,"a burger, a hot egg roll, and a bacon, Canada is known for food such as chowder and is also known",CorrelationGECO,5,0.001,canada is known for what food,msmarco-passage/train,ielabgroup/vec2text_gtr-base-st_corrector
833860,what is the most popular food in switzerland,"food that is popular in the country of Belgium, belgium is popular for steamed beets and noodle curries,",CorrelationGECO,5,0.001,what food is belgium popular for,msmarco-passage/train,ielabgroup/vec2text_gtr-base-st_corrector
207786,how are some sharks warm blooded,"System (a system with a central panel of evaporators and a central vent), the accumulated heat generates heat (a system",CorrelationGECO,5,0.001,what system generates heat,msmarco-passage/train,ielabgroup/vec2text_gtr-base-st_corrector
207786,how are some sharks warm blooded,"that river is cold, is because of the cold temperatures of the Cold Rivers, which ripen around the Cold River Vickovic and Helsinki Cold",CorrelationGECO,5,0.001,why is that river cold,msmarco-passage/train,ielabgroup/vec2text_gtr-base-st_corrector
207786,how are some sharks warm blooded,(known as heated mirrors) is a polarised-mirror system of heating air in the windshield and insulating heat in cold,CorrelationGECO,5,0.001,what is heated mirrors,msmarco-passage/train,ielabgroup/vec2text_gtr-base-st_corrector
207786,how are some sharks warm blooded,What you call your 'chicks' are the chunks of blood in your menopausal period called 'so ',CorrelationGECO,5,0.001,hey cortana what are the chunks in your period blood called,msmarco-passage/train,ielabgroup/vec2text_gtr-base-st_corrector
207786,how are some sharks warm blooded,"warmest time in history, a time of epoch of butter and a flooded land during the Great Depression, is the warmest",CorrelationGECO,5,0.001,warmest time in history,msmarco-passage/train,ielabgroup/vec2text_gtr-base-st_corrector
207786,how are some sharks warm blooded,hot in lukewarm is a 1 kiloliter (about 225 °F) hot in lukewarm,CorrelationGECO,5,0.001,how hot is lukewarm,msmarco-passage/train,ielabgroup/vec2text_gtr-base-st_corrector
207786,how are some sharks warm blooded,What you call your 'chicks' are the chunks of blood in your menopausal period called 'so ',CorrelationGECO,5,0.001,hey cortana what are the chunks in your period blood called,msmarco-passage/train,ielabgroup/vec2text_gtr-base-st_corrector
207786,how are some sharks warm blooded,"is warm a noun, a noun, a noun, a noun, or a noun in a verb",CorrelationGECO,5,0.001,is warm a noun,msmarco-passage/train,ielabgroup/vec2text_gtr-base-st_corrector
207786,how are some sharks warm blooded,where they are found in a pair of sand-covered oceanic white tip sharks are found at shark sharks in California,CorrelationGECO,5,0.001,where are oceanic white tip sharks found,msmarco-passage/train,ielabgroup/vec2text_gtr-base-st_corrector
207786,how are some sharks warm blooded,"of humans today, about 1.2 million sharks kill humans each year, of which a third is referred to as Sharksnake by",CorrelationGECO,5,0.001,how many sharks killing humans year,msmarco-passage/train,ielabgroup/vec2text_gtr-base-st_corrector
1114819,what is durable medical equipment consist of,term 'Dme' stands for a Clean Clean Cleanser and a the name 'Digital Movement Equipment',CorrelationGECO,5,0.001,what does the term dme stand for,msmarco-passage/train,ielabgroup/vec2text_gtr-base-st_corrector
1114819,what is durable medical equipment consist of,"medical device - a medical device (the medulla, a uterine, a ventilation system, a medical equipment definition",CorrelationGECO,5,0.001,medical device definition,msmarco-passage/train,ielabgroup/vec2text_gtr-base-st_corrector
1114819,what is durable medical equipment consist of,"the medical profession and the facilities in which a patient is assisted living, a typical medical profession is a qmp (qci",CorrelationGECO,5,0.001,what medical profession is typical for assisted living facilities qmp,msmarco-passage/train,ielabgroup/vec2text_gtr-base-st_corrector
1114819,what is durable medical equipment consist of,"type of facility is MDC, which is a D.C. aero-humane facility. The facility is located at Baltimore Convention",CorrelationGECO,5,0.001,what type of facility is mdc,msmarco-passage/train,ielabgroup/vec2text_gtr-base-st_corrector
1114819,what is durable medical equipment consist of,"how long a medical facility (medical records) is required to maintain records and if a hospital is unable to complete records, based",CorrelationGECO,5,0.001,how long is a medical facility required to maintain records,msmarco-passage/train,ielabgroup/vec2text_gtr-base-st_corrector
1114819,what is durable medical equipment consist of,"definition of a medical device – a medical device, a medical appliance, a medullar tissue, a medical",CorrelationGECO,5,0.001,definition of medical device,msmarco-passage/train,ielabgroup/vec2text_gtr-base-st_corrector
1114819,what is durable medical equipment consist of,"victorian medical devices. The victorian medical device, a 1700s-Flint-Antiquity Umbr",CorrelationGECO,5,0.001,victorian medical devices,msmarco-passage/train,ielabgroup/vec2text_gtr-base-st_corrector
1114819,what is durable medical equipment consist of,"types of different healthcare structures (health care, e.g., obstruct, athropoide, and hospital services)",CorrelationGECO,5,0.001,different types of healthcare structures,msmarco-passage/train,ielabgroup/vec2text_gtr-base-st_corrector
1114819,what is durable medical equipment consist of,durable message (adj. d) durable message (adj. d) is a dimensional definition of a communication,CorrelationGECO,5,0.001,define durable message,msmarco-passage/train,ielabgroup/vec2text_gtr-base-st_corrector
1114819,what is durable medical equipment consist of,"what hospitalists identify. They identify a patient and a patient and are not irritated by a chart, fake viagra,",CorrelationGECO,5,0.001,what do hospitalist identify,msmarco-passage/train,ielabgroup/vec2text_gtr-base-st_corrector
183378,exons definition biology,"sex chromosomes,          are the definition biology",CorrelationGECO,5,0.001,sex chromosomes definition biology,msmarco-passage/train,ielabgroup/vec2text_gtr-base-st_corrector
183378,exons definition biology,An extrusion machine (also known as a 'extrusion machine') is a machine that assembles a solid filament,CorrelationGECO,5,0.001,what is an extrusion machine,msmarco-passage/train,ielabgroup/vec2text_gtr-base-st_corrector
183378,exons definition biology,DNA exonuclease is a nuclease that cleaves dnascent RNA and assemble,CorrelationGECO,5,0.001,what does dna exonuclease,msmarco-passage/train,ielabgroup/vec2text_gtr-base-st_corrector
183378,exons definition biology,biology define hox genes (or hox genes) as a set of resequestration genes in a biological cell.,CorrelationGECO,5,0.001,define hox genes in biology,msmarco-passage/train,ielabgroup/vec2text_gtr-base-st_corrector
183378,exons definition biology,"the definition of a group of foods, e.g., e.g., e.g., an ecosystem",CorrelationGECO,5,0.001,definition of an ecosystem,msmarco-passage/train,ielabgroup/vec2text_gtr-base-st_corrector
183378,exons definition biology,neuron - neons - neons - neons - definitions of the nucle,CorrelationGECO,5,0.001,neuron definitions,msmarco-passage/train,ielabgroup/vec2text_gtr-base-st_corrector
183378,exons definition biology,(E.G.E.D.) define an exhibit. Exhibit (exhibit) is the collection of fossil evidence of certain types,CorrelationGECO,5,0.001,exhibit define,msmarco-passage/train,ielabgroup/vec2text_gtr-base-st_corrector
183378,exons definition biology,"the definition of phylum, a class of biological phyla of animals, a group ofs, a division of",CorrelationGECO,5,0.001,definition of phylum biology,msmarco-passage/train,ielabgroup/vec2text_gtr-base-st_corrector
183378,exons definition biology,biology (phylum) phyla are a definition of a phylum defined by the order Vesuviridae,CorrelationGECO,5,0.001,phylum biology definition,msmarco-passage/train,ielabgroup/vec2text_gtr-base-st_corrector
183378,exons definition biology,(a.k.a. ) is the region of the cell from which the axon () originates at the cell,CorrelationGECO,5,0.001,________ is the region of the cell from which the axon originates,msmarco-passage/train,ielabgroup/vec2text_gtr-base-st_corrector
1106007,define visceral?,"abyss, defined as the abyss of a bln (",CorrelationGECO,5,0.001,definition of abyss,msmarco-passage/train,ielabgroup/vec2text_gtr-base-st_corrector
1106007,define visceral?,definition vulcanize (vulcanise,CorrelationGECO,5,0.001,definition vulcanize,msmarco-passage/train,ielabgroup/vec2text_gtr-base-st_corrector
1106007,define visceral?,"adolescence, Ascetic Practices is a baptistic spiritual practice that treats individuals as a gift. It is",CorrelationGECO,5,0.001,what is ascetic practices,msmarco-passage/train,ielabgroup/vec2text_gtr-base-st_corrector
1106007,define visceral?,"(non-semitic, narcissistic, pious) nature of evil, the nature of evil in literary literature",CorrelationGECO,5,0.001,define nature of evil literary,msmarco-passage/train,ielabgroup/vec2text_gtr-base-st_corrector
1106007,define visceral?,"javelina, a venom (e.g., venom equatorialis) definition of a animal.",CorrelationGECO,5,0.001,"javelina, definition",msmarco-passage/train,ielabgroup/vec2text_gtr-base-st_corrector
1106007,define visceral?,"definition of vignette in literature, a fecundity in the images of a landscape in John Vaughan Munr",CorrelationGECO,5,0.001,definition of vignette in literature,msmarco-passage/train,ielabgroup/vec2text_gtr-base-st_corrector
1106007,define visceral?,a vulva is a genitalia and one of the medial arteries and ducts (Vulvae),CorrelationGECO,5,0.001,what is a vulva ?,msmarco-passage/train,ielabgroup/vec2text_gtr-base-st_corrector
1106007,define visceral?,venal - a defined artery on the venous thrombosis of the gastrointestinal tract and a venous,CorrelationGECO,5,0.001,venal define,msmarco-passage/train,ielabgroup/vec2text_gtr-base-st_corrector
1106007,define visceral?,"of a key defining a vocal - e.g. ""Velocity"" or ""Ven"" - are",CorrelationGECO,5,0.001,define vocal,msmarco-passage/train,ielabgroup/vec2text_gtr-base-st_corrector
1106007,define visceral?,"the virility of a fetus or a child through a period of sexual avalandication, known as vir",CorrelationGECO,5,0.001,definition of virility,msmarco-passage/train,ielabgroup/vec2text_gtr-base-st_corrector
1124210,tracheids are part of _____.,of the  [poison] or  [apneustem] the ventricles is the inferior portion of the heart,CorrelationGECO,5,0.001,the ___________ of the heart is the inferior portion of the ventricles,msmarco-passage/train,ielabgroup/vec2text_gtr-base-st_corrector
1124210,tracheids are part of _____.,"in the highland cartilage, the trachea (or trachena’s trachea) is the purpose of carti",CorrelationGECO,5,0.001,what's the purpose of the highland cartilage in the trachea,msmarco-passage/train,ielabgroup/vec2text_gtr-base-st_corrector
1124210,tracheids are part of _____.,"A butterfly comes from the lower body part (chlumbus or rump) where they give wings and a long, muscular carotid",CorrelationGECO,5,0.001,what body part do butterflies come from,msmarco-passage/train,ielabgroup/vec2text_gtr-base-st_corrector
1124210,tracheids are part of _____.,"(parts of a nephron) are the parts of the nephron, nephron and n",CorrelationGECO,5,0.001,what are the parts of a nephron,msmarco-passage/train,ielabgroup/vec2text_gtr-base-st_corrector
1124210,tracheids are part of _____.,"a group of organs that perform a common function – they are a common abrasive branch, but it is still",CorrelationGECO,5,0.001,is a group of organs that perform a common function,msmarco-passage/train,ielabgroup/vec2text_gtr-base-st_corrector
1124210,tracheids are part of _____.,"of the features of endothelium are the endothelium, entoma, metalla, and cadas",CorrelationGECO,5,0.001,what are the features of endothelium,msmarco-passage/train,ielabgroup/vec2text_gtr-base-st_corrector
1124210,tracheids are part of _____.,"The structures found in ear are where hearing is found, and the other structures are found in the apical and apical sections.",CorrelationGECO,5,0.001,where are the structures for hearing found?,msmarco-passage/train,ielabgroup/vec2text_gtr-base-st_corrector
1124210,tracheids are part of _____.,"types of vascular ring around the trachea, namely the vascular trachea, vascular trachea,",CorrelationGECO,5,0.001,types of vascular ring around the trachea,msmarco-passage/train,ielabgroup/vec2text_gtr-base-st_corrector
1124210,tracheids are part of _____.,- - - what type of cartilage make up the thyroid cartilage and rings in the trachea of the trachea,CorrelationGECO,5,0.001,- what type cartilage makes up the thyroid cartilage and cartilage rings of the trachea,msmarco-passage/train,ielabgroup/vec2text_gtr-base-st_corrector
1124210,tracheids are part of _____.,"(INR) and as a cytoskeletal system, the liver is in the quadrant (pivot terensis)",CorrelationGECO,5,0.001,what quadrant is the liver in,msmarco-passage/train,ielabgroup/vec2text_gtr-base-st_corrector
490595,rsa definition key,is mrsa (mrsa rifascaria) reportable disease. It is a reportable disease,CorrelationGECO,5,0.001,is mrsa reportable disease,msmarco-passage/train,ielabgroup/vec2text_gtr-base-st_corrector
490595,rsa definition key,defined login. - https://www.stemapi.edu/ - https://stemapi.edu/ - stem stem,CorrelationGECO,5,0.001,defined stem login,msmarco-passage/train,ielabgroup/vec2text_gtr-base-st_corrector
490595,rsa definition key,a spia. It is a high-performance multi-sensory data system and a multi-touch collider known as Sp,CorrelationGECO,5,0.001,what is a spia,msmarco-passage/train,ielabgroup/vec2text_gtr-base-st_corrector
490595,rsa definition key,a LESA. It is a specialised (LESA) is a,CorrelationGECO,5,0.001,what is a LESA,msmarco-passage/train,ielabgroup/vec2text_gtr-base-st_corrector
490595,rsa definition key,registered practitioner dea definition (Dea definition) is a governing body of the practice of policing and executing RDIs,CorrelationGECO,5,0.001,registered practitioner dea definition,msmarco-passage/train,ielabgroup/vec2text_gtr-base-st_corrector
490595,rsa definition key,a Psa battery or a Psa-A battery is a battery that encases electrical and electrical shocks and information,CorrelationGECO,5,0.001,what is a psa battery,msmarco-passage/train,ielabgroup/vec2text_gtr-base-st_corrector
490595,rsa definition key,"erisa is located at ida-Essana, Illinois. It is located in the Middle East Protecte",CorrelationGECO,5,0.001,where is erisa located,msmarco-passage/train,ielabgroup/vec2text_gtr-base-st_corrector
490595,rsa definition key,Dsa is a bio-activated adenosine ligase. This is a fungal release of food,CorrelationGECO,5,0.001,what is dsa,msmarco-passage/train,ielabgroup/vec2text_gtr-base-st_corrector
490595,rsa definition key,Rda (diluent aglycerin) A RDA is a cellulose ion that leaves a medicine,CorrelationGECO,5,0.001,what is an rda,msmarco-passage/train,ielabgroup/vec2text_gtr-base-st_corrector
490595,rsa definition key,"a wholly owned asset, SrA is not owned and is not owned by the Johns Hopkins Opry. It also stocks a few",CorrelationGECO,5,0.001,what is sra not owned,msmarco-passage/train,ielabgroup/vec2text_gtr-base-st_corrector
1103812,who formed the commonwealth of independent states,"a total of 84 years, from 1786 until the liberation of the United States of America by the British, the War of Independence was",CorrelationGECO,5,0.001,how long was the war of independence,msmarco-passage/train,ielabgroup/vec2text_gtr-base-st_corrector
1103812,who formed the commonwealth of independent states,"a treaty from U.S. Col. Huw Brandt and Carlyle Howe, signed the Fort Wayne-Trench",CorrelationGECO,5,0.001,who signed the treaty of fort wayne,msmarco-passage/train,ielabgroup/vec2text_gtr-base-st_corrector
1103812,who formed the commonwealth of independent states,called the Battle of '1717 (Battle of the Bards and Scots fought at the American airborne attack) called,CorrelationGECO,5,0.001,what was the battle of independence called,msmarco-passage/train,ielabgroup/vec2text_gtr-base-st_corrector
1103812,who formed the commonwealth of independent states,"because in 1787, as a pact to return colonists to the House of Commons, 13 colonies declared independence and declared colony",CorrelationGECO,5,0.001,why did 13 colonies declare independence,msmarco-passage/train,ielabgroup/vec2text_gtr-base-st_corrector
1103812,who formed the commonwealth of independent states,"in 1924 when the United States of America was proclaimed as a new nation and following the passage of the United States Charter, the United Nations formed",CorrelationGECO,5,0.001,when was the United nations formed,msmarco-passage/train,ielabgroup/vec2text_gtr-base-st_corrector
1103812,who formed the commonwealth of independent states,"to a voter who was not familiar with how it was enacted, the Declaration of Independence affected voting, affecting direct voting by the American people",CorrelationGECO,5,0.001,how did the declaration of independence affect voting,msmarco-passage/train,ielabgroup/vec2text_gtr-base-st_corrector
1103812,who formed the commonwealth of independent states,"who established the naap, the neo-Naacists and the ncCP. Originally",CorrelationGECO,5,0.001,who established the naacp,msmarco-passage/train,ielabgroup/vec2text_gtr-base-st_corrector
1103812,who formed the commonwealth of independent states,"(born in St. Clyde, Massachusetts) founded Inst. This is a collection of the earliest Thomas Jefferson and George Ingal",CorrelationGECO,5,0.001,who founded inst,msmarco-passage/train,ielabgroup/vec2text_gtr-base-st_corrector
1103812,who formed the commonwealth of independent states,"1791 and enacted by a wide margin in August 1791, the Electoral College was formed and is the seat of the United States",CorrelationGECO,5,0.001,when was the electoral college formed,msmarco-passage/train,ielabgroup/vec2text_gtr-base-st_corrector
1103812,who formed the commonwealth of independent states,one of the reasons why Croatia and Slovakia declared independence from Yenissap-Yugoslavia. Originally,CorrelationGECO,5,0.001,what was one reason slovenia and croatia declared independence from yugoslavia?,msmarco-passage/train,ielabgroup/vec2text_gtr-base-st_corrector
87181,causes of left ventricular hypertrophy,"disease affects vital capacity. Vital capacity is a condition that affects vital functioning by assisting in the prevention of apnea,",CorrelationGECO,5,0.001,how does disease affect vital capacity,msmarco-passage/train,ielabgroup/vec2text_gtr-base-st_corrector
87181,causes of left ventricular hypertrophy,Hypertrophy (joint facet joint) Mild hypertrophy means that it is a fascicular arthriti,CorrelationGECO,5,0.001,what does mild facet joint hypertrophy mean,msmarco-passage/train,ielabgroup/vec2text_gtr-base-st_corrector
87181,causes of left ventricular hypertrophy,"a cause of a gastrointestinal condition (cocodonea and bilirubino), causes isolated hyperbilirubinemia",CorrelationGECO,5,0.001,causes of isolated hyperbilirubinemia,msmarco-passage/train,ielabgroup/vec2text_gtr-base-st_corrector
87181,causes of left ventricular hypertrophy,"eutrophication can be caused by excess. This can be a form of atrophic elongation caused by ""gas",CorrelationGECO,5,0.001,eutrophication can be caused by excess,msmarco-passage/train,ielabgroup/vec2text_gtr-base-st_corrector
87181,causes of left ventricular hypertrophy,ventricular tachycardia is a form of supercardiac tachycardia that is a special heart attack,CorrelationGECO,5,0.001,what is super ventricular tachycardia,msmarco-passage/train,ielabgroup/vec2text_gtr-base-st_corrector
87181,causes of left ventricular hypertrophy,"causes of steatorrhea disorder, or Staatorrhea, which is a disorder of the fecal intestin",CorrelationGECO,5,0.001,causes of steatorrhea disorder,msmarco-passage/train,ielabgroup/vec2text_gtr-base-st_corrector
87181,causes of left ventricular hypertrophy,"living or living in post-brain trauma, the most likely contributing factors to the cause of thoracic outlet syndrome are the most likely contributors",CorrelationGECO,5,0.001,what are the most likely contributing factors to thoracic outlet syndrome,msmarco-passage/train,ielabgroup/vec2text_gtr-base-st_corrector
87181,causes of left ventricular hypertrophy,"causes (human ectopic disease, lymphocystegalitis, or faecal disease) causes Hodgkin",CorrelationGECO,5,0.001,what causes hodgkin's disease,msmarco-passage/train,ielabgroup/vec2text_gtr-base-st_corrector
87181,causes of left ventricular hypertrophy,of abrasia (stresses) are the causes of cerebral atherosclerosis. Atherosclerosis Atherosclerosis,CorrelationGECO,5,0.001,cause of cerebral atherosclerosis,msmarco-passage/train,ielabgroup/vec2text_gtr-base-st_corrector
87181,causes of left ventricular hypertrophy,causes encephaloceles (as a result of cell membrane detonation by the human embryology) that cause ages.,CorrelationGECO,5,0.001,what causes encephaloceles?,msmarco-passage/train,ielabgroup/vec2text_gtr-base-st_corrector
443396,lps laws definition,"the esoteric act of the Nicolaus E. Liss. The ellis Act, a law defining tax",CorrelationGECO,5,0.001,define the ellis act,msmarco-passage/train,ielabgroup/vec2text_gtr-base-st_corrector
443396,lps laws definition,ltss service provider (Service Providers) is a service provider for SS. It provides on-demand information and synchron,CorrelationGECO,5,0.001,what is ltss provider services,msmarco-passage/train,ielabgroup/vec2text_gtr-base-st_corrector
443396,lps laws definition,age discrimination legislation is the legislation introducing the Age Discrimination (Adolescents v. 51) Act and a repeal,CorrelationGECO,5,0.001,age discrimination legislation,msmarco-passage/train,ielabgroup/vec2text_gtr-base-st_corrector
443396,lps laws definition,Definition of lep Lep (         ) is an autobiode,CorrelationGECO,5,0.001,define lep,msmarco-passage/train,ielabgroup/vec2text_gtr-base-st_corrector
443396,lps laws definition,"(S.E.D.S.) and (S.I.S.) the said principle, a statement of the observed principle defined",CorrelationGECO,5,0.001,the said principle definition,msmarco-passage/train,ielabgroup/vec2text_gtr-base-st_corrector
443396,lps laws definition,"LPL (Accounting to Completion of Balance or Accounting to Poultry) LPL (, ; abbreviated as Lull",CorrelationGECO,5,0.001,what does pll stand for accounting,msmarco-passage/train,ielabgroup/vec2text_gtr-base-st_corrector
443396,lps laws definition,GSa/Ldp check. This is a gsa check that is used to track a patient's progress and location,CorrelationGECO,5,0.001,what is ldp/gsa check,msmarco-passage/train,ielabgroup/vec2text_gtr-base-st_corrector
443396,lps laws definition,(bls),CorrelationGECO,5,0.001,what do you mean bls,msmarco-passage/train,ielabgroup/vec2text_gtr-base-st_corrector
443396,lps laws definition,"liability (e.g., bourbon liability, mannequin liability) liquor liability is defined as the amount of alcohol in liquid",CorrelationGECO,5,0.001,liquor liability defined,msmarco-passage/train,ielabgroup/vec2text_gtr-base-st_corrector
443396,lps laws definition,conclusion (law),CorrelationGECO,5,0.001,conclusion of law definition,msmarco-passage/train,ielabgroup/vec2text_gtr-base-st_corrector
1121709,what are the three percenters?,"the three major groups of protists, namely, protists, a reseminata and a",CorrelationGECO,5,0.001,what are the three major groups of protists,msmarco-passage/train,ielabgroup/vec2text_gtr-base-st_corrector
1121709,what are the three percenters?,Inc. - Third Party Inc. is a special solutions company and a US Court of International Arbitration for Trade and Industry Disp,CorrelationGECO,5,0.001,what is third party inc,msmarco-passage/train,ielabgroup/vec2text_gtr-base-st_corrector
1121709,what are the three percenters?,"(now known as Globalists) are a group of globalists who, along with President Donald Trump and President Donald Trump, are global puppet",CorrelationGECO,5,0.001,who or what are globalists,msmarco-passage/train,ielabgroup/vec2text_gtr-base-st_corrector
1121709,what are the three percenters?,"The TRSs The TRSs are a group of global eminent tax collectors, best known as The Toscanas",CorrelationGECO,5,0.001,who are the trs,msmarco-passage/train,ielabgroup/vec2text_gtr-base-st_corrector
1121709,what are the three percenters?,"percentage of alzosterone, ailment, and other diseases, and 97 percent of Alzheimer's disease (Alzheim",CorrelationGECO,5,0.001,percentage of alzheimer's disease,msmarco-passage/train,ielabgroup/vec2text_gtr-base-st_corrector
1121709,what are the three percenters?,"a fact that is important to women, a key fact for women in trifles is that they are not able to focus on their health",CorrelationGECO,5,0.001,what fact is important to women in trifles,msmarco-passage/train,ielabgroup/vec2text_gtr-base-st_corrector
1121709,what are the three percenters?,"the three main arrangements of bacteria are the three arrangements of bacterial cells and their cellular and organic chemistry, such as adenosolar",CorrelationGECO,5,0.001,what are the three main arrangements of bacteria,msmarco-passage/train,ielabgroup/vec2text_gtr-base-st_corrector
1121709,what are the three percenters?,"based on who is a man of the same sex or body, 90 per cent of people are gay and 63 per cent of people",CorrelationGECO,5,0.001,what percentage of people are gay,msmarco-passage/train,ielabgroup/vec2text_gtr-base-st_corrector
1121709,what are the three percenters?,"a fact that is important to women, a key fact for women in trifles is that they are not able to focus on their health",CorrelationGECO,5,0.001,what fact is important to women in trifles,msmarco-passage/train,ielabgroup/vec2text_gtr-base-st_corrector
1121709,what are the three percenters?,"(a.k.a. Bill Clinton or 'Three-President') Johnson, who was the third U.S. president",CorrelationGECO,5,0.001,who was the third u.s. president,msmarco-passage/train,ielabgroup/vec2text_gtr-base-st_corrector
87452,causes of military suicide,a coma caused the death of Mary Marlise Trask. The coma was the cause of the death of Mary travers,CorrelationGECO,5,0.001,what caused the death of mary travers,msmarco-passage/train,ielabgroup/vec2text_gtr-base-st_corrector
87452,causes of military suicide,"in the number of causes of death, followed by diabetes mellitus, diabetes, or end-obscurity. People with diabetes",CorrelationGECO,5,0.001,causes of death in diabetes,msmarco-passage/train,ielabgroup/vec2text_gtr-base-st_corrector
87452,causes of military suicide,"acted against attempted suicide is illegal in Oklahoma-Oklahoma, if a suicide is a matter of utmost priority,",CorrelationGECO,5,0.001,is attempted suicide illegal in oklahoma,msmarco-passage/train,ielabgroup/vec2text_gtr-base-st_corrector
87452,causes of military suicide,Tsarnaev merle death,CorrelationGECO,5,0.001,tamerlan tsarnaev cause of death,msmarco-passage/train,ielabgroup/vec2text_gtr-base-st_corrector
87452,causes of military suicide,"if a person commits suicide and if it does so, insurance will pay for the cost of the insurance provided by the insurance plan and",CorrelationGECO,5,0.001,if someone commits suicide does insurance pay,msmarco-passage/train,ielabgroup/vec2text_gtr-base-st_corrector
87452,causes of military suicide,cause of death certificate respiratory failure or a result of respiratory failure (emphysema death or acute lung failure,CorrelationGECO,5,0.001,cause of death respiratory failure death certificate,msmarco-passage/train,ielabgroup/vec2text_gtr-base-st_corrector
87452,causes of military suicide,"fuel, sacrificial death, ketchup and death in the air are the primary causes of death during World War 1 and World War",CorrelationGECO,5,0.001,what were the primary causes of death in world war 1,msmarco-passage/train,ielabgroup/vec2text_gtr-base-st_corrector
87452,causes of military suicide,when a child is a child (age 12 to 18) and who are ill or in a precarious condition will start committing,CorrelationGECO,5,0.001,what age do children start committing suicide,msmarco-passage/train,ielabgroup/vec2text_gtr-base-st_corrector
87452,causes of military suicide,"causes of dmd. This is due to a variety of diseases. Animals, feces, and muscle damage cause d",CorrelationGECO,5,0.001,causes of dmd,msmarco-passage/train,ielabgroup/vec2text_gtr-base-st_corrector
87452,causes of military suicide,A lack of motivation or a lack of re-mobilization between the employees is the cause of low morale in the workplace or other,CorrelationGECO,5,0.001,causes of low morale in the workplace,msmarco-passage/train,ielabgroup/vec2text_gtr-base-st_corrector
855410,what is theraderm used for,"used for lestrin and oltrachepse. Using this, lestrin is used for lomidi",CorrelationGECO,5,0.001,what is this used for loestrin,msmarco-passage/train,ielabgroup/vec2text_gtr-base-st_corrector
855410,what is theraderm used for,"using a steriloalkenese, Paraldehyde is used for veterinary and veterinary medicine and for food",CorrelationGECO,5,0.001,what is paraldehyde used for,msmarco-passage/train,ielabgroup/vec2text_gtr-base-st_corrector
855410,what is theraderm used for,"benefits of rhapsodium cartonideum, rhapsodic rhamnosum, and other phrom",CorrelationGECO,5,0.001,rhaponticum carthamoides benefits,msmarco-passage/train,ielabgroup/vec2text_gtr-base-st_corrector
855410,what is theraderm used for,(asbestos) is used for the carbon fibres of a substance such as sperm and helium. It is used,CorrelationGECO,5,0.001,what is asbestos used for,msmarco-passage/train,ielabgroup/vec2text_gtr-base-st_corrector
855410,what is theraderm used for,phenadromone sulfate (or orphanedrine) is used for sedative and aqueous treatment,CorrelationGECO,5,0.001,what is orphenadrine sulfate used for,msmarco-passage/train,ielabgroup/vec2text_gtr-base-st_corrector
855410,what is theraderm used for,rhodium (usually rhodopamine) is used for a variety of food and is used as a common,CorrelationGECO,5,0.001,what is rhodium commonly used for,msmarco-passage/train,ielabgroup/vec2text_gtr-base-st_corrector
855410,what is theraderm used for,"to a xacarfeto, Xarelto is used for the treatment of a variety of aches and asthma symptoms",CorrelationGECO,5,0.001,what is xarelto  used for,msmarco-passage/train,ielabgroup/vec2text_gtr-base-st_corrector
855410,what is theraderm used for,"meddlacordin, macroantin is used as an antant and as a pharmacogenetic drug it is used",CorrelationGECO,5,0.001,macrodantin what is it used for,msmarco-passage/train,ielabgroup/vec2text_gtr-base-st_corrector
855410,what is theraderm used for,tyvek is used for rubbing venom into foods such as veohydia and sweat. It is used,CorrelationGECO,5,0.001,what is tyvek used for,msmarco-passage/train,ielabgroup/vec2text_gtr-base-st_corrector
855410,what is theraderm used for,"a treatment for eczema, ectal poison, and eyeball disease, Eylea is used for consuming",CorrelationGECO,5,0.001,what is eylea used for,msmarco-passage/train,ielabgroup/vec2text_gtr-base-st_corrector
1114646,what is famvir prescribed for,Ftir analysis Ftir analysis is a graph of fracturing and tetratosendromic information,CorrelationGECO,5,0.001,what is ftir analysis,msmarco-passage/train,ielabgroup/vec2text_gtr-base-st_corrector
1114646,what is famvir prescribed for,"Axiron is prescribed for the treatment of a number of autoimmune and clerical diseases, including iron-death syndrome and iron",CorrelationGECO,5,0.001,what is axiron prescribed for,msmarco-passage/train,ielabgroup/vec2text_gtr-base-st_corrector
1114646,what is famvir prescribed for,(brand name) of Levemir is a generic of         Ondip,CorrelationGECO,5,0.001,what is generic of Levemir,msmarco-passage/train,ielabgroup/vec2text_gtr-base-st_corrector
1114646,what is famvir prescribed for,"used as a drug, Halcion is used for treating low doses of dildro-thiaz and a number of",CorrelationGECO,5,0.001,what is halcion used for,msmarco-passage/train,ielabgroup/vec2text_gtr-base-st_corrector
1114646,what is famvir prescribed for,"medicine, azithromycin or trityl flagellinomycin is recommended for treatment with a thiol- andoxy",CorrelationGECO,5,0.001,what medicine is for trich azithromycin or flagyl,msmarco-passage/train,ielabgroup/vec2text_gtr-base-st_corrector
1114646,what is famvir prescribed for,"it is clear that antiviral medication, anti-viral drugs, act as a clot defences and halts infections across",CorrelationGECO,5,0.001,what does antiviral medication do,msmarco-passage/train,ielabgroup/vec2text_gtr-base-st_corrector
1114646,what is famvir prescribed for,"(Finasteride) and when a patient is a patient, finasteride treats atopic hypothyroidism,",CorrelationGECO,5,0.001,what does finasteride treat,msmarco-passage/train,ielabgroup/vec2text_gtr-base-st_corrector
1114646,what is famvir prescribed for,medication Vimpat Vimpat is a medication used to treat gliomyositis and rheumatosis,CorrelationGECO,5,0.001,what is medication vimpat for,msmarco-passage/train,ielabgroup/vec2text_gtr-base-st_corrector
1114646,what is famvir prescribed for,used for hemaphrodiac and emphysema. Cigmadil is used as a,CorrelationGECO,5,0.001,what is cigmadil used for,msmarco-passage/train,ielabgroup/vec2text_gtr-base-st_corrector
1114646,what is famvir prescribed for,-Serofast -Serofast is a medication that is linked to syphilis and sy,CorrelationGECO,5,0.001,what is serofast and syphilis,msmarco-passage/train,ielabgroup/vec2text_gtr-base-st_corrector
19335,anthropological definition of environment,"a list of the different types of work environments (e.g., symmetric office, tethered office, working",CorrelationGECO,5,0.001,list of different types of work environments,msmarco-passage/train,ielabgroup/vec2text_gtr-base-st_corrector
19335,anthropological definition of environment,defining organizational culture (from a syllabi of nave    ) in the organization,CorrelationGECO,5,0.001,define organizational culture,msmarco-passage/train,ielabgroup/vec2text_gtr-base-st_corrector
19335,anthropological definition of environment,"define archaic culture, a system of ancient culture, a form of culture, and a cult of apocaly",CorrelationGECO,5,0.001,define archaic culture,msmarco-passage/train,ielabgroup/vec2text_gtr-base-st_corrector
19335,anthropological definition of environment,"definition of a 'Artifactual Environment', artifactual environment is a definition of a sphere of spherical",CorrelationGECO,5,0.001,definition of artifactual environment,msmarco-passage/train,ielabgroup/vec2text_gtr-base-st_corrector
19335,anthropological definition of environment,definitions of adobe and adobe adobe (AP) human geography vocabulary vocabulary are the social linguistic,CorrelationGECO,5,0.001,ap human geography vocabulary definitions,msmarco-passage/train,ielabgroup/vec2text_gtr-base-st_corrector
19335,anthropological definition of environment,and a surprisingly pronounced and apt mix of URIs.)  composed environment  composed environment () is a,CorrelationGECO,5,0.001,* composed environment,msmarco-passage/train,ielabgroup/vec2text_gtr-base-st_corrector
19335,anthropological definition of environment,"terms related to climate (i.e., flurry of air, drier, plumage, carbon dioxide) and are related to",CorrelationGECO,5,0.001,terms related to climate,msmarco-passage/train,ielabgroup/vec2text_gtr-base-st_corrector
19335,anthropological definition of environment,"definition of ethical culture (e.g., by Jean-Pierre Hockab and others) ethical culture is a set of ethical ethical structures",CorrelationGECO,5,0.001,ethical culture definition,msmarco-passage/train,ielabgroup/vec2text_gtr-base-st_corrector
19335,anthropological definition of environment,apush             defined organized labor,CorrelationGECO,5,0.001,apush definition of organized labor,msmarco-passage/train,ielabgroup/vec2text_gtr-base-st_corrector
19335,anthropological definition of environment,"In the role of an agricultural project officer, the role of an environmental project officer (    ) will provide research opportunities",CorrelationGECO,5,0.001,what is the role of environmental officer in an agricultural projects,msmarco-passage/train,ielabgroup/vec2text_gtr-base-st_corrector
47923,axon terminals or synaptic knob definition,by opening a clamping knob and rub it a bit before clinging to a pot. Apply your clamp nab,CorrelationGECO,5,0.001,how to clamping knob,msmarco-passage/train,ielabgroup/vec2text_gtr-base-st_corrector
47923,axon terminals or synaptic knob definition,a new armament and axons. Quill shaft assembly Quill shaft assembly (formerly Quill-Pitch Assembly) is,CorrelationGECO,5,0.001,what is quill shaft assembly,msmarco-passage/train,ielabgroup/vec2text_gtr-base-st_corrector
47923,axon terminals or synaptic knob definition,"information about the axis of symmetry,  and ,  and ,  and  is the vertex",CorrelationGECO,5,0.001,what is the vertex and axis of symmetry,msmarco-passage/train,ielabgroup/vec2text_gtr-base-st_corrector
47923,axon terminals or synaptic knob definition,"known as knob and tube wiring, knob and tube wiring is a diagram of a switch system where a heat and voltage balancing tube conduct",CorrelationGECO,5,0.001,what is knob and tube wiring,msmarco-passage/train,ielabgroup/vec2text_gtr-base-st_corrector
47923,axon terminals or synaptic knob definition,"a dip remote is a remote to a location on a wireless commuting unit, also known as a CGI remote.",CorrelationGECO,5,0.001,what is a dip remote,msmarco-passage/train,ielabgroup/vec2text_gtr-base-st_corrector
47923,axon terminals or synaptic knob definition,"definition of 'action button' or 'button', aka 'abutton', is a button that makes menus",CorrelationGECO,5,0.001,what is the definition of action button,msmarco-passage/train,ielabgroup/vec2text_gtr-base-st_corrector
47923,axon terminals or synaptic knob definition,chondroids chondroids (also known as glypseroids) is a cell of a,CorrelationGECO,5,0.001,what is chondroids,msmarco-passage/train,ielabgroup/vec2text_gtr-base-st_corrector
47923,axon terminals or synaptic knob definition,(axis tilt) is a cyclo-diapause of the axis of polar horizons,CorrelationGECO,5,0.001,what is axis tilt,msmarco-passage/train,ielabgroup/vec2text_gtr-base-st_corrector
47923,axon terminals or synaptic knob definition,"radial pulse            , meaning",CorrelationGECO,5,0.001,radial pulse definition,msmarco-passage/train,ielabgroup/vec2text_gtr-base-st_corrector
47923,axon terminals or synaptic knob definition,"one difference between axons and dendrites is that, whereas axons to the axons is",CorrelationGECO,5,0.001,one difference between axons and dendrites is that,msmarco-passage/train,ielabgroup/vec2text_gtr-base-st_corrector
405717,is cdg airport in main paris,name of the aid centre at the 'Charité Aid Centre' at La Chapelle de la porte (Paris) and 'Stand,CorrelationGECO,5,0.001,what is the name of the aid centre in paris at porte de la chapelle?,msmarco-passage/train,ielabgroup/vec2text_gtr-base-st_corrector
405717,is cdg airport in main paris,a Cpg organization (CastleGeorgia Cpg) is a pg organization and an organization,CorrelationGECO,5,0.001,what is a cpg organization,msmarco-passage/train,ielabgroup/vec2text_gtr-base-st_corrector
405717,is cdg airport in main paris,"hotels (Suite West Inn, a.k.a. Hotel O'Hara) close to Chicago airport (Chicago International Airport",CorrelationGECO,5,0.001,hotels close to chicago airport,msmarco-passage/train,ielabgroup/vec2text_gtr-base-st_corrector
405717,is cdg airport in main paris,GC chlamydia glycoccalea GC chlamydia glycoc,CorrelationGECO,5,0.001,gc chlamydia,msmarco-passage/train,ielabgroup/vec2text_gtr-base-st_corrector
405717,is cdg airport in main paris,"cgma, a high-level art, machinima, and apatita. cgma",CorrelationGECO,5,0.001,what is cgma?,msmarco-passage/train,ielabgroup/vec2text_gtr-base-st_corrector
405717,is cdg airport in main paris,Code: CWA           stands for Airport to Waterlo,CorrelationGECO,5,0.001,what does this airport code stand for cwa,msmarco-passage/train,ielabgroup/vec2text_gtr-base-st_corrector
405717,is cdg airport in main paris,Airport (MAC) is for mac,CorrelationGECO,5,0.001,what is airport for mac,msmarco-passage/train,ielabgroup/vec2text_gtr-base-st_corrector
405717,is cdg airport in main paris,City of civilization Airport civilization or civ is the international airport code 0304 and is a Pitt,CorrelationGECO,5,0.001,what airport code is civ,msmarco-passage/train,ielabgroup/vec2text_gtr-base-st_corrector
405717,is cdg airport in main paris,"airport that is home to the Grand Rapids International Airport, located at Grand Rapids-Midland on the south bank of the Chicago suburb",CorrelationGECO,5,0.001,where is grand rapids airport in mi,msmarco-passage/train,ielabgroup/vec2text_gtr-base-st_corrector
405717,is cdg airport in main paris,airport is Stockholm Airport (Sweden) (formerly sterholm-Atlana Airport) located in the city of,CorrelationGECO,5,0.001,where is stockholm airport,msmarco-passage/train,ielabgroup/vec2text_gtr-base-st_corrector
182539,example of monotonic function,which provides a proof of support for a number of cases. A .0 - 0 is an example of supporting documentation.,CorrelationGECO,5,0.001,which is an example of supporting documentation,msmarco-passage/train,ielabgroup/vec2text_gtr-base-st_corrector
182539,example of monotonic function,tee output example is :,CorrelationGECO,5,0.001,tee example output,msmarco-passage/train,ielabgroup/vec2text_gtr-base-st_corrector
182539,example of monotonic function,a polar covalent bond is an example of a covalent bond with a polar ion (hydrogen polarity),CorrelationGECO,5,0.001,what is a polar covalent bond example,msmarco-passage/train,ielabgroup/vec2text_gtr-base-st_corrector
182539,example of monotonic function,(i.e. a         ) is an example of symbol,CorrelationGECO,5,0.001,what is an example of a symbol,msmarco-passage/train,ielabgroup/vec2text_gtr-base-st_corrector
182539,example of monotonic function,which is an example of observational learning is a weepy-scythegy. It provides a neo,CorrelationGECO,5,0.001,which is an example of observational learning weegy,msmarco-passage/train,ielabgroup/vec2text_gtr-base-st_corrector
182539,example of monotonic function,example by analyzing             to analyse question,CorrelationGECO,5,0.001,example of how to analyse question,msmarco-passage/train,ielabgroup/vec2text_gtr-base-st_corrector
182539,example of monotonic function,example of infinitive phrase (example:,CorrelationGECO,5,0.001,infinitive phrase example,msmarco-passage/train,ielabgroup/vec2text_gtr-base-st_corrector
182539,example of monotonic function,a resuscitation reaction (decomposition reaction) is an example of a decomposition reaction that results from a dead,CorrelationGECO,5,0.001,what is a decomposition reaction example,msmarco-passage/train,ielabgroup/vec2text_gtr-base-st_corrector
182539,example of monotonic function,Examples of PPIs are resale points which are examples of pPIs. This is a list of examples of PISS,CorrelationGECO,5,0.001,what are examples of ppis,msmarco-passage/train,ielabgroup/vec2text_gtr-base-st_corrector
182539,example of monotonic function,a polar covalent bond is an example of a covalent bond with a polar ion (hydrogen polarity),CorrelationGECO,5,0.001,what is a polar covalent bond example,msmarco-passage/train,ielabgroup/vec2text_gtr-base-st_corrector
1113437,what is physical description of spruce,what erosive planus lichen linthosis looks like consists of a lot of pictures of lichens showing,CorrelationGECO,5,0.001,what does erosive lichen planus look like pictures,msmarco-passage/train,ielabgroup/vec2text_gtr-base-st_corrector
1113437,what is physical description of spruce,"pscc anatomy This is a pscc anatomy, which is a collection of sarcoplasmon basalt",CorrelationGECO,5,0.001,what is pscc anatomy,msmarco-passage/train,ielabgroup/vec2text_gtr-base-st_corrector
1113437,what is physical description of spruce,"with pine trees are strong, not only for their strong branches, but also for their good flora and mowing, they are also strong",CorrelationGECO,5,0.001,are pine trees strong,msmarco-passage/train,ielabgroup/vec2text_gtr-base-st_corrector
1113437,what is physical description of spruce,"Speculation of physical properties (e.g., chemistry, scalability of a solid or clay), an intensive property is physically",CorrelationGECO,5,0.001,is intensive a physical property,msmarco-passage/train,ielabgroup/vec2text_gtr-base-st_corrector
1113437,what is physical description of spruce,which is the part to which petals and sepals are attached to the flower (several styroem or stamen,CorrelationGECO,5,0.001,what is the part of the flower to which petals sepals and stamens are attached,msmarco-passage/train,ielabgroup/vec2text_gtr-base-st_corrector
1113437,what is physical description of spruce,a snippet (speech) — spouting is a descriptive definition of spoken speech. Spanich,CorrelationGECO,5,0.001,what is the definition of sppech?,msmarco-passage/train,ielabgroup/vec2text_gtr-base-st_corrector
1113437,what is physical description of spruce,"truffle spores on reeds of oak sulfosose. It is the species of oak woodland,",CorrelationGECO,5,0.001,truffle spores on what species of oak,msmarco-passage/train,ielabgroup/vec2text_gtr-base-st_corrector
1113437,what is physical description of spruce,Definition and Flow of Leaves: Leaf petiole Leaf petiole is a plant nut and a peony,CorrelationGECO,5,0.001,leaf petiole definition,msmarco-passage/train,ielabgroup/vec2text_gtr-base-st_corrector
1113437,what is physical description of spruce,"meaning ""the speared"" is a method of",CorrelationGECO,5,0.001,what does speared mean,msmarco-passage/train,ielabgroup/vec2text_gtr-base-st_corrector
1113437,what is physical description of spruce,"phyletic speciation (phyletic sexism), phyletic speciation is defined as a form of discrimination",CorrelationGECO,5,0.001,phyletic speciation definition,msmarco-passage/train,ielabgroup/vec2text_gtr-base-st_corrector
1129237,hydrogen is a liquid below what temperature,"correction for temperature correction, hydrometer (hydrometer) correction, i.e. correction of 0–100 °C",CorrelationGECO,5,0.001,temperature correction for hydrometer,msmarco-passage/train,ielabgroup/vec2text_gtr-base-st_corrector
1129237,hydrogen is a liquid below what temperature,"proper temperature for tea, e.g. 10 °C or 1 °F for liqueria or tumble",CorrelationGECO,5,0.001,proper temperature for tea,msmarco-passage/train,ielabgroup/vec2text_gtr-base-st_corrector
1129237,hydrogen is a liquid below what temperature,a maximum temperature food can be stored on tcs (tcs) or 240 °C (tcs) post-,CorrelationGECO,5,0.001,what is the maximum temperature tcs food can be stored,msmarco-passage/train,ielabgroup/vec2text_gtr-base-st_corrector
1129237,hydrogen is a liquid below what temperature,"a natural gas, at a pressure of 1.4 to 1.8 °C, liquid gas turns to liquid and when it reaches the pressure",CorrelationGECO,5,0.001,what pressure does natural gas turn to liquid,msmarco-passage/train,ielabgroup/vec2text_gtr-base-st_corrector
1129237,hydrogen is a liquid below what temperature,Heating day Heating days (also known as heat degrees) are days on a perihemeral calendar between 30 and 50 degrees F.C.,CorrelationGECO,5,0.001,what are heating degree days,msmarco-passage/train,ielabgroup/vec2text_gtr-base-st_corrector
1129237,hydrogen is a liquid below what temperature,"sparge water temperature (10 °C to 50 °F) for a distilled water mix, or a freezing water",CorrelationGECO,5,0.001,sparge water temperature,msmarco-passage/train,ielabgroup/vec2text_gtr-base-st_corrector
1129237,hydrogen is a liquid below what temperature,"a transition metal, one of a cadmium ion and a phenhenium ion, is a",CorrelationGECO,5,0.001,which transition metal is a liquid,msmarco-passage/train,ielabgroup/vec2text_gtr-base-st_corrector
1129237,hydrogen is a liquid below what temperature,"230 °C, ham is done, or ham is 'done' on a tin foil temp, or baked",CorrelationGECO,5,0.001,what temp is ham done,msmarco-passage/train,ielabgroup/vec2text_gtr-base-st_corrector
1129237,hydrogen is a liquid below what temperature,the temperature at  psi (psi pressure        ),CorrelationGECO,5,0.001,what's the temperature pressure in psi?,msmarco-passage/train,ielabgroup/vec2text_gtr-base-st_corrector
1129237,hydrogen is a liquid below what temperature,"of hydrogen molecule (H ion ion ii, D ion ii) is a molecule.",CorrelationGECO,5,0.001,is hydrogen a molecule,msmarco-passage/train,ielabgroup/vec2text_gtr-base-st_corrector
146187,difference between a mcdouble and a double cheeseburger,a difference between a cd (       ) and DVD (,CorrelationGECO,5,0.001,difference between cd and dvd,msmarco-passage/train,ielabgroup/vec2text_gtr-base-st_corrector
146187,difference between a mcdouble and a double cheeseburger,Differences (differences between milk – a nasty labeled a calf – between milk,CorrelationGECO,5,0.001,difference between milk,msmarco-passage/train,ielabgroup/vec2text_gtr-base-st_corrector
146187,difference between a mcdouble and a double cheeseburger,difference between a libel vs. libel vs. slander is a libel,CorrelationGECO,5,0.001,difference between libel vs slander,msmarco-passage/train,ielabgroup/vec2text_gtr-base-st_corrector
146187,difference between a mcdouble and a double cheeseburger,Definition of double digging,CorrelationGECO,5,0.001,define double digging,msmarco-passage/train,ielabgroup/vec2text_gtr-base-st_corrector
146187,difference between a mcdouble and a double cheeseburger,what is a difference between electoral college and a televote and who is voted for by the popular vote and President Enrollment,CorrelationGECO,5,0.001,what is the difference between popular vote and electoral college,msmarco-passage/train,ielabgroup/vec2text_gtr-base-st_corrector
146187,difference between a mcdouble and a double cheeseburger,"known as double dicking, double dicking is a sexual artillery involving eavesdropping on a person's",CorrelationGECO,5,0.001,what is double dicking,msmarco-passage/train,ielabgroup/vec2text_gtr-base-st_corrector
146187,difference between a mcdouble and a double cheeseburger,"calories in egg, bacon, mcgaddle, or mcdonald cheese, 8,000 to 9,000 calories in gri",CorrelationGECO,5,0.001,"how many calories are in bacon, egg, cheese mcgriddle",msmarco-passage/train,ielabgroup/vec2text_gtr-base-st_corrector
146187,difference between a mcdouble and a double cheeseburger,"a difference between a mmx and mcx, mcx is the difference between the two mmx and m",CorrelationGECO,5,0.001,what is the difference between mcx and mmcx,msmarco-passage/train,ielabgroup/vec2text_gtr-base-st_corrector
146187,difference between a mcdouble and a double cheeseburger,difference between a sympathetic tetanoda (hypothyroid) and hypothyroid (or hyper,CorrelationGECO,5,0.001,difference between hyper and hypothyroid,msmarco-passage/train,ielabgroup/vec2text_gtr-base-st_corrector
146187,difference between a mcdouble and a double cheeseburger,The difference between a serving spoon and a tafty-bolt sputter is a tablespoon vs,CorrelationGECO,5,0.001,difference between a tablespoon and a serving spoon,msmarco-passage/train,ielabgroup/vec2text_gtr-base-st_corrector
