query_id,text,obfuscatedText,mechanism,epsilon,top_percentile,pivot_query,pool,corrector_model
156493,do goldfish grow,- guppies eat a lot of fish flakes - guppies eat gin flakes of crystalline,CorrelationGECO,15,0.001,do guppies eat fish flakes,msmarco-passage/train,ielabgroup/vec2text_gtr-base-st_corrector
156493,do goldfish grow,where the fridge is kept fish will remain in the fridge for a period of 6 to 9 days and the raiders will eat acety,CorrelationGECO,15,0.001,how long will fish keep in the fridge raider,msmarco-passage/train,ielabgroup/vec2text_gtr-base-st_corrector
156493,do goldfish grow,There are no ways to prevent algae from growing but a way to prevent the growth of a styrofascing algae,CorrelationGECO,15,0.001,Is there a way to prevent algae from growing,msmarco-passage/train,ielabgroup/vec2text_gtr-base-st_corrector
156493,do goldfish grow,"goldfish are not moving much and are not eating or are not eating enough and if they are not moving, they are scrubbing and eating",CorrelationGECO,15,0.001,goldfish are not moving much and are not eating,msmarco-passage/train,ielabgroup/vec2text_gtr-base-st_corrector
156493,do goldfish grow,"on horticultural soil. The starfruit fruit grows on ovules, flora and grasses. It grows on",CorrelationGECO,15,0.001,what do starfruit grow on,msmarco-passage/train,ielabgroup/vec2text_gtr-base-st_corrector
156493,do goldfish grow,or giant goldfish are,CorrelationGECO,15,0.001,what are giant goldfish called,msmarco-passage/train,ielabgroup/vec2text_gtr-base-st_corrector
156493,do goldfish grow,"which bacteria need oxygen to grow, e.g., the karyobacteria and the nova will need oxygen for long periods",CorrelationGECO,15,0.001,which bacteria need oxygen to grow,msmarco-passage/train,ielabgroup/vec2text_gtr-base-st_corrector
156493,do goldfish grow,a fish must have to keep it as long as he is in the chiasel or a fish can keep it for,CorrelationGECO,15,0.001,how long does a fish have to be to keep it,msmarco-passage/train,ielabgroup/vec2text_gtr-base-st_corrector
156493,do goldfish grow,"When a zucchini is planted, they grow from one side to the other and grow upright and forwards as a zucchini squid and squash",CorrelationGECO,15,0.001,how do zucchini squash grow,msmarco-passage/train,ielabgroup/vec2text_gtr-base-st_corrector
156493,do goldfish grow,"from a size of 2.4 to 4.5 gm, goldfish can grow as big as a tank of water and can eat",CorrelationGECO,15,0.001,how big can goldfish grow,msmarco-passage/train,ielabgroup/vec2text_gtr-base-st_corrector
1110199,what is wifi vs bluetooth,"the difference between Wi-Fi and WiFi, and the difference between Wi-Fi and BT connectivity is referred to as adsl and a difference",CorrelationGECO,15,0.001,what is the difference between adsl and wifi,msmarco-passage/train,ielabgroup/vec2text_gtr-base-st_corrector
1110199,what is wifi vs bluetooth,.NET .NET .NET .NET to connect laptops to the wireless network. Wi-Fi is enabled by a mouse tap,CorrelationGECO,15,0.001,connecting laptop to wifi,msmarco-passage/train,ielabgroup/vec2text_gtr-base-st_corrector
1110199,what is wifi vs bluetooth,VElop WiFi system. This system is a VOIP-based wireless wifi system. The system will go to 224 MHz tele,CorrelationGECO,15,0.001,velop wifi system,msmarco-passage/train,ielabgroup/vec2text_gtr-base-st_corrector
1110199,what is wifi vs bluetooth,Wep/Wap Wep/Wap is a form of wap (electronic mobility) and a bin Laden,CorrelationGECO,15,0.001,what is wap/wep,msmarco-passage/train,ielabgroup/vec2text_gtr-base-st_corrector
1110199,what is wifi vs bluetooth,the difference between a keto-diuretic diet (the atkins diet) and a keto diet (the atkine diet,CorrelationGECO,15,0.001,what is the difference between the keto diet and the atkins diet,msmarco-passage/train,ielabgroup/vec2text_gtr-base-st_corrector
1110199,what is wifi vs bluetooth,"i.e. WiFi cellular i.e. WiFi cellular, is a cellular cellular system for Siri and other Bluetooth apps",CorrelationGECO,15,0.001,what is wifi cellular?,msmarco-passage/train,ielabgroup/vec2text_gtr-base-st_corrector
1110199,what is wifi vs bluetooth,– induction heating is the difference between microwave heating and induction heating (magnetosis and a high-intensity electricity,CorrelationGECO,15,0.001,difference between induction heating and microwave heating,msmarco-passage/train,ielabgroup/vec2text_gtr-base-st_corrector
1110199,what is wifi vs bluetooth,"2.4 m/s. Using a WiFi cable, a w/wi-fi cable is faster than a regular",CorrelationGECO,15,0.001,how fast is a wifi cable,msmarco-passage/train,ielabgroup/vec2text_gtr-base-st_corrector
1110199,what is wifi vs bluetooth,"a difference between bourbon and a bourdough, bourbon (or bourbon) is in whiskey",CorrelationGECO,15,0.001,what's difference between whiskey and bourbon,msmarco-passage/train,ielabgroup/vec2text_gtr-base-st_corrector
1110199,what is wifi vs bluetooth,trying to connect a toshiba laptop to wifi and tsukiba tsba tsb to WiFi,CorrelationGECO,15,0.001,trying to connect my toshiba laptop to wifi,msmarco-passage/train,ielabgroup/vec2text_gtr-base-st_corrector
1063750,why did the us volunterilay enter ww1,"because of the birth of Benjamin Franklin, the British Empire, and the American kings and queens, the Revolutionary War is important as it is",CorrelationGECO,15,0.001,why was the revolutionary war important,msmarco-passage/train,ielabgroup/vec2text_gtr-base-st_corrector
1063750,why did the us volunterilay enter ww1,"a hyacinth and a zebra, vascular plants invade land, becoming the first vascular plants to invade land beginning",CorrelationGECO,15,0.001,first vascular plants invade land,msmarco-passage/train,ielabgroup/vec2text_gtr-base-st_corrector
1063750,why did the us volunterilay enter ww1,"by ww1 ratification, the 18th Amendment helped ww1 go into session for World War I, which was ratified",CorrelationGECO,15,0.001,how did ww1 help the 18th amendment get ratified,msmarco-passage/train,ielabgroup/vec2text_gtr-base-st_corrector
1063750,why did the us volunterilay enter ww1,through which the 9/11 attackers arrived in the U.S. along with their family members and occupants who had moved to the United States entered,CorrelationGECO,15,0.001,how did the 9/11 attackers entered the us,msmarco-passage/train,ielabgroup/vec2text_gtr-base-st_corrector
1063750,why did the us volunterilay enter ww1,"on the eve of the war between the rulers of Austria-Hungary and Russia, World War I (World War I) began where",CorrelationGECO,15,0.001,where did world war i begin,msmarco-passage/train,ielabgroup/vec2text_gtr-base-st_corrector
1063750,why did the us volunterilay enter ww1,"why the United States went to war with Vietnam, and because of the American machinations of the Vietnam War, the U.S. went to",CorrelationGECO,15,0.001,why did the us go to war with vietnam,msmarco-passage/train,ielabgroup/vec2text_gtr-base-st_corrector
1063750,why did the us volunterilay enter ww1,when the United States of America began the American military starting from 1 July 1789 and completing its enactment of the American Revolutionary Guard,CorrelationGECO,15,0.001,when did the american military begin,msmarco-passage/train,ielabgroup/vec2text_gtr-base-st_corrector
1063750,why did the us volunterilay enter ww1,World War 1              What year,CorrelationGECO,15,0.001,When did the World War 1 happen what year,msmarco-passage/train,ielabgroup/vec2text_gtr-base-st_corrector
1063750,why did the us volunterilay enter ww1,"because of its petty attributes and a sense of national identity, nationalism was an important factor and, therefore, was an important factor in",CorrelationGECO,15,0.001,why was nationalism an important factor,msmarco-passage/train,ielabgroup/vec2text_gtr-base-st_corrector
1063750,why did the us volunterilay enter ww1,"why this world was created for us and why this world was created for us and why God (God) provided us with life in our essay,",CorrelationGECO,15,0.001,why did god created this world for us essay,msmarco-passage/train,ielabgroup/vec2text_gtr-base-st_corrector
130510,definition declaratory judgment,- a definition of contempt of court - is a law of the courts of states and judicial tribunals of the United States punish,CorrelationGECO,15,0.001,contempt of court definition,msmarco-passage/train,ielabgroup/vec2text_gtr-base-st_corrector
130510,definition declaratory judgment,A judgment transcript judgment (a.k.a. a transcript judgment) is a form of tax presentation or record of a judgment or conviction,CorrelationGECO,15,0.001,what is a transcript judgment,msmarco-passage/train,ielabgroup/vec2text_gtr-base-st_corrector
130510,definition declaratory judgment,(I.S.C.         ) doctrine of judicial immunity,CorrelationGECO,15,0.001,what is doctrine of judicial immunity,msmarco-passage/train,ielabgroup/vec2text_gtr-base-st_corrector
130510,definition declaratory judgment,American court system definition (the ad-hoc definition of the court system) is a system of United States judicial system appointing,CorrelationGECO,15,0.001,american court system definition,msmarco-passage/train,ielabgroup/vec2text_gtr-base-st_corrector
130510,definition declaratory judgment,"definition. Levorotatory, a form of refractory-beneficial-loop function, is a mechanism of neurodevelopment.",CorrelationGECO,15,0.001,define levorotatory,msmarco-passage/train,ielabgroup/vec2text_gtr-base-st_corrector
130510,definition declaratory judgment,domiciliary claims is a form of health insurance. Domiciliary claims represent a vicariate status of the Dominions,CorrelationGECO,15,0.001,domiciliary claims meaning,msmarco-passage/train,ielabgroup/vec2text_gtr-base-st_corrector
130510,definition declaratory judgment,"jurisdiction, the U.S. state of Michigan (Michigan) is a definition of jurisdiction, defined by the Administrative Code of Execu",CorrelationGECO,15,0.001,michigan definition of jurisdiction,msmarco-passage/train,ielabgroup/vec2text_gtr-base-st_corrector
130510,definition declaratory judgment,"who is a circuit court judge, or a judicial judge of the court of Appeals for the District of Columbia, is a court judge",CorrelationGECO,15,0.001,what is a circuit court judge?,msmarco-passage/train,ielabgroup/vec2text_gtr-base-st_corrector
130510,definition declaratory judgment,"definition of divestment, a tax-exempt stipulation in the treasury, most notably Merman",CorrelationGECO,15,0.001,define divestment,msmarco-passage/train,ielabgroup/vec2text_gtr-base-st_corrector
130510,definition declaratory judgment,jv in court,CorrelationGECO,15,0.001,what does jv mean in court,msmarco-passage/train,ielabgroup/vec2text_gtr-base-st_corrector
489204,right pelvic pain causes,"cause a calcareous baria or a phlegm, cramps are usually a occurrence on your right side",CorrelationGECO,15,0.001,what causes cramps just on my right side,msmarco-passage/train,ielabgroup/vec2text_gtr-base-st_corrector
489204,right pelvic pain causes,"with a scleret, a bilochial tumour and a neural pathway, the right body region is ovary",CorrelationGECO,15,0.001,right ovary in which body region,msmarco-passage/train,ielabgroup/vec2text_gtr-base-st_corrector
489204,right pelvic pain causes,Causes include perixbulb syndrome (PPD). PPD is a disease caused by a response to medications and stimulants.,CorrelationGECO,15,0.001,what causes ppd,msmarco-passage/train,ielabgroup/vec2text_gtr-base-st_corrector
489204,right pelvic pain causes,a severe aches on the gastrointestinal tract (e.g. apnea or a dilated abdomen) cause,CorrelationGECO,15,0.001,causes for severe stomach aches,msmarco-passage/train,ielabgroup/vec2text_gtr-base-st_corrector
489204,right pelvic pain causes,"a result of a sclerotizing muscle or a sedative exercise, there is pain in the upper right leg which could cause",CorrelationGECO,15,0.001,what causes pain in upper right leg,msmarco-passage/train,ielabgroup/vec2text_gtr-base-st_corrector
489204,right pelvic pain causes,cause a small calcareous muscle called a circumfera (coma) that may occur during exercising the middle right side,CorrelationGECO,15,0.001,what causes a cramp in your middle right side,msmarco-passage/train,ielabgroup/vec2text_gtr-base-st_corrector
489204,right pelvic pain causes,"when you are moving on one side, a piece of a rectum or a bowel or constriction will cause right side pain",CorrelationGECO,15,0.001,what is the cause of pain in my right side upon movement,msmarco-passage/train,ielabgroup/vec2text_gtr-base-st_corrector
489204,right pelvic pain causes,"from a small intestine, such as a bacterium, a period of exercise or a pregnancy may cause abdominal cramping",CorrelationGECO,15,0.001,what causes abdominal cramping,msmarco-passage/train,ielabgroup/vec2text_gtr-base-st_corrector
489204,right pelvic pain causes,"a result of pain in the lower leg, a combination of pain, occlusion, arthritis or osteoarthritis causes",CorrelationGECO,15,0.001,what causes pain in lower outer leg,msmarco-passage/train,ielabgroup/vec2text_gtr-base-st_corrector
489204,right pelvic pain causes,a recurring splint and a coma of legs will cause pain in giving way and stooping to giving way,CorrelationGECO,15,0.001,cause of legs hurting and giving way,msmarco-passage/train,ielabgroup/vec2text_gtr-base-st_corrector
573724,what are the social determinants of health,"a condition that is a primary indicator of persistence, the most important characteristic to distinguish major depression from a depressive disorder (DPD).",CorrelationGECO,15,0.001,what is the most important characteristic used to distinguish persistent depressive disorder from major depression?,msmarco-passage/train,ielabgroup/vec2text_gtr-base-st_corrector
573724,what are the social determinants of health,"a set of physical barriers to obesity, they are barriers to obesity and metabolism that prevent healthy feces and consuming food",CorrelationGECO,15,0.001,what are physical barriers to obesity,msmarco-passage/train,ielabgroup/vec2text_gtr-base-st_corrector
573724,what are the social determinants of health,"benefits of stanford health care, STI Health Benefits, a 100% priority plan, and access to health care services provided by STI Health",CorrelationGECO,15,0.001,stanford health care benefits,msmarco-passage/train,ielabgroup/vec2text_gtr-base-st_corrector
573724,what are the social determinants of health,"standart deviation Standart deviation is a spectrum of a characteristic, a strength, defined as a ""status nascent",CorrelationGECO,15,0.001,define standart deviation,msmarco-passage/train,ielabgroup/vec2text_gtr-base-st_corrector
573724,what are the social determinants of health,"in sociology and sociology, a deviant in sociology (also known as a sociology) is a sociological",CorrelationGECO,15,0.001,what is a deviant in sociology,msmarco-passage/train,ielabgroup/vec2text_gtr-base-st_corrector
573724,what are the social determinants of health,diseases that can affect the health of humans who live in unhealthy enviroments and diseases like shell-snoot diseases and sick people,CorrelationGECO,15,0.001,what kind of illnesses and diseases affect humans who live in unhealthy enviroments,msmarco-passage/train,ielabgroup/vec2text_gtr-base-st_corrector
573724,what are the social determinants of health,"at age 18–49, who show mental health issues, mental health issues affect how a person has a recurrent history of having a",CorrelationGECO,15,0.001,what age do mental health issues show,msmarco-passage/train,ielabgroup/vec2text_gtr-base-st_corrector
573724,what are the social determinants of health,"as therapists, child care therapists, and euthanasia, social workers consider a family as someone who they can care for",CorrelationGECO,15,0.001,what do social workers consider a family,msmarco-passage/train,ielabgroup/vec2text_gtr-base-st_corrector
573724,what are the social determinants of health,"food additives in foods containing a richer food and a better nutritional balance, may have health effects on health and health related health and improve",CorrelationGECO,15,0.001,food additives effects on health,msmarco-passage/train,ielabgroup/vec2text_gtr-base-st_corrector
573724,what are the social determinants of health,"(, , , ) are sociolinguistic factors that are factors such as linguistic variability, communication behaviors, morphology",CorrelationGECO,15,0.001,what are sociolinguistic factors,msmarco-passage/train,ielabgroup/vec2text_gtr-base-st_corrector
168216,does legionella pneumophila cause pneumonia,cause of spontaneous pneumothorax (spastic pneumoectosis of the newborn) or pneumoectos,CorrelationGECO,15,0.001,cause of spontaneous pneumothorax in newborn,msmarco-passage/train,ielabgroup/vec2text_gtr-base-st_corrector
168216,does legionella pneumophila cause pneumonia,"organs – notably the lungs and the penis – are affected by pneumonia, and a number of other organs are affected peripheral",CorrelationGECO,15,0.001,what organs are affected by pneumonia,msmarco-passage/train,ielabgroup/vec2text_gtr-base-st_corrector
168216,does legionella pneumophila cause pneumonia,The pneumonitis (pneumonitis musculosis) system is found in body organs such as bronchit,CorrelationGECO,15,0.001,what body system is pneumonitis found in,msmarco-passage/train,ielabgroup/vec2text_gtr-base-st_corrector
168216,does legionella pneumophila cause pneumonia,"age restrictions (e.g.,  80 years of age) on pneumococci vaccines. The age limit is a",CorrelationGECO,15,0.001,age limits on pneumo vaccinations,msmarco-passage/train,ielabgroup/vec2text_gtr-base-st_corrector
168216,does legionella pneumophila cause pneumonia,"symptoms of loa filariasis (from apnea to a patency of the face, neck, and knee pains",CorrelationGECO,15,0.001,symptoms of loa loa filariasis,msmarco-passage/train,ielabgroup/vec2text_gtr-base-st_corrector
168216,does legionella pneumophila cause pneumonia,from 1 to 6 weeks you are contagious to pneumonia and from the time you are in the bronchitis you are known as pneumonia,CorrelationGECO,15,0.001,how long are you contagious with pneumonia,msmarco-passage/train,ielabgroup/vec2text_gtr-base-st_corrector
168216,does legionella pneumophila cause pneumonia,febrile phlegm infection (pneumonia johnstonia) contagious period is a period of time and may,CorrelationGECO,15,0.001,pneumonia contagious period,msmarco-passage/train,ielabgroup/vec2text_gtr-base-st_corrector
168216,does legionella pneumophila cause pneumonia,"Aneumonia shot, it is the first pneumonia shot, or a phlegm-neutrin-based phleg",CorrelationGECO,15,0.001,what is the first pneumonia shot?,msmarco-passage/train,ielabgroup/vec2text_gtr-base-st_corrector
168216,does legionella pneumophila cause pneumonia,"as chngae, dilated oesophagus, and coughing, can lung nodules cause coughs",CorrelationGECO,15,0.001,can lung nodules cause coughing,msmarco-passage/train,ielabgroup/vec2text_gtr-base-st_corrector
168216,does legionella pneumophila cause pneumonia,"is a samsault club that provides a pneumonia vaccine, SAM Pharmacy will offer a samsault club vaccine no",CorrelationGECO,15,0.001,does sam club give pneumonia vaccine,msmarco-passage/train,ielabgroup/vec2text_gtr-base-st_corrector
1133167,how is the weather in jamaica,"(like Niagara, or Neagara), the weather in Niagara Falls is hot and it can wear up to a full full",CorrelationGECO,15,0.001,what is the weather like in niagara falls,msmarco-passage/train,ielabgroup/vec2text_gtr-base-st_corrector
1133167,how is the weather in jamaica,"(rain cloud, rain, snow, etc.) is the weather of Karachi, and it is rated at 61 degrees Celsius ( ).",CorrelationGECO,15,0.001,what is the weather of karachi,msmarco-passage/train,ielabgroup/vec2text_gtr-base-st_corrector
1133167,how is the weather in jamaica,"weather in the area of Mora New Mexico is a normal wet and cold climate with temperatures of , but temperatures of , ,",CorrelationGECO,15,0.001,what is the weather like in mora new mexico,msmarco-passage/train,ielabgroup/vec2text_gtr-base-st_corrector
1133167,how is the weather in jamaica,"located on the island of Ecuador, Dominica and Monterrey, Jama (Ecuador) is located, where it is now",CorrelationGECO,15,0.001,"where is jama,ecuador located",msmarco-passage/train,ielabgroup/vec2text_gtr-base-st_corrector
1133167,how is the weather in jamaica,- in jamaica - weather is cycloneic (Fallenic) and temperatures remain cool until rain falls (Fallen,CorrelationGECO,15,0.001,weather in jamaica,msmarco-passage/train,ielabgroup/vec2text_gtr-base-st_corrector
1133167,how is the weather in jamaica,- generally hot (up to 91 °F) - the weather in New York starts out warm and snowy (up to 96,CorrelationGECO,15,0.001,hows the weather in new york,msmarco-passage/train,ielabgroup/vec2text_gtr-base-st_corrector
1133167,how is the weather in jamaica,"weather in Niocolao. It's a squall with overcast rain, and the squall in Niocola",CorrelationGECO,15,0.001,what's the weather in nicolao?,msmarco-passage/train,ielabgroup/vec2text_gtr-base-st_corrector
1133167,how is the weather in jamaica,"in cape-skin, the weather is a relatively cool breeze with a mild summer and a mild winter (39-45 degrees)",CorrelationGECO,15,0.001,how's the weather in cape town,msmarco-passage/train,ielabgroup/vec2text_gtr-base-st_corrector
1133167,how is the weather in jamaica,temperature in Japan (Japan) averages,CorrelationGECO,15,0.001,average weather in japan,msmarco-passage/train,ielabgroup/vec2text_gtr-base-st_corrector
1133167,how is the weather in jamaica,"with hot weather starting at sunset, a squall in Cocoa Beach, with temperatures between 40 °C and 40 °C",CorrelationGECO,15,0.001,weather in cocoa beach,msmarco-passage/train,ielabgroup/vec2text_gtr-base-st_corrector
527433,types of dysarthria from cerebral palsy,"if hip dysplasia does cause osteoarthritis, a joint or spherical",CorrelationGECO,15,0.001,does hip dysplasia cause osteoarthritis,msmarco-passage/train,ielabgroup/vec2text_gtr-base-st_corrector
527433,types of dysarthria from cerebral palsy,blood dyscrasia blood dyscrasia is a disease of the blood on a tissue by defining blood-scrofopathy,CorrelationGECO,15,0.001,define blood dyscrasia,msmarco-passage/train,ielabgroup/vec2text_gtr-base-st_corrector
527433,types of dysarthria from cerebral palsy,individuals with a cerebral palsy cancer average life expectancy of  0.5 years and  0.5 to  .50 years,CorrelationGECO,15,0.001,cerebral palsy life expectancy average,msmarco-passage/train,ielabgroup/vec2text_gtr-base-st_corrector
527433,types of dysarthria from cerebral palsy,"the different types of psychopaths, namely, psythopath (the psythopath), achepath",CorrelationGECO,15,0.001,what are the different types of psychopaths,msmarco-passage/train,ielabgroup/vec2text_gtr-base-st_corrector
527433,types of dysarthria from cerebral palsy,"PTSD and post-traumatic stress disorder (PTSD) can affect memory. According to the study, cf. pseudo",CorrelationGECO,15,0.001,what type of memory can ptsd affect,msmarco-passage/train,ielabgroup/vec2text_gtr-base-st_corrector
527433,types of dysarthria from cerebral palsy,is that prion disease is caused by unequal crossing over and no inequal inequal crossing between prion members (Dap,CorrelationGECO,15,0.001,is prion disease caused by unequal crossing over,msmarco-passage/train,ielabgroup/vec2text_gtr-base-st_corrector
527433,types of dysarthria from cerebral palsy,vascular disease. The disease is a vascular disease with a vascular-cerebrovascular disease (Vesoparaventricular disease,CorrelationGECO,15,0.001,cerebrovascular disease,msmarco-passage/train,ielabgroup/vec2text_gtr-base-st_corrector
527433,types of dysarthria from cerebral palsy,"The disorders caused by inmobility are a result of a number of limb problems including immobility, immobility, apathy",CorrelationGECO,15,0.001,what disorders are caused by immobility,msmarco-passage/train,ielabgroup/vec2text_gtr-base-st_corrector
527433,types of dysarthria from cerebral palsy,"with the cranial nerve, the cranial nerve of Bell's cleft follicle tympanic septum",CorrelationGECO,15,0.001,which cranial nerve causes bell's palsy,msmarco-passage/train,ielabgroup/vec2text_gtr-base-st_corrector
527433,types of dysarthria from cerebral palsy,"differential diagnosis of Crohn's disease by detecting a number of gastrointestinal conditions (e.g., craniopausal disease",CorrelationGECO,15,0.001,differential diagnosis of crohn's disease,msmarco-passage/train,ielabgroup/vec2text_gtr-base-st_corrector
1037798,who is robert gray,"is 41 yrs old, k.a. k.a. k.a. brarn Grayson Karrn",CorrelationGECO,15,0.001,how old is grayson karan brar,msmarco-passage/train,ielabgroup/vec2text_gtr-base-st_corrector
1037798,who is robert gray,"Rob Knox Robert 'Robert' Knox is a celebrated alumnus, television presenter and co-hero",CorrelationGECO,15,0.001,who is robert knox,msmarco-passage/train,ielabgroup/vec2text_gtr-base-st_corrector
1037798,who is robert gray,"Thomas R.A.S.K. Thomas R.A.S.K. is a British author and head of Tobias, Wyoming",CorrelationGECO,15,0.001,who is thomas raski,msmarco-passage/train,ielabgroup/vec2text_gtr-base-st_corrector
1037798,who is robert gray,"a new home in a neighborhood, Rob Drdek's wife is Ysabel Drdek, who is",CorrelationGECO,15,0.001,who is rob dyrdek's wife,msmarco-passage/train,ielabgroup/vec2text_gtr-base-st_corrector
1037798,who is robert gray,meaning that a person is on a greylisted list and this is known as greylisted and it is a manual list-approval system operated,CorrelationGECO,15,0.001,what does greylisted mean,msmarco-passage/train,ielabgroup/vec2text_gtr-base-st_corrector
1037798,who is robert gray,robertson and p.a. penzias are the newest NSA man and Arnold Wilmerson and Andrew,CorrelationGECO,15,0.001,who is arnold penzias and robert wilson,msmarco-passage/train,ielabgroup/vec2text_gtr-base-st_corrector
1037798,who is robert gray,rob rob zombie rob discograhny mrueghny mrueghny,CorrelationGECO,15,0.001,rob zombie discograohy,msmarco-passage/train,ielabgroup/vec2text_gtr-base-st_corrector
1037798,who is robert gray,"who played 'Roberta' muldoon, a re-enactment of the film, played Robin Rumba",CorrelationGECO,15,0.001,who played roberta muldoon,msmarco-passage/train,ielabgroup/vec2text_gtr-base-st_corrector
1037798,who is robert gray,"legacy of roy chernodd and polo player, Roy Gillespie, who is a golfer of the world,",CorrelationGECO,15,0.001,who is roy gillespie,msmarco-passage/train,ielabgroup/vec2text_gtr-base-st_corrector
1037798,who is robert gray,stand for red gamma pixels (RGB) and the abbreviation RgB stands for a national LED power amplification,CorrelationGECO,15,0.001,what is rgb stand for,msmarco-passage/train,ielabgroup/vec2text_gtr-base-st_corrector
915593,what types of food can you cook sous vide,"fiber foods such as oats, pears, mushy vegetables, or green beans are foods you can eat and they can",CorrelationGECO,15,0.001,what foods are fiber foods i can eat,msmarco-passage/train,ielabgroup/vec2text_gtr-base-st_corrector
915593,what types of food can you cook sous vide,"food that is associated with salmon typhi, typhosella ellata, and salmon typhi are associated",CorrelationGECO,15,0.001,what food is associated with salmonella typhi,msmarco-passage/train,ielabgroup/vec2text_gtr-base-st_corrector
915593,what types of food can you cook sous vide,"foods that are insoluble in water, granules, adipose, egg yolks, and other insoluble foods.",CorrelationGECO,15,0.001,what foods are insoluble?,msmarco-passage/train,ielabgroup/vec2text_gtr-base-st_corrector
915593,what types of food can you cook sous vide,"foods that can be marinated, such as fish, couscous, broccoli, or licorice, can be marinated for months",CorrelationGECO,15,0.001,foods that can be marinated,msmarco-passage/train,ielabgroup/vec2text_gtr-base-st_corrector
915593,what types of food can you cook sous vide,different types of recipes: squash (pomegranate muddled squash) and squash honey (pink walnut,CorrelationGECO,15,0.001,different types of squash recipes,msmarco-passage/train,ielabgroup/vec2text_gtr-base-st_corrector
915593,what types of food can you cook sous vide,eat foods containing a lone oat or a lone oat can repel mosquitoes from mosquitoes,CorrelationGECO,15,0.001,what foods can i eat to repel mosquitoes,msmarco-passage/train,ielabgroup/vec2text_gtr-base-st_corrector
915593,what types of food can you cook sous vide,"food that irritate ulcers, a small amount of food such as obliques, red hot chocolate, chicken ketchup",CorrelationGECO,15,0.001,what food irritate ulcers,msmarco-passage/train,ielabgroup/vec2text_gtr-base-st_corrector
915593,what types of food can you cook sous vide,"foods to eat after giving a blood plate, such as chicken, berries, vegetables, and fruit, eat fresh from the blood-soaked",CorrelationGECO,15,0.001,foods to eat after giving blood,msmarco-passage/train,ielabgroup/vec2text_gtr-base-st_corrector
915593,what types of food can you cook sous vide,"the equipment you need for commercial cooking, i.e. a kitchen with a large barley top and grill for your equipment, will provide",CorrelationGECO,15,0.001,what equipment you need for commercial kitchen,msmarco-passage/train,ielabgroup/vec2text_gtr-base-st_corrector
915593,what types of food can you cook sous vide,a small amount of boiled asparagus soup or a mixture of asparagus and white truffle pastry is usually served with Soufflé Pessoul,CorrelationGECO,15,0.001,what do you usually serve with asparagus souffle,msmarco-passage/train,ielabgroup/vec2text_gtr-base-st_corrector
264014,how long is life cycle of flea,scabies (severe scabs) are contagious and after a week to 7 months the feces spread,CorrelationGECO,15,0.001,scabies contagious how long,msmarco-passage/train,ielabgroup/vec2text_gtr-base-st_corrector
264014,how long is life cycle of flea,"where fleas can live in the carpet. This lasted from 2,500 to 2,500 years, or if a dog, a dog",CorrelationGECO,15,0.001,how long can fleas live in the carpet?,msmarco-passage/train,ielabgroup/vec2text_gtr-base-st_corrector
264014,how long is life cycle of flea,"How long can fleas, who are without food, live without euthanasia, consuming food and drinking water, run low on calories",CorrelationGECO,15,0.001,how long can fleas live without eating,msmarco-passage/train,ielabgroup/vec2text_gtr-base-st_corrector
264014,how long is life cycle of flea,"(300 days) is in a pay cycle, and the number of days in a pay cycle (Moneypay cycle) is 0",CorrelationGECO,15,0.001,how many days are in a pay cycle,msmarco-passage/train,ielabgroup/vec2text_gtr-base-st_corrector
264014,how long is life cycle of flea,"a period of 1 to 8 hours, a ringworm can live on clothing if it is exposed to a trace of a hair",CorrelationGECO,15,0.001,how long can ringworm live on clothes,msmarco-passage/train,ielabgroup/vec2text_gtr-base-st_corrector
264014,how long is life cycle of flea,"atypically a macrocycle (Macrocycle) is 25 to 30 centimeters long, and this is a national cycle",CorrelationGECO,15,0.001,how long is a typical macrocycle,msmarco-passage/train,ielabgroup/vec2text_gtr-base-st_corrector
264014,how long is life cycle of flea,"lyrica or lyrica-containing adrene bars to get out of the system, from 60 to 68 hours before",CorrelationGECO,15,0.001,how long to get lyrica out of system,msmarco-passage/train,ielabgroup/vec2text_gtr-base-st_corrector
264014,how long is life cycle of flea,between 0 to 30 years of age and a lasting average life expectancy of a beanie (or a beanie),CorrelationGECO,15,0.001,what is the average life span of a beanie,msmarco-passage/train,ielabgroup/vec2text_gtr-base-st_corrector
264014,how long is life cycle of flea,"in a spherical span of life, a yellow Labrador will have a life span of 7 to 9 years,",CorrelationGECO,15,0.001,what is the life span of a yellow lab,msmarco-passage/train,ielabgroup/vec2text_gtr-base-st_corrector
264014,how long is life cycle of flea,0–10.5 years or 0–10.5 years. (Official worms) White tigers live or have a,CorrelationGECO,15,0.001,How long do white tigers live,msmarco-passage/train,ielabgroup/vec2text_gtr-base-st_corrector
1121402,what can contour plowing reduce,"products to take cortisol, i.e., abolectose, to lower the amount of corti",CorrelationGECO,15,0.001,which products to take to lower cortisol,msmarco-passage/train,ielabgroup/vec2text_gtr-base-st_corrector
1121402,what can contour plowing reduce,because of the high end end period data. Reduce Close Period process is a way to prevent end-period decreases and to generate a,CorrelationGECO,15,0.001,why reduce period end close process,msmarco-passage/train,ielabgroup/vec2text_gtr-base-st_corrector
1121402,what can contour plowing reduce,"meaning of ""cosine interval"". (Chasel Routledge) Contour interval contour interval is an interval of continuous intervals that",CorrelationGECO,15,0.001,what does contour interval mean,msmarco-passage/train,ielabgroup/vec2text_gtr-base-st_corrector
1121402,what can contour plowing reduce,cxr changes to cxr COPD. Changes to cxr COPD may be resolved as a result of changes,CorrelationGECO,15,0.001,cxr copd changes,msmarco-passage/train,ielabgroup/vec2text_gtr-base-st_corrector
1121402,what can contour plowing reduce,cut grass shorter by using a slower or a tremolo to scale down to reduce the amount of grass,CorrelationGECO,15,0.001,how to cut grass shorter,msmarco-passage/train,ielabgroup/vec2text_gtr-base-st_corrector
1121402,what can contour plowing reduce,is that coolingsculpture does reduce cellulite dorsal cellular fat and cellular dorsality (cellulite is beneficial for,CorrelationGECO,15,0.001,does coolsculpting reduce cellulite,msmarco-passage/train,ielabgroup/vec2text_gtr-base-st_corrector
1121402,what can contour plowing reduce,"when driving on snow reduce speed by . When driving on snow, . or . Reduce speed by . when driving at , a",CorrelationGECO,15,0.001,when driving on snow reduce speed by,msmarco-passage/train,ielabgroup/vec2text_gtr-base-st_corrector
1121402,what can contour plowing reduce,how to quickly reduce stress marks is to apply a swivel of rubbing against the stress-stoves. Avoid stress marks,CorrelationGECO,15,0.001,how to quickly reduce stress marks,msmarco-passage/train,ielabgroup/vec2text_gtr-base-st_corrector
1121402,what can contour plowing reduce,(from 0 to 0): Liver condemnations Liver condemnations is a protective hormone and therapeutic condition of the liver. It is,CorrelationGECO,15,0.001,what is liver condemnations,msmarco-passage/train,ielabgroup/vec2text_gtr-base-st_corrector
1121402,what can contour plowing reduce,People use Terrace farming because they are a valuable method to re-advance their land and because they are able to grow more plants,CorrelationGECO,15,0.001,why do people use terrace farming,msmarco-passage/train,ielabgroup/vec2text_gtr-base-st_corrector
962179,when was the salvation army founded,"when, in 1789, the Department of Defense (Federation of Defense for the Defense of the United States of America) was founded (1764",CorrelationGECO,15,0.001,when was the department of defense founded,msmarco-passage/train,ielabgroup/vec2text_gtr-base-st_corrector
962179,when was the salvation army founded,"in 1864–65 when a chain of sams was established, Sam Snooper's (Sam) Club was established",CorrelationGECO,15,0.001,when was sam s club established,msmarco-passage/train,ielabgroup/vec2text_gtr-base-st_corrector
962179,when was the salvation army founded,"1963, the year of its founding, Heinz (Germany, Rappenheimer, & Co.) Heinz was established",CorrelationGECO,15,0.001,what year was heinz established,msmarco-passage/train,ielabgroup/vec2text_gtr-base-st_corrector
962179,when was the salvation army founded,"in 1864, with the advent of merchants and mercantile companies, Mersen sen was established. Founded in 18",CorrelationGECO,15,0.001,when was mersen established,msmarco-passage/train,ielabgroup/vec2text_gtr-base-st_corrector
962179,when was the salvation army founded,"in the U.S. and on the U.S.A. In 1963, Amdale Computer Company was founded and Amelian Computer Company of",CorrelationGECO,15,0.001,when was Amdale computer company founded,msmarco-passage/train,ielabgroup/vec2text_gtr-base-st_corrector
962179,when was the salvation army founded,"contracting with the Louisiana Navy and other private organizations, Camp Loucon (established in 1765) was established at Camp Louis-Lafayette",CorrelationGECO,15,0.001,when was camp loucon established,msmarco-passage/train,ielabgroup/vec2text_gtr-base-st_corrector
962179,when was the salvation army founded,"year 1963, and a large force of ambassador personnel (A.N.A.R. 2249) was established to administer ambassadorships established",CorrelationGECO,15,0.001,what year was ambassador personnel established,msmarco-passage/train,ielabgroup/vec2text_gtr-base-st_corrector
962179,when was the salvation army founded,"Founders and Governors of the Inter-American PPA (IAPPA). Founded in 1932, Aiccya was founded",CorrelationGECO,15,0.001,when was aicpa founded,msmarco-passage/train,ielabgroup/vec2text_gtr-base-st_corrector
962179,when was the salvation army founded,"in the year of the invention of the ""Life-Savers"" (Lifesaving Apparels). In 1587, lifesavers",CorrelationGECO,15,0.001,what year were lifesavers invented,msmarco-passage/train,ielabgroup/vec2text_gtr-base-st_corrector
962179,when was the salvation army founded,in 1890 (Frisian era and 1700s A.D.) the TV was invented and known to be invented by the invention,CorrelationGECO,15,0.001,when was the tv invented,msmarco-passage/train,ielabgroup/vec2text_gtr-base-st_corrector
1117099,what is a active margin,mobilization fee is a fee-for-service payment of a recurring fee and is a cost of operation of the Movement for Independence (,CorrelationGECO,15,0.001,what is mobilization fee,msmarco-passage/train,ielabgroup/vec2text_gtr-base-st_corrector
1117099,what is a active margin,a 0% difference between profit margin (manufacturing) and product margin (production margins) are a difference between gross and product margin,CorrelationGECO,15,0.001,difference between gross margin and product margin,msmarco-passage/train,ielabgroup/vec2text_gtr-base-st_corrector
1117099,what is a active margin,"rashes that have clear margins are skin rashes that have clear margins, such as arose mollusc and melan",CorrelationGECO,15,0.001,what skin rashes have clear margins,msmarco-passage/train,ielabgroup/vec2text_gtr-base-st_corrector
1117099,what is a active margin,(originally known as activeworkbook) is a unified book that enables information sharing and a downloadable information tracking service called Activework,CorrelationGECO,15,0.001,what is activeworkbook,msmarco-passage/train,ielabgroup/vec2text_gtr-base-st_corrector
1117099,what is a active margin,"thinking on the margin, it is a definition of thinking on the margin, a division in the sacrophobia and a high profit",CorrelationGECO,15,0.001,thinking on the margin definition,msmarco-passage/train,ielabgroup/vec2text_gtr-base-st_corrector
1117099,what is a active margin,Activity aide (activation aidee) is a type of a cognitive and bioinformative biology program. It is designed to assist,CorrelationGECO,15,0.001,what is an activity aide,msmarco-passage/train,ielabgroup/vec2text_gtr-base-st_corrector
1117099,what is a active margin,"calculation of a margin formula by calculating a margin formula (i.e., a",CorrelationGECO,15,0.001,margin calculation formula,msmarco-passage/train,ielabgroup/vec2text_gtr-base-st_corrector
1117099,what is a active margin,"when buying stock, a customer is advised to buy a stock and buy a stock at $3.50 Activation price is the price",CorrelationGECO,15,0.001,what is activation price when buy stock,msmarco-passage/train,ielabgroup/vec2text_gtr-base-st_corrector
1117099,what is a active margin,check your bic card number which is active. This number can be checked on your BISC IC meter or your BISC IC,CorrelationGECO,15,0.001,how can i check my bic number card is active,msmarco-passage/train,ielabgroup/vec2text_gtr-base-st_corrector
1117099,what is a active margin,(which is the active culture). Active culture is a key part of the bacterial glycemics found in the,CorrelationGECO,15,0.001,what's the active culture in yogurt,msmarco-passage/train,ielabgroup/vec2text_gtr-base-st_corrector
148538,difference between rn and bsn,the difference between DVD-R (db-r) and DVD-W (db-rw) is the difference between the two digit,CorrelationGECO,15,0.001,what is the difference between dvd-r and dvd-rw,msmarco-passage/train,ielabgroup/vec2text_gtr-base-st_corrector
148538,difference between rn and bsn,br> br> br> is a unique and invasive system of skin spotting. It is,CorrelationGECO,15,0.001,what is brs,msmarco-passage/train,ielabgroup/vec2text_gtr-base-st_corrector
148538,difference between rn and bsn,"bing (a.k.a. binge) vs. google, the difference between Google and Google is a fact",CorrelationGECO,15,0.001,what is the difference between google and bing,msmarco-passage/train,ielabgroup/vec2text_gtr-base-st_corrector
148538,difference between rn and bsn,"a difference between genetics and gynaecology, and genomics is a difference between genetics and gyn",CorrelationGECO,15,0.001,difference between genetics and genomics,msmarco-passage/train,ielabgroup/vec2text_gtr-base-st_corrector
148538,difference between rn and bsn,difference between a defined plan and a defined contribution plan (defined benefits plan and defined defined benefits plan) is a plan eligible for defined income and,CorrelationGECO,15,0.001,difference between defined contribution and defined benefit plans,msmarco-passage/train,ielabgroup/vec2text_gtr-base-st_corrector
148538,difference between rn and bsn,RN bsn bsn (Nurses and Applied Biomedical bsn) is a field of nursing,CorrelationGECO,15,0.001,what is nursing rn bsn,msmarco-passage/train,ielabgroup/vec2text_gtr-base-st_corrector
148538,difference between rn and bsn,a tumor on the bowel (known as a bowel cancer) is the difference between prostate cancer and a neoplasmo,CorrelationGECO,15,0.001,what is the difference between prostate cancer and bowel cancer,msmarco-passage/train,ielabgroup/vec2text_gtr-base-st_corrector
148538,difference between rn and bsn,the difference between adolamine (Racoda agonist) and adderall and the difference between iridamine,CorrelationGECO,15,0.001,what is difference between ritalin and adderall,msmarco-passage/train,ielabgroup/vec2text_gtr-base-st_corrector
148538,difference between rn and bsn,a difference between a lymphatic system (body and nutrient system) and immune system (also known as lymphatic system),CorrelationGECO,15,0.001,what is the difference between lymphatic system and immune system,msmarco-passage/train,ielabgroup/vec2text_gtr-base-st_corrector
148538,difference between rn and bsn,a nurse or a rnn (ro-nurse or rn) is a medical assistant who performs tasks,CorrelationGECO,15,0.001,what is an rn nurse,msmarco-passage/train,ielabgroup/vec2text_gtr-base-st_corrector
451602,medicare's definition of mechanical ventilation,Vacuum a matriculated adolescent battery. It is also known as a Mva. It is an electric,CorrelationGECO,15,0.001,what is an mva,msmarco-passage/train,ielabgroup/vec2text_gtr-base-st_corrector
451602,medicare's definition of mechanical ventilation,Molecular microbial death Microbial death (or microbial resuscitation) is a form of death of a living tissue,CorrelationGECO,15,0.001,define what is microbial death,msmarco-passage/train,ielabgroup/vec2text_gtr-base-st_corrector
451602,medicare's definition of mechanical ventilation,"intramedullary nail, a medical nail, defined as a nail of the medullary and dopamine cross-section",CorrelationGECO,15,0.001,intramedullary nail definition,msmarco-passage/train,ielabgroup/vec2text_gtr-base-st_corrector
451602,medicare's definition of mechanical ventilation,Mitochondria (neothelioid fibrosis) Mitochondria are the definition,CorrelationGECO,15,0.001,Mitochondria definition,msmarco-passage/train,ielabgroup/vec2text_gtr-base-st_corrector
451602,medicare's definition of mechanical ventilation,"""Liquid Use"" (respirator) , a limited-use respirator is a type of respirator for working",CorrelationGECO,15,0.001,what is a limited use respirator,msmarco-passage/train,ielabgroup/vec2text_gtr-base-st_corrector
451602,medicare's definition of mechanical ventilation,a MEc plan – a plan of mech is a mech plan that is a member of the military after-services,CorrelationGECO,15,0.001,what is a mec plan,msmarco-passage/train,ielabgroup/vec2text_gtr-base-st_corrector
451602,medicare's definition of mechanical ventilation,a magnet hospital (Magnetic Hospital of Wisconsin) is a type of hospital which is a medical-intensive care facility and is known as,CorrelationGECO,15,0.001,what is a magnet hospital,msmarco-passage/train,ielabgroup/vec2text_gtr-base-st_corrector
451602,medicare's definition of mechanical ventilation,"a legal definition of vacate, a legal tort of vaginas, a legal form of diastosis, to va",CorrelationGECO,15,0.001,legal definition of vacate,msmarco-passage/train,ielabgroup/vec2text_gtr-base-st_corrector
451602,medicare's definition of mechanical ventilation,"definition of a master meter, a meter that is a resonant meter of the master  (",CorrelationGECO,15,0.001,definition of a master meter,msmarco-passage/train,ielabgroup/vec2text_gtr-base-st_corrector
451602,medicare's definition of mechanical ventilation,"Defense medical intelligence a defense of the U.S. Army of the Navy Veterinary and Surgical Services Medical Intelligence, known as medical intelligence",CorrelationGECO,15,0.001,defense medical intelligence,msmarco-passage/train,ielabgroup/vec2text_gtr-base-st_corrector
359349,how to find the midsegment of a trapezoid,to junction. Find out how far it is to junction. Extending to the farthest . Turn left and turn right. .,CorrelationGECO,15,0.001,find how far it is to junction.,msmarco-passage/train,ielabgroup/vec2text_gtr-base-st_corrector
359349,how to find the midsegment of a trapezoid,"to centre a building in AutoCAD, you will set the autocod to the left of the centre of the building and then align the centre line",CorrelationGECO,15,0.001,how to centre a building in autocad,msmarco-passage/train,ielabgroup/vec2text_gtr-base-st_corrector
359349,how to find the midsegment of a trapezoid,You should place yourself in a section at a distance of 1 in your direction. If you have a good chance to do this you will section,CorrelationGECO,15,0.001,how do i section myself,msmarco-passage/train,ielabgroup/vec2text_gtr-base-st_corrector
359349,how to find the midsegment of a trapezoid,calculate moment of inertia (moment of i.e. i.e. i.m.) by,CorrelationGECO,15,0.001,calculate moment of inertia,msmarco-passage/train,ielabgroup/vec2text_gtr-base-st_corrector
359349,how to find the midsegment of a trapezoid,how to resolve the puzzle. The solution will be to resolve the puzzle by observing its corresponding rays and releasing the puzzle,CorrelationGECO,15,0.001,how to resolve the puzzle,msmarco-passage/train,ielabgroup/vec2text_gtr-base-st_corrector
359349,how to find the midsegment of a trapezoid,check your step length by your step number (A-D-C) and find out your step length (A-D-C) which will tell,CorrelationGECO,15,0.001,how to find out your step length,msmarco-passage/train,ielabgroup/vec2text_gtr-base-st_corrector
359349,how to find the midsegment of a trapezoid,"To calculate a value, first use a mean of a decimal divider and then subtract a mean of a divider",CorrelationGECO,15,0.001,how to calculate a median value,msmarco-passage/train,ielabgroup/vec2text_gtr-base-st_corrector
359349,how to find the midsegment of a trapezoid,"to figure expected due date. This is done by calculating expected due date (i.e., 0 to 3) from month to month",CorrelationGECO,15,0.001,how to figure expected due date,msmarco-passage/train,ielabgroup/vec2text_gtr-base-st_corrector
359349,how to find the midsegment of a trapezoid,"by a p-value of 16 x      , you find the quart",CorrelationGECO,15,0.001,how do you find the quartiles,msmarco-passage/train,ielabgroup/vec2text_gtr-base-st_corrector
359349,how to find the midsegment of a trapezoid,for the tips of a mustache and the ends of the molars and other parts of the moustache are called a mousta,CorrelationGECO,15,0.001,what are ends of the moustache called,msmarco-passage/train,ielabgroup/vec2text_gtr-base-st_corrector
1115776,what is an aml surveillance analyst,"a unit of analysis (Kirchlis-Lening-Prose) , or , is a unit of",CorrelationGECO,15,0.001,what is a unit of analysis,msmarco-passage/train,ielabgroup/vec2text_gtr-base-st_corrector
1115776,what is an aml surveillance analyst,"Typically, audit firms use exel type which is a blend of a NI/ATF and a NI/ATF",CorrelationGECO,15,0.001,what type of exel do audit firms use,msmarco-passage/train,ielabgroup/vec2text_gtr-base-st_corrector
1115776,what is an aml surveillance analyst,Anti-Birth Applied Science (ABA) program is a program that enables students to perform a series of medical procedures,CorrelationGECO,15,0.001,what is an aba program,msmarco-passage/train,ielabgroup/vec2text_gtr-base-st_corrector
1115776,what is an aml surveillance analyst,aggravated stalking (adjudicious stalking or groping and pseudo-serial stalking,CorrelationGECO,15,0.001,what is aggravated stalking,msmarco-passage/train,ielabgroup/vec2text_gtr-base-st_corrector
1115776,what is an aml surveillance analyst,what is considered as ammonium chloride (as it falls under the valence of ammonium necroideide)).,CorrelationGECO,15,0.001,what is ammonium chloride considered?,msmarco-passage/train,ielabgroup/vec2text_gtr-base-st_corrector
1115776,what is an aml surveillance analyst,"a ptr. info., privacy threat analysis Privacy threat analysis is a method of tracking and evaluating personal data (PPR)",CorrelationGECO,15,0.001,what is privacy threat analysis / ptr,msmarco-passage/train,ielabgroup/vec2text_gtr-base-st_corrector
1115776,what is an aml surveillance analyst,of the Humvee (Motiva RC/ATV/ATV/ATV) is used for surveillance and patrol by security surveillance,CorrelationGECO,15,0.001,what humvee is used for surveillance and patrol,msmarco-passage/train,ielabgroup/vec2text_gtr-base-st_corrector
1115776,what is an aml surveillance analyst,"Cross monitoring Cross Monitoring is a form of electronic monitoring and monitoring that is developed at the Center for Applied Analysy, the United States Department",CorrelationGECO,15,0.001,what is cross monitoring,msmarco-passage/train,ielabgroup/vec2text_gtr-base-st_corrector
1115776,what is an aml surveillance analyst,avl technology. This technology is a high-performance e-in-tech (Linseyware) technology for automotive,CorrelationGECO,15,0.001,what is avl technology,msmarco-passage/train,ielabgroup/vec2text_gtr-base-st_corrector
1115776,what is an aml surveillance analyst,"a focus on air-containment and low-current lighting, the basis of vapor monitoring is the measurement and monitoring of vapor",CorrelationGECO,15,0.001,what is the basis of vapor monitoring,msmarco-passage/train,ielabgroup/vec2text_gtr-base-st_corrector
1112341,what is the daily life of thai people,"what it’s like to be a day trader, and what it’s like to be able to be a day’s trade",CorrelationGECO,15,0.001,what it's like to be a day trader,msmarco-passage/train,ielabgroup/vec2text_gtr-base-st_corrector
1112341,what is the daily life of thai people,"weather is octogenarian and in the month of October, the temperatures are slightly cooler than in Thailand-Thailand-Cuba",CorrelationGECO,15,0.001,how is the weather in thailand in october,msmarco-passage/train,ielabgroup/vec2text_gtr-base-st_corrector
1112341,what is the daily life of thai people,"are interchangeable with everyday and everyday. Every day (and everyday) are interchangeable. However, if the user does not know it, the term",CorrelationGECO,15,0.001,are every day and everyday interchangeable?,msmarco-passage/train,ielabgroup/vec2text_gtr-base-st_corrector
1112341,what is the daily life of thai people,"thigh (also known as tavri, thigh or tham) is a soft tissue of the rib",CorrelationGECO,15,0.001,what is thigh,msmarco-passage/train,ielabgroup/vec2text_gtr-base-st_corrector
1112341,what is the daily life of thai people,(Thailand) tsunami was and its magnitude was 170 m (Madan-Thai thalassosam,CorrelationGECO,15,0.001,what was magnitude of thailand tsunami,msmarco-passage/train,ielabgroup/vec2text_gtr-base-st_corrector
1112341,what is the daily life of thai people,(tea ceremony) meaning,CorrelationGECO,15,0.001,tea ceremony meaning,msmarco-passage/train,ielabgroup/vec2text_gtr-base-st_corrector
1112341,what is the daily life of thai people,"how humans should truly live, as well as by living a life of a life of our own. However, it is no longer the truth,",CorrelationGECO,15,0.001,how should humans truly live,msmarco-passage/train,ielabgroup/vec2text_gtr-base-st_corrector
1112341,what is the daily life of thai people,"in celebration of the equinox of the year of rosary, is therapist month, and between January 20 and April 24 is therapist",CorrelationGECO,15,0.001,when is therapist month,msmarco-passage/train,ielabgroup/vec2text_gtr-base-st_corrector
1112341,what is the daily life of thai people,in the year of the typhoon thalassa which hit “Thailand” and the tsunami swam to,CorrelationGECO,15,0.001,in what year did the tsunami hit thailand,msmarco-passage/train,ielabgroup/vec2text_gtr-base-st_corrector
1112341,what is the daily life of thai people,"if you need it to live, you do not need it to help your blood and your heart beat. You need thyroid to live, but you must",CorrelationGECO,15,0.001,do you need thyroid to live,msmarco-passage/train,ielabgroup/vec2text_gtr-base-st_corrector
131843,definition of a sigmet,Super silt fence       is a unique silt and silt barrier,CorrelationGECO,15,0.001,what is super silt fence,msmarco-passage/train,ielabgroup/vec2text_gtr-base-st_corrector
131843,definition of a sigmet,Semitic  (also  semitic or  stoic) is a polychaete,CorrelationGECO,15,0.001,what is semitic,msmarco-passage/train,ielabgroup/vec2text_gtr-base-st_corrector
131843,definition of a sigmet,"literature, i.e., literature of the snobs and children, defined sublime as a “sublime” literature",CorrelationGECO,15,0.001,sublime definition literature,msmarco-passage/train,ielabgroup/vec2text_gtr-base-st_corrector
131843,definition of a sigmet,a stabat mater is a satyamat mater. This mater is a long saber mudra,CorrelationGECO,15,0.001,what is a stabat mater,msmarco-passage/train,ielabgroup/vec2text_gtr-base-st_corrector
131843,definition of a sigmet,a semimetal element is a metal-metal element that is a cyclic-metal-earth-fea,CorrelationGECO,15,0.001,what is a semimetal element,msmarco-passage/train,ielabgroup/vec2text_gtr-base-st_corrector
131843,definition of a sigmet,(Garton-Hoppe-Geppe-Geppe) – the performance of a task at the time of gestor.,CorrelationGECO,15,0.001,gestor definition,msmarco-passage/train,ielabgroup/vec2text_gtr-base-st_corrector
131843,definition of a sigmet,serge - a cruciform obsect at the crucifixion. Serge is a term for person,CorrelationGECO,15,0.001,serge definition,msmarco-passage/train,ielabgroup/vec2text_gtr-base-st_corrector
131843,definition of a sigmet,"a faggat a faggat is a buggat, a hatachi or a cat",CorrelationGECO,15,0.001,what is a faggat,msmarco-passage/train,ielabgroup/vec2text_gtr-base-st_corrector
131843,definition of a sigmet,"- Serfs - defined as a plight of serfs, a group of aristocrats including cattle",CorrelationGECO,15,0.001,define serfs,msmarco-passage/train,ielabgroup/vec2text_gtr-base-st_corrector
131843,definition of a sigmet,"defining stippling, a spherical graffiti process that enables the creation of a drew",CorrelationGECO,15,0.001,define stippling,msmarco-passage/train,ielabgroup/vec2text_gtr-base-st_corrector
104861,cost of interior concrete flooring,"225 x 165 ft square-foot hardwood, the average price of room is $600 - $600 p.m.",CorrelationGECO,15,0.001,average price 225 sqft room hardwood,msmarco-passage/train,ielabgroup/vec2text_gtr-base-st_corrector
104861,cost of interior concrete flooring,cost of installing floor tiles (Obama chinese apex) or installing a new carpet (Obama,CorrelationGECO,15,0.001,cost of installing tile floors,msmarco-passage/train,ielabgroup/vec2text_gtr-base-st_corrector
104861,cost of interior concrete flooring,between $175 to $180 a pound (about $90 to $90 a pound) of concrete known as patio or Marquis,CorrelationGECO,15,0.001,how much cost concrete patio,msmarco-passage/train,ielabgroup/vec2text_gtr-base-st_corrector
104861,cost of interior concrete flooring,"in wood: $90–$100,000 to $800–$1500 to put in a hardwood, $800 to put in put in",CorrelationGECO,15,0.001,cost to put in hardwood,msmarco-passage/train,ielabgroup/vec2text_gtr-base-st_corrector
104861,cost of interior concrete flooring,"cost $1,500 to $1,500 to install interior doors or a door sliding using a chamfered jid",CorrelationGECO,15,0.001,cost to install interior doors,msmarco-passage/train,ielabgroup/vec2text_gtr-base-st_corrector
104861,cost of interior concrete flooring,"in-splash (cooking) and a low cost of $2,000 to build an indoor pool, the average cost of building an indoor",CorrelationGECO,15,0.001,average cost to build an indoor pool,msmarco-passage/train,ielabgroup/vec2text_gtr-base-st_corrector
104861,cost of interior concrete flooring,average cost of a resurfacing of the sloon-coated car or resurfacing the floor of the driveway a car,CorrelationGECO,15,0.001,average cost of resurfacing a driveway,msmarco-passage/train,ielabgroup/vec2text_gtr-base-st_corrector
104861,cost of interior concrete flooring,cost of 1425sq.m.  96ft.  96ft. Carpeting will cost on average,CorrelationGECO,15,0.001,average cost of carpeting for 1425sq ft,msmarco-passage/train,ielabgroup/vec2text_gtr-base-st_corrector
104861,cost of interior concrete flooring,"cost from $4,000 to $800 to $800 to stain white-gray cement walkway, which is a staining of cedar",CorrelationGECO,15,0.001,what does it cost to stain cement walkway,msmarco-passage/train,ielabgroup/vec2text_gtr-base-st_corrector
104861,cost of interior concrete flooring,use of a road to poured concrete at a cost of $450 to $450 for driveway concrete slab or concrete flint,CorrelationGECO,15,0.001,cost of pouring concrete slab for driveway,msmarco-passage/train,ielabgroup/vec2text_gtr-base-st_corrector
833860,what is the most popular food in switzerland,"foods that are rich in fibre, oats, a variety of vegetables, such as bananas, ramen, rice are fibre rich",CorrelationGECO,15,0.001,what foods are fibre rich,msmarco-passage/train,ielabgroup/vec2text_gtr-base-st_corrector
833860,what is the most popular food in switzerland,"the most popular yemeni food ingredients, it is a popular recipe that includes yemene, shredded carrots,",CorrelationGECO,15,0.001,most popular yemeni food ingredients,msmarco-passage/train,ielabgroup/vec2text_gtr-base-st_corrector
833860,what is the most popular food in switzerland,"the list of foods that have a high concentration of melonin, melon berries, ruminant, sweet peppercorns",CorrelationGECO,15,0.001,list of foods high in melatonin,msmarco-passage/train,ielabgroup/vec2text_gtr-base-st_corrector
833860,what is the most popular food in switzerland,"ice cream, grilled cheese, or pistachios are the foods to eat at picnic — they can be rich or spicy",CorrelationGECO,15,0.001,what foods to have at picnic?,msmarco-passage/train,ielabgroup/vec2text_gtr-base-st_corrector
833860,what is the most popular food in switzerland,"a pre-packaged grilled almond, a pre-cook, a hot chocolate chip is the best workout snack until the last minute",CorrelationGECO,15,0.001,what is the best pre workout snack,msmarco-passage/train,ielabgroup/vec2text_gtr-base-st_corrector
833860,what is the most popular food in switzerland,food which contains methylsulfonylsoylmethane sulfonylsoylmethan,CorrelationGECO,15,0.001,what food contains methylsulfonylmethane,msmarco-passage/train,ielabgroup/vec2text_gtr-base-st_corrector
833860,what is the most popular food in switzerland,"foods containing gelatin, a number of foods contain gelatin, such as egg whites, fruit jelly, frog emulsion",CorrelationGECO,15,0.001,what foods contain gelatin,msmarco-passage/train,ielabgroup/vec2text_gtr-base-st_corrector
833860,what is the most popular food in switzerland,"What they eat, the foods the Germans eat: ox safrani, German pies, stir-fried pots",CorrelationGECO,15,0.001,what foods do germans eat,msmarco-passage/train,ielabgroup/vec2text_gtr-base-st_corrector
833860,what is the most popular food in switzerland,"by a weight of . Foods with a high content of protein per mass are the most filling foods, such as carrots and cele",CorrelationGECO,15,0.001,most filling foods per mass,msmarco-passage/train,ielabgroup/vec2text_gtr-base-st_corrector
833860,what is the most popular food in switzerland,"the most popular yemeni food ingredients, it is a popular recipe that includes yemene, shredded carrots,",CorrelationGECO,15,0.001,most popular yemeni food ingredients,msmarco-passage/train,ielabgroup/vec2text_gtr-base-st_corrector
207786,how are some sharks warm blooded,"a blood  a baccalysm, a blood will cause small blood",CorrelationGECO,15,0.001,what causes little blood spots on your skin,msmarco-passage/train,ielabgroup/vec2text_gtr-base-st_corrector
207786,how are some sharks warm blooded,"a number of metals keep drinks warm, such as those from aluminium sulfonium, throughout the cold hem",CorrelationGECO,15,0.001,what metals keep drinks warm,msmarco-passage/train,ielabgroup/vec2text_gtr-base-st_corrector
207786,how are some sharks warm blooded,"(c. 850 m) is what is the smallest shark, or small shark, ""S. praetorius shal",CorrelationGECO,15,0.001,what is the smallest shark,msmarco-passage/train,ielabgroup/vec2text_gtr-base-st_corrector
207786,how are some sharks warm blooded,"This is because of a glaucumen of a hot water, our hot water is cloudy because of the presence of hot water",CorrelationGECO,15,0.001,why is our hot water cloudy,msmarco-passage/train,ielabgroup/vec2text_gtr-base-st_corrector
207786,how are some sharks warm blooded,"remove the wisdom teeth and stop the blood from your swollen blood, and from 2 to 24 hours a patient will stop the blood from",CorrelationGECO,15,0.001,wisdom teeth removal how long to stop the blood,msmarco-passage/train,ielabgroup/vec2text_gtr-base-st_corrector
207786,how are some sharks warm blooded,"of a burst of water after a freeze is over, alligators do not eat food in cold water, but they do",CorrelationGECO,15,0.001,do alligators eat in cold water,msmarco-passage/train,ielabgroup/vec2text_gtr-base-st_corrector
207786,how are some sharks warm blooded,"because of heat and low residues, water retains heat (heat from a source such as water flask)",CorrelationGECO,15,0.001,why does water retain heat,msmarco-passage/train,ielabgroup/vec2text_gtr-base-st_corrector
207786,how are some sharks warm blooded,keep pulled pork warm by putting a layer of lard or a sachet on top of your jacket to keep it from cold,CorrelationGECO,15,0.001,how to keep pulled pork warm,msmarco-passage/train,ielabgroup/vec2text_gtr-base-st_corrector
207786,how are some sharks warm blooded,"because of the icy and icy atmosphere of Saturn, what is saturn is so cold that it is prone to being cold and cold",CorrelationGECO,15,0.001,why is saturn so cold,msmarco-passage/train,ielabgroup/vec2text_gtr-base-st_corrector
207786,how are some sharks warm blooded,"a freshwater whale caught ""Sharon saturninax saturnina"" (M1401) largest shark found",CorrelationGECO,15,0.001,largest freshwater shark caught,msmarco-passage/train,ielabgroup/vec2text_gtr-base-st_corrector
1114819,what is durable medical equipment consist of,"devices that are included in the medical device tax, the medical device tax and the e-discharge assessment will be included. Until recently,",CorrelationGECO,15,0.001,what medical devices are included in the medical device tax?,msmarco-passage/train,ielabgroup/vec2text_gtr-base-st_corrector
1114819,what is durable medical equipment consist of,"what are safety and health hazards, which are hazards to the environment and the workplace, and fire, hazard, and hilf-haz",CorrelationGECO,15,0.001,what are safety and health hazards,msmarco-passage/train,ielabgroup/vec2text_gtr-base-st_corrector
1114819,what is durable medical equipment consist of,"of a medical school, a medical technician, or a medical machinist or a medical assistant, is a highly specialized",CorrelationGECO,15,0.001,what is a medical technician,msmarco-passage/train,ielabgroup/vec2text_gtr-base-st_corrector
1114819,what is durable medical equipment consist of,medicine dvm medicine is a bacillary esophagus medicine. It is also known as a veterinary medicine,CorrelationGECO,15,0.001,what is dvm medicine,msmarco-passage/train,ielabgroup/vec2text_gtr-base-st_corrector
1114819,what is durable medical equipment consist of,"which a medical professional is responsible for the creation of medical instruments, tools, organs, medical devices, artificial protheses, and other stuff.",CorrelationGECO,15,0.001,"which medical professional is responsible for the creation of such things as medical instruments and tools, prosthetic devices, and artificial organs?",msmarco-passage/train,ielabgroup/vec2text_gtr-base-st_corrector
1114819,what is durable medical equipment consist of,"types of heavy equipment – a type of machine, a type of hydraulic machinery, a hammer-head truck, bucket float",CorrelationGECO,15,0.001,types of heavy equipment machinery,msmarco-passage/train,ielabgroup/vec2text_gtr-base-st_corrector
1114819,what is durable medical equipment consist of,"the standards of Osha’s first aid kits, requiring a minimum of a CSA 240 standard for hospitals and other medical equipment",CorrelationGECO,15,0.001,what is osha's standards for first aid kits,msmarco-passage/train,ielabgroup/vec2text_gtr-base-st_corrector
1114819,what is durable medical equipment consist of,msds injury and mtsds msds are a musculosis-causing health symptoms,CorrelationGECO,15,0.001,what are msds injury,msmarco-passage/train,ielabgroup/vec2text_gtr-base-st_corrector
1114819,what is durable medical equipment consist of,"(known as           ), medical professional organizations is organizations",CorrelationGECO,15,0.001,what is medical professional organizations,msmarco-passage/train,ielabgroup/vec2text_gtr-base-st_corrector
1114819,what is durable medical equipment consist of,other type of machine similar to a cpap machine (a type of machine similar to a syringe-braced,CorrelationGECO,15,0.001,another type of machine similar to cpap,msmarco-passage/train,ielabgroup/vec2text_gtr-base-st_corrector
183378,exons definition biology,biology definition. Promoter (biology) Promoter is a biomolecular enzyme that binds to the amino acids of diffenot,CorrelationGECO,15,0.001,promoter definition biology,msmarco-passage/train,ielabgroup/vec2text_gtr-base-st_corrector
183378,exons definition biology,"a function of biology and a liss-lusa chemistry, a locus is a cell biology that is",CorrelationGECO,15,0.001,what is a locus biology,msmarco-passage/train,ielabgroup/vec2text_gtr-base-st_corrector
183378,exons definition biology,scientific definition of a chromosome (chromosome chromosome) in cells of the genome are chromosomes,CorrelationGECO,15,0.001,chromosome scientific definition,msmarco-passage/train,ielabgroup/vec2text_gtr-base-st_corrector
183378,exons definition biology,cohesion (biology) Cohesion is a defined coherence of a substance and its interacting structures and their relationships to other,CorrelationGECO,15,0.001,cohesion definition biology,msmarco-passage/train,ielabgroup/vec2text_gtr-base-st_corrector
183378,exons definition biology,Extrarenal pelvis (particular jugular apex) The extrarenal pelvis is a nervos,CorrelationGECO,15,0.001,what is an extrarenal pelvis,msmarco-passage/train,ielabgroup/vec2text_gtr-base-st_corrector
183378,exons definition biology,extrude definition (chemistry),CorrelationGECO,15,0.001,extrude definition chemistry,msmarco-passage/train,ielabgroup/vec2text_gtr-base-st_corrector
183378,exons definition biology,"(e.g., -o-o-ogenesis) the definition of competition in biology is the arrangement between organisms",CorrelationGECO,15,0.001,definition for competition in biology,msmarco-passage/train,ielabgroup/vec2text_gtr-base-st_corrector
183378,exons definition biology,– the exalted – is a definition of the word exalted () and a word of the word exaltier,CorrelationGECO,15,0.001,what is the definition of the word exalted,msmarco-passage/train,ielabgroup/vec2text_gtr-base-st_corrector
183378,exons definition biology,(zoonotic) potential is a means of zoonuclear zoocene. This can mean,CorrelationGECO,15,0.001,what does zoonotic potential mean,msmarco-passage/train,ielabgroup/vec2text_gtr-base-st_corrector
183378,exons definition biology,"(i.e., node biology) is a set of virulences in the cytoskeleton of cells defined as no",CorrelationGECO,15,0.001,node biology definition,msmarco-passage/train,ielabgroup/vec2text_gtr-base-st_corrector
1106007,define visceral?,"(also known as the vicious cycle) is a cyclone that is the result of a recurrent pattern of heart attack, which leads",CorrelationGECO,15,0.001,what is the vicious cycle,msmarco-passage/train,ielabgroup/vec2text_gtr-base-st_corrector
1106007,define visceral?,"(or vigor), the vigor of a person with a high emotional power,  (Venor, Borland)",CorrelationGECO,15,0.001,vigor meaning,msmarco-passage/train,ielabgroup/vec2text_gtr-base-st_corrector
1106007,define visceral?,"the special characteristics of visceral peristalsis, i.e., abrasion and ability make smooth muscle possible with perist",CorrelationGECO,15,0.001,what special characteristics of visceral smooth muscle make peristalsis possible,msmarco-passage/train,ielabgroup/vec2text_gtr-base-st_corrector
1106007,define visceral?,cervicic vmPV is a physiology of cervicic phlegm (predominant lung,CorrelationGECO,15,0.001,what is cervicothoracic pvm,msmarco-passage/train,ielabgroup/vec2text_gtr-base-st_corrector
1106007,define visceral?,"a defined psychiatric scourge (known as ""physco""), a group of psychologists who display paranormal behavior",CorrelationGECO,15,0.001,define physco,msmarco-passage/train,ielabgroup/vec2text_gtr-base-st_corrector
1106007,define visceral?,"a volatile, is a variable on the irrational properties of a liquid (Crystal-Bound) run.",CorrelationGECO,15,0.001,what is a volatile?,msmarco-passage/train,ielabgroup/vec2text_gtr-base-st_corrector
1106007,define visceral?,viscera viscera is a scimitar fright that is a form of children's horror known as,CorrelationGECO,15,0.001,what is viscera,msmarco-passage/train,ielabgroup/vec2text_gtr-base-st_corrector
1106007,define visceral?,"(a definition of helical) is a simple, elastic definition of the physiographic characteristics of the body of a plant, heli",CorrelationGECO,15,0.001,what is the definition of helical,msmarco-passage/train,ielabgroup/vec2text_gtr-base-st_corrector
1106007,define visceral?,"(Crocial) dildomena, a defined region of the brain known as cranial. It is rapidly",CorrelationGECO,15,0.001,define cranial,msmarco-passage/train,ielabgroup/vec2text_gtr-base-st_corrector
1106007,define visceral?,Microsoft Visual Microsoft Visual (formerly known as v.nc.) is a visual environment and a web browser for Microsoft's servers.,CorrelationGECO,15,0.001,what is microsoft visual?,msmarco-passage/train,ielabgroup/vec2text_gtr-base-st_corrector
1124210,tracheids are part of _____.,definitions of . . . . . . . . . . . parts of an ecosystem and,CorrelationGECO,15,0.001,definition of. parts of an. ecosystem,msmarco-passage/train,ielabgroup/vec2text_gtr-base-st_corrector
1124210,tracheids are part of _____.,tonsils (Tonnil diagram) Tonsils (toxons) are located in the obvius and fetal,CorrelationGECO,15,0.001,where are tonsils located diagram,msmarco-passage/train,ielabgroup/vec2text_gtr-base-st_corrector
1124210,tracheids are part of _____.,detritus is,CorrelationGECO,15,0.001,detritus is composed of _____,msmarco-passage/train,ielabgroup/vec2text_gtr-base-st_corrector
1124210,tracheids are part of _____.,"luarsioilan nerves, they are the languacral nerves, a part of cranial nerve",CorrelationGECO,15,0.001,what part of cranial nerves are they languilar nerves?,msmarco-passage/train,ielabgroup/vec2text_gtr-base-st_corrector
1124210,tracheids are part of _____.,"argilehs are what are called parts of an argileh, a salah and an agrogyrin",CorrelationGECO,15,0.001,what are parts of an argileh called,msmarco-passage/train,ielabgroup/vec2text_gtr-base-st_corrector
1124210,tracheids are part of _____.,"atp chemistry, ATP molecules are composed of three major parts, corresponding to the three major atoms of a molecule,",CorrelationGECO,15,0.001,atp molecules are composed of what three major parts,msmarco-passage/train,ielabgroup/vec2text_gtr-base-st_corrector
1124210,tracheids are part of _____.,"which phylax has a paired, jointed exoskeleton, jointed exoskeletons, and appendages.",CorrelationGECO,15,0.001,"which phylum has paired, jointed appendages and an exoskeleton?",msmarco-passage/train,ielabgroup/vec2text_gtr-base-st_corrector
1124210,tracheids are part of _____.,which is a part of paralanguage. These are: a. c. Paralanguage is a part of c. c.,CorrelationGECO,15,0.001,which of the following is part of paralanguage?,msmarco-passage/train,ielabgroup/vec2text_gtr-base-st_corrector
1124210,tracheids are part of _____.,Organs that make up the respiratory system are connected to organs ranging from the apnea to the cnidopia,CorrelationGECO,15,0.001,what organs are connected to make up the respiratory system?,msmarco-passage/train,ielabgroup/vec2text_gtr-base-st_corrector
1124210,tracheids are part of _____.,"Kidney system and organ system of the aphnias, the kidneys are a part of the organ system residing in",CorrelationGECO,15,0.001,what organ system are the kidneys a part of,msmarco-passage/train,ielabgroup/vec2text_gtr-base-st_corrector
490595,rsa definition key,ra Avis ra Avis (or ra Avis) is a CIS lottery car that is,CorrelationGECO,15,0.001,what is a rara avis,msmarco-passage/train,ielabgroup/vec2text_gtr-base-st_corrector
490595,rsa definition key,Mrsa is a bacterial infection of the sarcoid virus and a multi-year rhodops,CorrelationGECO,15,0.001,what is mrsa?,msmarco-passage/train,ielabgroup/vec2text_gtr-base-st_corrector
490595,rsa definition key,kesa            is an arid resource,CorrelationGECO,15,0.001,what is kesa,msmarco-passage/train,ielabgroup/vec2text_gtr-base-st_corrector
490595,rsa definition key,"Embryo emra, an arthra-rascible insulator. An EMRA is",CorrelationGECO,15,0.001,what is an emra,msmarco-passage/train,ielabgroup/vec2text_gtr-base-st_corrector
490595,rsa definition key,"the rheumatoid test, a serum test shows rheumatoid arthritis apnea",CorrelationGECO,15,0.001,what serum test shows rheumatoid arthritis,msmarco-passage/train,ielabgroup/vec2text_gtr-base-st_corrector
490595,rsa definition key,kesa            is an arid resource,CorrelationGECO,15,0.001,what is kesa,msmarco-passage/train,ielabgroup/vec2text_gtr-base-st_corrector
490595,rsa definition key,meaning of “Emissions and ESTA. It is a U.S.,CorrelationGECO,15,0.001,what does esta mean,msmarco-passage/train,ielabgroup/vec2text_gtr-base-st_corrector
490595,rsa definition key,srv is a small home-based RV. It is a collection of trawlers and a searchable New Jersey,CorrelationGECO,15,0.001,what is srv,msmarco-passage/train,ielabgroup/vec2text_gtr-base-st_corrector
490595,rsa definition key,"a rp-to-rp-ga-wire connection, or RGA, it is a high-power AC power connection",CorrelationGECO,15,0.001,what is an rga connection,msmarco-passage/train,ielabgroup/vec2text_gtr-base-st_corrector
490595,rsa definition key,rast test (definition test) rast test is a highly effective computerized diagnostic test for the detection of hazard and associated,CorrelationGECO,15,0.001,define rast test,msmarco-passage/train,ielabgroup/vec2text_gtr-base-st_corrector
1103812,who formed the commonwealth of independent states,"by a senate order of the United States of America to become an independent nation, and Canada became an independent nation on its independence in 19",CorrelationGECO,15,0.001,how did canada become an independent nation,msmarco-passage/train,ielabgroup/vec2text_gtr-base-st_corrector
1103812,who formed the commonwealth of independent states,"affluent British-Bolsetian family, which gained control of Bohemia, which became the European control e.",CorrelationGECO,15,0.001,what european family gained control of bohemia?,msmarco-passage/train,ielabgroup/vec2text_gtr-base-st_corrector
1103812,who formed the commonwealth of independent states,"who is the founder of Manward digest, a philatelic journal and a trade paper by Charles S. Manes. Founded",CorrelationGECO,15,0.001,who is the founder of manward digest?,msmarco-passage/train,ielabgroup/vec2text_gtr-base-st_corrector
1103812,who formed the commonwealth of independent states,when Pakistan and the Pakilani pakistan gained independence on 1871 (14 January 1771) and vowed to gain full independence,CorrelationGECO,15,0.001,when did pakistan gain independence,msmarco-passage/train,ielabgroup/vec2text_gtr-base-st_corrector
1103812,who formed the commonwealth of independent states,"in the English idiom of 'I do not know how to write sentences in this vein', the independent clause is neither clause nor clause",CorrelationGECO,15,0.001,what is an independent clause sentence with nor,msmarco-passage/train,ielabgroup/vec2text_gtr-base-st_corrector
1103812,who formed the commonwealth of independent states,which document was written by the pilgrims and outlined the outlines for a form of government for the new colony's co-state.,CorrelationGECO,15,0.001,which document was written by the pilgrims and outlined a form of government for their new colony?,msmarco-passage/train,ielabgroup/vec2text_gtr-base-st_corrector
1103812,who formed the commonwealth of independent states,"form of government under which the U.S. Constitution was created in 1789, the 1787 Constitution is a Quiz Quiz which teaches",CorrelationGECO,15,0.001,What form of government did the US Constitution created in 1789 quizlet,msmarco-passage/train,ielabgroup/vec2text_gtr-base-st_corrector
1103812,who formed the commonwealth of independent states,"who established the first colony in the state of Texas (Texas, if not J.D. & A.E.A.",CorrelationGECO,15,0.001,who established the first colony in texas?,msmarco-passage/train,ielabgroup/vec2text_gtr-base-st_corrector
1103812,who formed the commonwealth of independent states,state and dependent state (Study of the Income and the Income of a Child and a Child) and dependent state is an independent state,CorrelationGECO,15,0.001,what is dependent and independent state,msmarco-passage/train,ielabgroup/vec2text_gtr-base-st_corrector
1103812,who formed the commonwealth of independent states,"creation of a new party, the United States Democratic Party, and a group of descendants created by Edwin McMahon, who created",CorrelationGECO,15,0.001,who created the democratic party,msmarco-passage/train,ielabgroup/vec2text_gtr-base-st_corrector
87181,causes of left ventricular hypertrophy,Causes of primary hyperthyroidism Hyperthyroidism is the cause of primary hyperthyroidism and ectosto,CorrelationGECO,15,0.001,causes of primary hyperthyroidism,msmarco-passage/train,ielabgroup/vec2text_gtr-base-st_corrector
87181,causes of left ventricular hypertrophy,causes genetically Duchenne muscular dystrophy and other apexes delgae; Duchenne muscular dystrophy,CorrelationGECO,15,0.001,what causes duchenne muscular dystrophy genetically,msmarco-passage/train,ielabgroup/vec2text_gtr-base-st_corrector
87181,causes of left ventricular hypertrophy,why a ventricular valve is created: the left ventricle has higher pressure than the right ventricle and the right ventricle has higher,CorrelationGECO,15,0.001,why does the left ventricle have higher pressure than right ventricle,msmarco-passage/train,ielabgroup/vec2text_gtr-base-st_corrector
87181,causes of left ventricular hypertrophy,"caused by a combination of inherited and reactive brain cells, Lewy body dementia is a condition that causes lurosity and dementia",CorrelationGECO,15,0.001,what causes lewy body dementia,msmarco-passage/train,ielabgroup/vec2text_gtr-base-st_corrector
87181,causes of left ventricular hypertrophy,"causes of steatorrhea disorder, or Staatorrhea, which is a disorder of the fecal intestin",CorrelationGECO,15,0.001,causes of steatorrhea disorder,msmarco-passage/train,ielabgroup/vec2text_gtr-base-st_corrector
87181,causes of left ventricular hypertrophy,A tendon tear or a tibial tibial thigh injury (tibial tear or tendon tear) causes,CorrelationGECO,15,0.001,what causes a posterior tibial tendon tear,msmarco-passage/train,ielabgroup/vec2text_gtr-base-st_corrector
87181,causes of left ventricular hypertrophy,"primary cause of htn. Primary causes are a combination of symptoms, such as blood-saturated arteries, ill-health",CorrelationGECO,15,0.001,primary htn causes,msmarco-passage/train,ielabgroup/vec2text_gtr-base-st_corrector
87181,causes of left ventricular hypertrophy,a meaning: Elevated lfts,CorrelationGECO,15,0.001,what does elevated lfts mean,msmarco-passage/train,ielabgroup/vec2text_gtr-base-st_corrector
87181,causes of left ventricular hypertrophy,"a cause of lpld. Causes of DPsD include a variety of new and current diseases including caries, motor",CorrelationGECO,15,0.001,causes of dpld,msmarco-passage/train,ielabgroup/vec2text_gtr-base-st_corrector
87181,causes of left ventricular hypertrophy,causes autism and adolescent adolescence. It is known that Savant syndrome is a fetus,CorrelationGECO,15,0.001,what causes savant syndrome,msmarco-passage/train,ielabgroup/vec2text_gtr-base-st_corrector
443396,lps laws definition,LP inv are a range of virtual inventory and eps. They are a range of lp based on your car,CorrelationGECO,15,0.001,what are lp inv,msmarco-passage/train,ielabgroup/vec2text_gtr-base-st_corrector
443396,lps laws definition,"(bond) in law, a term in U.S. law of the New York Constitution and the New Jersey Bar Act. Bond means bonds.",CorrelationGECO,15,0.001,what does bond mean in law?,msmarco-passage/train,ielabgroup/vec2text_gtr-base-st_corrector
443396,lps laws definition,a lsrp. It is a personal resuscitation system (PRSRP) and a range of fantasy music,CorrelationGECO,15,0.001,what is an lsrp,msmarco-passage/train,ielabgroup/vec2text_gtr-base-st_corrector
443396,lps laws definition,"which social science involves studying policies, a.k.a. a. a. a., we know about Legal Science Law",CorrelationGECO,15,0.001,which social science involves studying legal policies?,msmarco-passage/train,ielabgroup/vec2text_gtr-base-st_corrector
443396,lps laws definition,"(i.e., the law of supply), the law of the law, defined as the law of a monopoly and the law of",CorrelationGECO,15,0.001,define the law of supply,msmarco-passage/train,ielabgroup/vec2text_gtr-base-st_corrector
443396,lps laws definition,"l.b.s. in the classroom, this is a light-weight in the classroom to determine the logical and logical weights",CorrelationGECO,15,0.001,what is an l.b.s. in the classroom,msmarco-passage/train,ielabgroup/vec2text_gtr-base-st_corrector
443396,lps laws definition,"means ""through isps"". The Internet Service Provider System (ISPs), formerly known as the Internet Protection System or IPA,",CorrelationGECO,15,0.001,what does isps mean,msmarco-passage/train,ielabgroup/vec2text_gtr-base-st_corrector
443396,lps laws definition,(gdp/lsa) is a mortgage on a property and a LDSA mortgage on a mortgage securing,CorrelationGECO,15,0.001,what is a ldp/gsa in mortgages,msmarco-passage/train,ielabgroup/vec2text_gtr-base-st_corrector
443396,lps laws definition,elvis presley lp elvis presley lp elvis lp or the LP com,CorrelationGECO,15,0.001,elvis presley lp,msmarco-passage/train,ielabgroup/vec2text_gtr-base-st_corrector
443396,lps laws definition,(S.E.V.D.) definition of securities law. Security law is a set of financial law governing the rights of the public,CorrelationGECO,15,0.001,securities law definition,msmarco-passage/train,ielabgroup/vec2text_gtr-base-st_corrector
1121709,what are the three percenters?,"at the occipital nerves, the occipital third nerve, is a nerve of the necrotoi",CorrelationGECO,15,0.001,what is the third occipital nerve,msmarco-passage/train,ielabgroup/vec2text_gtr-base-st_corrector
1121709,what are the three percenters?,(known as the triads function) is the function of the triads and the triada D-cysp,CorrelationGECO,15,0.001,what is the triads function,msmarco-passage/train,ielabgroup/vec2text_gtr-base-st_corrector
1121709,what are the three percenters?,"% of all FFA members live in a mix of urban and suburban communities, or a member live in the urban afa.",CorrelationGECO,15,0.001,what percentage of ffa members live in urban or suburban areas?,msmarco-passage/train,ielabgroup/vec2text_gtr-base-st_corrector
1121709,what are the three percenters?,"what are the three types of gangs, namely: a gang, a lion, a rabid gang",CorrelationGECO,15,0.001,what are the three types of gangs,msmarco-passage/train,ielabgroup/vec2text_gtr-base-st_corrector
1121709,what are the three percenters?,"of the population who identifies as a person of a cross-sectional gene, 25.8 percent of the population is transgender",CorrelationGECO,15,0.001,what percent of the population is transgender,msmarco-passage/train,ielabgroup/vec2text_gtr-base-st_corrector
1121709,what are the three percenters?,what you can get from the three in the play of 4 is a three-out-of-four at the end of the play.,CorrelationGECO,15,0.001,what do you get from 3 out of four in the play 4,msmarco-passage/train,ielabgroup/vec2text_gtr-base-st_corrector
1121709,what are the three percenters?,90% of people who make in-app purchases (1 percent of all people who buy their in-app store) and other statistics,CorrelationGECO,15,0.001,percent of people who make in-app purchases,msmarco-passage/train,ielabgroup/vec2text_gtr-base-st_corrector
1121709,what are the three percenters?,the setting of 'The Three musketeers' is the main-setting of 'Muskleian'. They are kept,CorrelationGECO,15,0.001,what is the main setting of the three musketeers,msmarco-passage/train,ielabgroup/vec2text_gtr-base-st_corrector
1121709,what are the three percenters?,as 36 percent is              75,CorrelationGECO,15,0.001,what is 36 as 75 percent,msmarco-passage/train,ielabgroup/vec2text_gtr-base-st_corrector
1121709,what are the three percenters?,"a percentage of body fat. Body fat (e.g., fats, fats, fats of the fatty acids or fat muscle",CorrelationGECO,15,0.001,what percentage of body fat,msmarco-passage/train,ielabgroup/vec2text_gtr-base-st_corrector
87452,causes of military suicide,in which ophelia's suicide affects the suicide of Hamlet and gives her a way to help her ills and plight,CorrelationGECO,15,0.001,how does ophelia's suicide affect hamlet,msmarco-passage/train,ielabgroup/vec2text_gtr-base-st_corrector
87452,causes of military suicide,a person who wants to avoid suicide can help them in a way that will not lead to a gimmick or a headache,CorrelationGECO,15,0.001,want to help someone avoid suicide,msmarco-passage/train,ielabgroup/vec2text_gtr-base-st_corrector
87452,causes of military suicide,"is refusing treatment (self-treatment, suicide if a person chooses not to go through a treatment loop) is suicide from ill",CorrelationGECO,15,0.001,is refusing treatment suicide,msmarco-passage/train,ielabgroup/vec2text_gtr-base-st_corrector
87452,causes of military suicide,"causes of blood poisoning during WW2, involving swine-twine and wilty-coarse during fighting",CorrelationGECO,15,0.001,causes of blood poisoning during wwii,msmarco-passage/train,ielabgroup/vec2text_gtr-base-st_corrector
87452,causes of military suicide,"causes of death statistics, including the number of causes of death, health and health risks, age and and a decrease in infant mortality (2019",CorrelationGECO,15,0.001,causes of death statistics,msmarco-passage/train,ielabgroup/vec2text_gtr-base-st_corrector
87452,causes of military suicide,"Age limit to enter the military, if he or she is under the age of 32 prior to the start of the civil war, the age limit",CorrelationGECO,15,0.001,age limit to enter the military,msmarco-passage/train,ielabgroup/vec2text_gtr-base-st_corrector
87452,causes of military suicide,causes of a pulmonary emboli caused by a combination of a pulmonary cholinergic embola (MPL),CorrelationGECO,15,0.001,causes of multiple pulmonary emboli,msmarco-passage/train,ielabgroup/vec2text_gtr-base-st_corrector
87452,causes of military suicide,"are enrolled at Lowe’s, a low cost shopping center, have military discounts and do offer them if they meet a military warranty",CorrelationGECO,15,0.001,does lowe's offer military discounts,msmarco-passage/train,ielabgroup/vec2text_gtr-base-st_corrector
87452,causes of military suicide,"causes a child, a child with a low-sensitivity sensitivity to a high-sensitivity sensitivity, it causes diplegia",CorrelationGECO,15,0.001,what causes diplegia,msmarco-passage/train,ielabgroup/vec2text_gtr-base-st_corrector
87452,causes of military suicide,causes of a pulmonary emboli caused by a combination of a pulmonary cholinergic embola (MPL),CorrelationGECO,15,0.001,causes of multiple pulmonary emboli,msmarco-passage/train,ielabgroup/vec2text_gtr-base-st_corrector
855410,what is theraderm used for,"with a combination of fecal-oxide and brucellol, cryselle is used for pharmacological treatments,",CorrelationGECO,15,0.001,what is cryselle used for,msmarco-passage/train,ielabgroup/vec2text_gtr-base-st_corrector
855410,what is theraderm used for,"using a steriloalkenese, Paraldehyde is used for veterinary and veterinary medicine and for food",CorrelationGECO,15,0.001,what is paraldehyde used for,msmarco-passage/train,ielabgroup/vec2text_gtr-base-st_corrector
855410,what is theraderm used for,(Tarragon) is used for a variety of uses in the diluvian maze and a carcinogenesis process.,CorrelationGECO,15,0.001,what is tarragon used for?,msmarco-passage/train,ielabgroup/vec2text_gtr-base-st_corrector
855410,what is theraderm used for,Viperoderm kDa cream is used for spotting skin on,CorrelationGECO,15,0.001,what is viaderm kc cream used for,msmarco-passage/train,ielabgroup/vec2text_gtr-base-st_corrector
855410,what is theraderm used for,"to use a sedentary anthrax (yearly ryegrass) for the treatment of its bowels, it is used for",CorrelationGECO,15,0.001,what is annual ryegrass used for,msmarco-passage/train,ielabgroup/vec2text_gtr-base-st_corrector
855410,what is theraderm used for,"a steroid, albuterol (Albuterol) is used for the treatment of rutherceptrol and elthad",CorrelationGECO,15,0.001,what is albuterol used for,msmarco-passage/train,ielabgroup/vec2text_gtr-base-st_corrector
855410,what is theraderm used for,"a drug, Lamin drug is used for the use of glucose and chemopreservative drugs. It is also used",CorrelationGECO,15,0.001,what is lamin drug used for,msmarco-passage/train,ielabgroup/vec2text_gtr-base-st_corrector
855410,what is theraderm used for,called the Watson iBm is used for intelligent apertino science. Watson iBm is used for,CorrelationGECO,15,0.001,what is ibm watson used for,msmarco-passage/train,ielabgroup/vec2text_gtr-base-st_corrector
855410,what is theraderm used for,cholestyramine is used for the treatment of food-eating disorders and for the use of cholestylborea.,CorrelationGECO,15,0.001,what is cholestyramine used for,msmarco-passage/train,ielabgroup/vec2text_gtr-base-st_corrector
855410,what is theraderm used for,"by the use of neostrata for sedation and eczema, Neostrata is used for medicines and for",CorrelationGECO,15,0.001,what is neostrata used for,msmarco-passage/train,ielabgroup/vec2text_gtr-base-st_corrector
1114646,what is famvir prescribed for,romilocastim is used as a medication for Phosphofeploisoma and bulimia syndrome by,CorrelationGECO,15,0.001,what is romiplostim used for,msmarco-passage/train,ielabgroup/vec2text_gtr-base-st_corrector
1114646,what is famvir prescribed for,erectile marrow. It is the Levetiracetam generic for a beta-adrenergic medication.,CorrelationGECO,15,0.001,what is levetiracetam generic for?,msmarco-passage/train,ielabgroup/vec2text_gtr-base-st_corrector
1114646,what is famvir prescribed for,travel and a drooling cramp. Zpacks are prescribed for the treatment of a variety of hepatic and infectious,CorrelationGECO,15,0.001,what are zpacks prescribed for,msmarco-passage/train,ielabgroup/vec2text_gtr-base-st_corrector
1114646,what is famvir prescribed for,meds containing fibromyalgia and fibromyalgia meds are being used for atypical,CorrelationGECO,15,0.001,what meds are being used for fibromyalgia,msmarco-passage/train,ielabgroup/vec2text_gtr-base-st_corrector
1114646,what is famvir prescribed for,"Listed as a cyclodextrose, dicyclmine is prescribed for treating a condition caused by hyperactivity and epilepsy.",CorrelationGECO,15,0.001,what is dicyclomine prescribed for?,msmarco-passage/train,ielabgroup/vec2text_gtr-base-st_corrector
1114646,what is famvir prescribed for,Norvonec prescription Norvonec prescription is a prescription of a glucuronic acid (GABA) antibiotic and DMV,CorrelationGECO,15,0.001,what is norvasc prescription?,msmarco-passage/train,ielabgroup/vec2text_gtr-base-st_corrector
1114646,what is famvir prescribed for,why it is recommended: 1. prescribe farxxia. 2. prescribe farx because it helps to drive a healthy diet and a physical cala,CorrelationGECO,15,0.001,why prescribe farxia,msmarco-passage/train,ielabgroup/vec2text_gtr-base-st_corrector
1114646,what is famvir prescribed for,"a type of medicine, plantar fasciitis can be taken with anti-tetanyl steroid and vitiligo",CorrelationGECO,15,0.001,what types of medicine can you take for plantar fasciitis,msmarco-passage/train,ielabgroup/vec2text_gtr-base-st_corrector
1114646,what is famvir prescribed for,medicine in Ecotrin. These medicines include green-purple medicine and a green-purple antibiotic. Ecotrin is the home to,CorrelationGECO,15,0.001,what medicine in ecotrin,msmarco-passage/train,ielabgroup/vec2text_gtr-base-st_corrector
1114646,what is famvir prescribed for,"adversitide, named acyclovir, to be given on a baby for treatment of acyclovir disease.",CorrelationGECO,15,0.001,what is medication named acyclovir given for?,msmarco-passage/train,ielabgroup/vec2text_gtr-base-st_corrector
19335,anthropological definition of environment,"effect of pollution on the environment (effect of toxins, e.g. ware, plastic ware) has an effect on the environment",CorrelationGECO,15,0.001,effect of pollution on environment,msmarco-passage/train,ielabgroup/vec2text_gtr-base-st_corrector
19335,anthropological definition of environment,"environmental policy - i.e., e.g., e.g., environmental policy is a definition of the policies",CorrelationGECO,15,0.001,environmental policy definition,msmarco-passage/train,ielabgroup/vec2text_gtr-base-st_corrector
19335,anthropological definition of environment,the definition of immunological: immunoanalogous (i.e. immunofluorobiological) is the presence of food and animal and,CorrelationGECO,15,0.001,immunological definition,msmarco-passage/train,ielabgroup/vec2text_gtr-base-st_corrector
19335,anthropological definition of environment,acculturation theory (Analysis of adobe fusion theory): a theory is defined by the theory,CorrelationGECO,15,0.001,acculturation theory definition,msmarco-passage/train,ielabgroup/vec2text_gtr-base-st_corrector
19335,anthropological definition of environment,is a study of ecology – a social science – (with a focus on environmental science – “Personary Biology”,CorrelationGECO,15,0.001,is ecology a social science,msmarco-passage/train,ielabgroup/vec2text_gtr-base-st_corrector
19335,anthropological definition of environment,it (environment) has an effect on the environment (environment) that globalization helps to mix up the effects of environmental dumping and the import,CorrelationGECO,15,0.001,what effect does globalization have on the environment,msmarco-passage/train,ielabgroup/vec2text_gtr-base-st_corrector
19335,anthropological definition of environment,lukewarm neophyte (definition) forest (  ) is a definition of,CorrelationGECO,15,0.001,forest definition,msmarco-passage/train,ielabgroup/vec2text_gtr-base-st_corrector
19335,anthropological definition of environment,"in a number of ways, environmental progress led social progress in a way that correlated social quality with equivalence and demographics.",CorrelationGECO,15,0.001,in what ways did environmental quality to social progress?,msmarco-passage/train,ielabgroup/vec2text_gtr-base-st_corrector
19335,anthropological definition of environment,are atmosphere and environment (as a matter of        ) are the same,CorrelationGECO,15,0.001,are atmosphere and environment the same,msmarco-passage/train,ielabgroup/vec2text_gtr-base-st_corrector
19335,anthropological definition of environment,"the earliest australopithecines lived in a environment that was likely a mix of environment (cauceutical, anthropo",CorrelationGECO,15,0.001,the earliest australopithecines probably lived in which kind of environment,msmarco-passage/train,ielabgroup/vec2text_gtr-base-st_corrector
47923,axon terminals or synaptic knob definition,Axl abbreviation Axl abbreviation is PTN or Xerox-TA in the medical abbrevi,CorrelationGECO,15,0.001,what is AXL ptn abbreviation,msmarco-passage/train,ielabgroup/vec2text_gtr-base-st_corrector
47923,axon terminals or synaptic knob definition,made up of adenosine ligand (a axon) which is made up of a cell membrane and a,CorrelationGECO,15,0.001,what is a axon made up of,msmarco-passage/train,ielabgroup/vec2text_gtr-base-st_corrector
47923,axon terminals or synaptic knob definition,An axis (or axis-pneuma) on the skeletal system is a skeletal system of the articular,CorrelationGECO,15,0.001,what is an axis on the skeletal system,msmarco-passage/train,ielabgroup/vec2text_gtr-base-st_corrector
47923,axon terminals or synaptic knob definition,in the nerve what structure an axon (adrenal axon diffusion) originates from (axon,CorrelationGECO,15,0.001,in a nerve what structure does the axon originates from,msmarco-passage/train,ielabgroup/vec2text_gtr-base-st_corrector
47923,axon terminals or synaptic knob definition,axon axon axon definition (axon terminal) is the adduction of adducts,CorrelationGECO,15,0.001,axon terminal definition,msmarco-passage/train,ielabgroup/vec2text_gtr-base-st_corrector
47923,axon terminals or synaptic knob definition,the terminal to take the charge rune from the achenoglotte or achenoglotte and travel to the,CorrelationGECO,15,0.001,which terminal do you take the charged agronaech rune to in destiny,msmarco-passage/train,ielabgroup/vec2text_gtr-base-st_corrector
47923,axon terminals or synaptic knob definition,a x mission critical process is a process for delivering a CCE (Circular Effort Management) x,CorrelationGECO,15,0.001,what is a mission critical cx process,msmarco-passage/train,ielabgroup/vec2text_gtr-base-st_corrector
47923,axon terminals or synaptic knob definition,"tyrannical sadist, is a definition of a rabid, compulsive form of behavior and psychopath",CorrelationGECO,15,0.001,tyrannical sadist definition,msmarco-passage/train,ielabgroup/vec2text_gtr-base-st_corrector
47923,axon terminals or synaptic knob definition,meaning of synal ( – a nihibosis of the limbs of the torso) is,CorrelationGECO,15,0.001,meaning of synal,msmarco-passage/train,ielabgroup/vec2text_gtr-base-st_corrector
47923,axon terminals or synaptic knob definition,"biology (Dalmon and Langdon, et al.): nerve impulse Nerve impulse is a physiological definition of a cell membrane",CorrelationGECO,15,0.001,nerve impulse definition biology,msmarco-passage/train,ielabgroup/vec2text_gtr-base-st_corrector
405717,is cdg airport in main paris,at Golden Triangle Regional Airport,CorrelationGECO,15,0.001,where is golden triangle regional airport,msmarco-passage/train,ielabgroup/vec2text_gtr-base-st_corrector
405717,is cdg airport in main paris,"is Pensacola/Seattle Regional/Pennsylvania International airports, the same airport. Both are identical",CorrelationGECO,15,0.001,is pensacola regional and international airports the same?,msmarco-passage/train,ielabgroup/vec2text_gtr-base-st_corrector
405717,is cdg airport in main paris,"Airport at DC. The airport was a repurposed acoustic space at George Washington D.C. Airport, DCA.",CorrelationGECO,15,0.001,what airport dca,msmarco-passage/train,ielabgroup/vec2text_gtr-base-st_corrector
405717,is cdg airport in main paris,"which currently there are a total of 15 airports in prague, namely: 1",CorrelationGECO,15,0.001,how many airports in prague,msmarco-passage/train,ielabgroup/vec2text_gtr-base-st_corrector
405717,is cdg airport in main paris,charlotte can wait hours at 96 st. in paris and Charlotte-Bully street can wait hours at charlotte,CorrelationGECO,15,0.001,paris can wait hours in charlotte,msmarco-passage/train,ielabgroup/vec2text_gtr-base-st_corrector
405717,is cdg airport in main paris,"cqg integrated solutions. The cqg stands for ""Casualty Graphotechnical Quantitative Management",CorrelationGECO,15,0.001,what does cqg stand for in cqg integrated solutions,msmarco-passage/train,ielabgroup/vec2text_gtr-base-st_corrector
405717,is cdg airport in main paris,"airport at Cancun, or CANJUN, to fly to Xochimilco del Puerto Rico and a later to airport",CorrelationGECO,15,0.001,which airport to fly into for cancun,msmarco-passage/train,ielabgroup/vec2text_gtr-base-st_corrector
405717,is cdg airport in main paris,mco Airport mco Airport       is the molliculture terminal airport.,CorrelationGECO,15,0.001,what is mco airport?,msmarco-passage/train,ielabgroup/vec2text_gtr-base-st_corrector
405717,is cdg airport in main paris,where it is - Buffalo-Niagara International Airport (formerly - niagara-nagara airport,CorrelationGECO,15,0.001,where is buffalo-niagara international airport,msmarco-passage/train,ielabgroup/vec2text_gtr-base-st_corrector
405717,is cdg airport in main paris,"is the airport liberty international airport, e. g. a. , , , , , Newark International Airport is",CorrelationGECO,15,0.001,is newark airport liberty international,msmarco-passage/train,ielabgroup/vec2text_gtr-base-st_corrector
182539,example of monotonic function,definition of a karyotype (example karyocopy) is a group of karyotypes born,CorrelationGECO,15,0.001,define karyotype example,msmarco-passage/train,ielabgroup/vec2text_gtr-base-st_corrector
182539,example of monotonic function,"a. The following is a sanitization example, and a. a. a. of sanaceans",CorrelationGECO,15,0.001,which of the following is an example of sanitization?,msmarco-passage/train,ielabgroup/vec2text_gtr-base-st_corrector
182539,example of monotonic function,a simple example of lenthy. These are fruits and pears that are rich in fat. These are the eight examples of lentils,CorrelationGECO,15,0.001,what are some examples of lentils,msmarco-passage/train,ielabgroup/vec2text_gtr-base-st_corrector
182539,example of monotonic function,define and give an example of three types of norms. a. Norms. b. Norms. c. Wee,CorrelationGECO,15,0.001,.what are the three types of norms? define and give an example of each. weegy,msmarco-passage/train,ielabgroup/vec2text_gtr-base-st_corrector
182539,example of monotonic function,"function opposite to root. (Analogous to a function opposite to root is a function of a storadion,",CorrelationGECO,15,0.001,function opposite to root,msmarco-passage/train,ielabgroup/vec2text_gtr-base-st_corrector
182539,example of monotonic function,(E.H.          ) is an example expository,CorrelationGECO,15,0.001,what is an example of an expository text,msmarco-passage/train,ielabgroup/vec2text_gtr-base-st_corrector
182539,example of monotonic function,good examples of analytic process are the London abolition and aiweiss definition of analytic process by building processes that quickly,CorrelationGECO,15,0.001,define analytic process good examples,msmarco-passage/train,ielabgroup/vec2text_gtr-base-st_corrector
182539,example of monotonic function,"examples of bipolar disorder (e.g., nausea, emacia, mania). This is an example of",CorrelationGECO,15,0.001,examples of bipolar disorder,msmarco-passage/train,ielabgroup/vec2text_gtr-base-st_corrector
182539,example of monotonic function,"a list of examples of proteins, such as a cleavage of acorns and nitrogen, are examples of protein",CorrelationGECO,15,0.001,what are examples of protein,msmarco-passage/train,ielabgroup/vec2text_gtr-base-st_corrector
182539,example of monotonic function,a djective adjective is an example of a number of examples of adjectives and a number of examples of jiberous,CorrelationGECO,15,0.001,what is a adjective examples,msmarco-passage/train,ielabgroup/vec2text_gtr-base-st_corrector
1113437,what is physical description of spruce,"minuscule occopolygonase, streptococcus streptococcus is defined shape",CorrelationGECO,15,0.001,streptococcus defined shape is,msmarco-passage/train,ielabgroup/vec2text_gtr-base-st_corrector
1113437,what is physical description of spruce,"characteristics of Spina bifida are soft, glibby and accompanied by a wide range of cleftbrain",CorrelationGECO,15,0.001,characteristics of spina bifida,msmarco-passage/train,ielabgroup/vec2text_gtr-base-st_corrector
1113437,what is physical description of spruce,structures where a spore is produced are called sexual spores. They are called spores and the alocius,CorrelationGECO,15,0.001,What are the structures where sexual spores are produced called?,msmarco-passage/train,ielabgroup/vec2text_gtr-base-st_corrector
1113437,what is physical description of spruce,sputum is a yellowish-greenish color and is very thick and a smoky-greenish color with thick,CorrelationGECO,15,0.001,sputum is a yellowish-greenish color and is very thick,msmarco-passage/train,ielabgroup/vec2text_gtr-base-st_corrector
1113437,what is physical description of spruce,bluish color is physical or chemical (either as a liquefaction or as a result of ionizing chemicals). Chemical,CorrelationGECO,15,0.001,bluish color is physical or chemical,msmarco-passage/train,ielabgroup/vec2text_gtr-base-st_corrector
1113437,what is physical description of spruce,"Known as pyre, it is a bruxism with a surface of frozen pyre. Pyre is the most",CorrelationGECO,15,0.001,what is pyre,msmarco-passage/train,ielabgroup/vec2text_gtr-base-st_corrector
1113437,what is physical description of spruce,around 450-450 feet (1.25-1.5 m) tall blue spruce trees grow in height and spruce shrubs,CorrelationGECO,15,0.001,how tall do blue spruce trees grow,msmarco-passage/train,ielabgroup/vec2text_gtr-base-st_corrector
1113437,what is physical description of spruce,"with a natural structure of faeces and glabras, pine pitch is composed of pine-pinel and other mole",CorrelationGECO,15,0.001,what is pine pitch composed of,msmarco-passage/train,ielabgroup/vec2text_gtr-base-st_corrector
1113437,what is physical description of spruce,The texture of a cactus (a.k.a. cactus syrbiosus) is smooth,CorrelationGECO,15,0.001,what is the texture of a cactus,msmarco-passage/train,ielabgroup/vec2text_gtr-base-st_corrector
1113437,what is physical description of spruce,"of physical science, speed (or 'psidy speed') is a property of physics in physics and chemistry",CorrelationGECO,15,0.001,what is speed in physical science,msmarco-passage/train,ielabgroup/vec2text_gtr-base-st_corrector
1129237,hydrogen is a liquid below what temperature,"is that when water freezes, it will give up a hydrogen atom or atom of helium atom and no more reluc",CorrelationGECO,15,0.001,when water freezes does it give up an hydrogen atom,msmarco-passage/train,ielabgroup/vec2text_gtr-base-st_corrector
1129237,hydrogen is a liquid below what temperature,"at which all molecular motion ceases, but the temperature at which it ceases is    also referred to",CorrelationGECO,15,0.001,temperature at which all molecular motion ceases is referred to as,msmarco-passage/train,ielabgroup/vec2text_gtr-base-st_corrector
1129237,hydrogen is a liquid below what temperature,"90°F. It is a great temperature for high broil, hi broil, hi broil, or HI-PaOl",CorrelationGECO,15,0.001,what temperature is hi broil,msmarco-passage/train,ielabgroup/vec2text_gtr-base-st_corrector
1129237,hydrogen is a liquid below what temperature,how cold it is to be so that the liquid will have to be at least 2 °F to become a liquid of evaporable gases,CorrelationGECO,15,0.001,how cold does it have to be for methane to become a liquid,msmarco-passage/train,ielabgroup/vec2text_gtr-base-st_corrector
1129237,hydrogen is a liquid below what temperature,"where  is the temperature in the centimetres, i.e.  1.0 degrees Celsius (Foscius).",CorrelationGECO,15,0.001,what is the temperature in degrees celsius?,msmarco-passage/train,ielabgroup/vec2text_gtr-base-st_corrector
1129237,hydrogen is a liquid below what temperature,"with a low 9.5 °C or lower, is the lowest temperature for healthy infants and ideal for infants with blight-induced",CorrelationGECO,15,0.001,lowest healthy temperature for infants,msmarco-passage/train,ielabgroup/vec2text_gtr-base-st_corrector
1129237,hydrogen is a liquid below what temperature,"at a temperature of 90 °C or 240 °F (Montreal Flow), hepatitis A begins to die",CorrelationGECO,15,0.001,what temperature does hepatitis a die,msmarco-passage/train,ielabgroup/vec2text_gtr-base-st_corrector
1129237,hydrogen is a liquid below what temperature,a working refreid brew is a temperature that varies from about 100 to 115 °C. The refrei,CorrelationGECO,15,0.001,what is a temperature a working refreidg,msmarco-passage/train,ielabgroup/vec2text_gtr-base-st_corrector
1129237,hydrogen is a liquid below what temperature,temperature of freezing water k (fossilization of water at a temperature between 30 and 900 °C) is the temperature,CorrelationGECO,15,0.001,temperature of freezing water k,msmarco-passage/train,ielabgroup/vec2text_gtr-base-st_corrector
1129237,hydrogen is a liquid below what temperature,which a thermometer or a thermosemometer can measure is the highest temperature a thermometer can measure and the temperature at which,CorrelationGECO,15,0.001,what is the highest temperature a thermometer can measure,msmarco-passage/train,ielabgroup/vec2text_gtr-base-st_corrector
146187,difference between a mcdouble and a double cheeseburger,"what is called gumbo, vs. gumbo, vs. jambo, is a difference between Jambalaya,",CorrelationGECO,15,0.001,what is the difference between gumbo and jambalaya,msmarco-passage/train,ielabgroup/vec2text_gtr-base-st_corrector
146187,difference between a mcdouble and a double cheeseburger,"of a McDonald's large fried french fry containing a mcdonald fry in the flint, 250",CorrelationGECO,15,0.001,how many calories are in a large mcdonald's french fry,msmarco-passage/train,ielabgroup/vec2text_gtr-base-st_corrector
146187,difference between a mcdouble and a double cheeseburger,"the difference between a king size sheet, or king california sheets, and a king sized calf",CorrelationGECO,15,0.001,what's the difference between king size sheets and california king size sheets,msmarco-passage/train,ielabgroup/vec2text_gtr-base-st_corrector
146187,difference between a mcdouble and a double cheeseburger,a difference between scurf (soul dandruff) and dandruff (scurf dandr,CorrelationGECO,15,0.001,what is the difference between scurf and dandruff,msmarco-passage/train,ielabgroup/vec2text_gtr-base-st_corrector
146187,difference between a mcdouble and a double cheeseburger,"a difference between butter frosting and a wurf-to-do frosting, or whipped cream vs. whipped cream",CorrelationGECO,15,0.001,what is the difference in whipped versus butter cream frosting?,msmarco-passage/train,ielabgroup/vec2text_gtr-base-st_corrector
146187,difference between a mcdouble and a double cheeseburger,"of octane is the difference between octane and xtane, while xctt",CorrelationGECO,15,0.001,difference between octane and xct,msmarco-passage/train,ielabgroup/vec2text_gtr-base-st_corrector
146187,difference between a mcdouble and a double cheeseburger,"calories in a McDonald's fries, fried octebras, fried octebras or 315",CorrelationGECO,15,0.001,how many calories in mcdonald fries,msmarco-passage/train,ielabgroup/vec2text_gtr-base-st_corrector
146187,difference between a mcdouble and a double cheeseburger,"difference between food poisoning and gas sprain, known as gastroenteritis, and food poisoning is a difference between gastroenteriti",CorrelationGECO,15,0.001,difference between food poisoning and gastroenteritis,msmarco-passage/train,ielabgroup/vec2text_gtr-base-st_corrector
146187,difference between a mcdouble and a double cheeseburger,"the difference between DVD-R and DVD-R, a.k.a. d-r+r, is the use of disc+",CorrelationGECO,15,0.001,what is difference between dvd-r and dvd+r,msmarco-passage/train,ielabgroup/vec2text_gtr-base-st_corrector
146187,difference between a mcdouble and a double cheeseburger,a difference between oxycodone (oxydiaphanone) and hydromorphone (oxycodone) is a difference,CorrelationGECO,15,0.001,What is the difference between hydromorphone and oxycodone,msmarco-passage/train,ielabgroup/vec2text_gtr-base-st_corrector
