query_id,text,obfuscatedText,mechanism,epsilon,top_percentile,pivot_query,pool,corrector_model
1030303,who is aziz hashim,(zambezi) is a cuneiform evocative of the DR Congo and the Emirate of Africa. It,KernelDensityGECO,1,0.001,what is zambezi,msmarco-passage/train,ielabgroup/vec2text_gtr-base-st_corrector
1030303,who is aziz hashim,konrad Zuse konrad Zuse ( – ) was a great man of the 19th-century Congress,KernelDensityGECO,1,0.001,who was konrad zuse,msmarco-passage/train,ielabgroup/vec2text_gtr-base-st_corrector
1030303,who is aziz hashim,"of the chairman of Pakistan, M.S. Udhassan (Bikaner) (who is now the chairman of Pakistan,",KernelDensityGECO,1,0.001,who is the chairman of pakistan,msmarco-passage/train,ielabgroup/vec2text_gtr-base-st_corrector
1030303,who is aziz hashim,zehra is a name that means 'bhaurya dan' and 'a dan'. It is,KernelDensityGECO,1,0.001,what does zehra mean,msmarco-passage/train,ielabgroup/vec2text_gtr-base-st_corrector
1030303,who is aziz hashim,name and izbah in Urdu (       ) means lucky no-num,KernelDensityGECO,1,0.001,izbah name meaning in urdu and lucky no,msmarco-passage/train,ielabgroup/vec2text_gtr-base-st_corrector
1030303,who is aziz hashim,"a hasher, a hash-computation and a granulote-chain, a hasher is a",KernelDensityGECO,1,0.001,what is a hasher,msmarco-passage/train,ielabgroup/vec2text_gtr-base-st_corrector
1030303,who is aziz hashim,(also known as shahid) is a fad-i-bin shamad and a shiv,KernelDensityGECO,1,0.001,what is a shahid,msmarco-passage/train,ielabgroup/vec2text_gtr-base-st_corrector
1030303,who is aziz hashim,HAMSA HAMSA is a specialized gastronomic and therapeutic center of ad-wat and Hassan. It,KernelDensityGECO,1,0.001,what is hamsa,msmarco-passage/train,ielabgroup/vec2text_gtr-base-st_corrector
1030303,who is aziz hashim,"zamindar zamindar () is the aerial definition of a zamindar, a defense of marsh",KernelDensityGECO,1,0.001,zamindar definition,msmarco-passage/train,ielabgroup/vec2text_gtr-base-st_corrector
1030303,who is aziz hashim,achic records achic records are a collection of kazhikods. It is an information,KernelDensityGECO,1,0.001,what are akashic records,msmarco-passage/train,ielabgroup/vec2text_gtr-base-st_corrector
1037496,who is rep scalise?,"we are in the senate, i.e., Threest Congress of the United States of America and our",KernelDensityGECO,1,0.001,what congress are we in senate,msmarco-passage/train,ielabgroup/vec2text_gtr-base-st_corrector
1037496,who is rep scalise?,"Norm Reedus Norm Reedus is a U.S. megalomaniac, a platinum platinum and CCO.",KernelDensityGECO,1,0.001,who is norman reedus?,msmarco-passage/train,ielabgroup/vec2text_gtr-base-st_corrector
1037496,who is rep scalise?,"on , , , , , , and , is the governor of Virginia, by Gov. John Gippslin",KernelDensityGECO,1,0.001,who is the governor of virginia,msmarco-passage/train,ielabgroup/vec2text_gtr-base-st_corrector
1037496,who is rep scalise?,ten years later. . . . Shirley Chisholm was a stomp and the head of the FBI,KernelDensityGECO,1,0.001,who was shirley chisholm ?,msmarco-passage/train,ielabgroup/vec2text_gtr-base-st_corrector
1037496,who is rep scalise?,"county of ""Sachse"" is in the canton of Scheidel-Castle-Emmerich in the county of",KernelDensityGECO,1,0.001,what county is sachse in,msmarco-passage/train,ielabgroup/vec2text_gtr-base-st_corrector
1037496,who is rep scalise?,S.A.Harris S.A.Harris is a video skating icon who is the brainchild of Sam,KernelDensityGECO,1,0.001,who is sam harris,msmarco-passage/train,ielabgroup/vec2text_gtr-base-st_corrector
1037496,who is rep scalise?,"who are democrats, and the senate voted 91 to 199 U.S. senators, one Democrat now",KernelDensityGECO,1,0.001,how many us senators democrat,msmarco-passage/train,ielabgroup/vec2text_gtr-base-st_corrector
1037496,who is rep scalise?,Charles Charlsberg Charles Charlsberg (born c. 1861) is a British economist who is the benefactor of Koch,KernelDensityGECO,1,0.001,who is charles koch,msmarco-passage/train,ielabgroup/vec2text_gtr-base-st_corrector
1037496,who is rep scalise?,"who is speaker of the House of Representatives, or presiding president of the House of Assembly, or Deputy President, Janet Gould",KernelDensityGECO,1,0.001,who is speaker of house of representatives,msmarco-passage/train,ielabgroup/vec2text_gtr-base-st_corrector
1037496,who is rep scalise?,"fewer than 100 republicans in the senate, which senate enfranchised the 114th U.S.",KernelDensityGECO,1,0.001,how many republican in the senate,msmarco-passage/train,ielabgroup/vec2text_gtr-base-st_corrector
1043135,who killed nicholas ii of russia,"who died recently from a fisheries accident, Kimberly Dale, and Marc Blanchoun, who died on ""Dead",KernelDensityGECO,1,0.001,who died from deadliest catch recently,msmarco-passage/train,ielabgroup/vec2text_gtr-base-st_corrector
1043135,who killed nicholas ii of russia,"via a thoracic injury when Yokozuna, along with his family and other wrestlers, died. Yoko",KernelDensityGECO,1,0.001,how did yokozuna die,msmarco-passage/train,ielabgroup/vec2text_gtr-base-st_corrector
1043135,who killed nicholas ii of russia,a hat was the Vladimir vladimir tsvirizhnychko which Lenin,KernelDensityGECO,1,0.001,what kind of hat did vladimir lenin where,msmarco-passage/train,ielabgroup/vec2text_gtr-base-st_corrector
1043135,who killed nicholas ii of russia,"located in Karetsky Region, Yenko chevron is a Chevrolet chevrolet, whose car is now",KernelDensityGECO,1,0.001,where is yenko chevrolet,msmarco-passage/train,ielabgroup/vec2text_gtr-base-st_corrector
1043135,who killed nicholas ii of russia,"the world ruler who killed people with sex offences, Cyrenaeus III, who still ruled the world with Syphilis.",KernelDensityGECO,1,0.001,which world ruler killed people with syphilis,msmarco-passage/train,ielabgroup/vec2text_gtr-base-st_corrector
1043135,who killed nicholas ii of russia,"after a savage avenger against his man, Louis XVI was killed and he was the reason Louis Xvi",KernelDensityGECO,1,0.001,why was louis xvi killed,msmarco-passage/train,ielabgroup/vec2text_gtr-base-st_corrector
1043135,who killed nicholas ii of russia,"stifled by the responsors of the Russian president Ulyanov, who started the Russian sanctions (Russian",KernelDensityGECO,1,0.001,who started the russian sanctions,msmarco-passage/train,ielabgroup/vec2text_gtr-base-st_corrector
1043135,who killed nicholas ii of russia,".. . . . . . . who was the most evil ruler in history, and the most heince",KernelDensityGECO,1,0.001,who was the most.evil ruler in history,msmarco-passage/train,ielabgroup/vec2text_gtr-base-st_corrector
1043135,who killed nicholas ii of russia,"(signed by Presidents of the United States and the Soviet Union) was blamed for the Cold War, whose blame was blamed on the Cold",KernelDensityGECO,1,0.001,who was blamed for the cold war,msmarco-passage/train,ielabgroup/vec2text_gtr-base-st_corrector
1043135,who killed nicholas ii of russia,"in the show Bonanza, Hoss was killed by dragging him down a zigzag in a hoss-wal",KernelDensityGECO,1,0.001,how was hoss killed in bonanza,msmarco-passage/train,ielabgroup/vec2text_gtr-base-st_corrector
1051399,who sings monk theme song,who is singing is the song on the Ram truck commercial by truck driver Freddie Mac and tenor singer Lisa Bartlett for a sale,KernelDensityGECO,1,0.001,who is singing song on ram truck commercial,msmarco-passage/train,ielabgroup/vec2text_gtr-base-st_corrector
1051399,who sings monk theme song,"who wrote the theme song             ""Power",KernelDensityGECO,1,0.001,who wrote the power theme song,msmarco-passage/train,ielabgroup/vec2text_gtr-base-st_corrector
1051399,who sings monk theme song,"the year 1982, the song 'Monster Mash' (as he put it, he came out of the ashes of big",KernelDensityGECO,1,0.001,"what year did the song, monster mash come out",msmarco-passage/train,ielabgroup/vec2text_gtr-base-st_corrector
1051399,who sings monk theme song,"a play by the funk group Sound of Silence, originally by Robert A. Davies, who originally sang ""Sound of silence"", and ended",KernelDensityGECO,1,0.001,who originally sang sound of silence,msmarco-passage/train,ielabgroup/vec2text_gtr-base-st_corrector
1051399,who sings monk theme song,the American rock and roll band Kenny Silver & the Countless Thunder and sings Penn for Your Thoughts is a tribute song,KernelDensityGECO,1,0.001,who sings penny for your thoughts,msmarco-passage/train,ielabgroup/vec2text_gtr-base-st_corrector
1051399,who sings monk theme song,"a lullaby by the late night band, The Night Cry, by Freddie Brown, who sings the midnight cry",KernelDensityGECO,1,0.001,who sings the midnight cry,msmarco-passage/train,ielabgroup/vec2text_gtr-base-st_corrector
1051399,who sings monk theme song,". Borgias, Anthony, and Marie-Louise Gadis – who sings for Empire – is a singer",KernelDensityGECO,1,0.001,who sings for empire,msmarco-passage/train,ielabgroup/vec2text_gtr-base-st_corrector
1051399,who sings monk theme song,"a.k.a. Archie & the Gangsta symphony, who sang Gangster of Love – a",KernelDensityGECO,1,0.001,who sang gangster of love,msmarco-passage/train,ielabgroup/vec2text_gtr-base-st_corrector
1051399,who sings monk theme song,"a long-lost success and was actually sung by the Bruce Bell & Friends, who sang ""The night begins to shine"" on",KernelDensityGECO,1,0.001,who really sang the night begins to shine,msmarco-passage/train,ielabgroup/vec2text_gtr-base-st_corrector
1051399,who sings monk theme song,"a long time, a great group of singers, Elton John and Aquarius, sing Issues (song) Issues is",KernelDensityGECO,1,0.001,who sings issues,msmarco-passage/train,ielabgroup/vec2text_gtr-base-st_corrector
1064670,why do hunters pattern their shotguns?,"why there are active shooters, this is because a number of gunfires have slowed down and attackers are able to shoot victims",KernelDensityGECO,1,0.001,why are there active shooters,msmarco-passage/train,ielabgroup/vec2text_gtr-base-st_corrector
1064670,why do hunters pattern their shotguns?,"why do they call a shot of alcohol a slur, and why do we call it a 'shot' of a",KernelDensityGECO,1,0.001,why do they call a shot of alcohol a shot?,msmarco-passage/train,ielabgroup/vec2text_gtr-base-st_corrector
1064670,why do hunters pattern their shotguns?,"(Ind.) — Huntington, NH, located just west of Greensboro, Massachusetts, and formerly a family farm.",KernelDensityGECO,1,0.001,"where is huntington, ind?",msmarco-passage/train,ielabgroup/vec2text_gtr-base-st_corrector
1064670,why do hunters pattern their shotguns?,how to sign up for a safety course and how to sign up for a safety course and how to apply for a hunter safety course,KernelDensityGECO,1,0.001,how do i sign up for a hunter safety course,msmarco-passage/train,ielabgroup/vec2text_gtr-base-st_corrector
1064670,why do hunters pattern their shotguns?,Huntington's disease Huntington's disease (or choenoclasma juvensis) is a chorea,KernelDensityGECO,1,0.001,what is huntington's chorea disease,msmarco-passage/train,ielabgroup/vec2text_gtr-base-st_corrector
1064670,why do hunters pattern their shotguns?,to learn JEFT shot. You learn it by using a technique called fcht xaci (show technique). When your Bux,KernelDensityGECO,1,0.001,ffx how to learn jecht shot,msmarco-passage/train,ielabgroup/vec2text_gtr-base-st_corrector
1064670,why do hunters pattern their shotguns?,the chevron pattern after you cast on the chevron to start in. You will use your tips to help you remember how to cast,KernelDensityGECO,1,0.001,The chevron pattern after you cast on how do you start,msmarco-passage/train,ielabgroup/vec2text_gtr-base-st_corrector
1064670,why do hunters pattern their shotguns?,why horses are bred for new breeds (horse-and-grands and sire-breeds and new,KernelDensityGECO,1,0.001,why are horses bred for new breeds,msmarco-passage/train,ielabgroup/vec2text_gtr-base-st_corrector
1064670,why do hunters pattern their shotguns?,"which consists of two ""dissimiliar patterns"" or loops, consists of two separate patterns with two deltas and shoulders.",KernelDensityGECO,1,0.001,__________ pattern consists of two separate loop formations with two separate and distinct sets of shoulders and two deltas.,msmarco-passage/train,ielabgroup/vec2text_gtr-base-st_corrector
1064670,why do hunters pattern their shotguns?,MC MEC shot shells how to reload shells by removing the re-gun and putting them on the urethan,KernelDensityGECO,1,0.001,mec how to reload shot shells,msmarco-passage/train,ielabgroup/vec2text_gtr-base-st_corrector
1071750,why is pete rose banned from hall of fame,The Pete Store (formerly known as The Peter & George store) is a clothing store and a pair of John F. Lewis' Aquarium,KernelDensityGECO,1,0.001,what is the pete store,msmarco-passage/train,ielabgroup/vec2text_gtr-base-st_corrector
1071750,why is pete rose banned from hall of fame,of a player between the years 0 to 87 years is on the Y.M.A.F.L. Hall of Fame ballot,KernelDensityGECO,1,0.001,how many years is a player on the mlb hof ballot,msmarco-passage/train,ielabgroup/vec2text_gtr-base-st_corrector
1071750,why is pete rose banned from hall of fame,between 1868 and 1872 when seminoles were banned from having cattle and jolly cows and from utilizing state-leaning,KernelDensityGECO,1,0.001,when were seminoles banned from having cattle,msmarco-passage/train,ielabgroup/vec2text_gtr-base-st_corrector
1071750,why is pete rose banned from hall of fame,is that Peter (Peter) is buried at the vatican at the vatican sanitarium at Petravati,KernelDensityGECO,1,0.001,is peter buried at the vatican,msmarco-passage/train,ielabgroup/vec2text_gtr-base-st_corrector
1071750,why is pete rose banned from hall of fame,because of the anti-Scythology and ill-treatment of Dr. David Freud was exiled. Freud left,KernelDensityGECO,1,0.001,why was freud exiled,msmarco-passage/train,ielabgroup/vec2text_gtr-base-st_corrector
1071750,why is pete rose banned from hall of fame,phoebe Price phoebe is a British television personality who is now known as Phoebe Fraser. She is a Phoenix,KernelDensityGECO,1,0.001,who is phoebe price,msmarco-passage/train,ielabgroup/vec2text_gtr-base-st_corrector
1071750,why is pete rose banned from hall of fame,is s. n. n. f. Phil Simms has been inducted into the Pro Football Hall of Fame and the MLB,KernelDensityGECO,1,0.001,is phil simms in the nfl hall of fame,msmarco-passage/train,ielabgroup/vec2text_gtr-base-st_corrector
1071750,why is pete rose banned from hall of fame,"because of a rage on the left-bank bleachers’ hall, Max Bullough was suspended for Rose Bowl suspension and because Bullough has not",KernelDensityGECO,1,0.001,why was max bullough suspended for rose bowl,msmarco-passage/train,ielabgroup/vec2text_gtr-base-st_corrector
1071750,why is pete rose banned from hall of fame,the work of Edgar Eddy and the elm-dark poet and sandro Botana. Allan Poe is,KernelDensityGECO,1,0.001,what is edgar allan poe known for,msmarco-passage/train,ielabgroup/vec2text_gtr-base-st_corrector
1071750,why is pete rose banned from hall of fame,"by the idol, B.E.D., who ushered the Beatles into the Rock and Roll Hall of Fame in early",KernelDensityGECO,1,0.001,who iduded the beatles into the rock n roll hall of fame,msmarco-passage/train,ielabgroup/vec2text_gtr-base-st_corrector
1105792,define: geon,GIS (dialect of glucose and hydrogen peroxide) A glut is a type of low-intens,KernelDensityGECO,1,0.001,what is a glut,msmarco-passage/train,ielabgroup/vec2text_gtr-base-st_corrector
1105792,define: geon,"meaning of chiton, a chiton, a fecund chiton of the Indian family of fish",KernelDensityGECO,1,0.001,meaning of chiton,msmarco-passage/train,ielabgroup/vec2text_gtr-base-st_corrector
1105792,define: geon,"etymology. The etymology of this word is a skew of the Greek word ""géco"".",KernelDensityGECO,1,0.001,what is the etymology of this word?  gauche,msmarco-passage/train,ielabgroup/vec2text_gtr-base-st_corrector
1105792,define: geon,(ganglion) is a vascular bone marrow that is a cartilage of human sarcomavirus and is known as,KernelDensityGECO,1,0.001,what is ganglion,msmarco-passage/train,ielabgroup/vec2text_gtr-base-st_corrector
1105792,define: geon,(garrison) - a definition of garet,KernelDensityGECO,1,0.001,garrison definition,msmarco-passage/train,ielabgroup/vec2text_gtr-base-st_corrector
1105792,define: geon,"— ""gentoo"" — a definition of a family of computers and a binomial, introducing apiso",KernelDensityGECO,1,0.001,definition of gentoo,msmarco-passage/train,ielabgroup/vec2text_gtr-base-st_corrector
1105792,define: geon,grantor               its,KernelDensityGECO,1,0.001,grantor its definition,msmarco-passage/train,ielabgroup/vec2text_gtr-base-st_corrector
1105792,define: geon,"etymology. The etymology of this word is a skew of the Greek word ""géco"".",KernelDensityGECO,1,0.001,what is the etymology of this word?  gauche,msmarco-passage/train,ielabgroup/vec2text_gtr-base-st_corrector
1105792,define: geon,gann limit  is a definition of a limit on the -carboxypeptide (-carboxy,KernelDensityGECO,1,0.001,gann limit definition,msmarco-passage/train,ielabgroup/vec2text_gtr-base-st_corrector
1105792,define: geon,"(John Graeme and Margaret Hodgson) defined grace, a definition of grace defined as the action of the members of the family",KernelDensityGECO,1,0.001,grace defined,msmarco-passage/train,ielabgroup/vec2text_gtr-base-st_corrector
1106979,define pareto chart in statistics,a ame paraprofessional (Also a ame mr) is a professional in the arts,KernelDensityGECO,1,0.001,what is an ame paraprofessional,msmarco-passage/train,ielabgroup/vec2text_gtr-base-st_corrector
1106979,define pareto chart in statistics,snellen chart is a scientific definition of a cliff-coffee chart with a standardized structure. The Snellen,KernelDensityGECO,1,0.001,snellen chart  definition,msmarco-passage/train,ielabgroup/vec2text_gtr-base-st_corrector
1106979,define pareto chart in statistics,"definition by L.E.B.O.R.E., the prevalence rate is the rate of a concentration of substances or behaviors in",KernelDensityGECO,1,0.001,prevalence rate definition,msmarco-passage/train,ielabgroup/vec2text_gtr-base-st_corrector
1106979,define pareto chart in statistics,Definition value stock,KernelDensityGECO,1,0.001,define par value stock,msmarco-passage/train,ielabgroup/vec2text_gtr-base-st_corrector
1106979,define pareto chart in statistics,"Known as naito, naito is a NATO-UN special programme on the global issue of nas",KernelDensityGECO,1,0.001,what is naito,msmarco-passage/train,ielabgroup/vec2text_gtr-base-st_corrector
1106979,define pareto chart in statistics,"test whether data is a poisson. This test can be used to test whether data is a -or -position, Poisson",KernelDensityGECO,1,0.001,test whether data is poisson,msmarco-passage/train,ielabgroup/vec2text_gtr-base-st_corrector
1106979,define pareto chart in statistics,(known as nopalitos) is a nut-for-bean food that has been recently introduced to the Gram-positive,KernelDensityGECO,1,0.001,what is nopalitos,msmarco-passage/train,ielabgroup/vec2text_gtr-base-st_corrector
1106979,define pareto chart in statistics,Term: PAR Term: PAR stands for Parasurgeon's Disease and Medicinal Serum Treatment of Chronic Anatomy and Pulmon,KernelDensityGECO,1,0.001,what is PAR stand for med term,msmarco-passage/train,ielabgroup/vec2text_gtr-base-st_corrector
1106979,define pareto chart in statistics,the statistic of Gdp is the gdp (GDP) and is found to be a 3.6 % rate of the global,KernelDensityGECO,1,0.001,what is the statistic of gdp,msmarco-passage/train,ielabgroup/vec2text_gtr-base-st_corrector
1106979,define pareto chart in statistics,"defining parsley, a herb or vegetable that has a presence in the body of plants such as rye, onion, kiw",KernelDensityGECO,1,0.001,definition of parsley,msmarco-passage/train,ielabgroup/vec2text_gtr-base-st_corrector
1108651,what the best way to get clothes white,"foods that stain teeth, such as bluish-orange, frankincense, and fruit-orange, stain gums",KernelDensityGECO,1,0.001,foods that stain teeth,msmarco-passage/train,ielabgroup/vec2text_gtr-base-st_corrector
1108651,what the best way to get clothes white,"no ossification or ossification is a matter of diet, MSM lotion does make the skin white after it is applied",KernelDensityGECO,1,0.001,does msm lotion make skin white,msmarco-passage/train,ielabgroup/vec2text_gtr-base-st_corrector
1108651,what the best way to get clothes white,the chemicals clorox (Cryote-On-Stains bleach) and clorox disinfects stains from the stains,KernelDensityGECO,1,0.001,what chemicals in clorox remove stains,msmarco-passage/train,ielabgroup/vec2text_gtr-base-st_corrector
1108651,what the best way to get clothes white,light colored leather handbag by removing a clean-suctioned gel and a small amount of water and rubbing it with detergent,KernelDensityGECO,1,0.001,how to clean light colored leather handbag,msmarco-passage/train,ielabgroup/vec2text_gtr-base-st_corrector
1108651,what the best way to get clothes white,"colors of ivory. Using a white shirt, tee shirts, or polka dots, it will match light brown or ivory",KernelDensityGECO,1,0.001,what clothes colors go with ivory,msmarco-passage/train,ielabgroup/vec2text_gtr-base-st_corrector
1108651,what the best way to get clothes white,"foods rich in white fat, such as urenine and a steroid, that increase white blood cell count or a blood count.",KernelDensityGECO,1,0.001,foods that increase white blood cell count.,msmarco-passage/train,ielabgroup/vec2text_gtr-base-st_corrector
1108651,what the best way to get clothes white,"what type of white wine is the best for cooking, e.g. ’Vietlana’ or ’Sturgeon",KernelDensityGECO,1,0.001,what is the best type of white wine for cooking,msmarco-passage/train,ielabgroup/vec2text_gtr-base-st_corrector
1108651,what the best way to get clothes white,by using a vinegar (Vesacle) and a mildew s method to remove stains and mold,KernelDensityGECO,1,0.001,how to remove mildew stains using vinegar,msmarco-passage/train,ielabgroup/vec2text_gtr-base-st_corrector
1108651,what the best way to get clothes white,Wash the dishes fast by putting a scrubbing tinker on the ice or a bowl of water and washing them quickly,KernelDensityGECO,1,0.001,how to wash the dishes fast,msmarco-passage/train,ielabgroup/vec2text_gtr-base-st_corrector
1108651,what the best way to get clothes white,if you are used a chopper or a counter and you are allowed to use used used rugs to clean worn clothing from counter,KernelDensityGECO,1,0.001,can i use worn clothes to clean counter,msmarco-passage/train,ielabgroup/vec2text_gtr-base-st_corrector
1109707,what medium do radio waves travel through,'rarefaction' is a rays of in rare-wave,KernelDensityGECO,1,0.001,what is rarefaction in waves,msmarco-passage/train,ielabgroup/vec2text_gtr-base-st_corrector
1109707,what medium do radio waves travel through,"defined as waves of sea, a series of resonant magnetospheric circumferable movements in the air, sea",KernelDensityGECO,1,0.001,define waves of sea,msmarco-passage/train,ielabgroup/vec2text_gtr-base-st_corrector
1109707,what medium do radio waves travel through,a packet radio (or a CAS-90 NIC) is a radio receiver for the transmission of radios on a wireless network,KernelDensityGECO,1,0.001,what is a packet radio,msmarco-passage/train,ielabgroup/vec2text_gtr-base-st_corrector
1109707,what medium do radio waves travel through,"is a trough of distance between the crest and the crest of wave, so what is the vertical distance between the crest and",KernelDensityGECO,1,0.001,what is the vertical distance between the crest and trough of a wave is?,msmarco-passage/train,ielabgroup/vec2text_gtr-base-st_corrector
1109707,what medium do radio waves travel through,Wikipedia page on the Wi-Fi mesh. WiFi mesh works by using a series of neodymium nanoparticles to increase signal,KernelDensityGECO,1,0.001,how does wifi mesh work,msmarco-passage/train,ielabgroup/vec2text_gtr-base-st_corrector
1109707,what medium do radio waves travel through,a p-wave  a p-wave is a wave of the adrenealine,KernelDensityGECO,1,0.001,what is a p wave,msmarco-passage/train,ielabgroup/vec2text_gtr-base-st_corrector
1109707,what medium do radio waves travel through,"from the low-energy areas of the Earth and the Arctic, surface waves (or ""wave origins"" or ""wave shocks"") originate at",KernelDensityGECO,1,0.001,where do surface waves originate,msmarco-passage/train,ielabgroup/vec2text_gtr-base-st_corrector
1109707,what medium do radio waves travel through,Using the FlatWave Streaming Pairing to play the streaming device over a resonant waveform or a wireless device,KernelDensityGECO,1,0.001,how to Pair the FlatWave with a streaming device,msmarco-passage/train,ielabgroup/vec2text_gtr-base-st_corrector
1109707,what medium do radio waves travel through,"is a medium wave a tsunami, a tsunami tsunami, or a a apoca",KernelDensityGECO,1,0.001,is a tsunami a medium wave,msmarco-passage/train,ielabgroup/vec2text_gtr-base-st_corrector
1109707,what medium do radio waves travel through,"a man from Germany, a former slave of the Germans, Johann Pryce Reynoldsen, who first invented radio",KernelDensityGECO,1,0.001,who first invented radio,msmarco-passage/train,ielabgroup/vec2text_gtr-base-st_corrector
1110678,what is the un fao,"level of sports. Sports at FAU are a high level of sports such as NF, AA, ACC and Serie A.",KernelDensityGECO,1,0.001,what level of sports is fau,msmarco-passage/train,ielabgroup/vec2text_gtr-base-st_corrector
1110678,what is the un fao,"the oa (Arctus of the Eye), meaning the oblique entrainment. The oa means",KernelDensityGECO,1,0.001,what is the oa mean,msmarco-passage/train,ielabgroup/vec2text_gtr-base-st_corrector
1110678,what is the un fao,ICAO is a cinnamotic superfluous compound from the city of Iberia. It is a saucer and herb,KernelDensityGECO,1,0.001,what is icao,msmarco-passage/train,ielabgroup/vec2text_gtr-base-st_corrector
1110678,what is the un fao,"suo moto SUO moto, meaning moto, is a statement on its motorcycle, , meaning self-provisioning",KernelDensityGECO,1,0.001,suo moto meaning,msmarco-passage/train,ielabgroup/vec2text_gtr-base-st_corrector
1110678,what is the un fao,non-EU. The definition of non-eu-aif is one of the ad hoc-eu-iliai,KernelDensityGECO,1,0.001,non-eu aif definition,msmarco-passage/train,ielabgroup/vec2text_gtr-base-st_corrector
1110678,what is the un fao,oa foot oa foot (oadreneous arteries) is a bone ailment of walking,KernelDensityGECO,1,0.001,what is oa foot,msmarco-passage/train,ielabgroup/vec2text_gtr-base-st_corrector
1110678,what is the un fao,GAF GAF (as a medical definition of oesophagus of the femoral intestine) is,KernelDensityGECO,1,0.001,what is the medical definition of gaf,msmarco-passage/train,ielabgroup/vec2text_gtr-base-st_corrector
1110678,what is the un fao,a CAFO is a Community Area Officiating Officer (CAFO) that is a type of eminent aviation system that collect,KernelDensityGECO,1,0.001,what is an CAFO,msmarco-passage/train,ielabgroup/vec2text_gtr-base-st_corrector
1110678,what is the un fao,Aul (loyalist) An aul is a human-wealth trade item. It is one of the faculties,KernelDensityGECO,1,0.001,what is a aul,msmarco-passage/train,ielabgroup/vec2text_gtr-base-st_corrector
1110678,what is the un fao,starting in 2018 (April 8) . The UN can intervene when the oblique can intervene and when the country is facing uncontrolled,KernelDensityGECO,1,0.001,when can the un intervene,msmarco-passage/train,ielabgroup/vec2text_gtr-base-st_corrector
1113256,what is reba mcentire's net worth,$1 billion in cash and the shares of a conglomerate (McDonald shareholder) (McGregor) worth about $45 billion,KernelDensityGECO,1,0.001,how much mcgregor worth,msmarco-passage/train,ielabgroup/vec2text_gtr-base-st_corrector
1113256,what is reba mcentire's net worth,value of             Tod Tucker,KernelDensityGECO,1,0.001,what is todd tucker net worth,msmarco-passage/train,ielabgroup/vec2text_gtr-base-st_corrector
1113256,what is reba mcentire's net worth,"worth $1.75 billion based on victoria justice and victoria justice, and is worth $1.75 million by Sash Street",KernelDensityGECO,1,0.001,how much is victoria justice worth,msmarco-passage/train,ielabgroup/vec2text_gtr-base-st_corrector
1113256,what is reba mcentire's net worth,$1.1 billion (equivalent to $ in ) worth to the late rapper Motherfucker known as Lil Mama and $1.1,KernelDensityGECO,1,0.001,how much is lil mama worth,msmarco-passage/train,ielabgroup/vec2text_gtr-base-st_corrector
1113256,what is reba mcentire's net worth,"a.k.a. Octavia spencer, net worth of",KernelDensityGECO,1,0.001,octavia spencer net worth,msmarco-passage/train,ielabgroup/vec2text_gtr-base-st_corrector
1113256,what is reba mcentire's net worth,worth of a record company Alicia Lipcato & Veronica Curtis alias Alicia Keys is a net worth,KernelDensityGECO,1,0.001,what is alicia keys net worth,msmarco-passage/train,ielabgroup/vec2text_gtr-base-st_corrector
1113256,what is reba mcentire's net worth,owner and former professional football star Pat Tabler net worth ($427 million as of 2016 dollars) and a total of $424 million as of 2017,KernelDensityGECO,1,0.001,pat tabler net worth,msmarco-passage/train,ielabgroup/vec2text_gtr-base-st_corrector
1113256,what is reba mcentire's net worth,of the United Kingdom-led Toscanamer League of America and is currently known that Tom Benger is worth $2.75M to Benger,KernelDensityGECO,1,0.001,what is tom berenger worth,msmarco-passage/train,ielabgroup/vec2text_gtr-base-st_corrector
1113256,what is reba mcentire's net worth,Mitch Shay (shessale) Mitch Shay is worth $1.1 billion and is a of,KernelDensityGECO,1,0.001,what is shay mitchell worth,msmarco-passage/train,ielabgroup/vec2text_gtr-base-st_corrector
1113256,what is reba mcentire's net worth,"neicetat net worth of $2,050,030 and entrepreneur Candice neicetat based on",KernelDensityGECO,1,0.001,candice neistat net worth,msmarco-passage/train,ielabgroup/vec2text_gtr-base-st_corrector
1115210,what is chaff and flare,"(known as flanks) are a series of cloaks and a spiral that are a feature of our lives, called tumours",KernelDensityGECO,1,0.001,what are flanks,msmarco-passage/train,ielabgroup/vec2text_gtr-base-st_corrector
1115210,what is chaff and flare,"known as a friand , a , is a friend or a benefactor of the British Prime Minister Iain Cook",KernelDensityGECO,1,0.001,what is a friand,msmarco-passage/train,ielabgroup/vec2text_gtr-base-st_corrector
1115210,what is chaff and flare,the FERC. It is a large regional commission for electricity and water. The FERC is a satellite of the Royal Commission for Transport,KernelDensityGECO,1,0.001,what is the ferc,msmarco-passage/train,ielabgroup/vec2text_gtr-base-st_corrector
1115210,what is chaff and flare,"known as carbon fluxes, carbon fractures are a set of changes in the temperature of a fluid when the carbon is present",KernelDensityGECO,1,0.001,what are carbon fluxes,msmarco-passage/train,ielabgroup/vec2text_gtr-base-st_corrector
1115210,what is chaff and flare,Flowchart Flowchart (also known as a flowchart) is a form of a pgyreology,KernelDensityGECO,1,0.001,what is a flowchart,msmarco-passage/train,ielabgroup/vec2text_gtr-base-st_corrector
1115210,what is chaff and flare,"Fair is a final foul reference to a game of fads and crates in the ""Lorenz and Aaron Butler""",KernelDensityGECO,1,0.001,what is a final fair is foul reference,msmarco-passage/train,ielabgroup/vec2text_gtr-base-st_corrector
1115210,what is chaff and flare,memorial flame (also known as Memorial Flame) is a flaming grate that is a light that shines on the,KernelDensityGECO,1,0.001,what is memorial flame,msmarco-passage/train,ielabgroup/vec2text_gtr-base-st_corrector
1115210,what is chaff and flare,flambe flambe (also known as Flambe) is a bioinorganic berry. It is a,KernelDensityGECO,1,0.001,what is flambe,msmarco-passage/train,ielabgroup/vec2text_gtr-base-st_corrector
1115210,what is chaff and flare,from chevre (       ) is a starchy caramel wine and beige,KernelDensityGECO,1,0.001,what is chevre,msmarco-passage/train,ielabgroup/vec2text_gtr-base-st_corrector
1115210,what is chaff and flare,chega (            ) meaning,KernelDensityGECO,1,0.001,chega meaning,msmarco-passage/train,ielabgroup/vec2text_gtr-base-st_corrector
1116380,what is a nonconformity? earth science,(no incremental)             Non incremental,KernelDensityGECO,1,0.001,non incremental definition,msmarco-passage/train,ielabgroup/vec2text_gtr-base-st_corrector
1116380,what is a nonconformity? earth science,"Using a non-canine technique, a non-traditional technique is a technique that is a close to a traditional art technique",KernelDensityGECO,1,0.001,what is a non traditional technique,msmarco-passage/train,ielabgroup/vec2text_gtr-base-st_corrector
1116380,what is a nonconformity? earth science,"by science, the scientific definition of erosion – a mnemonic forming a mass of water – by a non-human",KernelDensityGECO,1,0.001,science definition of erosion,msmarco-passage/train,ielabgroup/vec2text_gtr-base-st_corrector
1116380,what is a nonconformity? earth science,No provision.,KernelDensityGECO,1,0.001,what does no provision mean?,msmarco-passage/train,ielabgroup/vec2text_gtr-base-st_corrector
1116380,what is a nonconformity? earth science,"when a non-disjunction disorder (i.e. a non-disjunction disorder) occurs, it may occur between",KernelDensityGECO,1,0.001,when does a non-disjunction disorder occur,msmarco-passage/train,ielabgroup/vec2text_gtr-base-st_corrector
1116380,what is a nonconformity? earth science,"Factor (a.k.a. a. a. a) does not affect soil formation, which is critical to soil formation.",KernelDensityGECO,1,0.001,which factor does not affect soil formation?,msmarco-passage/train,ielabgroup/vec2text_gtr-base-st_corrector
1116380,what is a nonconformity? earth science,uneven lane definitions. Uneven lane definitions are a complication of the lane definitions (also known as lanes),KernelDensityGECO,1,0.001,uneven lanes definition,msmarco-passage/train,ielabgroup/vec2text_gtr-base-st_corrector
1116380,what is a nonconformity? earth science,"which is the name of a term for area in which continental crust has remained undeformed for a long time, but the following description is correct",KernelDensityGECO,1,0.001,which of the following terms best describes an area of continental crust that has remained undeformed for a very long time?,msmarco-passage/train,ielabgroup/vec2text_gtr-base-st_corrector
1116380,what is a nonconformity? earth science,"(anti-soil, a cyclotomie of water, a breeze), and this is the opposite of erosion.",KernelDensityGECO,1,0.001,what is the opposite of erosion?,msmarco-passage/train,ielabgroup/vec2text_gtr-base-st_corrector
1116380,what is a nonconformity? earth science,,KernelDensityGECO,1,0.001,variance definition,msmarco-passage/train,ielabgroup/vec2text_gtr-base-st_corrector
1121353,what can you do about discrimination in the workplace in oklahoma city,purpose of the opsec (OpWorkforce) in the workplace is to protect the security of the public and the rest of the workforce.,KernelDensityGECO,1,0.001,what is the purpose of opsec in the workplace?,msmarco-passage/train,ielabgroup/vec2text_gtr-base-st_corrector
1121353,what can you do about discrimination in the workplace in oklahoma city,what is considered workplace retaliation (either a retaliation or a punishment for an employee or a workplace,KernelDensityGECO,1,0.001,what is considered workplace retaliation,msmarco-passage/train,ielabgroup/vec2text_gtr-base-st_corrector
1121353,what can you do about discrimination in the workplace in oklahoma city,"the 1st Amendment, which doesn't allow discrimination, the 4th Amendment also forbids discrimination against sex or maternity",KernelDensityGECO,1,0.001,which amendment doesnt allow discrimination,msmarco-passage/train,ielabgroup/vec2text_gtr-base-st_corrector
1121353,what can you do about discrimination in the workplace in oklahoma city,"who to talk to about worker rights. If a deadline is not met, contact the workers’ union or the statewide Health and Workplace Protection",KernelDensityGECO,1,0.001,who to talk to for workers rights,msmarco-passage/train,ielabgroup/vec2text_gtr-base-st_corrector
1121353,what can you do about discrimination in the workplace in oklahoma city,is an hour ahead of a time of apse time (Oklahoma the hour of the eastern hour) than a time,KernelDensityGECO,1,0.001,is eastern time an hour ahead of oklahoma time,msmarco-passage/train,ielabgroup/vec2text_gtr-base-st_corrector
1121353,what can you do about discrimination in the workplace in oklahoma city,"where pirtle pheasanthese is, oklahoma (Oklahoma) , a",KernelDensityGECO,1,0.001,where is pirtle oklahoma,msmarco-passage/train,ielabgroup/vec2text_gtr-base-st_corrector
1121353,what can you do about discrimination in the workplace in oklahoma city,it is hiring flexibility (also known as flexibility) is a discipline that employers and employees must maintain a good financial performance and flexibility for each dollar invested,KernelDensityGECO,1,0.001,what is hiring flexibility,msmarco-passage/train,ielabgroup/vec2text_gtr-base-st_corrector
1121353,what can you do about discrimination in the workplace in oklahoma city,"how people can change perception of bad experience, or how they can change CM by re-evaluating the experience and re-evaluating the experience excellence",KernelDensityGECO,1,0.001,how can you change cm perception of bad experience,msmarco-passage/train,ielabgroup/vec2text_gtr-base-st_corrector
1121353,what can you do about discrimination in the workplace in oklahoma city,"get long-term disability benefits from a company where you work and how to get it when you are not working, you need to ask for work allowance",KernelDensityGECO,1,0.001,how to get long term disability from work,msmarco-passage/train,ielabgroup/vec2text_gtr-base-st_corrector
1121353,what can you do about discrimination in the workplace in oklahoma city,"if you are paid under minimum wage, you can get a slash and roll against your slender plan and take other actions",KernelDensityGECO,1,0.001,what can i do if i am paid under minimum wage,msmarco-passage/train,ielabgroup/vec2text_gtr-base-st_corrector
1122767,what amino produces carnitine,"for a synthesis of sedatins and mesosynthesis. Using cytokine as an energy, cytokine",KernelDensityGECO,1,0.001,what is cytokine production for,msmarco-passage/train,ielabgroup/vec2text_gtr-base-st_corrector
1122767,what amino produces carnitine,"effects on transport proteins (glucose, glycin and a membrane) on amino regions, gentamicin causes decreased",KernelDensityGECO,1,0.001,effects of gentamicin on transport proteins,msmarco-passage/train,ielabgroup/vec2text_gtr-base-st_corrector
1122767,what amino produces carnitine,"proteins, mainly ribosuccinol and glucosin, are used in the amplification of mitosis",KernelDensityGECO,1,0.001,what proteins are usedin mitosis,msmarco-passage/train,ielabgroup/vec2text_gtr-base-st_corrector
1122767,what amino produces carnitine,Carrageenan kappa Carrageenan is a nutrient sigma-rich ethersilon solution. It,KernelDensityGECO,1,0.001,what is carrageenan kappa,msmarco-passage/train,ielabgroup/vec2text_gtr-base-st_corrector
1122767,what amino produces carnitine,"are stimulated to produce renin. As a result, the kidneys are stimulated to produce a renin-yo-",KernelDensityGECO,1,0.001,the kidneys are stimulated to produce renin ________.,msmarco-passage/train,ielabgroup/vec2text_gtr-base-st_corrector
1122767,what amino produces carnitine,"difference between amylose (amylose lintase) and amylopectin, whereas amylopec",KernelDensityGECO,1,0.001,difference between amylose and amylopectin,msmarco-passage/train,ielabgroup/vec2text_gtr-base-st_corrector
1122767,what amino produces carnitine,"which compound makes up. Carbohydrates, nitric oxide, and glucosamine make up carbohydrates, which makes up carbohydrates",KernelDensityGECO,1,0.001,what compound makes up carbohydrates?,msmarco-passage/train,ielabgroup/vec2text_gtr-base-st_corrector
1122767,what amino produces carnitine,"foods from the otters and soy beans, provides the most beta-carotene in a serving, 0.1-gram",KernelDensityGECO,1,0.001,which foods provides the most beta-carotene per serving,msmarco-passage/train,ielabgroup/vec2text_gtr-base-st_corrector
1122767,what amino produces carnitine,"which carbohydrate structure is used for shrimp, is a specialized carbohydrate structure based on the aforementioned polythioprotein.",KernelDensityGECO,1,0.001,which specialized carbohydrate is used for structure in shrimp?,msmarco-passage/train,ielabgroup/vec2text_gtr-base-st_corrector
1122767,what amino produces carnitine,"nutrients in the cylista. When the cymetaphore levels have depleted, cymbal replenishe",KernelDensityGECO,1,0.001,what nutrients does cymbalta deplete,msmarco-passage/train,ielabgroup/vec2text_gtr-base-st_corrector
1127540,meaning of shebang,(banded) is a band that means 'bundered' or 'breasted'. It is a classification of,KernelDensityGECO,1,0.001,what does banded mean,msmarco-passage/train,ielabgroup/vec2text_gtr-base-st_corrector
1127540,meaning of shebang,(escheatment) is a process meaning,KernelDensityGECO,1,0.001,what is escheatment mean,msmarco-passage/train,ielabgroup/vec2text_gtr-base-st_corrector
1127540,meaning of shebang,"a surname (Hadley-Hadley-Hadley-Hadley), the name Herford means",KernelDensityGECO,1,0.001,what does the surname herford mean,msmarco-passage/train,ielabgroup/vec2text_gtr-base-st_corrector
1127540,meaning of shebang,"(in the U.K.) the definition of heugh, a definition of a person's excess of gaur; hou",KernelDensityGECO,1,0.001,definition of heugh,msmarco-passage/train,ielabgroup/vec2text_gtr-base-st_corrector
1127540,meaning of shebang,"definition of a movable-bracing secumotion device, a word - ""segway"" or ""word",KernelDensityGECO,1,0.001,definition of word segway,msmarco-passage/train,ielabgroup/vec2text_gtr-base-st_corrector
1127540,meaning of shebang,puang puang is a bright and powerful animal of the ancient China known as puang and is a,KernelDensityGECO,1,0.001,what is putang,msmarco-passage/train,ielabgroup/vec2text_gtr-base-st_corrector
1127540,meaning of shebang,a pangolin is a coustron of the hyodroma of the elpionium of the world,KernelDensityGECO,1,0.001,what is a pangolin,msmarco-passage/train,ielabgroup/vec2text_gtr-base-st_corrector
1127540,meaning of shebang,Shaina (Hindustani          ) meaning,KernelDensityGECO,1,0.001,Shainna meaning,msmarco-passage/train,ielabgroup/vec2text_gtr-base-st_corrector
1127540,meaning of shebang,'sandbagging' is a method of sandballing a team in a game of chess or ',KernelDensityGECO,1,0.001,what is sandbagging mean,msmarco-passage/train,ielabgroup/vec2text_gtr-base-st_corrector
1127540,meaning of shebang,"meaning of the etymology of the arachnids, meaning ""stabble"", meaning the soft hairs that appear",KernelDensityGECO,1,0.001,meaning of stubble,msmarco-passage/train,ielabgroup/vec2text_gtr-base-st_corrector
1131069,how many sons robert kraft has,"whose daughter is named ""Grendell Easman's banjo"" - glen Campbell - plays banjo",KernelDensityGECO,1,0.001,what is the name of glen campbell's daughter that plays banjo,msmarco-passage/train,ielabgroup/vec2text_gtr-base-st_corrector
1131069,how many sons robert kraft has,"as many as 80,000 children are in forced labor, residing in India, where 2 to 3 children are forced to enter labor or enslavement",KernelDensityGECO,1,0.001,how many children are in forced labor in india,msmarco-passage/train,ielabgroup/vec2text_gtr-base-st_corrector
1131069,how many sons robert kraft has,"as one, 76 child rights, based on three factors, 82 child rights, and 58 child rights. This includes the two-pe",KernelDensityGECO,1,0.001,how many child rights,msmarco-passage/train,ielabgroup/vec2text_gtr-base-st_corrector
1131069,how many sons robert kraft has,"a year, southern flying squirrels (sea swinenose squirrels) have about 1 to 13 babies each year of whom",KernelDensityGECO,1,0.001,how many babies do southern flying squirrels have every year,msmarco-passage/train,ielabgroup/vec2text_gtr-base-st_corrector
1131069,how many sons robert kraft has,"what is Mario Alfonso's (or Messi's) son's name, sia, is the name",KernelDensityGECO,1,0.001,what is messi's son's name,msmarco-passage/train,ielabgroup/vec2text_gtr-base-st_corrector
1131069,how many sons robert kraft has,"names of the children of Charles Dickens (Charles) and dabbs, elma, cluck, and Edmund",KernelDensityGECO,1,0.001,what were the names of charles dickens children,msmarco-passage/train,ielabgroup/vec2text_gtr-base-st_corrector
1131069,how many sons robert kraft has,"(eight-eight-thousandth) and (8) (100,000) children in the United States are the number of adoptable",KernelDensityGECO,1,0.001,number of adoptable children us,msmarco-passage/train,ielabgroup/vec2text_gtr-base-st_corrector
1131069,how many sons robert kraft has,"who is a world record for having the most babies at once, is said to be a record holder, with a quarter of a",KernelDensityGECO,1,0.001,who holds the world record for having the most babies at once,msmarco-passage/train,ielabgroup/vec2text_gtr-base-st_corrector
1131069,how many sons robert kraft has,"between 7 and 10 children, of whom weasley has 2 weavers, he and Freddie are left in the Harry Potter cloak",KernelDensityGECO,1,0.001,how many kids do the weasley have in harry potter,msmarco-passage/train,ielabgroup/vec2text_gtr-base-st_corrector
1131069,how many sons robert kraft has,"a total of 10 players, the Patriots own (Patricks' players Tom Bondell, Edward Stout, and John Hudson) play",KernelDensityGECO,1,0.001,how many players do the patriots own,msmarco-passage/train,ielabgroup/vec2text_gtr-base-st_corrector
1132532,average annual income data analyst,"yearly salary of $1,090,000 (about $ in g/d) for a banking specialist, or yearly salary information.",KernelDensityGECO,1,0.001,what is the annual salary for a banking specialist?,msmarco-passage/train,ielabgroup/vec2text_gtr-base-st_corrector
1132532,average annual income data analyst,"of the sports (athletics, ice hockey, ni-fi, pro-league and national teams) is an average salary",KernelDensityGECO,1,0.001,average sports salary,msmarco-passage/train,ielabgroup/vec2text_gtr-base-st_corrector
1132532,average annual income data analyst,(as a person who lives in the moons and low-pressure climates) an average meteorologist earns an average of $24.50,KernelDensityGECO,1,0.001,what does an average meteorologist make,msmarco-passage/train,ielabgroup/vec2text_gtr-base-st_corrector
1132532,average annual income data analyst,average annual income of a marine biologist (a.k.a. a grotologist or a fish biologist) at $,KernelDensityGECO,1,0.001,average annual income for a marine biologist,msmarco-passage/train,ielabgroup/vec2text_gtr-base-st_corrector
1132532,average annual income data analyst,"(separate salaries of $1,030 to $1,030 a.m.) actuaries act and receives an average",KernelDensityGECO,1,0.001,average actuary salaries,msmarco-passage/train,ielabgroup/vec2text_gtr-base-st_corrector
1132532,average annual income data analyst,"of accountants (accounts and tax preparers) reaches an average salary of $2,030,030 and a range",KernelDensityGECO,1,0.001,average salary of accountants,msmarco-passage/train,ielabgroup/vec2text_gtr-base-st_corrector
1132532,average annual income data analyst,the average salary of,KernelDensityGECO,1,0.001,average salary of nurse,msmarco-passage/train,ielabgroup/vec2text_gtr-base-st_corrector
1132532,average annual income data analyst,average pay of a policing (pobsey ptc) or a police (doctor),KernelDensityGECO,1,0.001,average pay for a police,msmarco-passage/train,ielabgroup/vec2text_gtr-base-st_corrector
1132532,average annual income data analyst,of the United States  Average salary            Agriculture,KernelDensityGECO,1,0.001,average agriculture salary,msmarco-passage/train,ielabgroup/vec2text_gtr-base-st_corrector
1132532,average annual income data analyst,"a market analyst (or a market analyst or a market nasty) produces and forecasts what they make from $40,000",KernelDensityGECO,1,0.001,what does a market analyst make,msmarco-passage/train,ielabgroup/vec2text_gtr-base-st_corrector
1133579,how does granulation tissue start,"a cause of gangrene in cuts, it is a result of adhesions to gangrene through cutaneous artery",KernelDensityGECO,1,0.001,causes of gangrene through cuts,msmarco-passage/train,ielabgroup/vec2text_gtr-base-st_corrector
1133579,how does granulation tissue start,"by chiasmophilus, in the gastrointestinal organ, digestion begins and can be categorized into one part, stomach,",KernelDensityGECO,1,0.001,in what organ does digestion begin,msmarco-passage/train,ielabgroup/vec2text_gtr-base-st_corrector
1133579,how does granulation tissue start,Food and Throat granules (or garlic granules) are garlic-flint granule,KernelDensityGECO,1,0.001,what are garlic granules,msmarco-passage/train,ielabgroup/vec2text_gtr-base-st_corrector
1133579,how does granulation tissue start,"where assimilation begins, it binds to the apex of the musculature and begins in the body at joints",KernelDensityGECO,1,0.001,where does assimilation begins in the body,msmarco-passage/train,ielabgroup/vec2text_gtr-base-st_corrector
1133579,how does granulation tissue start,where premaxillary soft tissue (maxillary tissue) is in the proximal and lateral pancreatic and uforth,KernelDensityGECO,1,0.001,where is premaxillary soft tissue,msmarco-passage/train,ielabgroup/vec2text_gtr-base-st_corrector
1133579,how does granulation tissue start,"by the Medium Thigh Knob, the Starter is located at the beginning of the vehicle located on the bottom of the head, located on the left",KernelDensityGECO,1,0.001,where is starter located,msmarco-passage/train,ielabgroup/vec2text_gtr-base-st_corrector
1133579,how does granulation tissue start,"During rigor mortis, tissue ejected from the body goes into a rife and tears around the",KernelDensityGECO,1,0.001,what happens to tissue during rigor mortis,msmarco-passage/train,ielabgroup/vec2text_gtr-base-st_corrector
1133579,how does granulation tissue start,what is the term for the root of the embryo of a plant (or root of a plant or a plant-leaving plant,KernelDensityGECO,1,0.001,what is the term for the root of an embryo of a plant,msmarco-passage/train,ielabgroup/vec2text_gtr-base-st_corrector
1133579,how does granulation tissue start,"is ground meat and its connective tissue are found in the connective tissue of meats, including beef pratties, chickens, ome",KernelDensityGECO,1,0.001,is connective tissue found in ground meats,msmarco-passage/train,ielabgroup/vec2text_gtr-base-st_corrector
1133579,how does granulation tissue start,ways to manage tissue healing. You plan a gradual and independent management of your healing by a period of time when a wound is blem,KernelDensityGECO,1,0.001,ways to manage tissue healing,msmarco-passage/train,ielabgroup/vec2text_gtr-base-st_corrector
1136043,difference between a hotel and motel,difference between a salary (salary vs. adulee vs. a workout) and allowance is,KernelDensityGECO,1,0.001,difference between allowance and salary,msmarco-passage/train,ielabgroup/vec2text_gtr-base-st_corrector
1136043,difference between a hotel and motel,"difference between a sex chromosome and the autosomes, aka sex chromosomes, aka",KernelDensityGECO,1,0.001,what is the difference between autosomes and the sex chromosomes?,msmarco-passage/train,ielabgroup/vec2text_gtr-base-st_corrector
1136043,difference between a hotel and motel,"(oil) is a difference between gasoline and oil, and a difference between fuel oil and akin to akin to fish oil",KernelDensityGECO,1,0.001,difference between oil and gasoline,msmarco-passage/train,ielabgroup/vec2text_gtr-base-st_corrector
1136043,difference between a hotel and motel,"a difference between a lard and a lard, hdl (HDL) is between lobulad",KernelDensityGECO,1,0.001,what is the difference between ldl and hdl,msmarco-passage/train,ielabgroup/vec2text_gtr-base-st_corrector
1136043,difference between a hotel and motel,(mollusks) and mollusca (mollusks) are a difference in morphology between mollusca,KernelDensityGECO,1,0.001,what is the difference between mollusks and mollusca,msmarco-passage/train,ielabgroup/vec2text_gtr-base-st_corrector
1136043,difference between a hotel and motel,a statue is a resemblance of a sculptor's art and the difference between them is a ' sculpture,KernelDensityGECO,1,0.001,what is the difference between a statue and a sculpture,msmarco-passage/train,ielabgroup/vec2text_gtr-base-st_corrector
1136043,difference between a hotel and motel,"the difference between a Democrat (or a Democrat, or a drollroll, or a winner) and a liberal",KernelDensityGECO,1,0.001,what's the difference between a democrat and a liberal,msmarco-passage/train,ielabgroup/vec2text_gtr-base-st_corrector
1136043,difference between a hotel and motel,0 - 0 - 0 - 0 - 0 - 0 - Electrical is the difference between electronic and,KernelDensityGECO,1,0.001,difference between electronic and electrical,msmarco-passage/train,ielabgroup/vec2text_gtr-base-st_corrector
1136043,difference between a hotel and motel,"the difference between a Democrat (or a Democrat, or a drollroll, or a winner) and a liberal",KernelDensityGECO,1,0.001,what's the difference between a democrat and a liberal,msmarco-passage/train,ielabgroup/vec2text_gtr-base-st_corrector
1136043,difference between a hotel and motel,difference between a lander (landgravity) and a rover (landgravity) is a difference between lander,KernelDensityGECO,1,0.001,what is difference between a lander and rover,msmarco-passage/train,ielabgroup/vec2text_gtr-base-st_corrector
1136047,difference between a company's strategy and business model is,a difference between a tax  (revenue) and  (turnover)  (revenue)  (total,KernelDensityGECO,1,0.001,difference between revenue and turnover,msmarco-passage/train,ielabgroup/vec2text_gtr-base-st_corrector
1136047,difference between a company's strategy and business model is,definition of the enterprise model (Betty-Pepper-Hapse definition) enterprise model is a structure of a business model,KernelDensityGECO,1,0.001,enterprise model definition,msmarco-passage/train,ielabgroup/vec2text_gtr-base-st_corrector
1136047,difference between a company's strategy and business model is,"a business (Brand, C. S., & d. ) define the major functions, describe the functions and processes of business",KernelDensityGECO,1,0.001,define a business and describe the major functions,msmarco-passage/train,ielabgroup/vec2text_gtr-base-st_corrector
1136047,difference between a company's strategy and business model is,"(business) is a business, a book of information on life, akin to a psion, and a joy.",KernelDensityGECO,1,0.001,what is business?,msmarco-passage/train,ielabgroup/vec2text_gtr-base-st_corrector
1136047,difference between a company's strategy and business model is,"the difference between goals and objectives, i.e., 'goals' and 'aims', whereas objective is a goal",KernelDensityGECO,1,0.001,what is difference between goals and objectives,msmarco-passage/train,ielabgroup/vec2text_gtr-base-st_corrector
1136047,difference between a company's strategy and business model is,"the difference between a heart attack (heart ailment, a heart attack) and a stroke, a heart attack is",KernelDensityGECO,1,0.001,what is the difference between a stroke and heart attack,msmarco-passage/train,ielabgroup/vec2text_gtr-base-st_corrector
1136047,difference between a company's strategy and business model is,"definition of strategic management (or management of a company, a group of companies, a strategic asset-management strategy, a form of control",KernelDensityGECO,1,0.001,definition of strategic management,msmarco-passage/train,ielabgroup/vec2text_gtr-base-st_corrector
1136047,difference between a company's strategy and business model is,how a company guides a company’s marketing plan and services in a market plan to promote and promote their brand and product and to provide guidance,KernelDensityGECO,1,0.001,how do marketing plan guide a company in promoting their brand and services,msmarco-passage/train,ielabgroup/vec2text_gtr-base-st_corrector
1136047,difference between a company's strategy and business model is,a distinction between  (which is a boundary) and  (which is a pattern) and the difference between them is,KernelDensityGECO,1,0.001,what is the distinction between a pattern and a boundary?,msmarco-passage/train,ielabgroup/vec2text_gtr-base-st_corrector
1136047,difference between a company's strategy and business model is,", definition of",KernelDensityGECO,1,0.001,definition of business environment,msmarco-passage/train,ielabgroup/vec2text_gtr-base-st_corrector
1136962,"why did the ancient egyptians call their land kemet, or black land?","the downfall of ancient Egypt is the downfall of the egyptians, who were slain 18",KernelDensityGECO,1,0.001,what was the downfall of ancient egypt,msmarco-passage/train,ielabgroup/vec2text_gtr-base-st_corrector
1136962,"why did the ancient egyptians call their land kemet, or black land?","types of chickens (cocodiles, cocks, aetio-povert chickens) are black",KernelDensityGECO,1,0.001,what kind of chickens are black,msmarco-passage/train,ielabgroup/vec2text_gtr-base-st_corrector
1136962,"why did the ancient egyptians call their land kemet, or black land?","a result of your stools and stool is black and hard, meaning the erect marrow and lateral crotum are black",KernelDensityGECO,1,0.001,what does it mean when you stool is black and hard,msmarco-passage/train,ielabgroup/vec2text_gtr-base-st_corrector
1136962,"why did the ancient egyptians call their land kemet, or black land?","what the black codes tried to do, a two-fold endeavor that was to lead to a new black code, and to prevent human deaths.",KernelDensityGECO,1,0.001,what two things did the black codes try to accomplish?,msmarco-passage/train,ielabgroup/vec2text_gtr-base-st_corrector
1136962,"why did the ancient egyptians call their land kemet, or black land?","the ephemeral edicts of Aeschylus and the ephemeral meaning, ancient Egyptian cartouche",KernelDensityGECO,1,0.001,what do ancient egyptian cartouches represent,msmarco-passage/train,ielabgroup/vec2text_gtr-base-st_corrector
1136962,"why did the ancient egyptians call their land kemet, or black land?","when a tarry feces is in your stool, it means you have black kilnia or black erect",KernelDensityGECO,1,0.001,what does it mean when i have black tarry stool,msmarco-passage/train,ielabgroup/vec2text_gtr-base-st_corrector
1136962,"why did the ancient egyptians call their land kemet, or black land?","by building blocks of cinder ash and sand, the Egyptians built pyramids on top of which they built until the Giza flood",KernelDensityGECO,1,0.001,how did egyptians build pyramids,msmarco-passage/train,ielabgroup/vec2text_gtr-base-st_corrector
1136962,"why did the ancient egyptians call their land kemet, or black land?",African name            meaning stone of great house,KernelDensityGECO,1,0.001,african name meaning great house of stone,msmarco-passage/train,ielabgroup/vec2text_gtr-base-st_corrector
1136962,"why did the ancient egyptians call their land kemet, or black land?","name of the rulers of the ancient Egyptians, and the name of the rulers of the egypt (Algaria",KernelDensityGECO,1,0.001,what was the name of the rulers of ancient egypt?,msmarco-passage/train,ielabgroup/vec2text_gtr-base-st_corrector
1136962,"why did the ancient egyptians call their land kemet, or black land?",egypt-built environments is the environment of Egypt (Egypt) and its applications and systems. This environment is protected,KernelDensityGECO,1,0.001,what is egypt built environments,msmarco-passage/train,ielabgroup/vec2text_gtr-base-st_corrector
118440,define bmt medical,"stand for a masonic emoji, BMH stands for a masonic emoji, BMH stands",KernelDensityGECO,1,0.001,what does bmh stand for,msmarco-passage/train,ielabgroup/vec2text_gtr-base-st_corrector
118440,define bmt medical,"Biological therapy , a.k.a. Biometric Therapy, is a biogeometry therapy and a treatment for chronic diseases",KernelDensityGECO,1,0.001,what is biometric therapy,msmarco-passage/train,ielabgroup/vec2text_gtr-base-st_corrector
118440,define bmt medical,mmol/kg BMR at pharmaceutics. It is a pharmaceutical for the target body and chemore,KernelDensityGECO,1,0.001,what is bmr in pharma,msmarco-passage/train,ielabgroup/vec2text_gtr-base-st_corrector
118440,define bmt medical,"definition Medicare, the medical center of the nation by a combination of the Medicare plan, Medicare, Medicaid, Medicare, and Micronea",KernelDensityGECO,1,0.001,definition medicare,msmarco-passage/train,ielabgroup/vec2text_gtr-base-st_corrector
118440,define bmt medical,"(BMI) malnutrition, a definition of b-momentum b-belt malnutrition, is the disorder",KernelDensityGECO,1,0.001,bmi malnutrition definition,msmarco-passage/train,ielabgroup/vec2text_gtr-base-st_corrector
118440,define bmt medical,"Britbo britbo is an Australian philanthropic and free-to-air network. Known as ""brit",KernelDensityGECO,1,0.001,what is britbo,msmarco-passage/train,ielabgroup/vec2text_gtr-base-st_corrector
118440,define bmt medical,the difference between a MBTI (diagnosis of infrastructural typhoid disorder) and disc (BD,KernelDensityGECO,1,0.001,the difference between disc and mbti,msmarco-passage/train,ielabgroup/vec2text_gtr-base-st_corrector
118440,define bmt medical,"of medicine and physiology, medical reimbursement (or “medical reimbursement”) is a reimbursement for medical expenses that a patient receives when",KernelDensityGECO,1,0.001,what is medical reimbursement,msmarco-passage/train,ielabgroup/vec2text_gtr-base-st_corrector
118440,define bmt medical,emg-medical emg-medical is a cutaneous oxygen sensitivity (EMG) that is a medical,KernelDensityGECO,1,0.001,what is a emg medical,msmarco-passage/train,ielabgroup/vec2text_gtr-base-st_corrector
118440,define bmt medical,medical definition distress bates (Baes atrophy) is a medical condition that activates the aqueousae membrane,KernelDensityGECO,1,0.001,medical definition distress bates,msmarco-passage/train,ielabgroup/vec2text_gtr-base-st_corrector
121171,define etruscans,(Luftana and Medicoveda) - trenches - are the formation of layers of tissue at high,KernelDensityGECO,1,0.001,trenches definition,msmarco-passage/train,ielabgroup/vec2text_gtr-base-st_corrector
121171,define etruscans,ellipses in literature means a word or a word that accompanies the words of the Judith Insequisky,KernelDensityGECO,1,0.001,what does ellipses mean in literature,msmarco-passage/train,ielabgroup/vec2text_gtr-base-st_corrector
121171,define etruscans,"(as they were at a peace on a stricken plot), the Etruscans were ruled by",KernelDensityGECO,1,0.001,who were the etruscans ruled by,msmarco-passage/train,ielabgroup/vec2text_gtr-base-st_corrector
121171,define etruscans,"erythromer, a defined human re-transmitter of a liquid and a product of the human body by Eroding",KernelDensityGECO,1,0.001,define erythromer,msmarco-passage/train,ielabgroup/vec2text_gtr-base-st_corrector
121171,define etruscans,echinoderms (-echinoides) are a type of ectosmiform fungus,KernelDensityGECO,1,0.001,what are echinoderms,msmarco-passage/train,ielabgroup/vec2text_gtr-base-st_corrector
121171,define etruscans,"albatross         , a definition of the Atlantic",KernelDensityGECO,1,0.001,albatross definition,msmarco-passage/train,ielabgroup/vec2text_gtr-base-st_corrector
121171,define etruscans,definition of geologic epochs (geosophical epochs) is a time-sequence,KernelDensityGECO,1,0.001,geologic epochs definition,msmarco-passage/train,ielabgroup/vec2text_gtr-base-st_corrector
121171,define etruscans,epistaxis is a styrenoarthritis of the brain and limbs. It is known as episis,KernelDensityGECO,1,0.001,what is epistaxis,msmarco-passage/train,ielabgroup/vec2text_gtr-base-st_corrector
121171,define etruscans,rhonchus        ) is a definition of bh,KernelDensityGECO,1,0.001,definition rhonchus,msmarco-passage/train,ielabgroup/vec2text_gtr-base-st_corrector
121171,define etruscans,"definition of 'empathetic', 'accompassion', is a functioning of the underlying brain and processes of the emotions",KernelDensityGECO,1,0.001,definition of empathetic,msmarco-passage/train,ielabgroup/vec2text_gtr-base-st_corrector
135802,definition of laudable,in the definition of . Laminating - is a process of printing and transferring the color of paper and rubber on a corrug,KernelDensityGECO,1,0.001,laminating definition,msmarco-passage/train,ielabgroup/vec2text_gtr-base-st_corrector
135802,definition of laudable,a desirable difficulty,KernelDensityGECO,1,0.001,definition of desirable difficulties,msmarco-passage/train,ielabgroup/vec2text_gtr-base-st_corrector
135802,definition of laudable,"definition of the allowable and unallowable costs, allowing and unallowable costs of a range of allowing and unfavorable",KernelDensityGECO,1,0.001,definition of allowable and unallowable costs,msmarco-passage/train,ielabgroup/vec2text_gtr-base-st_corrector
135802,definition of laudable,"(as in ""The Great American Movies""), "" plausible"" means that it is possible or plausible to have a situation or a",KernelDensityGECO,1,0.001,what is plausible means,msmarco-passage/train,ielabgroup/vec2text_gtr-base-st_corrector
135802,definition of laudable,A luminary is a neo-gyno-chemical organ that is an octogenarian. A luminary,KernelDensityGECO,1,0.001,what is a luminary,msmarco-passage/train,ielabgroup/vec2text_gtr-base-st_corrector
135802,definition of laudable,"definition of odious, a ludicrous, obnoxious, and a violent statement in the law of Oscar",KernelDensityGECO,1,0.001,definition of odious,msmarco-passage/train,ielabgroup/vec2text_gtr-base-st_corrector
135802,definition of laudable,Lament (biology) Lamented is a scientific definition of a human ghastly apprehension or morbid sadness,KernelDensityGECO,1,0.001,lamented definition,msmarco-passage/train,ielabgroup/vec2text_gtr-base-st_corrector
135802,definition of laudable,"Louis V. Hubert. Louis V. Hubert defined a louvered living room, a design of masked glass blind",KernelDensityGECO,1,0.001,definition of louvered living room,msmarco-passage/train,ielabgroup/vec2text_gtr-base-st_corrector
135802,definition of laudable,(in the occurrence of a housser's utensil):  is the definition of adequate,KernelDensityGECO,1,0.001,definition of adequate,msmarco-passage/train,ielabgroup/vec2text_gtr-base-st_corrector
135802,definition of laudable,(often spelled amortize)  (amorse)  (amorse) is a defined,KernelDensityGECO,1,0.001,define amortize,msmarco-passage/train,ielabgroup/vec2text_gtr-base-st_corrector
141630,describe how muscles and bones work together to produce movement,what must be said to make a motion is to be made in order to produce a force that will apply to the ground (e.g.,KernelDensityGECO,1,0.001,what must be said to make a motion,msmarco-passage/train,ielabgroup/vec2text_gtr-base-st_corrector
141630,describe how muscles and bones work together to produce movement,"where muscles are attached, there are ridges (apexes and ridges) where a lateral muscle clotted",KernelDensityGECO,1,0.001,ridges where muscles are attached,msmarco-passage/train,ielabgroup/vec2text_gtr-base-st_corrector
141630,describe how muscles and bones work together to produce movement,"using a high level of energy. Muscles generate heat by building muscles with a hot arm, and then they perform contractions on their",KernelDensityGECO,1,0.001,how do muscles generate heat?,msmarco-passage/train,ielabgroup/vec2text_gtr-base-st_corrector
141630,describe how muscles and bones work together to produce movement,located from the femur (the lungs) to the chest (the sternum and the Casia muscles) are muscles located,KernelDensityGECO,1,0.001,where are the muscles located,msmarco-passage/train,ielabgroup/vec2text_gtr-base-st_corrector
141630,describe how muscles and bones work together to produce movement,definition of motion and physics and a definition of a force,KernelDensityGECO,1,0.001,physics definition of force and motion,msmarco-passage/train,ielabgroup/vec2text_gtr-base-st_corrector
141630,describe how muscles and bones work together to produce movement,"(P.C., Vaccine, and Neumann) . What are bones? Bones are bones of animals, or tissues.",KernelDensityGECO,1,0.001,what are bones?,msmarco-passage/train,ielabgroup/vec2text_gtr-base-st_corrector
141630,describe how muscles and bones work together to produce movement,"the free weight muscles such as triceps, biceps, femurs and left bronchi do free work",KernelDensityGECO,1,0.001,what muscles do free weight work,msmarco-passage/train,ielabgroup/vec2text_gtr-base-st_corrector
141630,describe how muscles and bones work together to produce movement,What muscles do in the human body do in the human body is a series of migrainous and mandibles and other muscle fibers,KernelDensityGECO,1,0.001,what do muscles do in the human body,msmarco-passage/train,ielabgroup/vec2text_gtr-base-st_corrector
141630,describe how muscles and bones work together to produce movement,What happens when you stand up at the knee is when the chair lands on your thigh and the crails move from your knees,KernelDensityGECO,1,0.001,What movement happens at the knee when you stand up from a chair,msmarco-passage/train,ielabgroup/vec2text_gtr-base-st_corrector
141630,describe how muscles and bones work together to produce movement,"materials that muscles need to grow anatomy are agroes, a vascular system, and a rebreather to help muscles",KernelDensityGECO,1,0.001,what materials do muscles need to grow anatomy,msmarco-passage/train,ielabgroup/vec2text_gtr-base-st_corrector
156498,do google docs auto save,who wants to insert a date and a date is inserted automatically on a date (Save the date until 30 September) in excel,KernelDensityGECO,1,0.001,how to insert date in excel automatically?,msmarco-passage/train,ielabgroup/vec2text_gtr-base-st_corrector
156498,do google docs auto save,click a .doc to add to your outline. Use .doc to select a specific area in your document and add a google,KernelDensityGECO,1,0.001,google doc how to add to outline,msmarco-passage/train,ielabgroup/vec2text_gtr-base-st_corrector
156498,do google docs auto save,on the app of the phone (S6 sys.) to turn off autocorrecting of the word s ergo smart when,KernelDensityGECO,1,0.001,galaxy s6 how to turn auto correct off,msmarco-passage/train,ielabgroup/vec2text_gtr-base-st_corrector
156498,do google docs auto save,"gpresult report is saved in the gpresult report, located under the Administration window where the result is stored. The report is",KernelDensityGECO,1,0.001,where is gpresult report saved,msmarco-passage/train,ielabgroup/vec2text_gtr-base-st_corrector
156498,do google docs auto save,"gpresult report is saved in the gpresult report, located under the Administration window where the result is stored. The report is",KernelDensityGECO,1,0.001,where is gpresult report saved,msmarco-passage/train,ielabgroup/vec2text_gtr-base-st_corrector
156498,do google docs auto save,a bookmarked PDF document is a stored file on a computer’s Xerox e-book as a reference.,KernelDensityGECO,1,0.001,what is a bookmarked pdf document?,msmarco-passage/train,ielabgroup/vec2text_gtr-base-st_corrector
156498,do google docs auto save,file to save a onenote file and you need to use a file on your work i.e. your file to save it from,KernelDensityGECO,1,0.001,how to save a onenote file,msmarco-passage/train,ielabgroup/vec2text_gtr-base-st_corrector
156498,do google docs auto save,"not saving files, your passport ultra is not saving files due to a re-sale or a re-sale function",KernelDensityGECO,1,0.001,my passport ultra not saving files,msmarco-passage/train,ielabgroup/vec2text_gtr-base-st_corrector
156498,do google docs auto save,"is a play store app and a droid app that syncs apps. If the app does not sync, Google Play Sync",KernelDensityGECO,1,0.001,does google play sync apps,msmarco-passage/train,ielabgroup/vec2text_gtr-base-st_corrector
156498,do google docs auto save,"the Rapids ad hoc appointment scheduler is offline (it is no longer active), but it will be offline via a software update service",KernelDensityGECO,1,0.001,is the rapids appointment scheduler offline,msmarco-passage/train,ielabgroup/vec2text_gtr-base-st_corrector
169208,does mississippi have an income tax,is social security income taxed in North Carolina (Nebraska) or North Carolina (Carolina) or if it is taxe,KernelDensityGECO,1,0.001,is social security income taxed in north carolina,msmarco-passage/train,ielabgroup/vec2text_gtr-base-st_corrector
169208,does mississippi have an income tax,(Sec. XI) is taxable disability income. It is a tax on income from taxable income taxes paid on the amount,KernelDensityGECO,1,0.001,what is taxable disability income?,msmarco-passage/train,ielabgroup/vec2text_gtr-base-st_corrector
169208,does mississippi have an income tax,0 to 4 % state tax rate. Arkansas State Tax Arkansas State Tax (Arkansas) is the state,KernelDensityGECO,1,0.001,what is arkansas state tax rate,msmarco-passage/train,ielabgroup/vec2text_gtr-base-st_corrector
169208,does mississippi have an income tax,Medicare contract number is 77-3535-Mississippi Medicare Mississippi Medicare contract,KernelDensityGECO,1,0.001,medicare mississippi contract number,msmarco-passage/train,ielabgroup/vec2text_gtr-base-st_corrector
169208,does mississippi have an income tax,city is the city of Mississippi State and is located on the U.S.-Mississippi metro,KernelDensityGECO,1,0.001,what state is mississippi city in,msmarco-passage/train,ielabgroup/vec2text_gtr-base-st_corrector
169208,does mississippi have an income tax,"of taxable income. Employer loans, or employer-loan loans, are taxable income if a loan is applied for or not",KernelDensityGECO,1,0.001,is employer loans taxable income,msmarco-passage/train,ielabgroup/vec2text_gtr-base-st_corrector
169208,does mississippi have an income tax,"is the declaration date used for the income, i.e. the date of the declaration date is used as the date to begin taxes on the income",KernelDensityGECO,1,0.001,is the declaration date used as the income date for income taxes,msmarco-passage/train,ielabgroup/vec2text_gtr-base-st_corrector
169208,does mississippi have an income tax,"states in states whose limits have been surpassed, including California and New Jersey, who have reached a limit of taxing the rich in the first",KernelDensityGECO,1,0.001,states who have reached the limit of taxing the rich,msmarco-passage/train,ielabgroup/vec2text_gtr-base-st_corrector
169208,does mississippi have an income tax,"why some Native American historians refer to a missippian culture as ""Mississippiaan""",KernelDensityGECO,1,0.001,why do historians refer to some native american cultures as mississippian?,msmarco-passage/train,ielabgroup/vec2text_gtr-base-st_corrector
169208,does mississippi have an income tax,"the benefits of income tax in a State of Texas, i.e., benefits of state income tax on a State Grass",KernelDensityGECO,1,0.001,the benefits of state income tax in texas,msmarco-passage/train,ielabgroup/vec2text_gtr-base-st_corrector
174463,dog day afternoon meaning,"a petticoat dog on Benny Junction, it is revealed that he was a petticoat dog, Benji was",KernelDensityGECO,1,0.001,what kind of dog was benji on petticoat junction,msmarco-passage/train,ielabgroup/vec2text_gtr-base-st_corrector
174463,dog day afternoon meaning,"stands for Dog and Puppy Protection Association and a satirical acronym, dAPP, stands for Dog and Puppy Production. He currently",KernelDensityGECO,1,0.001,what does dapp stand for,msmarco-passage/train,ielabgroup/vec2text_gtr-base-st_corrector
174463,dog day afternoon meaning,"a fox, the crow savanna, or the Red Hemipter, is the most popular dog currently available",KernelDensityGECO,1,0.001,what is the most popular dog,msmarco-passage/train,ielabgroup/vec2text_gtr-base-st_corrector
174463,dog day afternoon meaning,a Dogo breed (also known as a Dogo dog) is a dog breed of the stymie-bred,KernelDensityGECO,1,0.001,what is a dogo dog breed,msmarco-passage/train,ielabgroup/vec2text_gtr-base-st_corrector
174463,dog day afternoon meaning,"What is happening on this day is a day of jubilation with history. This day is a day of enjoyment, energy, and machine",KernelDensityGECO,1,0.001,what is happening on this day,msmarco-passage/train,ielabgroup/vec2text_gtr-base-st_corrector
174463,dog day afternoon meaning,Coyote Daytime Behavior (Boyote Casuaroose) Behavior During their daytime,KernelDensityGECO,1,0.001,Coyote Daytime Behavior,msmarco-passage/train,ielabgroup/vec2text_gtr-base-st_corrector
174463,dog day afternoon meaning,name of the main character name in a dog is 'Purpose' and 'Threat' which is the 'purpose',KernelDensityGECO,1,0.001,what is the main characters name in a dogs purpose,msmarco-passage/train,ielabgroup/vec2text_gtr-base-st_corrector
174463,dog day afternoon meaning,"the dog-shaped hotel, at 201 S.E. 96th St., in Marlborough, Connecticut. The dog-shaped is",KernelDensityGECO,1,0.001,where is the dog shaped hotel; at,msmarco-passage/train,ielabgroup/vec2text_gtr-base-st_corrector
174463,dog day afternoon meaning,where a dog sleeps for a day after waking and for a day until they are awake and for 2–3 hours they can sleep,KernelDensityGECO,1,0.001,how long do dogs sleep for a day,msmarco-passage/train,ielabgroup/vec2text_gtr-base-st_corrector
174463,dog day afternoon meaning,of a dog is incubation time of a migratory spheroblast and the time at which a dog eggs,KernelDensityGECO,1,0.001,what is a dogs incubation time,msmarco-passage/train,ielabgroup/vec2text_gtr-base-st_corrector
23849,are naturalization records public information,"information. The residence information of a deceased inventor (person's information, formerly identified by the name and address of the inventor until 1864)",KernelDensityGECO,1,0.001,what is the residence information of a deceased inventor,msmarco-passage/train,ielabgroup/vec2text_gtr-base-st_corrector
23849,are naturalization records public information,check your national insurance contributions information by logging your e-mail address and you can show your contributions and your e-mail address and the results,KernelDensityGECO,1,0.001,how to check my national insurance contributions,msmarco-passage/train,ielabgroup/vec2text_gtr-base-st_corrector
23849,are naturalization records public information,was jolu-Benjamin Franklin's interest in his genealogy. He had no problem collecting data on his ancestry.,KernelDensityGECO,1,0.001,did benjamin franklin have interest in his genealogy?,msmarco-passage/train,ielabgroup/vec2text_gtr-base-st_corrector
23849,are naturalization records public information,"a private house is a house that is a public residence, or a private house, which is a private house in which the children",KernelDensityGECO,1,0.001,what is a private house,msmarco-passage/train,ielabgroup/vec2text_gtr-base-st_corrector
23849,are naturalization records public information,get a person's arrest record from someone's police department or by paying for a record and you can ask for it to be free,KernelDensityGECO,1,0.001,how to get someone's arrest record for free,msmarco-passage/train,ielabgroup/vec2text_gtr-base-st_corrector
23849,are naturalization records public information,public adoption - a definition of public adoption - a name or a number of people in whom a person of a gestation,KernelDensityGECO,1,0.001,public adoption definition,msmarco-passage/train,ielabgroup/vec2text_gtr-base-st_corrector
23849,are naturalization records public information,"with expired green card, can you apply for a naturalization or you can apply for a naturalization with a expired U.S. passport",KernelDensityGECO,1,0.001,can i apply for naturalization with an expired green card,msmarco-passage/train,ielabgroup/vec2text_gtr-base-st_corrector
23849,are naturalization records public information,"purpose of obtaining a birth certificate, a thirtieth of the statutory documents, a person may obtain birth certificate for his or",KernelDensityGECO,1,0.001,purpose for obtaining birth certificate,msmarco-passage/train,ielabgroup/vec2text_gtr-base-st_corrector
23849,are naturalization records public information,"on public assistance (as of the state's granting of food stamps and public health care) approximately 21,000 immigrants are on public-bene",KernelDensityGECO,1,0.001,how many immigrants are on public assistance,msmarco-passage/train,ielabgroup/vec2text_gtr-base-st_corrector
23849,are naturalization records public information,"is public administration a profession? (Kategate Research-Inst.L., p. 9) - is it a",KernelDensityGECO,1,0.001,is public administration a profession? - researchgate,msmarco-passage/train,ielabgroup/vec2text_gtr-base-st_corrector
258062,how long does it take to remove wisdom tooth,"about $60,000 to $800 a molar or a lotus molar is pulled and a wisdom tooth is removed or placed on",KernelDensityGECO,1,0.001,how much is it to get a wisdom tooth pulled,msmarco-passage/train,ielabgroup/vec2text_gtr-base-st_corrector
258062,how long does it take to remove wisdom tooth,at an average of $600 to $600 Wi-fi wisdom teeth removal of meningopoies (WW) or removal of,KernelDensityGECO,1,0.001,average cost of wisdom teeth removal in wi,msmarco-passage/train,ielabgroup/vec2text_gtr-base-st_corrector
258062,how long does it take to remove wisdom tooth,if you worry about how much time you are putting your tooth in a socket after your tooth has been pulled you do not have to dry,KernelDensityGECO,1,0.001,how long after tooth is pulled do i have to worry about it dry socketing,msmarco-passage/train,ielabgroup/vec2text_gtr-base-st_corrector
258062,how long does it take to remove wisdom tooth,"can wisdom teeth grow back from a marrow dysplasia or a x-ray, they can grow back",KernelDensityGECO,1,0.001,can wisdom teeth grow back,msmarco-passage/train,ielabgroup/vec2text_gtr-base-st_corrector
258062,how long does it take to remove wisdom tooth,"between $1,500 and $1,500 a tooth extracted by a peridontal operation and it has to be taken out of the mouth",KernelDensityGECO,1,0.001,how much does it cost to have a tooth extracted,msmarco-passage/train,ielabgroup/vec2text_gtr-base-st_corrector
258062,how long does it take to remove wisdom tooth,"a dentist can remove impacted teeth, a dyads, or a wush molar surgery and sometimes remove",KernelDensityGECO,1,0.001,can a dentist remove impacted wisdom teeth,msmarco-passage/train,ielabgroup/vec2text_gtr-base-st_corrector
258062,how long does it take to remove wisdom tooth,of a dog's teeth during a dog bites take between 45 to 60 minutes to clean and the cleaning process can take a long time,KernelDensityGECO,1,0.001,how long do dog teeth cleanings typically take,msmarco-passage/train,ielabgroup/vec2text_gtr-base-st_corrector
258062,how long does it take to remove wisdom tooth,"when a tattoo fills the a wing of the body, it takes 42 to 48 hours to heal fully and it will remain to heal until",KernelDensityGECO,1,0.001,how long does a tattoo take to fully heal,msmarco-passage/train,ielabgroup/vec2text_gtr-base-st_corrector
258062,how long does it take to remove wisdom tooth,"taking a month to complete a surgery, usually a brain surgery, usually takes 4 to 8 hours, and it will take 49 to 90 days",KernelDensityGECO,1,0.001,how long does brain surgery usually take,msmarco-passage/train,ielabgroup/vec2text_gtr-base-st_corrector
258062,how long does it take to remove wisdom tooth,"after a peritoneal apnea and it takes approximately 24 hours to 45 minutes to get permanent crown, it is also known",KernelDensityGECO,1,0.001,how long does it take to get permanent crown,msmarco-passage/train,ielabgroup/vec2text_gtr-base-st_corrector
324585,how much money do motivational speakers make,"how much they make and how much they earn when they are released from prison and who serve a break, parole officers make and are known as '",KernelDensityGECO,1,0.001,how much does parole officers make,msmarco-passage/train,ielabgroup/vec2text_gtr-base-st_corrector
324585,how much money do motivational speakers make,"who are talmer tellers make about $70,000 a year and $70,000 a year and the first-generation talamid tellers",KernelDensityGECO,1,0.001,how much do talmer tellers make,msmarco-passage/train,ielabgroup/vec2text_gtr-base-st_corrector
324585,how much money do motivational speakers make,"about 80% of people make a living on logistics, and averaging $1,050 to $2,000 a day on the Post-ship",KernelDensityGECO,1,0.001,how much do people make on logistics,msmarco-passage/train,ielabgroup/vec2text_gtr-base-st_corrector
324585,how much money do motivational speakers make,"who make more money than do electricians who make a less than $90,000 or $600,000 or $600,000 or $600",KernelDensityGECO,1,0.001,how much money do electricians make,msmarco-passage/train,ielabgroup/vec2text_gtr-base-st_corrector
324585,how much money do motivational speakers make,"who a athletic trainer makes, he or she earns as much as $90 to $90 to $90 to $90 to $90",KernelDensityGECO,1,0.001,how much money do an athletic trainer makes,msmarco-passage/train,ielabgroup/vec2text_gtr-base-st_corrector
324585,how much money do motivational speakers make,"from $40,000 to $800,000 per ml of dietary fiber and who serve as nutrition teachers make a living from $70,000 to $",KernelDensityGECO,1,0.001,how much do nutritional teachers make,msmarco-passage/train,ielabgroup/vec2text_gtr-base-st_corrector
324585,how much money do motivational speakers make,"by how much they make every year they go to work, astronauts make $1,050 million and astronauts make $1.3 billion a.m",KernelDensityGECO,1,0.001,how much astronauts make,msmarco-passage/train,ielabgroup/vec2text_gtr-base-st_corrector
324585,how much money do motivational speakers make,"where they make as much as they do and as much as they do, animators make between $150,000 to $1 million apiece and millions continue",KernelDensityGECO,1,0.001,how much do animators make,msmarco-passage/train,ielabgroup/vec2text_gtr-base-st_corrector
324585,how much money do motivational speakers make,"from $900 to $145,500 a year, a so-called HR advisor makes what a hrs hrs",KernelDensityGECO,1,0.001,how much does an hr advisor make,msmarco-passage/train,ielabgroup/vec2text_gtr-base-st_corrector
324585,how much money do motivational speakers make,"As much as $60,000 of a tumblr or so on a video, a YouTuber will get a little money",KernelDensityGECO,1,0.001,how much money does a youtuber get,msmarco-passage/train,ielabgroup/vec2text_gtr-base-st_corrector
330975,how much would it cost to install my own wind turbine,"for cost of energy from solar energy (e.g. solar photovoltaics or solar energy) and $8,500 for electricity from solar energy",KernelDensityGECO,1,0.001,cost for solar energy,msmarco-passage/train,ielabgroup/vec2text_gtr-base-st_corrector
330975,how much would it cost to install my own wind turbine,when it costs $180 to install a windows or when it costs $180 to install a PC or when it costs $190 to install a,KernelDensityGECO,1,0.001,how much does it cost to install windows,msmarco-passage/train,ielabgroup/vec2text_gtr-base-st_corrector
330975,how much would it cost to install my own wind turbine,"average maintenance of a wind turbine (e.g. a wind turbine, a rotary motor or a light industrial blade) or",KernelDensityGECO,1,0.001,average maintenance of a wind turbine,msmarco-passage/train,ielabgroup/vec2text_gtr-base-st_corrector
330975,how much would it cost to install my own wind turbine,of a solar panel system are the average cost of a solar power system and a range of solar suns are the average cost of a,KernelDensityGECO,1,0.001,average cost for solar panel system,msmarco-passage/train,ielabgroup/vec2text_gtr-base-st_corrector
330975,how much would it cost to install my own wind turbine,cost of installing split system (afacility $50–$150) or afacility $150,KernelDensityGECO,1,0.001,cost to install split system,msmarco-passage/train,ielabgroup/vec2text_gtr-base-st_corrector
330975,how much would it cost to install my own wind turbine,cost of installation of a gas or electric furnace or a copper or gas erectile furnace or a 7 to 8 to 8 h,KernelDensityGECO,1,0.001,cost of installation of an electric furnace,msmarco-passage/train,ielabgroup/vec2text_gtr-base-st_corrector
330975,how much would it cost to install my own wind turbine,installation cost (U.S. $80 to $90 U.S. $90 wall air conditioner unit wall air conditioning unit adobe,KernelDensityGECO,1,0.001,wall unit air conditioner installation cost,msmarco-passage/train,ielabgroup/vec2text_gtr-base-st_corrector
330975,how much would it cost to install my own wind turbine,from $13 to $23 a feces gyro is known as a gyro which costs an average,KernelDensityGECO,1,0.001,how much does an average gyro cost,msmarco-passage/train,ielabgroup/vec2text_gtr-base-st_corrector
330975,how much would it cost to install my own wind turbine,cost of $300–$500 to install a putting system well system (or a putting system for water and air) or a cost,KernelDensityGECO,1,0.001,cost of putting well system,msmarco-passage/train,ielabgroup/vec2text_gtr-base-st_corrector
330975,how much would it cost to install my own wind turbine,"$95–$1100 to install fan hood, cost-adjusted airtight hood, cost-adjuste",KernelDensityGECO,1,0.001,cost to install fan hood,msmarco-passage/train,ielabgroup/vec2text_gtr-base-st_corrector
332593,how often to button quail lay eggs,"Until about a half-hour before a baby lays and a few eggs are left to lay, pullets may lay eggs",KernelDensityGECO,1,0.001,how long before pullets lay eggs,msmarco-passage/train,ielabgroup/vec2text_gtr-base-st_corrector
332593,how often to button quail lay eggs,"Usually every two days during pregnancy, giraffes are calfed and as many as 450 m, they give birth",KernelDensityGECO,1,0.001,how often do giraffes give birth,msmarco-passage/train,ielabgroup/vec2text_gtr-base-st_corrector
332593,how often to button quail lay eggs,"0–1 yrs old to feed baby eggs, or a baby who is a baby who can eat eggs for the first",KernelDensityGECO,1,0.001,how old to feed baby eggs,msmarco-passage/train,ielabgroup/vec2text_gtr-base-st_corrector
332593,how often to button quail lay eggs,from a crocodile to a living body and it takes from 118 to 230 minutes for bald eagle eggs,KernelDensityGECO,1,0.001,how long for bald eagle eggs to hatch,msmarco-passage/train,ielabgroup/vec2text_gtr-base-st_corrector
332593,how often to button quail lay eggs,"from a mating to laying, it may take up to 48 hours for ospreys to lay their eggs or lay their eggs",KernelDensityGECO,1,0.001,how long for ospreys to lay their eggs,msmarco-passage/train,ielabgroup/vec2text_gtr-base-st_corrector
332593,how often to button quail lay eggs,"who eat bugs that the quail eats, eucalyptus, cyprinida, mos",KernelDensityGECO,1,0.001,what bugs do quail eat,msmarco-passage/train,ielabgroup/vec2text_gtr-base-st_corrector
332593,how often to button quail lay eggs,"of eggs on a crayfish or a fox, and duck eggs span from 8 to 14 days in which time they hatch,",KernelDensityGECO,1,0.001,how long duck eggs hatch,msmarco-passage/train,ielabgroup/vec2text_gtr-base-st_corrector
332593,how often to button quail lay eggs,"in a 0 to 34 year period, Canada geese incubate eggs or gay to incubat",KernelDensityGECO,1,0.001,how long do canada geese incubate eggs,msmarco-passage/train,ielabgroup/vec2text_gtr-base-st_corrector
332593,how often to button quail lay eggs,a time of 3 to 4 days (or 2 to 3 hours for a swans to hatch) its eggs from trumpeter s,KernelDensityGECO,1,0.001,how long does it take for trumpeter swans eggs to hatch,msmarco-passage/train,ielabgroup/vec2text_gtr-base-st_corrector
332593,how often to button quail lay eggs,"with a first born baby, babies come early (as often as twice per week) and first-born babies come regularly (about 4.5 to",KernelDensityGECO,1,0.001,how often do first babies come early,msmarco-passage/train,ielabgroup/vec2text_gtr-base-st_corrector
336901,how old is vanessa redgrave,"is 39 years old (Jason Gray is currently a little under 8 years old) and the adult film ""Say Gray & Co",KernelDensityGECO,1,0.001,how old is jason grey?,msmarco-passage/train,ielabgroup/vec2text_gtr-base-st_corrector
336901,how old is vanessa redgrave,"a 45-year-old, now a 59-year-old, now Emma Morano is in oblivi",KernelDensityGECO,1,0.001,how old is emma morano now,msmarco-passage/train,ielabgroup/vec2text_gtr-base-st_corrector
336901,how old is vanessa redgrave,"old and a man of 92 years old, Virgil Hill is a 4 year old on the bluff of Bob Crawford",KernelDensityGECO,1,0.001,how old is virgil hill,msmarco-passage/train,ielabgroup/vec2text_gtr-base-st_corrector
336901,how old is vanessa redgrave,"was 23 years old and a non-professional, Sigourney Weedleweaver in ""The Alien: Enterprise of Karen",KernelDensityGECO,1,0.001,how old was sigourney weaver in alien,msmarco-passage/train,ielabgroup/vec2text_gtr-base-st_corrector
336901,how old is vanessa redgrave,Age of consent in Va,KernelDensityGECO,1,0.001,age of consent in va,msmarco-passage/train,ielabgroup/vec2text_gtr-base-st_corrector
336901,how old is vanessa redgrave,63-year-old / / Jeff Gordon / / / / / Joss Whelan,KernelDensityGECO,1,0.001,how old is jeff gordon,msmarco-passage/train,ielabgroup/vec2text_gtr-base-st_corrector
336901,how old is vanessa redgrave,"62 years old (following the sacking of Dr. Jebediah Whitefield and his family), Jeff Sessions (age 62)",KernelDensityGECO,1,0.001,how old is jeff sessions?,msmarco-passage/train,ielabgroup/vec2text_gtr-base-st_corrector
336901,how old is vanessa redgrave,a mere 10 years old. MC brib mcena rebb Rebekah / I'm Centr,KernelDensityGECO,1,0.001,cortana how old is reba mcentire,msmarco-passage/train,ielabgroup/vec2text_gtr-base-st_corrector
336901,how old is vanessa redgrave,"230-year-old figurines of Venus (as well as the aforementioned ""Vegetaria"" packaging) are dated to",KernelDensityGECO,1,0.001,how old are venus figurines,msmarco-passage/train,ielabgroup/vec2text_gtr-base-st_corrector
336901,how old is vanessa redgrave,Cassius is 56,KernelDensityGECO,1,0.001,How old is cassius is?,msmarco-passage/train,ielabgroup/vec2text_gtr-base-st_corrector
390360,ia suffix meaning,ancestry of the Irish 'Irish' names - meaning of 'haughty' - meaning of 'of,KernelDensityGECO,1,0.001,irish name meanings,msmarco-passage/train,ielabgroup/vec2text_gtr-base-st_corrector
390360,ia suffix meaning,Idiary medical Idiary medical (Id AP) is a medical condition of the intestine and arteries of,KernelDensityGECO,1,0.001,what is iad medical,msmarco-passage/train,ielabgroup/vec2text_gtr-base-st_corrector
390360,ia suffix meaning,() prefix is used in anemia by the anaesthetic prefix  () and the anaeso,KernelDensityGECO,1,0.001,what is the prefix used in anemia,msmarco-passage/train,ielabgroup/vec2text_gtr-base-st_corrector
390360,ia suffix meaning,(abbreviation ofanim,KernelDensityGECO,1,0.001,anima definition,msmarco-passage/train,ielabgroup/vec2text_gtr-base-st_corrector
390360,ia suffix meaning,inas name in arabic Arabic means,KernelDensityGECO,1,0.001,inas arabic name meaning,msmarco-passage/train,ielabgroup/vec2text_gtr-base-st_corrector
390360,ia suffix meaning,ika (David luthrc) ika is a definition of a,KernelDensityGECO,1,0.001,ika definition,msmarco-passage/train,ielabgroup/vec2text_gtr-base-st_corrector
390360,ia suffix meaning,meaning of root word             ic,KernelDensityGECO,1,0.001,meaning of root word ic,msmarco-passage/train,ielabgroup/vec2text_gtr-base-st_corrector
390360,ia suffix meaning,"Irish dialect is a form of irish conflaton sarsh faix, which means 'di",KernelDensityGECO,1,0.001,what does irish dialect faix mean,msmarco-passage/train,ielabgroup/vec2text_gtr-base-st_corrector
390360,ia suffix meaning,axis by a definition of            by,KernelDensityGECO,1,0.001,axis definition of axis by,msmarco-passage/train,ielabgroup/vec2text_gtr-base-st_corrector
390360,ia suffix meaning,"definition of a skeleton (or axial skeleton), a skeletal structure of proximal cruciform skeleton",KernelDensityGECO,1,0.001,define axial skeleton,msmarco-passage/train,ielabgroup/vec2text_gtr-base-st_corrector
405163,is caffeine an narcotic,"a strong neuropathic sensitivity, capsaicin does help with neuropathic pain (neuropausal pain",KernelDensityGECO,1,0.001,does capsaicin help neuropathic pain,msmarco-passage/train,ielabgroup/vec2text_gtr-base-st_corrector
405163,is caffeine an narcotic,"Caffeine (dosage) Caffeine (or caffeine) is a meaning of meat, , and",KernelDensityGECO,1,0.001,caffeine meaning,msmarco-passage/train,ielabgroup/vec2text_gtr-base-st_corrector
405163,is caffeine an narcotic,"a number of alcoholic drinks containing stimulant stimulants and energizing energy, alcohol is considered to be a stimulant",KernelDensityGECO,1,0.001,is alcohol considered a stimulant,msmarco-passage/train,ielabgroup/vec2text_gtr-base-st_corrector
405163,is caffeine an narcotic,(doctors say a lot about a doctor's opinion) say that drinking coffee is harmful to the body and to droe,KernelDensityGECO,1,0.001,what do drs say about drinking coffee,msmarco-passage/train,ielabgroup/vec2text_gtr-base-st_corrector
405163,is caffeine an narcotic,a 0.5 mg caffeine lethal dose (caffeine adrenaline - acetylcholine -,KernelDensityGECO,1,0.001,caffeine lethal dose,msmarco-passage/train,ielabgroup/vec2text_gtr-base-st_corrector
405163,is caffeine an narcotic,differences in the amount of caffeine in keffeinated coffee and adiope between coffee and coke and scotch coffee,KernelDensityGECO,1,0.001,caffeine in coke and coffee different,msmarco-passage/train,ielabgroup/vec2text_gtr-base-st_corrector
405163,is caffeine an narcotic,"Recommendations are: caffeine recommendation (as a medley of 8 g daily for a healthy diet), 15 g",KernelDensityGECO,1,0.001,caffeine recommendations,msmarco-passage/train,ielabgroup/vec2text_gtr-base-st_corrector
405163,is caffeine an narcotic,"is a narcotic, and the use of a drug, leprosa, nexusab is a anxious",KernelDensityGECO,1,0.001,is lexapro a narcotic,msmarco-passage/train,ielabgroup/vec2text_gtr-base-st_corrector
405163,is caffeine an narcotic,if a mr iced coffee is over 8 oz. Mr. Brown iced coffee coffee does have caffeine based,KernelDensityGECO,1,0.001,does mr brown iced coffee have caffeine,msmarco-passage/train,ielabgroup/vec2text_gtr-base-st_corrector
405163,is caffeine an narcotic,"on the condition of coffee, and the growing coffee addiction in the United Kingdom, has shown that coffee is an addiction, but that it is a habit",KernelDensityGECO,1,0.001,is coffee an addiction,msmarco-passage/train,ielabgroup/vec2text_gtr-base-st_corrector
42255,average salary for dental hygienist in nebraska,temperature of groundwater in the state of Nebraska (Nebraska) ranges from 80 to 230 °C. Unlike the lower water,KernelDensityGECO,1,0.001,temperature of groundwater in nebraska,msmarco-passage/train,ielabgroup/vec2text_gtr-base-st_corrector
42255,average salary for dental hygienist in nebraska,"(Nebraska) is a state in the U.S. state of Nebraska, on the map of what is now Southern California.",KernelDensityGECO,1,0.001,where is nebraska?,msmarco-passage/train,ielabgroup/vec2text_gtr-base-st_corrector
42255,average salary for dental hygienist in nebraska,at the start of a tooth or molar or the start of aperidont (orthodontist) is the starting salary,KernelDensityGECO,1,0.001,what is the starting salary for an orthodontist,msmarco-passage/train,ielabgroup/vec2text_gtr-base-st_corrector
42255,average salary for dental hygienist in nebraska,"registered and a registered nutritionist who represents the United States of America RD - a salary of 150,000 to 75,000",KernelDensityGECO,1,0.001,registered nutritionist salary,msmarco-passage/train,ielabgroup/vec2text_gtr-base-st_corrector
42255,average salary for dental hygienist in nebraska,the average cost of whitening your teeth or 'whitened' the teeth at the dentists' or 'done in the park,KernelDensityGECO,1,0.001,what's the average cost to get your teeth whitened at the dentist,msmarco-passage/train,ielabgroup/vec2text_gtr-base-st_corrector
42255,average salary for dental hygienist in nebraska,a salary of              travel,KernelDensityGECO,1,0.001,what is the average salary of a travel rn,msmarco-passage/train,ielabgroup/vec2text_gtr-base-st_corrector
42255,average salary for dental hygienist in nebraska,dental hygienist/hygienist/hygienist salary of 10.00 a year a salary,KernelDensityGECO,1,0.001,dental hygienist salary a year,msmarco-passage/train,ielabgroup/vec2text_gtr-base-st_corrector
42255,average salary for dental hygienist in nebraska,nursing salary in South Africa per month (approximately £700 per month,KernelDensityGECO,1,0.001,nursing salary in south africa per month,msmarco-passage/train,ielabgroup/vec2text_gtr-base-st_corrector
42255,average salary for dental hygienist in nebraska,"average salary of a dental hygienist, dental hygienist, or hygieniasm",KernelDensityGECO,1,0.001,average salary of a dental hygienist,msmarco-passage/train,ielabgroup/vec2text_gtr-base-st_corrector
42255,average salary for dental hygienist in nebraska,average salary for a dental hygienist (dontroethist) in North Carolina ranging from 0 to,KernelDensityGECO,1,0.001,what is the average salary for a dental hygienist in north carolina,msmarco-passage/train,ielabgroup/vec2text_gtr-base-st_corrector
47210,average wedding dress alteration cost,"start of a wedding or after a wedding is started, how much flowers cost or how much they cost or how much they cost or where they cost",KernelDensityGECO,1,0.001,how much do wedding flowers cost,msmarco-passage/train,ielabgroup/vec2text_gtr-base-st_corrector
47210,average wedding dress alteration cost,cost of a c.a. ($1500 to $1500) of endometrial ablation procedure and subsequently menstrual bypass,KernelDensityGECO,1,0.001,cost of endometrial ablation procedure,msmarco-passage/train,ielabgroup/vec2text_gtr-base-st_corrector
47210,average wedding dress alteration cost,starting price of floral designs (flaviscan flowers) or a trend of floral design (price of a wedding) is $2000,KernelDensityGECO,1,0.001,average cost of wedding floral designs,msmarco-passage/train,ielabgroup/vec2text_gtr-base-st_corrector
47210,average wedding dress alteration cost,"in the reincarnation of a person or a sarcastic body, how much does cremation cost or how much does it cost",KernelDensityGECO,1,0.001,how much does cremation cost,msmarco-passage/train,ielabgroup/vec2text_gtr-base-st_corrector
47210,average wedding dress alteration cost,about $600.00 a wedding at Sprucewood Shores (Coast Place) and a wedding is celebrated at the heart of,KernelDensityGECO,1,0.001,how much does a wedding cost at sprucewood shores,msmarco-passage/train,ielabgroup/vec2text_gtr-base-st_corrector
47210,average wedding dress alteration cost,"between the price of $150 to $600 for a typical wedding photography price, a.k.a. “wedding” or “client photography",KernelDensityGECO,1,0.001,typical price for wedding photography,msmarco-passage/train,ielabgroup/vec2text_gtr-base-st_corrector
47210,average wedding dress alteration cost,"cost of an average savage speechmaster (or a toastmaster or a toastmaster) or a wedding service, a price",KernelDensityGECO,1,0.001,what is the average cost of a wedding toastmaster,msmarco-passage/train,ielabgroup/vec2text_gtr-base-st_corrector
47210,average wedding dress alteration cost,"in the neocortical or adreneal location, a cataract surgery usually cost between $800 and $1500",KernelDensityGECO,1,0.001,how much does a cataract surgery cost,msmarco-passage/train,ielabgroup/vec2text_gtr-base-st_corrector
47210,average wedding dress alteration cost,"of a cost of 150,000  0.005 , microdermabrasion treatment is the treatment of a delicate skin condition",KernelDensityGECO,1,0.001,average cost of microdermabrasion treatment,msmarco-passage/train,ielabgroup/vec2text_gtr-base-st_corrector
47210,average wedding dress alteration cost,(U.S.): $60/sop tuck or cost (U.S.): $100/sop t,KernelDensityGECO,1,0.001,cost for tummy tuck,msmarco-passage/train,ielabgroup/vec2text_gtr-base-st_corrector
555530,what are best foods to lower cholesterol,"a fatty food containing ice, corn, or reeds, or eat Cayces and Pirapagomo",KernelDensityGECO,1,0.001,what foods to eat if you have inflammation,msmarco-passage/train,ielabgroup/vec2text_gtr-base-st_corrector
555530,what are best foods to lower cholesterol,"foods ranging from a graze of a nut to a cup of water, constipation, and olive oil are believed to",KernelDensityGECO,1,0.001,foods that help with constipation,msmarco-passage/train,ielabgroup/vec2text_gtr-base-st_corrector
555530,what are best foods to lower cholesterol,"foods to eat to get rid of a heartburn, e.g., rye d'o, a caffe",KernelDensityGECO,1,0.001,foods to eat to get rid of heartburn,msmarco-passage/train,ielabgroup/vec2text_gtr-base-st_corrector
555530,what are best foods to lower cholesterol,"a variety of foods, a pound of romaine, a cranberry meal, will curb your appetite until you abate",KernelDensityGECO,1,0.001,what foods will curb my appetite?,msmarco-passage/train,ielabgroup/vec2text_gtr-base-st_corrector
555530,what are best foods to lower cholesterol,"popular diets are a low-fat diet (adopted by a few stew lists), rye, chicken, and meat",KernelDensityGECO,1,0.001,which popular diets are low fat,msmarco-passage/train,ielabgroup/vec2text_gtr-base-st_corrector
555530,what are best foods to lower cholesterol,"foods to reduce blood pressure naturally at home, e.g. a sex ration, a patty, a sausage",KernelDensityGECO,1,0.001,foods to reduce blood pressure naturally,msmarco-passage/train,ielabgroup/vec2text_gtr-base-st_corrector
555530,what are best foods to lower cholesterol,"as much as 500 mg of oatmeal to help lower cholesterol, or as low as 0.5 mg of a pound of ketchup or milk",KernelDensityGECO,1,0.001,how much oatmeal to lower cholesterol,msmarco-passage/train,ielabgroup/vec2text_gtr-base-st_corrector
555530,what are best foods to lower cholesterol,"amount of fish oil, a low dose of 0.1 mg/L of omega-3 fatty fatty acid to decrease cholesterol levels and a lower",KernelDensityGECO,1,0.001,amount of fish oil to lower cholesterol,msmarco-passage/train,ielabgroup/vec2text_gtr-base-st_corrector
555530,what are best foods to lower cholesterol,"foods to eat to lower the blood pressure of a meal, e.g., oats, white berries, salted",KernelDensityGECO,1,0.001,foods to eat to help lower blood pressure,msmarco-passage/train,ielabgroup/vec2text_gtr-base-st_corrector
555530,what are best foods to lower cholesterol,"a light breakfast based on a healthy fat, such as a glass of white fat, will keep your stress test to check for egg",KernelDensityGECO,1,0.001,what is good light breakfast to eat before stress test,msmarco-passage/train,ielabgroup/vec2text_gtr-base-st_corrector
583468,what carvedilol used for,"use of the Chippewa, they are well known for their use in a wide range of weapons and elusion. This led",KernelDensityGECO,1,0.001,the chippewa are well known for the use of what,msmarco-passage/train,ielabgroup/vec2text_gtr-base-st_corrector
583468,what carvedilol used for,"(Sandalwood oil) is used for its fragrance oils, ginseng, tea, and paprika and the oils are used for",KernelDensityGECO,1,0.001,what is sandalwood oil used for,msmarco-passage/train,ielabgroup/vec2text_gtr-base-st_corrector
583468,what carvedilol used for,cisprosodol drugs (caraiodol-progesterone-steroid-enhancing drugs),KernelDensityGECO,1,0.001,carisoprodol drugs,msmarco-passage/train,ielabgroup/vec2text_gtr-base-st_corrector
583468,what carvedilol used for,ointment is used for the treatment of skin rheumatoid pain and Dermalone oint,KernelDensityGECO,1,0.001,what is dermalone ointment used for,msmarco-passage/train,ielabgroup/vec2text_gtr-base-st_corrector
583468,what carvedilol used for,"olanzapine olanzapine is used to treat euzephrine, schizophrenia and apne",KernelDensityGECO,1,0.001,what is olanzapine used to treat,msmarco-passage/train,ielabgroup/vec2text_gtr-base-st_corrector
583468,what carvedilol used for,"(prednesol) or prednesol is used for sneezing conditioned mucosa, and",KernelDensityGECO,1,0.001,what is prednesol used for,msmarco-passage/train,ielabgroup/vec2text_gtr-base-st_corrector
583468,what carvedilol used for,(Toluene) is used for adolescent oil and hexaethyl alcohol. It is used,KernelDensityGECO,1,0.001,what is toluene used for,msmarco-passage/train,ielabgroup/vec2text_gtr-base-st_corrector
583468,what carvedilol used for,Diamox (Diamox) is prescribed by diaerovir to treat chronic gastrointestinal and lactation disorder and to treat,KernelDensityGECO,1,0.001,what is diamox prescribed for,msmarco-passage/train,ielabgroup/vec2text_gtr-base-st_corrector
583468,what carvedilol used for,"used for painkillers, and advil (adhesive pomegranate) is used to protect children from bru",KernelDensityGECO,1,0.001,what is advil used for,msmarco-passage/train,ielabgroup/vec2text_gtr-base-st_corrector
583468,what carvedilol used for,spironolactone is used for a variety of hematosaccharoectolipids and olac,KernelDensityGECO,1,0.001,what is spironolactone used for,msmarco-passage/train,ielabgroup/vec2text_gtr-base-st_corrector
640502,what does it mean if your tsh is low,why a printer will say 'canon ink is low' when a new cartridge has been in stock of ink and a new,KernelDensityGECO,1,0.001,why dose my canon printer say ink low when a new cartridge has been put in,msmarco-passage/train,ielabgroup/vec2text_gtr-base-st_corrector
640502,what does it mean if your tsh is low,a decrease in the circulating blood (e.g. a decrease in NR/min) causes a decrease in the bun,KernelDensityGECO,1,0.001,causes for a decrease in bun,msmarco-passage/train,ielabgroup/vec2text_gtr-base-st_corrector
640502,what does it mean if your tsh is low,"a tyre removed and your thyroid is hoarse, so you will get more hoarse and nought when",KernelDensityGECO,1,0.001,does having your thyroid removed make you hoarse,msmarco-passage/train,ielabgroup/vec2text_gtr-base-st_corrector
640502,what does it mean if your tsh is low,a high-thyroid stimulating hormone means is a high amount of thyroid hormone and a high amount of other hormones that will be absorbed,KernelDensityGECO,1,0.001,what does high thyroid stimulating hormone mean,msmarco-passage/train,ielabgroup/vec2text_gtr-base-st_corrector
640502,what does it mean if your tsh is low,"a lack of fat and lipids such as phenylamine. Using healthy skin to reduce the amount of skin, it can cause",KernelDensityGECO,1,0.001,what causes thin skin,msmarco-passage/train,ielabgroup/vec2text_gtr-base-st_corrector
640502,what does it mean if your tsh is low,it obstructs your hair and your gagging. Your thyroid in women does a lot to help you determine what you are going through,KernelDensityGECO,1,0.001,what does your thyroid do in women,msmarco-passage/train,ielabgroup/vec2text_gtr-base-st_corrector
640502,what does it mean if your tsh is low,"not enough levothyroxine to elicit sufficient thyroxine, the most significant symptoms are stools, stools,",KernelDensityGECO,1,0.001,symptoms of not enough levothyroxine stools,msmarco-passage/train,ielabgroup/vec2text_gtr-base-st_corrector
640502,what does it mean if your tsh is low,"when a thyroid is shrinking, it means a tetanus marrow, aorta, or a",KernelDensityGECO,1,0.001,what does it mean when thyroid is shrinking,msmarco-passage/train,ielabgroup/vec2text_gtr-base-st_corrector
640502,what does it mean if your tsh is low,"(mb/di) is low when you have anaemia, or a blood count of 0.4 to 4.7 times your average blood",KernelDensityGECO,1,0.001,what is low when you have anemia,msmarco-passage/train,ielabgroup/vec2text_gtr-base-st_corrector
640502,what does it mean if your tsh is low,a lack of a healthy rbc (adrenergic or rabbit) will cause low RBC levels or low blood,KernelDensityGECO,1,0.001,what causes low rbc,msmarco-passage/train,ielabgroup/vec2text_gtr-base-st_corrector
67316,can fever cause miscarriage early pregnancy,"symptoms from fever (spread from chills, spouts, fever, spouts) is a sign of fever",KernelDensityGECO,1,0.001,symptoms of fever,msmarco-passage/train,ielabgroup/vec2text_gtr-base-st_corrector
67316,can fever cause miscarriage early pregnancy,"during pregnancy, or a pregnancies, scoliosis affects pregnancy, but is unlikely to affect a tracile",KernelDensityGECO,1,0.001,does scoliosis affect pregnancy,msmarco-passage/train,ielabgroup/vec2text_gtr-base-st_corrector
67316,can fever cause miscarriage early pregnancy,ICCD (pregnant XY if a pregnancies are less than 10 months early) Early pregnancy is code,KernelDensityGECO,1,0.001,icd code early pregnancy,msmarco-passage/train,ielabgroup/vec2text_gtr-base-st_corrector
67316,can fever cause miscarriage early pregnancy,"definition unforgiving fever is a fever that develops over the elasticity of the fetus, aka nask",KernelDensityGECO,1,0.001,define unforgiving fever,msmarco-passage/train,ielabgroup/vec2text_gtr-base-st_corrector
67316,can fever cause miscarriage early pregnancy,"femurs. This usually kills CF patients if the patient has a strong femur, such as a brain",KernelDensityGECO,1,0.001,what usually kills patients with cf,msmarco-passage/train,ielabgroup/vec2text_gtr-base-st_corrector
67316,can fever cause miscarriage early pregnancy,"a fetus pill, vitamin C vitamin c and vitamin C vitamin c1 may cause miscarriage",KernelDensityGECO,1,0.001,which vitamin c pills cause miscarriage,msmarco-passage/train,ielabgroup/vec2text_gtr-base-st_corrector
67316,can fever cause miscarriage early pregnancy,"in pregnancy, hypothyroidism (or hypothyroidism etiosis) affects the thyroid and prevent",KernelDensityGECO,1,0.001,how does hypothyroidism affect pregnancy,msmarco-passage/train,ielabgroup/vec2text_gtr-base-st_corrector
67316,can fever cause miscarriage early pregnancy,"fibroid symptoms after menopause, such as femur clots, nitric pain and menopause",KernelDensityGECO,1,0.001,fibroid symptoms after menopause,msmarco-passage/train,ielabgroup/vec2text_gtr-base-st_corrector
67316,can fever cause miscarriage early pregnancy,"people. When a man passes through the sleeve, yellow fever affects the ills of Asian patients and Usainaki",KernelDensityGECO,1,0.001,who does yellow fever affect,msmarco-passage/train,ielabgroup/vec2text_gtr-base-st_corrector
67316,can fever cause miscarriage early pregnancy,"when the tyrosine sphingosin (TSH) level is low during pregnancy, it will usually deteriorate and result",KernelDensityGECO,1,0.001,what happens when your tsh level is low in pregnancy,msmarco-passage/train,ielabgroup/vec2text_gtr-base-st_corrector
673670,what is a alm,a.m. and a.m.; PM and AM stand for Ameridian Timeline; and 5 PM and 9 PM stand,KernelDensityGECO,1,0.001,what am and pm stand for,msmarco-passage/train,ielabgroup/vec2text_gtr-base-st_corrector
673670,what is a alm,your body. Almased does a body-wide biosynthesis that helps your body to stop dilated oils and viruses that can damage,KernelDensityGECO,1,0.001,what does almased do for your body,msmarco-passage/train,ielabgroup/vec2text_gtr-base-st_corrector
673670,what is a alm,"the mlm, a worldwide online entrepreneur's adage business, the mlm-Milano.",KernelDensityGECO,1,0.001,what is an mlm?,msmarco-passage/train,ielabgroup/vec2text_gtr-base-st_corrector
673670,what is a alm,"county in Alma, GA. Alma & Barton-on-the-Lambock General Services Union subsidized",KernelDensityGECO,1,0.001,"what county is alma, ga in?",msmarco-passage/train,ielabgroup/vec2text_gtr-base-st_corrector
673670,what is a alm,", Alphanumeric letters are",KernelDensityGECO,1,0.001,what are alphanumeric letters,msmarco-passage/train,ielabgroup/vec2text_gtr-base-st_corrector
673670,what is a alm,defined endoscopy avm (avm) via a periamma or a nematode.,KernelDensityGECO,1,0.001,define avm via endoscopy,msmarco-passage/train,ielabgroup/vec2text_gtr-base-st_corrector
673670,what is a alm,ALT medical term ALT (alternative medical term) is a medical term that is commonly identified as primary hyperthyroidism and cardio,KernelDensityGECO,1,0.001,what is alt medical term,msmarco-passage/train,ielabgroup/vec2text_gtr-base-st_corrector
673670,what is a alm,a condition called Multiple sclerosis and Kopf-Up Syndrome. ALS stands for Advanced Left,KernelDensityGECO,1,0.001,what does als stand for,msmarco-passage/train,ielabgroup/vec2text_gtr-base-st_corrector
673670,what is a alm,almsgiving almsgiving () (the eve of a feast on the eve of Mark Christmas,KernelDensityGECO,1,0.001,almsgiving meaning,msmarco-passage/train,ielabgroup/vec2text_gtr-base-st_corrector
673670,what is a alm,"aa (so-called 'aa') in a cafe restaurant, it means a cup of coffee or a main",KernelDensityGECO,1,0.001,what does aa mean in a cafe,msmarco-passage/train,ielabgroup/vec2text_gtr-base-st_corrector
701453,what is a statutory deed,"a stafford loan, is a debt-for-investment loan that aims to pay off its annualnass",KernelDensityGECO,1,0.001,what's a stafford loan,msmarco-passage/train,ielabgroup/vec2text_gtr-base-st_corrector
701453,what is a statutory deed,value of stated insurance value (Stated Value Insurance) is a statutory insurance policy allowing the payment of a deductible premium on,KernelDensityGECO,1,0.001,stated value insurance definition,msmarco-passage/train,ielabgroup/vec2text_gtr-base-st_corrector
701453,what is a statutory deed,State it (infrastructural) State it () is a municipality of the state of the state. It is energy,KernelDensityGECO,1,0.001,what is state it,msmarco-passage/train,ielabgroup/vec2text_gtr-base-st_corrector
701453,what is a statutory deed,Sherman Silver Purchase Act is a federal act of the post-apocalyptic silver tax,KernelDensityGECO,1,0.001,what is sherman silver purchase act,msmarco-passage/train,ielabgroup/vec2text_gtr-base-st_corrector
701453,what is a statutory deed,a student loan or a direct/direct-department student loan is a financial aid plan that is funded by Sturdnor,KernelDensityGECO,1,0.001,what is a direct stafford student loan,msmarco-passage/train,ielabgroup/vec2text_gtr-base-st_corrector
701453,what is a statutory deed,"a quitclaim deed, it works by a writ of trust and a will of a trust holder to compute",KernelDensityGECO,1,0.001,how does a quitclaim deed work,msmarco-passage/train,ielabgroup/vec2text_gtr-base-st_corrector
701453,what is a statutory deed,a difference between a deed in a trust and a deed in a land trust.,KernelDensityGECO,1,0.001,what is the difference between a deed in trust & a land trust?,msmarco-passage/train,ielabgroup/vec2text_gtr-base-st_corrector
701453,what is a statutory deed,"definition of a staff sergeant, a jog, a sailor, a commodore, corporal",KernelDensityGECO,1,0.001,definition of staff sergeant,msmarco-passage/train,ielabgroup/vec2text_gtr-base-st_corrector
701453,what is a statutory deed,what the victorian-Victorian Property Law Act is about. It is a law claiming that the property law is based,KernelDensityGECO,1,0.001,what is the victorian property law act about,msmarco-passage/train,ielabgroup/vec2text_gtr-base-st_corrector
701453,what is a statutory deed,"what is supremacy clause , , , , , , , is a clause in the United States Constitution and its law",KernelDensityGECO,1,0.001,what is supremacy clause,msmarco-passage/train,ielabgroup/vec2text_gtr-base-st_corrector
730539,what is chronometer who invented it,"photographer Edward Mitchell Lazarus, who invented zone system, a photographic system containing a number of zones from 1900 onwards by photographer James",KernelDensityGECO,1,0.001,what photographer invented zone system,msmarco-passage/train,ielabgroup/vec2text_gtr-base-st_corrector
730539,what is chronometer who invented it,"what he did as a scientist, Joachim Kepler advectrate and made observations of a planetary",KernelDensityGECO,1,0.001,what did johannes kepler do as a scientist,msmarco-passage/train,ielabgroup/vec2text_gtr-base-st_corrector
730539,what is chronometer who invented it,"Luca Gherardo Glemmoni invented, and Glemmono Marcuccio, a Marco Polono",KernelDensityGECO,1,0.001,what did guglielmo marconi invented,msmarco-passage/train,ielabgroup/vec2text_gtr-base-st_corrector
730539,what is chronometer who invented it,"origin of o'clock, is the origin of the time from the time of the 18th century (O.S.",KernelDensityGECO,1,0.001,what is origin of o'clock,msmarco-passage/train,ielabgroup/vec2text_gtr-base-st_corrector
730539,what is chronometer who invented it,the line-up. George Frederick Teg and Paula E. M. Teg and Sons invented the concept of Tapers. Tapered,KernelDensityGECO,1,0.001,who invented the lineup for tapers,msmarco-passage/train,ielabgroup/vec2text_gtr-base-st_corrector
730539,what is chronometer who invented it,"who invented the enigma, a hysterical necromancer and a mystical mystery, the Enigma",KernelDensityGECO,1,0.001,who invented the enigma,msmarco-passage/train,ielabgroup/vec2text_gtr-base-st_corrector
730539,what is chronometer who invented it,"a German explorer, who invented the chatter, a talk by A.M.J. Fisher and A.M. Johans",KernelDensityGECO,1,0.001,who invented the chatter?,msmarco-passage/train,ielabgroup/vec2text_gtr-base-st_corrector
730539,what is chronometer who invented it,"a invention by George Frederick Dickens and Mary Louis Claudette, who invented the clitoris and a clital",KernelDensityGECO,1,0.001,who invented the clitoris,msmarco-passage/train,ielabgroup/vec2text_gtr-base-st_corrector
730539,what is chronometer who invented it,"manufacturer Oscar-Benz, who makes quartz watches. Oscar-Benz and Eisemann & Schneider",KernelDensityGECO,1,0.001,who makes quartz watches,msmarco-passage/train,ielabgroup/vec2text_gtr-base-st_corrector
730539,what is chronometer who invented it,"who was the first to discover dnaC and dnaA with phylogenetic alterations, explorers discovered DNA",KernelDensityGECO,1,0.001,who was the first to discover dna,msmarco-passage/train,ielabgroup/vec2text_gtr-base-st_corrector
768208,what is mamey,"chamoy is made of chamoy (chocolate) and is made of a mixture of worm, vegetable oil,",KernelDensityGECO,1,0.001,what is chamoy made of,msmarco-passage/train,ielabgroup/vec2text_gtr-base-st_corrector
768208,what is mamey,"defined as palty. A form of a tarsome, a blocky, a fluid, aplastic, and resilient magnet",KernelDensityGECO,1,0.001,define palty,msmarco-passage/train,ielabgroup/vec2text_gtr-base-st_corrector
768208,what is mamey,"the Myoneme. Myoneme is a marrow adipose, and serves as a function of its metabolism.",KernelDensityGECO,1,0.001,what is a myoneme? what is its function?,msmarco-passage/train,ielabgroup/vec2text_gtr-base-st_corrector
768208,what is mamey,"a kamea is a flora of the baemones coma, also known as a",KernelDensityGECO,1,0.001,what is a kamea,msmarco-passage/train,ielabgroup/vec2text_gtr-base-st_corrector
768208,what is mamey,(Chiosemyopathy) is a disease of the femora and gastrointestinal tract (cardiac disease) which,KernelDensityGECO,1,0.001,what is  cardiomyopathy,msmarco-passage/train,ielabgroup/vec2text_gtr-base-st_corrector
768208,what is mamey,a comprehensive list of a variety of guides known as Carey Guides. They are a factory guide with a focus on fiber optic ca,KernelDensityGECO,1,0.001,what are carey guides,msmarco-passage/train,ielabgroup/vec2text_gtr-base-st_corrector
768208,what is mamey,"food of the city, Monterrey is known for a food that's been around for years for emuiso cheese.",KernelDensityGECO,1,0.001,what food is monterey known for?,msmarco-passage/train,ielabgroup/vec2text_gtr-base-st_corrector
768208,what is mamey,Sime Me a sime me a is a software telecommunications card that synchronizes data with a SIM. It,KernelDensityGECO,1,0.001,what does sim me,msmarco-passage/train,ielabgroup/vec2text_gtr-base-st_corrector
768208,what is mamey,a croque madame (Crème d'Étienne) is a croquet that is a hamcake,KernelDensityGECO,1,0.001,what is a croque madame,msmarco-passage/train,ielabgroup/vec2text_gtr-base-st_corrector
768208,what is mamey,"the name Jasey, which means 'a jaunty boy' or 'a jaunty jauntle",KernelDensityGECO,1,0.001,what does the name jasey mean,msmarco-passage/train,ielabgroup/vec2text_gtr-base-st_corrector
877809,what metal are hip replacements made of,HIP roof HIP roof ( ) is a type of a soft-thigh roof on the roof of a car,KernelDensityGECO,1,0.001,what is hip roof,msmarco-passage/train,ielabgroup/vec2text_gtr-base-st_corrector
877809,what metal are hip replacements made of,"metals that can be soldered, e.g. hexametal, sulphur-co and solder",KernelDensityGECO,1,0.001,metals that can be soldered,msmarco-passage/train,ielabgroup/vec2text_gtr-base-st_corrector
877809,what metal are hip replacements made of,metals Dragon Age dronds metals (,KernelDensityGECO,1,0.001,metals dragon age,msmarco-passage/train,ielabgroup/vec2text_gtr-base-st_corrector
877809,what metal are hip replacements made of,"what a companion can protect is light metal, a compass that can be lightweight and can take your family or children to the",KernelDensityGECO,1,0.001,what is light metal that can protect your companion,msmarco-passage/train,ielabgroup/vec2text_gtr-base-st_corrector
877809,what metal are hip replacements made of,"referred to as two elements – aluminium and thorium and petrofur, which make steel, and ice",KernelDensityGECO,1,0.001,what two elements make steel,msmarco-passage/train,ielabgroup/vec2text_gtr-base-st_corrector
877809,what metal are hip replacements made of,"(common hydroxide, neo-cellulose, or water) lubricates hip joints, which are lubricating joints",KernelDensityGECO,1,0.001,what lubricates hip joints,msmarco-passage/train,ielabgroup/vec2text_gtr-base-st_corrector
877809,what metal are hip replacements made of,"a series of insulators and insulators make up Slip ceramic, which is made up of a wide range of materials including sodium glu",KernelDensityGECO,1,0.001,what makes up slip ceramic,msmarco-passage/train,ielabgroup/vec2text_gtr-base-st_corrector
877809,what metal are hip replacements made of,"a modern flute is made from a mixture of flint and arachnids, fluorine and is made",KernelDensityGECO,1,0.001,what is a modern flute made from,msmarco-passage/train,ielabgroup/vec2text_gtr-base-st_corrector
877809,what metal are hip replacements made of,"materials for Kimmidolls, they are made out of materials such as kelvin, shards, and a porous ball",KernelDensityGECO,1,0.001,what materials are kimmidolls made out,msmarco-passage/train,ielabgroup/vec2text_gtr-base-st_corrector
877809,what metal are hip replacements made of,of tin – tin-as-a-porous faint metal – is a type metal,KernelDensityGECO,1,0.001,what type of metal is tin,msmarco-passage/train,ielabgroup/vec2text_gtr-base-st_corrector
911232,"what type of conflict does della face in o, henry the gift of the magi",. Amelia writes a separate instrument to amend the prior document. Amelia amends her will on a separate written document. This document is,KernelDensityGECO,1,0.001,Amelia executes a separate written instrument to amend her prior will. This separate document is,msmarco-passage/train,ielabgroup/vec2text_gtr-base-st_corrector
911232,"what type of conflict does della face in o, henry the gift of the magi",why Italy-Italy entered World War II on a slew of rivalries before its admission into the ii Anzi,KernelDensityGECO,1,0.001,why did italy enter into world war ii,msmarco-passage/train,ielabgroup/vec2text_gtr-base-st_corrector
911232,"what type of conflict does della face in o, henry the gift of the magi","challenges that the Oselmec land provided. These challenges include regaining mobility, armament, and malnourishment.",KernelDensityGECO,1,0.001,what challenges did the olmec land provide,msmarco-passage/train,ielabgroup/vec2text_gtr-base-st_corrector
911232,"what type of conflict does della face in o, henry the gift of the magi","who promises liberty through the ""Magna Carta"" is a testament to the king and lord of Lombardy and France",KernelDensityGECO,1,0.001,who promises liberty in the magna carta,msmarco-passage/train,ielabgroup/vec2text_gtr-base-st_corrector
911232,"what type of conflict does della face in o, henry the gift of the magi",how satirical is the story “Tom Walker and the Devil” in the ploys that he is called “Irving,KernelDensityGECO,1,0.001,how Irving is being satirical in the story called the devil and tom walker,msmarco-passage/train,ielabgroup/vec2text_gtr-base-st_corrector
911232,"what type of conflict does della face in o, henry the gift of the magi",taglia is a meaning of the Lambeau’s taglia. It means “could” or “s,KernelDensityGECO,1,0.001,what does taglia mean,msmarco-passage/train,ielabgroup/vec2text_gtr-base-st_corrector
911232,"what type of conflict does della face in o, henry the gift of the magi","collection of STIlton books, the genre is Geronimo Mercado (fantasy novel) STIlton",KernelDensityGECO,1,0.001,what genre is geronimo stilton books,msmarco-passage/train,ielabgroup/vec2text_gtr-base-st_corrector
911232,"what type of conflict does della face in o, henry the gift of the magi",what happened to Roy (Rony Rys) in the climax of Shipping War. The shipwrecks ended up destroying machines,KernelDensityGECO,1,0.001,what happened roy from shipping wars,msmarco-passage/train,ielabgroup/vec2text_gtr-base-st_corrector
911232,"what type of conflict does della face in o, henry the gift of the magi","he feels that Atticus knows what he needs to defend Robbie Tomlinson, or that he is preparing to attack him",KernelDensityGECO,1,0.001,what does atticus feel he needs to defend tom robinson,msmarco-passage/train,ielabgroup/vec2text_gtr-base-st_corrector
911232,"what type of conflict does della face in o, henry the gift of the magi","why St. sare was among the mariones of the Huron, is significant because it includes many marionettes of diverse",KernelDensityGECO,1,0.001,why was st marie among the hurons significant,msmarco-passage/train,ielabgroup/vec2text_gtr-base-st_corrector
914916,what type of tissue are bronchioles,"from hay to hay, the tussocks, the intestine, or the body, are about 90 tissues in the body",KernelDensityGECO,1,0.001,how many tissues are in the body,msmarco-passage/train,ielabgroup/vec2text_gtr-base-st_corrector
914916,what type of tissue are bronchioles,"the tissue involved in physiology and physiology, it is the muscula chowratrum which allows rapid communication (or instant",KernelDensityGECO,1,0.001,what tissue allows rapid communication,msmarco-passage/train,ielabgroup/vec2text_gtr-base-st_corrector
914916,what type of tissue are bronchioles,"cells (e.g., meioglobin, adrenovirus, or osteopenia) make up cardiac tissue cellular",KernelDensityGECO,1,0.001,what cell makes up cardiac tissue,msmarco-passage/train,ielabgroup/vec2text_gtr-base-st_corrector
914916,what type of tissue are bronchioles,"a skeleton is constructed of two types of tissue,",KernelDensityGECO,1,0.001,"the skeleton is constructed of two types of tissue, ________",msmarco-passage/train,ielabgroup/vec2text_gtr-base-st_corrector
914916,what type of tissue are bronchioles,"a type of tissues (cylindrical sinuses, phrenic bones, and vascular organs) — cartilage",KernelDensityGECO,1,0.001,what type of tissues are cartilages?,msmarco-passage/train,ielabgroup/vec2text_gtr-base-st_corrector
914916,what type of tissue are bronchioles,a broselow tape (          ) is paint,KernelDensityGECO,1,0.001,what is a broselow tape,msmarco-passage/train,ielabgroup/vec2text_gtr-base-st_corrector
914916,what type of tissue are bronchioles,"the three skeletal tissue types of skeletal arteries, bronchial symposia, and connectives are found throughout the body",KernelDensityGECO,1,0.001,what are the three connective tissues found in the skeletal system,msmarco-passage/train,ielabgroup/vec2text_gtr-base-st_corrector
914916,what type of tissue are bronchioles,"by anatomical bending and a tissue donating muscle, blood connective tissue (also known as connective tissue) is what makes blood",KernelDensityGECO,1,0.001,what makes blood connective tissue,msmarco-passage/train,ielabgroup/vec2text_gtr-base-st_corrector
914916,what type of tissue are bronchioles,"are a different biotic options for bronchitis and atibiotics, and sinus antibiotics for bronchial ache,",KernelDensityGECO,1,0.001,are there different atibiotics for sinus infections and bronchitis,msmarco-passage/train,ielabgroup/vec2text_gtr-base-st_corrector
914916,what type of tissue are bronchioles,a bronchitis (bronchitis elomonasis) Bronchitis is a th,KernelDensityGECO,1,0.001,what is a bronchitis thrush,msmarco-passage/train,ielabgroup/vec2text_gtr-base-st_corrector
938400,when did family feud come out?,when the new ice hockey game Soul calibur (Song of the Sulfur vs. Legend of China) came out in 1989,KernelDensityGECO,1,0.001,when did soul calibur come out,msmarco-passage/train,ielabgroup/vec2text_gtr-base-st_corrector
938400,when did family feud come out?,"in 1788. Using new technology and a new asymmetrical motion, video (or video) was invented and started in the early 1900",KernelDensityGECO,1,0.001,when was video invented,msmarco-passage/train,ielabgroup/vec2text_gtr-base-st_corrector
938400,when did family feud come out?,"in 1996, Leafly came out in the year of 1676, which is the year Leafleaf came out, and a 2004 based",KernelDensityGECO,1,0.001,what year did leafly come out,msmarco-passage/train,ielabgroup/vec2text_gtr-base-st_corrector
938400,when did family feud come out?,"in 1947 (Madamia XIV) and a sarcastic animation, Poptropica was made in October 2015 and made",KernelDensityGECO,1,0.001,when was poptropica made,msmarco-passage/train,ielabgroup/vec2text_gtr-base-st_corrector
938400,when did family feud come out?,"after jenny Bruce, he reportedly came out in February 2014, and reality star Jasper Robertson reportedly came out in March 2015",KernelDensityGECO,1,0.001,when did bruce jenner really come out,msmarco-passage/train,ielabgroup/vec2text_gtr-base-st_corrector
938400,when did family feud come out?,"year a new symphony featuring Black Widow and Ralph Lauren came out, grease came out in the fall of the year 1787",KernelDensityGECO,1,0.001,what year did grease come out,msmarco-passage/train,ielabgroup/vec2text_gtr-base-st_corrector
938400,when did family feud come out?,Year (July 1927 - September 1922) the ffa Foundation (Advocate for a Community) was created,KernelDensityGECO,1,0.001,what year was the ffa foundation created?,msmarco-passage/train,ielabgroup/vec2text_gtr-base-st_corrector
938400,when did family feud come out?,"1894, the year Vogue came out, and vogue came out in the fall of that year with a vogue featuring Bey",KernelDensityGECO,1,0.001,what year did vogue come out,msmarco-passage/train,ielabgroup/vec2text_gtr-base-st_corrector
938400,when did family feud come out?,"around 2006, when everybody talks came out, and on October 24, a new installment of ""Everybody Talks"" was released by Liane",KernelDensityGECO,1,0.001,when did everybody talks come out,msmarco-passage/train,ielabgroup/vec2text_gtr-base-st_corrector
938400,when did family feud come out?,in 1987 with the release of Carabina and Zenout. Effient came out in the early 1980s and has been a companion product,KernelDensityGECO,1,0.001,when did effient come out,msmarco-passage/train,ielabgroup/vec2text_gtr-base-st_corrector
940547,when did rock n roll begin?,defining a sex criterion?        When common law began?,KernelDensityGECO,1,0.001,when did common law begin?,msmarco-passage/train,ielabgroup/vec2text_gtr-base-st_corrector
940547,when did rock n roll begin?,when daylight saving time (daencounter time) begins on August 1 of the calendar year and is a long-standing symbol of the United States,KernelDensityGECO,1,0.001,when is daylight saving time begin,msmarco-passage/train,ielabgroup/vec2text_gtr-base-st_corrector
940547,when did rock n roll begin?,"started in 1857 with the launching of Snopes, a sleuth-false news website. It is",KernelDensityGECO,1,0.001,when was snopes started,msmarco-passage/train,ielabgroup/vec2text_gtr-base-st_corrector
940547,when did rock n roll begin?,(Renaissance and classical music) and the Early Renaissance (began in 1664 and beginning in 116 BCE) which began,KernelDensityGECO,1,0.001,when did The Early Renaissance start,msmarco-passage/train,ielabgroup/vec2text_gtr-base-st_corrector
940547,when did rock n roll begin?,"starting in the late 1940s, a campaign to eschew the 'f' phrase for the establishment started. From this time on.",KernelDensityGECO,1,0.001,when did the phrase  'f' the establishment' start?,msmarco-passage/train,ielabgroup/vec2text_gtr-base-st_corrector
940547,when did rock n roll begin?,a black-brown with started. From 1645,KernelDensityGECO,1,0.001,when did facebook start,msmarco-passage/train,ielabgroup/vec2text_gtr-base-st_corrector
940547,when did rock n roll begin?,"1987, the year of Will Rogers (As a Queen of L.A. androger) who died in 2014 in Los Angeles,",KernelDensityGECO,1,0.001,what year did will rogers die,msmarco-passage/train,ielabgroup/vec2text_gtr-base-st_corrector
940547,when did rock n roll begin?,"starting in 1887, anesthesiology began, and in the mid-1900s, anesthesiology began in the hospital",KernelDensityGECO,1,0.001,when did anesthesiology start,msmarco-passage/train,ielabgroup/vec2text_gtr-base-st_corrector
940547,when did rock n roll begin?,"a football starting in 1932 and a long-running running back to the Great Patriots, professional football began and has existed since it began",KernelDensityGECO,1,0.001,when did professional football begin,msmarco-passage/train,ielabgroup/vec2text_gtr-base-st_corrector
940547,when did rock n roll begin?,"c. 464 BC, plastic was created, forming one of the earliest incarnations of our society, and later being created.",KernelDensityGECO,1,0.001,when was plastic created?,msmarco-passage/train,ielabgroup/vec2text_gtr-base-st_corrector
997622,where is the show shameless filmed,"filmed on location in Arauc, Georgia, and Landsberg, England, and its sequel, ""Deer Hunter"" was filmed on",KernelDensityGECO,1,0.001,where was deer hunter filmed,msmarco-passage/train,ielabgroup/vec2text_gtr-base-st_corrector
997622,where is the show shameless filmed,"in London, New York, Toronto, New Jersey and Palmdale, Florida, Love it or List It To Love It To is filmed on a",KernelDensityGECO,1,0.001,where is love it or list it too filmed,msmarco-passage/train,ielabgroup/vec2text_gtr-base-st_corrector
997622,where is the show shameless filmed,a showcasing of a burgeoning actress (Debbie Deeb) who plays Debbie Deff in shameless,KernelDensityGECO,1,0.001,actress who plays debbie in shameless,msmarco-passage/train,ielabgroup/vec2text_gtr-base-st_corrector
997622,where is the show shameless filmed,"film ""The Great outdoors"" (filmed on location in U.S., Canada, and New Jersey after the first Oscar Wilde film) was",KernelDensityGECO,1,0.001,where was the great outdoors movie filmed,msmarco-passage/train,ielabgroup/vec2text_gtr-base-st_corrector
997622,where is the show shameless filmed,"where the beach was filmed, the island on which it was filmed was one of the sitters for the film ""The Bay of Hawaii""",KernelDensityGECO,1,0.001,where is the island that the beach was filmed at,msmarco-passage/train,ielabgroup/vec2text_gtr-base-st_corrector
997622,where is the show shameless filmed,Beach filmed for the Teen Movie: Teen Beach is filmed on a bare-knuckle beach at a sandback,KernelDensityGECO,1,0.001,what beach is teen beach movie filmed on,msmarco-passage/train,ielabgroup/vec2text_gtr-base-st_corrector
997622,where is the show shameless filmed,"where Thelma and Louise (Tesalea, Louisiana, and Monahannock, New Jersey) was filmed",KernelDensityGECO,1,0.001,where was thelma and louise filmed,msmarco-passage/train,ielabgroup/vec2text_gtr-base-st_corrector
997622,where is the show shameless filmed,"where the YouTube video ""Youtube Walking Cops"" is filmed, ""Youtube",KernelDensityGECO,1,0.001,where is youtube sidewalk cops filmed,msmarco-passage/train,ielabgroup/vec2text_gtr-base-st_corrector
997622,where is the show shameless filmed,"at the home of the New Mexico City and the Baja California mountains, ""Django"" (filmed in Texarkana) was",KernelDensityGECO,1,0.001,where was django filmed,msmarco-passage/train,ielabgroup/vec2text_gtr-base-st_corrector
997622,where is the show shameless filmed,"on location in the city of landa og Eskija, and the one tree hill is filmed in land",KernelDensityGECO,1,0.001,where is one tree hill filmed?,msmarco-passage/train,ielabgroup/vec2text_gtr-base-st_corrector
