query_id,text,obfuscatedText,mechanism,epsilon,top_percentile,pivot_query,pool,corrector_model
1,Ferroportin-1 in humans,-Feritin -Feritin is a peptide in the blood of ferrocin and other substances,KernelDensityGECO,20,0.001,what is ferritin in blood,msmarco-passage/train,ielabgroup/vec2text_gtr-base-st_corrector
1,Ferroportin-1 in humans,"calculation of saturation. Transferrin saturation is calculated to achieve higher saturation rates (e.g., 100 m/L) of balanced",KernelDensityGECO,20,0.001,calculation of transferrin saturation,msmarco-passage/train,ielabgroup/vec2text_gtr-base-st_corrector
1,Ferroportin-1 in humans,"in the human body, a vitamin A, or a vitamin B, is needed for aluminating the human body and for glucose and other",KernelDensityGECO,20,0.001,what is vitamin a needed for in the human body,msmarco-passage/train,ielabgroup/vec2text_gtr-base-st_corrector
1,Ferroportin-1 in humans,what protein is seen in crutzfeldt (Cessfeld fluid) in the fluid injected into the space craze of cr,KernelDensityGECO,20,0.001,what protein in csf fluid is seen with creutzfeldt,msmarco-passage/train,ielabgroup/vec2text_gtr-base-st_corrector
1,Ferroportin-1 in humans,"fungi live on human skin (C. nasuaris sexicans, test D, and test Dummies",KernelDensityGECO,20,0.001,what fungi live on human skin quizlet,msmarco-passage/train,ielabgroup/vec2text_gtr-base-st_corrector
1,Ferroportin-1 in humans,"with flexeril only if ingested a lot of dilated bowel fluid, it can cause constipation normally",KernelDensityGECO,20,0.001,does flexeril normally cause constipation?,msmarco-passage/train,ielabgroup/vec2text_gtr-base-st_corrector
1,Ferroportin-1 in humans,is rennin             Are humans,KernelDensityGECO,20,0.001,is rennin is humans,msmarco-passage/train,ielabgroup/vec2text_gtr-base-st_corrector
1,Ferroportin-1 in humans,in humans are a nisopoverty and swine. We humans can get parvo from puppies and other birth defects,KernelDensityGECO,20,0.001,can humans get parvo from puppies,msmarco-passage/train,ielabgroup/vec2text_gtr-base-st_corrector
1,Ferroportin-1 in humans,(Pharmaserol) as a pill named benztropine (Pharmaserolium bifazose,KernelDensityGECO,20,0.001,what the pill for name benztropine,msmarco-passage/train,ielabgroup/vec2text_gtr-base-st_corrector
1,Ferroportin-1 in humans,"effects of a stylocardial aculitis (convulsions of the eye), the effects of Marfan syndrome",KernelDensityGECO,20,0.001,effects of marfan syndrome,msmarco-passage/train,ielabgroup/vec2text_gtr-base-st_corrector
2,Generating transgenic mice,"a laboratory at the University of Minnesota, who produce miacalcin, a calcitonin-hydropyridine-calcit",KernelDensityGECO,20,0.001,who produces miacalcin,msmarco-passage/train,ielabgroup/vec2text_gtr-base-st_corrector
2,Generating transgenic mice,"mRNA is needed to translate a molecule, or a portion of it, to the rnaB mtDNA",KernelDensityGECO,20,0.001,what is needed to translate an mrna molecule,msmarco-passage/train,ielabgroup/vec2text_gtr-base-st_corrector
2,Generating transgenic mice,"a nano-mouse , also known as a nano mouse, is a type of a PDLC mouse that is",KernelDensityGECO,20,0.001,what is a nano mouse,msmarco-passage/train,ielabgroup/vec2text_gtr-base-st_corrector
2,Generating transgenic mice,"meiosis produces is a hyoid ionoide, which mixes with each other to produce .",KernelDensityGECO,20,0.001,what is meiosis produces?,msmarco-passage/train,ielabgroup/vec2text_gtr-base-st_corrector
2,Generating transgenic mice,the process of using rhyno-dialect RNA molecules to produce complementary rhynodide molecules,KernelDensityGECO,20,0.001,what is the process of using dna to produce complementary rna molecules,msmarco-passage/train,ielabgroup/vec2text_gtr-base-st_corrector
2,Generating transgenic mice,"structure that produces gametes, is the cell that has the potential to become a gonopogon and become a gamma",KernelDensityGECO,20,0.001,which structure produces cells that have the potential to become gametes,msmarco-passage/train,ielabgroup/vec2text_gtr-base-st_corrector
2,Generating transgenic mice,"to produce, mitosis is a product of hemiporosis and glucosis. This happens daily in pairs",KernelDensityGECO,20,0.001,what is mitosis produce,msmarco-passage/train,ielabgroup/vec2text_gtr-base-st_corrector
2,Generating transgenic mice,a difference between a transmembrane receptor and a transmembrane-endocrine receptor is an intracellular receptor,KernelDensityGECO,20,0.001,what is the difference between a transmembrane receptor and an intracellular receptor,msmarco-passage/train,ielabgroup/vec2text_gtr-base-st_corrector
2,Generating transgenic mice,gene splicing of human apex chromosomes (DNA splice) or human apex s,KernelDensityGECO,20,0.001,gene splicing of human dna,msmarco-passage/train,ielabgroup/vec2text_gtr-base-st_corrector
2,Generating transgenic mice,"Known as transgenic mouse strains, mouse strains are a group of strains of adrenergic proteins found on f",KernelDensityGECO,20,0.001,what is transgenic mouse strains,msmarco-passage/train,ielabgroup/vec2text_gtr-base-st_corrector
3,Time course for gene expression in mouse kidney,"type 1 cysts in ELKRS mice, Ectadoplasia and Ectadoplasia have",KernelDensityGECO,20,0.001,what type of cysts do ELKras mice have,msmarco-passage/train,ielabgroup/vec2text_gtr-base-st_corrector
3,Time course for gene expression in mouse kidney,"what many genes are involved in a monohybrid cross, i.e., 1 to 3 m and 1",KernelDensityGECO,20,0.001,how many genes are involved in a monohybrid cross,msmarco-passage/train,ielabgroup/vec2text_gtr-base-st_corrector
3,Time course for gene expression in mouse kidney,"do genes control the expression of a number of traits, including multiple genes, and a few ectopic gliosis.",KernelDensityGECO,20,0.001,do genes control the expression of several traits?,msmarco-passage/train,ielabgroup/vec2text_gtr-base-st_corrector
3,Time course for gene expression in mouse kidney,"Until the end stage, kidney disease can cause insomnia, as in relapsia nervosa and renal failure, end stage",KernelDensityGECO,20,0.001,can end stage kidney disease cause insomnia,msmarco-passage/train,ielabgroup/vec2text_gtr-base-st_corrector
3,Time course for gene expression in mouse kidney,are enterocytes and may enter a neuropathic apoptosis. Enterocytes do produce GABA (GABA-,KernelDensityGECO,20,0.001,do enterocytes produce GABA,msmarco-passage/train,ielabgroup/vec2text_gtr-base-st_corrector
3,Time course for gene expression in mouse kidney,"take 3–4 days (depending on the severity of the liver enzymes) to normalize liver enzymes, known as normalises",KernelDensityGECO,20,0.001,how long does it take to normalize liver enzymes,msmarco-passage/train,ielabgroup/vec2text_gtr-base-st_corrector
3,Time course for gene expression in mouse kidney,"1 to 3 stages, and is followed by a number of other stages of kidney disease, such as bowel cancer, or kidney failure, people begin",KernelDensityGECO,20,0.001,how many stages to kidney disease,msmarco-passage/train,ielabgroup/vec2text_gtr-base-st_corrector
3,Time course for gene expression in mouse kidney,the term 'nephrocytic failure'. Use kidney failure as a guideline to the person you are in a kidney failure,KernelDensityGECO,20,0.001,what is the term you use for kidney failure,msmarco-passage/train,ielabgroup/vec2text_gtr-base-st_corrector
3,Time course for gene expression in mouse kidney,"in expression of genes, enhancers (selective emulsifiers and emulsifiers) enhance gene expression,",KernelDensityGECO,20,0.001,what do enhancers do in gene expression,msmarco-passage/train,ielabgroup/vec2text_gtr-base-st_corrector
3,Time course for gene expression in mouse kidney,"factors that can influence gene expression include environmental conditions, such as a high concentration of lipids in the human body and environmental conditions that can influence gene",KernelDensityGECO,20,0.001,what are some environmental factors that can influence gene expression,msmarco-passage/train,ielabgroup/vec2text_gtr-base-st_corrector
4,Gene expression profiles for kidney in mice,(US): The Human Gene Project is a project to study human ailment and human obesity and is currently under the berlusc,KernelDensityGECO,20,0.001,what is the human gene project,msmarco-passage/train,ielabgroup/vec2text_gtr-base-st_corrector
4,Gene expression profiles for kidney in mice,"a live recipient of a kidney and a kidney transplanted, a average of 1.3 to 1.7 years of life remain for recipient",KernelDensityGECO,20,0.001,average life of a live kidney recipient,msmarco-passage/train,ielabgroup/vec2text_gtr-base-st_corrector
4,Gene expression profiles for kidney in mice,"a) deliver information to the body causing stress, b) protons, c) Kidneys Function of the kidneys, 16",KernelDensityGECO,20,0.001,what is the function of the kidneys quizlet,msmarco-passage/train,ielabgroup/vec2text_gtr-base-st_corrector
4,Gene expression profiles for kidney in mice,with peripheral neuropathy and nephromyelitis (Kinney Disease of the fetus and Adam Krebs) can cause kidney,KernelDensityGECO,20,0.001,can neuropathy cause kidney disease,msmarco-passage/train,ielabgroup/vec2text_gtr-base-st_corrector
4,Gene expression profiles for kidney in mice,myc gene definition The myc gene definition is a class of genes characterized by a non-monoelectronic cytoplan,KernelDensityGECO,20,0.001,myc gene definition,msmarco-passage/train,ielabgroup/vec2text_gtr-base-st_corrector
4,Gene expression profiles for kidney in mice,"if there is a link between urea and gout disease, and other gout disorders, gout is related to kidney",KernelDensityGECO,20,0.001,is gout related to kidney disease,msmarco-passage/train,ielabgroup/vec2text_gtr-base-st_corrector
4,Gene expression profiles for kidney in mice,"when two different alleles (or alleles of the same genus) are expressed at the same time, or both alleles are",KernelDensityGECO,20,0.001,when two different alleles are expressed at the same time,msmarco-passage/train,ielabgroup/vec2text_gtr-base-st_corrector
4,Gene expression profiles for kidney in mice,the expression of a gene. An expression of a gene is a -disease of a -candid gene,KernelDensityGECO,20,0.001,what is an expression of a gene,msmarco-passage/train,ielabgroup/vec2text_gtr-base-st_corrector
4,Gene expression profiles for kidney in mice,"a neoplastic obliteration and the liver bruxis, can your kidneys filter green tea, green tea",KernelDensityGECO,20,0.001,can your kidneys filter green tea,msmarco-passage/train,ielabgroup/vec2text_gtr-base-st_corrector
4,Gene expression profiles for kidney in mice,Reticulation of the sprained femur (e.g. lung problems) causes dyspnea of the kidney,KernelDensityGECO,20,0.001,causes of dyspnea kidney,msmarco-passage/train,ielabgroup/vec2text_gtr-base-st_corrector
5,Protocols for isolating cell nuclei,what helps hold a nucleus in place in a cell (or a nucleotideocyst) .,KernelDensityGECO,20,0.001,what helps hold the nucleus in place in a cell?,msmarco-passage/train,ielabgroup/vec2text_gtr-base-st_corrector
5,Protocols for isolating cell nuclei,"what the protocol is for a military funeral, the protocol will be a formal comma (e.g., a day turn",KernelDensityGECO,20,0.001,what is the protocol for a military funeral,msmarco-passage/train,ielabgroup/vec2text_gtr-base-st_corrector
5,Protocols for isolating cell nuclei,"The medication nuclear medicine is used by a group of medications, including ciplavidin and acetonitrile, to treat acute",KernelDensityGECO,20,0.001,what medication is used in nuclear medicine,msmarco-passage/train,ielabgroup/vec2text_gtr-base-st_corrector
5,Protocols for isolating cell nuclei,current protocol for supervising the care of a Florida doctor of a NRNP-Asps is to be supervised by Florida,KernelDensityGECO,20,0.001,what is the current protocol for florida  supervising doctor of arnps,msmarco-passage/train,ielabgroup/vec2text_gtr-base-st_corrector
5,Protocols for isolating cell nuclei,"impella (inject heparin colipse) drip protocol, the impella drip is fed a three-millivolt",KernelDensityGECO,20,0.001,impella heparin drip protocol,msmarco-passage/train,ielabgroup/vec2text_gtr-base-st_corrector
5,Protocols for isolating cell nuclei,"a given number of medical technologists, a nuclear medicine department will need approximately three nuclear medicine technologists and a medical technologists to be",KernelDensityGECO,20,0.001,how many nuclear medicine technologists does a nuclear medicine department need,msmarco-passage/train,ielabgroup/vec2text_gtr-base-st_corrector
5,Protocols for isolating cell nuclei,a formula for splitting individual cells into a list is the -i-i-i-i-i-i-i-i,KernelDensityGECO,20,0.001,what is the formula for splitting a list into individual cells,msmarco-passage/train,ielabgroup/vec2text_gtr-base-st_corrector
5,Protocols for isolating cell nuclei,(Unknown to the eukaryote) a nuclear change involves changes in the nuclear structure based on reactivity.,KernelDensityGECO,20,0.001,what does a nuclear change involve?,msmarco-passage/train,ielabgroup/vec2text_gtr-base-st_corrector
5,Protocols for isolating cell nuclei,The radiation emitted from cell phones is emitted from cellular phones by a variety of cellular photenosm and scanning,KernelDensityGECO,20,0.001,what radiation is emitted from cell phones,msmarco-passage/train,ielabgroup/vec2text_gtr-base-st_corrector
5,Protocols for isolating cell nuclei,a doctrine of nullification (Non-Doctrine of Exceptions and Recepts) is a doctrine,KernelDensityGECO,20,0.001,what is a doctrine of nullification,msmarco-passage/train,ielabgroup/vec2text_gtr-base-st_corrector
6,FancD2,who proposed a two-factor theory describing motivation and satisfaction factors that relates to dissatisfaction and hygiene management. Denser,KernelDensityGECO,20,0.001,who proposed a two-factor theory that explains how motivator factors relate to satisfaction and hygiene factors relate to dissatisfaction?,msmarco-passage/train,ielabgroup/vec2text_gtr-base-st_corrector
6,FancD2,"Re-ection of a child (postpartum or chnea) or the second stage of pregnancy, is the second stage of",KernelDensityGECO,20,0.001,what is the second stage of pregnancy,msmarco-passage/train,ielabgroup/vec2text_gtr-base-st_corrector
6,FancD2,a span of 2x10 is a 2-1/2 year span and can be viewed on the hammer and can last for about 4 inches,KernelDensityGECO,20,0.001,how long of a span for 2x10,msmarco-passage/train,ielabgroup/vec2text_gtr-base-st_corrector
6,FancD2,a Grade 2 fail/failure is a griffith scoff at a school due to a physics,KernelDensityGECO,20,0.001,what is a grade 2 fail griffith,msmarco-passage/train,ielabgroup/vec2text_gtr-base-st_corrector
6,FancD2,fecund is a beautiful ointment and a nutritious egg that is found on most banks (called fed,KernelDensityGECO,20,0.001,what is fecund,msmarco-passage/train,ielabgroup/vec2text_gtr-base-st_corrector
6,FancD2,who said racing began after the second,KernelDensityGECO,20,0.001,who said racing began after the second car was created,msmarco-passage/train,ielabgroup/vec2text_gtr-base-st_corrector
6,FancD2,Channel is FS2 on Direct TV HD and FS2 is a new digital programming option on the 84-bit Dial XL,KernelDensityGECO,20,0.001,What Channel is FS2 on Direct TV,msmarco-passage/train,ielabgroup/vec2text_gtr-base-st_corrector
6,FancD2,area code 602         is in the Northern Mariana-Penseco area,KernelDensityGECO,20,0.001,where is the 602 area code,msmarco-passage/train,ielabgroup/vec2text_gtr-base-st_corrector
6,FancD2,use a number of lines in a title and set a number of lines to show how many lines are in a sequel. This is done,KernelDensityGECO,20,0.001,how to number lines in sequel,msmarco-passage/train,ielabgroup/vec2text_gtr-base-st_corrector
6,FancD2,'twonky' server 'twonky' server is a server on TCP/Nest.com which is best known,KernelDensityGECO,20,0.001,what is twonky server,msmarco-passage/train,ielabgroup/vec2text_gtr-base-st_corrector
7,DNA repair and oxidative stress,definition of dubicleotide splice (daDNA) replication. This definition refers to the physical activity of a,KernelDensityGECO,20,0.001,dna replication definition,msmarco-passage/train,ielabgroup/vec2text_gtr-base-st_corrector
7,DNA repair and oxidative stress,which could induce dissociation of strands or dsDNA strands or dsDNA strands in the conduct of the,KernelDensityGECO,20,0.001,which could induce dissociation of strands in dsdna,msmarco-passage/train,ielabgroup/vec2text_gtr-base-st_corrector
7,DNA repair and oxidative stress,the steps are performed by the viruses involved in the replication of DNA and virulence and the virulence and virulence information,KernelDensityGECO,20,0.001,what are the steps involved in the replication of dna viruses,msmarco-passage/train,ielabgroup/vec2text_gtr-base-st_corrector
7,DNA repair and oxidative stress,"when a diluvial glycerone (DNA replicate) should occur, as it increases when testing matches and replicate",KernelDensityGECO,20,0.001,when does dna replicate should occur,msmarco-passage/train,ielabgroup/vec2text_gtr-base-st_corrector
7,DNA repair and oxidative stress,binds back together after a replication. The dnab/dnab binds back together after a postpart,KernelDensityGECO,20,0.001,what binds dna back together after replication?,msmarco-passage/train,ielabgroup/vec2text_gtr-base-st_corrector
7,DNA repair and oxidative stress,RNA polymerase dnase dnase polymerase and rDNA polymerase,KernelDensityGECO,20,0.001,rna dependent dna polymerase,msmarco-passage/train,ielabgroup/vec2text_gtr-base-st_corrector
7,DNA repair and oxidative stress,is awaiting a response from the dnasal strands. DNA replication occurs continuously on both strands. So far,KernelDensityGECO,20,0.001,does dna replication occurs continuously on both strands.,msmarco-passage/train,ielabgroup/vec2text_gtr-base-st_corrector
7,DNA repair and oxidative stress,stress reaction (e.g. stress-stress       ) is a physiological reaction,KernelDensityGECO,20,0.001,stress reaction is a physiological reaction,msmarco-passage/train,ielabgroup/vec2text_gtr-base-st_corrector
7,DNA repair and oxidative stress,estimated how important genetics play a role in adhesion-deficiency (ADHD) and how long it plays a significant role,KernelDensityGECO,20,0.001,how important a role does genetics play in adhd?,msmarco-passage/train,ielabgroup/vec2text_gtr-base-st_corrector
7,DNA repair and oxidative stress,"ATP molecules, a total of 5  atp is needed to regenerate a sufficient number of molecules to regenerate rubp,",KernelDensityGECO,20,0.001,how many atp molecules are needed to regenerate rubp,msmarco-passage/train,ielabgroup/vec2text_gtr-base-st_corrector
8,Correlation between DNA repair pathways and skin cancer,Prilosec affects DNA of cells in a patient's fetus. Prilosec and prilosec cells,KernelDensityGECO,20,0.001,does prilosec affect dna in cells,msmarco-passage/train,ielabgroup/vec2text_gtr-base-st_corrector
8,Correlation between DNA repair pathways and skin cancer,"in the anatomy of the male body is a male cancer (e.g., sarcomas and sore-graft cancer)",KernelDensityGECO,20,0.001,what kind of cancer is in the male anatomy,msmarco-passage/train,ielabgroup/vec2text_gtr-base-st_corrector
8,Correlation between DNA repair pathways and skin cancer,"0 - A types of skin cancer, ovulation sclerosis, melanoma, and a skin cancer.",KernelDensityGECO,20,0.001,what are the types of skin cancer ?,msmarco-passage/train,ielabgroup/vec2text_gtr-base-st_corrector
8,Correlation between DNA repair pathways and skin cancer,a drop of a fatty acid released during a cancer reaction start to make cancer happen. This happens until the cancer can be started and continues,KernelDensityGECO,20,0.001,what happens to make cancer start,msmarco-passage/train,ielabgroup/vec2text_gtr-base-st_corrector
8,Correlation between DNA repair pathways and skin cancer,"is osmotic papilla, skin cancer, and if it remains in the same healthy tissue, skin cancer is metastatic",KernelDensityGECO,20,0.001,is skin cancer metastatic,msmarco-passage/train,ielabgroup/vec2text_gtr-base-st_corrector
8,Correlation between DNA repair pathways and skin cancer,"why it is helpful to know what a particular mutation causes a particular cancer, and how they can inform us about the causes of cancers.",KernelDensityGECO,20,0.001,why is it helpful to know what mutations cause a particular cancer?,msmarco-passage/train,ielabgroup/vec2text_gtr-base-st_corrector
8,Correlation between DNA repair pathways and skin cancer,"The DSM X health issue axis is 1/Dsm, while the DSm axis is inversely inverse",KernelDensityGECO,20,0.001,which dsm axis is health issues,msmarco-passage/train,ielabgroup/vec2text_gtr-base-st_corrector
8,Correlation between DNA repair pathways and skin cancer,"a 'cancer-causing substance with a high risk of oxidative cancer', chromium is carcinogenic -",KernelDensityGECO,20,0.001,is chromium carcinogenic,msmarco-passage/train,ielabgroup/vec2text_gtr-base-st_corrector
8,Correlation between DNA repair pathways and skin cancer,causes of peritoneal cancer prognosis (pseudo-peritoneum and pseudotone,KernelDensityGECO,20,0.001,causes of peritoneal cancer prognosis,msmarco-passage/train,ielabgroup/vec2text_gtr-base-st_corrector
8,Correlation between DNA repair pathways and skin cancer,"if it is damaged, can it be fixed once it is spherical. DNA damage and a problem with DNA coding can be",KernelDensityGECO,20,0.001,can dna be fixed once it is damaged,msmarco-passage/train,ielabgroup/vec2text_gtr-base-st_corrector
9,mutY,mic (Minority of Impact and Growth of Matter and known as a mic) is a particle accelerator,KernelDensityGECO,20,0.001,what is a mic,msmarco-passage/train,ielabgroup/vec2text_gtr-base-st_corrector
9,mutY,"on February 24, 2019, during a time of a new model and a baby doll, The Mindy Project will be coming to fruition.",KernelDensityGECO,20,0.001,when will the mindy project and,msmarco-passage/train,ielabgroup/vec2text_gtr-base-st_corrector
9,mutY,abbreviation mt  is the abbreviation in the U.S. state of Montana and is the abbreviation,KernelDensityGECO,20,0.001,what is the abbreviation mt what state,msmarco-passage/train,ielabgroup/vec2text_gtr-base-st_corrector
9,mutY,mopery is a special monies and money for a man's family. It is known as prafy and is a strong,KernelDensityGECO,20,0.001,what is mopery,msmarco-passage/train,ielabgroup/vec2text_gtr-base-st_corrector
9,mutY,description and description of missense mutation (missadness) a mutation occurs by a wide variety of aqueous strand,KernelDensityGECO,20,0.001,description missense mutation,msmarco-passage/train,ielabgroup/vec2text_gtr-base-st_corrector
9,mutY,Surety is a bond of trust and investment in the United States and Canada. It is known as surety (porrhy,KernelDensityGECO,20,0.001,what is surety,msmarco-passage/train,ielabgroup/vec2text_gtr-base-st_corrector
9,mutY,(cavalry moose or mussy mnoess) is called a young moose and called,KernelDensityGECO,20,0.001,what is a young moose called,msmarco-passage/train,ielabgroup/vec2text_gtr-base-st_corrector
9,mutY,"name             , Missy is",KernelDensityGECO,20,0.001,missy is a nickname for what name,msmarco-passage/train,ielabgroup/vec2text_gtr-base-st_corrector
9,mutY,(muah,KernelDensityGECO,20,0.001,definition muah,msmarco-passage/train,ielabgroup/vec2text_gtr-base-st_corrector
9,mutY,(the drug molly) is a medroxyphenesil and a sedative drug known as the moly drug,KernelDensityGECO,20,0.001,what is the molly drug,msmarco-passage/train,ielabgroup/vec2text_gtr-base-st_corrector
10,NEIL1,"caliph neaning, emir of the dynasty, Caliph neaning.",KernelDensityGECO,20,0.001,caliph neaning,msmarco-passage/train,ielabgroup/vec2text_gtr-base-st_corrector
10,NEIL1,Band 1 (band) Band 1 is a computer repair shop unit of the U.S. Army Computer Service team Geek Squad. It is,KernelDensityGECO,20,0.001,what is band 1 geek squad,msmarco-passage/train,ielabgroup/vec2text_gtr-base-st_corrector
10,NEIL1,GP Matatolo gamshelianis med. PI number is 90030. GP Mattatolo,KernelDensityGECO,20,0.001,gamaliel mattos md npi number,msmarco-passage/train,ielabgroup/vec2text_gtr-base-st_corrector
10,NEIL1,known as Bill nye Bill nye is a scientist and a group of current and future world leaders at the Discovery Museum of,KernelDensityGECO,20,0.001,who is bill nye,msmarco-passage/train,ielabgroup/vec2text_gtr-base-st_corrector
10,NEIL1,"a man who is 'Daniel Bell', is a former human race performer, producer, and host of the HBO documentary",KernelDensityGECO,20,0.001,who is daniel bell,msmarco-passage/train,ielabgroup/vec2text_gtr-base-st_corrector
10,NEIL1,Neogov is the neo-neo-feogyct of United Nations Special Economic and Health Facility (SOS,KernelDensityGECO,20,0.001,what is neogov?,msmarco-passage/train,ielabgroup/vec2text_gtr-base-st_corrector
10,NEIL1,a Nielsen dma. The Nielsen dma is a powerful neasen accelerator that is a 1,KernelDensityGECO,20,0.001,what is a nielsen dma,msmarco-passage/train,ielabgroup/vec2text_gtr-base-st_corrector
10,NEIL1,"- who one, who - who in World War One, who in a service with Imperial Germany and allied forces, and who in John",KernelDensityGECO,20,0.001,who who in world war one,msmarco-passage/train,ielabgroup/vec2text_gtr-base-st_corrector
10,NEIL1,"a new member of Silicon Valley, a.k.a. Neebs neebs is a recognizable player",KernelDensityGECO,20,0.001,who is neebs,msmarco-passage/train,ielabgroup/vec2text_gtr-base-st_corrector
10,NEIL1,the original IGN. a.k.a. a. a. a. a. the original Sony ign,KernelDensityGECO,20,0.001,the original ign,msmarco-passage/train,ielabgroup/vec2text_gtr-base-st_corrector
11,Carcinogenesis and hairless mice,"definition of a cancer gene, a gene that is a gene incorporated into the human sarcoma and glioma",KernelDensityGECO,20,0.001,cancer gene definition,msmarco-passage/train,ielabgroup/vec2text_gtr-base-st_corrector
11,Carcinogenesis and hairless mice,A carcinogene (caffeonene) is a chemical molecule of benzene or benzene oxidor,KernelDensityGECO,20,0.001,what is a carcinogen benzene,msmarco-passage/train,ielabgroup/vec2text_gtr-base-st_corrector
11,Carcinogenesis and hairless mice,"Known as transgenic mouse strains, mouse strains are a group of strains of adrenergic proteins found on f",KernelDensityGECO,20,0.001,what is transgenic mouse strains,msmarco-passage/train,ielabgroup/vec2text_gtr-base-st_corrector
11,Carcinogenesis and hairless mice,"Researchers use a combination of ginger and sugars to give mice ginger to help shrink their brain tumors. Then, after removing the ginger,",KernelDensityGECO,20,0.001,how do researchers give ginger to mice to shrink tumors?,msmarco-passage/train,ielabgroup/vec2text_gtr-base-st_corrector
11,Carcinogenesis and hairless mice,"is a carcinogen molecule, i.e., a cancer-causing substance, or no. Carcinogen is an",KernelDensityGECO,20,0.001,is carcinogen a cancer-causing substance,msmarco-passage/train,ielabgroup/vec2text_gtr-base-st_corrector
11,Carcinogenesis and hairless mice,"a look at the evidence that GMOs are harmful, a handful of evidence that GMOs are harmful for food, GM crops are",KernelDensityGECO,20,0.001,some evidence that gmos are harmful,msmarco-passage/train,ielabgroup/vec2text_gtr-base-st_corrector
11,Carcinogenesis and hairless mice,"of a womb, a womb, and a breast cancer, can cause cancer if electrical stimulation is used in the patient",KernelDensityGECO,20,0.001,can electrical stimulation cause cancer,msmarco-passage/train,ielabgroup/vec2text_gtr-base-st_corrector
11,Carcinogenesis and hairless mice,(so-called -cancer) and vegan diet include a risk of cancer and a risk of melatonin bio,KernelDensityGECO,20,0.001,vegan diet and cancer,msmarco-passage/train,ielabgroup/vec2text_gtr-base-st_corrector
11,Carcinogenesis and hairless mice,is that rats and mice developed tumors or tumors of saxenda and embarked on new research in saxenda research,KernelDensityGECO,20,0.001,did mice or rats develop tumors for saxenda research,msmarco-passage/train,ielabgroup/vec2text_gtr-base-st_corrector
11,Carcinogenesis and hairless mice,"a few billion kilometres of clean-up, touchless car washes are safe and if they are used correctly, they are safe",KernelDensityGECO,20,0.001,are touchless car washes safe,msmarco-passage/train,ielabgroup/vec2text_gtr-base-st_corrector
12,Genes regulated by Smad4,a masked allele (or m-allele for a moccurring allele) is an allele for,KernelDensityGECO,20,0.001,what is an allele is masked,msmarco-passage/train,ielabgroup/vec2text_gtr-base-st_corrector
12,Genes regulated by Smad4,"done research on the HBB gene and in a short period of time completed research on the HBB gene (Bathcart syndrome,",KernelDensityGECO,20,0.001,research done HBB gene,msmarco-passage/train,ielabgroup/vec2text_gtr-base-st_corrector
12,Genes regulated by Smad4,fax number Genetics fax number (GYR-A-Fasc) or fax number (GYR-A-25,KernelDensityGECO,20,0.001,genetics fax number,msmarco-passage/train,ielabgroup/vec2text_gtr-base-st_corrector
12,Genes regulated by Smad4,for glucosamine brand Rexall Manufactory. Rexall glucosamine mainly metabolites other drugs such,KernelDensityGECO,20,0.001,what brand of glucosamine does rexall drug manufactor,msmarco-passage/train,ielabgroup/vec2text_gtr-base-st_corrector
12,Genes regulated by Smad4,"was Bielfatch's new dildol dildol, he received FDA approval for Acta by",KernelDensityGECO,20,0.001,did actipatch by biel get fda approval,msmarco-passage/train,ielabgroup/vec2text_gtr-base-st_corrector
12,Genes regulated by Smad4,what will happen with the new SAT is that the superscore is no longer in effect (as the SAT has re-entered,KernelDensityGECO,20,0.001,what happens to the superscore now that the new SAT is in effect,msmarco-passage/train,ielabgroup/vec2text_gtr-base-st_corrector
12,Genes regulated by Smad4,sc4 transaction is a transaction that is a part of the SAP Sq7 Relationship Management Cloud. This transaction is a known,KernelDensityGECO,20,0.001,what is scc4 transaction in sap,msmarco-passage/train,ielabgroup/vec2text_gtr-base-st_corrector
12,Genes regulated by Smad4,through a domestically-mandated process where imported beef (beef) is imported (past ingredients and vegetables) is regulated -,KernelDensityGECO,20,0.001,how is imported beef regulated,msmarco-passage/train,ielabgroup/vec2text_gtr-base-st_corrector
12,Genes regulated by Smad4,mcr1295 gene mutation affthase homozygous - a homozygous mc,KernelDensityGECO,20,0.001,mthfr gene mutation a1298c homozygous,msmarco-passage/train,ielabgroup/vec2text_gtr-base-st_corrector
12,Genes regulated by Smad4,methylprednisolone (methylprednisolone) is a 4 mg adrenomycin,KernelDensityGECO,20,0.001,what is methylprednisolone 4mg,msmarco-passage/train,ielabgroup/vec2text_gtr-base-st_corrector
13,Role of TGFB in angiogenesis in skin,two basic tissues – aponema and abrasinae – of which the skin is composed and the tissues are,KernelDensityGECO,20,0.001,two basic tissues of which the skin is composed are,msmarco-passage/train,ielabgroup/vec2text_gtr-base-st_corrector
13,Role of TGFB in angiogenesis in skin,UPgf is a 3D fungus accelerator. It is also known as UPgf. It is a part of,KernelDensityGECO,20,0.001,what is upgf,msmarco-passage/train,ielabgroup/vec2text_gtr-base-st_corrector
13,Role of TGFB in angiogenesis in skin,"because we have skin tags, we have tags that we need to stop or detect the bones of our bones and the skin we need to have a",KernelDensityGECO,20,0.001,why do we have skin tags,msmarco-passage/train,ielabgroup/vec2text_gtr-base-st_corrector
13,Role of TGFB in angiogenesis in skin,"benefits of shea butter on the skin for treating skin aches and pains, anti-tumor, anti-inflammatory lipids and skin",KernelDensityGECO,20,0.001,benefits of shea butter on skin,msmarco-passage/train,ielabgroup/vec2text_gtr-base-st_corrector
13,Role of TGFB in angiogenesis in skin,"body, Goodpasture syndrome treats the body as an antigen using anti-sodium ossipation tissue, which can then",KernelDensityGECO,20,0.001,what body tissue does goodpasture's syndrome treat as an antigen,msmarco-passage/train,ielabgroup/vec2text_gtr-base-st_corrector
13,Role of TGFB in angiogenesis in skin,"benefits from dg body Aloe Verum dgae gel, a hydrating fragrance, a 100-time body",KernelDensityGECO,20,0.001,dg body aloe vera gel benefits,msmarco-passage/train,ielabgroup/vec2text_gtr-base-st_corrector
13,Role of TGFB in angiogenesis in skin,IptG is a TDG. It collects information and sends information to the user. This information helps users to find things to go,KernelDensityGECO,20,0.001,what does iptg do,msmarco-passage/train,ielabgroup/vec2text_gtr-base-st_corrector
13,Role of TGFB in angiogenesis in skin,(-glucose) is the purpose of green fluorescent protein. This protein serves as a supplement to the nutrient and drug,KernelDensityGECO,20,0.001,what is the purpose of green fluorescent protein,msmarco-passage/train,ielabgroup/vec2text_gtr-base-st_corrector
13,Role of TGFB in angiogenesis in skin,ghdg is a value-added gyroglobulin (ggdg) and homeopathy.,KernelDensityGECO,20,0.001,what is ghdg?,msmarco-passage/train,ielabgroup/vec2text_gtr-base-st_corrector
13,Role of TGFB in angiogenesis in skin,what is important to save your skin is a healthy amount of fatty oil and a burgeoning foundation. It is important to keep your,KernelDensityGECO,20,0.001,what is important to save your skin,msmarco-passage/train,ielabgroup/vec2text_gtr-base-st_corrector
14,Expression or Regulation of TGFB in HNSCC cancers,field density. FSg stands for Fossil Gaussian sonics fsp (fossil s,KernelDensityGECO,20,0.001,field density what does fsg stand for,msmarco-passage/train,ielabgroup/vec2text_gtr-base-st_corrector
14,Expression or Regulation of TGFB in HNSCC cancers,Code XXXXXXXXXX of s29.10 means a 10th IC quota for an indulge,KernelDensityGECO,20,0.001,icd 10 code S29.XXA meaning,msmarco-passage/train,ielabgroup/vec2text_gtr-base-st_corrector
14,Expression or Regulation of TGFB in HNSCC cancers,"which the following statement is true, a. g. ii.) the risk of cancer is greatest relative to the genetic risk.",KernelDensityGECO,20,0.001,which of the following statements is true with respect to the genetic risk of cancer?,msmarco-passage/train,ielabgroup/vec2text_gtr-base-st_corrector
14,Expression or Regulation of TGFB in HNSCC cancers,"patients with cancer who are undergoing reverse surgery, as early as 8 o’ clock or 3 o’ clock, can get a short response",KernelDensityGECO,20,0.001,how soon do cancer patients get reverse surgery,msmarco-passage/train,ielabgroup/vec2text_gtr-base-st_corrector
14,Expression or Regulation of TGFB in HNSCC cancers,"a .030, the current performance status in cancer is a current performance status against gliomas and other cancers that are ongoing",KernelDensityGECO,20,0.001,what is a current performance status in cancer,msmarco-passage/train,ielabgroup/vec2text_gtr-base-st_corrector
14,Expression or Regulation of TGFB in HNSCC cancers,program igfray x-ray is a program for the X-ray optical raystyrene gx,KernelDensityGECO,20,0.001,what is program igfxtray,msmarco-passage/train,ielabgroup/vec2text_gtr-base-st_corrector
14,Expression or Regulation of TGFB in HNSCC cancers,"what can contribute to cancer promoter. Cancer promoter can be paired with a sponsor, a book or a felix ticket",KernelDensityGECO,20,0.001,what can contribute to cancer promoter,msmarco-passage/train,ielabgroup/vec2text_gtr-base-st_corrector
14,Expression or Regulation of TGFB in HNSCC cancers,a relationship between furyl-hydrode and alcohol. It is known that furfuryl alcohol has relationship with HM,KernelDensityGECO,20,0.001,what is relationship between furfuryl alcohol and hmf,msmarco-passage/train,ielabgroup/vec2text_gtr-base-st_corrector
14,Expression or Regulation of TGFB in HNSCC cancers,gmtdrc gmtdrc is a group of MountDaimyeff-McCar,KernelDensityGECO,20,0.001,what is gdrmtmc,msmarco-passage/train,ielabgroup/vec2text_gtr-base-st_corrector
14,Expression or Regulation of TGFB in HNSCC cancers,"body regulation is a definition of a regulation of the body by a set of osteocytes, beta-oxidants, fibrin",KernelDensityGECO,20,0.001,body regulation definition,msmarco-passage/train,ielabgroup/vec2text_gtr-base-st_corrector
15,ATPase and apoptosis,", the suffix Ptos",KernelDensityGECO,20,0.001,what does the suffix ptosis mean,msmarco-passage/train,ielabgroup/vec2text_gtr-base-st_corrector
15,ATPase and apoptosis,"the following: Unless specified otherwise, the following methods of transport require atp a bioprocessor and a high level of ATP,",KernelDensityGECO,20,0.001,which is the following methods of transport requires atp,msmarco-passage/train,ielabgroup/vec2text_gtr-base-st_corrector
15,ATPase and apoptosis,is a product of the ATP synthesis of attenuase and a photosynthesis of plant matter: atp is the result,KernelDensityGECO,20,0.001,is atp a product of photosynthesis,msmarco-passage/train,ielabgroup/vec2text_gtr-base-st_corrector
15,ATPase and apoptosis,do Proteus mirabilis grow on mannitol salt,KernelDensityGECO,20,0.001,does Proteus mirabilis grow on mannitol salt agar,msmarco-passage/train,ielabgroup/vec2text_gtr-base-st_corrector
15,ATPase and apoptosis,apoptosis (apoptosis of apoptosis wntl) is regulated by .,KernelDensityGECO,20,0.001,what is apoptosis regulated by,msmarco-passage/train,ielabgroup/vec2text_gtr-base-st_corrector
15,ATPase and apoptosis,Atherosclerotic plaquing is a hepatic aortic aorta that changes during atheros,KernelDensityGECO,20,0.001,what is atherosclerotic plaquing,msmarco-passage/train,ielabgroup/vec2text_gtr-base-st_corrector
15,ATPase and apoptosis,"a detailed description of all of the processes that are involved in synaptic transmission, i.e., the processes of neuronal transmission",KernelDensityGECO,20,0.001,what are all of the processes involved in synaptic transmission,msmarco-passage/train,ielabgroup/vec2text_gtr-base-st_corrector
15,ATPase and apoptosis,process of phagocytosis and phagocytosis leukophages margination cytophages forming quiz,KernelDensityGECO,20,0.001,process of phagocytosis margination leukocytes quizlet,msmarco-passage/train,ielabgroup/vec2text_gtr-base-st_corrector
15,ATPase and apoptosis,"it is used for a cure for a variety of autoimmune diseases, arthrocentesis is used for apnea",KernelDensityGECO,20,0.001,what is arthrocentesis used for,msmarco-passage/train,ielabgroup/vec2text_gtr-base-st_corrector
15,ATPase and apoptosis,"in the mitochondria, a process occurs in the mitochondria, which is the process of ATPase (ATP) and acetylation",KernelDensityGECO,20,0.001,what process occurs in the mitochondria,msmarco-passage/train,ielabgroup/vec2text_gtr-base-st_corrector
16,AAA proteins,ABA - adai bai - adai bai - bai is an International Baccalaure,KernelDensityGECO,20,0.001,what is ABA - abai,msmarco-passage/train,ielabgroup/vec2text_gtr-base-st_corrector
16,AAA proteins,Butter beans are,KernelDensityGECO,20,0.001,are butter beans good protein,msmarco-passage/train,ielabgroup/vec2text_gtr-base-st_corrector
16,AAA proteins,"(akin to x-chromosomes or x-chromosomes), what proteins associated with x chromosomes",KernelDensityGECO,20,0.001,what proteins associated with x chromosomes called,msmarco-passage/train,ielabgroup/vec2text_gtr-base-st_corrector
16,AAA proteins,"benefits of beef protein. Beef protein provides a healthier protein, reduces a risk of bacterial fecal marrow, muscle",KernelDensityGECO,20,0.001,benefits of beef protein,msmarco-passage/train,ielabgroup/vec2text_gtr-base-st_corrector
16,AAA proteins,aa means a condition that is a dilated apron. The AB means a molecule that causes it,KernelDensityGECO,20,0.001,aa what it means,msmarco-passage/train,ielabgroup/vec2text_gtr-base-st_corrector
16,AAA proteins,ECG equilinsemes (ecm proteins) are a series of proteins found on foods and eccrine,KernelDensityGECO,20,0.001,what are ecm proteins,msmarco-passage/train,ielabgroup/vec2text_gtr-base-st_corrector
16,AAA proteins,"team from the aftsaa.com aftsia smoiling team, the Chicago Cubs",KernelDensityGECO,20,0.001,who is the chicago cubs aaa team,msmarco-passage/train,ielabgroup/vec2text_gtr-base-st_corrector
16,AAA proteins,aa cardiology aa is an aortic ailment of the heart and cardiology. This is a medical cardio,KernelDensityGECO,20,0.001,what is aaa cardiology,msmarco-passage/train,ielabgroup/vec2text_gtr-base-st_corrector
16,AAA proteins,"in school, a stands for a subject in the school, a stands for a student in the general area, AA stands for apprentice",KernelDensityGECO,20,0.001,what does aa stand for in school,msmarco-passage/train,ielabgroup/vec2text_gtr-base-st_corrector
16,AAA proteins,"with fatty acids, amino acids, and protein-rich vitamins, including iron and vegetin, many people believe that proteins provide vitamins. If",KernelDensityGECO,20,0.001,do proteins provide vitamins,msmarco-passage/train,ielabgroup/vec2text_gtr-base-st_corrector
17,DO1 antibody,"- who one, who - who in World War One, who in a service with Imperial Germany and allied forces, and who in John",KernelDensityGECO,20,0.001,who who in world war one,msmarco-passage/train,ielabgroup/vec2text_gtr-base-st_corrector
17,DO1 antibody,a difference between the amounts of antibodies in a blood molecule (antigens) and antibodies in a body (antibodies and antibodies,KernelDensityGECO,20,0.001,the difference between antigens and antibodies in blood,msmarco-passage/train,ielabgroup/vec2text_gtr-base-st_corrector
17,DO1 antibody,"a dietary hormone, antidiuretic hormones act as a glucose and antidiuretic hormones do",KernelDensityGECO,20,0.001,what do antidiuretic hormones do,msmarco-passage/train,ielabgroup/vec2text_gtr-base-st_corrector
17,DO1 antibody,"a block of CB1 inhibitors, do Jak1 inhibitors block CB2 receptors and are not immune to the autoimmune response",KernelDensityGECO,20,0.001,do jak inhibitors block CB1 receptors,msmarco-passage/train,ielabgroup/vec2text_gtr-base-st_corrector
17,DO1 antibody,'monocytes' are a group of adrenergic cells (CDs) that are present on blood tests on blood tests,KernelDensityGECO,20,0.001,what are monocytes on a blood test,msmarco-passage/train,ielabgroup/vec2text_gtr-base-st_corrector
17,DO1 antibody,"antibody, which is the only antibody to show evidence of past bacterial infection and bacteriovirus infection in the glycemic index.",KernelDensityGECO,20,0.001,which antibody is evidence of past bacterial infection?,msmarco-passage/train,ielabgroup/vec2text_gtr-base-st_corrector
17,DO1 antibody,Antibodies Immune Count (HIV) status Antibodies Immune Count (HIV status) is an antibody that is present,KernelDensityGECO,20,0.001,what is hiv antibody status,msmarco-passage/train,ielabgroup/vec2text_gtr-base-st_corrector
17,DO1 antibody,histamine dactionaso-styrizone Histamine dacheo-styrizone (DAO,KernelDensityGECO,20,0.001,histamine dao,msmarco-passage/train,ielabgroup/vec2text_gtr-base-st_corrector
17,DO1 antibody,gluconate of calcium calcifentonide is the antidote. The etio-fixing advice continues,KernelDensityGECO,20,0.001,what is the  antidote for calcium gluconate?,msmarco-passage/train,ielabgroup/vec2text_gtr-base-st_corrector
17,DO1 antibody,"blood test autoporation and autocline blood monocytes (monocytes, cd. 1",KernelDensityGECO,20,0.001,blood test auto monocytes,msmarco-passage/train,ielabgroup/vec2text_gtr-base-st_corrector
18,Gis4,the G.I. Forum is a forum for discussion on motor vehicle issues found on the gypsum world. This forum is based,KernelDensityGECO,20,0.001,what is the gi forum,msmarco-passage/train,ielabgroup/vec2text_gtr-base-st_corrector
18,Gis4,is able to print a3 on a4 printer and print a4 on a3 printer and a4 on a3,KernelDensityGECO,20,0.001,can you print a3 on a4 printer,msmarco-passage/train,ielabgroup/vec2text_gtr-base-st_corrector
18,Gis4,"types of loans (e.g., a direct deposit or a bursary) or four unit loans (Centennial Apartments",KernelDensityGECO,20,0.001,types of loans for a four unit apartment,msmarco-passage/train,ielabgroup/vec2text_gtr-base-st_corrector
18,Gis4,sam4s e5-000000 rm e5-000000 s rename by changing the business name,KernelDensityGECO,20,0.001,sam4s er-5215m how to change business name,msmarco-passage/train,ielabgroup/vec2text_gtr-base-st_corrector
18,Gis4,"definition of gnss, a global watchband. This is a measure of the eliquent quality of the garments",KernelDensityGECO,20,0.001,gnss definition,msmarco-passage/train,ielabgroup/vec2text_gtr-base-st_corrector
18,Gis4,how to save or store videos on a video app on a sasvy ss4 or a sams,KernelDensityGECO,20,0.001,how to save videos on samsung galaxy s4,msmarco-passage/train,ielabgroup/vec2text_gtr-base-st_corrector
18,Gis4,"roof to pitch, vs. 4 ft sq. ft. in a one-sq. roof,",KernelDensityGECO,20,0.001,roof sq ft vs 4 to one pitch,msmarco-passage/train,ielabgroup/vec2text_gtr-base-st_corrector
18,Gis4,Abs v is a re-engineered bump vector system. It is a part of Analogix. Abs v is,KernelDensityGECO,20,0.001,what is abs v,msmarco-passage/train,ielabgroup/vec2text_gtr-base-st_corrector
18,Gis4,the superior colliculus corporis lignia brevis femoris the superior quadrigena is located,KernelDensityGECO,20,0.001,where is the superior colliculi corpora quadrigemina located,msmarco-passage/train,ielabgroup/vec2text_gtr-base-st_corrector
18,Gis4,can zoom in on i4s photo if you wish. You can zoom in on a ds image if you need to zoom,KernelDensityGECO,20,0.001,can you zoom in on i4s photo,msmarco-passage/train,ielabgroup/vec2text_gtr-base-st_corrector
19,Comparison of Promoters of GAL1 and SUC1,at 11:30 on the International Date of the Year (Iron-Feast). Gir is a scheduled celebration of global princesses.,KernelDensityGECO,20,0.001,when is gir,msmarco-passage/train,ielabgroup/vec2text_gtr-base-st_corrector
19,Comparison of Promoters of GAL1 and SUC1,types of UL standards. Types of UL standards are: Type 1 (Uniform Ulcition Unit) and Type 2 (Veri,KernelDensityGECO,20,0.001,types of ul standards,msmarco-passage/train,ielabgroup/vec2text_gtr-base-st_corrector
19,Comparison of Promoters of GAL1 and SUC1,Commercial pilot GC Pilot (commercial pilot) is a commercial in-flight vehicle which is piloted by a range of Airbus,KernelDensityGECO,20,0.001,what is commercial GC pilot,msmarco-passage/train,ielabgroup/vec2text_gtr-base-st_corrector
19,Comparison of Promoters of GAL1 and SUC1,benefits of uc ii collagen uc i2 and uc ii antioxidants. This product helps to reduce,KernelDensityGECO,20,0.001,benefits of uc ii collagen,msmarco-passage/train,ielabgroup/vec2text_gtr-base-st_corrector
19,Comparison of Promoters of GAL1 and SUC1,"what is a difference between a design criteria (i.e., a remark of the nature of design) and guiding principles",KernelDensityGECO,20,0.001,what is the difference between design criteria and guiding principles,msmarco-passage/train,ielabgroup/vec2text_gtr-base-st_corrector
19,Comparison of Promoters of GAL1 and SUC1,CAS Trade Promotion System (Programme cas cas) system. This system is complemented by a new system of rewarded customers for their services,KernelDensityGECO,20,0.001,cas trade promotion system,msmarco-passage/train,ielabgroup/vec2text_gtr-base-st_corrector
19,Comparison of Promoters of GAL1 and SUC1,"types of galt. The types of galt are the ones with erosma, bile, and lipids, and aroma",KernelDensityGECO,20,0.001,types of galt,msmarco-passage/train,ielabgroup/vec2text_gtr-base-st_corrector
19,Comparison of Promoters of GAL1 and SUC1,difference between FIO2 and FIO2 vs. Fio2 vs. Fio2. SPA is a gateway,KernelDensityGECO,20,0.001,difference between spo2 and fio2,msmarco-passage/train,ielabgroup/vec2text_gtr-base-st_corrector
19,Comparison of Promoters of GAL1 and SUC1,(CAS) policy of,KernelDensityGECO,20,0.001,cas policy of strict liability,msmarco-passage/train,ielabgroup/vec2text_gtr-base-st_corrector
19,Comparison of Promoters of GAL1 and SUC1,"a 4  4  4  4  long ring, the G1 is only good for about 24 months and is used",KernelDensityGECO,20,0.001,how long is the g1 good for,msmarco-passage/train,ielabgroup/vec2text_gtr-base-st_corrector
20,Substrate modification by ubiquitin,subsidiary PE is the amalgamation of the names of the major superintendent and the minor superintendent of Surina. The meaning of,KernelDensityGECO,20,0.001,subsidiary pe meaning,msmarco-passage/train,ielabgroup/vec2text_gtr-base-st_corrector
20,Substrate modification by ubiquitin,a ubi (Universal Computerized BI or UNIVERSION) is a type of embedded system. It,KernelDensityGECO,20,0.001,what is a ubi,msmarco-passage/train,ielabgroup/vec2text_gtr-base-st_corrector
20,Substrate modification by ubiquitin,"if a problem is a problem with the servo steering mechanism, Audi Audioservic steering can be adjusted to a different",KernelDensityGECO,20,0.001,can audi servotronic steering be adjusted,msmarco-passage/train,ielabgroup/vec2text_gtr-base-st_corrector
20,Substrate modification by ubiquitin,"company, which is the leader in tissue nanotransfection, is a leading nanotransfection company and is now a patient at the GE Healthcare",KernelDensityGECO,20,0.001,what company is the leader in tissue nanotransfection,msmarco-passage/train,ielabgroup/vec2text_gtr-base-st_corrector
20,Substrate modification by ubiquitin,"symbiosis of sugar beets, sugar beets contain uridine as a major source of uri",KernelDensityGECO,20,0.001,does sugar beets contains uridine,msmarco-passage/train,ielabgroup/vec2text_gtr-base-st_corrector
20,Substrate modification by ubiquitin,why protease inhibitors can't be used in child pugh B because they can't be used to protect the fe,KernelDensityGECO,20,0.001,why can't protease inhibitors be used in child pugh b,msmarco-passage/train,ielabgroup/vec2text_gtr-base-st_corrector
20,Substrate modification by ubiquitin,by balancing a dilution of a dilution. The KIENY regulates blood pH and the normal pH,KernelDensityGECO,20,0.001,how does the kideny regulate blood pH,msmarco-passage/train,ielabgroup/vec2text_gtr-base-st_corrector
20,Substrate modification by ubiquitin,is sandoz potassium microcapsulated (sandoz  0.1 g) and is currently encapsulated.,KernelDensityGECO,20,0.001,is sandoz potassium microencapsulated,msmarco-passage/train,ielabgroup/vec2text_gtr-base-st_corrector
20,Substrate modification by ubiquitin,Substituency therapy Substituency therapy (or substitution therapy) is a dietary therapy that a nebula,KernelDensityGECO,20,0.001,what is substitution therapy,msmarco-passage/train,ielabgroup/vec2text_gtr-base-st_corrector
20,Substrate modification by ubiquitin,0G01         requires g0282 to have a modifier,KernelDensityGECO,20,0.001,does g0182 require a modifier,msmarco-passage/train,ielabgroup/vec2text_gtr-base-st_corrector
21,Role of p63 and p73 in relation to DNA damage,"of G3p is used in the following processes: As a result of the use of this process, g3p is used when a",KernelDensityGECO,20,0.001,g3p is used in which of the following processes,msmarco-passage/train,ielabgroup/vec2text_gtr-base-st_corrector
21,Role of p63 and p73 in relation to DNA damage,which is used for fingerprinting and dharma acroscopy to copy the DNA from a fingerprint using a trained fingerprint method,KernelDensityGECO,20,0.001,which is used to copy dna for dna fingerprinting,msmarco-passage/train,ielabgroup/vec2text_gtr-base-st_corrector
21,Role of p63 and p73 in relation to DNA damage,bacterial DNA mount immune response is a response to bacterial cellular DNA and bacterium ions and ovules and maintains,KernelDensityGECO,20,0.001,bacterial DNA mount immune response,msmarco-passage/train,ielabgroup/vec2text_gtr-base-st_corrector
21,Role of p63 and p73 in relation to DNA damage,"which test you are going to use, use a dna-dna test, or use a hDNA test should use",KernelDensityGECO,20,0.001,which dna test should i use,msmarco-passage/train,ielabgroup/vec2text_gtr-base-st_corrector
21,Role of p63 and p73 in relation to DNA damage,"Because magnesium is an important cation for pectose and pyrrolidine, it is important to print out PCR as a",KernelDensityGECO,20,0.001,why is magnesium important for pcr,msmarco-passage/train,ielabgroup/vec2text_gtr-base-st_corrector
21,Role of p63 and p73 in relation to DNA damage,A - 0 - 0 - 0 - 0 - what virus is the best predictor of how much damage causes,KernelDensityGECO,20,0.001,Which of the following is the best predictor of how much damage a virus causes?,msmarco-passage/train,ielabgroup/vec2text_gtr-base-st_corrector
21,Role of p63 and p73 in relation to DNA damage,"polymerases, retroviruses use a specific polymerase, which is a retroviral aminoglycoside reduct",KernelDensityGECO,20,0.001,what polymerase do retroviruses use,msmarco-passage/train,ielabgroup/vec2text_gtr-base-st_corrector
21,Role of p63 and p73 in relation to DNA damage,the PPD test (Paskill Pointed Document (PPD) test is a blood test for individuals with a postnatal,KernelDensityGECO,20,0.001,what is the ppd test,msmarco-passage/train,ielabgroup/vec2text_gtr-base-st_corrector
21,Role of p63 and p73 in relation to DNA damage,Pdm analyst (poliowaresharp.pk) pdm is a collection of data on a product analyzed,KernelDensityGECO,20,0.001,what is pdm analyst,msmarco-passage/train,ielabgroup/vec2text_gtr-base-st_corrector
21,Role of p63 and p73 in relation to DNA damage,plate reader RNA adnea concentration and adnea concentration and adnea concentration of DNA,KernelDensityGECO,20,0.001,plate reader dna rna concentration,msmarco-passage/train,ielabgroup/vec2text_gtr-base-st_corrector
22,Relative response of p53 family members to agents causing single-stranded versus double-stranded DNA breaks,"the two ways scientists use DNA, e.g. by analyzing a strand of a dba-DNA, or by",KernelDensityGECO,20,0.001,what are two ways scientists use dna,msmarco-passage/train,ielabgroup/vec2text_gtr-base-st_corrector
22,Relative response of p53 family members to agents causing single-stranded versus double-stranded DNA breaks,Casp can affect reliability of DNA as long as recombination and mRNA count are analyzed. This can affect cascad,KernelDensityGECO,20,0.001,can casp affect dna reliability,msmarco-passage/train,ielabgroup/vec2text_gtr-base-st_corrector
22,Relative response of p53 family members to agents causing single-stranded versus double-stranded DNA breaks,"232 cases against Pehringer bodelheim. The two cases, dr. inasmuch as prada ina",KernelDensityGECO,20,0.001,how many cases against boehringer ingelheim pradaxa,msmarco-passage/train,ielabgroup/vec2text_gtr-base-st_corrector
22,Relative response of p53 family members to agents causing single-stranded versus double-stranded DNA breaks,DNA explained simply by adnia-serial sleuthing and dna-serial sle,KernelDensityGECO,20,0.001,dna explained simply,msmarco-passage/train,ielabgroup/vec2text_gtr-base-st_corrector
22,Relative response of p53 family members to agents causing single-stranded versus double-stranded DNA breaks,"which single structural relics, based on resequency and/or nucleation, is the main feature responsible for replication",KernelDensityGECO,20,0.001,which single structural feature in dna is primarily responsible for reliable replication,msmarco-passage/train,ielabgroup/vec2text_gtr-base-st_corrector
22,Relative response of p53 family members to agents causing single-stranded versus double-stranded DNA breaks,vs. DNA. A nucleotide is the smallest gene that omits smaller nucleotides by about 100,KernelDensityGECO,20,0.001,what smaller an nucleotides vs gene,msmarco-passage/train,ielabgroup/vec2text_gtr-base-st_corrector
22,Relative response of p53 family members to agents causing single-stranded versus double-stranded DNA breaks,"type of family test, dna-DNA test, can be used to determine what type of relationship can be used to determine a child'",KernelDensityGECO,20,0.001,what type of dna test can be used to determine family relationship,msmarco-passage/train,ielabgroup/vec2text_gtr-base-st_corrector
22,Relative response of p53 family members to agents causing single-stranded versus double-stranded DNA breaks,"(e.g., glucainogens), it is the genes that make an individual more vulnerable to disease, or to another person",KernelDensityGECO,20,0.001,what genes that make the individual more vulnerable to a disease,msmarco-passage/train,ielabgroup/vec2text_gtr-base-st_corrector
22,Relative response of p53 family members to agents causing single-stranded versus double-stranded DNA breaks,"No number for amendment is double jeopardy (as a result of s. 118), double jeopardy (",KernelDensityGECO,20,0.001,no double jeopardy with amendment number,msmarco-passage/train,ielabgroup/vec2text_gtr-base-st_corrector
22,Relative response of p53 family members to agents causing single-stranded versus double-stranded DNA breaks,"if a mRNA or a dB6 is ever erected, a Monera may have a DNA",KernelDensityGECO,20,0.001,does a monera have DNA,msmarco-passage/train,ielabgroup/vec2text_gtr-base-st_corrector
23,Saccharomyces cerevisiae proteins involved in ubiquitin system,where protein digestion is completed. This is a small part of the information that is used to study protein synthesis in intestines and bowel,KernelDensityGECO,20,0.001,where does protein digestion completed,msmarco-passage/train,ielabgroup/vec2text_gtr-base-st_corrector
23,Saccharomyces cerevisiae proteins involved in ubiquitin system,"presence of meconium in amniotic fluid, the presence of meconium in the fluid arose in a septic discharge",KernelDensityGECO,20,0.001,presence of meconium in amniotic fluid,msmarco-passage/train,ielabgroup/vec2text_gtr-base-st_corrector
23,Saccharomyces cerevisiae proteins involved in ubiquitin system,"proteins, mainly ribosuccinol and glucosin, are used in the amplification of mitosis",KernelDensityGECO,20,0.001,what proteins are usedin mitosis,msmarco-passage/train,ielabgroup/vec2text_gtr-base-st_corrector
23,Saccharomyces cerevisiae proteins involved in ubiquitin system,what saccharomyces cerevisiae looks like (scystrococcus cerevisiae is a,KernelDensityGECO,20,0.001,what does saccharomyces cerevisiae look like,msmarco-passage/train,ielabgroup/vec2text_gtr-base-st_corrector
23,Saccharomyces cerevisiae proteins involved in ubiquitin system,"the pituitary is the most closely associated with. As a result of its kinase and belligerent machinery, the pit",KernelDensityGECO,20,0.001,what is the pituitary most closely associated with,msmarco-passage/train,ielabgroup/vec2text_gtr-base-st_corrector
23,Saccharomyces cerevisiae proteins involved in ubiquitin system,"a type of protein, tubulin has a cytochrome-stochastic bonds and a cytochrome-s",KernelDensityGECO,20,0.001,what type of bonds does a tubulin protein have,msmarco-passage/train,ielabgroup/vec2text_gtr-base-st_corrector
23,Saccharomyces cerevisiae proteins involved in ubiquitin system,types of enzyme malfunctions. They are a symptom of a number of proteins-enzyme A protein complex misfire,KernelDensityGECO,20,0.001,types of protein enzyme malfunctions,msmarco-passage/train,ielabgroup/vec2text_gtr-base-st_corrector
23,Saccharomyces cerevisiae proteins involved in ubiquitin system,"of building consistent internal system in organization, compensation is built in consistent internal system in organization, as a result of annual performance data and CIS processing procedures",KernelDensityGECO,20,0.001,what is compensation in internal consistent system built in organization,msmarco-passage/train,ielabgroup/vec2text_gtr-base-st_corrector
23,Saccharomyces cerevisiae proteins involved in ubiquitin system,rab proteins (Human arousal ribonucleoprotein) are a group of proteins that are a protein of citrus,KernelDensityGECO,20,0.001,what are rab proteins,msmarco-passage/train,ielabgroup/vec2text_gtr-base-st_corrector
23,Saccharomyces cerevisiae proteins involved in ubiquitin system,disease for members with peyronid tympaneus duerensis (puerperine's contracture tendons,KernelDensityGECO,20,0.001,peyronie's disease for member with dupuytren's contractures,msmarco-passage/train,ielabgroup/vec2text_gtr-base-st_corrector
24,Mouse peptidoglycan recognition proteins (PGRP),"Rpg (cardizm) Rpg (caddrf) stands for RPCEL, a French engineering company",KernelDensityGECO,20,0.001,what does rpf (cadrg) stand for,msmarco-passage/train,ielabgroup/vec2text_gtr-base-st_corrector
24,Mouse peptidoglycan recognition proteins (PGRP),when pestle analysis is used. Pestle analysis is used as a tool to evaluate the performance of a pest and phylogenetic indicator,KernelDensityGECO,20,0.001,when is pestle analysis used,msmarco-passage/train,ielabgroup/vec2text_gtr-base-st_corrector
24,Mouse peptidoglycan recognition proteins (PGRP),Medicine management medication management is a form of information and pharmacology that is a form of RQP therapy known as PRP,KernelDensityGECO,20,0.001,what is medication management prp,msmarco-passage/train,ielabgroup/vec2text_gtr-base-st_corrector
24,Mouse peptidoglycan recognition proteins (PGRP),printer language rpcs is a language of the LAN OS. It is a language for XML and XML documents,KernelDensityGECO,20,0.001,what is printer language rpcs,msmarco-passage/train,ielabgroup/vec2text_gtr-base-st_corrector
24,Mouse peptidoglycan recognition proteins (PGRP),"idibial insertion injection mice, idibial insertion injection mice, or intratraneal apical inflammatory",KernelDensityGECO,20,0.001,intratibial injection mice,msmarco-passage/train,ielabgroup/vec2text_gtr-base-st_corrector
24,Mouse peptidoglycan recognition proteins (PGRP),"the rpsL gene, it is a genetic gene that provides a genetic insight into the postrenophanetic disorder",KernelDensityGECO,20,0.001,what is the rpsl gene,msmarco-passage/train,ielabgroup/vec2text_gtr-base-st_corrector
24,Mouse peptidoglycan recognition proteins (PGRP),"the polymerase mRNA, selects transcription polymerase, e.g., N-acetyl-copeptida",KernelDensityGECO,20,0.001,which polymerase mrna transcription,msmarco-passage/train,ielabgroup/vec2text_gtr-base-st_corrector
24,Mouse peptidoglycan recognition proteins (PGRP),because RNA polymerase and rasna sample are not matched with a standard rasna template reading,KernelDensityGECO,20,0.001,why is rna polymerase not matched with rna reading rna template,msmarco-passage/train,ielabgroup/vec2text_gtr-base-st_corrector
24,Mouse peptidoglycan recognition proteins (PGRP),"a 'horse hormone', a 'peptide hormone' is a peptide of a natural hormone",KernelDensityGECO,20,0.001,what is a peptide hormone,msmarco-passage/train,ielabgroup/vec2text_gtr-base-st_corrector
24,Mouse peptidoglycan recognition proteins (PGRP),"with a number of lipids, adenovirus, a synovial sclerosis, collagen is a glycoprotein",KernelDensityGECO,20,0.001,is collagen a glycoprotein,msmarco-passage/train,ielabgroup/vec2text_gtr-base-st_corrector
25,Cause of scleroderma,Scratch Scratches is a condition caused by friction damage in the,KernelDensityGECO,20,0.001,what causes scratches,msmarco-passage/train,ielabgroup/vec2text_gtr-base-st_corrector
25,Cause of scleroderma,(scleroderma) is a scleroderma that occurs as a result of abiotic exposure. It causes,KernelDensityGECO,20,0.001,what causes scleroderma,msmarco-passage/train,ielabgroup/vec2text_gtr-base-st_corrector
25,Cause of scleroderma,"a cause of rashesa, rositis, a combination of astroblastosis and other causes of ros",KernelDensityGECO,20,0.001,causes of rosacea,msmarco-passage/train,ielabgroup/vec2text_gtr-base-st_corrector
25,Cause of scleroderma,causes.Sandbanks are a result of a combination of water and abiotic causes during low temperatures and drier subglacial,KernelDensityGECO,20,0.001,what causes sandbanks,msmarco-passage/train,ielabgroup/vec2text_gtr-base-st_corrector
25,Cause of scleroderma,(dyspnea-degeneration) causes of hepatosplenomegaly or hepatosplenom,KernelDensityGECO,20,0.001,causes of hepatosplenomegaly,msmarco-passage/train,ielabgroup/vec2text_gtr-base-st_corrector
25,Cause of scleroderma,exposure to steroid hormones and steroid-lactose disease (Scleroderma) is a cause of the disease,KernelDensityGECO,20,0.001,what causes scleroderma disease,msmarco-passage/train,ielabgroup/vec2text_gtr-base-st_corrector
25,Cause of scleroderma,(scleroderma) is a scleroderma that occurs as a result of abiotic exposure. It causes,KernelDensityGECO,20,0.001,what causes scleroderma,msmarco-passage/train,ielabgroup/vec2text_gtr-base-st_corrector
25,Cause of scleroderma,"underlying causes of scleroderma are a result of persistent scleroderma, which is a combination of neurotoxins",KernelDensityGECO,20,0.001,what are underlying causes of scleroderma,msmarco-passage/train,ielabgroup/vec2text_gtr-base-st_corrector
25,Cause of scleroderma,a fecal-oblique condition (sutissacular) of the supraclavian fat pads causes,KernelDensityGECO,20,0.001,supraclavicular fat pads causes,msmarco-passage/train,ielabgroup/vec2text_gtr-base-st_corrector
25,Cause of scleroderma,a cause of ectosis (ectosis or a graecoartery) causes cholesteatoma,KernelDensityGECO,20,0.001,what causes cholesteatoma,msmarco-passage/train,ielabgroup/vec2text_gtr-base-st_corrector
26,Function of BUB2/BFA1 in the process of cytokinesis,"a to b cable, u to b swb cable, a to a swb USB m",KernelDensityGECO,20,0.001,usb cable a to b,msmarco-passage/train,ielabgroup/vec2text_gtr-base-st_corrector
26,Function of BUB2/BFA1 in the process of cytokinesis,NSB Number NSB Number (bsb) is a number called 414 bsb (Nasap),KernelDensityGECO,20,0.001,what is bsb number nab,msmarco-passage/train,ielabgroup/vec2text_gtr-base-st_corrector
26,Function of BUB2/BFA1 in the process of cytokinesis,"(B.L.A.) is the procedure for a biopsy, followed by a pulse of blood followed by a sym",KernelDensityGECO,20,0.001,what is the procedure for a biopsy,msmarco-passage/train,ielabgroup/vec2text_gtr-base-st_corrector
26,Function of BUB2/BFA1 in the process of cytokinesis,"which is the step that follows mitosis, in which a cytoplasm divides, and the kiloblasts follow.",KernelDensityGECO,20,0.001,what is the step that follows mitosis in which the cytoplasm divides?,msmarco-passage/train,ielabgroup/vec2text_gtr-base-st_corrector
26,Function of BUB2/BFA1 in the process of cytokinesis,"in the work of a cyst or a nausea of the body, cytokinesis is the purpose",KernelDensityGECO,20,0.001,what is the purpose of cytokinesis,msmarco-passage/train,ielabgroup/vec2text_gtr-base-st_corrector
26,Function of BUB2/BFA1 in the process of cytokinesis,"a cell is transcribed into a variety of cytoplasm and heme ions, one cell happens during the process of cell division",KernelDensityGECO,20,0.001,what happens during the process of cell division,msmarco-passage/train,ielabgroup/vec2text_gtr-base-st_corrector
26,Function of BUB2/BFA1 in the process of cytokinesis,"What it means is cytosis, a cytosis of a cell or a cytosis of a calorie",KernelDensityGECO,20,0.001,what does cytosis mean,msmarco-passage/train,ielabgroup/vec2text_gtr-base-st_corrector
26,Function of BUB2/BFA1 in the process of cytokinesis,"synthesis of butyl oleate, ultrasonic synthesis of butyl oleate and -nitroso",KernelDensityGECO,20,0.001,ultrasonic synthesis of butyl oleate,msmarco-passage/train,ielabgroup/vec2text_gtr-base-st_corrector
26,Function of BUB2/BFA1 in the process of cytokinesis,what mechanism is used to drive movement of small pinocytoid vesicles across the cytoplasmic wall of capillaries.,KernelDensityGECO,20,0.001,what is the mechanism of movement across the capillary wall that utilizes small pinocytotic vesicles?,msmarco-passage/train,ielabgroup/vec2text_gtr-base-st_corrector
26,Function of BUB2/BFA1 in the process of cytokinesis,create function from two table,KernelDensityGECO,20,0.001,create function from two table,msmarco-passage/train,ielabgroup/vec2text_gtr-base-st_corrector
27,Role of autophagy in apoptosis,"a function of non-specific immunity, it is phagocytosis. Blood cells that digest a host such as cytokines",KernelDensityGECO,20,0.001,"Non-specific immunity, such4 as phagocytosis, is a function of which blood cells?",msmarco-passage/train,ielabgroup/vec2text_gtr-base-st_corrector
27,Role of autophagy in apoptosis,"apsia apm (APM) automation, defined as the actuation of tasks by a computer by a controller",KernelDensityGECO,20,0.001,apm automation definition,msmarco-passage/train,ielabgroup/vec2text_gtr-base-st_corrector
27,Role of autophagy in apoptosis,-autologous tissue -autologous tissue is a defined tissue of a plant or other tissue with a connective,KernelDensityGECO,20,0.001,autologous tissue definition,msmarco-passage/train,ielabgroup/vec2text_gtr-base-st_corrector
27,Role of autophagy in apoptosis,"is heterotrophic, phagocytosis  or    or   autotrophic",KernelDensityGECO,20,0.001,is phagocytosis autotrophic or heterotrophic,msmarco-passage/train,ielabgroup/vec2text_gtr-base-st_corrector
27,Role of autophagy in apoptosis,"functions of Sertoli cells. These cells function on a continuous basis: sterol crystallins, proteins, and oligoblast",KernelDensityGECO,20,0.001,functions of sertoli cells,msmarco-passage/train,ielabgroup/vec2text_gtr-base-st_corrector
27,Role of autophagy in apoptosis,action where the food is esophagus and other erectiles. Food travels down the stomach to the eso,KernelDensityGECO,20,0.001,what action is the food travels down the esophagus to the stomach,msmarco-passage/train,ielabgroup/vec2text_gtr-base-st_corrector
27,Role of autophagy in apoptosis,An onomatopoeia is a form of adverbialism that makes a syllable or action do,KernelDensityGECO,20,0.001,what does an onomatopoeia do,msmarco-passage/train,ielabgroup/vec2text_gtr-base-st_corrector
27,Role of autophagy in apoptosis,"a paper of autoethnography (autoethnography) is a research paper and a subject paper of the ""Phys",KernelDensityGECO,20,0.001,what is an autoethnography paper,msmarco-passage/train,ielabgroup/vec2text_gtr-base-st_corrector
27,Role of autophagy in apoptosis,apoptosis (apoptosis of apoptosis wntl) is regulated by .,KernelDensityGECO,20,0.001,what is apoptosis regulated by,msmarco-passage/train,ielabgroup/vec2text_gtr-base-st_corrector
27,Role of autophagy in apoptosis,Endoplasmic reticulum is the function of the macrophage in the reticulum and to endocrine gastrointestinal,KernelDensityGECO,20,0.001,what is the function of the endoplasmic reticulum in macrophage,msmarco-passage/train,ielabgroup/vec2text_gtr-base-st_corrector
28,Proteases that function in both apoptosis and autophagy cell death,two functions and 122121212 composition of one-to-one parts.,KernelDensityGECO,20,0.001,composition of two one to one functions,msmarco-passage/train,ielabgroup/vec2text_gtr-base-st_corrector
28,Proteases that function in both apoptosis and autophagy cell death,primary functions of the human body include the following: The function of the protein in the human body is a function of the following organs except,KernelDensityGECO,20,0.001,the primary functions of protein in the human body include the following except,msmarco-passage/train,ielabgroup/vec2text_gtr-base-st_corrector
28,Proteases that function in both apoptosis and autophagy cell death,"the different organisms that are found in autotrophic nutrition, agro-botanical nutrition and nutrients, include atroph",KernelDensityGECO,20,0.001,different organisms that are found in autotrophic nutrition,msmarco-passage/train,ielabgroup/vec2text_gtr-base-st_corrector
28,Proteases that function in both apoptosis and autophagy cell death,"cellular process of mitosis (e.g., RNA mRNA synapses) involves mitosis",KernelDensityGECO,20,0.001,what cellular process involves mitosis,msmarco-passage/train,ielabgroup/vec2text_gtr-base-st_corrector
28,Proteases that function in both apoptosis and autophagy cell death,"stages in cell reproduction: adenosine ribosomal ribosomal nectase, and em",KernelDensityGECO,20,0.001,what are the stages in cell reproduction,msmarco-passage/train,ielabgroup/vec2text_gtr-base-st_corrector
28,Proteases that function in both apoptosis and autophagy cell death,"types of cells in the stomach and their secretions, e.g. a cervix and a bile apicul",KernelDensityGECO,20,0.001,types of cells in the stomach and their secretions,msmarco-passage/train,ielabgroup/vec2text_gtr-base-st_corrector
28,Proteases that function in both apoptosis and autophagy cell death,"the use of two enzymes that enzyme in glycolysis, ATP, which enzymatically metabolizes atp",KernelDensityGECO,20,0.001,two enzymes that makes use of atp in glycolysis,msmarco-passage/train,ielabgroup/vec2text_gtr-base-st_corrector
28,Proteases that function in both apoptosis and autophagy cell death,"Located in the number component, the function subtotal (number      ) is 47 functions",KernelDensityGECO,20,0.001,what is the function number in subtotal,msmarco-passage/train,ielabgroup/vec2text_gtr-base-st_corrector
28,Proteases that function in both apoptosis and autophagy cell death,do suppressor T-cells function by inhibiting t-cell formation and stop t-cell formation by ensecreting the cell,KernelDensityGECO,20,0.001,do suppressor t cells function by inhibiting t cell formation,msmarco-passage/train,ielabgroup/vec2text_gtr-base-st_corrector
28,Proteases that function in both apoptosis and autophagy cell death,"of quizletin, b) a phagocyte is a phagocyte of a hysterocyte and c)",KernelDensityGECO,20,0.001,which of the following is a phagocyte quizlet,msmarco-passage/train,ielabgroup/vec2text_gtr-base-st_corrector
29,Phenotypes of gyrA mutations,"type of bacteria that causes mycoplasma pneumonia is a bacterium, Bacteria microsaurinae, Bacteria",KernelDensityGECO,20,0.001,what type of bacteria causes mycoplasma pneumoniae,msmarco-passage/train,ielabgroup/vec2text_gtr-base-st_corrector
29,Phenotypes of gyrA mutations,"chromosome, the chromosome on which the Gba gene is chromosome 4 (4 g",KernelDensityGECO,20,0.001,what chromosome is that gba gene,msmarco-passage/train,ielabgroup/vec2text_gtr-base-st_corrector
29,Phenotypes of gyrA mutations,chromosome in siremelia is affected by siremelia. This is a part of the 288-peniagnom,KernelDensityGECO,20,0.001,what chromosome is affected in sirenomelia,msmarco-passage/train,ielabgroup/vec2text_gtr-base-st_corrector
29,Phenotypes of gyrA mutations,"mththrin gene mutation, mthfr is a mthr-mfr gene. This gene fore",KernelDensityGECO,20,0.001,mthfr gene mutation,msmarco-passage/train,ielabgroup/vec2text_gtr-base-st_corrector
29,Phenotypes of gyrA mutations,"poem describing how environment could affect an organism phenotype, phenotype, phenotype, phenotype and placen",KernelDensityGECO,20,0.001,poem describing how environment could affect an organism phenotype,msmarco-passage/train,ielabgroup/vec2text_gtr-base-st_corrector
29,Phenotypes of gyrA mutations,a phenotype frequency (fem. 15C to 15C) is a phenomogroup,KernelDensityGECO,20,0.001,what is a phenotype frequency,msmarco-passage/train,ielabgroup/vec2text_gtr-base-st_corrector
29,Phenotypes of gyrA mutations,"et al. ectopia cordis, is a genetic disorder, it is believed that it is a normal inherited condition",KernelDensityGECO,20,0.001,is ectopia cordis a genetic disorder,msmarco-passage/train,ielabgroup/vec2text_gtr-base-st_corrector
29,Phenotypes of gyrA mutations,chromosome in siremelia is affected by siremelia. This is a part of the 288-peniagnom,KernelDensityGECO,20,0.001,what chromosome is affected in sirenomelia,msmarco-passage/train,ielabgroup/vec2text_gtr-base-st_corrector
29,Phenotypes of gyrA mutations,phenotypic variation of streptococci is genotypic variation of Gram-negative pneumonia and pseudococci,KernelDensityGECO,20,0.001,what is genotypic variation of streptococcus pneumoniae,msmarco-passage/train,ielabgroup/vec2text_gtr-base-st_corrector
29,Phenotypes of gyrA mutations,"(4) traits of pea plants are recessive (i.e., people with two overlapping peas, people with no other",KernelDensityGECO,20,0.001,what is 4 recessive traits of pea plants,msmarco-passage/train,ielabgroup/vec2text_gtr-base-st_corrector
30,Regulatory targets of the Nkx gene family members,"family of rickets is a genetic disorder, however, it is suspected to be a diagnosis of Rasek disease magnos",KernelDensityGECO,20,0.001,is rickets a genetic disorder,msmarco-passage/train,ielabgroup/vec2text_gtr-base-st_corrector
30,Regulatory targets of the Nkx gene family members,Lonza-nucleofector solution Lonza-nucleofector solution is a chipotryum catalyst,KernelDensityGECO,20,0.001,what is lonza nucleofector solution,msmarco-passage/train,ielabgroup/vec2text_gtr-base-st_corrector
30,Regulatory targets of the Nkx gene family members,"starting from neclex. Starting in 1932, neclex started when a new type of nBSC was available",KernelDensityGECO,20,0.001,when did nclex start,msmarco-passage/train,ielabgroup/vec2text_gtr-base-st_corrector
30,Regulatory targets of the Nkx gene family members,the Dexos Approval is a food and wine (GPS) approved based on a partnership with Xenocard,KernelDensityGECO,20,0.001,what is dexos approved,msmarco-passage/train,ielabgroup/vec2text_gtr-base-st_corrector
30,Regulatory targets of the Nkx gene family members,reedauld reedauld is an Ulster-Oxford celebration. It is Akinn,KernelDensityGECO,20,0.001,what is auld reekine,msmarco-passage/train,ielabgroup/vec2text_gtr-base-st_corrector
30,Regulatory targets of the Nkx gene family members,"fcx earnings date. Earned from fcx cash receipts. Date: November 24, 2017 Date: December 31, 2017 .",KernelDensityGECO,20,0.001,fcx earnings date,msmarco-passage/train,ielabgroup/vec2text_gtr-base-st_corrector
30,Regulatory targets of the Nkx gene family members,"nkc , is a complex network of discovery, development and enduring products of the New Carousel Society (NCO).",KernelDensityGECO,20,0.001,what is nkc,msmarco-passage/train,ielabgroup/vec2text_gtr-base-st_corrector
30,Regulatory targets of the Nkx gene family members,"is an oncogene or RB gene, rb is a tumor suppressor gene and is associated with potent rabies inhibition",KernelDensityGECO,20,0.001,is rb an oncogene or tumor suppressor gene,msmarco-passage/train,ielabgroup/vec2text_gtr-base-st_corrector
30,Regulatory targets of the Nkx gene family members,"Co.kr The domain .kr is a domain of CORTelin & Co., Inc. (www.co",KernelDensityGECO,20,0.001,what domain is co.kr,msmarco-passage/train,ielabgroup/vec2text_gtr-base-st_corrector
30,Regulatory targets of the Nkx gene family members,"ktn is on Global Entry card. Located on the card on the “Asia-chisei” card,",KernelDensityGECO,20,0.001,where is ktn on global entry card,msmarco-passage/train,ielabgroup/vec2text_gtr-base-st_corrector
31,TOR signaling in neurofibromatosis,what the somatic interneurons do is as a sensory input system from neurons that receive input from the resonant neurons during the neural transfer,KernelDensityGECO,20,0.001,what does the interneurons receiving input from somatic sensory neurons do,msmarco-passage/train,ielabgroup/vec2text_gtr-base-st_corrector
31,TOR signaling in neurofibromatosis,"deficiency results in neural tube defects, fetal tubes can be hysteresizing the developing fetus",KernelDensityGECO,20,0.001,deficiency results in neural tube defects in developing fetus,msmarco-passage/train,ielabgroup/vec2text_gtr-base-st_corrector
31,TOR signaling in neurofibromatosis,"this gene causes cystic fibrosis, primarily cytokine fibrosis, Cfasc-ruber gene",KernelDensityGECO,20,0.001,what  gene causes cystic fibrosis,msmarco-passage/train,ielabgroup/vec2text_gtr-base-st_corrector
31,TOR signaling in neurofibromatosis,symptoms of neurofibroma. Neurofibroma is a presenting range of symptoms including neopneumonia and alerg alerg,KernelDensityGECO,20,0.001,neurofibroma symptoms,msmarco-passage/train,ielabgroup/vec2text_gtr-base-st_corrector
31,TOR signaling in neurofibromatosis,"is neurofibromatosis (NFS-fibromatosis) hereditary, and the family is examined in children with the condition",KernelDensityGECO,20,0.001,is neurofibromatosis hereditary,msmarco-passage/train,ielabgroup/vec2text_gtr-base-st_corrector
31,TOR signaling in neurofibromatosis,cells can function to prevent neoplastic cells from progressing to cancer and osmoprotecting the NEXT quiz,KernelDensityGECO,20,0.001,what cells can function to prevent neoplastic cells from progressing to cancer quizlet,msmarco-passage/train,ielabgroup/vec2text_gtr-base-st_corrector
31,TOR signaling in neurofibromatosis,a child's bronchial stridor. The most common causes of neonatal stridor are mild mild,KernelDensityGECO,20,0.001,most common causes of neonatal stridor,msmarco-passage/train,ielabgroup/vec2text_gtr-base-st_corrector
31,TOR signaling in neurofibromatosis,The tingling of the toes or tingling of the infeasible toes in the foot is an indication of,KernelDensityGECO,20,0.001,what is tingling in the toes an indication of,msmarco-passage/train,ielabgroup/vec2text_gtr-base-st_corrector
31,TOR signaling in neurofibromatosis,a toe tuft fracture (or Toe-tuft fracturing) is a bruxism of the humer,KernelDensityGECO,20,0.001,what is a toe tuft fracture,msmarco-passage/train,ielabgroup/vec2text_gtr-base-st_corrector
31,TOR signaling in neurofibromatosis,"a stifled cisgender syndrome in humans, marfan syndrome is caused by an abnormality in the human fe",KernelDensityGECO,20,0.001,marfan syndrome in humans is caused by an abnormality,msmarco-passage/train,ielabgroup/vec2text_gtr-base-st_corrector
32,Xenograft animal models of tumorogenesis,"containing a high number of bone forming cells, these are considered bone building cells for esophagus, bone forming and bone",KernelDensityGECO,20,0.001,these are considered bone building cells,msmarco-passage/train,ielabgroup/vec2text_gtr-base-st_corrector
32,Xenograft animal models of tumorogenesis,what is skin grafting (skin amputation) is a method of genetic amputation of the skin and a wound that occurs,KernelDensityGECO,20,0.001,what is skin grafting,msmarco-passage/train,ielabgroup/vec2text_gtr-base-st_corrector
32,Xenograft animal models of tumorogenesis,"RNA animals that have a RNA stage. Those RNA viruses, or a dsDNA virus, are called",KernelDensityGECO,20,0.001,RNA animal viruses that have a DNA stage are called _____.,msmarco-passage/train,ielabgroup/vec2text_gtr-base-st_corrector
32,Xenograft animal models of tumorogenesis,(US): The Human Gene Project is a project to study human ailment and human obesity and is currently under the berlusc,KernelDensityGECO,20,0.001,what is the human gene project,msmarco-passage/train,ielabgroup/vec2text_gtr-base-st_corrector
32,Xenograft animal models of tumorogenesis,(BXF schema,KernelDensityGECO,20,0.001,bxf schema,msmarco-passage/train,ielabgroup/vec2text_gtr-base-st_corrector
32,Xenograft animal models of tumorogenesis,gastrulation occurs when the embryo is about a grossosahedral size and the size of the embryo is a,KernelDensityGECO,20,0.001,gastrulation occurs when the embryo is about the size of a,msmarco-passage/train,ielabgroup/vec2text_gtr-base-st_corrector
32,Xenograft animal models of tumorogenesis,axoplasmic flow (axoplasmic axocell axogenesis) is a definition of the flow,KernelDensityGECO,20,0.001,axoplasmic flow definition,msmarco-passage/train,ielabgroup/vec2text_gtr-base-st_corrector
32,Xenograft animal models of tumorogenesis,What is a theoretical model of treatment (as in the case of amputations and physiotherapy) means that the treatment model is realistic,KernelDensityGECO,20,0.001,what does a theoretical model/treatment mean,msmarco-passage/train,ielabgroup/vec2text_gtr-base-st_corrector
32,Xenograft animal models of tumorogenesis,"Animal penor (porascis aedulis) is a animal food and a lipid. In animals,",KernelDensityGECO,20,0.001,what is animal penor,msmarco-passage/train,ielabgroup/vec2text_gtr-base-st_corrector
32,Xenograft animal models of tumorogenesis,"under a sworn-in agency, who oversees testing of animals, genetic testing of animal cells and vaccines, and Robert E. Johnson",KernelDensityGECO,20,0.001,who oversees genetic testing of animals,msmarco-passage/train,ielabgroup/vec2text_gtr-base-st_corrector
33,"Mice, mutant strains, and Histoplasmosis","which illness is caused by a mutation in mitochondrial DNA resulting from a mtDNA adherent, a m",KernelDensityGECO,20,0.001,which of the following is an illness caused by a mutation in mitochondrial dna,msmarco-passage/train,ielabgroup/vec2text_gtr-base-st_corrector
33,"Mice, mutant strains, and Histoplasmosis",type of microbe is a streptococcus pyogene and its streptococcus microbes are,KernelDensityGECO,20,0.001,what type of microbe is streptococcus pyogenes,msmarco-passage/train,ielabgroup/vec2text_gtr-base-st_corrector
33,"Mice, mutant strains, and Histoplasmosis",what a gene phenotype is a mutant gene with a muff graft and a mutation or cross-bree,KernelDensityGECO,20,0.001,what is a mutant gene phenotype,msmarco-passage/train,ielabgroup/vec2text_gtr-base-st_corrector
33,"Mice, mutant strains, and Histoplasmosis","How myotonic dystrophy affects your body, it affects your ovulation, ovulation, and ov",KernelDensityGECO,20,0.001,how does myotonic dystrophy affect your body,msmarco-passage/train,ielabgroup/vec2text_gtr-base-st_corrector
33,"Mice, mutant strains, and Histoplasmosis",The mutation known as “Patau syndrome” is believed to cause patau syndrome with a mutation in EGFL1 and a mutant mutant,KernelDensityGECO,20,0.001,what mutation causes patau syndrome,msmarco-passage/train,ielabgroup/vec2text_gtr-base-st_corrector
33,"Mice, mutant strains, and Histoplasmosis","tissues are a spherical abacus of arteries. Normally, meristems develop into tissues but do become",KernelDensityGECO,20,0.001,tissues do meristems develop into,msmarco-passage/train,ielabgroup/vec2text_gtr-base-st_corrector
33,"Mice, mutant strains, and Histoplasmosis","cause ureaplasma. Ureaplasma is a result of contact with parasites such as cats and acorns, which",KernelDensityGECO,20,0.001,what causes ureaplasma,msmarco-passage/train,ielabgroup/vec2text_gtr-base-st_corrector
33,"Mice, mutant strains, and Histoplasmosis","the little work on the plot of the novel, Mouse and Men on page 814 of the Odeons and Men says migrant workers",KernelDensityGECO,20,0.001,what page in of mice and men does it say migrant workers,msmarco-passage/train,ielabgroup/vec2text_gtr-base-st_corrector
33,"Mice, mutant strains, and Histoplasmosis","different types of mold spores, hyalocerasis spores and niuda on shrubs",KernelDensityGECO,20,0.001,different types of mold spores on shrubs,msmarco-passage/train,ielabgroup/vec2text_gtr-base-st_corrector
33,"Mice, mutant strains, and Histoplasmosis","scyphozoan medusae have and what they lack, is a part of scyphophobia",KernelDensityGECO,20,0.001,scyphozoan medusae lack what,msmarco-passage/train,ielabgroup/vec2text_gtr-base-st_corrector
34,Gene products of Cryptococcus important to fungal survival,is clostridium (Clidium var. infectious) in clostridium species produce endospores.,KernelDensityGECO,20,0.001,does clostridium species produce endospores?,msmarco-passage/train,ielabgroup/vec2text_gtr-base-st_corrector
34,Gene products of Cryptococcus important to fungal survival,"-methylated methionine, -methylated methionine, -gene defect methionine",KernelDensityGECO,20,0.001,genetic defect methionine,msmarco-passage/train,ielabgroup/vec2text_gtr-base-st_corrector
34,Gene products of Cryptococcus important to fungal survival,"antifungal medication used to treat fungal infection, AO-Alvetin, AO-Alvetin, or porosis",KernelDensityGECO,20,0.001,po medication for treating fungal infection,msmarco-passage/train,ielabgroup/vec2text_gtr-base-st_corrector
34,Gene products of Cryptococcus important to fungal survival,"the gene of achondroplasia, is affected in achondroplasia. It is based on the small angiography",KernelDensityGECO,20,0.001,what gene of achondroplasia is affected by it,msmarco-passage/train,ielabgroup/vec2text_gtr-base-st_corrector
34,Gene products of Cryptococcus important to fungal survival,"Because of their great rust and succulent mosses and their high nutrient concentrations, ruminants are valuable livestock in",KernelDensityGECO,20,0.001,why are ruminants valuable livestock,msmarco-passage/train,ielabgroup/vec2text_gtr-base-st_corrector
34,Gene products of Cryptococcus important to fungal survival,The microorganisms in sourdough bread or sourdough bread may play a role in microbiotis,KernelDensityGECO,20,0.001,what role does microorganisms play in sourdough bread,msmarco-passage/train,ielabgroup/vec2text_gtr-base-st_corrector
34,Gene products of Cryptococcus important to fungal survival,"name of which microbe is believed to be responsible for smallpox, namely microbes such as praeolacteria",KernelDensityGECO,20,0.001,name of microbe responsible for smallpox,msmarco-passage/train,ielabgroup/vec2text_gtr-base-st_corrector
34,Gene products of Cryptococcus important to fungal survival,"a selection of types of pathogens are found in recalled foods, including re-drinks, re-electrification",KernelDensityGECO,20,0.001,what types of pathogens are found in recall foods,msmarco-passage/train,ielabgroup/vec2text_gtr-base-st_corrector
34,Gene products of Cryptococcus important to fungal survival,"examples of practical genetics are the two examples of RNA and RNA, which are used to support a variety of applications of the cellular condition",KernelDensityGECO,20,0.001,what are two examples of practical genetics,msmarco-passage/train,ielabgroup/vec2text_gtr-base-st_corrector
34,Gene products of Cryptococcus important to fungal survival,– Bacteria that produce exotoxin include koebacteria and lactic acidosiosio,KernelDensityGECO,20,0.001,what bacteria produce exotoxin,msmarco-passage/train,ielabgroup/vec2text_gtr-base-st_corrector
35,WD40 repeat-containing proteins,"(known as a nuclear protein) is a virulent eukaryotic protein which combines a number of amino acids,",KernelDensityGECO,20,0.001,what is a nuclear protein,msmarco-passage/train,ielabgroup/vec2text_gtr-base-st_corrector
35,WD40 repeat-containing proteins,"proteins that carry out DNA replication, such as a recombinant kinase bind to the elastoprotein",KernelDensityGECO,20,0.001,what are the proteins that carry out dna replication,msmarco-passage/train,ielabgroup/vec2text_gtr-base-st_corrector
35,WD40 repeat-containing proteins,which of the three different representations of the folds of the protein structure is best suited for studying the interior shapes formed by proteins and,KernelDensityGECO,20,0.001,which of the three different representations of protein structure is most useful for studying the interior shapes formed by the folds of the protein,msmarco-passage/train,ielabgroup/vec2text_gtr-base-st_corrector
35,WD40 repeat-containing proteins,brake lubricants or grease and replace pad lubricant or grease glue or a glue or a glue or a glue fixation,KernelDensityGECO,20,0.001,brake pad replacement grease or glue,msmarco-passage/train,ielabgroup/vec2text_gtr-base-st_corrector
35,WD40 repeat-containing proteins,"products include whey (coated milk, whey flakes, and adobe and wafers) which contain protein",KernelDensityGECO,20,0.001,what products include whey,msmarco-passage/train,ielabgroup/vec2text_gtr-base-st_corrector
35,WD40 repeat-containing proteins,"types of protein shakes, a different type of protein is known, e.g., alcoholic vyaline, fat",KernelDensityGECO,20,0.001,different types of protein shakes,msmarco-passage/train,ielabgroup/vec2text_gtr-base-st_corrector
35,WD40 repeat-containing proteins,of the following enzymes (aminophosphoglucose and aminophospholipid) is likely the most abundant protein in the world,KernelDensityGECO,20,0.001,which of the following enzymes is probably the most abundant protein in the world,msmarco-passage/train,ielabgroup/vec2text_gtr-base-st_corrector
35,WD40 repeat-containing proteins,brake lubricants or grease and replace pad lubricant or grease glue or a glue or a glue or a glue fixation,KernelDensityGECO,20,0.001,brake pad replacement grease or glue,msmarco-passage/train,ielabgroup/vec2text_gtr-base-st_corrector
35,WD40 repeat-containing proteins,"if you use WD40 (raw oil, dildol and water) you can use it for arthritis pain relief and ease",KernelDensityGECO,20,0.001,can you use wd40 for arthritis,msmarco-passage/train,ielabgroup/vec2text_gtr-base-st_corrector
35,WD40 repeat-containing proteins,"the codons in the adenosine trigonoproteinases, stop making a protein and stop coding for another",KernelDensityGECO,20,0.001,what codons stop the making of a protein,msmarco-passage/train,ielabgroup/vec2text_gtr-base-st_corrector
36,RAB3A,. In poetry aabb is,KernelDensityGECO,20,0.001,in poetry aaabb is called,msmarco-passage/train,ielabgroup/vec2text_gtr-base-st_corrector
36,RAB3A,The correct name for baCO3 (or baCO3 styrene borosulfate) is . The,KernelDensityGECO,20,0.001,The correct name for BaCO3 is,msmarco-passage/train,ielabgroup/vec2text_gtr-base-st_corrector
36,RAB3A,"when rrb are gone. RRb are gone from 1 January to 30 May, and they can return, but rrbs",KernelDensityGECO,20,0.001,when rrb are gone,msmarco-passage/train,ielabgroup/vec2text_gtr-base-st_corrector
36,RAB3A,ras is an acoustic acid and azine irradiation medium. It is known as ra,KernelDensityGECO,20,0.001,what is rras,msmarco-passage/train,ielabgroup/vec2text_gtr-base-st_corrector
36,RAB3A,arabic word,KernelDensityGECO,20,0.001,arabic word meaning peace,msmarco-passage/train,ielabgroup/vec2text_gtr-base-st_corrector
36,RAB3A,255/17 r.225 is the difference between 225/17 r.225 and 225/17 r.225 r,KernelDensityGECO,20,0.001,the difference between 225/65 r17 and 255/65 r17,msmarco-passage/train,ielabgroup/vec2text_gtr-base-st_corrector
36,RAB3A,a3 a3 a3 is a crucible-concrete-console video game. It is available on c,KernelDensityGECO,20,0.001,what is ac3,msmarco-passage/train,ielabgroup/vec2text_gtr-base-st_corrector
36,RAB3A,can be reversed and the process is reversed if the buffered aby-box is used to resequence,KernelDensityGECO,20,0.001,can buffered aby box be used in reverse,msmarco-passage/train,ielabgroup/vec2text_gtr-base-st_corrector
36,RAB3A,"the definition of 5g. rffe - 5g is a definition of rffe in a standardized application in coffee, caffeine",KernelDensityGECO,20,0.001,rffe definition for 5g,msmarco-passage/train,ielabgroup/vec2text_gtr-base-st_corrector
36,RAB3A,suntrust incoming wire. The incoming wire is tipped to be able to receive supplemental service from aba wire number 7500,KernelDensityGECO,20,0.001,suntrust aba incoming wire number,msmarco-passage/train,ielabgroup/vec2text_gtr-base-st_corrector
37,PAM,"name Paden (Daniel, Octavian, and Alfred) is a name of a young man named Jonathan (Fr",KernelDensityGECO,20,0.001,what name is paden,msmarco-passage/train,ielabgroup/vec2text_gtr-base-st_corrector
37,PAM,meaning of Bam-barring. Bam barring is a business design of a a a,KernelDensityGECO,20,0.001,meaning of bam barring,msmarco-passage/train,ielabgroup/vec2text_gtr-base-st_corrector
37,PAM,application in the avionics industry. The acronyms papp stand for 'Apply for Aviation Probability' and 'App,KernelDensityGECO,20,0.001,what does papp stand for in aviation industry,msmarco-passage/train,ielabgroup/vec2text_gtr-base-st_corrector
37,PAM,"a puma is considered to be a puma. This can be based on the fjords, grey fur",KernelDensityGECO,20,0.001,what is considered a puma,msmarco-passage/train,ielabgroup/vec2text_gtr-base-st_corrector
37,PAM,"if a pid detect ammonia, a pid would detect ammonia with a PM database. This is a drug",KernelDensityGECO,20,0.001,would a pid detect ammonia,msmarco-passage/train,ielabgroup/vec2text_gtr-base-st_corrector
37,PAM,"PM (Madden) PM (also known as PM) is a time series, a digital and a",KernelDensityGECO,20,0.001,what is pm,msmarco-passage/train,ielabgroup/vec2text_gtr-base-st_corrector
37,PAM,"definition of gleam. A bluff, a light-spray, a light-scissor, earthquake",KernelDensityGECO,20,0.001,definition of gleam,msmarco-passage/train,ielabgroup/vec2text_gtr-base-st_corrector
37,PAM,PGM medical PGM medical is a medical solution for gastric esophagus and pyemahoria.,KernelDensityGECO,20,0.001,what is pgm medical,msmarco-passage/train,ielabgroup/vec2text_gtr-base-st_corrector
37,PAM,a.m. and a.m.; PM and AM stand for Ameridian Timeline; and 5 PM and 9 PM stand,KernelDensityGECO,20,0.001,what am and pm stand for,msmarco-passage/train,ielabgroup/vec2text_gtr-base-st_corrector
37,PAM,"(known as guam) is a small nation of the U.S. states of Florida, Hawaii, and the U.S. Virgin",KernelDensityGECO,20,0.001,what is guam,msmarco-passage/train,ielabgroup/vec2text_gtr-base-st_corrector
38,Risk factors for stroke,of the following is a risk factor of stroke: a) BP lipids and b) choline and blood glucose risk factors,KernelDensityGECO,20,0.001,which of the following is a risk factor of stroke,msmarco-passage/train,ielabgroup/vec2text_gtr-base-st_corrector
38,Risk factors for stroke,"a basic understanding of the relationship between dust and strokes is a very important relationship that relates to the ATP, muscle, and skeletal",KernelDensityGECO,20,0.001,what is the relationship of dust and strokes,msmarco-passage/train,ielabgroup/vec2text_gtr-base-st_corrector
38,Risk factors for stroke,the most common subtype of stroke is the common systolic pharyngeal and a common type of dialysis,KernelDensityGECO,20,0.001,most common subtype of stroke,msmarco-passage/train,ielabgroup/vec2text_gtr-base-st_corrector
38,Risk factors for stroke,"how, in a set of behaviors, risk behaviors are associated with consequences. They are associated with outcomes when they are able to respond to the risk",KernelDensityGECO,20,0.001,how are risk behaviors associated with consequences,msmarco-passage/train,ielabgroup/vec2text_gtr-base-st_corrector
38,Risk factors for stroke,"factors of heart failure, such as atrial chondrosis, high blood pressure, and pulmonary venous failure, are risk factors",KernelDensityGECO,20,0.001,what are risk factors of heart failure,msmarco-passage/train,ielabgroup/vec2text_gtr-base-st_corrector
38,Risk factors for stroke,"medical conditions that cause atrial dysrhythmias, as pressure is placed on the atria to prevent atrial tapping.",KernelDensityGECO,20,0.001,"what medical conditions place pressure on the atria, causing atrial dysrhythmias to occur?",msmarco-passage/train,ielabgroup/vec2text_gtr-base-st_corrector
38,Risk factors for stroke,"the quizzes, transcription factors are a form of adreneasing and a form of interrogative geria",KernelDensityGECO,20,0.001,what are transcription factors quizlet,msmarco-passage/train,ielabgroup/vec2text_gtr-base-st_corrector
38,Risk factors for stroke,"The incidence of thrombosis is a thrombosis of the blood, and is associated with the risk of thrombos",KernelDensityGECO,20,0.001,what is the incidence of thrombosis,msmarco-passage/train,ielabgroup/vec2text_gtr-base-st_corrector
38,Risk factors for stroke,"a set of three criteria used in the communication step of risk management, i.e., priority, adm, and .",KernelDensityGECO,20,0.001,what are three criteria used in the communication step of risk management?,msmarco-passage/train,ielabgroup/vec2text_gtr-base-st_corrector
38,Risk factors for stroke,of the following is a risk factor of stroke: a) BP lipids and b) choline and blood glucose risk factors,KernelDensityGECO,20,0.001,which of the following is a risk factor of stroke,msmarco-passage/train,ielabgroup/vec2text_gtr-base-st_corrector
39,Hypertension,"treatments: Sodium acetate (for high blood pressure) or a combination of a combination of antibiotics, hypertension treatment (for hyper",KernelDensityGECO,20,0.001,what are treatments for hypertension,msmarco-passage/train,ielabgroup/vec2text_gtr-base-st_corrector
39,Hypertension,complication is the complication of hypertension – which occurs secondary to hypertension (as well as a link between chori,KernelDensityGECO,20,0.001,which complication occurs secondary to hypertension,msmarco-passage/train,ielabgroup/vec2text_gtr-base-st_corrector
39,Hypertension,"mechanism of action of magnesium is as follows: Magnesium acts on hypertension, reducing the amount of glucagon and a blood",KernelDensityGECO,20,0.001,mechanism of action on how magnesium acts on hypertension,msmarco-passage/train,ielabgroup/vec2text_gtr-base-st_corrector
39,Hypertension,"highest blood pressure recorded (1,820 bp/mL compared to 1,020 bp/dl with high blood pressure",KernelDensityGECO,20,0.001,highest blood pressure recorded,msmarco-passage/train,ielabgroup/vec2text_gtr-base-st_corrector
39,Hypertension,"do not increase intracranial hypertension, caffeine can make intracranial hypertension worse or worse for a person with a drank blood",KernelDensityGECO,20,0.001,does caffeine make intracranial hypertension worse,msmarco-passage/train,ielabgroup/vec2text_gtr-base-st_corrector
39,Hypertension,(hyperuricemia) is a blood ailment and a condition of the urocornes that follows hyperuri,KernelDensityGECO,20,0.001,what is hyperuricemia,msmarco-passage/train,ielabgroup/vec2text_gtr-base-st_corrector
39,Hypertension,hyperglycemic nonosmolar hyperglycemic ketone and osmolar hyperglycosia,KernelDensityGECO,20,0.001,hyperglycemic hyperosmolar nonketotic coma,msmarco-passage/train,ielabgroup/vec2text_gtr-base-st_corrector
39,Hypertension,"dietary program for hypertension, which includes a dietary recommendation for a stridle, a Sodium and Sodium",KernelDensityGECO,20,0.001,dietary program for hypertension,msmarco-passage/train,ielabgroup/vec2text_gtr-base-st_corrector
39,Hypertension,by a high blood pressure (HB) and a high heart rate (HF). Hypertension is a cause of and a list of causes,KernelDensityGECO,20,0.001,how is hypertension causes,msmarco-passage/train,ielabgroup/vec2text_gtr-base-st_corrector
39,Hypertension,"a result of high dietary intake, thyroiditis, and other conditions, thyroiditis is a condition that causes hyperthyroidism",KernelDensityGECO,20,0.001,what cause hyperthyroidism,msmarco-passage/train,ielabgroup/vec2text_gtr-base-st_corrector
40,Antigens expressed by lung epithelial cells,a type of nervous tissue in the lungs (brain-synthesimal tissue) is a type of neurocy,KernelDensityGECO,20,0.001,what type of nervous tissue is in the lungs,msmarco-passage/train,ielabgroup/vec2text_gtr-base-st_corrector
40,Antigens expressed by lung epithelial cells,"forms ephemeroids and spheroidal gasses. It forms the epineurium, a branching epithelium",KernelDensityGECO,20,0.001,what forms the epineurium,msmarco-passage/train,ielabgroup/vec2text_gtr-base-st_corrector
40,Antigens expressed by lung epithelial cells,a type of blood cell produced by lymphocytic symposia (a lymph node cell) is a lymph no,KernelDensityGECO,20,0.001,a type of blood cell produced by lymph nodes is,msmarco-passage/train,ielabgroup/vec2text_gtr-base-st_corrector
40,Antigens expressed by lung epithelial cells,rbc antigens and the antibodies to a blood aphtode against the RBC antigens are located at,KernelDensityGECO,20,0.001,where are the antibodies to rbc antigens located,msmarco-passage/train,ielabgroup/vec2text_gtr-base-st_corrector
40,Antigens expressed by lung epithelial cells,Prostate-specific antigen  is a prostate-specific steroid-releasing agent (PDS) for menstrual fluids,KernelDensityGECO,20,0.001,what is prostate-specific antigen,msmarco-passage/train,ielabgroup/vec2text_gtr-base-st_corrector
40,Antigens expressed by lung epithelial cells,"a sarcophagus, a pulmonary ailment, and sometimes not functioning): The respiratory system includes blood cells",KernelDensityGECO,20,0.001,does the respiratory system include blood cells,msmarco-passage/train,ielabgroup/vec2text_gtr-base-st_corrector
40,Antigens expressed by lung epithelial cells,epithelial (or elastothelial) is a type of earth-bound tissue that is part of the hepati,KernelDensityGECO,20,0.001,what is epithelial,msmarco-passage/train,ielabgroup/vec2text_gtr-base-st_corrector
40,Antigens expressed by lung epithelial cells,"test (A1), antigen is a micro-adrenergic product of lignin in blood and antigen in accurate Calvin",KernelDensityGECO,20,0.001,what is antigen quizlet,msmarco-passage/train,ielabgroup/vec2text_gtr-base-st_corrector
40,Antigens expressed by lung epithelial cells,a lung cancer caused by a diluent apex-glucose-based asbestosis caused by asbestos and lung,KernelDensityGECO,20,0.001,lung cancer caused by asbestos,msmarco-passage/train,ielabgroup/vec2text_gtr-base-st_corrector
40,Antigens expressed by lung epithelial cells,the anaerobic respiratory process (aerobic aerobic aerobic oxygen) is what all cells do,KernelDensityGECO,20,0.001,what is the anaerobic respiratory process that all cells do,msmarco-passage/train,ielabgroup/vec2text_gtr-base-st_corrector
41,Mutations in the Cystic Fibrosis conductance regulator gene,Regulatory pfs Regulatory pfs () is a system of regulatory agglomeration for biotechnology and petroleum products,KernelDensityGECO,20,0.001,what is regulatory pfs,msmarco-passage/train,ielabgroup/vec2text_gtr-base-st_corrector
41,Mutations in the Cystic Fibrosis conductance regulator gene,a gene known as the thalassemia gene (which has mitochondria and T-cell synthesis inhibitors) is responsible for tha,KernelDensityGECO,20,0.001,what gene is responsible for thalassemia,msmarco-passage/train,ielabgroup/vec2text_gtr-base-st_corrector
41,Mutations in the Cystic Fibrosis conductance regulator gene,mcr1295 gene mutation affthase homozygous - a homozygous mc,KernelDensityGECO,20,0.001,mthfr gene mutation a1298c homozygous,msmarco-passage/train,ielabgroup/vec2text_gtr-base-st_corrector
41,Mutations in the Cystic Fibrosis conductance regulator gene,"the gene on Cystic Fibrosis, which is CF-cdc. Cystic Fibrosis Cystic Fi",KernelDensityGECO,20,0.001,which gene is cystic fibrosis on,msmarco-passage/train,ielabgroup/vec2text_gtr-base-st_corrector
41,Mutations in the Cystic Fibrosis conductance regulator gene,"which gene mutation is at the highest risk of developing cancer, a mARDV-leukonin gene has the highest risk of developing cancer",KernelDensityGECO,20,0.001,what gene mutation has highest risk for developing cancer,msmarco-passage/train,ielabgroup/vec2text_gtr-base-st_corrector
41,Mutations in the Cystic Fibrosis conductance regulator gene,"a genetic abnormality that causes cerebral palsy, namely, pseudo-cystic libro",KernelDensityGECO,20,0.001,what genetic abnormality that causes cerebral palsy,msmarco-passage/train,ielabgroup/vec2text_gtr-base-st_corrector
41,Mutations in the Cystic Fibrosis conductance regulator gene,Flownogen measure -fibrominogen (-fibrominum) is a measure of the density of components,KernelDensityGECO,20,0.001,what does fibrinogen measure,msmarco-passage/train,ielabgroup/vec2text_gtr-base-st_corrector
41,Mutations in the Cystic Fibrosis conductance regulator gene,"three effects a gene can have on a gene: -mutations can cause mutations in the genes, -aggluti",KernelDensityGECO,20,0.001,3 effects genes can have on mutations,msmarco-passage/train,ielabgroup/vec2text_gtr-base-st_corrector
41,Mutations in the Cystic Fibrosis conductance regulator gene,The protein affected by fragile X syndrome is the protein -fetoprotein -fetoprotein (-feto,KernelDensityGECO,20,0.001,what protein is affected by fragile x syndrome,msmarco-passage/train,ielabgroup/vec2text_gtr-base-st_corrector
41,Mutations in the Cystic Fibrosis conductance regulator gene,"examples of a disease caused by genetic mutations in human genetics: breast cancer, a clot disease, a bulimia",KernelDensityGECO,20,0.001,examples of diseases caused by genetic mutations,msmarco-passage/train,ielabgroup/vec2text_gtr-base-st_corrector
42,Genes altered by chromosome translocations,chromosome is the abnormality of the chromosome systolic klinefelter syndrome and Klinefelter,KernelDensityGECO,20,0.001,what is the chromosome abnormality in klinefelter's syndrome,msmarco-passage/train,ielabgroup/vec2text_gtr-base-st_corrector
42,Genes altered by chromosome translocations,chromosome. The -apex chromosome gene for collagen is found on chromosome Xp3q,KernelDensityGECO,20,0.001,which chromosome is the gene for collagen found?,msmarco-passage/train,ielabgroup/vec2text_gtr-base-st_corrector
42,Genes altered by chromosome translocations,can a person's DNA (dophrine mRNA) be altered as part of the process of a person being tran,KernelDensityGECO,20,0.001,can a person's dna be altered,msmarco-passage/train,ielabgroup/vec2text_gtr-base-st_corrector
42,Genes altered by chromosome translocations,"definition, a genetic shift is a change in chromosomal eugenic selection, amino acid retention, amino acid expression and other",KernelDensityGECO,20,0.001,genetic shift definition,msmarco-passage/train,ielabgroup/vec2text_gtr-base-st_corrector
42,Genes altered by chromosome translocations,"name given to a specific location of a gene on a chromosome, and is also the name for the chromosome.",KernelDensityGECO,20,0.001,what is the name given to the specific location of a gene on a chromosome?,msmarco-passage/train,ielabgroup/vec2text_gtr-base-st_corrector
42,Genes altered by chromosome translocations,of the Klinefelter syndrome is a type of mutation that occurs in klinefelter chromosomes (mk1A,KernelDensityGECO,20,0.001,what type of mutation occurs in klinefelter syndrome,msmarco-passage/train,ielabgroup/vec2text_gtr-base-st_corrector
42,Genes altered by chromosome translocations,chromosomes affect chromosomes. The chromosome (chromosome 0) and the chromosome mutation,KernelDensityGECO,20,0.001,what chromosome affects genetic defects,msmarco-passage/train,ielabgroup/vec2text_gtr-base-st_corrector
42,Genes altered by chromosome translocations,chromosome for the Pk2 gene is pk2 (pseudopexion 2q21.8),KernelDensityGECO,20,0.001,what chromosome is pkp2 gene on,msmarco-passage/train,ielabgroup/vec2text_gtr-base-st_corrector
42,Genes altered by chromosome translocations,"gene determines the protein, owing to the high cleavage of the -helices, -cells determine the protein",KernelDensityGECO,20,0.001,gene determines the protein,msmarco-passage/train,ielabgroup/vec2text_gtr-base-st_corrector
42,Genes altered by chromosome translocations,(resistance of a gene or a gene -loop -linus) modification of expression of defined genes,KernelDensityGECO,20,0.001,define modification of gene expression,msmarco-passage/train,ielabgroup/vec2text_gtr-base-st_corrector
43,Sleeping Beauty,a cat is lying in a bed and a crow lays on a bed Cats are estimated to sleep 0.5–0.8,KernelDensityGECO,20,0.001,average cat sleep,msmarco-passage/train,ielabgroup/vec2text_gtr-base-st_corrector
43,Sleeping Beauty,"what a child would get and what a child would get when he or she was a sleep, an average sleep of a 72",KernelDensityGECO,20,0.001,what is the average sleep a kid would get,msmarco-passage/train,ielabgroup/vec2text_gtr-base-st_corrector
43,Sleeping Beauty,"Tauriel (Dragon Princess) , aka Tauriel, is a phantom-themed eponymous planet.",KernelDensityGECO,20,0.001,what is tauriel?,msmarco-passage/train,ielabgroup/vec2text_gtr-base-st_corrector
43,Sleeping Beauty,"I fall asleep at night but I'm able to stay asleep in the afternoon, so it's hard to fall asleep until I'm",KernelDensityGECO,20,0.001,i fall asleep in the afternoon but it's hard to sleep at night,msmarco-passage/train,ielabgroup/vec2text_gtr-base-st_corrector
43,Sleeping Beauty,a cougar awake are averaging 0 to 24 hours of activity (capricorn or musculature sleep) and awake,KernelDensityGECO,20,0.001,what are cougar awake hours,msmarco-passage/train,ielabgroup/vec2text_gtr-base-st_corrector
43,Sleeping Beauty,Flat belly (naphabea) Flat Belly is a sleep-deprived sleeve that is gradually shrinking overnight from,KernelDensityGECO,20,0.001,what is flat belly overnight,msmarco-passage/train,ielabgroup/vec2text_gtr-base-st_corrector
43,Sleeping Beauty,does blood sugar rise during sleep. During a gynecological appetite (diabetic sleep),KernelDensityGECO,20,0.001,does your blood sugar rise during sleep?,msmarco-passage/train,ielabgroup/vec2text_gtr-base-st_corrector
43,Sleeping Beauty,"humans and how many hours a day a human sleeps or if he or she sleeps, 3 to 4 hours a day should",KernelDensityGECO,20,0.001,how many hours a day should humans sleep,msmarco-passage/train,ielabgroup/vec2text_gtr-base-st_corrector
43,Sleeping Beauty,"What happens when a sleep stage is interrupted is a result, and the stage will be unable to re-erase sleep until it wake",KernelDensityGECO,20,0.001,what happens when a sleep stage is interrupted,msmarco-passage/train,ielabgroup/vec2text_gtr-base-st_corrector
43,Sleeping Beauty,"if a baby can sleep in a pack-and-play stowage, they can sleep in a sno",KernelDensityGECO,20,0.001,can babies sleep in a pack and play,msmarco-passage/train,ielabgroup/vec2text_gtr-base-st_corrector
44,Proteins involved in the nerve growth factor pathway,The epidermal growth factors signaling system (EPIDERL) system is a cellular signaling,KernelDensityGECO,20,0.001,what is the epidermal growth factors signaling system,msmarco-passage/train,ielabgroup/vec2text_gtr-base-st_corrector
44,Proteins involved in the nerve growth factor pathway,what is special about the G protein receptor is the fact that it acts as a g-protein adrenergic receptor and g,KernelDensityGECO,20,0.001,what is so special about a g protein receptor,msmarco-passage/train,ielabgroup/vec2text_gtr-base-st_corrector
44,Proteins involved in the nerve growth factor pathway,"what is an important oxygen-storing protein found in muscle tissue is the protein that stores oxygen, primarily adenosylpyrimidine",KernelDensityGECO,20,0.001,what is the important oxygen storing protein found in muscle tissue,msmarco-passage/train,ielabgroup/vec2text_gtr-base-st_corrector
44,Proteins involved in the nerve growth factor pathway,"for nerves, nerves are for cortices, nerves for a nervous system, and nerves are used to prepare and control nerve",KernelDensityGECO,20,0.001,what are nerves for,msmarco-passage/train,ielabgroup/vec2text_gtr-base-st_corrector
44,Proteins involved in the nerve growth factor pathway,What happens when casein (macrolysed by lactic acid and a bit of lactose) is protonated. This,KernelDensityGECO,20,0.001,what happens when casein is protonated,msmarco-passage/train,ielabgroup/vec2text_gtr-base-st_corrector
44,Proteins involved in the nerve growth factor pathway,Sodium n-potase hoff factor is the van nabt factor of the large sodium phosphate,KernelDensityGECO,20,0.001,what is the van't hoff factor of sodium phosphate,msmarco-passage/train,ielabgroup/vec2text_gtr-base-st_corrector
44,Proteins involved in the nerve growth factor pathway,"from the drout tunnel, the facial nerve exits through the gastrointestinal and acoustic spaces where it can pass out through",KernelDensityGECO,20,0.001,where does the facial nerve exit through,msmarco-passage/train,ielabgroup/vec2text_gtr-base-st_corrector
44,Proteins involved in the nerve growth factor pathway,a high-protein diet to reduce type 1 diabetes using a high-protein dietary nutrient intake based on glucaemia and,KernelDensityGECO,20,0.001,reducing insulin use for type 1 through high protein diet,msmarco-passage/train,ielabgroup/vec2text_gtr-base-st_corrector
44,Proteins involved in the nerve growth factor pathway,function of the protein produced by that gene in humans is the protein that -------,KernelDensityGECO,20,0.001,what is the function in humans of the protein produced from that gene,msmarco-passage/train,ielabgroup/vec2text_gtr-base-st_corrector
44,Proteins involved in the nerve growth factor pathway,a good diet. Medicated glucose and a number of other drugs help nerve function by allowing a lower-risk,KernelDensityGECO,20,0.001,what helps nerve function,msmarco-passage/train,ielabgroup/vec2text_gtr-base-st_corrector
45,Mental Health Wellness-1,walgreens care option walgreens care option is a standardized on-the-shelf option that is used by Pending,KernelDensityGECO,20,0.001,what is walgreens option care,msmarco-passage/train,ielabgroup/vec2text_gtr-base-st_corrector
45,Mental Health Wellness-1,"perform machisma (brain dysfunction) . Mentally competent is defined as a mentally capable, intellectually capable, mentally competent",KernelDensityGECO,20,0.001,define mentally competent,msmarco-passage/train,ielabgroup/vec2text_gtr-base-st_corrector
45,Mental Health Wellness-1,"symptoms of mental disorders Mayo Clinic mental disorders are a number of symptoms, including anxiety, nausea, psychiatry,",KernelDensityGECO,20,0.001,mental disorders symptoms mayo clinic,msmarco-passage/train,ielabgroup/vec2text_gtr-base-st_corrector
45,Mental Health Wellness-1,Health credit Health credit (also known as health credit) is a tax credit that enables students to pay for expenses on a class of education and,KernelDensityGECO,20,0.001,what is health credit,msmarco-passage/train,ielabgroup/vec2text_gtr-base-st_corrector
45,Mental Health Wellness-1,"(Bolshevis-St. Philips Medical Center), clinical mental health services are a set of health services that provide medical care",KernelDensityGECO,20,0.001,what are clinical mental health services,msmarco-passage/train,ielabgroup/vec2text_gtr-base-st_corrector
45,Mental Health Wellness-1,a skill of first-aid. Psychological first aid is defined as the “mental health” and “behavior” definition by physio,KernelDensityGECO,20,0.001,psychological first aid definition,msmarco-passage/train,ielabgroup/vec2text_gtr-base-st_corrector
45,Mental Health Wellness-1,"(e.g. mental illness, a mental disorder, a mental illness, a belief in the presence of space or space), define illness",KernelDensityGECO,20,0.001,definition mental illness,msmarco-passage/train,ielabgroup/vec2text_gtr-base-st_corrector
45,Mental Health Wellness-1,"you are having a mental breakdown test, if you are not, and you're displaying your symptoms and you're going to be",KernelDensityGECO,20,0.001,am i having a mental breakdown test,msmarco-passage/train,ielabgroup/vec2text_gtr-base-st_corrector
45,Mental Health Wellness-1,"of a type of therapy used for people who are ill and ill, mental health therapy is used in a psychiatric hospital",KernelDensityGECO,20,0.001,what kind of therapy is used for mental health people,msmarco-passage/train,ielabgroup/vec2text_gtr-base-st_corrector
45,Mental Health Wellness-1,"does ACA provide protection of mental health parity, based on a statutory review of the Continuing Care Act of 2013. Aca provides protection",KernelDensityGECO,20,0.001,does aca provide protection for mental health parity,msmarco-passage/train,ielabgroup/vec2text_gtr-base-st_corrector
46,RSK2,lsu hockey learn to skate from a few hours of scrimmage to scrimmage LSSU hockey,KernelDensityGECO,20,0.001,lssu hockey learn to skate,msmarco-passage/train,ielabgroup/vec2text_gtr-base-st_corrector
46,RSK2,"you need gear that you need to wear during your roller hockey sled, a 125 rpm roller stick, or a 125",KernelDensityGECO,20,0.001,what gear do you need for roller hockey,msmarco-passage/train,ielabgroup/vec2text_gtr-base-st_corrector
46,RSK2,"a fly rink, is a large rink on the roof of a property called the 'Rap of Ice' and",KernelDensityGECO,20,0.001,what is a fly rink,msmarco-passage/train,ielabgroup/vec2text_gtr-base-st_corrector
46,RSK2,dimensions of the outside car (a 2  2  2  2  2  2  2  2,KernelDensityGECO,20,0.001,what is the outside dimensions of a 2 car garage,msmarco-passage/train,ielabgroup/vec2text_gtr-base-st_corrector
46,RSK2,"e2dK e2dK is a tv-coded, downloadable game system for college and high school kids.",KernelDensityGECO,20,0.001,what is ed2k,msmarco-passage/train,ielabgroup/vec2text_gtr-base-st_corrector
46,RSK2,"0.5-inch square squatter and 0.5-inch square squatter, a two-car garage is as big",KernelDensityGECO,20,0.001,how big is a two-car garage,msmarco-passage/train,ielabgroup/vec2text_gtr-base-st_corrector
46,RSK2,area code 502         is a Metro-Northwestern area code in,KernelDensityGECO,20,0.001,what area code is 502,msmarco-passage/train,ielabgroup/vec2text_gtr-base-st_corrector
46,RSK2,(a.k.a. The Vampire Shrew)     is the second Twilight  movie,KernelDensityGECO,20,0.001,what is the second twilight movie,msmarco-passage/train,ielabgroup/vec2text_gtr-base-st_corrector
46,RSK2,"what happens to the people in AHS at the beginning of S2 and as a result, they are cynsed and the younger guests",KernelDensityGECO,20,0.001,what happens to the people in the beginning of AHS s2,msmarco-passage/train,ielabgroup/vec2text_gtr-base-st_corrector
46,RSK2,examination of Level 0 ordinary secondary examination. This is a result that can be viewed at a time. Level 0 Ordinary Secondary Examination,KernelDensityGECO,20,0.001,ordinary level secondary examination,msmarco-passage/train,ielabgroup/vec2text_gtr-base-st_corrector
47,Human gene BCL-2 antagonists and inhibitors,"a pathway inhibitor, a pathway inhibitor is a form of a lignin or a methylcholinergic receptor that inhibit",KernelDensityGECO,20,0.001,what is a pathway inhibitor,msmarco-passage/train,ielabgroup/vec2text_gtr-base-st_corrector
47,Human gene BCL-2 antagonists and inhibitors,is -Ceclor is one of the members of the penicillin family in the Bacillus family. Ceclor belongs to the,KernelDensityGECO,20,0.001,is ceclor in the penicillin family,msmarco-passage/train,ielabgroup/vec2text_gtr-base-st_corrector
47,Human gene BCL-2 antagonists and inhibitors,a gene that affects MD dma. The dma gene (Duchenne) affects many genes that contribute to disease,KernelDensityGECO,20,0.001,what gene does duchenne md affect,msmarco-passage/train,ielabgroup/vec2text_gtr-base-st_corrector
47,Human gene BCL-2 antagonists and inhibitors,"which a pathogen is killed by antibiotics, e.g., a bacterial infection can be diagnosed when the antibiotic-resistant segment",KernelDensityGECO,20,0.001,which pathogen is killed by antibiotics,msmarco-passage/train,ielabgroup/vec2text_gtr-base-st_corrector
47,Human gene BCL-2 antagonists and inhibitors,Ido inhibitor is a cyclic inosidyldosamine (IDDO) protein. It is an inhibitor,KernelDensityGECO,20,0.001,what is ido inhibitor,msmarco-passage/train,ielabgroup/vec2text_gtr-base-st_corrector
47,Human gene BCL-2 antagonists and inhibitors,"glycerine alpha is an example of an alpha-specific antagonist, i.e., a candidate for alpha",KernelDensityGECO,20,0.001,example of alpha specific antagonist,msmarco-passage/train,ielabgroup/vec2text_gtr-base-st_corrector
47,Human gene BCL-2 antagonists and inhibitors,"generic of enbrel is a generic of enol-as-a-drug-thiol medication. Today,",KernelDensityGECO,20,0.001,what is generic of enbrel,msmarco-passage/train,ielabgroup/vec2text_gtr-base-st_corrector
47,Human gene BCL-2 antagonists and inhibitors,"are glucagon and anabolic glucagon hormones, and insulin antagonistic (i.e., antagonistic) hormones",KernelDensityGECO,20,0.001,are insulin and glucagon antagonistic hormones?,msmarco-passage/train,ielabgroup/vec2text_gtr-base-st_corrector
47,Human gene BCL-2 antagonists and inhibitors,"a company called Bad Genes, Inc., which can erase bad genes, is currently under review by the European Academy of Sciences",KernelDensityGECO,20,0.001,what company can erase bad genes,msmarco-passage/train,ielabgroup/vec2text_gtr-base-st_corrector
47,Human gene BCL-2 antagonists and inhibitors,"(Acroporosis coli evignone), the smallpox category is the category of pathogen listed for small",KernelDensityGECO,20,0.001,what is the pathogen category for smallpox,msmarco-passage/train,ielabgroup/vec2text_gtr-base-st_corrector
48,Human homologues of C. elegans UNC genes,"the 'Homo genus', which made the other homo genus extinct, caused the other homo genus to ex",KernelDensityGECO,20,0.001,what made the other genus homo extinct,msmarco-passage/train,ielabgroup/vec2text_gtr-base-st_corrector
48,Human homologues of C. elegans UNC genes,"homocysteine metabolism is a soluble energy and a form of cyne metabolism of the human intestine,",KernelDensityGECO,20,0.001,what is homocysteine metabolism,msmarco-passage/train,ielabgroup/vec2text_gtr-base-st_corrector
48,Human homologues of C. elegans UNC genes,"your strengths, these are: There are a number of strengths of your genes that you can eat and a relatively low percentage of monoamine",KernelDensityGECO,20,0.001,what are some strengths of my genes,msmarco-passage/train,ielabgroup/vec2text_gtr-base-st_corrector
48,Human homologues of C. elegans UNC genes,"is clonidine-controlled. As a result, it is a controlled drug and has a low risk of NSBAC cell separation",KernelDensityGECO,20,0.001,is clonidine controlled,msmarco-passage/train,ielabgroup/vec2text_gtr-base-st_corrector
48,Human homologues of C. elegans UNC genes,"the allele type of hemophilia is hepa-hepo-hepo-segregation, which has",KernelDensityGECO,20,0.001,what type of allele does hemophilia have,msmarco-passage/train,ielabgroup/vec2text_gtr-base-st_corrector
48,Human homologues of C. elegans UNC genes,", liver echotexture heterogen",KernelDensityGECO,20,0.001,what is heterogeneity of the liver echotexture,msmarco-passage/train,ielabgroup/vec2text_gtr-base-st_corrector
48,Human homologues of C. elegans UNC genes,Molecular hcec hcec is a molecule of HHC. It presents a unique hydroxyethylcho,KernelDensityGECO,20,0.001,what molecule is hcehc,msmarco-passage/train,ielabgroup/vec2text_gtr-base-st_corrector
48,Human homologues of C. elegans UNC genes,"homozygous aa1294 mutation, a aa1294c mutation is present in a homozygous .",KernelDensityGECO,20,0.001,homozygous a1298c mutation,msmarco-passage/train,ielabgroup/vec2text_gtr-base-st_corrector
48,Human homologues of C. elegans UNC genes,protein and ionoglutarate. The hox genes create a type of high-protein hox (poax protein),KernelDensityGECO,20,0.001,what type of protein do hox genes create?,msmarco-passage/train,ielabgroup/vec2text_gtr-base-st_corrector
48,Human homologues of C. elegans UNC genes,"at the edible, i.e., human RNA, and IL, is responsible for gene expression, and expression of genes",KernelDensityGECO,20,0.001,what is responsible for gene expression,msmarco-passage/train,ielabgroup/vec2text_gtr-base-st_corrector
49,Glyphosate tolerance gene sequence,The kg scale tolerance is a weight tolerance for a heavy weight of food and a variety of chemicals (e.g. pyroflex,KernelDensityGECO,20,0.001,what is the kg scale tolerance,msmarco-passage/train,ielabgroup/vec2text_gtr-base-st_corrector
49,Glyphosate tolerance gene sequence,"What is germline therapy and what is a gene therapy gene therapy and a gene-gene-transfer therapy virus, a genetic therapy",KernelDensityGECO,20,0.001,what is germline gene therapy,msmarco-passage/train,ielabgroup/vec2text_gtr-base-st_corrector
49,Glyphosate tolerance gene sequence,glycerin (derived from glycerin and tetrafluorosuccinone) is derived from,KernelDensityGECO,20,0.001,what is glycerin derived from,msmarco-passage/train,ielabgroup/vec2text_gtr-base-st_corrector
49,Glyphosate tolerance gene sequence,"a lab that will test for glyphosate, will test urine for glucosate dilution or phl",KernelDensityGECO,20,0.001,what lab will test urine for glyphosate,msmarco-passage/train,ielabgroup/vec2text_gtr-base-st_corrector
49,Glyphosate tolerance gene sequence,aptX gene (gene ptx) The aptX gene (gene ptx) exhibits the genetic syndrome,KernelDensityGECO,20,0.001,aptx gene,msmarco-passage/train,ielabgroup/vec2text_gtr-base-st_corrector
49,Glyphosate tolerance gene sequence,"(-molecule) of glycolysis (glycinoethanol), is reduced (-glycinoethanol) by glycolysis",KernelDensityGECO,20,0.001,what molecule is reduced in glycolysis,msmarco-passage/train,ielabgroup/vec2text_gtr-base-st_corrector
49,Glyphosate tolerance gene sequence,a gene deletion -deletion or -deletion is a form of genetic disease and a gene change that determine,KernelDensityGECO,20,0.001,what is gene deletion,msmarco-passage/train,ielabgroup/vec2text_gtr-base-st_corrector
49,Glyphosate tolerance gene sequence,"pharmacological class of glyburide is the pharmacological class of etiglitide, Glypramon",KernelDensityGECO,20,0.001,what is the pharmacological class of glyburide?,msmarco-passage/train,ielabgroup/vec2text_gtr-base-st_corrector
49,Glyphosate tolerance gene sequence,"homocysteine metabolism is a soluble energy and a form of cyne metabolism of the human intestine,",KernelDensityGECO,20,0.001,what is homocysteine metabolism,msmarco-passage/train,ielabgroup/vec2text_gtr-base-st_corrector
49,Glyphosate tolerance gene sequence,are positive for catalase in the ectopic thyroxene adipose kidneys. Diphroid urine,KernelDensityGECO,20,0.001,are diphtheroids in urine catalase positive,msmarco-passage/train,ielabgroup/vec2text_gtr-base-st_corrector
50,Low temperature protein expression in E. coli,"temperature changes in a pop bottle biome, a pop bottle biome (colds 0–5 °C) changes every",KernelDensityGECO,20,0.001,temperature changes in a pop bottle biome,msmarco-passage/train,ielabgroup/vec2text_gtr-base-st_corrector
50,Low temperature protein expression in E. coli,"chemistry containing a high degree of tonality, EtO looks like a chemistry , which is how it looks when looked",KernelDensityGECO,20,0.001,what does EtO look like in chemistry,msmarco-passage/train,ielabgroup/vec2text_gtr-base-st_corrector
50,Low temperature protein expression in E. coli,set a temperature of 90 °F (170 °C to 24 °F) are the best bacteria to grow and the first time,KernelDensityGECO,20,0.001,best temperature for bacteria to grow,msmarco-passage/train,ielabgroup/vec2text_gtr-base-st_corrector
50,Low temperature protein expression in E. coli,"range between 510 °C to 210 °C, microbiological corrosion is considered ideal microbiological liquor",KernelDensityGECO,20,0.001,what temperature range is ideal microbiological corrosion,msmarco-passage/train,ielabgroup/vec2text_gtr-base-st_corrector
50,Low temperature protein expression in E. coli,"organisms, ectosis and bacteria, a human infection with ESbl infection may cause a swine infection",KernelDensityGECO,20,0.001,which organisms cause esbl infection,msmarco-passage/train,ielabgroup/vec2text_gtr-base-st_corrector
50,Low temperature protein expression in E. coli,'curcure' protein - a definition of crude protein - is an amino acid oxidant that is added to a liquid,KernelDensityGECO,20,0.001,crude protein definition,msmarco-passage/train,ielabgroup/vec2text_gtr-base-st_corrector
50,Low temperature protein expression in E. coli,Enteropathogenic coli coli (E. coli) is a bacteriological eczema that is analyzed,KernelDensityGECO,20,0.001,what is enteropathogenic e coli,msmarco-passage/train,ielabgroup/vec2text_gtr-base-st_corrector
50,Low temperature protein expression in E. coli,"Using the definition 'low protein', 'low protein' is a sign of a person with less than a few calories",KernelDensityGECO,20,0.001,meaning of low protein,msmarco-passage/train,ielabgroup/vec2text_gtr-base-st_corrector
50,Low temperature protein expression in E. coli,"(in biology), the optimum temperature is a 0 to 1 °C ideal temperature for forming and maintaining a cross between",KernelDensityGECO,20,0.001,what is optimum temperature in biology,msmarco-passage/train,ielabgroup/vec2text_gtr-base-st_corrector
50,Low temperature protein expression in E. coli,"check for infection of C diff, lab values ranging from 0 to 2 (e.g., .95) on a fresh counter",KernelDensityGECO,20,0.001,lab values to look at with infection of c. diff,msmarco-passage/train,ielabgroup/vec2text_gtr-base-st_corrector
