query_id,text,obfuscatedText,mechanism,epsilon,top_percentile,pivot_query,pool,corrector_model
1,Ferroportin-1 in humans,"what the highest frequency a human body can be, ranging from 0 to 8000 Hz (Astrocinia level)",KernelDensityGECO,50,0.001,what is the highest frequency a human can be,msmarco-passage/train,ielabgroup/vec2text_gtr-base-st_corrector
1,Ferroportin-1 in humans,Peritonitis (in humans) Peritonitis is an infectious neuritis in the brains and,KernelDensityGECO,50,0.001,what is peritonitis in humans,msmarco-passage/train,ielabgroup/vec2text_gtr-base-st_corrector
1,Ferroportin-1 in humans,a place where ferroaninosote and other ferrooxidans were isolated from a laboratory in the Baltic Islands. They were isolated,KernelDensityGECO,50,0.001,where was ferrooxidans isolated from,msmarco-passage/train,ielabgroup/vec2text_gtr-base-st_corrector
1,Ferroportin-1 in humans,requirements of Amoxicillin injection. Human safety of amoxicillin entails a safety of at least 0.8 % of acute,KernelDensityGECO,50,0.001,requirements for human safety of amoxicillin injection,msmarco-passage/train,ielabgroup/vec2text_gtr-base-st_corrector
1,Ferroportin-1 in humans,MERrf syndrome MERrf syndrome (or merrf-synecious fetus) is,KernelDensityGECO,50,0.001,what is merrf syndrome,msmarco-passage/train,ielabgroup/vec2text_gtr-base-st_corrector
1,Ferroportin-1 in humans,The drug finasteride is used as a treatment for menopausal sclerosis.,KernelDensityGECO,50,0.001,what is the drug finasteride for,msmarco-passage/train,ielabgroup/vec2text_gtr-base-st_corrector
1,Ferroportin-1 in humans,"a barr body inactivate, it is a component of the acers and blood proteins that the acers must block",KernelDensityGECO,50,0.001,what does a barr body inactivate,msmarco-passage/train,ielabgroup/vec2text_gtr-base-st_corrector
1,Ferroportin-1 in humans,-Feritin -Feritin is a peptide in the blood of ferrocin and other substances,KernelDensityGECO,50,0.001,what is ferritin in blood,msmarco-passage/train,ielabgroup/vec2text_gtr-base-st_corrector
1,Ferroportin-1 in humans,take a duration of 8 hours to build ferritin levels (feticolin and phosphoryl) and it takes approximately,KernelDensityGECO,50,0.001,how long does it take to build ferritin levels,msmarco-passage/train,ielabgroup/vec2text_gtr-base-st_corrector
1,Ferroportin-1 in humans,to a n-adrenoside glucuronoside affect furmorin. Potassium is a concern for potassium,KernelDensityGECO,50,0.001,does furmoroside affect potassium,msmarco-passage/train,ielabgroup/vec2text_gtr-base-st_corrector
2,Generating transgenic mice,"Known as transgenic mouse strains, mouse strains are a group of strains of adrenergic proteins found on f",KernelDensityGECO,50,0.001,what is transgenic mouse strains,msmarco-passage/train,ielabgroup/vec2text_gtr-base-st_corrector
2,Generating transgenic mice,"Known as transgenic mouse strains, mouse strains are a group of strains of adrenergic proteins found on f",KernelDensityGECO,50,0.001,what is transgenic mouse strains,msmarco-passage/train,ielabgroup/vec2text_gtr-base-st_corrector
2,Generating transgenic mice,"Known as transgenic mouse strains, mouse strains are a group of strains of adrenergic proteins found on f",KernelDensityGECO,50,0.001,what is transgenic mouse strains,msmarco-passage/train,ielabgroup/vec2text_gtr-base-st_corrector
2,Generating transgenic mice,(US): The Human Gene Project is a project to study human ailment and human obesity and is currently under the berlusc,KernelDensityGECO,50,0.001,what is the human gene project,msmarco-passage/train,ielabgroup/vec2text_gtr-base-st_corrector
2,Generating transgenic mice,mnd genetics. There is no autoimmune nasoepidiasis. The family of mnd,KernelDensityGECO,50,0.001,is mnd genetic,msmarco-passage/train,ielabgroup/vec2text_gtr-base-st_corrector
2,Generating transgenic mice,"Known as transgenic mouse strains, mouse strains are a group of strains of adrenergic proteins found on f",KernelDensityGECO,50,0.001,what is transgenic mouse strains,msmarco-passage/train,ielabgroup/vec2text_gtr-base-st_corrector
2,Generating transgenic mice,"Known as transgenic mouse strains, mouse strains are a group of strains of adrenergic proteins found on f",KernelDensityGECO,50,0.001,what is transgenic mouse strains,msmarco-passage/train,ielabgroup/vec2text_gtr-base-st_corrector
2,Generating transgenic mice,"Known as transgenic mouse strains, mouse strains are a group of strains of adrenergic proteins found on f",KernelDensityGECO,50,0.001,what is transgenic mouse strains,msmarco-passage/train,ielabgroup/vec2text_gtr-base-st_corrector
2,Generating transgenic mice,are somatic mutations (sepias resulting in somatic infemory) that can be inherited can be,KernelDensityGECO,50,0.001,can somatic mutations be inherited,msmarco-passage/train,ielabgroup/vec2text_gtr-base-st_corrector
2,Generating transgenic mice,"of reasons such as arose from a lot of human genetics, horizontal gene transfer can occur. This occurs because a lateral gene transfer",KernelDensityGECO,50,0.001,why can horizontal gene transfer occur,msmarco-passage/train,ielabgroup/vec2text_gtr-base-st_corrector
3,Time course for gene expression in mouse kidney,"meaning by the expression of a gene or a glion, i.e., of the human genes, gene expression is the process",KernelDensityGECO,50,0.001,what is meant by gene expression,msmarco-passage/train,ielabgroup/vec2text_gtr-base-st_corrector
3,Time course for gene expression in mouse kidney,U.S. ESCADE MAN ELISA Gene expression essay (or gene expression essay) is an essay on the axis of,KernelDensityGECO,50,0.001,what is gene expression essay,msmarco-passage/train,ielabgroup/vec2text_gtr-base-st_corrector
3,Time course for gene expression in mouse kidney,-ura3 gene -ura3 is a gene of the adenosine 3-glucose protein family and,KernelDensityGECO,50,0.001,what is ura3 gene,msmarco-passage/train,ielabgroup/vec2text_gtr-base-st_corrector
3,Time course for gene expression in mouse kidney,"acute prerenal injury is the cause of a number of conditions including neo-neo-spasm, liver failure,",KernelDensityGECO,50,0.001,prerenal causes of acute kidney injury,msmarco-passage/train,ielabgroup/vec2text_gtr-base-st_corrector
3,Time course for gene expression in mouse kidney,"a good example of gene expression causing disease is the e.g. rhesus coli syndrome, causing diseases induced",KernelDensityGECO,50,0.001,gene expression causing disease example,msmarco-passage/train,ielabgroup/vec2text_gtr-base-st_corrector
3,Time course for gene expression in mouse kidney,"where gene regulatory sequence takes place, and from where it is obtained from a nucleotide junction (omegulo-vascular junction) takes",KernelDensityGECO,50,0.001,where does gene regulatory sequence take place,msmarco-passage/train,ielabgroup/vec2text_gtr-base-st_corrector
3,Time course for gene expression in mouse kidney,"Known as transgenic mouse strains, mouse strains are a group of strains of adrenergic proteins found on f",KernelDensityGECO,50,0.001,what is transgenic mouse strains,msmarco-passage/train,ielabgroup/vec2text_gtr-base-st_corrector
3,Time course for gene expression in mouse kidney,"Increase your blood-protein levels and your fewer consuming foods, you can increase prothrombin time by taking a time of 0 to",KernelDensityGECO,50,0.001,how to increase prothrombin time,msmarco-passage/train,ielabgroup/vec2text_gtr-base-st_corrector
3,Time course for gene expression in mouse kidney,"begins at 0–4 p.m. and in mice, postpartum estrinoleum begins in mice and is triggered",KernelDensityGECO,50,0.001,when does postpartum estrus start in mice,msmarco-passage/train,ielabgroup/vec2text_gtr-base-st_corrector
3,Time course for gene expression in mouse kidney,"a good example of gene expression causing disease is the e.g. rhesus coli syndrome, causing diseases induced",KernelDensityGECO,50,0.001,gene expression causing disease example,msmarco-passage/train,ielabgroup/vec2text_gtr-base-st_corrector
4,Gene expression profiles for kidney in mice,the expression of a gene. An expression of a gene is a -disease of a -candid gene,KernelDensityGECO,50,0.001,what is an expression of a gene,msmarco-passage/train,ielabgroup/vec2text_gtr-base-st_corrector
4,Gene expression profiles for kidney in mice,"quizzed on the teddylin ion and iris, b. Gene expression is a form of human gene expression",KernelDensityGECO,50,0.001,quizlet what is gene expression,msmarco-passage/train,ielabgroup/vec2text_gtr-base-st_corrector
4,Gene expression profiles for kidney in mice,"type 1 cysts in ELKRS mice, Ectadoplasia and Ectadoplasia have",KernelDensityGECO,50,0.001,what type of cysts do ELKras mice have,msmarco-passage/train,ielabgroup/vec2text_gtr-base-st_corrector
4,Gene expression profiles for kidney in mice,a test called the nephron and renascioastophy test is used to determine the function of kidney,KernelDensityGECO,50,0.001,what test is used to determine the function of kidneys,msmarco-passage/train,ielabgroup/vec2text_gtr-base-st_corrector
4,Gene expression profiles for kidney in mice,"things that can affect gene expression, and a lipid ossification of the gene from the gene or from the gene can affect gene expression",KernelDensityGECO,50,0.001,what are some things that can affect gene expression,msmarco-passage/train,ielabgroup/vec2text_gtr-base-st_corrector
4,Gene expression profiles for kidney in mice,"is naprofen filtered by pyraroxase (NOX). After a short period, the kidneys",KernelDensityGECO,50,0.001,is naproxen filtered by kidneys,msmarco-passage/train,ielabgroup/vec2text_gtr-base-st_corrector
4,Gene expression profiles for kidney in mice,"diseases that occur as a result of genotype, e.g., hexotype, and cross-genetic diseases",KernelDensityGECO,50,0.001,diseases that occur through genotype,msmarco-passage/train,ielabgroup/vec2text_gtr-base-st_corrector
4,Gene expression profiles for kidney in mice,"mechanisms of gene expression in eukaryotes, and eukaryote-in-cell eukaryotis",KernelDensityGECO,50,0.001,mechanisms of gene expression in eukaryotes,msmarco-passage/train,ielabgroup/vec2text_gtr-base-st_corrector
4,Gene expression profiles for kidney in mice,reuniting quarter of Genes  EVENT 1 means that it is a sort of track-by-quarter event for the members,KernelDensityGECO,50,0.001,what does event quarter 1 mean on genes reunited,msmarco-passage/train,ielabgroup/vec2text_gtr-base-st_corrector
4,Gene expression profiles for kidney in mice,"the kidneys, the hormones that the kidneys secrete from the body include steroid hormone renin and a procreas",KernelDensityGECO,50,0.001,what hormone is secreted by the kidneys,msmarco-passage/train,ielabgroup/vec2text_gtr-base-st_corrector
5,Protocols for isolating cell nuclei,"which cell is a part of the immune cell, the innate immune response (i.e., the innate typhoid",KernelDensityGECO,50,0.001,which cell is a part of the innate immune response,msmarco-passage/train,ielabgroup/vec2text_gtr-base-st_corrector
5,Protocols for isolating cell nuclei,"containing a variety of ion and protein, nuclei are used for -cells. Nuclei are also used for",KernelDensityGECO,50,0.001,what are nuclei used for,msmarco-passage/train,ielabgroup/vec2text_gtr-base-st_corrector
5,Protocols for isolating cell nuclei,cell to cell binding Cell-to-cell binding is a binding of cells to cells and to other proteins by defining a peptide,KernelDensityGECO,50,0.001,cell to cell binding definition,msmarco-passage/train,ielabgroup/vec2text_gtr-base-st_corrector
5,Protocols for isolating cell nuclei,"The medication nuclear medicine is used by a group of medications, including ciplavidin and acetonitrile, to treat acute",KernelDensityGECO,50,0.001,what medication is used in nuclear medicine,msmarco-passage/train,ielabgroup/vec2text_gtr-base-st_corrector
5,Protocols for isolating cell nuclei,is the nucleus contains ribosomes and ribosomes reptynosomes. The ribosome did,KernelDensityGECO,50,0.001,does the nucleus contain ribosomes,msmarco-passage/train,ielabgroup/vec2text_gtr-base-st_corrector
5,Protocols for isolating cell nuclei,"cam-iCU protocol, or cam-as-a-cam, or a standard NIC-autolog, and then contact medical",KernelDensityGECO,50,0.001,cam-icu protocol,msmarco-passage/train,ielabgroup/vec2text_gtr-base-st_corrector
5,Protocols for isolating cell nuclei,a somatose cdilus. The cell that turns off the immune response is the somatose cd,KernelDensityGECO,50,0.001,what cell turns off the immune response?,msmarco-passage/train,ielabgroup/vec2text_gtr-base-st_corrector
5,Protocols for isolating cell nuclei,"a simple way to characterize isolator (i.e., by separating the element of the  and the",KernelDensityGECO,50,0.001,how to characterize isolator,msmarco-passage/train,ielabgroup/vec2text_gtr-base-st_corrector
5,Protocols for isolating cell nuclei,"which IEEE standard, standardized by the IEEE 822, defines the communication protocol for ethernet and ethernet-internet communication standards",KernelDensityGECO,50,0.001,which ieee standard defines the communication protocol for ethernet,msmarco-passage/train,ielabgroup/vec2text_gtr-base-st_corrector
5,Protocols for isolating cell nuclei,the muscle tissue (acetylprominase and quinolpromina) that is multinucleated is muscle tissue,KernelDensityGECO,50,0.001,what muscle tissue is multinucleated,msmarco-passage/train,ielabgroup/vec2text_gtr-base-st_corrector
6,FancD2,you have to draw mini-beasts and k2s by scrimmage them and drawing them on a skrit,KernelDensityGECO,50,0.001,how to draw minibeasts ks2,msmarco-passage/train,ielabgroup/vec2text_gtr-base-st_corrector
6,FancD2,get maximum levels to complete Level 2 by completing the Creative deathstick i.e. by preparing and displaying the Helpman Option sheet (,KernelDensityGECO,50,0.001,how to conplete level Two on creative deathstickman edition,msmarco-passage/train,ielabgroup/vec2text_gtr-base-st_corrector
6,FancD2,"who sings second to none (sung by Miley Cyrus, Freddie Mac and The MCs) is the only man to be named",KernelDensityGECO,50,0.001,who sings second to none,msmarco-passage/train,ielabgroup/vec2text_gtr-base-st_corrector
6,FancD2,why type 2 diabetes is an epidemic and why it is a 'population soaring' and 'episode in health,KernelDensityGECO,50,0.001,why is type 2 diabetes an epidemic,msmarco-passage/train,ielabgroup/vec2text_gtr-base-st_corrector
6,FancD2,"ad hoc sneet ad iiii, actor who played Fyodor iii",KernelDensityGECO,50,0.001,actor who played fyodor iii,msmarco-passage/train,ielabgroup/vec2text_gtr-base-st_corrector
6,FancD2,von Willebrand disease 2b (Van Willebrand-Williams disease - teeming otiti,KernelDensityGECO,50,0.001,von willebrand disease 2b,msmarco-passage/train,ielabgroup/vec2text_gtr-base-st_corrector
6,FancD2,is a new start to season 2 and is a long-awaited follow-up to season 3. Snow Sparks Glitter Season 2 started,KernelDensityGECO,50,0.001,is glitter force season 2 starting soon,msmarco-passage/train,ielabgroup/vec2text_gtr-base-st_corrector
6,FancD2,CFd analysis CFd analysis is a femto-dossilation and cfading analysis,KernelDensityGECO,50,0.001,what is cfd analysis,msmarco-passage/train,ielabgroup/vec2text_gtr-base-st_corrector
6,FancD2,"where Fire Station 2 is located, it is a fire station at 2 (near the hospital’s new building, 116 Park Avenue)",KernelDensityGECO,50,0.001,where is fire station 2?,msmarco-passage/train,ielabgroup/vec2text_gtr-base-st_corrector
6,FancD2,"servo drives. Fanuc servo drive, a fessile uomala nadiri",KernelDensityGECO,50,0.001,fanuc servo drives,msmarco-passage/train,ielabgroup/vec2text_gtr-base-st_corrector
7,DNA repair and oxidative stress,"dnasis and forensic acridy, and whether DNA can preserve memories, as memories are stored for many years or decades",KernelDensityGECO,50,0.001,can dna preserve memories,msmarco-passage/train,ielabgroup/vec2text_gtr-base-st_corrector
7,DNA repair and oxidative stress,the first step that must occur in the helix-diamond nascent molecule. This step must occur in DNA replication,KernelDensityGECO,50,0.001,what is the first step that must occur in dna replication,msmarco-passage/train,ielabgroup/vec2text_gtr-base-st_corrector
7,DNA repair and oxidative stress,"a function of DNA in a cell. This DNA is the function of a cellular molecule, a cell, or a DNA",KernelDensityGECO,50,0.001,what is the function of DNA in a cell,msmarco-passage/train,ielabgroup/vec2text_gtr-base-st_corrector
7,DNA repair and oxidative stress,a normal type of stress is placed on a fault. This type of stress is usually based on the slat- and concrete stresses,KernelDensityGECO,50,0.001,what type of stress is placed on a normal fault,msmarco-passage/train,ielabgroup/vec2text_gtr-base-st_corrector
7,DNA repair and oxidative stress,"a result of recurrent oxygen consumption, a number of fatty acids are released into the body which cause oxidative stress in the body",KernelDensityGECO,50,0.001,what causes oxidative stress in the body,msmarco-passage/train,ielabgroup/vec2text_gtr-base-st_corrector
7,DNA repair and oxidative stress,"DNA repair, or DNA application, which is a process of repairing a molecule of DNA, is an electrical stain",KernelDensityGECO,50,0.001,what is DNA repair,msmarco-passage/train,ielabgroup/vec2text_gtr-base-st_corrector
7,DNA repair and oxidative stress,"a thing that happens when an ostrich is stressed, it elongates and tries to release its udder and irritate",KernelDensityGECO,50,0.001,what happenes when a ostrich is stressed,msmarco-passage/train,ielabgroup/vec2text_gtr-base-st_corrector
7,DNA repair and oxidative stress,"which gene repairs skin damaged cells, abacascin, hepatic DNA, or mRNA, and responds quickly.",KernelDensityGECO,50,0.001,"what genes repairs damaged skin cells, dna",msmarco-passage/train,ielabgroup/vec2text_gtr-base-st_corrector
7,DNA repair and oxidative stress,a dummies book for oxidative stress syllabary. It is a description of how to learn oxidises,KernelDensityGECO,50,0.001,what is oxidative stress for dummies,msmarco-passage/train,ielabgroup/vec2text_gtr-base-st_corrector
7,DNA repair and oxidative stress,"which a, b, c, d, p, a, and duphas occur during DNA replication.",KernelDensityGECO,50,0.001,which of the following occurs during dna replication?,msmarco-passage/train,ielabgroup/vec2text_gtr-base-st_corrector
8,Correlation between DNA repair pathways and skin cancer,"Speciation of re-encouragement of the human body, dental cancer screening is a screening used to determine cancerous dental diseases",KernelDensityGECO,50,0.001,what is dental cancer screening,msmarco-passage/train,ielabgroup/vec2text_gtr-base-st_corrector
8,Correlation between DNA repair pathways and skin cancer,"the metabolic pathways are the acoustic pathways associated with exercising, which are stored in the arteries for a short time during exercise and associated",KernelDensityGECO,50,0.001,what are the metabolic pathways associated when exercising,msmarco-passage/train,ielabgroup/vec2text_gtr-base-st_corrector
8,Correlation between DNA repair pathways and skin cancer,"what type of cancer that Julia Dreyfus has, and that she has, ""Julia Farrow-Scan",KernelDensityGECO,50,0.001,what type of cancer does julia dreyfus have,msmarco-passage/train,ielabgroup/vec2text_gtr-base-st_corrector
8,Correlation between DNA repair pathways and skin cancer,"certain cancers that have a genetic predisposition, is shared with e.g., Lupin and sarcoma.",KernelDensityGECO,50,0.001,what cancer has a genetic predisposition,msmarco-passage/train,ielabgroup/vec2text_gtr-base-st_corrector
8,Correlation between DNA repair pathways and skin cancer,"what happens when cancer is invading the tissues, the invading tissues start to dissipate a range of toxins",KernelDensityGECO,50,0.001,what happens to the tissues that cancer is invading,msmarco-passage/train,ielabgroup/vec2text_gtr-base-st_corrector
8,Correlation between DNA repair pathways and skin cancer,", , , , , , , , and , known as skin cancer, there are between 90 and 100 million",KernelDensityGECO,50,0.001,how many skin cancer are there,msmarco-passage/train,ielabgroup/vec2text_gtr-base-st_corrector
8,Correlation between DNA repair pathways and skin cancer,"search for a free and easy way to answer the search for a common question, correlation of kidney is a correlation between the amount of blood",KernelDensityGECO,50,0.001,google what is correlation of kidney,msmarco-passage/train,ielabgroup/vec2text_gtr-base-st_corrector
8,Correlation between DNA repair pathways and skin cancer,"a cigarette overdose and ill-treatment by Bill Cimberly, caused Jim Kelley to get 'Jimmy Cancer'",KernelDensityGECO,50,0.001,what caused jim kelly get cancer,msmarco-passage/train,ielabgroup/vec2text_gtr-base-st_corrector
8,Correlation between DNA repair pathways and skin cancer,"Speciation of re-encouragement of the human body, dental cancer screening is a screening used to determine cancerous dental diseases",KernelDensityGECO,50,0.001,what is dental cancer screening,msmarco-passage/train,ielabgroup/vec2text_gtr-base-st_corrector
8,Correlation between DNA repair pathways and skin cancer,Cancer (as a result of the astrologer called a red axis) - blue represents cancer and the a,KernelDensityGECO,50,0.001,what cancer does blue represent,msmarco-passage/train,ielabgroup/vec2text_gtr-base-st_corrector
9,mutY,(move) is an MP3 file,KernelDensityGECO,50,0.001,what is an .mov,msmarco-passage/train,ielabgroup/vec2text_gtr-base-st_corrector
9,mutY,"who is the musketeer of the Three, assuming the age of 62. In the novel ""Mmilady"" by",KernelDensityGECO,50,0.001,how old is milady according to the novel the three musketeers?,msmarco-passage/train,ielabgroup/vec2text_gtr-base-st_corrector
9,mutY,"if your contract expires and you can stop paying mothly contract, you can get a break from your contract and get used to it",KernelDensityGECO,50,0.001,can you stop your pay mothly contract,msmarco-passage/train,ielabgroup/vec2text_gtr-base-st_corrector
9,mutY,"meaning ""Quaternary or qty"" is a tlty product that is selected by the Yenise",KernelDensityGECO,50,0.001,what is qty mean,msmarco-passage/train,ielabgroup/vec2text_gtr-base-st_corrector
9,mutY,Medical mue in ectals Medical mue in ectals (a MUe) is a physiologic,KernelDensityGECO,50,0.001,what is a mue in medical,msmarco-passage/train,ielabgroup/vec2text_gtr-base-st_corrector
9,mutY,A clone of a mix of dogs and (,KernelDensityGECO,50,0.001,what is a mutt,msmarco-passage/train,ielabgroup/vec2text_gtr-base-st_corrector
9,mutY,a term (known as the motley crew) meaning a vehicle engine mope that is used by the John Dotton Air,KernelDensityGECO,50,0.001,what does the term motley crew mean,msmarco-passage/train,ielabgroup/vec2text_gtr-base-st_corrector
9,mutY,(known as mutism) is a division of the musculose language among children and under the statutory definition of,KernelDensityGECO,50,0.001,mutism definition,msmarco-passage/train,ielabgroup/vec2text_gtr-base-st_corrector
9,mutY,Cortana m m is a cultipta of the Microsoft Cortana. It is known the beacon,KernelDensityGECO,50,0.001,cortana what is the m,msmarco-passage/train,ielabgroup/vec2text_gtr-base-st_corrector
9,mutY,nagy (known as Nagy) is a gyre-based protein that is a key component of the Great Hedworth,KernelDensityGECO,50,0.001,what is nagy,msmarco-passage/train,ielabgroup/vec2text_gtr-base-st_corrector
10,NEIL1,"defined as neoliberal, or neoliberal, a reshape of the United States burgeon",KernelDensityGECO,50,0.001,define neoliberal,msmarco-passage/train,ielabgroup/vec2text_gtr-base-st_corrector
10,NEIL1,"was Dobrev's first name (nina = nass, nina = nina) and was",KernelDensityGECO,50,0.001,what was nina dobrevs first name,msmarco-passage/train,ielabgroup/vec2text_gtr-base-st_corrector
10,NEIL1,in the OneNote notebook tool. This tool means “snipping” which means “select what is on the note in the clip,KernelDensityGECO,50,0.001,what does the snipping tool mean in onenote,msmarco-passage/train,ielabgroup/vec2text_gtr-base-st_corrector
10,NEIL1,"who is Crash Nebula. Crash Nebula is a past explorer of the Milky Way Galaxy, and a current member",KernelDensityGECO,50,0.001,who is crash nebula?,msmarco-passage/train,ielabgroup/vec2text_gtr-base-st_corrector
10,NEIL1,"a definition of newhalf, a definition of a part of a -part>-part|||newball",KernelDensityGECO,50,0.001,definition of newhalf,msmarco-passage/train,ielabgroup/vec2text_gtr-base-st_corrector
10,NEIL1,"play 'Father Nemegdyl' in Animal House, and 'Nedrelf' was the animal house",KernelDensityGECO,50,0.001,who played nedflemeir in animal house,msmarco-passage/train,ielabgroup/vec2text_gtr-base-st_corrector
10,NEIL1,neolone (also known as neolone) is a unique single-dot esocar,KernelDensityGECO,50,0.001,what is neolone,msmarco-passage/train,ielabgroup/vec2text_gtr-base-st_corrector
10,NEIL1,"be a benefit to the NE1 in W6L, as congestion is a result of the congestion in W1E1 7dr",KernelDensityGECO,50,0.001,is nw1 6el in congestion,msmarco-passage/train,ielabgroup/vec2text_gtr-base-st_corrector
10,NEIL1,NF1 NF1 is a family of neuroprotection and neuroendocrine (NessI) drugs. It is,KernelDensityGECO,50,0.001,what is nf1,msmarco-passage/train,ielabgroup/vec2text_gtr-base-st_corrector
10,NEIL1,"known as Nuplex, is a high-performance bio-electronics product from Fujitsu, which is the brainchild of",KernelDensityGECO,50,0.001,who or what is nuplex,msmarco-passage/train,ielabgroup/vec2text_gtr-base-st_corrector
11,Carcinogenesis and hairless mice,"microbial stress oxidation and phosphorylation of root hormone is not harmful, but it is considered a root hormone carcinogenic",KernelDensityGECO,50,0.001,is rooting hormone carcinogenic,msmarco-passage/train,ielabgroup/vec2text_gtr-base-st_corrector
11,Carcinogenesis and hairless mice,"chemicals that cause cancer, namely methyl sulfate, gamma oxidase, and other chemicals that cause cancer",KernelDensityGECO,50,0.001,what chemicals cause cancer,msmarco-passage/train,ielabgroup/vec2text_gtr-base-st_corrector
11,Carcinogenesis and hairless mice,"a cause, which is blind mice, is when a mouse detects a range of stimuli such as meadows and fats",KernelDensityGECO,50,0.001,what causes blind mice,msmarco-passage/train,ielabgroup/vec2text_gtr-base-st_corrector
11,Carcinogenesis and hairless mice,(glycerol-glucosergic glycogenea) is a cause of gluconeogenesis.,KernelDensityGECO,50,0.001,what causes gluconeogenesis,msmarco-passage/train,ielabgroup/vec2text_gtr-base-st_corrector
11,Carcinogenesis and hairless mice,a gastrin-producing tumor is a gastrin-producing tumor that produces a neoplasm of a tumor,KernelDensityGECO,50,0.001,what is a gastrin producing tumor,msmarco-passage/train,ielabgroup/vec2text_gtr-base-st_corrector
11,Carcinogenesis and hairless mice,is radioactive dye used for cat scans (femsats) – radioactive dye is used in a laser dil,KernelDensityGECO,50,0.001,is radioactive dye used in cat scans,msmarco-passage/train,ielabgroup/vec2text_gtr-base-st_corrector
11,Carcinogenesis and hairless mice,"what happens when a tumor secretes catecholamines or a large amount of other camines, it secretes catecholamine",KernelDensityGECO,50,0.001,what happens when a tumor secretes catecholamines,msmarco-passage/train,ielabgroup/vec2text_gtr-base-st_corrector
11,Carcinogenesis and hairless mice,"as mice are squished and fawn balls are left near the ground, will moth balls help keep mice away from mice and",KernelDensityGECO,50,0.001,will moth balls keep mice away,msmarco-passage/train,ielabgroup/vec2text_gtr-base-st_corrector
11,Carcinogenesis and hairless mice,Carcinogenic Carcinogenic (or carcinogenic) is a chemical that is a biomolecule in the urokinases and,KernelDensityGECO,50,0.001,what is carcinogenic,msmarco-passage/train,ielabgroup/vec2text_gtr-base-st_corrector
11,Carcinogenesis and hairless mice,a time when a person smoked a cigarette of marijuana (never smoked any illegal weeping) has been known to cause,KernelDensityGECO,50,0.001,has smoking weed ever caused cancer,msmarco-passage/train,ielabgroup/vec2text_gtr-base-st_corrector
12,Genes regulated by Smad4,"of somatostatin. The somatostatin receptor (somatostatin, somatosynth,  hormone",KernelDensityGECO,50,0.001,somatostatin receptor,msmarco-passage/train,ielabgroup/vec2text_gtr-base-st_corrector
12,Genes regulated by Smad4,"medicine and a new drug, known as Fda, from the Food and Drug Administration (FDA). It is a federallyled",KernelDensityGECO,50,0.001,what is fda,msmarco-passage/train,ielabgroup/vec2text_gtr-base-st_corrector
12,Genes regulated by Smad4,"replace a similar, but less expensive, control diorase. The control diorase replaces peptide and human DNA",KernelDensityGECO,50,0.001,what replaces dior dna control,msmarco-passage/train,ielabgroup/vec2text_gtr-base-st_corrector
12,Genes regulated by Smad4,"(so-called ) who regulates pennymac. This regulation is supplemented by a partnership between ESA, Fair",KernelDensityGECO,50,0.001,who regulates pennymac,msmarco-passage/train,ielabgroup/vec2text_gtr-base-st_corrector
12,Genes regulated by Smad4,"which are the seven ebola genes, ebola, ebola-disease genes, ebola-a",KernelDensityGECO,50,0.001,what are the seven ebola genes,msmarco-passage/train,ielabgroup/vec2text_gtr-base-st_corrector
12,Genes regulated by Smad4,the maximum permissible weight for a Bulate Mixed Impurate Medical Container with a net weight of 1-3 mbar Intermadi,KernelDensityGECO,50,0.001,what is the maximum permissable net weight for an Intermadiate Bulk Container,msmarco-passage/train,ielabgroup/vec2text_gtr-base-st_corrector
12,Genes regulated by Smad4,what will happen with the new SAT is that the superscore is no longer in effect (as the SAT has re-entered,KernelDensityGECO,50,0.001,what happens to the superscore now that the new SAT is in effect,msmarco-passage/train,ielabgroup/vec2text_gtr-base-st_corrector
12,Genes regulated by Smad4,"a result of a high metabolites level, metabolites can regulate -methionine and -cholesterol",KernelDensityGECO,50,0.001,what can metabolites regulate,msmarco-passage/train,ielabgroup/vec2text_gtr-base-st_corrector
12,Genes regulated by Smad4,"by the expression of a variable in the microembryowels of the gastric gland, the Lac operon controls expression of the oper",KernelDensityGECO,50,0.001,what controls the expression of the lac operon,msmarco-passage/train,ielabgroup/vec2text_gtr-base-st_corrector
12,Genes regulated by Smad4,at 1 madrigal. Madrigals have about 10 voices and it is one of only two voices that MC SADDALIM ad,KernelDensityGECO,50,0.001,how many voices do madrigals have,msmarco-passage/train,ielabgroup/vec2text_gtr-base-st_corrector
13,Role of TGFB in angiogenesis in skin,our skin covers about 0 to 8 spherical layers and 0 to 80% surface area is what we can cover when we cover our,KernelDensityGECO,50,0.001,how much surface area does our skin cover,msmarco-passage/train,ielabgroup/vec2text_gtr-base-st_corrector
13,Role of TGFB in angiogenesis in skin,"are glycerin for glycerin-rich skin, glycerin is good for skin lipids and is safe",KernelDensityGECO,50,0.001,is glycerin good for skin,msmarco-passage/train,ielabgroup/vec2text_gtr-base-st_corrector
13,Role of TGFB in angiogenesis in skin,"a light idling with a medication, an overactive thyroid affects your skin and your thyroid endocrine problems and may eventually",KernelDensityGECO,50,0.001,does an overactive thyroid affect your skin problems,msmarco-passage/train,ielabgroup/vec2text_gtr-base-st_corrector
13,Role of TGFB in angiogenesis in skin,"effect of prolactin on GnRH, a powerful prolactin on GnRH and glutaryl c",KernelDensityGECO,50,0.001,effect of prolactin on gnrh,msmarco-passage/train,ielabgroup/vec2text_gtr-base-st_corrector
13,Role of TGFB in angiogenesis in skin,deep pressure receptors in the skin that allow deep penetration is called,KernelDensityGECO,50,0.001,deep pressure receptors in skin is called,msmarco-passage/train,ielabgroup/vec2text_gtr-base-st_corrector
13,Role of TGFB in angiogenesis in skin,"with a healthy diet and a good ginkgo blueskin, ginkgo biloba is beneficial for skin conditions and may",KernelDensityGECO,50,0.001,is ginkgo biloba good for skin,msmarco-passage/train,ielabgroup/vec2text_gtr-base-st_corrector
13,Role of TGFB in angiogenesis in skin,Astricanthin is a dietary antidote to alanthionine and it helps ascogloss in skin,KernelDensityGECO,50,0.001,what does astaxanthin do for skin,msmarco-passage/train,ielabgroup/vec2text_gtr-base-st_corrector
13,Role of TGFB in angiogenesis in skin,concerns are the concerns of anthraquinone. This is a significant concern of equinoloquinone,KernelDensityGECO,50,0.001,what are the concerns of anthraquinone,msmarco-passage/train,ielabgroup/vec2text_gtr-base-st_corrector
13,Role of TGFB in angiogenesis in skin,"a photofacial can help a face and help with a wide range of skin cares, a face scrub, and other",KernelDensityGECO,50,0.001,what can a photofacial help,msmarco-passage/train,ielabgroup/vec2text_gtr-base-st_corrector
13,Role of TGFB in angiogenesis in skin,"use on the skin. Using a blend of afrost, fascination, or soap, can use your skin",KernelDensityGECO,50,0.001,what to use on skin,msmarco-passage/train,ielabgroup/vec2text_gtr-base-st_corrector
14,Expression or Regulation of TGFB in HNSCC cancers,Unit bcsrt401A. The unit bcsrt401A does a granular information technology to the processor,KernelDensityGECO,50,0.001,what does the unit bsbcrt401 do,msmarco-passage/train,ielabgroup/vec2text_gtr-base-st_corrector
14,Expression or Regulation of TGFB in HNSCC cancers,'low strain hardening exponent' represents a high-resistance hardening granule and is used to compute,KernelDensityGECO,50,0.001,what does low strain hardening exponent represent,msmarco-passage/train,ielabgroup/vec2text_gtr-base-st_corrector
14,Expression or Regulation of TGFB in HNSCC cancers,hgsil is a high-grade organic and mineral granules. It is a joint venture with Hekildow,KernelDensityGECO,50,0.001,what is hgsil,msmarco-passage/train,ielabgroup/vec2text_gtr-base-st_corrector
14,Expression or Regulation of TGFB in HNSCC cancers,of age regulation. The age of emotion regulation is augmented by a series of product granulations between 8 – 15 years of age anxiety,KernelDensityGECO,50,0.001,age of emotion regulation,msmarco-passage/train,ielabgroup/vec2text_gtr-base-st_corrector
14,Expression or Regulation of TGFB in HNSCC cancers,NTsc-U stands for Newly Unlabeled State of Scientific and Integrated (NTSC) quotient list. This,KernelDensityGECO,50,0.001,what does ntsc-u stand for,msmarco-passage/train,ielabgroup/vec2text_gtr-base-st_corrector
14,Expression or Regulation of TGFB in HNSCC cancers,a name that is given to a gene that causes cancer. It is found in the human olefoplasmic annex,KernelDensityGECO,50,0.001,What name is given to a gene that causes cancer?,msmarco-passage/train,ielabgroup/vec2text_gtr-base-st_corrector
14,Expression or Regulation of TGFB in HNSCC cancers,Code XXXXXXXXXX of s29.10 means a 10th IC quota for an indulge,KernelDensityGECO,50,0.001,icd 10 code S29.XXA meaning,msmarco-passage/train,ielabgroup/vec2text_gtr-base-st_corrector
14,Expression or Regulation of TGFB in HNSCC cancers,the binding of ig fc protein on fragment 1 (i.e. igg-electronic)  binding,KernelDensityGECO,50,0.001,which fragment of igg fc binding with protein,msmarco-passage/train,ielabgroup/vec2text_gtr-base-st_corrector
14,Expression or Regulation of TGFB in HNSCC cancers,Ugc is a collection of cyclic gamma-limidazole complexes. It is known as high yield,KernelDensityGECO,50,0.001,what is ugc,msmarco-passage/train,ielabgroup/vec2text_gtr-base-st_corrector
14,Expression or Regulation of TGFB in HNSCC cancers,analysis of hepatomegaly. The word '' (translated from '') is a word for Hepati,KernelDensityGECO,50,0.001,what is the word analysis of hepatomegaly,msmarco-passage/train,ielabgroup/vec2text_gtr-base-st_corrector
15,ATPase and apoptosis,"Apoptosis is a process of apoptosis, which is how a venom of a small cell does",KernelDensityGECO,50,0.001,what does apoptosis do,msmarco-passage/train,ielabgroup/vec2text_gtr-base-st_corrector
15,ATPase and apoptosis,cause of anisoocikisopoikisocytosis is by ailuocytosis of the kidney,KernelDensityGECO,50,0.001,causes of anisopoikilocytosis,msmarco-passage/train,ielabgroup/vec2text_gtr-base-st_corrector
15,ATPase and apoptosis,"Apoptosis is a process of apoptosis, which is how a venom of a small cell does",KernelDensityGECO,50,0.001,what does apoptosis do,msmarco-passage/train,ielabgroup/vec2text_gtr-base-st_corrector
15,ATPase and apoptosis,"is a protein, the glucose ion ipa and ipa. Atp is an atr protein",KernelDensityGECO,50,0.001,is atp a protein,msmarco-passage/train,ielabgroup/vec2text_gtr-base-st_corrector
15,ATPase and apoptosis,what is called a phosphate (addition of a molecule to a molecule of a molecule of a,KernelDensityGECO,50,0.001,what is the addition of a phosphate to a molecule called?,msmarco-passage/train,ielabgroup/vec2text_gtr-base-st_corrector
15,ATPase and apoptosis,"Apoptosis is a process of apoptosis, which is how a venom of a small cell does",KernelDensityGECO,50,0.001,what does apoptosis do,msmarco-passage/train,ielabgroup/vec2text_gtr-base-st_corrector
15,ATPase and apoptosis,is that stem cells can induce apoptosis if the process of a hematopoietic stem cells is not,KernelDensityGECO,50,0.001,can stem cells induce apoptosis,msmarco-passage/train,ielabgroup/vec2text_gtr-base-st_corrector
15,ATPase and apoptosis,OsmoATP. Cellular processes that cause more ONP to occur are primarily corresponding to cellular processes that occur on a few,KernelDensityGECO,50,0.001,what cellular processes causes more ONP to occur,msmarco-passage/train,ielabgroup/vec2text_gtr-base-st_corrector
15,ATPase and apoptosis,"apoptosis of a apoptose cell. As a result, apoptosis cells cause",KernelDensityGECO,50,0.001,what does an apoptosis cell cause,msmarco-passage/train,ielabgroup/vec2text_gtr-base-st_corrector
15,ATPase and apoptosis,"Apoptosis is a process of apoptosis, which is how a venom of a small cell does",KernelDensityGECO,50,0.001,what does apoptosis do,msmarco-passage/train,ielabgroup/vec2text_gtr-base-st_corrector
16,AAA proteins,"is a complete protein containing a mixture of quinoa, aqueducta, folia, and vegetable, quinoa",KernelDensityGECO,50,0.001,is quinoa a complete protein,msmarco-passage/train,ielabgroup/vec2text_gtr-base-st_corrector
16,AAA proteins,aa means a condition that is a dilated apron. The AB means a molecule that causes it,KernelDensityGECO,50,0.001,aa what it means,msmarco-passage/train,ielabgroup/vec2text_gtr-base-st_corrector
16,AAA proteins,"a list of examples of proteins, such as a cleavage of acorns and nitrogen, are examples of protein",KernelDensityGECO,50,0.001,what are examples of protein,msmarco-passage/train,ielabgroup/vec2text_gtr-base-st_corrector
16,AAA proteins,"amino acids – mainly lactic acid, lanthanum and boron and creatinine – are responsible for creating muscles",KernelDensityGECO,50,0.001,which amino acids are responsible for creating muscles,msmarco-passage/train,ielabgroup/vec2text_gtr-base-st_corrector
16,AAA proteins,"of the egg is a part of protein, which, like the rest of the protein, is a part of the fatty acid, and chicken",KernelDensityGECO,50,0.001,what part of the egg is protein,msmarco-passage/train,ielabgroup/vec2text_gtr-base-st_corrector
16,AAA proteins,amina amina (amina) is a nutrient and a part of the floresta,KernelDensityGECO,50,0.001,what is amina,msmarco-passage/train,ielabgroup/vec2text_gtr-base-st_corrector
16,AAA proteins,a protein - adenine - adenine - a ribonucleotide is a protein,KernelDensityGECO,50,0.001,is adenine a protein,msmarco-passage/train,ielabgroup/vec2text_gtr-base-st_corrector
16,AAA proteins,genotype for aa is aa (aabdx)  aa (aa)  aa,KernelDensityGECO,50,0.001,genotype for aa,msmarco-passage/train,ielabgroup/vec2text_gtr-base-st_corrector
16,AAA proteins,is a protein             carbohydrate,KernelDensityGECO,50,0.001,is protein a carbohydrate,msmarco-passage/train,ielabgroup/vec2text_gtr-base-st_corrector
16,AAA proteins,"as enzymes and amino acids are related to each other by a gene causing them to have a certain amount of soluble products, and enzyme",KernelDensityGECO,50,0.001,how are amino acids and enzymes related,msmarco-passage/train,ielabgroup/vec2text_gtr-base-st_corrector
17,DO1 antibody,"a very effective first dose, a dose of 6–8 g.m. is effective as the first dose of varicella",KernelDensityGECO,50,0.001,how effective is the first dose of varicella,msmarco-passage/train,ielabgroup/vec2text_gtr-base-st_corrector
17,DO1 antibody,"name of a test for antibodies to the blood aft and the a ribosomal antibodies, it is called platelet test",KernelDensityGECO,50,0.001,whats the name for the blood test for platelet antibodies,msmarco-passage/train,ielabgroup/vec2text_gtr-base-st_corrector
17,DO1 antibody,AV1 format is a compositor-loop-format (a.k.a. av1 file),KernelDensityGECO,50,0.001,what is av1 format,msmarco-passage/train,ielabgroup/vec2text_gtr-base-st_corrector
17,DO1 antibody,"Donazapril Donazapril (INN, CYP2D1) is a medication which is a panavinyl",KernelDensityGECO,50,0.001,what is donazapril,msmarco-passage/train,ielabgroup/vec2text_gtr-base-st_corrector
17,DO1 antibody,"we use a drug, efesoterone, which is used in the preparation of the doping test, we use dope",KernelDensityGECO,50,0.001,what do we use in doping test,msmarco-passage/train,ielabgroup/vec2text_gtr-base-st_corrector
17,DO1 antibody,"medications containing citonic acid and citrulline peptides affect cyclidized cyclazine antibodies, especially cyclic",KernelDensityGECO,50,0.001,what medications affect cyclic citrullinated peptide antibody,msmarco-passage/train,ielabgroup/vec2text_gtr-base-st_corrector
17,DO1 antibody,"(A-B-V test) – antibodies are found where a globule, such as a cytoskeleton and eggs",KernelDensityGECO,50,0.001,where are antibodies found,msmarco-passage/train,ielabgroup/vec2text_gtr-base-st_corrector
17,DO1 antibody,athlete (diabetic glen drogue) - D1 athlete is a defined athlete who compete,KernelDensityGECO,50,0.001,d1 athlete definition,msmarco-passage/train,ielabgroup/vec2text_gtr-base-st_corrector
17,DO1 antibody,"the classes of drugs tested are dot-tested, empiraced, empiraced, empiraced",KernelDensityGECO,50,0.001,what are the classes of drugs tested dot,msmarco-passage/train,ielabgroup/vec2text_gtr-base-st_corrector
17,DO1 antibody,"-Aliotephrine (2000), subunit vaccines are a group of vaccines that are vaccina",KernelDensityGECO,50,0.001,what are subunit vaccines,msmarco-passage/train,ielabgroup/vec2text_gtr-base-st_corrector
18,Gis4,GBs GBs (also known as bs) is a systemic syphilis of the fetus,KernelDensityGECO,50,0.001,what is gbs,msmarco-passage/train,ielabgroup/vec2text_gtr-base-st_corrector
18,Gis4,or four digit zip,KernelDensityGECO,50,0.001,what is four digit zip code extension,msmarco-passage/train,ielabgroup/vec2text_gtr-base-st_corrector
18,Gis4,"is a four-cylinder model and a four-cylinder drive center hood (the Ford Edge comes in a four-cylinder for ,",KernelDensityGECO,50,0.001,does the ford edge come in a four cylinder,msmarco-passage/train,ielabgroup/vec2text_gtr-base-st_corrector
18,Gis4,(as a sign of the digit )  (the     ) is the fourth,KernelDensityGECO,50,0.001,what is the fourth digit,msmarco-passage/train,ielabgroup/vec2text_gtr-base-st_corrector
18,Gis4,q4  means a 'Question of the Fourth' and q4 is a 'Computer X,KernelDensityGECO,50,0.001,what does q4 mean,msmarco-passage/train,ielabgroup/vec2text_gtr-base-st_corrector
18,Gis4,AMErock 4G001N will get bigger than 5 in length,KernelDensityGECO,50,0.001,does amerock 69153g10 come bigger then 4 in length,msmarco-passage/train,ielabgroup/vec2text_gtr-base-st_corrector
18,Gis4,"if you are going to buy a BMW z4 and whether it is worth the money you spend your money on it, m.m",KernelDensityGECO,50,0.001,is it worth buying a bmw z4,msmarco-passage/train,ielabgroup/vec2text_gtr-base-st_corrector
18,Gis4,"gi definition. Known as gi, gi is a function of the infra-intestinal compartment in children",KernelDensityGECO,50,0.001,gi definition,msmarco-passage/train,ielabgroup/vec2text_gtr-base-st_corrector
18,Gis4,or four digit zip,KernelDensityGECO,50,0.001,what is four digit zip code extension,msmarco-passage/train,ielabgroup/vec2text_gtr-base-st_corrector
18,Gis4,"items from a cloud. When stuff is on 4od, it takes about 24 hours to go on a go-to for everything you have",KernelDensityGECO,50,0.001,how long does it take for stuff to go on 4od,msmarco-passage/train,ielabgroup/vec2text_gtr-base-st_corrector
19,Comparison of Promoters of GAL1 and SUC1,"goral giptorc and is a powerful multi-channel driver of funds. This feature is known as Gpac,",KernelDensityGECO,50,0.001,what is gpac,msmarco-passage/train,ielabgroup/vec2text_gtr-base-st_corrector
19,Comparison of Promoters of GAL1 and SUC1,why the height differences (pls-diameters) between the GC and peaks in GC are at different heights,KernelDensityGECO,50,0.001,why the peaks in GC different heights,msmarco-passage/train,ielabgroup/vec2text_gtr-base-st_corrector
19,Comparison of Promoters of GAL1 and SUC1,ignou results results for September 2015,KernelDensityGECO,50,0.001,ignou results september 2015,msmarco-passage/train,ielabgroup/vec2text_gtr-base-st_corrector
19,Comparison of Promoters of GAL1 and SUC1,"a difference of one date between SSAS and null. If dates are halved or are ineligible, null dates",KernelDensityGECO,50,0.001,"difference between dates in sas, if one is null",msmarco-passage/train,ielabgroup/vec2text_gtr-base-st_corrector
19,Comparison of Promoters of GAL1 and SUC1,graft with a fessosaphthyl. There is no interaction between prozins and,KernelDensityGECO,50,0.001,does linzess interact with prograf,msmarco-passage/train,ielabgroup/vec2text_gtr-base-st_corrector
19,Comparison of Promoters of GAL1 and SUC1,"glaad, is a high-performance, low-cost elastosis food additive. It is also known as Gaud",KernelDensityGECO,50,0.001,what is glaad,msmarco-passage/train,ielabgroup/vec2text_gtr-base-st_corrector
19,Comparison of Promoters of GAL1 and SUC1,a difference between a rifle scope and second is the use of focal plane reticle (Foss 1D) versus focal plane,KernelDensityGECO,50,0.001,difference in rifle scope focal plane vs second,msmarco-passage/train,ielabgroup/vec2text_gtr-base-st_corrector
19,Comparison of Promoters of GAL1 and SUC1,coucal is a peptide oil and a natural selection of proteins. This oil is obtained by sweating called Coucal in the,KernelDensityGECO,50,0.001,what is coucal,msmarco-passage/train,ielabgroup/vec2text_gtr-base-st_corrector
19,Comparison of Promoters of GAL1 and SUC1,a LREC of the SAS data. The LREC is a LSAS-Coordinate for all data in a data body. This,KernelDensityGECO,50,0.001,what is the LRECL of a SAS data,msmarco-passage/train,ielabgroup/vec2text_gtr-base-st_corrector
19,Comparison of Promoters of GAL1 and SUC1,Gelfoam Gelfoam (-glucose and -dimethylsulfur) is an antagonist of,KernelDensityGECO,50,0.001,what is antagonist for Gelfoam,msmarco-passage/train,ielabgroup/vec2text_gtr-base-st_corrector
20,Substrate modification by ubiquitin,type of authentication from a source. Juniper also provides a full-service Provider for Authentication and SEC-JIPP.,KernelDensityGECO,50,0.001,what type of authentication does juniper provide,msmarco-passage/train,ielabgroup/vec2text_gtr-base-st_corrector
20,Substrate modification by ubiquitin,which structures of attachment are used in microbes that lead to utracis and tetrachosis causing inactivation,KernelDensityGECO,50,0.001,which structures are used for attachment in microbes causing utis?,msmarco-passage/train,ielabgroup/vec2text_gtr-base-st_corrector
20,Substrate modification by ubiquitin,iii modification. Type ii (IIed) afsp iii (IIed),KernelDensityGECO,50,0.001,type iii modification,msmarco-passage/train,ielabgroup/vec2text_gtr-base-st_corrector
20,Substrate modification by ubiquitin,"(a.k.a.       ), the purpose of subrogation is to protect",KernelDensityGECO,50,0.001,what is the purpose of subrogation,msmarco-passage/train,ielabgroup/vec2text_gtr-base-st_corrector
20,Substrate modification by ubiquitin,"-amino acid repression and hygienic inhibitions, topiramate is an appetite suppressant and does not",KernelDensityGECO,50,0.001,is topiramate an appetite suppressant,msmarco-passage/train,ielabgroup/vec2text_gtr-base-st_corrector
20,Substrate modification by ubiquitin,change faustinader acquired for Toufaroma and made major changes to the current central republic of Africa,KernelDensityGECO,50,0.001,what changes did faustin archange touadera do for central african republic so far,msmarco-passage/train,ielabgroup/vec2text_gtr-base-st_corrector
20,Substrate modification by ubiquitin,"Depending on the nature of a  (a) , a compound sentence can be substituted for  as a",KernelDensityGECO,50,0.001,"Depending on the nature of a compound sentence, a can be substituted for",msmarco-passage/train,ielabgroup/vec2text_gtr-base-st_corrector
20,Substrate modification by ubiquitin,microban technology is a technology that is a part of the Integrated Bioinformatics and Technology Framework (BITFUR) and is,KernelDensityGECO,50,0.001,what is microban technology,msmarco-passage/train,ielabgroup/vec2text_gtr-base-st_corrector
20,Substrate modification by ubiquitin,naming of ketones from ipac ketones. This naming is performed by using U3H5U1 uridine as a,KernelDensityGECO,50,0.001,iupac naming ketones,msmarco-passage/train,ielabgroup/vec2text_gtr-base-st_corrector
20,Substrate modification by ubiquitin,autoimmune disease Subchondria lupus lucidae lupus oblique hip disease OR,KernelDensityGECO,50,0.001,autoimmune disease OR disorder subchondral lucency hip,msmarco-passage/train,ielabgroup/vec2text_gtr-base-st_corrector
21,Role of p63 and p73 in relation to DNA damage,ppmg of Texas is a g/mmPG model that is available to the State of Texas and the Texa,KernelDensityGECO,50,0.001,what is ppmg of texas,msmarco-passage/train,ielabgroup/vec2text_gtr-base-st_corrector
21,Role of p63 and p73 in relation to DNA damage,"a result of harmful - but not 'safe' - activities, ammonium phosphate is ammonium phosphate harmful",KernelDensityGECO,50,0.001,is ammonium phosphate harmful,msmarco-passage/train,ielabgroup/vec2text_gtr-base-st_corrector
21,Role of p63 and p73 in relation to DNA damage,"why phosphorus, along with other biological molecule molecules such as pyrethroid and carbon, is an important biological molecule",KernelDensityGECO,50,0.001,why is phosphorus an important biological molecule,msmarco-passage/train,ielabgroup/vec2text_gtr-base-st_corrector
21,Role of p63 and p73 in relation to DNA damage,"the functions of rna dna polymerase and helicase dna polymerase, which are polymerase",KernelDensityGECO,50,0.001,what are the functions of helicase dna polymerase and rna polymerase,msmarco-passage/train,ielabgroup/vec2text_gtr-base-st_corrector
21,Role of p63 and p73 in relation to DNA damage,tetrahydrocerolgallic acid ptetrahydrogallic acid is known as luteroymic and the quiz,KernelDensityGECO,50,0.001,pteroylglutamic acid is known as quizlet,msmarco-passage/train,ielabgroup/vec2text_gtr-base-st_corrector
21,Role of p63 and p73 in relation to DNA damage,roles of RNA polymerase  and  RNA polymerase V in eukaryotes is a role,KernelDensityGECO,50,0.001,roles of RNA polymerase V in eukaryotes,msmarco-passage/train,ielabgroup/vec2text_gtr-base-st_corrector
21,Role of p63 and p73 in relation to DNA damage,dnaC is required for a number of functions. DNA is required for determining the dnap code required for human reproduction,KernelDensityGECO,50,0.001,what is dna required for,msmarco-passage/train,ielabgroup/vec2text_gtr-base-st_corrector
21,Role of p63 and p73 in relation to DNA damage,function of dnaphtamer polymerase. Points and dnaphtases are presented in genome,KernelDensityGECO,50,0.001,function of dna polymerase ppt,msmarco-passage/train,ielabgroup/vec2text_gtr-base-st_corrector
21,Role of p63 and p73 in relation to DNA damage,dnaC is required for a number of functions. DNA is required for determining the dnap code required for human reproduction,KernelDensityGECO,50,0.001,what is dna required for,msmarco-passage/train,ielabgroup/vec2text_gtr-base-st_corrector
21,Role of p63 and p73 in relation to DNA damage,RNA (Dna) and Dna/Db/Db/Db/Dm play a role in transcription.,KernelDensityGECO,50,0.001,what role does dna play in transcription,msmarco-passage/train,ielabgroup/vec2text_gtr-base-st_corrector
22,Relative response of p53 family members to agents causing single-stranded versus double-stranded DNA breaks,enzyme that is known to unwind during replication is responsible for unwinding the resulting strand of the dna-dna-,KernelDensityGECO,50,0.001,what enzyme is responsible for unwinding dna during replication,msmarco-passage/train,ielabgroup/vec2text_gtr-base-st_corrector
22,Relative response of p53 family members to agents causing single-stranded versus double-stranded DNA breaks,"What are the two parts that make up the backbone of a dnab, RNA, and tyrosine atom",KernelDensityGECO,50,0.001,what are the two parts that make up the backbone of dna,msmarco-passage/train,ielabgroup/vec2text_gtr-base-st_corrector
22,Relative response of p53 family members to agents causing single-stranded versus double-stranded DNA breaks,The role of the helix helicase of the dnaD is to perform a role in the replication of dna,KernelDensityGECO,50,0.001,what is the role of dna helicase in the replication of dna,msmarco-passage/train,ielabgroup/vec2text_gtr-base-st_corrector
22,Relative response of p53 family members to agents causing single-stranded versus double-stranded DNA breaks,which preserving the eponymous coding for a gene is most important in terms of DNA replication and its characteristics for one generation to last,KernelDensityGECO,50,0.001,which characteristic of dna replication is most important in preserving the genetic code for one generation,msmarco-passage/train,ielabgroup/vec2text_gtr-base-st_corrector
22,Relative response of p53 family members to agents causing single-stranded versus double-stranded DNA breaks,that immunity responsible for poison ivy response is the ivy-so-so-so-so-so,KernelDensityGECO,50,0.001,what immunity responsible for poison ivy response,msmarco-passage/train,ielabgroup/vec2text_gtr-base-st_corrector
22,Relative response of p53 family members to agents causing single-stranded versus double-stranded DNA breaks,"advantages of dnaA b m dnDNA replicating precisely, a lot less is achieved in the number of replicas",KernelDensityGECO,50,0.001,advantages of dna replicating exactly,msmarco-passage/train,ielabgroup/vec2text_gtr-base-st_corrector
22,Relative response of p53 family members to agents causing single-stranded versus double-stranded DNA breaks,"dnaD-astrocortone, this hormone affects the target cell of the target cell and its enzymatic",KernelDensityGECO,50,0.001,which hormone affects the dna of its target cell,msmarco-passage/train,ielabgroup/vec2text_gtr-base-st_corrector
22,Relative response of p53 family members to agents causing single-stranded versus double-stranded DNA breaks,"techniques which determine which fingerprint is the best technique for investigation on a question-answer individual, using a finger print from a 5-micrometre",KernelDensityGECO,50,0.001,which technique is best when investigating dna fingerprint on an individual quizlet,msmarco-passage/train,ielabgroup/vec2text_gtr-base-st_corrector
22,Relative response of p53 family members to agents causing single-stranded versus double-stranded DNA breaks,"if the two strands are unbonded, it is necessary for the zooplank replica to hold together. Using different types of",KernelDensityGECO,50,0.001,"when dna is replicated, it is necessary for the two strands to unzip temporarily. choose which bonding type is most appropriate for holding the strands together in this way.",msmarco-passage/train,ielabgroup/vec2text_gtr-base-st_corrector
22,Relative response of p53 family members to agents causing single-stranded versus double-stranded DNA breaks,indicating that a protein produced by a gene from the 1-Case-D 1 gene is a regulatory,KernelDensityGECO,50,0.001,which of the following is a protein produced by a regulatory gene,msmarco-passage/train,ielabgroup/vec2text_gtr-base-st_corrector
23,Saccharomyces cerevisiae proteins involved in ubiquitin system,Saccharin Saccharin (as a sugar-carotene and a trimethyl alcohol) is a drug with the meaning,KernelDensityGECO,50,0.001,saccharin meaning,msmarco-passage/train,ielabgroup/vec2text_gtr-base-st_corrector
23,Saccharomyces cerevisiae proteins involved in ubiquitin system,"pseudomyostatic contracture (pseudomyomuscular urethra and urethra), definition contract",KernelDensityGECO,50,0.001,pseudomyostatic contracture definition,msmarco-passage/train,ielabgroup/vec2text_gtr-base-st_corrector
23,Saccharomyces cerevisiae proteins involved in ubiquitin system,is sacromyidae saprophyllii and Saccharophlamyia bolochii resistant to heat,KernelDensityGECO,50,0.001,is saccharomyces boulardii heat resistant,msmarco-passage/train,ielabgroup/vec2text_gtr-base-st_corrector
23,Saccharomyces cerevisiae proteins involved in ubiquitin system,"a dilated uropotamus or extra protein, means that extra protein is present in the urine of a uro",KernelDensityGECO,50,0.001,what does extra protein in urine mean,msmarco-passage/train,ielabgroup/vec2text_gtr-base-st_corrector
23,Saccharomyces cerevisiae proteins involved in ubiquitin system,A protein is a protein used to bind to and protect the amino acids and chromosomes of healthy cells. A protein is responsible for,KernelDensityGECO,50,0.001,what is a protein responsible for,msmarco-passage/train,ielabgroup/vec2text_gtr-base-st_corrector
23,Saccharomyces cerevisiae proteins involved in ubiquitin system,to the ovulation and sacralin. SrissiRIs target extracellular fluid as well as other fluids,KernelDensityGECO,50,0.001,do ssris target extracellular fluid,msmarco-passage/train,ielabgroup/vec2text_gtr-base-st_corrector
23,Saccharomyces cerevisiae proteins involved in ubiquitin system,to look for protein in the spinal cord fluid (spinal cord follicular fluid) for multiple myeloma and chon,KernelDensityGECO,50,0.001,what protein to look for in the spinal cord fluid for multiple myeloma,msmarco-passage/train,ielabgroup/vec2text_gtr-base-st_corrector
23,Saccharomyces cerevisiae proteins involved in ubiquitin system,pyramids are found on myelin and pyramids. These amino acids are found in the body parts of promy,KernelDensityGECO,50,0.001,where are protiens found on mypyramid,msmarco-passage/train,ielabgroup/vec2text_gtr-base-st_corrector
23,Saccharomyces cerevisiae proteins involved in ubiquitin system,-100 -100 -- -- -- -- crude protein --,KernelDensityGECO,50,0.001,crude protein,msmarco-passage/train,ielabgroup/vec2text_gtr-base-st_corrector
23,Saccharomyces cerevisiae proteins involved in ubiquitin system,is esculin proteus luxatus eus. Exp. bile bile vulgaris is a bil,KernelDensityGECO,50,0.001,is proteus vulgaris bile esculin,msmarco-passage/train,ielabgroup/vec2text_gtr-base-st_corrector
24,Mouse peptidoglycan recognition proteins (PGRP),Because a blood test for a human glycogene or a crepton is repeated again a blood test is repeated,KernelDensityGECO,50,0.001,why is a crp blood test repeated,msmarco-passage/train,ielabgroup/vec2text_gtr-base-st_corrector
24,Mouse peptidoglycan recognition proteins (PGRP),Prabalgurung is gye,KernelDensityGECO,50,0.001,what is prabal gurung,msmarco-passage/train,ielabgroup/vec2text_gtr-base-st_corrector
24,Mouse peptidoglycan recognition proteins (PGRP),"type 1 cysts in ELKRS mice, Ectadoplasia and Ectadoplasia have",KernelDensityGECO,50,0.001,what type of cysts do ELKras mice have,msmarco-passage/train,ielabgroup/vec2text_gtr-base-st_corrector
24,Mouse peptidoglycan recognition proteins (PGRP),-beta adrenergic receptors act as adrenergic receptors and do not know what to do,KernelDensityGECO,50,0.001,what do beta adrenergic receptors do,msmarco-passage/train,ielabgroup/vec2text_gtr-base-st_corrector
24,Mouse peptidoglycan recognition proteins (PGRP),"which marker genes are used for selecting recombinant DNA, recombinant reatinase, or recomb",KernelDensityGECO,50,0.001,what are the marker genes used for selecting recombinant dna,msmarco-passage/train,ielabgroup/vec2text_gtr-base-st_corrector
24,Mouse peptidoglycan recognition proteins (PGRP),Endpoint PCr (envy-point pcr) is a data capture technology on a wireless PBX. Endpoint,KernelDensityGECO,50,0.001,what is endpoint pcr,msmarco-passage/train,ielabgroup/vec2text_gtr-base-st_corrector
24,Mouse peptidoglycan recognition proteins (PGRP),"moa glargine glimmerinol marrow morphosis (glargine moa), insulin",KernelDensityGECO,50,0.001,insulin glargine moa,msmarco-passage/train,ielabgroup/vec2text_gtr-base-st_corrector
24,Mouse peptidoglycan recognition proteins (PGRP),a device called dpi means mouse. It is a name which means mouse or a mouse which means a mouse or an animal,KernelDensityGECO,50,0.001,what does dpi mean mouse,msmarco-passage/train,ielabgroup/vec2text_gtr-base-st_corrector
24,Mouse peptidoglycan recognition proteins (PGRP),cps antibody dm cps igm code dm a557 cytoplasma d.,KernelDensityGECO,50,0.001,cpt code dna ds antibody igm,msmarco-passage/train,ielabgroup/vec2text_gtr-base-st_corrector
24,Mouse peptidoglycan recognition proteins (PGRP),can be given nastrine insulin syringe and phgm insulin in the same syringe simultaneously,KernelDensityGECO,50,0.001,can insulin glargine and nph insulin be given in same syringe,msmarco-passage/train,ielabgroup/vec2text_gtr-base-st_corrector
25,Cause of scleroderma,(scleroderma) is a scleroderma that occurs as a result of abiotic exposure. It causes,KernelDensityGECO,50,0.001,what causes scleroderma,msmarco-passage/train,ielabgroup/vec2text_gtr-base-st_corrector
25,Cause of scleroderma,(scleroderma) is a scleroderma that occurs as a result of abiotic exposure. It causes,KernelDensityGECO,50,0.001,what causes scleroderma,msmarco-passage/train,ielabgroup/vec2text_gtr-base-st_corrector
25,Cause of scleroderma,(scleroderma) is a scleroderma that occurs as a result of abiotic exposure. It causes,KernelDensityGECO,50,0.001,what causes scleroderma,msmarco-passage/train,ielabgroup/vec2text_gtr-base-st_corrector
25,Cause of scleroderma,"underlying causes of scleroderma are a result of persistent scleroderma, which is a combination of neurotoxins",KernelDensityGECO,50,0.001,what are underlying causes of scleroderma,msmarco-passage/train,ielabgroup/vec2text_gtr-base-st_corrector
25,Cause of scleroderma,(scleroderma) is a scleroderma that occurs as a result of abiotic exposure. It causes,KernelDensityGECO,50,0.001,what causes scleroderma,msmarco-passage/train,ielabgroup/vec2text_gtr-base-st_corrector
25,Cause of scleroderma,exposure to steroid hormones and steroid-lactose disease (Scleroderma) is a cause of the disease,KernelDensityGECO,50,0.001,what causes scleroderma disease,msmarco-passage/train,ielabgroup/vec2text_gtr-base-st_corrector
25,Cause of scleroderma,(scleroderma) is a scleroderma that occurs as a result of abiotic exposure. It causes,KernelDensityGECO,50,0.001,what causes scleroderma,msmarco-passage/train,ielabgroup/vec2text_gtr-base-st_corrector
25,Cause of scleroderma,(scleroderma) is a scleroderma that occurs as a result of abiotic exposure. It causes,KernelDensityGECO,50,0.001,what causes scleroderma,msmarco-passage/train,ielabgroup/vec2text_gtr-base-st_corrector
25,Cause of scleroderma,(scleroderma) is a scleroderma that occurs as a result of abiotic exposure. It causes,KernelDensityGECO,50,0.001,what causes scleroderma,msmarco-passage/train,ielabgroup/vec2text_gtr-base-st_corrector
25,Cause of scleroderma,(scleroderma) is a scleroderma that occurs as a result of abiotic exposure. It causes,KernelDensityGECO,50,0.001,what causes scleroderma,msmarco-passage/train,ielabgroup/vec2text_gtr-base-st_corrector
26,Function of BUB2/BFA1 in the process of cytokinesis,"is salt passed through the brush border by active transport, i.e. does active transport the salt from the brush to the passive bicuspid",KernelDensityGECO,50,0.001,does salt pass the brush border by active or passive transport,msmarco-passage/train,ielabgroup/vec2text_gtr-base-st_corrector
26,Function of BUB2/BFA1 in the process of cytokinesis,in dentistry is 'C&B'. C&B (botanical and vascular) is a bone marrow pigment and dental,KernelDensityGECO,50,0.001,what is c&b in dentistry,msmarco-passage/train,ielabgroup/vec2text_gtr-base-st_corrector
26,Function of BUB2/BFA1 in the process of cytokinesis,and  are two bases that are purines. This is a purine-aselective base for polyadeno,KernelDensityGECO,50,0.001,what two bases are purines,msmarco-passage/train,ielabgroup/vec2text_gtr-base-st_corrector
26,Function of BUB2/BFA1 in the process of cytokinesis,fibrolectasis is a neo-cystology of the caesarean tubereous tissue disorder,KernelDensityGECO,50,0.001,what is fibroatelectasis,msmarco-passage/train,ielabgroup/vec2text_gtr-base-st_corrector
26,Function of BUB2/BFA1 in the process of cytokinesis,"animals in a cell. During cytokinesis, cytokinesis (antitryptosis and elation)",KernelDensityGECO,50,0.001,in animal cells what is produced during cytokinesis,msmarco-passage/train,ielabgroup/vec2text_gtr-base-st_corrector
26,Function of BUB2/BFA1 in the process of cytokinesis,"cytokines in a cell. Cytokines, such as erythrocytes and cisokinoids, have",KernelDensityGECO,50,0.001,cytokines in what,msmarco-passage/train,ielabgroup/vec2text_gtr-base-st_corrector
26,Function of BUB2/BFA1 in the process of cytokinesis,"done research on the HBB gene and in a short period of time completed research on the HBB gene (Bathcart syndrome,",KernelDensityGECO,50,0.001,research done HBB gene,msmarco-passage/train,ielabgroup/vec2text_gtr-base-st_corrector
26,Function of BUB2/BFA1 in the process of cytokinesis,"in the cell, cytoplasm is the process that occurs in the cytoplasm of a cell. This process is accomplished by cytome",KernelDensityGECO,50,0.001,what process occurs in the cytoplasm of the cell,msmarco-passage/train,ielabgroup/vec2text_gtr-base-st_corrector
26,Function of BUB2/BFA1 in the process of cytokinesis,"pyelectasis, a neo-asthmobuktus or apoptasia",KernelDensityGECO,50,0.001,define pyelectasis,msmarco-passage/train,ielabgroup/vec2text_gtr-base-st_corrector
26,Function of BUB2/BFA1 in the process of cytokinesis,", parallelism in Db2 schema",KernelDensityGECO,50,0.001,what is parallelism in db2,msmarco-passage/train,ielabgroup/vec2text_gtr-base-st_corrector
27,Role of autophagy in apoptosis,"Platelet aggregation is aided by -adreneas, -adrene by",KernelDensityGECO,50,0.001,platelet aggregation is aided by,msmarco-passage/train,ielabgroup/vec2text_gtr-base-st_corrector
27,Role of autophagy in apoptosis,"Apoptosis is a process of apoptosis, which is how a venom of a small cell does",KernelDensityGECO,50,0.001,what does apoptosis do,msmarco-passage/train,ielabgroup/vec2text_gtr-base-st_corrector
27,Role of autophagy in apoptosis,"Apoptosis is a process of apoptosis, which is how a venom of a small cell does",KernelDensityGECO,50,0.001,what does apoptosis do,msmarco-passage/train,ielabgroup/vec2text_gtr-base-st_corrector
27,Role of autophagy in apoptosis,atelectasis. It is a medical condition called neo-atasma and apoptasia.,KernelDensityGECO,50,0.001,what is atelectasis.,msmarco-passage/train,ielabgroup/vec2text_gtr-base-st_corrector
27,Role of autophagy in apoptosis,"Apoptosis is a process of apoptosis, which is how a venom of a small cell does",KernelDensityGECO,50,0.001,what does apoptosis do,msmarco-passage/train,ielabgroup/vec2text_gtr-base-st_corrector
27,Role of autophagy in apoptosis,"Apoptosis is a process of apoptosis, which is how a venom of a small cell does",KernelDensityGECO,50,0.001,what does apoptosis do,msmarco-passage/train,ielabgroup/vec2text_gtr-base-st_corrector
27,Role of autophagy in apoptosis,"autophagy, a definition of autophagy, the autophagy of the fetus and other fetuses",KernelDensityGECO,50,0.001,autophagy definition,msmarco-passage/train,ielabgroup/vec2text_gtr-base-st_corrector
27,Role of autophagy in apoptosis,"is heterotrophic, phagocytosis  or    or   autotrophic",KernelDensityGECO,50,0.001,is phagocytosis autotrophic or heterotrophic,msmarco-passage/train,ielabgroup/vec2text_gtr-base-st_corrector
27,Role of autophagy in apoptosis,"Apoptosis is a process of apoptosis, which is how a venom of a small cell does",KernelDensityGECO,50,0.001,what does apoptosis do,msmarco-passage/train,ielabgroup/vec2text_gtr-base-st_corrector
27,Role of autophagy in apoptosis,"The role of cell division in the development of multi-cellular organisms is, in part, essential to the biological development of multi-electron organism",KernelDensityGECO,50,0.001,what is the role of cell division in the development in multicellular organisms,msmarco-passage/train,ielabgroup/vec2text_gtr-base-st_corrector
28,Proteases that function in both apoptosis and autophagy cell death,"which proteins are used in what are called active transport, i.e., aqueous lanthanide, interferon, and",KernelDensityGECO,50,0.001,what are the proteins used in active transport called quizlet,msmarco-passage/train,ielabgroup/vec2text_gtr-base-st_corrector
28,Proteases that function in both apoptosis and autophagy cell death,the anterior pituitary interact with magnocellular (magnocellular) and adrenolymph if the pituit,KernelDensityGECO,50,0.001,does the anterior pituitary interact with magnocellular,msmarco-passage/train,ielabgroup/vec2text_gtr-base-st_corrector
28,Proteases that function in both apoptosis and autophagy cell death,in which synapsis occurs in prophase. synapses occur in the sympathetic synapsis,KernelDensityGECO,50,0.001,in what does synapsis occur in prophase?,msmarco-passage/train,ielabgroup/vec2text_gtr-base-st_corrector
28,Proteases that function in both apoptosis and autophagy cell death,on ingestion of poisonous plants on autopsies and zoophyte. Autopsies is a diagnostic if,KernelDensityGECO,50,0.001,is ingestion of poisonous plants on autopsies,msmarco-passage/train,ielabgroup/vec2text_gtr-base-st_corrector
28,Proteases that function in both apoptosis and autophagy cell death,"due to the excipient process of diagnosis, a new medical term, anticipatory medical terminology (or anticipatory-anticipatory)",KernelDensityGECO,50,0.001,anticipatory medical terminology,msmarco-passage/train,ielabgroup/vec2text_gtr-base-st_corrector
28,Proteases that function in both apoptosis and autophagy cell death,pta-cells in the parathyroid gland produce parathyroid hormone and a small amount of parathyroid ecto,KernelDensityGECO,50,0.001,what cells in the parathyroid gland produce parathyroid hormone,msmarco-passage/train,ielabgroup/vec2text_gtr-base-st_corrector
28,Proteases that function in both apoptosis and autophagy cell death,"Apoptosis is a process of apoptosis, which is how a venom of a small cell does",KernelDensityGECO,50,0.001,what does apoptosis do,msmarco-passage/train,ielabgroup/vec2text_gtr-base-st_corrector
28,Proteases that function in both apoptosis and autophagy cell death,the two most important stimuli for eutrophication are nitrosamine and stearic acid. These can be germination,KernelDensityGECO,50,0.001,what are the two most important nurients for stimulating eutrophication,msmarco-passage/train,ielabgroup/vec2text_gtr-base-st_corrector
28,Proteases that function in both apoptosis and autophagy cell death,how to handle dead cells in flows. This is by storing a lot of dead cells in the flow’s capacity and preventing re-,KernelDensityGECO,50,0.001,how to handle dead cells in flow,msmarco-passage/train,ielabgroup/vec2text_gtr-base-st_corrector
28,Proteases that function in both apoptosis and autophagy cell death,"Upon abrasion, musculosis, or a process of atrophy, atrophy is a process -",KernelDensityGECO,50,0.001,is atrophy a process,msmarco-passage/train,ielabgroup/vec2text_gtr-base-st_corrector
29,Phenotypes of gyrA mutations,"with glycine glycine, is glycine hydrophobic, a risk of dilution and a urine",KernelDensityGECO,50,0.001,is glycine hydrophobic,msmarco-passage/train,ielabgroup/vec2text_gtr-base-st_corrector
29,Phenotypes of gyrA mutations,dna mutations are a form of DNA changes in the chromosomes and cis-DNA and daemons,KernelDensityGECO,50,0.001,what are dna mutations,msmarco-passage/train,ielabgroup/vec2text_gtr-base-st_corrector
29,Phenotypes of gyrA mutations,of a type of mutation is hemophilia (heterophilia hyatopoia brachyglia,KernelDensityGECO,50,0.001,what kind of mutation is hemophilia,msmarco-passage/train,ielabgroup/vec2text_gtr-base-st_corrector
29,Phenotypes of gyrA mutations,a type of mutation can be seen in the karyotype if it can be seen by a karyovacya,KernelDensityGECO,50,0.001,what type of mutation can be seen on a karyotype,msmarco-passage/train,ielabgroup/vec2text_gtr-base-st_corrector
29,Phenotypes of gyrA mutations,"genetic disorders are caused by genetics (in the quizze, a correct answer is revealed in the right handprint), genetic errors (in part by",KernelDensityGECO,50,0.001,genetic disorders are caused by quizlet,msmarco-passage/train,ielabgroup/vec2text_gtr-base-st_corrector
29,Phenotypes of gyrA mutations,most common monoclonal gammopathy condition is gammopathy (ectopic arachnoid lignin,KernelDensityGECO,50,0.001,most common monoclonal gammopathy condition,msmarco-passage/train,ielabgroup/vec2text_gtr-base-st_corrector
29,Phenotypes of gyrA mutations,"homozygous aa1294 mutation, a aa1294c mutation is present in a homozygous .",KernelDensityGECO,50,0.001,homozygous a1298c mutation,msmarco-passage/train,ielabgroup/vec2text_gtr-base-st_corrector
29,Phenotypes of gyrA mutations,(Phoenotypic distribution) is a distribution in a given genome,KernelDensityGECO,50,0.001,what is phenotypic distribution,msmarco-passage/train,ielabgroup/vec2text_gtr-base-st_corrector
29,Phenotypes of gyrA mutations,Y Gamma is,KernelDensityGECO,50,0.001,is y gamma,msmarco-passage/train,ielabgroup/vec2text_gtr-base-st_corrector
29,Phenotypes of gyrA mutations,genetic disease phenotype is a phenotype with a diagnosis of a person with a cisgastroblast,KernelDensityGECO,50,0.001,genetic disease phenotype,msmarco-passage/train,ielabgroup/vec2text_gtr-base-st_corrector
30,Regulatory targets of the Nkx gene family members,(known as the Bracken gene) is a gene that is a neuropeptide-rich taurine-assisted gene in children developed,KernelDensityGECO,50,0.001,what is the bracken gene,msmarco-passage/train,ielabgroup/vec2text_gtr-base-st_corrector
30,Regulatory targets of the Nkx gene family members,"ribocytic indices, e.g. RBc, are affected by lipopressin and are pressed red",KernelDensityGECO,50,0.001,which rbc indices are affected by lipemia,msmarco-passage/train,ielabgroup/vec2text_gtr-base-st_corrector
30,Regulatory targets of the Nkx gene family members,a masked allele (or m-allele for a moccurring allele) is an allele for,KernelDensityGECO,50,0.001,what is an allele is masked,msmarco-passage/train,ielabgroup/vec2text_gtr-base-st_corrector
30,Regulatory targets of the Nkx gene family members,"Organ (chivalric artery and bilochial artery), glucagon will target the organs of the brain and other organ",KernelDensityGECO,50,0.001,what organ does glucagon target,msmarco-passage/train,ielabgroup/vec2text_gtr-base-st_corrector
30,Regulatory targets of the Nkx gene family members,state is registered with DSX in their db prefix - dc-sx. State of,KernelDensityGECO,50,0.001,what state is bcbs prefix dsx,msmarco-passage/train,ielabgroup/vec2text_gtr-base-st_corrector
30,Regulatory targets of the Nkx gene family members,nikon dX nikon dX (also known as Nikon dX) is a high-resolution focusing camera,KernelDensityGECO,50,0.001,what is nikon dx,msmarco-passage/train,ielabgroup/vec2text_gtr-base-st_corrector
30,Regulatory targets of the Nkx gene family members,"nkc , is a complex network of discovery, development and enduring products of the New Carousel Society (NCO).",KernelDensityGECO,50,0.001,what is nkc,msmarco-passage/train,ielabgroup/vec2text_gtr-base-st_corrector
30,Regulatory targets of the Nkx gene family members,medical abbreviation. The medical abbreviation fx is a definition of faectodilacia,KernelDensityGECO,50,0.001,medical dictionary define fx abbreviation,msmarco-passage/train,ielabgroup/vec2text_gtr-base-st_corrector
30,Regulatory targets of the Nkx gene family members,"why they are required, KyC is a mandatory system. This is necessary to prevent problems with hazard management and to reduce invasive treatments.",KernelDensityGECO,50,0.001,why are kyc required,msmarco-passage/train,ielabgroup/vec2text_gtr-base-st_corrector
30,Regulatory targets of the Nkx gene family members,Acute-blast disease Acute-blast disease (also known as a modifier gene) is a gene in humans that is a,KernelDensityGECO,50,0.001,what is a modifier gene,msmarco-passage/train,ielabgroup/vec2text_gtr-base-st_corrector
31,TOR signaling in neurofibromatosis,the nerve causes Carpal tunnel nerve (cystic obfusal ganglia) and cortical lumbar nerve,KernelDensityGECO,50,0.001,what nerve causes carpal tunnel,msmarco-passage/train,ielabgroup/vec2text_gtr-base-st_corrector
31,TOR signaling in neurofibromatosis,stands for 'Toefl' or 'ToeFLedoland.com' and 'ToeFLed,KernelDensityGECO,50,0.001,what does toefl stands for,msmarco-passage/train,ielabgroup/vec2text_gtr-base-st_corrector
31,TOR signaling in neurofibromatosis,"in a clockwise direction, an impulse travels on a neuron (or a neuronal membrane) and inward from the host",KernelDensityGECO,50,0.001,in which direction does an impulse travel on a neuron,msmarco-passage/train,ielabgroup/vec2text_gtr-base-st_corrector
31,TOR signaling in neurofibromatosis,"blocking which is the neurotransmitter which reduces pain, and does not resuscitate the pain-induced aches and pain",KernelDensityGECO,50,0.001,blocking which neurotransmitter reduces pain,msmarco-passage/train,ielabgroup/vec2text_gtr-base-st_corrector
31,TOR signaling in neurofibromatosis,"which is the name of a chemical signal, -chlororubin ion, which transmits a nerve impulse signal",KernelDensityGECO,50,0.001,what is the name of the chemical signal that transmits a nerve impulse,msmarco-passage/train,ielabgroup/vec2text_gtr-base-st_corrector
31,TOR signaling in neurofibromatosis,What is neuronal signaling (neuronal signaling) is a behavioural signaling of the musculature of the,KernelDensityGECO,50,0.001,what is neuronal signaling,msmarco-passage/train,ielabgroup/vec2text_gtr-base-st_corrector
31,TOR signaling in neurofibromatosis,"symptoms of Morton's femora, a symptom of morton's horsodgy toe",KernelDensityGECO,50,0.001,symptoms of morton's toe,msmarco-passage/train,ielabgroup/vec2text_gtr-base-st_corrector
31,TOR signaling in neurofibromatosis,"a neurotransmitter between muscle cells and muscle tissue, cypressin and atrophine, is important in signaling muscle contraction",KernelDensityGECO,50,0.001,what neurotransmitter is important in signaling muscle contractions between nerve cell and muscle tissue,msmarco-passage/train,ielabgroup/vec2text_gtr-base-st_corrector
31,TOR signaling in neurofibromatosis,a natural neuropathic pain reliever and a neuropathic physiotherapist. This causes fibromyalgia,KernelDensityGECO,50,0.001,what causes fibromyalgia naturopath,msmarco-passage/train,ielabgroup/vec2text_gtr-base-st_corrector
31,TOR signaling in neurofibromatosis,definition of a nerve signal (NAV signal) are a set of nerve signals transmitted by the peritoneal nerves using a nerve,KernelDensityGECO,50,0.001,nerve signal definition,msmarco-passage/train,ielabgroup/vec2text_gtr-base-st_corrector
32,Xenograft animal models of tumorogenesis,"a female gametophyte, they are formed in the ovary of linoscysts, where they grow",KernelDensityGECO,50,0.001,female gametophyte where are they formed,msmarco-passage/train,ielabgroup/vec2text_gtr-base-st_corrector
32,Xenograft animal models of tumorogenesis,"symbol of greed, most notably a lion, pig, bat, or chicken, but it is also recognized that animal represents greed",KernelDensityGECO,50,0.001,what animal represents greed,msmarco-passage/train,ielabgroup/vec2text_gtr-base-st_corrector
32,Xenograft animal models of tumorogenesis,explain why hair is a derived clade character without a representation of mammalia and mammalia and clade cf,KernelDensityGECO,50,0.001,explain why hair is a derived character for clade mammalia,msmarco-passage/train,ielabgroup/vec2text_gtr-base-st_corrector
32,Xenograft animal models of tumorogenesis,"In microbial mRNA, mRNA is known as native microbiology, which is a mutation known from mRNA or",KernelDensityGECO,50,0.001,what mutation is known as native microbio,msmarco-passage/train,ielabgroup/vec2text_gtr-base-st_corrector
32,Xenograft animal models of tumorogenesis,"help donors and aided by the XXY bill, the XXY disease affects on chromosomes and the effects",KernelDensityGECO,50,0.001,who helps with bills the xxyy chromosome disease effects,msmarco-passage/train,ielabgroup/vec2text_gtr-base-st_corrector
32,Xenograft animal models of tumorogenesis,"injected into healthy animals, Robert Rausch discovered that, as with animals, pathogenic olfactory proteins did cause animal illness when he",KernelDensityGECO,50,0.001,"did robert koch discover when injected into healthy animals, pathogenic organisms cause illness",msmarco-passage/train,ielabgroup/vec2text_gtr-base-st_corrector
32,Xenograft animal models of tumorogenesis,What Does Xenograft Mean? (,KernelDensityGECO,50,0.001,What Does Xenograft Mean,msmarco-passage/train,ielabgroup/vec2text_gtr-base-st_corrector
32,Xenograft animal models of tumorogenesis,"discovery of a X gene, XY, i.e. Xy-gene, XybDNA genetic discovery",KernelDensityGECO,50,0.001,xy genetic discovery,msmarco-passage/train,ielabgroup/vec2text_gtr-base-st_corrector
32,Xenograft animal models of tumorogenesis,(a.k.a. morphogenesis or morphopogenesis) is a physiology of life cycles which is,KernelDensityGECO,50,0.001,what is morphogenesis,msmarco-passage/train,ielabgroup/vec2text_gtr-base-st_corrector
32,Xenograft animal models of tumorogenesis,"uterine smooth muscle tumor is a common species of uterine tumors, which are common in mammals, equatorial s",KernelDensityGECO,50,0.001,what species is uterine smooth muscle tumors common in,msmarco-passage/train,ielabgroup/vec2text_gtr-base-st_corrector
33,"Mice, mutant strains, and Histoplasmosis","the effect of a silent mutation on an organism, it is likely that a silent mutation will have a highly receptive effect on organ",KernelDensityGECO,50,0.001,what is the likely effect of a silent mutation on an organism,msmarco-passage/train,ielabgroup/vec2text_gtr-base-st_corrector
33,"Mice, mutant strains, and Histoplasmosis",Histoplasmosis  (hertaplasmosis) is a form of scizomy that is a,KernelDensityGECO,50,0.001,what is histoplasmosis,msmarco-passage/train,ielabgroup/vec2text_gtr-base-st_corrector
33,"Mice, mutant strains, and Histoplasmosis","are a recommendation to have a cat as a deterrent for mice, which will help keep mice from being the most effective mouse in our",KernelDensityGECO,50,0.001,is having a cat the most effective deterrent for mice,msmarco-passage/train,ielabgroup/vec2text_gtr-base-st_corrector
33,"Mice, mutant strains, and Histoplasmosis","abnormal muscle contractions, a set of physiologic quizzes known as muscle contractions, are out of control slowed by the distribution",KernelDensityGECO,50,0.001,abnormal muscle contractions are known as quizlet,msmarco-passage/train,ielabgroup/vec2text_gtr-base-st_corrector
33,"Mice, mutant strains, and Histoplasmosis","Known as transgenic mouse strains, mouse strains are a group of strains of adrenergic proteins found on f",KernelDensityGECO,50,0.001,what is transgenic mouse strains,msmarco-passage/train,ielabgroup/vec2text_gtr-base-st_corrector
33,"Mice, mutant strains, and Histoplasmosis",what is the result of a mutation occurring in a suppressor gene – the mutase – the gene produces a change,KernelDensityGECO,50,0.001,what is the result of a mutation occurring in a suppressor gene,msmarco-passage/train,ielabgroup/vec2text_gtr-base-st_corrector
33,"Mice, mutant strains, and Histoplasmosis","symptoms (e.g., gauze-tapping) are the symptoms of histoplasmosis in addition to the symptoms of past",KernelDensityGECO,50,0.001,histoplasmosis symptoms,msmarco-passage/train,ielabgroup/vec2text_gtr-base-st_corrector
33,"Mice, mutant strains, and Histoplasmosis","a mutation that causes no change, or a change that doesn't change, inherited changes like mignonyl glucas",KernelDensityGECO,50,0.001,mutation that causes no change,msmarco-passage/train,ielabgroup/vec2text_gtr-base-st_corrector
33,"Mice, mutant strains, and Histoplasmosis","different types of mutants using slides, including X-Show, Excelsimon Slideshare and Brusil-Giles Slide",KernelDensityGECO,50,0.001,different types of mutants slideshare,msmarco-passage/train,ielabgroup/vec2text_gtr-base-st_corrector
33,"Mice, mutant strains, and Histoplasmosis",turkey mites are called,KernelDensityGECO,50,0.001,what are turkey mites called,msmarco-passage/train,ielabgroup/vec2text_gtr-base-st_corrector
34,Gene products of Cryptococcus important to fungal survival,"genetic disposition in kidney disease. In kidney disease, a high risk of disease, low quality kidney failure, and acute inflammatory apne",KernelDensityGECO,50,0.001,genetic disposition in kidney disease,msmarco-passage/train,ielabgroup/vec2text_gtr-base-st_corrector
34,Gene products of Cryptococcus important to fungal survival,"which marker genes are used for selecting recombinant DNA, recombinant reatinase, or recomb",KernelDensityGECO,50,0.001,what are the marker genes used for selecting recombinant dna,msmarco-passage/train,ielabgroup/vec2text_gtr-base-st_corrector
34,Gene products of Cryptococcus important to fungal survival,(who caused) by which organism(s) are associated with a disease: Rice stools Rice stools is a water-contaminated infection of,KernelDensityGECO,50,0.001, Rice-water stools are associated with disease caused by which organism?,msmarco-passage/train,ielabgroup/vec2text_gtr-base-st_corrector
34,Gene products of Cryptococcus important to fungal survival,"which genes are mutated to cause cancer, namely Xenotransferase and Xenoprene and cancer",KernelDensityGECO,50,0.001,what genes are mutated cause cancer,msmarco-passage/train,ielabgroup/vec2text_gtr-base-st_corrector
34,Gene products of Cryptococcus important to fungal survival,"family: nutmeg (or nutmeg) belongs to the spice family of the Commastia, which belongs to the",KernelDensityGECO,50,0.001,what family does  nutmeg belong to,msmarco-passage/train,ielabgroup/vec2text_gtr-base-st_corrector
34,Gene products of Cryptococcus important to fungal survival,"infections that are called ""fungal infections"" () and ""fungal infections"" () (Leopardy’s Term",KernelDensityGECO,50,0.001,Fungal infections are also called __________ infections,msmarco-passage/train,ielabgroup/vec2text_gtr-base-st_corrector
34,Gene products of Cryptococcus important to fungal survival,"which antibiotics are used to treat resistant enterocococcus is determined according to the drug occultis, ectoco",KernelDensityGECO,50,0.001,which of these drugs is used to treat antibiotic resistant enterococcus,msmarco-passage/train,ielabgroup/vec2text_gtr-base-st_corrector
34,Gene products of Cryptococcus important to fungal survival,genus type (species) of fungal pathogen and a fungal pathobacteria that causes wound infections (such as infections,KernelDensityGECO,50,0.001,what type of genus/species of fungal pathogen cause wound infections,msmarco-passage/train,ielabgroup/vec2text_gtr-base-st_corrector
34,Gene products of Cryptococcus important to fungal survival,"in staph urine culture tests of negative staph naeg, is a contaminant in cog culture,",KernelDensityGECO,50,0.001,is coag neg staph in urine culture usually a contaminant,msmarco-passage/train,ielabgroup/vec2text_gtr-base-st_corrector
34,Gene products of Cryptococcus important to fungal survival,images of bacterial fungal diseases in plants. Images of bacterial fungal diseases (synopsis and arachnia are,KernelDensityGECO,50,0.001,bacterial fungal diseases in plants images,msmarco-passage/train,ielabgroup/vec2text_gtr-base-st_corrector
35,WD40 repeat-containing proteins,of chicken nuggets at Wendy’s Wendy’s and the Wendy’s Chicken noodle restaurant do contain egg as it is,KernelDensityGECO,50,0.001,does wendy's chicken nuggets contain egg,msmarco-passage/train,ielabgroup/vec2text_gtr-base-st_corrector
35,WD40 repeat-containing proteins,"on what types of foods, if they are a food source, and what type of meats they eat. Animal sources provide protein-rich",KernelDensityGECO,50,0.001,. what types of proteins do foods from animal sources provide,msmarco-passage/train,ielabgroup/vec2text_gtr-base-st_corrector
35,WD40 repeat-containing proteins,"functions of proteins include protein, a protein containing a number of peptides such as gharimes, bouncy and eggs",KernelDensityGECO,50,0.001,functions of proteins includes,msmarco-passage/train,ielabgroup/vec2text_gtr-base-st_corrector
35,WD40 repeat-containing proteins,0 to 240 g of resistant protein in a tablespoon of tetra-biscuit starch is the amount of resistant starch,KernelDensityGECO,50,0.001,how much protein is in a tablespoon of resistant starch,msmarco-passage/train,ielabgroup/vec2text_gtr-base-st_corrector
35,WD40 repeat-containing proteins,WD-40 spray kills bed bugs (a.k.a. 'bojabs' 'brugs') it is,KernelDensityGECO,50,0.001,wd-40 spray kills bed bugs?,msmarco-passage/train,ielabgroup/vec2text_gtr-base-st_corrector
35,WD40 repeat-containing proteins,"a rated 1.7 kDa, all purpose flour is a high protein higher flour, which is more commonly known as high-protein",KernelDensityGECO,50,0.001,what is higher protein all purpose flour,msmarco-passage/train,ielabgroup/vec2text_gtr-base-st_corrector
35,WD40 repeat-containing proteins,"if it is abrasive, fatty, or a non-muscle based animal, cheese is animal protein. Animal proteins",KernelDensityGECO,50,0.001,is cheese animal protein,msmarco-passage/train,ielabgroup/vec2text_gtr-base-st_corrector
35,WD40 repeat-containing proteins,"After the use of a lubricant oil, goose grease is used for lubricating oils and nascent products and is",KernelDensityGECO,50,0.001,what is goose grease used for,msmarco-passage/train,ielabgroup/vec2text_gtr-base-st_corrector
35,WD40 repeat-containing proteins,bodybuilding protein bottles provide a simple way to work by dividing and dividing the 240 m strokes of the bottle and opening the inside,KernelDensityGECO,50,0.001,bodybuilding protein bottles how to work,msmarco-passage/train,ielabgroup/vec2text_gtr-base-st_corrector
35,WD40 repeat-containing proteins,0 to 0.4 mg serum binding protein level is a protein with a metabolite known as mannose-insulinsulin binding agent,KernelDensityGECO,50,0.001,what is serum mannose binding protein level,msmarco-passage/train,ielabgroup/vec2text_gtr-base-st_corrector
36,RAB3A,nasiya rahbani npd (RDI) number 050005858 rita n,KernelDensityGECO,50,0.001,rita rahbany npi number,msmarco-passage/train,ielabgroup/vec2text_gtr-base-st_corrector
36,RAB3A,"Currency RMB (capital roods, red-back country rli bahu) is a currency",KernelDensityGECO,50,0.001,what is currency rmb,msmarco-passage/train,ielabgroup/vec2text_gtr-base-st_corrector
36,RAB3A,"u3a, it means ""Useable Command and Mecca of the United Arab Emirates"". This is a series of 0 to",KernelDensityGECO,50,0.001,what does u3a mean,msmarco-passage/train,ielabgroup/vec2text_gtr-base-st_corrector
36,RAB3A,walya animal walya (Ethiopian    ) is an animal in,KernelDensityGECO,50,0.001,walya animal in ethiopia,msmarco-passage/train,ielabgroup/vec2text_gtr-base-st_corrector
36,RAB3A,"Rba is an acrobatic liquid actuated by the kingpin, a microknuckle (RBA)",KernelDensityGECO,50,0.001,what is rba,msmarco-passage/train,ielabgroup/vec2text_gtr-base-st_corrector
36,RAB3A,tagged command is a command for DISK Auba by sending the tagged data to the station administrator. This is used in Puerto Rico by,KernelDensityGECO,50,0.001,what is aruba command for tagged,msmarco-passage/train,ielabgroup/vec2text_gtr-base-st_corrector
36,RAB3A,how to return a Form 222 and return it after the expiration of the form. You can return your Form 222 from DEA-a,KernelDensityGECO,50,0.001,how to return dea form 222,msmarco-passage/train,ielabgroup/vec2text_gtr-base-st_corrector
36,RAB3A,68fe Transmission is made by RD-FI and carries the 88M88R OE truck line and the 88M88,KernelDensityGECO,50,0.001,who makes 68rfe transmission,msmarco-passage/train,ielabgroup/vec2text_gtr-base-st_corrector
36,RAB3A,"u3a, it means ""Useable Command and Mecca of the United Arab Emirates"". This is a series of 0 to",KernelDensityGECO,50,0.001,what does u3a mean,msmarco-passage/train,ielabgroup/vec2text_gtr-base-st_corrector
36,RAB3A,is a rasphric read 'right to left' in Arabic; 'right to left' in arabic is,KernelDensityGECO,50,0.001,is arabic read right to left,msmarco-passage/train,ielabgroup/vec2text_gtr-base-st_corrector
37,PAM,"a man under the guise of A.M. Fletcher and Madison Diary, better known as Tam, he is",KernelDensityGECO,50,0.001,who is tam,msmarco-passage/train,ielabgroup/vec2text_gtr-base-st_corrector
37,PAM,"meaning of a periapnea, a type of anastomosis, and subsequently, a Pap",KernelDensityGECO,50,0.001,what is the meaning of a pap?,msmarco-passage/train,ielabgroup/vec2text_gtr-base-st_corrector
37,PAM,adda Payasam adda Payasam () is a satya bhadrala,KernelDensityGECO,50,0.001,what is adda payasam,msmarco-passage/train,ielabgroup/vec2text_gtr-base-st_corrector
37,PAM,"a tam, a specialized formula for child growth and adversity, and is also known as a TAM.",KernelDensityGECO,50,0.001,what is a tam?,msmarco-passage/train,ielabgroup/vec2text_gtr-base-st_corrector
37,PAM,a QPam is a high quality acoustic photocurve and a micro-administered mail transfer device,KernelDensityGECO,50,0.001,what is a qpam,msmarco-passage/train,ielabgroup/vec2text_gtr-base-st_corrector
37,PAM,you find the pampas (pampas) in the foothills and mountains of the world. This is a small time,KernelDensityGECO,50,0.001,where do you find the pampas,msmarco-passage/train,ielabgroup/vec2text_gtr-base-st_corrector
37,PAM,sam sam sam sam (known as Sam sam) is a socialite and presenter of Facebook,KernelDensityGECO,50,0.001,who is sam sam,msmarco-passage/train,ielabgroup/vec2text_gtr-base-st_corrector
37,PAM,a PLM Analyst does a job of analyzing and evaluating the results of a physicist or physicist,KernelDensityGECO,50,0.001,what does a PLM Analyst do,msmarco-passage/train,ielabgroup/vec2text_gtr-base-st_corrector
37,PAM,Amu (University of Massachusetts-David Emory) Amu is a physics accelerator for the generation of everyday electronic devices.,KernelDensityGECO,50,0.001,what is amu?,msmarco-passage/train,ielabgroup/vec2text_gtr-base-st_corrector
37,PAM,PPD (family) PPD (also known as pals) is a global gliomavirus that has developed in the United States,KernelDensityGECO,50,0.001,what is pals,msmarco-passage/train,ielabgroup/vec2text_gtr-base-st_corrector
38,Risk factors for stroke,of the following is a risk factor of stroke: a) BP lipids and b) choline and blood glucose risk factors,KernelDensityGECO,50,0.001,which of the following is a risk factor of stroke,msmarco-passage/train,ielabgroup/vec2text_gtr-base-st_corrector
38,Risk factors for stroke,of the following is a risk factor of stroke: a) BP lipids and b) choline and blood glucose risk factors,KernelDensityGECO,50,0.001,which of the following is a risk factor of stroke,msmarco-passage/train,ielabgroup/vec2text_gtr-base-st_corrector
38,Risk factors for stroke,of the following is a risk factor of stroke: a) BP lipids and b) choline and blood glucose risk factors,KernelDensityGECO,50,0.001,which of the following is a risk factor of stroke,msmarco-passage/train,ielabgroup/vec2text_gtr-base-st_corrector
38,Risk factors for stroke,of the following is a risk factor of stroke: a) BP lipids and b) choline and blood glucose risk factors,KernelDensityGECO,50,0.001,which of the following is a risk factor of stroke,msmarco-passage/train,ielabgroup/vec2text_gtr-base-st_corrector
38,Risk factors for stroke,"causes: a tremor, a pulmonary attack, a brain injury. A stroke is the result of a brain attack and brain",KernelDensityGECO,50,0.001,what are the causes of stroke,msmarco-passage/train,ielabgroup/vec2text_gtr-base-st_corrector
38,Risk factors for stroke,of the following is a risk factor of stroke: a) BP lipids and b) choline and blood glucose risk factors,KernelDensityGECO,50,0.001,which of the following is a risk factor of stroke,msmarco-passage/train,ielabgroup/vec2text_gtr-base-st_corrector
38,Risk factors for stroke,of the following is a risk factor of stroke: a) BP lipids and b) choline and blood glucose risk factors,KernelDensityGECO,50,0.001,which of the following is a risk factor of stroke,msmarco-passage/train,ielabgroup/vec2text_gtr-base-st_corrector
38,Risk factors for stroke,of the following is a risk factor of stroke: a) BP lipids and b) choline and blood glucose risk factors,KernelDensityGECO,50,0.001,which of the following is a risk factor of stroke,msmarco-passage/train,ielabgroup/vec2text_gtr-base-st_corrector
38,Risk factors for stroke,of the following is a risk factor of stroke: a) BP lipids and b) choline and blood glucose risk factors,KernelDensityGECO,50,0.001,which of the following is a risk factor of stroke,msmarco-passage/train,ielabgroup/vec2text_gtr-base-st_corrector
38,Risk factors for stroke,of the following is a risk factor of stroke: a) BP lipids and b) choline and blood glucose risk factors,KernelDensityGECO,50,0.001,which of the following is a risk factor of stroke,msmarco-passage/train,ielabgroup/vec2text_gtr-base-st_corrector
39,Hypertension,"a cause: high blood pressure, a result of ibuprofen, and other lipids, cause hypertension. Hypertension",KernelDensityGECO,50,0.001,what causes hypertension?,msmarco-passage/train,ielabgroup/vec2text_gtr-base-st_corrector
39,Hypertension,by a prevention of hypertension — a preventative diet — and a preventative diet — if blood cholesterol is high.,KernelDensityGECO,50,0.001,how can hypertension be prevented?,msmarco-passage/train,ielabgroup/vec2text_gtr-base-st_corrector
39,Hypertension,"in medical terms, hypertension (as a result of high blood pressure and high libidosity) means in a medical",KernelDensityGECO,50,0.001,what does hypertension mean in medical terms,msmarco-passage/train,ielabgroup/vec2text_gtr-base-st_corrector
39,Hypertension,(hypopneumonia) causes hyperventilation (a tequilibrium of the brain and a quizzer giving answers,KernelDensityGECO,50,0.001,what causes hyperventilation quizlet,msmarco-passage/train,ielabgroup/vec2text_gtr-base-st_corrector
39,Hypertension,"3 milligrams per day of hypertension, or 100 milligrams per day of a lipid known as salt",KernelDensityGECO,50,0.001,how many milligrams of salt per day hypertension,msmarco-passage/train,ielabgroup/vec2text_gtr-base-st_corrector
39,Hypertension,"types of diseases: the hypertension disease (hepatic hypertension, bronchosarcoma velitis) and high blood pressure",KernelDensityGECO,50,0.001,types of hypertension diseases,msmarco-passage/train,ielabgroup/vec2text_gtr-base-st_corrector
39,Hypertension,"by blood pressure (hypertension, pronounced , , , or , or hypertensive) is the meaning of the heart",KernelDensityGECO,50,0.001,what is meant by hypertension,msmarco-passage/train,ielabgroup/vec2text_gtr-base-st_corrector
39,Hypertension,"by blood pressure (hypertension, pronounced , , , or , or hypertensive) is the meaning of the heart",KernelDensityGECO,50,0.001,what is meant by hypertension,msmarco-passage/train,ielabgroup/vec2text_gtr-base-st_corrector
39,Hypertension,"hypertension (hepatic edema and valvation) is also known as . Blood pressure is also known as , known",KernelDensityGECO,50,0.001,hypertension is also known as,msmarco-passage/train,ielabgroup/vec2text_gtr-base-st_corrector
39,Hypertension,(hypertension) is a high pressure of the blood’s venous organs and follicles (also known as hyper,KernelDensityGECO,50,0.001,what is hypertension,msmarco-passage/train,ielabgroup/vec2text_gtr-base-st_corrector
40,Antigens expressed by lung epithelial cells,"where epinephrine is produced, epinephrine (a rhoematosin) is",KernelDensityGECO,50,0.001,where is epinephrine produced,msmarco-passage/train,ielabgroup/vec2text_gtr-base-st_corrector
40,Antigens expressed by lung epithelial cells,"the antigen presenting cell on eczema, erythropoietic antigen E3V and HERSTROM",KernelDensityGECO,50,0.001,which antigen presenting cell in eczema coursehero,msmarco-passage/train,ielabgroup/vec2text_gtr-base-st_corrector
40,Antigens expressed by lung epithelial cells,emotion that is related to the lungs in Chinese medicine is often referred to as chinese tequila (discompassion,KernelDensityGECO,50,0.001,what emotion is related to lungs in chinese medicine?,msmarco-passage/train,ielabgroup/vec2text_gtr-base-st_corrector
40,Antigens expressed by lung epithelial cells,"hematocortic and neolithium cells, called epithelium cells, line blood vessels as a vessel",KernelDensityGECO,50,0.001,what epithelium cells lines blood vessels,msmarco-passage/train,ielabgroup/vec2text_gtr-base-st_corrector
40,Antigens expressed by lung epithelial cells,three locations where epithelial tissue found,KernelDensityGECO,50,0.001,name three locations in the body where epithelial tissue is found,msmarco-passage/train,ielabgroup/vec2text_gtr-base-st_corrector
40,Antigens expressed by lung epithelial cells,"by a combination of glucose and aqueducts, epigenetics can cause cancer by affecting cancerous types",KernelDensityGECO,50,0.001,how can epigenetics cause cancer,msmarco-passage/train,ielabgroup/vec2text_gtr-base-st_corrector
40,Antigens expressed by lung epithelial cells,"calcitonin, secreted by cells ranging from eukaryotes to eukaryotes, which cells secret",KernelDensityGECO,50,0.001,calcitonin secreted by what cells,msmarco-passage/train,ielabgroup/vec2text_gtr-base-st_corrector
40,Antigens expressed by lung epithelial cells,(squamous) epithelial cells are a type of squamous apical cells and apher,KernelDensityGECO,50,0.001,what are squamous epithelial cells,msmarco-passage/train,ielabgroup/vec2text_gtr-base-st_corrector
40,Antigens expressed by lung epithelial cells,"anaerobic and aerobic respiration in eukaryotic cells, and aerobic respiration (aerobic) in euk",KernelDensityGECO,50,0.001,aerobic and anaerobic respiration in eukaryotic cells,msmarco-passage/train,ielabgroup/vec2text_gtr-base-st_corrector
40,Antigens expressed by lung epithelial cells,"What are specialized lymphocytes are lymphocytes that produce antibodies, based on their cytokines and antigens that are standardized",KernelDensityGECO,50,0.001,what are specialized lymphocytes that produce antibodies,msmarco-passage/train,ielabgroup/vec2text_gtr-base-st_corrector
41,Mutations in the Cystic Fibrosis conductance regulator gene,"chromosome, the cystic fibrosis fibrosis (CF fibrosis) is found on Chromosome",KernelDensityGECO,50,0.001,which chromosome is cystic fibrosis found on,msmarco-passage/train,ielabgroup/vec2text_gtr-base-st_corrector
41,Mutations in the Cystic Fibrosis conductance regulator gene,"is an oncogene or RB gene, rb is a tumor suppressor gene and is associated with potent rabies inhibition",KernelDensityGECO,50,0.001,is rb an oncogene or tumor suppressor gene,msmarco-passage/train,ielabgroup/vec2text_gtr-base-st_corrector
41,Mutations in the Cystic Fibrosis conductance regulator gene,"(Cf) effect. Cf effect is a phobia, and may affect the lungs and the brain more easily. Cf affects",KernelDensityGECO,50,0.001,cf effect,msmarco-passage/train,ielabgroup/vec2text_gtr-base-st_corrector
41,Mutations in the Cystic Fibrosis conductance regulator gene,"the type of Fabry disease is a type of mutation, which a mutation in a non-co-exficient brion",KernelDensityGECO,50,0.001,what type of mutation is fabry disease,msmarco-passage/train,ielabgroup/vec2text_gtr-base-st_corrector
41,Mutations in the Cystic Fibrosis conductance regulator gene,"the gene for cytochrome cfs-CF, along with other chromosomes, is affected by cystic fibros",KernelDensityGECO,50,0.001,what gene or chromosome is affected by cystic fibrosis,msmarco-passage/train,ielabgroup/vec2text_gtr-base-st_corrector
41,Mutations in the Cystic Fibrosis conductance regulator gene,which type of mutation is the one that causes deafness (as seen in the human ear-abundance) or hearing-,KernelDensityGECO,50,0.001,what is the type of mutation that causes deafness,msmarco-passage/train,ielabgroup/vec2text_gtr-base-st_corrector
41,Mutations in the Cystic Fibrosis conductance regulator gene,"symbol of this gene is a green fluorescent protein, which is a cytoplasmic designation for the fluorescent protein GF- and GF",KernelDensityGECO,50,0.001,what is the gene symbol for  green fluorescent protein,msmarco-passage/train,ielabgroup/vec2text_gtr-base-st_corrector
41,Mutations in the Cystic Fibrosis conductance regulator gene,"which are the seven ebola genes, ebola, ebola-disease genes, ebola-a",KernelDensityGECO,50,0.001,what are the seven ebola genes,msmarco-passage/train,ielabgroup/vec2text_gtr-base-st_corrector
41,Mutations in the Cystic Fibrosis conductance regulator gene,congenital causes of tachycardia (a neo-nasal bile virus of multiple ages),KernelDensityGECO,50,0.001,congenital causes of tachycardia,msmarco-passage/train,ielabgroup/vec2text_gtr-base-st_corrector
41,Mutations in the Cystic Fibrosis conductance regulator gene,the type of mutation that is responsible for cystic fibrosis is the case of cleft faeces-fibrosis,KernelDensityGECO,50,0.001,what type of mutation is responsible for cystic fibrosis,msmarco-passage/train,ielabgroup/vec2text_gtr-base-st_corrector
42,Genes altered by chromosome translocations,"chromosome translocation, -chromosomes at a given location in a cellular structure, are defined as",KernelDensityGECO,50,0.001,chromosome translocation definition,msmarco-passage/train,ielabgroup/vec2text_gtr-base-st_corrector
42,Genes altered by chromosome translocations,"bacterial translocation in humans, a process of mtDNA translocation in humans and in humans, arachnia and",KernelDensityGECO,50,0.001,bacterial translocation in humans,msmarco-passage/train,ielabgroup/vec2text_gtr-base-st_corrector
42,Genes altered by chromosome translocations,mechanism defined by Elias Neguleps and Virgenzoma. The process of transamination is the mixing of chemical,KernelDensityGECO,50,0.001,mechanism of transamination definition,msmarco-passage/train,ielabgroup/vec2text_gtr-base-st_corrector
42,Genes altered by chromosome translocations,"there is a vertical gene transfer, as there is a lateral gene transfer from a genometria to a geno",KernelDensityGECO,50,0.001,is there a vertical gene transfer,msmarco-passage/train,ielabgroup/vec2text_gtr-base-st_corrector
42,Genes altered by chromosome translocations,which if mutagenic gain promotes cell division and lays the function of the cell. The following genes promote cellular division:,KernelDensityGECO,50,0.001,which if the following genes promotes cellular division and when mutated the cell gains function?,msmarco-passage/train,ielabgroup/vec2text_gtr-base-st_corrector
42,Genes altered by chromosome translocations,"chromosome translocation, -chromosomes at a given location in a cellular structure, are defined as",KernelDensityGECO,50,0.001,chromosome translocation definition,msmarco-passage/train,ielabgroup/vec2text_gtr-base-st_corrector
42,Genes altered by chromosome translocations,(resistance of a gene or a gene -loop -linus) modification of expression of defined genes,KernelDensityGECO,50,0.001,define modification of gene expression,msmarco-passage/train,ielabgroup/vec2text_gtr-base-st_corrector
42,Genes altered by chromosome translocations,"definition of an X chromosome, XY chromosome, a phenotype of biology, biology, chemistry",KernelDensityGECO,50,0.001,xy chromosome definition biology,msmarco-passage/train,ielabgroup/vec2text_gtr-base-st_corrector
42,Genes altered by chromosome translocations,can a person's DNA (dophrine mRNA) be altered as part of the process of a person being tran,KernelDensityGECO,50,0.001,can a person's dna be altered,msmarco-passage/train,ielabgroup/vec2text_gtr-base-st_corrector
42,Genes altered by chromosome translocations,(translocation) is a re-injection of chromosomes in a chromosome by chromosome,KernelDensityGECO,50,0.001,what is translocation in chromosome,msmarco-passage/train,ielabgroup/vec2text_gtr-base-st_corrector
43,Sleeping Beauty,"name of the sleeping princess, aka Ariel Czewuta-Midnight, who is the name of the Sleeping Beauty",KernelDensityGECO,50,0.001,what is the name of the sleeping beauty princess?,msmarco-passage/train,ielabgroup/vec2text_gtr-base-st_corrector
43,Sleeping Beauty,"name of the sleeping princess, aka Ariel Czewuta-Midnight, who is the name of the Sleeping Beauty",KernelDensityGECO,50,0.001,what is the name of the sleeping beauty princess?,msmarco-passage/train,ielabgroup/vec2text_gtr-base-st_corrector
43,Sleeping Beauty,"name of the sleeping princess, aka Ariel Czewuta-Midnight, who is the name of the Sleeping Beauty",KernelDensityGECO,50,0.001,what is the name of the sleeping beauty princess?,msmarco-passage/train,ielabgroup/vec2text_gtr-base-st_corrector
43,Sleeping Beauty,breathing mouse – formerly known as Microsoft Breathing Mouse – is a mouse that is a small mouse that moves and rests on,KernelDensityGECO,50,0.001,what is breathing mouse,msmarco-passage/train,ielabgroup/vec2text_gtr-base-st_corrector
43,Sleeping Beauty,"name of the sleeping princess, aka Ariel Czewuta-Midnight, who is the name of the Sleeping Beauty",KernelDensityGECO,50,0.001,what is the name of the sleeping beauty princess?,msmarco-passage/train,ielabgroup/vec2text_gtr-base-st_corrector
43,Sleeping Beauty,era Sleeping Beauty (or Sleeping Beauty: The Great Sleep of the Tangled Set) was set during the late pre-Microcon,KernelDensityGECO,50,0.001,what era was sleeping beauty set,msmarco-passage/train,ielabgroup/vec2text_gtr-base-st_corrector
43,Sleeping Beauty,"name of the sleeping princess, aka Ariel Czewuta-Midnight, who is the name of the Sleeping Beauty",KernelDensityGECO,50,0.001,what is the name of the sleeping beauty princess?,msmarco-passage/train,ielabgroup/vec2text_gtr-base-st_corrector
43,Sleeping Beauty,"name of the sleeping princess, aka Ariel Czewuta-Midnight, who is the name of the Sleeping Beauty",KernelDensityGECO,50,0.001,what is the name of the sleeping beauty princess?,msmarco-passage/train,ielabgroup/vec2text_gtr-base-st_corrector
43,Sleeping Beauty,"name of the sleeping princess, aka Ariel Czewuta-Midnight, who is the name of the Sleeping Beauty",KernelDensityGECO,50,0.001,what is the name of the sleeping beauty princess?,msmarco-passage/train,ielabgroup/vec2text_gtr-base-st_corrector
43,Sleeping Beauty,"name of the sleeping princess, aka Ariel Czewuta-Midnight, who is the name of the Sleeping Beauty",KernelDensityGECO,50,0.001,what is the name of the sleeping beauty princess?,msmarco-passage/train,ielabgroup/vec2text_gtr-base-st_corrector
44,Proteins involved in the nerve growth factor pathway,"trace the pathway of nerve impulses from the retina to the cortex of the brain, from where they travel to the retina and from the cerebral plexus",KernelDensityGECO,50,0.001,trace the pathway of nerve impulses from the retina to the cerebral cortex,msmarco-passage/train,ielabgroup/vec2text_gtr-base-st_corrector
44,Proteins involved in the nerve growth factor pathway,"from black phenethylide (Biscona) to phenethylide (BEF), protein in peanuts",KernelDensityGECO,50,0.001,how much protein is in peanuts,msmarco-passage/train,ielabgroup/vec2text_gtr-base-st_corrector
44,Proteins involved in the nerve growth factor pathway,"which peptides are substances that inhibit pain transmission and neuroimpulson in the spinal cord, impact on the brain’s neurotransmission function.",KernelDensityGECO,50,0.001,which substances are neuropeptides that inhibit pain impulse transmission in the brain and spinal cord?,msmarco-passage/train,ielabgroup/vec2text_gtr-base-st_corrector
44,Proteins involved in the nerve growth factor pathway,The epidermal growth factors signaling system (EPIDERL) system is a cellular signaling,KernelDensityGECO,50,0.001,what is the epidermal growth factors signaling system,msmarco-passage/train,ielabgroup/vec2text_gtr-base-st_corrector
44,Proteins involved in the nerve growth factor pathway,", a segment of the dnase that controls the production of a protein at the enzymatic area is called",KernelDensityGECO,50,0.001,the segment of dna that controls production of a protein is called,msmarco-passage/train,ielabgroup/vec2text_gtr-base-st_corrector
44,Proteins involved in the nerve growth factor pathway,"a nerve growth factor, or Nerve Growth Factor, is an IC-numbering measure of the growth of nerves during the",KernelDensityGECO,50,0.001,what is a nerve growth factor,msmarco-passage/train,ielabgroup/vec2text_gtr-base-st_corrector
44,Proteins involved in the nerve growth factor pathway,"which organic protein composes the matrix of bone, i.e., ribosyltransferase and collagen.",KernelDensityGECO,50,0.001,what protein composes the organic matrix of bone?,msmarco-passage/train,ielabgroup/vec2text_gtr-base-st_corrector
44,Proteins involved in the nerve growth factor pathway,types of protein - ppt - ppt - ppt - ppt - ppt -,KernelDensityGECO,50,0.001,types of protein ppt,msmarco-passage/train,ielabgroup/vec2text_gtr-base-st_corrector
44,Proteins involved in the nerve growth factor pathway,"peptides -adrenol and -adrenol, the hormone testosterone is responsible for growth of",KernelDensityGECO,50,0.001,what hormone is responsible for growth,msmarco-passage/train,ielabgroup/vec2text_gtr-base-st_corrector
44,Proteins involved in the nerve growth factor pathway,"is a DNA cytchline. DNA, bacteriology, and genetics, dna protein is a protein",KernelDensityGECO,50,0.001,is dna a protein,msmarco-passage/train,ielabgroup/vec2text_gtr-base-st_corrector
45,Mental Health Wellness-1,(formerly a children’s resuscitation center) is a mental health center at the Behavioral Health Center which is a facility,KernelDensityGECO,50,0.001,what is a behavioral health center,msmarco-passage/train,ielabgroup/vec2text_gtr-base-st_corrector
45,Mental Health Wellness-1,"Education requirements to work as a counselor, and a baccalaureate degree in the field of mental health, with special knowledge of mental",KernelDensityGECO,50,0.001,what are the education requirements to work as a counselor for a mental health,msmarco-passage/train,ielabgroup/vec2text_gtr-base-st_corrector
45,Mental Health Wellness-1,defined applied health psychology. Applied health psychology is a branch of the field of neopsychology that focuses on understanding the physiological functions,KernelDensityGECO,50,0.001,define applied health psychology,msmarco-passage/train,ielabgroup/vec2text_gtr-base-st_corrector
45,Mental Health Wellness-1,"where the Temple mental health center is located, at 16th and Madison Avenues, the family is in a schism-protection",KernelDensityGECO,50,0.001,where is the temple mental health center,msmarco-passage/train,ielabgroup/vec2text_gtr-base-st_corrector
45,Mental Health Wellness-1,"definition of mental health services – mental health services, a health care facility and psychiatric hospital or other health care provider whose quality",KernelDensityGECO,50,0.001,mental health services definition,msmarco-passage/train,ielabgroup/vec2text_gtr-base-st_corrector
45,Mental Health Wellness-1,"the purpose of the psychiatric-nursing assessment, is to provide a comprehensive assessment of mental health nursing geriatric.",KernelDensityGECO,50,0.001,what is the purpose of the psychiatric mental health nursing assessment?,msmarco-passage/train,ielabgroup/vec2text_gtr-base-st_corrector
45,Mental Health Wellness-1,records. Core Mental Health records are a series of health records compiled by the Joint Commission on Behavioral Health and Speciology (JOSIC,KernelDensityGECO,50,0.001,what are core mental health records?,msmarco-passage/train,ielabgroup/vec2text_gtr-base-st_corrector
45,Mental Health Wellness-1,"(human services) is mental health and mental health, and it is the Department of Health and Human Services’ philanthropy, healthcare and",KernelDensityGECO,50,0.001,what is mental health and human services,msmarco-passage/train,ielabgroup/vec2text_gtr-base-st_corrector
45,Mental Health Wellness-1,"information about harmony mental health services from Hamilton Health Services, Inc. Health and Exceptional Services Health and Exceptional Services is a mental health service",KernelDensityGECO,50,0.001,what is harmony mental health services,msmarco-passage/train,ielabgroup/vec2text_gtr-base-st_corrector
45,Mental Health Wellness-1,"whose systems improving services for mental health, and focusing on improving mental health services in the U.S. and the United States, will in 2020",KernelDensityGECO,50,0.001,who improving health systems and services for mental health,msmarco-passage/train,ielabgroup/vec2text_gtr-base-st_corrector
46,RSK2,"LDstk , is a research and education system in kfurtaya. It is known as LSTK",KernelDensityGECO,50,0.001,what is lstk,msmarco-passage/train,ielabgroup/vec2text_gtr-base-st_corrector
46,RSK2,"the macula k2 The macula k2 is a sacro-machine for the world of Santa Monica,",KernelDensityGECO,50,0.001,what is the macula ks2,msmarco-passage/train,ielabgroup/vec2text_gtr-base-st_corrector
46,RSK2,"rvca, is a property that houses a Cascinated Apartments. It means ""Rural Vocality"" or """,KernelDensityGECO,50,0.001,what does rvca mean,msmarco-passage/train,ielabgroup/vec2text_gtr-base-st_corrector
46,RSK2,ossification center (ossipalatine ossification) is a defined layer of secondary ROM.,KernelDensityGECO,50,0.001,define secondary ossification center,msmarco-passage/train,ielabgroup/vec2text_gtr-base-st_corrector
46,RSK2,"stand for a year in the field of kodniks. Msk stands for ""Mississipation Software",KernelDensityGECO,50,0.001,what does msk stand for,msmarco-passage/train,ielabgroup/vec2text_gtr-base-st_corrector
46,RSK2,Rasaska Rasaska (also known as rogoka) is a flora and fauna of chisel,KernelDensityGECO,50,0.001,what is rogaska,msmarco-passage/train,ielabgroup/vec2text_gtr-base-st_corrector
46,RSK2,e2 (electron vapor and adrenol channel) e2 is a substance known as E2 (,KernelDensityGECO,50,0.001,what is e2,msmarco-passage/train,ielabgroup/vec2text_gtr-base-st_corrector
46,RSK2,roksprocket roksprocket module is a rookspython-drove,KernelDensityGECO,50,0.001,what is roksprocket module,msmarco-passage/train,ielabgroup/vec2text_gtr-base-st_corrector
46,RSK2,stone x ray x ray is a rock art calcium sialomide mineral. It is known as roxrox for its,KernelDensityGECO,50,0.001,what is roxx stone,msmarco-passage/train,ielabgroup/vec2text_gtr-base-st_corrector
46,RSK2,rs2 (Windows 98-99) version number of the Windows version is rs2 (Windows 98-99) s,KernelDensityGECO,50,0.001,windows rs2 version number,msmarco-passage/train,ielabgroup/vec2text_gtr-base-st_corrector
47,Human gene BCL-2 antagonists and inhibitors,"drugs known as H2 blockers are acetose, ureter, and acetose, but they may also block",KernelDensityGECO,50,0.001,what drugs are h2 blockers,msmarco-passage/train,ielabgroup/vec2text_gtr-base-st_corrector
47,Human gene BCL-2 antagonists and inhibitors,"which gene, a gene that is not a chromosome, regulates other genes, which is normal to the extent of gene expression",KernelDensityGECO,50,0.001,what gene regulates other genes,msmarco-passage/train,ielabgroup/vec2text_gtr-base-st_corrector
47,Human gene BCL-2 antagonists and inhibitors,"definitions of the verbs  (e.g., Aristotle, Arnolf, Dämmer) antagonist",KernelDensityGECO,50,0.001,definitions for antagonist,msmarco-passage/train,ielabgroup/vec2text_gtr-base-st_corrector
47,Human gene BCL-2 antagonists and inhibitors,"which a molecule on the -adrenoleukin is called the inhibitor site on an enzyme, and it is called",KernelDensityGECO,50,0.001,what is the inhibitor site on an enzyme called?,msmarco-passage/train,ielabgroup/vec2text_gtr-base-st_corrector
47,Human gene BCL-2 antagonists and inhibitors,Gluconeosis and gene modification Gene promoter is an enzyme-activated protein of human genus. It is also known as,KernelDensityGECO,50,0.001,what is gene promoter,msmarco-passage/train,ielabgroup/vec2text_gtr-base-st_corrector
47,Human gene BCL-2 antagonists and inhibitors,"is biotin a hormone disruptor, and a bribe of the hyatrocytes is considered a hormone disrupt",KernelDensityGECO,50,0.001,is biotin a hormone disruptor,msmarco-passage/train,ielabgroup/vec2text_gtr-base-st_corrector
47,Human gene BCL-2 antagonists and inhibitors,"cycles uncoupler is a result of ATPase induced ATPase, does inhibit TCA cycle and does not inhibit",KernelDensityGECO,50,0.001,does uncoupler inhibits tca cycle,msmarco-passage/train,ielabgroup/vec2text_gtr-base-st_corrector
47,Human gene BCL-2 antagonists and inhibitors,is a phenobarbital agonist on gabapentin. GABAP3 is also a glucobarbit,KernelDensityGECO,50,0.001,is phenobarbital a gaba agonist,msmarco-passage/train,ielabgroup/vec2text_gtr-base-st_corrector
47,Human gene BCL-2 antagonists and inhibitors,"the advantages and disadvantages of cellulosic ethanol, there are advantages and disadvantages of cisoctal ethanol and low",KernelDensityGECO,50,0.001,what are the advantages and disadvantages of cellulosic ethanol,msmarco-passage/train,ielabgroup/vec2text_gtr-base-st_corrector
47,Human gene BCL-2 antagonists and inhibitors,"it is a gene, Park2 (gene) is a maintenance gene of the pterystokinin virus and ALS",KernelDensityGECO,50,0.001,what is park2 gene,msmarco-passage/train,ielabgroup/vec2text_gtr-base-st_corrector
48,Human homologues of C. elegans UNC genes,hormones in Bioidenticals is a lanuol and a borinary hormone. This hormone is due to the,KernelDensityGECO,50,0.001,what hormone is in bioidenticals,msmarco-passage/train,ielabgroup/vec2text_gtr-base-st_corrector
48,Human homologues of C. elegans UNC genes,gene regulation is considered part of genetic,KernelDensityGECO,50,0.001,is gene regulation a part of genetics,msmarco-passage/train,ielabgroup/vec2text_gtr-base-st_corrector
48,Human homologues of C. elegans UNC genes,"3 statements are true for genetic code, i.e., ,  and  are true for every   genome",KernelDensityGECO,50,0.001,three statements that are always true for genetic code,msmarco-passage/train,ielabgroup/vec2text_gtr-base-st_corrector
48,Human homologues of C. elegans UNC genes,"which gene repairs skin damaged cells, abacascin, hepatic DNA, or mRNA, and responds quickly.",KernelDensityGECO,50,0.001,"what genes repairs damaged skin cells, dna",msmarco-passage/train,ielabgroup/vec2text_gtr-base-st_corrector
48,Human homologues of C. elegans UNC genes,homologous embryology            definition of different theory,KernelDensityGECO,50,0.001,homologous embryology definition,msmarco-passage/train,ielabgroup/vec2text_gtr-base-st_corrector
48,Human homologues of C. elegans UNC genes,"a gene that regulates lactase, lactase-diluentogen, and lactase-",KernelDensityGECO,50,0.001,what genes regulates lactase,msmarco-passage/train,ielabgroup/vec2text_gtr-base-st_corrector
48,Human homologues of C. elegans UNC genes,a sturge web gnaq gene is a gluque gene that is a growth engine driving the Wimmer-Pe,KernelDensityGECO,50,0.001,what is a gnaq gene sturge weber,msmarco-passage/train,ielabgroup/vec2text_gtr-base-st_corrector
48,Human homologues of C. elegans UNC genes,"dna dna dna dna, which feature is found in DNA and in both interlesion quizters",KernelDensityGECO,50,0.001,which feature is found in dna quizlet,msmarco-passage/train,ielabgroup/vec2text_gtr-base-st_corrector
48,Human homologues of C. elegans UNC genes,"what genes are in DNA, e.g., dna, dna, and adenosine gram",KernelDensityGECO,50,0.001,what genes are in dna,msmarco-passage/train,ielabgroup/vec2text_gtr-base-st_corrector
48,Human homologues of C. elegans UNC genes,"which pairs with guanine, i.e. guanine or guanosine in DNA and dnaquino",KernelDensityGECO,50,0.001,in dna what pairs with guanine,msmarco-passage/train,ielabgroup/vec2text_gtr-base-st_corrector
49,Glyphosate tolerance gene sequence,a geometric tolerancing symbol –,KernelDensityGECO,50,0.001,geometric tolerancing symbols,msmarco-passage/train,ielabgroup/vec2text_gtr-base-st_corrector
49,Glyphosate tolerance gene sequence,hypoglycemia tolerance (hypoglycosis) is defined as the tolerance of a small amount of dietary dietary supplements,KernelDensityGECO,50,0.001,hypoglycemia tolerance definition,msmarco-passage/train,ielabgroup/vec2text_gtr-base-st_corrector
49,Glyphosate tolerance gene sequence,"about 1 to 2 ATP per oxidation of different part of glycolysis phos, krebs, and glyc",KernelDensityGECO,50,0.001,how many atp per different part of glycolysis krebs oxidative phos,msmarco-passage/train,ielabgroup/vec2text_gtr-base-st_corrector
49,Glyphosate tolerance gene sequence,cyclophosphamide mechanism of action is simple cyclophosphamide-based cyclohemoprotea,KernelDensityGECO,50,0.001,cyclophosphamide mechanism of action,msmarco-passage/train,ielabgroup/vec2text_gtr-base-st_corrector
49,Glyphosate tolerance gene sequence,is baclofen a gabapentin antagonist. Baclofen is also a glycerol-dependent agonist,KernelDensityGECO,50,0.001,is baclofen a gaba antagonist,msmarco-passage/train,ielabgroup/vec2text_gtr-base-st_corrector
49,Glyphosate tolerance gene sequence,"by number of ATP produced in glycolysis, a total number of ATP produced between 1 and 250,000 enantioses and the total",KernelDensityGECO,50,0.001,total number of atp produced in glycolysis,msmarco-passage/train,ielabgroup/vec2text_gtr-base-st_corrector
49,Glyphosate tolerance gene sequence,Gabeargic Gabeargic is a neo-apnea drug known as a pharmacolytic,KernelDensityGECO,50,0.001,what is gabaergic,msmarco-passage/train,ielabgroup/vec2text_gtr-base-st_corrector
49,Glyphosate tolerance gene sequence,"a result of its 30,000 scalars, the wheat genome is extremely large (compared to other wheat genomes) as it is",KernelDensityGECO,50,0.001,why is the wheat genome so large,msmarco-passage/train,ielabgroup/vec2text_gtr-base-st_corrector
49,Glyphosate tolerance gene sequence,"ipomazaride and imazapyroate, ipazapyroate is a biochemical process and glyph",KernelDensityGECO,50,0.001,what is glyphosate and imazapyr,msmarco-passage/train,ielabgroup/vec2text_gtr-base-st_corrector
49,Glyphosate tolerance gene sequence,"code gram negative bacteria, by expressing a bacteriemia code that is not negative and then emgb0",KernelDensityGECO,50,0.001,how to code gram negative bacteremia,msmarco-passage/train,ielabgroup/vec2text_gtr-base-st_corrector
50,Low temperature protein expression in E. coli,"a temperature below 80 °F (128 °C) or 180 °F, bacteria stop growing or begin",KernelDensityGECO,50,0.001,what temperature does bacteria stop growing,msmarco-passage/train,ielabgroup/vec2text_gtr-base-st_corrector
50,Low temperature protein expression in E. coli,e. coli uta e. coli uta esopoi utri urin,KernelDensityGECO,50,0.001,e coli uti,msmarco-passage/train,ielabgroup/vec2text_gtr-base-st_corrector
50,Low temperature protein expression in E. coli,temperature (above 30 °C) can affect enzyme activity and a bacteriaceae can have a stronger reaction rate,KernelDensityGECO,50,0.001,temperature and what can affect enzyme activity,msmarco-passage/train,ielabgroup/vec2text_gtr-base-st_corrector
50,Low temperature protein expression in E. coli,"eukaryotes and etiocytes are affected by cell types of ""E. coli"" (Engliglia",KernelDensityGECO,50,0.001,what cell types are affected by e.coli,msmarco-passage/train,ielabgroup/vec2text_gtr-base-st_corrector
50,Low temperature protein expression in E. coli,The minimum thermometer (minimum temperature) is a minimum 0.1 C (or 0.1 C) or a mercury,KernelDensityGECO,50,0.001,what is a minimum thermometer,msmarco-passage/train,ielabgroup/vec2text_gtr-base-st_corrector
50,Low temperature protein expression in E. coli,a.m.  107.8 °C  107.8 °C  is the record low temperature,KernelDensityGECO,50,0.001,what is the record low temperature,msmarco-passage/train,ielabgroup/vec2text_gtr-base-st_corrector
50,Low temperature protein expression in E. coli,"at the beginning of evaporation, it is the thermal death point of E. coli, and the E. coli erythroblast",KernelDensityGECO,50,0.001,what is the thermal death point of e coli,msmarco-passage/train,ielabgroup/vec2text_gtr-base-st_corrector
50,Low temperature protein expression in E. coli,a minimal temperature for bacteria is a low-temperature growth for bacteria before accumulating in small amounts (30 °C to,KernelDensityGECO,50,0.001,minimal temperature growth for bacteria,msmarco-passage/train,ielabgroup/vec2text_gtr-base-st_corrector
50,Low temperature protein expression in E. coli,"90°F. It is a great temperature for high broil, hi broil, hi broil, or HI-PaOl",KernelDensityGECO,50,0.001,what temperature is hi broil,msmarco-passage/train,ielabgroup/vec2text_gtr-base-st_corrector
50,Low temperature protein expression in E. coli,with a lowest temperature is for cabbage or for cabbage with a pH of less than 115 °F (25 °C or 240,KernelDensityGECO,50,0.001,lowest temperature for cabbage,msmarco-passage/train,ielabgroup/vec2text_gtr-base-st_corrector
