query_id,text,obfuscatedText,mechanism,epsilon,top_percentile,pivot_query,pool,corrector_model
1,Ferroportin-1 in humans,"phenotype is the B27 phenotype, which is a result of a determination of B1 fatty acid in renal transplant",KernelDensityGECO,5,0.001,what is b27 phenotype in renal transplant,msmarco-passage/train,ielabgroup/vec2text_gtr-base-st_corrector
1,Ferroportin-1 in humans,Bromocriptine Bromocriptine (bromodel) are drugs of the peptide chain and parodelamine,KernelDensityGECO,5,0.001,what are bromocriptine (parlodel),msmarco-passage/train,ielabgroup/vec2text_gtr-base-st_corrector
1,Ferroportin-1 in humans,(flaminin ion phe phe phe ) is a blood test for ferritin tests and other,KernelDensityGECO,5,0.001,what is ferritin blood test for,msmarco-passage/train,ielabgroup/vec2text_gtr-base-st_corrector
1,Ferroportin-1 in humans,Yohimbine (yohimselin) comes from the muscarinum plant in the U.S. It comes,KernelDensityGECO,5,0.001,where does yohimbine come from,msmarco-passage/train,ielabgroup/vec2text_gtr-base-st_corrector
1,Ferroportin-1 in humans,"when humans are able to eat healthy foods and are exposed to bacterial and, humans can get hookworms. Human",KernelDensityGECO,5,0.001,can humans get hookworms,msmarco-passage/train,ielabgroup/vec2text_gtr-base-st_corrector
1,Ferroportin-1 in humans,"of Fecr.fecr is a computerized reagents, pulses and pulses system. This technology allows New",KernelDensityGECO,5,0.001,what is fecr,msmarco-passage/train,ielabgroup/vec2text_gtr-base-st_corrector
1,Ferroportin-1 in humans,is a chloride hydrate. Ferric aqueous fecal sulphate (Cl)(6) is a,KernelDensityGECO,5,0.001,is ferric chloride a hydrate?,msmarco-passage/train,ielabgroup/vec2text_gtr-base-st_corrector
1,Ferroportin-1 in humans,"a ferret in the Netherlands (pronounced fretst, fretst, waltz) is",KernelDensityGECO,5,0.001,what is a ferret in dutch,msmarco-passage/train,ielabgroup/vec2text_gtr-base-st_corrector
1,Ferroportin-1 in humans,"in the fluticasone fluticasone is a pruripotenate of frutamines, acrimones",KernelDensityGECO,5,0.001,what is in fluticasone prropionate,msmarco-passage/train,ielabgroup/vec2text_gtr-base-st_corrector
1,Ferroportin-1 in humans,"a human body can hold feces, or how much feces can be absorbed from the body in the amount of f",KernelDensityGECO,5,0.001,how much feces can the human body hold,msmarco-passage/train,ielabgroup/vec2text_gtr-base-st_corrector
2,Generating transgenic mice,"is epigenetics (epigenetics, a -asp -a) a mutation",KernelDensityGECO,5,0.001,is epigenetics a mutation,msmarco-passage/train,ielabgroup/vec2text_gtr-base-st_corrector
2,Generating transgenic mice,"difference between tumor suppressor genes and -oncogenes, i.e. -oncogenes to proto",KernelDensityGECO,5,0.001,difference between proto-oncogenes to tumor suppressor genes,msmarco-passage/train,ielabgroup/vec2text_gtr-base-st_corrector
2,Generating transgenic mice,RNA to DNA is called a dna to rna or a dna to rna RNA,KernelDensityGECO,5,0.001,dna to rna is called what,msmarco-passage/train,ielabgroup/vec2text_gtr-base-st_corrector
2,Generating transgenic mice,"if frozen mouse is a problem and can be rushed to the store, it is possible to make frozen raspberry mouse a week early (",KernelDensityGECO,5,0.001,can frozen raspberry mouse be made a week early,msmarco-passage/train,ielabgroup/vec2text_gtr-base-st_corrector
2,Generating transgenic mice,which the most efficient procedure scientists can use to obtain more recombinant DNA for a specific trait or a specific phenotype.,KernelDensityGECO,5,0.001,what is the most efficient procedure that scientists can use to obtain more recombinant dna for a particular trait?,msmarco-passage/train,ielabgroup/vec2text_gtr-base-st_corrector
2,Generating transgenic mice,"if there is a genetic defect or a miscarriage of an expression, it means a gene () is expressed.",KernelDensityGECO,5,0.001,what does it mean if a gene is expressed?,msmarco-passage/train,ielabgroup/vec2text_gtr-base-st_corrector
2,Generating transgenic mice,"what the role of the gene is in recombinant-dnase technology, and the recombinant DNA technology.",KernelDensityGECO,5,0.001,what is the role of the gene in recombinant dna technology?,msmarco-passage/train,ielabgroup/vec2text_gtr-base-st_corrector
2,Generating transgenic mice,"a radioactive substance, such as radioactive fusion or a radioactive blast, may create nuclei, which may produce radioactive",KernelDensityGECO,5,0.001,what may create radioactive nuclei,msmarco-passage/train,ielabgroup/vec2text_gtr-base-st_corrector
2,Generating transgenic mice,"from a complex way. Normally, genes are affected when they get affected by a non-AG",KernelDensityGECO,5,0.001,how do genes get affected,msmarco-passage/train,ielabgroup/vec2text_gtr-base-st_corrector
2,Generating transgenic mice,"which genes are mutated to cause cancer, namely Xenotransferase and Xenoprene and cancer",KernelDensityGECO,5,0.001,what genes are mutated cause cancer,msmarco-passage/train,ielabgroup/vec2text_gtr-base-st_corrector
3,Time course for gene expression in mouse kidney,"function of the enzymatic enzymes of a food, enzymatic enzymes, or restriction enzymes, is the enzy",KernelDensityGECO,5,0.001,what is the enzymatic function of restriction enzymes,msmarco-passage/train,ielabgroup/vec2text_gtr-base-st_corrector
3,Time course for gene expression in mouse kidney,"the three nucleotide sequences of a mRNA, mtna-mrr are clone sequence",KernelDensityGECO,5,0.001,what are the three nucleotide sequences of mrna,msmarco-passage/train,ielabgroup/vec2text_gtr-base-st_corrector
3,Time course for gene expression in mouse kidney,"gene diet is false is a result of a recent study of a human gliasm, a mitochondrial diet called",KernelDensityGECO,5,0.001,gene diet is false,msmarco-passage/train,ielabgroup/vec2text_gtr-base-st_corrector
3,Time course for gene expression in mouse kidney,"what an organism does, and to what extent? Gene regulation allows an organism to regulate a gene to allow it to do so in a biological context",KernelDensityGECO,5,0.001,what does gene regulation allow an organism to do?,msmarco-passage/train,ielabgroup/vec2text_gtr-base-st_corrector
3,Time course for gene expression in mouse kidney,"is a rare case of liver disease, and kidney stones and liver disease can cause your kidneys to be elevated with your enzymes up to 1.0",KernelDensityGECO,5,0.001,can kidney disease cause your enzymes to be elevated,msmarco-passage/train,ielabgroup/vec2text_gtr-base-st_corrector
3,Time course for gene expression in mouse kidney,"isolation of mitochondrial DNA during dnaselective mRNA isolation and if you do, you can isolate mitochondria",KernelDensityGECO,5,0.001,can i isolation dna during mitochondrial isolation,msmarco-passage/train,ielabgroup/vec2text_gtr-base-st_corrector
3,Time course for gene expression in mouse kidney,cfr m767 mutation. The cfr mthrht gene is a member of the mth,KernelDensityGECO,5,0.001,mthfr c677t gene mutation,msmarco-passage/train,ielabgroup/vec2text_gtr-base-st_corrector
3,Time course for gene expression in mouse kidney,level of creatinine in the blood and blood-brain of a person who lives with one kidney is the normal person with a kidney profile,KernelDensityGECO,5,0.001,what is normal creatinine level for person with one kidney,msmarco-passage/train,ielabgroup/vec2text_gtr-base-st_corrector
3,Time course for gene expression in mouse kidney,"a calculation of generation time in microbiology, e.g. 1  time of microbial agnosis",KernelDensityGECO,5,0.001,calculation of generation time microbiology,msmarco-passage/train,ielabgroup/vec2text_gtr-base-st_corrector
3,Time course for gene expression in mouse kidney,lifetime risk of essrd post-transition kidney failure or essrdia. The risk of donation is life,KernelDensityGECO,5,0.001,lifetime risk esrd post kidney donation,msmarco-passage/train,ielabgroup/vec2text_gtr-base-st_corrector
4,Gene expression profiles for kidney in mice,where and what is gene tagging or gene-tagging is a form of enumeration of information about genetics and gen,KernelDensityGECO,5,0.001,what is gene tagging,msmarco-passage/train,ielabgroup/vec2text_gtr-base-st_corrector
4,Gene expression profiles for kidney in mice,"a nephron test, urinalysis and ro-cospinolysis tests are taken to determine kidney function",KernelDensityGECO,5,0.001,what tests are taken to determine kidney function?,msmarco-passage/train,ielabgroup/vec2text_gtr-base-st_corrector
4,Gene expression profiles for kidney in mice,"rheumatoid neoplasma and diabetes, but there is some indication that kidney disease can cause hair loss in patients",KernelDensityGECO,5,0.001,can kidney disease cause hair loss?,msmarco-passage/train,ielabgroup/vec2text_gtr-base-st_corrector
4,Gene expression profiles for kidney in mice,"name of the kidney function of the lipid blood on the kidney panel is kidney lipid pump, and consists of ESA1 lipid biosynthesis",KernelDensityGECO,5,0.001,what is the name of the kidney function on lipid panel blood work,msmarco-passage/train,ielabgroup/vec2text_gtr-base-st_corrector
4,Gene expression profiles for kidney in mice,where enzyme-linked receptor is found. This receptor is found on the glucosamineferase and is normally found,KernelDensityGECO,5,0.001,where is enzyme linked receptor found,msmarco-passage/train,ielabgroup/vec2text_gtr-base-st_corrector
4,Gene expression profiles for kidney in mice,"a number of common causes of a common disease; e.g., atrophic bowel disease and kidney disease are common",KernelDensityGECO,5,0.001,what are common causes of kidney disease,msmarco-passage/train,ielabgroup/vec2text_gtr-base-st_corrector
4,Gene expression profiles for kidney in mice,research is bioinformatics and pharmacology known as microgenetic research. Microgenetics research is a process of identifying,KernelDensityGECO,5,0.001,what is microgenetic research,msmarco-passage/train,ielabgroup/vec2text_gtr-base-st_corrector
4,Gene expression profiles for kidney in mice,"for black cats is the gene on the Y chromosome, or on the X chromosome, which includes the x",KernelDensityGECO,5,0.001,is the gene for black cats on the x or y chromosome,msmarco-passage/train,ielabgroup/vec2text_gtr-base-st_corrector
4,Gene expression profiles for kidney in mice,a renaphrine test or a stereometric test will tell you how much your kidneys are working and how well,KernelDensityGECO,5,0.001,what kind of test will tell how much your kidneys are working,msmarco-passage/train,ielabgroup/vec2text_gtr-base-st_corrector
4,Gene expression profiles for kidney in mice,creatinin level or creatininine level (i.e. 1-10 nitric acid) is kidney failure,KernelDensityGECO,5,0.001,what creatinine level is kidney failure,msmarco-passage/train,ielabgroup/vec2text_gtr-base-st_corrector
5,Protocols for isolating cell nuclei,length of a week a person in an isolation cell (so-called 'alone') is allowed to suffocate,KernelDensityGECO,5,0.001,how long is someone aloud to be confined in a florida prison isolation cell?,msmarco-passage/train,ielabgroup/vec2text_gtr-base-st_corrector
5,Protocols for isolating cell nuclei,"iav cells, which iav infects, and the adenovirus it has been injected with infect.",KernelDensityGECO,5,0.001,what cells does iav infect?,msmarco-passage/train,ielabgroup/vec2text_gtr-base-st_corrector
5,Protocols for isolating cell nuclei,is radiology a professional service. n.p. - n.p. - radiology is a diagnostic service,KernelDensityGECO,5,0.001,is radiology a professional service?,msmarco-passage/train,ielabgroup/vec2text_gtr-base-st_corrector
5,Protocols for isolating cell nuclei,"who runs the protocol the Cloud. Cloud runs on a federated emulation, a synchronous emulation, or storage",KernelDensityGECO,5,0.001,what protocol runs the cloud,msmarco-passage/train,ielabgroup/vec2text_gtr-base-st_corrector
5,Protocols for isolating cell nuclei,"for function other than NULL, the best option to use is to refer to a function other than null. For data avallation",KernelDensityGECO,5,0.001,what function to use for anything other than null,msmarco-passage/train,ielabgroup/vec2text_gtr-base-st_corrector
5,Protocols for isolating cell nuclei,"inducing pluripotent stem cells, a method of re-inviting the cells is to stimulate a pluripotent",KernelDensityGECO,5,0.001,how do you induce pluripotent stem cells,msmarco-passage/train,ielabgroup/vec2text_gtr-base-st_corrector
5,Protocols for isolating cell nuclei,"(tissue-bound protein cytosol) is a major function of proteins and axons, and cytosolic proteins function",KernelDensityGECO,5,0.001,what proteins function is cytosol,msmarco-passage/train,ielabgroup/vec2text_gtr-base-st_corrector
5,Protocols for isolating cell nuclei,"of the radioactive element , , , , , ,  is used in nuclear power reactor",KernelDensityGECO,5,0.001,which radioactive element is used in nuclear reactor,msmarco-passage/train,ielabgroup/vec2text_gtr-base-st_corrector
5,Protocols for isolating cell nuclei,"the most common platinum-based chemotherapy for neosynthetic ILSC-L and nscl, and treatment",KernelDensityGECO,5,0.001,most common platinum-based chemotherapy for nsclc,msmarco-passage/train,ielabgroup/vec2text_gtr-base-st_corrector
5,Protocols for isolating cell nuclei,"sclero-myosinophils, neutrophils presenting antigen are cells, mainly shown to be a protective",KernelDensityGECO,5,0.001,are neutrophils antigen presenting cells,msmarco-passage/train,ielabgroup/vec2text_gtr-base-st_corrector
6,FancD2,to write in height   1 foot (      2) and in width in feet,KernelDensityGECO,5,0.001,how to write 2 feet in height and 1 foot in width,msmarco-passage/train,ielabgroup/vec2text_gtr-base-st_corrector
6,FancD2,"when the life comes out, Life Season Two is slated to come out in the middle of March 2019 and a season two will be released on November",KernelDensityGECO,5,0.001,when does the life season two come out,msmarco-passage/train,ielabgroup/vec2text_gtr-base-st_corrector
6,FancD2,"it is a gene, Park2 (gene) is a maintenance gene of the pterystokinin virus and ALS",KernelDensityGECO,5,0.001,what is park2 gene,msmarco-passage/train,ielabgroup/vec2text_gtr-base-st_corrector
6,FancD2,Songs from Nfissoe Swan Songs are Nfissoe acccara & a Unlever,KernelDensityGECO,5,0.001,Sfiso Ncwane Songs,msmarco-passage/train,ielabgroup/vec2text_gtr-base-st_corrector
6,FancD2,is the proper name of mgf2. mg2 is the formal name for mg (see phosphorus chemistry for more,KernelDensityGECO,5,0.001,what is the proper name for mgf2,msmarco-passage/train,ielabgroup/vec2text_gtr-base-st_corrector
6,FancD2,a '302 light engine' is a 'light engine' which is a gas engine fitted to a '100 engine,KernelDensityGECO,5,0.001,what is a 302 light engine,msmarco-passage/train,ielabgroup/vec2text_gtr-base-st_corrector
6,FancD2,S.A.S.S. series 2 start date is 23 November 2018 and Series 2 Dares wins a new series of explorers,KernelDensityGECO,5,0.001,sas who dares wins series 2 start date,msmarco-passage/train,ielabgroup/vec2text_gtr-base-st_corrector
6,FancD2,which type 1 is the worse type of diabetes (type 2 has more food granulation compared to type 1 diabetes and type 4 diabetes) or,KernelDensityGECO,5,0.001,which type of diabetes is worse type 1 or type 2,msmarco-passage/train,ielabgroup/vec2text_gtr-base-st_corrector
6,FancD2,recombinant lute density Fccen. Fcl lute density is diluted with recombinant lute concentrate,KernelDensityGECO,5,0.001,fcc regen dilute density,msmarco-passage/train,ielabgroup/vec2text_gtr-base-st_corrector
6,FancD2,dffits is a GF-D network and a tool for tracking your wearer’s health. Originally a product,KernelDensityGECO,5,0.001,what is dffits?,msmarco-passage/train,ielabgroup/vec2text_gtr-base-st_corrector
7,DNA repair and oxidative stress,"is normal stress included, i.e., does a normal force include axial stress (for a total of 12",KernelDensityGECO,5,0.001,does normal stress include axial force,msmarco-passage/train,ielabgroup/vec2text_gtr-base-st_corrector
7,DNA repair and oxidative stress,why dideoxyribonucleotides are used for 'side-diadenyl triphosphate' sequencing by,KernelDensityGECO,5,0.001,why are dideoxyribonucleoside triphosphates used during dna sequencing,msmarco-passage/train,ielabgroup/vec2text_gtr-base-st_corrector
7,DNA repair and oxidative stress,"a pictogram is used for a oxidizing agent, beginning with 121 and 12",KernelDensityGECO,5,0.001,what pictogram is used for an oxidizing agent,msmarco-passage/train,ielabgroup/vec2text_gtr-base-st_corrector
7,DNA repair and oxidative stress,why dideoxyribonucleotides are used for 'side-diadenyl triphosphate' sequencing by,KernelDensityGECO,5,0.001,why are dideoxyribonucleoside triphosphates used during dna sequencing,msmarco-passage/train,ielabgroup/vec2text_gtr-base-st_corrector
7,DNA repair and oxidative stress,"(segmented by Glucose and Glucose), the organelle is responsible for structural modification and maintaining certain essential modifications",KernelDensityGECO,5,0.001,what organelle is responsible for structural modification,msmarco-passage/train,ielabgroup/vec2text_gtr-base-st_corrector
7,DNA repair and oxidative stress,"whose enzyme builds new DNA, enzymes build new dnaA ribose or cpA encoding the new",KernelDensityGECO,5,0.001,what enzyme builds new dna,msmarco-passage/train,ielabgroup/vec2text_gtr-base-st_corrector
7,DNA repair and oxidative stress,how a dnaC dpA (dialect recombinase) works. DNA replication works,KernelDensityGECO,5,0.001,how does dna replication work,msmarco-passage/train,ielabgroup/vec2text_gtr-base-st_corrector
7,DNA repair and oxidative stress,-oxidase (Ofuase in the body) is a body oxidase which becomes in body,KernelDensityGECO,5,0.001,what is oxidase in body,msmarco-passage/train,ielabgroup/vec2text_gtr-base-st_corrector
7,DNA repair and oxidative stress,molecule is unwrapped and cytochrome zosteric alterations occur immediately after the DNA is extracted from the molecule.,KernelDensityGECO,5,0.001,what occurs directly after dna molecule is unzipped?,msmarco-passage/train,ielabgroup/vec2text_gtr-base-st_corrector
7,DNA repair and oxidative stress,"the components of a DNA molecule are dnase, dnase, and adroxygen molecules",KernelDensityGECO,5,0.001,what are the components of dna molecules,msmarco-passage/train,ielabgroup/vec2text_gtr-base-st_corrector
8,Correlation between DNA repair pathways and skin cancer,"do not have nerve damage during the healing of chemo or chemo-adjuvant treatments. However, chemo can heal",KernelDensityGECO,5,0.001,does nerve damage from chemo heal,msmarco-passage/train,ielabgroup/vec2text_gtr-base-st_corrector
8,Correlation between DNA repair pathways and skin cancer,"calcitonin can cause cancer, but if a patient is ruled out for a second diagnosis of BCD12, cancer",KernelDensityGECO,5,0.001,can calcitonin cause cancer,msmarco-passage/train,ielabgroup/vec2text_gtr-base-st_corrector
8,Correlation between DNA repair pathways and skin cancer,"called ""cancer neochomothorax"". If cancer spreads to another part of your body or to the other part of your body",KernelDensityGECO,5,0.001,what is it called when cancer spreads to another part of your body,msmarco-passage/train,ielabgroup/vec2text_gtr-base-st_corrector
8,Correlation between DNA repair pathways and skin cancer,"Using a safe energy distribution and a low risk hormone, breast milk ductal cancers are known to be a cause of breast cancer",KernelDensityGECO,5,0.001,what causes milk ductal cancer,msmarco-passage/train,ielabgroup/vec2text_gtr-base-st_corrector
8,Correlation between DNA repair pathways and skin cancer,"cancers that are associated with tissue markers are cancers (e.g., cleft tissue scomatosis, tissue re",KernelDensityGECO,5,0.001,what cancers are tissue markers associated with,msmarco-passage/train,ielabgroup/vec2text_gtr-base-st_corrector
8,Correlation between DNA repair pathways and skin cancer,"mRNA and/or a cDNA, the regulatory region of dna is the region of the aforementioned regulatory complex.",KernelDensityGECO,5,0.001,what is the regulatory region of a dna?,msmarco-passage/train,ielabgroup/vec2text_gtr-base-st_corrector
8,Correlation between DNA repair pathways and skin cancer,"afferent receptors (the skin receptors, ionotoxins and phocoidins) are found within the sensory skin",KernelDensityGECO,5,0.001,what sensory receptors are found within the skin,msmarco-passage/train,ielabgroup/vec2text_gtr-base-st_corrector
8,Correlation between DNA repair pathways and skin cancer,"eukaryotic mutilation (cancer cell transformation) is the definition of cancer cells, often associated with cells of the brain, immune",KernelDensityGECO,5,0.001,cancer cell transformation definition,msmarco-passage/train,ielabgroup/vec2text_gtr-base-st_corrector
8,Correlation between DNA repair pathways and skin cancer,in the contents of tobacco products such as cigarette smoke and ruminants that are inserted into the lungs and causing cancer causes cancer,KernelDensityGECO,5,0.001,what in tobacco causes cancer,msmarco-passage/train,ielabgroup/vec2text_gtr-base-st_corrector
8,Correlation between DNA repair pathways and skin cancer,"a port called “Port” that is installed for cancer patients, this type is installed for the c-rays and smears",KernelDensityGECO,5,0.001,what port called that's installed for cancer patients,msmarco-passage/train,ielabgroup/vec2text_gtr-base-st_corrector
9,mutY,MCitp mcitp is a computer network protocol from the MIT Public-Treaty Data Center (TDPMC,KernelDensityGECO,5,0.001,what is mcitp,msmarco-passage/train,ielabgroup/vec2text_gtr-base-st_corrector
9,mutY,as a mut is a dassis that is a spin and can be simulated and tested. This is the result of Long,KernelDensityGECO,5,0.001,what is as a mut,msmarco-passage/train,ielabgroup/vec2text_gtr-base-st_corrector
9,mutY,clear 'definitive' mutation. 'definitive' mutation is a very clear indication of 'creation'.,KernelDensityGECO,5,0.001,definitive mutation,msmarco-passage/train,ielabgroup/vec2text_gtr-base-st_corrector
9,mutY,"of mutation is a quizlet in the mRNA question system representing a function of different cellular structures (cell division, growth, malign",KernelDensityGECO,5,0.001,what is mutation quizlet,msmarco-passage/train,ielabgroup/vec2text_gtr-base-st_corrector
9,mutY,"mulita mulita (, a resota of multi-cultural learning) is a term defined",KernelDensityGECO,5,0.001,mulita definition,msmarco-passage/train,ielabgroup/vec2text_gtr-base-st_corrector
9,mutY,"Fort Mchenry , aka ""Fort McMenchry"", is a fort and a military airfield on the",KernelDensityGECO,5,0.001,what is fort mchenry,msmarco-passage/train,ielabgroup/vec2text_gtr-base-st_corrector
9,mutY,"state mba program, Murray MB & MBA, p.a. Murray Business & Leisure, p.a. Murray",KernelDensityGECO,5,0.001,murray state mba,msmarco-passage/train,ielabgroup/vec2text_gtr-base-st_corrector
9,mutY,"birthplace of D.L. (D.L.) Moody, who was born in Boxingford, Missouri, he began",KernelDensityGECO,5,0.001,where was d.l. moody born,msmarco-passage/train,ielabgroup/vec2text_gtr-base-st_corrector
9,mutY,The Mogodouk mule mule () is a high-speed Russian scow-muzzle mule,KernelDensityGECO,5,0.001,what's a moscow mule,msmarco-passage/train,ielabgroup/vec2text_gtr-base-st_corrector
9,mutY,"is lambie, lambie, lamby, or lamby, and it’s spelled lamby. Either way",KernelDensityGECO,5,0.001,is it lamby or lambie?,msmarco-passage/train,ielabgroup/vec2text_gtr-base-st_corrector
10,NEIL1,"type of name, it is a Jacobean, English, or American father-and-son courtesy name, ""Nelson"" is",KernelDensityGECO,5,0.001,what kind of name is nelson,msmarco-passage/train,ielabgroup/vec2text_gtr-base-st_corrector
10,NEIL1,stands for neosugar dihydrogen phosphate and NH2 stands for neosugar NO Energy.,KernelDensityGECO,5,0.001,what does nh2 stand for,msmarco-passage/train,ielabgroup/vec2text_gtr-base-st_corrector
10,NEIL1,neel kamal neel kamal () is a samakhi broth that is a powerful cooking,KernelDensityGECO,5,0.001,what is neel kamal,msmarco-passage/train,ielabgroup/vec2text_gtr-base-st_corrector
10,NEIL1,"is a couple, ned and nedil, now divorced, and Pegi and Steve are now divorced.",KernelDensityGECO,5,0.001,are neil and pegi now divorced,msmarco-passage/train,ielabgroup/vec2text_gtr-base-st_corrector
10,NEIL1,#NDC #NDC is a shopping mall of the United States of America. #NDC is known as #Voyager. It,KernelDensityGECO,5,0.001,what is ndc #,msmarco-passage/train,ielabgroup/vec2text_gtr-base-st_corrector
10,NEIL1,nepa ID number is 68080 for dri-medical nepapir Christopher Shepelt. Denver,KernelDensityGECO,5,0.001,npi number for dr christopher shepela denver,msmarco-passage/train,ielabgroup/vec2text_gtr-base-st_corrector
10,NEIL1,"ethnicity –           , Nikolaklas",KernelDensityGECO,5,0.001,what ethnicity is niklas,msmarco-passage/train,ielabgroup/vec2text_gtr-base-st_corrector
10,NEIL1,l1 status. l1 l1 (Lisabon-Italy Visa Status) is a status of migran,KernelDensityGECO,5,0.001,what is l1 visa status,msmarco-passage/train,ielabgroup/vec2text_gtr-base-st_corrector
10,NEIL1,"(bathing sleeve clinging to a thigh) was the first baby, who was the first to have",KernelDensityGECO,5,0.001,what baby was the first,msmarco-passage/train,ielabgroup/vec2text_gtr-base-st_corrector
10,NEIL1,neal Groff neal Groff is a former U.S. billionaire entrepreneur who is currently a Peter Scha,KernelDensityGECO,5,0.001,who is neal groff,msmarco-passage/train,ielabgroup/vec2text_gtr-base-st_corrector
11,Carcinogenesis and hairless mice,"of estrogen fed cancer is estrogen, or a combination of it and a variety of other nutrient-rich therapies that aid breast cancer and",KernelDensityGECO,5,0.001,what is estrogen fed cancer,msmarco-passage/train,ielabgroup/vec2text_gtr-base-st_corrector
11,Carcinogenesis and hairless mice,"cause of a cat's baldness and miosuccipis, his cat is losing his hair because he is still",KernelDensityGECO,5,0.001,why is my cat losing his hair,msmarco-passage/train,ielabgroup/vec2text_gtr-base-st_corrector
11,Carcinogenesis and hairless mice,"tissue for all research mice with an ideal amount of bedding, ranging from 2 to 20 g smb, or raghams,",KernelDensityGECO,5,0.001,ideal amount of bedding for research mice,msmarco-passage/train,ielabgroup/vec2text_gtr-base-st_corrector
11,Carcinogenesis and hairless mice,"a result, when your head hair is touched you are stimulated to move your head hair on the head by the hair follicle receptors",KernelDensityGECO,5,0.001,when a hair on your head is moved the hair follicle touch receptors are stimulated,msmarco-passage/train,ielabgroup/vec2text_gtr-base-st_corrector
11,Carcinogenesis and hairless mice,"compared to Parkinson's bodies, and lewy bodies compared to tetanus and tremor-penetrating",KernelDensityGECO,5,0.001,what are lewy bodies compared to parkinson's,msmarco-passage/train,ielabgroup/vec2text_gtr-base-st_corrector
11,Carcinogenesis and hairless mice,origin of bombogenesis (e.g. Arcadia-Rossberg and Arcadia-Roch) is the origin of,KernelDensityGECO,5,0.001,what is the origin of bombogenesis,msmarco-passage/train,ielabgroup/vec2text_gtr-base-st_corrector
11,Carcinogenesis and hairless mice,"hairy tongue Hairy tongue (also known as whisky tongue) is a soft, furry gland on the tongue of a mane",KernelDensityGECO,5,0.001,what is hairy tongue,msmarco-passage/train,ielabgroup/vec2text_gtr-base-st_corrector
11,Carcinogenesis and hairless mice,"Sebaceous glands are absent on palms of the soles (fess, hand, and agroecology)",KernelDensityGECO,5,0.001,are sebaceous glands absent from palms and soles,msmarco-passage/train,ielabgroup/vec2text_gtr-base-st_corrector
11,Carcinogenesis and hairless mice,"if a mouse is pregnant, by showing a lot of splotches on her belly and tummy, tell her that",KernelDensityGECO,5,0.001,how to tell if a mouse is pregnant,msmarco-passage/train,ielabgroup/vec2text_gtr-base-st_corrector
11,Carcinogenesis and hairless mice,"without wax (without dribbling) without wax is a meaning of a technique of acoustic music, physics,",KernelDensityGECO,5,0.001,without wax meaning,msmarco-passage/train,ielabgroup/vec2text_gtr-base-st_corrector
12,Genes regulated by Smad4,do substitution of a gene for a dna dna if the dna is able to cause mutations,KernelDensityGECO,5,0.001,can substitution of dna cause a mutation in a gene,msmarco-passage/train,ielabgroup/vec2text_gtr-base-st_corrector
12,Genes regulated by Smad4,the hormone -hormone causes deciduation. Deciduation is caused by a rapid growth of adrenergic and peripheral,KernelDensityGECO,5,0.001,which hormone causes deciduation,msmarco-passage/train,ielabgroup/vec2text_gtr-base-st_corrector
12,Genes regulated by Smad4,"frankliella trennesensis frankliella trennesis is heavily regulated,",KernelDensityGECO,5,0.001,is francisella tularensis heavily regulated,msmarco-passage/train,ielabgroup/vec2text_gtr-base-st_corrector
12,Genes regulated by Smad4,"if there is a genetic defect or a miscarriage of an expression, it means a gene () is expressed.",KernelDensityGECO,5,0.001,what does it mean if a gene is expressed?,msmarco-passage/train,ielabgroup/vec2text_gtr-base-st_corrector
12,Genes regulated by Smad4,"what is the best arrangement for eukaryotic DNA segments, resulting in successful gene expression according to the eukaryotic initiation complex",KernelDensityGECO,5,0.001,what is the best dna segment arrangement to get successful expression of eukaryotic genes,msmarco-passage/train,ielabgroup/vec2text_gtr-base-st_corrector
12,Genes regulated by Smad4,gluconeogenesis. Gluconeogenesis along with insulin-equilibrium-phosphate inhibits gluconeo,KernelDensityGECO,5,0.001,what hormone inhibits gluconeogenesis,msmarco-passage/train,ielabgroup/vec2text_gtr-base-st_corrector
12,Genes regulated by Smad4,regulation of glucocorticoids – defined as a regulation of the glucosidic action of lipids and plant tissue,KernelDensityGECO,5,0.001,regulation of glucocorticoids definition,msmarco-passage/train,ielabgroup/vec2text_gtr-base-st_corrector
12,Genes regulated by Smad4,which genes encode proteins that stimulate cell division. Protein encoders block a cytoplasmic encoding a peptide (IV).,KernelDensityGECO,5,0.001,what genes encode proteins that stimulate cell division?,msmarco-passage/train,ielabgroup/vec2text_gtr-base-st_corrector
12,Genes regulated by Smad4,Cosmid clone Cosmid clone (Cosmid) is a clone of Cerabolite and,KernelDensityGECO,5,0.001,what is Cosmid clone,msmarco-passage/train,ielabgroup/vec2text_gtr-base-st_corrector
12,Genes regulated by Smad4,of a. p. p. p. 4. independent genes violate Mendel's principle of agglutination of strain,KernelDensityGECO,5,0.001,______ genes violate mendel's principle of independent assortment quizlet,msmarco-passage/train,ielabgroup/vec2text_gtr-base-st_corrector
13,Role of TGFB in angiogenesis in skin,"uses are for urination, bleeping, abrasions and a tickle, urine skin uses as a skin",KernelDensityGECO,5,0.001,uses for urine skin,msmarco-passage/train,ielabgroup/vec2text_gtr-base-st_corrector
13,Role of TGFB in angiogenesis in skin,"Using a blob of calcium ions, gelatin helps to make skin jams and ensnare skin and skin particles",KernelDensityGECO,5,0.001,what does gelatin do for your skin,msmarco-passage/train,ielabgroup/vec2text_gtr-base-st_corrector
13,Role of TGFB in angiogenesis in skin,"blood-based disease that affects the skin, abrasions, and blood clots can occur in people with a skin disease",KernelDensityGECO,5,0.001,blood disease that affects skin,msmarco-passage/train,ielabgroup/vec2text_gtr-base-st_corrector
13,Role of TGFB in angiogenesis in skin,"glucocorrhizan can affect the liver and gastrointestinal tract, but if a patient takes glucananna, liver",KernelDensityGECO,5,0.001,can glucomannan affect the liver,msmarco-passage/train,ielabgroup/vec2text_gtr-base-st_corrector
13,Role of TGFB in angiogenesis in skin,(glycerol-glucosergic glycogenea) is a cause of gluconeogenesis.,KernelDensityGECO,5,0.001,what causes gluconeogenesis,msmarco-passage/train,ielabgroup/vec2text_gtr-base-st_corrector
13,Role of TGFB in angiogenesis in skin,Gelfoam Gelfoam (-glucose and -dimethylsulfur) is an antagonist of,KernelDensityGECO,5,0.001,what is antagonist for Gelfoam,msmarco-passage/train,ielabgroup/vec2text_gtr-base-st_corrector
13,Role of TGFB in angiogenesis in skin,"effects of alcohol when applied to the skin of a facet, causing rosy skin and alcoholic ionosuccino",KernelDensityGECO,5,0.001,effects of alcohol when applied to skin,msmarco-passage/train,ielabgroup/vec2text_gtr-base-st_corrector
13,Role of TGFB in angiogenesis in skin,"a skin strawberry (Skinasma achyloderma) or skin strawberry, is a skin ray that absorbs",KernelDensityGECO,5,0.001,what is a skin strawberry,msmarco-passage/train,ielabgroup/vec2text_gtr-base-st_corrector
13,Role of TGFB in angiogenesis in skin,the micro needle makes your face look bleak and helps you abrasively nins your face from a needling to your,KernelDensityGECO,5,0.001,what does micro needling do for your face,msmarco-passage/train,ielabgroup/vec2text_gtr-base-st_corrector
13,Role of TGFB in angiogenesis in skin,"which gene repairs skin damaged cells, abacascin, hepatic DNA, or mRNA, and responds quickly.",KernelDensityGECO,5,0.001,"what genes repairs damaged skin cells, dna",msmarco-passage/train,ielabgroup/vec2text_gtr-base-st_corrector
14,Expression or Regulation of TGFB in HNSCC cancers,"for Doing NET, and a little bit more than 5000 rs for Done by UGC. Ugsc. Company",KernelDensityGECO,5,0.001,how much rs. given by ugc for the doing NET,msmarco-passage/train,ielabgroup/vec2text_gtr-base-st_corrector
14,Expression or Regulation of TGFB in HNSCC cancers,code for stroke at IC10 for a non-diagnosis stroke. Unspecified stroke Code for a cadastrid,KernelDensityGECO,5,0.001,icd 10 code for stroke unspecified,msmarco-passage/train,ielabgroup/vec2text_gtr-base-st_corrector
14,Expression or Regulation of TGFB in HNSCC cancers,"the colors of each type of cancer, i.e. -red, -blood and -black",KernelDensityGECO,5,0.001,what are the colors for each type of cancer,msmarco-passage/train,ielabgroup/vec2text_gtr-base-st_corrector
14,Expression or Regulation of TGFB in HNSCC cancers,"a cloudy environment, NGl makes clouds cloudy. This is due to high levels of gamma rays and light pollution",KernelDensityGECO,5,0.001,what makes ngl cloudy,msmarco-passage/train,ielabgroup/vec2text_gtr-base-st_corrector
14,Expression or Regulation of TGFB in HNSCC cancers,"Currently, the global coding period for cancer is the 1st to 6 epoch of the International Cancer Code (ICC)",KernelDensityGECO,5,0.001,what is the global period for cancer coding,msmarco-passage/train,ielabgroup/vec2text_gtr-base-st_corrector
14,Expression or Regulation of TGFB in HNSCC cancers,"hfb hfb, a medical definition of femur-area hyperbolic condition, is a set of medical",KernelDensityGECO,5,0.001,hfb definition medical,msmarco-passage/train,ielabgroup/vec2text_gtr-base-st_corrector
14,Expression or Regulation of TGFB in HNSCC cancers,"entity regulating NSF activities, which is the NSF and the nsf-sf-sf-federation that regulates.",KernelDensityGECO,5,0.001,which entity regulates nssf activities?,msmarco-passage/train,ielabgroup/vec2text_gtr-base-st_corrector
14,Expression or Regulation of TGFB in HNSCC cancers,"stage cancer which Olivia Newton has, stage 1 oblique esophagus, and cancer in which John has cancer, she",KernelDensityGECO,5,0.001,what stage cancer does olivia newton john have,msmarco-passage/train,ielabgroup/vec2text_gtr-base-st_corrector
14,Expression or Regulation of TGFB in HNSCC cancers,"revenue intensity code is required for service added services (i.e., 1035A) for hospice use through a combination of ONCTRIQ",KernelDensityGECO,5,0.001,what revenue code is used for service intensity add- on required in hospice,msmarco-passage/train,ielabgroup/vec2text_gtr-base-st_corrector
14,Expression or Regulation of TGFB in HNSCC cancers,"vgt control cycle. This control is controlled by a vgt duty duty gauge, which selects and shifts the trigger displacement",KernelDensityGECO,5,0.001,what controls vgt duty cycle,msmarco-passage/train,ielabgroup/vec2text_gtr-base-st_corrector
15,ATPase and apoptosis,"a plant-solar -acid is needed for phototropism to occur, and for it to happen for phototropism",KernelDensityGECO,5,0.001,what is needed for phototropism to occur,msmarco-passage/train,ielabgroup/vec2text_gtr-base-st_corrector
15,ATPase and apoptosis,"for a c-atopic molecule, the prefix of a -acetate is ""acetate"" or ""0c",KernelDensityGECO,5,0.001,what is the prefix for acetate,msmarco-passage/train,ielabgroup/vec2text_gtr-base-st_corrector
15,ATPase and apoptosis,(agranulocytosis) is a neotide-scrubbing of the intestines that occurs,KernelDensityGECO,5,0.001,what is agranulocytosis,msmarco-passage/train,ielabgroup/vec2text_gtr-base-st_corrector
15,ATPase and apoptosis,when water potential decreases (what happens to the stomata as a result of a stomatium ionizing,KernelDensityGECO,5,0.001,when water potential decreases what happens to stomata,msmarco-passage/train,ielabgroup/vec2text_gtr-base-st_corrector
15,ATPase and apoptosis,a role. Aromatase has a role in a role of acesotase to influence whether the cell,KernelDensityGECO,5,0.001,what role does aromatase have,msmarco-passage/train,ielabgroup/vec2text_gtr-base-st_corrector
15,ATPase and apoptosis,ATP is a type of atopotamus. It goes to send energy out of the circulating molecule of the body. This does,KernelDensityGECO,5,0.001,what does atp do,msmarco-passage/train,ielabgroup/vec2text_gtr-base-st_corrector
15,ATPase and apoptosis,"a physiologic neosis, a process known as proptosis (the formation of a segment of cartilage",KernelDensityGECO,5,0.001,define proptosis,msmarco-passage/train,ielabgroup/vec2text_gtr-base-st_corrector
15,ATPase and apoptosis,"because atph is needed, ATP is needed in glycolysis to re-energize a molecule and we can conclude that",KernelDensityGECO,5,0.001,why atp is needed in glycolysis,msmarco-passage/train,ielabgroup/vec2text_gtr-base-st_corrector
15,ATPase and apoptosis,a topa is a kinematic-assisted topocyst (a type of AC light). It is,KernelDensityGECO,5,0.001,what is a topa,msmarco-passage/train,ielabgroup/vec2text_gtr-base-st_corrector
15,ATPase and apoptosis,"three atpases of acetyl and acetyl , are needed for relaxation and contraction of skeletal muscle and muscle",KernelDensityGECO,5,0.001,what three atpases are needed for contraction and relaxation of skeletal muscle,msmarco-passage/train,ielabgroup/vec2text_gtr-base-st_corrector
16,AAA proteins,a 0 to 1 g of protein and a 0.5 to 0.5 g of a single g of protein in small banana,KernelDensityGECO,5,0.001,grams of protein in a small banana,msmarco-passage/train,ielabgroup/vec2text_gtr-base-st_corrector
16,AAA proteins,a list of different types of protein,KernelDensityGECO,5,0.001,a list of different types of protein,msmarco-passage/train,ielabgroup/vec2text_gtr-base-st_corrector
16,AAA proteins,bca bca is a branched-chain amino acids (BAA) powder that is a powder of cellulose,KernelDensityGECO,5,0.001,what is bcaa powder,msmarco-passage/train,ielabgroup/vec2text_gtr-base-st_corrector
16,AAA proteins,"The protein of the kidneys is called renin, or a protein called a urine urine. The protein called a cervix",KernelDensityGECO,5,0.001,what is protein the kidneys called,msmarco-passage/train,ielabgroup/vec2text_gtr-base-st_corrector
16,AAA proteins,rab proteins (Human arousal ribonucleoprotein) are a group of proteins that are a protein of citrus,KernelDensityGECO,5,0.001,what are rab proteins,msmarco-passage/train,ielabgroup/vec2text_gtr-base-st_corrector
16,AAA proteins,-Arginin -Aginin -Aginin -a peptide is a,KernelDensityGECO,5,0.001,is arginin a peptide,msmarco-passage/train,ielabgroup/vec2text_gtr-base-st_corrector
16,AAA proteins,0.5 to 0.5 grams of beef slender musculature (such as creatinin or creatinin) in hamburger protein,KernelDensityGECO,5,0.001,how much protein in hamburger,msmarco-passage/train,ielabgroup/vec2text_gtr-base-st_corrector
16,AAA proteins,"forms of protein. Proteins such as a fatty acid, a type of protein, and a form of ketone are known as",KernelDensityGECO,5,0.001,what are forms of protein,msmarco-passage/train,ielabgroup/vec2text_gtr-base-st_corrector
16,AAA proteins,Argireline argireline () is a peptide of the aminoglycosamine drug which results from,KernelDensityGECO,5,0.001,what is argireline peptide,msmarco-passage/train,ielabgroup/vec2text_gtr-base-st_corrector
16,AAA proteins,genotype for aa is aa (aabdx)  aa (aa)  aa,KernelDensityGECO,5,0.001,genotype for aa,msmarco-passage/train,ielabgroup/vec2text_gtr-base-st_corrector
17,DO1 antibody,"definition of antidiuretic hormone, a diuretic hormone, is a peptide hormone that binds to water",KernelDensityGECO,5,0.001,antidiuretic hormone definition,msmarco-passage/train,ielabgroup/vec2text_gtr-base-st_corrector
17,DO1 antibody,"Blood test shows that a blood test shows a cytochrome A, a blood test, and a blood test for autoimmune disease",KernelDensityGECO,5,0.001,what blood test show,msmarco-passage/train,ielabgroup/vec2text_gtr-base-st_corrector
17,DO1 antibody,"a lab to check for lactates, pulses, and pulses before administering lovenox. Ideally, the patient will trust dose checks",KernelDensityGECO,5,0.001,what labs to check before administering lovenox,msmarco-passage/train,ielabgroup/vec2text_gtr-base-st_corrector
17,DO1 antibody,HA1bc is a cyclic hepatic aortic hormone and a food supplement known as hepatic,KernelDensityGECO,5,0.001,what is hba1c,msmarco-passage/train,ielabgroup/vec2text_gtr-base-st_corrector
17,DO1 antibody,-antigen -antigen (a.k.a. antibody) and -agent are defined proteins and molecule,KernelDensityGECO,5,0.001,define antigen and antibody,msmarco-passage/train,ielabgroup/vec2text_gtr-base-st_corrector
17,DO1 antibody,"definition of antidiuretic hormone, a diuretic hormone, is a peptide hormone that binds to water",KernelDensityGECO,5,0.001,antidiuretic hormone definition,msmarco-passage/train,ielabgroup/vec2text_gtr-base-st_corrector
17,DO1 antibody,"a high anti-antigenic anti-aspirin antibody test, it is a peptide test that tests smooth muscle and determines",KernelDensityGECO,5,0.001,what does a high anti smooth muscle antibody test,msmarco-passage/train,ielabgroup/vec2text_gtr-base-st_corrector
17,DO1 antibody,dalpromethasone injection code to NS and how to code dalpromethasone. ALBDC alanc,KernelDensityGECO,5,0.001,alprostadil injection how to code ndc#,msmarco-passage/train,ielabgroup/vec2text_gtr-base-st_corrector
17,DO1 antibody,a Ladbradoodle ff1b ff1b is a crossbreed roodle of the United States,KernelDensityGECO,5,0.001,what is f1b labradoodle,msmarco-passage/train,ielabgroup/vec2text_gtr-base-st_corrector
17,DO1 antibody,immunophenotyping of leukaemia is a phenotype of immunoglobulins that are able to differentiate into,KernelDensityGECO,5,0.001,what is immunophenotyping of leukemia,msmarco-passage/train,ielabgroup/vec2text_gtr-base-st_corrector
18,Gis4,"h4A does include TSt. h4 includes a Throat, Expenses and Self Development. Y",KernelDensityGECO,5,0.001,does T4A include hst,msmarco-passage/train,ielabgroup/vec2text_gtr-base-st_corrector
18,Gis4,"how to watch season 4 of Orphan Black, watch it on a mp3 or a mp3 or a TV and watch it",KernelDensityGECO,5,0.001,how to watch season 4 of orphan black,msmarco-passage/train,ielabgroup/vec2text_gtr-base-st_corrector
18,Gis4,"is Shop 4 Charity, a legitimate charity. The company is backed up by the UK based charity SMART and reported to have fraud reduction",KernelDensityGECO,5,0.001,is shop 4 charity legit,msmarco-passage/train,ielabgroup/vec2text_gtr-base-st_corrector
18,Gis4,zip code 80487 Grampa Fork Rock/Grand Fork goat riding area zip code 8401 is a non-se,KernelDensityGECO,5,0.001,804 goat rock rd fortson ga zip code,msmarco-passage/train,ielabgroup/vec2text_gtr-base-st_corrector
18,Gis4,Install Kitkat on tab 4 and click on a tab on a tab. 1.2.1.2.1 Install a tab on kdat,KernelDensityGECO,5,0.001,how to install kitkat on tab 4,msmarco-passage/train,ielabgroup/vec2text_gtr-base-st_corrector
18,Gis4,"how to watch season 4 of Orphan Black, watch it on a mp3 or a mp3 or a TV and watch it",KernelDensityGECO,5,0.001,how to watch season 4 of orphan black,msmarco-passage/train,ielabgroup/vec2text_gtr-base-st_corrector
18,Gis4,e-copy contacts from a Samsung Galaxy S4 to a Samsung Galaxy S4 sim by transferring data from a Samsung Galaxy S,KernelDensityGECO,5,0.001,copy contacts from phone to sim samsung galaxy s4,msmarco-passage/train,ielabgroup/vec2text_gtr-base-st_corrector
18,Gis4,"the names of the four killjoys, the name of which is a play on the name of Kentish Samurai, the four moon",KernelDensityGECO,5,0.001,what is the names of the four killjoys,msmarco-passage/train,ielabgroup/vec2text_gtr-base-st_corrector
18,Gis4,"the physical properties of chthane, methane 4C is a gas of carbon and ether and a variety of chamoni",KernelDensityGECO,5,0.001,what are the physical properties of methane ch4,msmarco-passage/train,ielabgroup/vec2text_gtr-base-st_corrector
18,Gis4,"a person, it is safe to sit under a hair dryer for a short time before a hot dryer for type 4 iced hair",KernelDensityGECO,5,0.001,is it safe to sit under a hair dryer for type 4 hair,msmarco-passage/train,ielabgroup/vec2text_gtr-base-st_corrector
19,Comparison of Promoters of GAL1 and SUC1,"if silvaco can run GaN Material, a sailor can do this. Silvaco can run RealLuca",KernelDensityGECO,5,0.001,can silvaco run GaN material,msmarco-passage/train,ielabgroup/vec2text_gtr-base-st_corrector
19,Comparison of Promoters of GAL1 and SUC1,is esculin proteus luxatus eus. Exp. bile bile vulgaris is a bil,KernelDensityGECO,5,0.001,is proteus vulgaris bile esculin,msmarco-passage/train,ielabgroup/vec2text_gtr-base-st_corrector
19,Comparison of Promoters of GAL1 and SUC1,a            UC release. This is,KernelDensityGECO,5,0.001,what is a ucc release,msmarco-passage/train,ielabgroup/vec2text_gtr-base-st_corrector
19,Comparison of Promoters of GAL1 and SUC1,"is a government agency, as is the Georgia Information Technology Service (G.S.A) Office of State Planning and Commerce. GSA is",KernelDensityGECO,5,0.001,is gsa a government agency,msmarco-passage/train,ielabgroup/vec2text_gtr-base-st_corrector
19,Comparison of Promoters of GAL1 and SUC1,difference between the pickling procedure and the vogi-pulmonary procedure. Passivation is a procedure that is a working technique,KernelDensityGECO,5,0.001,what is the difference between pickling and passivation procedure,msmarco-passage/train,ielabgroup/vec2text_gtr-base-st_corrector
19,Comparison of Promoters of GAL1 and SUC1,sip alg sip alg is a special preparation of a Cisco IPSCO and CICI-C,KernelDensityGECO,5,0.001,what is sip alg cisco,msmarco-passage/train,ielabgroup/vec2text_gtr-base-st_corrector
19,Comparison of Promoters of GAL1 and SUC1,GSa member is a member of the Gsekia Sdnap & Performance Service. A GSA member is,KernelDensityGECO,5,0.001,what is a gsa member,msmarco-passage/train,ielabgroup/vec2text_gtr-base-st_corrector
19,Comparison of Promoters of GAL1 and SUC1,"difference between a sponsor and project sponsor is a liar who is a sponsor and a contractor who is not paid for, supervisor",KernelDensityGECO,5,0.001,difference between project sponsor and supervisor,msmarco-passage/train,ielabgroup/vec2text_gtr-base-st_corrector
19,Comparison of Promoters of GAL1 and SUC1,"difference between poison and non-poison sumac, poison sumac is a poison and a non-poison",KernelDensityGECO,5,0.001,difference between poison sumac and non poison,msmarco-passage/train,ielabgroup/vec2text_gtr-base-st_corrector
19,Comparison of Promoters of GAL1 and SUC1,How to measure heritability and gcTA is used to measure this -heritability of a given -adherent,KernelDensityGECO,5,0.001,how to measure heritability gcta,msmarco-passage/train,ielabgroup/vec2text_gtr-base-st_corrector
20,Substrate modification by ubiquitin,"ubi standard deduction,",KernelDensityGECO,5,0.001,ubi standard deduction,msmarco-passage/train,ielabgroup/vec2text_gtr-base-st_corrector
20,Substrate modification by ubiquitin,device is the uniflow sp,KernelDensityGECO,5,0.001,uniflow spp device,msmarco-passage/train,ielabgroup/vec2text_gtr-base-st_corrector
20,Substrate modification by ubiquitin,"what is considered to be Putrescibles. Putrescibles are oligodefibrillates, chemicals or invasive",KernelDensityGECO,5,0.001,what is considered putrescibles,msmarco-passage/train,ielabgroup/vec2text_gtr-base-st_corrector
20,Substrate modification by ubiquitin,Bisphosphonate Bisphosphonate (bis-nolufosphingosine) is a chemical that is,KernelDensityGECO,5,0.001,what is bisphosphonate,msmarco-passage/train,ielabgroup/vec2text_gtr-base-st_corrector
20,Substrate modification by ubiquitin,"need of certification for reasonable accommodation and/or a need for reasonable modification of (e.g., modification of (or re-) structural",KernelDensityGECO,5,0.001,certification of need for reasonable accommodation or structural modification,msmarco-passage/train,ielabgroup/vec2text_gtr-base-st_corrector
20,Substrate modification by ubiquitin,substitution mutation substitution (substituting mnemon) is a phylogenetic definition of a mutation in a,KernelDensityGECO,5,0.001,substitution mutation definition,msmarco-passage/train,ielabgroup/vec2text_gtr-base-st_corrector
20,Substrate modification by ubiquitin,"substances that are moving in secretion are steroid, cynidine, and ergotamine. These substances move in secreti",KernelDensityGECO,5,0.001,what substances are moving in secretion,msmarco-passage/train,ielabgroup/vec2text_gtr-base-st_corrector
20,Substrate modification by ubiquitin,use the control note microstation control note to change -leader -replace -leader -replace -taking and a resolution,KernelDensityGECO,5,0.001,how to change control leader microstation placing note,msmarco-passage/train,ielabgroup/vec2text_gtr-base-st_corrector
20,Substrate modification by ubiquitin,"the most common causes of sub-involution of the uterus. Consequentially, adiminia, and/or",KernelDensityGECO,5,0.001,"what are the most common causes for subinvolution of the uterus?, quizlet",msmarco-passage/train,ielabgroup/vec2text_gtr-base-st_corrector
20,Substrate modification by ubiquitin,"a pharmacological analysis, mupirocin belongs to the class of epinephrine/arginine drugs",KernelDensityGECO,5,0.001,what class of drugs does mupirocin belong?,msmarco-passage/train,ielabgroup/vec2text_gtr-base-st_corrector
21,Role of p63 and p73 in relation to DNA damage,ESo and ad hoc ad id ad chisen. This is considered direct damage.,KernelDensityGECO,5,0.001,eso what is considered direct damage,msmarco-passage/train,ielabgroup/vec2text_gtr-base-st_corrector
21,Role of p63 and p73 in relation to DNA damage,"do rRNA polymerase and dna polymerase transcribe the whole molecule, i.e., the DNA",KernelDensityGECO,5,0.001,does rna polymerase transcribe the whole dna molecule,msmarco-passage/train,ielabgroup/vec2text_gtr-base-st_corrector
21,Role of p63 and p73 in relation to DNA damage,"rRNA differs from a dna rDNA or rDNA, which still differs from a cna",KernelDensityGECO,5,0.001,dna differs from rna in what,msmarco-passage/train,ielabgroup/vec2text_gtr-base-st_corrector
21,Role of p63 and p73 in relation to DNA damage,"a double helix or double helix, DNA is bidirectional in meaning that it has a double helix that",KernelDensityGECO,5,0.001,DNA is a double helix that is bidirectional meaning that it,msmarco-passage/train,ielabgroup/vec2text_gtr-base-st_corrector
21,Role of p63 and p73 in relation to DNA damage,"the enzymes that converts information stored in DNA from RNA to RNA, which is a RNA, information stored in RNA is",KernelDensityGECO,5,0.001,the enzymes that converts information stored in RNA to information stored in DNA is,msmarco-passage/train,ielabgroup/vec2text_gtr-base-st_corrector
21,Role of p63 and p73 in relation to DNA damage,,KernelDensityGECO,5,0.001,what is contained in DS-9148-KIT-CSCO,msmarco-passage/train,ielabgroup/vec2text_gtr-base-st_corrector
21,Role of p63 and p73 in relation to DNA damage,"a double helix or double helix, DNA is bidirectional in meaning that it has a double helix that",KernelDensityGECO,5,0.001,DNA is a double helix that is bidirectional meaning that it,msmarco-passage/train,ielabgroup/vec2text_gtr-base-st_corrector
21,Role of p63 and p73 in relation to DNA damage,468+550 + 585+55  + 585+55  + 585+590  + 550,KernelDensityGECO,5,0.001,5450+468,msmarco-passage/train,ielabgroup/vec2text_gtr-base-st_corrector
21,Role of p63 and p73 in relation to DNA damage,"dqp on the ring, means a dqap ring is a ring that is able to be placed",KernelDensityGECO,5,0.001,what does dqp on a ring mean,msmarco-passage/train,ielabgroup/vec2text_gtr-base-st_corrector
21,Role of p63 and p73 in relation to DNA damage,"of G3p is used in the following processes: As a result of the use of this process, g3p is used when a",KernelDensityGECO,5,0.001,g3p is used in which of the following processes,msmarco-passage/train,ielabgroup/vec2text_gtr-base-st_corrector
22,Relative response of p53 family members to agents causing single-stranded versus double-stranded DNA breaks,"nucleotides, DNA polymerase adducts nucleotide I and iii addrix",KernelDensityGECO,5,0.001,dna polymerase iii adds nucleotides quizlet,msmarco-passage/train,ielabgroup/vec2text_gtr-base-st_corrector
22,Relative response of p53 family members to agents causing single-stranded versus double-stranded DNA breaks,how the rRNA (rRNA lnap primer) works to act as a primer on the dna containing replication,KernelDensityGECO,5,0.001,how does the rna primer work in dna replication,msmarco-passage/train,ielabgroup/vec2text_gtr-base-st_corrector
22,Relative response of p53 family members to agents causing single-stranded versus double-stranded DNA breaks,"reactions dna dna is catalyzed by DNA polymerase, which in turn catalyzes the",KernelDensityGECO,5,0.001,what reaction does dna polymerase catalyzed,msmarco-passage/train,ielabgroup/vec2text_gtr-base-st_corrector
22,Relative response of p53 family members to agents causing single-stranded versus double-stranded DNA breaks,"replace a similar, but less expensive, control diorase. The control diorase replaces peptide and human DNA",KernelDensityGECO,5,0.001,what replaces dior dna control,msmarco-passage/train,ielabgroup/vec2text_gtr-base-st_corrector
22,Relative response of p53 family members to agents causing single-stranded versus double-stranded DNA breaks,"what is left of the extracted DNA, scientists can re-extract a dnase and use it to perform biochemical",KernelDensityGECO,5,0.001,what can scientists do with extracted dna,msmarco-passage/train,ielabgroup/vec2text_gtr-base-st_corrector
22,Relative response of p53 family members to agents causing single-stranded versus double-stranded DNA breaks,explain why the structure of a molecule is often described as a dnasm zipper and the adna flow,KernelDensityGECO,5,0.001,explain why the structure of a dna molecule is often described as a zipper,msmarco-passage/train,ielabgroup/vec2text_gtr-base-st_corrector
22,Relative response of p53 family members to agents causing single-stranded versus double-stranded DNA breaks,"how much we share DNA with humans, chimps only know how much we share, or lbp, with chimps",KernelDensityGECO,5,0.001,how much dna do we share with chimps,msmarco-passage/train,ielabgroup/vec2text_gtr-base-st_corrector
22,Relative response of p53 family members to agents causing single-stranded versus double-stranded DNA breaks,steps are in order of information that separating DNA from a cyatro-diabet and the steps that follow,KernelDensityGECO,5,0.001,what are the steps of separating dna,msmarco-passage/train,ielabgroup/vec2text_gtr-base-st_corrector
22,Relative response of p53 family members to agents causing single-stranded versus double-stranded DNA breaks,difficulties of editing (Daema-editing) and difficulties of editing (Daema-editing) by agar,KernelDensityGECO,5,0.001,difficulties of dna editing,msmarco-passage/train,ielabgroup/vec2text_gtr-base-st_corrector
22,Relative response of p53 family members to agents causing single-stranded versus double-stranded DNA breaks,a repressor binds to a repressor molecule. This binds to redoxase molecules,KernelDensityGECO,5,0.001,what binds to a repressor molecule,msmarco-passage/train,ielabgroup/vec2text_gtr-base-st_corrector
23,Saccharomyces cerevisiae proteins involved in ubiquitin system,(cyclin) proteins are a group of cyclic cyclins (Citroine-binding proteins) which undergo,KernelDensityGECO,5,0.001,what are cyclin proteins,msmarco-passage/train,ielabgroup/vec2text_gtr-base-st_corrector
23,Saccharomyces cerevisiae proteins involved in ubiquitin system,role of nucleus accumbens is arelissive to their role in schizophrenia and this is primarily through nucleus,KernelDensityGECO,5,0.001,what is the role of nucleus accumbens in schizophrenia,msmarco-passage/train,ielabgroup/vec2text_gtr-base-st_corrector
23,Saccharomyces cerevisiae proteins involved in ubiquitin system,syncytial -syn. -syncytial is a resistance of a single,KernelDensityGECO,5,0.001,syncytial definition,msmarco-passage/train,ielabgroup/vec2text_gtr-base-st_corrector
23,Saccharomyces cerevisiae proteins involved in ubiquitin system,a sequelae disease called microvascular underlying vascular disease. These are the result of iodendron.,KernelDensityGECO,5,0.001,what is sequelae from underlying microvascular disease,msmarco-passage/train,ielabgroup/vec2text_gtr-base-st_corrector
23,Saccharomyces cerevisiae proteins involved in ubiquitin system,Ceresin Ceresin (also known as cerebisin) is a peptide biotinyl in the human brain,KernelDensityGECO,5,0.001,what is ceresin,msmarco-passage/train,ielabgroup/vec2text_gtr-base-st_corrector
23,Saccharomyces cerevisiae proteins involved in ubiquitin system,of the following enzymes (aminophosphoglucose and aminophospholipid) is likely the most abundant protein in the world,KernelDensityGECO,5,0.001,which of the following enzymes is probably the most abundant protein in the world,msmarco-passage/train,ielabgroup/vec2text_gtr-base-st_corrector
23,Saccharomyces cerevisiae proteins involved in ubiquitin system,"by insulin-free diet, i.e., by protease inhibitor protease increases blood sugar and therefore increases your blood sugar",KernelDensityGECO,5,0.001,how does protease inhibitor increase blood sugar,msmarco-passage/train,ielabgroup/vec2text_gtr-base-st_corrector
23,Saccharomyces cerevisiae proteins involved in ubiquitin system,unspSc classification is a class of unsegregated plant classification. This class is based on resonant,KernelDensityGECO,5,0.001,what is unspsc classification,msmarco-passage/train,ielabgroup/vec2text_gtr-base-st_corrector
23,Saccharomyces cerevisiae proteins involved in ubiquitin system,"enzymes in the pancreatic juice are responsible for the digestion of proteins in pancreas, namely guanosine and aga",KernelDensityGECO,5,0.001,which enzymes in pancreatic juice are responsible for the digestion of proteins,msmarco-passage/train,ielabgroup/vec2text_gtr-base-st_corrector
23,Saccharomyces cerevisiae proteins involved in ubiquitin system,"virulence factors of serratia marcescens and their virulence rates in venom of other virulent bacteria,",KernelDensityGECO,5,0.001,virulence factors of serratia marcescens,msmarco-passage/train,ielabgroup/vec2text_gtr-base-st_corrector
24,Mouse peptidoglycan recognition proteins (PGRP),"oil. Using a rinsey vinegar to get rid of mice, put peppermint on your back or a combination.",KernelDensityGECO,5,0.001,what to put peppermint on to get rid of mice?,msmarco-passage/train,ielabgroup/vec2text_gtr-base-st_corrector
24,Mouse peptidoglycan recognition proteins (PGRP),A genomic-snap genomic SNP is a cellular genomics and physiology. This group provides a metabolic,KernelDensityGECO,5,0.001,what is a genomic snp,msmarco-passage/train,ielabgroup/vec2text_gtr-base-st_corrector
24,Mouse peptidoglycan recognition proteins (PGRP),types of guar hydroxypropyltrimethylsodium chloride (trimethylpropyltrimonium hpargon,KernelDensityGECO,5,0.001,types of guar hydroxypropyltrimonium chloride,msmarco-passage/train,ielabgroup/vec2text_gtr-base-st_corrector
24,Mouse peptidoglycan recognition proteins (PGRP),indicating that a protein produced by a gene from the 1-Case-D 1 gene is a regulatory,KernelDensityGECO,5,0.001,which of the following is a protein produced by a regulatory gene,msmarco-passage/train,ielabgroup/vec2text_gtr-base-st_corrector
24,Mouse peptidoglycan recognition proteins (PGRP),G antibodies G antibodies (GaseG) are a series of peptides and acoustic antibodies that are able,KernelDensityGECO,5,0.001,what are gG antibodies,msmarco-passage/train,ielabgroup/vec2text_gtr-base-st_corrector
24,Mouse peptidoglycan recognition proteins (PGRP),Bio-medical PCR (Bio-Cerebral PCR) is a special biochemical and biochemical technique of infectious cardiomy,KernelDensityGECO,5,0.001,what is biomedical PCR,msmarco-passage/train,ielabgroup/vec2text_gtr-base-st_corrector
24,Mouse peptidoglycan recognition proteins (PGRP),defined crp teeth. Crp teeth Crp teeth ( : glaucoma glaucoma) are distal tooth failures,KernelDensityGECO,5,0.001,define crp teeth,msmarco-passage/train,ielabgroup/vec2text_gtr-base-st_corrector
24,Mouse peptidoglycan recognition proteins (PGRP),breathing mouse – formerly known as Microsoft Breathing Mouse – is a mouse that is a small mouse that moves and rests on,KernelDensityGECO,5,0.001,what is breathing mouse,msmarco-passage/train,ielabgroup/vec2text_gtr-base-st_corrector
24,Mouse peptidoglycan recognition proteins (PGRP),rehab PPg (C.M.S.) PPg is a recovery from a stress release medication. It is a preparation,KernelDensityGECO,5,0.001,what is rehab pps (cmg),msmarco-passage/train,ielabgroup/vec2text_gtr-base-st_corrector
24,Mouse peptidoglycan recognition proteins (PGRP),"a mousepad on a Lenovo laptop scoffo atop its luepolygraphics, remove it and fix",KernelDensityGECO,5,0.001,how to fix lenovo laptop mousepad,msmarco-passage/train,ielabgroup/vec2text_gtr-base-st_corrector
25,Cause of scleroderma,"a cause of sleep or sleep-aspiration, it is a result of your sleep that causes shivering in your sleep",KernelDensityGECO,5,0.001,what causes shivering in your sleep,msmarco-passage/train,ielabgroup/vec2text_gtr-base-st_corrector
25,Cause of scleroderma,"causes of nodosum erythema. This condition is a result of ectosis, rhabdoma",KernelDensityGECO,5,0.001,causes of erythema nodosum,msmarco-passage/train,ielabgroup/vec2text_gtr-base-st_corrector
25,Cause of scleroderma,caused by a lack of osteroids (micros) and causes osteomyelitis,KernelDensityGECO,5,0.001,causes of osteomyelitis,msmarco-passage/train,ielabgroup/vec2text_gtr-base-st_corrector
25,Cause of scleroderma,"in humans, the causes of scabies in humans are the reactions of the bacterium Sfecsia or Sfe",KernelDensityGECO,5,0.001,what causes scabies in humans,msmarco-passage/train,ielabgroup/vec2text_gtr-base-st_corrector
25,Cause of scleroderma,a fecal-oblique condition (sutissacular) of the supraclavian fat pads causes,KernelDensityGECO,5,0.001,supraclavicular fat pads causes,msmarco-passage/train,ielabgroup/vec2text_gtr-base-st_corrector
25,Cause of scleroderma,cause of subdural hematoma (a hematoma of the suppuration of the lumbar nerves),KernelDensityGECO,5,0.001,cause of subdural hematoma,msmarco-passage/train,ielabgroup/vec2text_gtr-base-st_corrector
25,Cause of scleroderma,"bacterial infections, or mrsa infections, are caused by re-infection of the skin osa to re",KernelDensityGECO,5,0.001,what causes mrsa skin infections to recur,msmarco-passage/train,ielabgroup/vec2text_gtr-base-st_corrector
25,Cause of scleroderma,causes a fever of sacrodermatitis (Bolic thrush or rash fever) and Scarlet fever is the result,KernelDensityGECO,5,0.001,what causes scarlet fever rash,msmarco-passage/train,ielabgroup/vec2text_gtr-base-st_corrector
25,Cause of scleroderma,"causes are: Clique de sabre is a result of a projecting energy, it causes coup de sabre",KernelDensityGECO,5,0.001,what causes coup de sabre,msmarco-passage/train,ielabgroup/vec2text_gtr-base-st_corrector
25,Cause of scleroderma,cause (hemangiosarcoma) or a tumor in the dog's bronchosarcoma hepatitis,KernelDensityGECO,5,0.001,what causes hemangiosarcoma in dogs?,msmarco-passage/train,ielabgroup/vec2text_gtr-base-st_corrector
26,Function of BUB2/BFA1 in the process of cytokinesis,the genotypes of the F2 generation are: F-types F2 F-types F-,KernelDensityGECO,5,0.001,what are the genotypes of the f2 generation,msmarco-passage/train,ielabgroup/vec2text_gtr-base-st_corrector
26,Function of BUB2/BFA1 in the process of cytokinesis,"Bbu is a Bossory Board Interface (BBO) and is a means of firing stock. Bbu means ""the company",KernelDensityGECO,5,0.001,what is bbu mean,msmarco-passage/train,ielabgroup/vec2text_gtr-base-st_corrector
26,Function of BUB2/BFA1 in the process of cytokinesis,"in the glossoblasts and in mitosis, cohesins break down in a phase that is the phase",KernelDensityGECO,5,0.001,in what phase of mitosis do cohesins break down,msmarco-passage/train,ielabgroup/vec2text_gtr-base-st_corrector
26,Function of BUB2/BFA1 in the process of cytokinesis,cytokine - a definition of a cytokine - is a set of cytidosis and proteins,KernelDensityGECO,5,0.001,cytokine definition,msmarco-passage/train,ielabgroup/vec2text_gtr-base-st_corrector
26,Function of BUB2/BFA1 in the process of cytokinesis,"What it means is cytosis, a cytosis of a cell or a cytosis of a calorie",KernelDensityGECO,5,0.001,what does cytosis mean,msmarco-passage/train,ielabgroup/vec2text_gtr-base-st_corrector
26,Function of BUB2/BFA1 in the process of cytokinesis,a difference between cytokinesis (in the animal cells) and cytokinesis (in the plant cells),KernelDensityGECO,5,0.001,what is the difference between cytokinesis in animal and plant cells?,msmarco-passage/train,ielabgroup/vec2text_gtr-base-st_corrector
26,Function of BUB2/BFA1 in the process of cytokinesis,BACtA BACtA (co-known as byetta) is a bacterium and vegetable protein known as byetta which is,KernelDensityGECO,5,0.001,what is byetta,msmarco-passage/train,ielabgroup/vec2text_gtr-base-st_corrector
26,Function of BUB2/BFA1 in the process of cytokinesis,sb2 gravel (also known as sb2 gash) is a granule of calcium  rocks.,KernelDensityGECO,5,0.001,what is sb2 gravel,msmarco-passage/train,ielabgroup/vec2text_gtr-base-st_corrector
26,Function of BUB2/BFA1 in the process of cytokinesis,a bosu push-up a bosu push-up is a form of push-up that is performed on a spiral,KernelDensityGECO,5,0.001,what is a bosu push up,msmarco-passage/train,ielabgroup/vec2text_gtr-base-st_corrector
26,Function of BUB2/BFA1 in the process of cytokinesis,(the Babinski reflex) is a babinski's reflex that helps the baby keep a fetal head from falling off,KernelDensityGECO,5,0.001,what's the babinski reflex,msmarco-passage/train,ielabgroup/vec2text_gtr-base-st_corrector
27,Role of autophagy in apoptosis,"the energy of the -ATP synthase, which drives the enzyme atpi synthase, drives the -ATP",KernelDensityGECO,5,0.001,what drives the atp synthase enzyme,msmarco-passage/train,ielabgroup/vec2text_gtr-base-st_corrector
27,Role of autophagy in apoptosis,autoimmunity (Autoimmunity) is a form of immunity to a thrush such as infected and,KernelDensityGECO,5,0.001,what is autoimmunity,msmarco-passage/train,ielabgroup/vec2text_gtr-base-st_corrector
27,Role of autophagy in apoptosis,how to do resposis and metabolasis. This is by metabolasis and sarco acidosis,KernelDensityGECO,5,0.001,how to do resp acidosis and metabolo,msmarco-passage/train,ielabgroup/vec2text_gtr-base-st_corrector
27,Role of autophagy in apoptosis,function of macrophages. Their role is to provide a high level of bio-acid metabolism and a high level of other nutrients.,KernelDensityGECO,5,0.001,what is the role of macrophages?,msmarco-passage/train,ielabgroup/vec2text_gtr-base-st_corrector
27,Role of autophagy in apoptosis,"is the thalamus (as in a testicular brain fama and testicular motor function) controls automatic functions,",KernelDensityGECO,5,0.001,does the thalamus control automatic functions,msmarco-passage/train,ielabgroup/vec2text_gtr-base-st_corrector
27,Role of autophagy in apoptosis,FTO protein does what it does,KernelDensityGECO,5,0.001,what does FTO protein do,msmarco-passage/train,ielabgroup/vec2text_gtr-base-st_corrector
27,Role of autophagy in apoptosis,"in which a cell is about to divide, the function of mitosis is to avert the reuptake of the cells",KernelDensityGECO,5,0.001,what is the function of mitosis in a cell that is about to divide,msmarco-passage/train,ielabgroup/vec2text_gtr-base-st_corrector
27,Role of autophagy in apoptosis,"process occurs in a box, which is what passes inside the box to the students as a result of information correcting for caroletization,",KernelDensityGECO,5,0.001,what process occurs in box a quizlet,msmarco-passage/train,ielabgroup/vec2text_gtr-base-st_corrector
27,Role of autophagy in apoptosis,"a definition of autonomic, a neuropathic apnea that is a function of the body at automatic pace",KernelDensityGECO,5,0.001,definition autonomic,msmarco-passage/train,ielabgroup/vec2text_gtr-base-st_corrector
27,Role of autophagy in apoptosis,"process that uses carrier proteins. Carrier proteins can use attATP, converting apexoproteins to lipids. Explaine",KernelDensityGECO,5,0.001,which process can use carrier proteins? explain.atp,msmarco-passage/train,ielabgroup/vec2text_gtr-base-st_corrector
28,Proteases that function in both apoptosis and autophagy cell death,"(Circulum ploides), the haploid process regenerate diploid cells from surviving haploid cells at",KernelDensityGECO,5,0.001,what process regenerate diploid cells from haploid cells,msmarco-passage/train,ielabgroup/vec2text_gtr-base-st_corrector
28,Proteases that function in both apoptosis and autophagy cell death,"When atp is released, a molecule of ATP is released and the cells become insensitive to the anti-carboxylation effects.",KernelDensityGECO,5,0.001,what happens when atp is released,msmarco-passage/train,ielabgroup/vec2text_gtr-base-st_corrector
28,Proteases that function in both apoptosis and autophagy cell death,atp (ATP) is a function of the adenosine polarises. It can store and eat energy from molecules,KernelDensityGECO,5,0.001,what is atp and it's function,msmarco-passage/train,ielabgroup/vec2text_gtr-base-st_corrector
28,Proteases that function in both apoptosis and autophagy cell death,is adiponectin. Adiponectin does not promote fibrosis but instead enhances apoptotic differentiation through,KernelDensityGECO,5,0.001,does adiponectin promote fibrosis,msmarco-passage/train,ielabgroup/vec2text_gtr-base-st_corrector
28,Proteases that function in both apoptosis and autophagy cell death,"plants, and a variety of eukaryotic cells, cells form during telophase. During telophase, cell",KernelDensityGECO,5,0.001,what forms in plants cells during telophase,msmarco-passage/train,ielabgroup/vec2text_gtr-base-st_corrector
28,Proteases that function in both apoptosis and autophagy cell death,"are apoptosis or swollen glands, do secrete sebaceous sebaceous product through the Apop",KernelDensityGECO,5,0.001,do sebaceous glands secrete products via apoptosis,msmarco-passage/train,ielabgroup/vec2text_gtr-base-st_corrector
28,Proteases that function in both apoptosis and autophagy cell death,"During a death, bowels release as soon as 0 to 3 bhr after death and bowels release biolo",KernelDensityGECO,5,0.001,how soon after death do bowels release,msmarco-passage/train,ielabgroup/vec2text_gtr-base-st_corrector
28,Proteases that function in both apoptosis and autophagy cell death,"what are three neurotransmitters that can inhibit actions in the autonomic nervous system, arouse, excite, or dissociate",KernelDensityGECO,5,0.001,what three neurotransmitters can excite or inhibit actions in the autonomic nervous system,msmarco-passage/train,ielabgroup/vec2text_gtr-base-st_corrector
28,Proteases that function in both apoptosis and autophagy cell death,"two genes that regulate cell divisions: aliphamin and thyroxetin, which both function as a dividing chro",KernelDensityGECO,5,0.001,what are two genes that regulate cell division,msmarco-passage/train,ielabgroup/vec2text_gtr-base-st_corrector
28,Proteases that function in both apoptosis and autophagy cell death,"more likely to promote a liasm. In general, an action potential is more likely to promote a acrodevelopment.",KernelDensityGECO,5,0.001,what is more likely to promote an action potential?,msmarco-passage/train,ielabgroup/vec2text_gtr-base-st_corrector
29,Phenotypes of gyrA mutations,"types of chromosomal abnormalities, i.e., chromosomal sclerosis and chromosomal",KernelDensityGECO,5,0.001,types of chromosomal abnormalities,msmarco-passage/train,ielabgroup/vec2text_gtr-base-st_corrector
29,Phenotypes of gyrA mutations,"with glycine glycine, is glycine hydrophobic, a risk of dilution and a urine",KernelDensityGECO,5,0.001,is glycine hydrophobic,msmarco-passage/train,ielabgroup/vec2text_gtr-base-st_corrector
29,Phenotypes of gyrA mutations,a common example of a protein containing -cyalidromolefin is a protein that contains symmetry,KernelDensityGECO,5,0.001,what is an example of a protein containing symmetry,msmarco-passage/train,ielabgroup/vec2text_gtr-base-st_corrector
29,Phenotypes of gyrA mutations,chromosome (chromosome 12222) is affected by color blindness due to inherited blindness,KernelDensityGECO,5,0.001,what chromosome is affected by color blindness,msmarco-passage/train,ielabgroup/vec2text_gtr-base-st_corrector
29,Phenotypes of gyrA mutations,of the Klinefelter syndrome is a type of mutation that occurs in klinefelter chromosomes (mk1A,KernelDensityGECO,5,0.001,what type of mutation occurs in klinefelter syndrome,msmarco-passage/train,ielabgroup/vec2text_gtr-base-st_corrector
29,Phenotypes of gyrA mutations,"the phagocytic cell, and other neuroglial cells, possess phagocytic and aqueduct properties.",KernelDensityGECO,5,0.001,which neuroglial cell possesses phagocytic properties,msmarco-passage/train,ielabgroup/vec2text_gtr-base-st_corrector
29,Phenotypes of gyrA mutations,hair color (a.k.a. hair color based on the expression of the color pigment (CBD)) is a genotype,KernelDensityGECO,5,0.001,is hair color a genotype,msmarco-passage/train,ielabgroup/vec2text_gtr-base-st_corrector
29,Phenotypes of gyrA mutations,difference between the hpv mRNA genotyping and hpv mrRNA genotyping on a macro screen,KernelDensityGECO,5,0.001,what is the difference between hpv mrna screen and hpv mrna genotyping,msmarco-passage/train,ielabgroup/vec2text_gtr-base-st_corrector
29,Phenotypes of gyrA mutations,a chromosomal -sequence is an example of a type of -chromosomal mutation.,KernelDensityGECO,5,0.001,what is an example of a type of chromosomal mutation,msmarco-passage/train,ielabgroup/vec2text_gtr-base-st_corrector
29,Phenotypes of gyrA mutations,"common defects in goats, most notably fetal and ovarian staphs, and other common defects in goats are",KernelDensityGECO,5,0.001,common defects in goats,msmarco-passage/train,ielabgroup/vec2text_gtr-base-st_corrector
30,Regulatory targets of the Nkx gene family members,research is bioinformatics and pharmacology known as microgenetic research. Microgenetics research is a process of identifying,KernelDensityGECO,5,0.001,what is microgenetic research,msmarco-passage/train,ielabgroup/vec2text_gtr-base-st_corrector
30,Regulatory targets of the Nkx gene family members,"cv genotypes. As a result, harrow ovunion is the most difficult to treat for patients with hepati",KernelDensityGECO,5,0.001,which hcv genotype is most difficult to treat,msmarco-passage/train,ielabgroup/vec2text_gtr-base-st_corrector
30,Regulatory targets of the Nkx gene family members,"question is a rife, so smallpox (the type of biological agent that includes virulent antigens) falls under",KernelDensityGECO,5,0.001,which type of biological agent does smallpox fall under?,msmarco-passage/train,ielabgroup/vec2text_gtr-base-st_corrector
30,Regulatory targets of the Nkx gene family members,"a sex-linked gene, a sex-assymbol cleavage, and what it is.",KernelDensityGECO,5,0.001,what is a sex-linked gene?,msmarco-passage/train,ielabgroup/vec2text_gtr-base-st_corrector
30,Regulatory targets of the Nkx gene family members,"Because alcohol companies are targeted, they are a target for a number of reasons, such as anti-alcoholic beverages and food embezzlement against",KernelDensityGECO,5,0.001,why are alcohol companies targeted,msmarco-passage/train,ielabgroup/vec2text_gtr-base-st_corrector
30,Regulatory targets of the Nkx gene family members,XS sight on the aa group nas sty PUGA DG Sight. The XS sight,KernelDensityGECO,5,0.001,what xs sight is on the naa pug,msmarco-passage/train,ielabgroup/vec2text_gtr-base-st_corrector
30,Regulatory targets of the Nkx gene family members,"by a partnership between Rex and a private equity firm, X Capital Partners. Rex, who owns resideX, is the owner",KernelDensityGECO,5,0.001,who owns residex,msmarco-passage/train,ielabgroup/vec2text_gtr-base-st_corrector
30,Regulatory targets of the Nkx gene family members,the nx (also known as the nx) is a fabled virtual quad-system for the Amazon i.e,KernelDensityGECO,5,0.001,what is the nx,msmarco-passage/train,ielabgroup/vec2text_gtr-base-st_corrector
30,Regulatory targets of the Nkx gene family members,Molecular target -Molecular target means a molecular molecule or a molecular molecule or a chemical,KernelDensityGECO,5,0.001,what does molecular target mean,msmarco-passage/train,ielabgroup/vec2text_gtr-base-st_corrector
30,Regulatory targets of the Nkx gene family members,the cause of the down-regulation of expression of a protein after the binding of a gene to a Dniephrotic,KernelDensityGECO,5,0.001,what causes a down-regulation of gene expression after the binding of a protein to dna,msmarco-passage/train,ielabgroup/vec2text_gtr-base-st_corrector
31,TOR signaling in neurofibromatosis,"a structure gastrulation create in the fetus, a gastrulation crisscross, from which the feta",KernelDensityGECO,5,0.001,what structure gastrulation create in a fetus,msmarco-passage/train,ielabgroup/vec2text_gtr-base-st_corrector
31,TOR signaling in neurofibromatosis,"the production of neuroendocrine (endocrine hormones or neuroendocrine cholinergic hormones), is a cause of neuro",KernelDensityGECO,5,0.001,what is the cause of neuroendocrine,msmarco-passage/train,ielabgroup/vec2text_gtr-base-st_corrector
31,TOR signaling in neurofibromatosis,TA-filgrastim is a bronchospine drug that aids in the production of StOP. Stafilgra,KernelDensityGECO,5,0.001,what is tbo-filgrastim,msmarco-passage/train,ielabgroup/vec2text_gtr-base-st_corrector
31,TOR signaling in neurofibromatosis,"it does, neural regulation (selective regulation of brain and cranial scholastic action factors) is a key mechanism to prevent",KernelDensityGECO,5,0.001,what does neural regulation doo,msmarco-passage/train,ielabgroup/vec2text_gtr-base-st_corrector
31,TOR signaling in neurofibromatosis,a CF scan or a CF scan can detect neurofibromatosis and neofibromatosis and do,KernelDensityGECO,5,0.001,can ct scan detect neurofibromatosis,msmarco-passage/train,ielabgroup/vec2text_gtr-base-st_corrector
31,TOR signaling in neurofibromatosis,difference between normal signal and gnd. Normal signal from GN is a function of a gimabond signal such as Symbol,KernelDensityGECO,5,0.001,difference between signal and normal gnd,msmarco-passage/train,ielabgroup/vec2text_gtr-base-st_corrector
31,TOR signaling in neurofibromatosis,"a chemical neurotransmitter in brain tissue afflicting it with a variety of diseases, and its association with jackson's",KernelDensityGECO,5,0.001,"chemical in brain tissue acting as a neurotransmitter, a lack of which can be associated with parkinson's disease",msmarco-passage/train,ielabgroup/vec2text_gtr-base-st_corrector
31,TOR signaling in neurofibromatosis,which protein initiates gene transcription and allows the use of non-glucose molecules (e.g. glucose),KernelDensityGECO,5,0.001,what protein initiates gene transcription and allows for the use of non-glucose molecules?,msmarco-passage/train,ielabgroup/vec2text_gtr-base-st_corrector
31,TOR signaling in neurofibromatosis,toenails/nails have a chiromastid effect on the thyroid and other conditions may affect the toenails,KernelDensityGECO,5,0.001,thyroid effects on toenails,msmarco-passage/train,ielabgroup/vec2text_gtr-base-st_corrector
31,TOR signaling in neurofibromatosis,"symptom of abnormal levels of TSH, i.e. excessive tyrosine levels and tahronasis",KernelDensityGECO,5,0.001,symptoms of abnormal tsh levels,msmarco-passage/train,ielabgroup/vec2text_gtr-base-st_corrector
32,Xenograft animal models of tumorogenesis,(or oogenesis) is a morphological organ of eutherian fecundity and oogenesis,KernelDensityGECO,5,0.001,what is oogenesis,msmarco-passage/train,ielabgroup/vec2text_gtr-base-st_corrector
32,Xenograft animal models of tumorogenesis,a single cross is the cross that produces a single progeny from the cDNA/DB1 and a range of alleles,KernelDensityGECO,5,0.001,which cross produce a single progeny,msmarco-passage/train,ielabgroup/vec2text_gtr-base-st_corrector
32,Xenograft animal models of tumorogenesis,"who conducts translational research, and a team of researchers at the National Center for Translational Medicine, such as Lucy Karnevas and Mario",KernelDensityGECO,5,0.001,who conducts translational research,msmarco-passage/train,ielabgroup/vec2text_gtr-base-st_corrector
32,Xenograft animal models of tumorogenesis,"Explaining what it is that it is a transgene in biology, transgenesis is a mechanism in biology of animals and lichen",KernelDensityGECO,5,0.001,what is transgenesis in biology,msmarco-passage/train,ielabgroup/vec2text_gtr-base-st_corrector
32,Xenograft animal models of tumorogenesis,Xenial           ) is a term,KernelDensityGECO,5,0.001,what does xenial mean,msmarco-passage/train,ielabgroup/vec2text_gtr-base-st_corrector
32,Xenograft animal models of tumorogenesis,which bones are considered endochondral. The bone shapes that are considered ebony-indochondral,KernelDensityGECO,5,0.001,what bones are considered endochondral,msmarco-passage/train,ielabgroup/vec2text_gtr-base-st_corrector
32,Xenograft animal models of tumorogenesis,"best description of av graft is a good description of a graft, involving a blood clyst",KernelDensityGECO,5,0.001,what is the best description of an av graft,msmarco-passage/train,ielabgroup/vec2text_gtr-base-st_corrector
32,Xenograft animal models of tumorogenesis,"gene expression cancer is considered a good prognosis. This is compared to standard cancer prognosis, which is viewed as",KernelDensityGECO,5,0.001,gene expression cancer what is considered as good prognosis,msmarco-passage/train,ielabgroup/vec2text_gtr-base-st_corrector
32,Xenograft animal models of tumorogenesis,a common example of a protein containing -cyalidromolefin is a protein that contains symmetry,KernelDensityGECO,5,0.001,what is an example of a protein containing symmetry,msmarco-passage/train,ielabgroup/vec2text_gtr-base-st_corrector
32,Xenograft animal models of tumorogenesis,protein and ionoglutarate. The hox genes create a type of high-protein hox (poax protein),KernelDensityGECO,5,0.001,what type of protein do hox genes create?,msmarco-passage/train,ielabgroup/vec2text_gtr-base-st_corrector
33,"Mice, mutant strains, and Histoplasmosis",a type of mutation causes tay sachs disease which is the most likely cause of the lack of answers on the forum's,KernelDensityGECO,5,0.001,what type of mutation causes tay sachs disease yahoo answers,msmarco-passage/train,ielabgroup/vec2text_gtr-base-st_corrector
33,"Mice, mutant strains, and Histoplasmosis","if you mutate the cyclin-binding site. This is, if you change the cyclin-causing the genetic",KernelDensityGECO,5,0.001,if you mutate the cyclin-binding site,msmarco-passage/train,ielabgroup/vec2text_gtr-base-st_corrector
33,"Mice, mutant strains, and Histoplasmosis",who have the ability to hibernate and form spores as environmental conditions improve. Spores can continue to muscate until,KernelDensityGECO,5,0.001,_____ have the ability to form spores and hibernate until environmental conditions improve.,msmarco-passage/train,ielabgroup/vec2text_gtr-base-st_corrector
33,"Mice, mutant strains, and Histoplasmosis","ms is actually lyme disease and ms is in fact lyme disease and lyme-distribution,",KernelDensityGECO,5,0.001,ms is actually lyme disease,msmarco-passage/train,ielabgroup/vec2text_gtr-base-st_corrector
33,"Mice, mutant strains, and Histoplasmosis","symptoms of histamine release. Histamine release is accompanied by a period of symptom relief, a breath change and a reaction",KernelDensityGECO,5,0.001,symptoms of histamine release,msmarco-passage/train,ielabgroup/vec2text_gtr-base-st_corrector
33,"Mice, mutant strains, and Histoplasmosis","types of Mirizzi syndrome (i.e., a syndrome with a mirizzi-sis, or a gait disorder",KernelDensityGECO,5,0.001,mirizzi syndrome types,msmarco-passage/train,ielabgroup/vec2text_gtr-base-st_corrector
33,"Mice, mutant strains, and Histoplasmosis","each have histoplasmosis, cryptopneumonia, cytomegalovirus, and pneumococcal infections in",KernelDensityGECO,5,0.001,"what do cryptococcal infection, cytomegalovirus infection, histoplasmosis, and pneumocystis have in common",msmarco-passage/train,ielabgroup/vec2text_gtr-base-st_corrector
33,"Mice, mutant strains, and Histoplasmosis","which gene mutation is responsible for Bloom Syndrome, is the gene for which Bloom Syndrome is a known case, after a cleft amine glut",KernelDensityGECO,5,0.001,which gene mutation is responsible for Bloom Syndrome,msmarco-passage/train,ielabgroup/vec2text_gtr-base-st_corrector
33,"Mice, mutant strains, and Histoplasmosis","to benefit from a molecule of histamine, histamine provides a significant benefit to preventing a vascular obstruct",KernelDensityGECO,5,0.001,what the benefit of histamine,msmarco-passage/train,ielabgroup/vec2text_gtr-base-st_corrector
33,"Mice, mutant strains, and Histoplasmosis","the cells, which secrete histamines, H-cells egyptogens detect a source of histamine",KernelDensityGECO,5,0.001,which cells secrete histamines,msmarco-passage/train,ielabgroup/vec2text_gtr-base-st_corrector
34,Gene products of Cryptococcus important to fungal survival,a sturge web gnaq gene is a gluque gene that is a growth engine driving the Wimmer-Pe,KernelDensityGECO,5,0.001,what is a gnaq gene sturge weber,msmarco-passage/train,ielabgroup/vec2text_gtr-base-st_corrector
34,Gene products of Cryptococcus important to fungal survival,"is a bioreactor waste collection, whether infectious or non-infected, is considered infectious, as is the case with recent human bacterial",KernelDensityGECO,5,0.001,is bioreactor waste considered infectious,msmarco-passage/train,ielabgroup/vec2text_gtr-base-st_corrector
34,Gene products of Cryptococcus important to fungal survival,"what many genes are involved in a monohybrid cross, i.e., 1 to 3 m and 1",KernelDensityGECO,5,0.001,how many genes are involved in a monohybrid cross,msmarco-passage/train,ielabgroup/vec2text_gtr-base-st_corrector
34,Gene products of Cryptococcus important to fungal survival,(Ataxin) gene is a gene related to ataxin and other receptor-like tensile division virus,KernelDensityGECO,5,0.001,what is ataxin related gene,msmarco-passage/train,ielabgroup/vec2text_gtr-base-st_corrector
34,Gene products of Cryptococcus important to fungal survival,"which microorganisms are currently used to manufacture Rennet, there is a lack of commercial approval and the rennet (dia",KernelDensityGECO,5,0.001,what microorganisms are currently used to manufacture rennet,msmarco-passage/train,ielabgroup/vec2text_gtr-base-st_corrector
34,Gene products of Cryptococcus important to fungal survival,"family: nutmeg (or nutmeg) belongs to the spice family of the Commastia, which belongs to the",KernelDensityGECO,5,0.001,what family does  nutmeg belong to,msmarco-passage/train,ielabgroup/vec2text_gtr-base-st_corrector
34,Gene products of Cryptococcus important to fungal survival,"why a roundworm has a cuticle, so as to keep a femplasm around it, it often has a",KernelDensityGECO,5,0.001,why does a roundworm have a cuticle,msmarco-passage/train,ielabgroup/vec2text_gtr-base-st_corrector
34,Gene products of Cryptococcus important to fungal survival,-coenocytic -coenocytic is a system of neopythases,KernelDensityGECO,5,0.001,what is coenocytic,msmarco-passage/train,ielabgroup/vec2text_gtr-base-st_corrector
34,Gene products of Cryptococcus important to fungal survival,because genes expression is important and can be a vital part of a plant cell’s esophagus. It is important in plants,KernelDensityGECO,5,0.001,why is gene expression important in plants,msmarco-passage/train,ielabgroup/vec2text_gtr-base-st_corrector
34,Gene products of Cryptococcus important to fungal survival,a dilated agly. Algal growth is caused by algal growth in a container that collects and drains the,KernelDensityGECO,5,0.001,how does algal growth caused by a,msmarco-passage/train,ielabgroup/vec2text_gtr-base-st_corrector
35,WD40 repeat-containing proteins,"as a protein for protecting against fatty acids like clotting and retinol, scientists have recommended that protein is good for cholesterol",KernelDensityGECO,5,0.001,is protein good for cholesterol,msmarco-passage/train,ielabgroup/vec2text_gtr-base-st_corrector
35,WD40 repeat-containing proteins,"a protein in a duck egg, and a 1 to 5% protein in a nutrient-rich egg, water or fat shell",KernelDensityGECO,5,0.001,how much protein in a duck egg,msmarco-passage/train,ielabgroup/vec2text_gtr-base-st_corrector
35,WD40 repeat-containing proteins,(also known as protein) is a molecule of the human body that helps to form and store,KernelDensityGECO,5,0.001,what is protein,msmarco-passage/train,ielabgroup/vec2text_gtr-base-st_corrector
35,WD40 repeat-containing proteins,"- if you are using it. If you are clean and clean, if you are using it you can reuse damp rid - fung",KernelDensityGECO,5,0.001,can you reuse damp rid,msmarco-passage/train,ielabgroup/vec2text_gtr-base-st_corrector
35,WD40 repeat-containing proteins,"stupoctate stupoctate spp., Swift brand pork does use racodinamine to alleviat",KernelDensityGECO,5,0.001,does swift brand pork use ractopamine,msmarco-passage/train,ielabgroup/vec2text_gtr-base-st_corrector
35,WD40 repeat-containing proteins,C           is a reactive protein in protein.,KernelDensityGECO,5,0.001,what is a c reactive protein?,msmarco-passage/train,ielabgroup/vec2text_gtr-base-st_corrector
35,WD40 repeat-containing proteins,"enriched with a high concentration of cyanide, calcium, glucose, and other nutrients. Bananas do contain protein",KernelDensityGECO,5,0.001,do bananas contain protein,msmarco-passage/train,ielabgroup/vec2text_gtr-base-st_corrector
35,WD40 repeat-containing proteins,"Calcium oxidase (Cas) is a protein with 8 to 10 amino acids. It is also known as milk protein, which",KernelDensityGECO,5,0.001,what is milk protein,msmarco-passage/train,ielabgroup/vec2text_gtr-base-st_corrector
35,WD40 repeat-containing proteins,"between 1 to 4 hours and a half days, whey protein is stored in a muscle and when it eats, it will last",KernelDensityGECO,5,0.001,how long does whey protein last,msmarco-passage/train,ielabgroup/vec2text_gtr-base-st_corrector
35,WD40 repeat-containing proteins,"if a meat contains a resemblance or if it contains a protein supplement. The meat contains beef, which contains protein",KernelDensityGECO,5,0.001,does beef contain protein,msmarco-passage/train,ielabgroup/vec2text_gtr-base-st_corrector
36,RAB3A,AKB               means,KernelDensityGECO,5,0.001,what doesn AKB means,msmarco-passage/train,ielabgroup/vec2text_gtr-base-st_corrector
36,RAB3A,3 3 (No3) is a pyrophosphate and a chemical aqueous organotide. No,KernelDensityGECO,5,0.001,what is no3,msmarco-passage/train,ielabgroup/vec2text_gtr-base-st_corrector
36,RAB3A,"devoted rabbi, Veleen rabbi (Veleen teethomasukad)",KernelDensityGECO,5,0.001,velveteen rabbi,msmarco-passage/train,ielabgroup/vec2text_gtr-base-st_corrector
36,RAB3A,", , , , , , , also known as J2ee, is a specialized class of electronics products",KernelDensityGECO,5,0.001,what is j2ee,msmarco-passage/train,ielabgroup/vec2text_gtr-base-st_corrector
36,RAB3A,by router is 'BKR RUP' and we define it as 'BKR RUP' which means we can access our NBA,KernelDensityGECO,5,0.001,what do we mean by NBAR in router,msmarco-passage/train,ielabgroup/vec2text_gtr-base-st_corrector
36,RAB3A,"Aba-abba are now in Europe, where they are now, and a long-lost family of slaves, who are now",KernelDensityGECO,5,0.001,where are abba now,msmarco-passage/train,ielabgroup/vec2text_gtr-base-st_corrector
36,RAB3A,3 letter abbreviation portuguese,KernelDensityGECO,5,0.001,portuguese 3 letter abbreviation,msmarco-passage/train,ielabgroup/vec2text_gtr-base-st_corrector
36,RAB3A,name for Al-Khali. Other names for it are Rub khali ( ') or Rub ul-Rab,KernelDensityGECO,5,0.001,another name for rub  al khali,msmarco-passage/train,ielabgroup/vec2text_gtr-base-st_corrector
36,RAB3A,battery diagnosis code - AA-B-A-B-A-A-A-A-A-DL-3103 Hearing aid batteries codes,KernelDensityGECO,5,0.001,hearing aid batteries diagnosis code,msmarco-passage/train,ielabgroup/vec2text_gtr-base-st_corrector
36,RAB3A,a shabbet (         ) represents Babylon,KernelDensityGECO,5,0.001,what does shabbet represent,msmarco-passage/train,ielabgroup/vec2text_gtr-base-st_corrector
37,PAM,"where tamiment - PA is. Located in the beautiful and rocky country of Amonsa, tampon and music",KernelDensityGECO,5,0.001,where is tamiment pa.,msmarco-passage/train,ielabgroup/vec2text_gtr-base-st_corrector
37,PAM,kolam kolam () is a powerful vegetable and a milk product of the Indian known as aBNAM for,KernelDensityGECO,5,0.001,what is kolam,msmarco-passage/train,ielabgroup/vec2text_gtr-base-st_corrector
37,PAM,a parti pom is a polymerid. It is a proxy for the French National Party. It is known as,KernelDensityGECO,5,0.001,what is a parti pom,msmarco-passage/train,ielabgroup/vec2text_gtr-base-st_corrector
37,PAM,MP is Pompe. Pompeo is inherited by the Premier of the Duchy of Derby and features in the prestigious BBC One talent arsenal.,KernelDensityGECO,5,0.001,which mps is pompe?,msmarco-passage/train,ielabgroup/vec2text_gtr-base-st_corrector
37,PAM,women's volleyball coach at the HUXVV VAL GEOTCHIS CHIS Women's Games Pan Am volleyball coaching program,KernelDensityGECO,5,0.001,pan am games womens volleyball coach,msmarco-passage/train,ielabgroup/vec2text_gtr-base-st_corrector
37,PAM,"of kara, mollie, bok, and dai brusket, known as Kama. Kama is an aromatic",KernelDensityGECO,5,0.001,what is kama,msmarco-passage/train,ielabgroup/vec2text_gtr-base-st_corrector
37,PAM,pa-dss pa-dss is a digital fess for the German Armed Force,KernelDensityGECO,5,0.001,what is pa-dss?,msmarco-passage/train,ielabgroup/vec2text_gtr-base-st_corrector
37,PAM,"pronounced Aam criteria, based on how you pronounce a syllable:",KernelDensityGECO,5,0.001,how do you pronounce asam criteria,msmarco-passage/train,ielabgroup/vec2text_gtr-base-st_corrector
37,PAM,a foaming and priming - foaming and priming - is a process of foaming and scalding of grease,KernelDensityGECO,5,0.001,what is priming and foaming,msmarco-passage/train,ielabgroup/vec2text_gtr-base-st_corrector
37,PAM,"emsam topical. As a lubricant and obturate, emsam topical e",KernelDensityGECO,5,0.001,emsam topical,msmarco-passage/train,ielabgroup/vec2text_gtr-base-st_corrector
38,Risk factors for stroke,"A diversifiable risk (distrident risk, diversifiable risk) is a rudimentary risk that",KernelDensityGECO,5,0.001,what is a diversifiable risk,msmarco-passage/train,ielabgroup/vec2text_gtr-base-st_corrector
38,Risk factors for stroke,"(currently discussed in detail) is the push-pull factor, immigration factors are a major draw on immigration. The main focus of this factor",KernelDensityGECO,5,0.001,what's the push pull factors of immigration,msmarco-passage/train,ielabgroup/vec2text_gtr-base-st_corrector
38,Risk factors for stroke,is a risk factor of COPD and other chondrosarcomas and other underlying health problems. CopD is an identified risk,KernelDensityGECO,5,0.001,is copd an identified risk factor,msmarco-passage/train,ielabgroup/vec2text_gtr-base-st_corrector
38,Risk factors for stroke,Factor T (factor t) is a factor in the blood of marrow and peritoneal phlegm,KernelDensityGECO,5,0.001,what is factor t in blood,msmarco-passage/train,ielabgroup/vec2text_gtr-base-st_corrector
38,Risk factors for stroke,"the risks of steroids, which are a drug that increases the risk of apnea, abrasion, and other injuries",KernelDensityGECO,5,0.001,what are the risks of steroids,msmarco-passage/train,ielabgroup/vec2text_gtr-base-st_corrector
38,Risk factors for stroke,"a glial muscle, such as a headache, and a brain stimuli such as a moderate migraine, which triggers migraine",KernelDensityGECO,5,0.001,what triggers migraine,msmarco-passage/train,ielabgroup/vec2text_gtr-base-st_corrector
38,Risk factors for stroke,"physical effects of MDMA coma, elongation of the body, and a ripple in the sidelines of the body during stroke",KernelDensityGECO,5,0.001,physical effects of mdma stroke,msmarco-passage/train,ielabgroup/vec2text_gtr-base-st_corrector
38,Risk factors for stroke,"right side stroke, the stroke is a rheumatoid sensation with minimal symptoms, including breathing difficulties, drank muscle",KernelDensityGECO,5,0.001,right side stroke symptoms,msmarco-passage/train,ielabgroup/vec2text_gtr-base-st_corrector
38,Risk factors for stroke,cause of amyoiopathic lateral sclerosis. It is a pathogen-induced senile gastrointestinal and cardiovascular autoimmune,KernelDensityGECO,5,0.001,what is the cause of amyotrophic lateral sclerosis?virusenvironmentgeneticidiopathic,msmarco-passage/train,ielabgroup/vec2text_gtr-base-st_corrector
38,Risk factors for stroke,"the most important factors when treating patients with COPD, e.g. asthma and phlegm and a realistic expectation of cardiac health",KernelDensityGECO,5,0.001,most important factors when treating patients with copd and asthma,msmarco-passage/train,ielabgroup/vec2text_gtr-base-st_corrector
39,Hypertension,at a blood pressure level of 1–5 mP (90–180 dP) or higher is dangerous and the danger to human heart,KernelDensityGECO,5,0.001,at what level is blood pressure dangerous,msmarco-passage/train,ielabgroup/vec2text_gtr-base-st_corrector
39,Hypertension,ocular hypertension ophthalmic hypertension (ocular hypertension occlusions) is a condition of vision that is bilateral,KernelDensityGECO,5,0.001,what is ocular hypertension bilateral,msmarco-passage/train,ielabgroup/vec2text_gtr-base-st_corrector
39,Hypertension,keratosis (or hyperkeratosis) is the apex of the grafts of the body,KernelDensityGECO,5,0.001,define hyperkeratosis,msmarco-passage/train,ielabgroup/vec2text_gtr-base-st_corrector
39,Hypertension,"there is a connection between ocular hypertension and pulmonary hypertension; i.e., ocular vision and pulmonary hyper",KernelDensityGECO,5,0.001,is there a connection between pulmonary hypertension and ocular hypertension,msmarco-passage/train,ielabgroup/vec2text_gtr-base-st_corrector
39,Hypertension,cholesterol and glucose in your joints. What HDL does is reduce the amount of cholesterol that a food consuming fat can produce.,KernelDensityGECO,5,0.001,what does hdl do,msmarco-passage/train,ielabgroup/vec2text_gtr-base-st_corrector
39,Hypertension,Extension HT Extension HT is a tyre product that helps menize zeta liquus,KernelDensityGECO,5,0.001,what is extenze ht,msmarco-passage/train,ielabgroup/vec2text_gtr-base-st_corrector
39,Hypertension,Hyperemia (involvement of a wound) Hyperemia is the underlying cause of blood activity during a wound involving hypocris,KernelDensityGECO,5,0.001,what is hyperemia when a wound is involved?,msmarco-passage/train,ielabgroup/vec2text_gtr-base-st_corrector
39,Hypertension,(hemoglobin) or a high hemoglobin (hemoglobinemia) is called elevated hemoglobin. It is called,KernelDensityGECO,5,0.001,what is elevated hemoglobin called,msmarco-passage/train,ielabgroup/vec2text_gtr-base-st_corrector
39,Hypertension,garcinia cambogia i.e. garcinia cambogia s et g can affect high blood pressure/,KernelDensityGECO,5,0.001,does garcinia cambogia affect high blood pressure,msmarco-passage/train,ielabgroup/vec2text_gtr-base-st_corrector
39,Hypertension,"is high, potatoes can be a good indicator of blood pressure due to a high blood pressure index (maternal somatosis",KernelDensityGECO,5,0.001,is potato good for high blood pressure,msmarco-passage/train,ielabgroup/vec2text_gtr-base-st_corrector
40,Antigens expressed by lung epithelial cells,describe the formation of a sickle cell hematoglobin. Hematoglobin is formed with a high red blood hemo,KernelDensityGECO,5,0.001,describe the formation of a sickle cell hemoglobin,msmarco-passage/train,ielabgroup/vec2text_gtr-base-st_corrector
40,Antigens expressed by lung epithelial cells,"stoat cells that lining the veoli and aeoli, are the two cells found in the lungs and are generally",KernelDensityGECO,5,0.001,name the two type of cells found lining the alveoli,msmarco-passage/train,ielabgroup/vec2text_gtr-base-st_corrector
40,Antigens expressed by lung epithelial cells,Squamous epicell (Ureine) Squamous epicells are a spherical cell in the urine of,KernelDensityGECO,5,0.001,what is squamous epi cells in urine,msmarco-passage/train,ielabgroup/vec2text_gtr-base-st_corrector
40,Antigens expressed by lung epithelial cells,in blood are antigens (anti-agglucans) which are a set of anti-inflammatory substances and anti-virulence,KernelDensityGECO,5,0.001,what are antigens in blood,msmarco-passage/train,ielabgroup/vec2text_gtr-base-st_corrector
40,Antigens expressed by lung epithelial cells,"(epihelial cells, akin to a ceratopsis and avascular cells) is epithelial",KernelDensityGECO,5,0.001,what is epithelial cells,msmarco-passage/train,ielabgroup/vec2text_gtr-base-st_corrector
40,Antigens expressed by lung epithelial cells,chemicals produced in plants characterized by their ability to induce cell elongation and cell division (by the use of stem-stem encapsul,KernelDensityGECO,5,0.001,chemicals produced in plants that are characterized by their ability to induce cell elongation and cell division in stems,msmarco-passage/train,ielabgroup/vec2text_gtr-base-st_corrector
40,Antigens expressed by lung epithelial cells,"as the molecules are not spared energy for a simple molecule, an enzyme molecule is a helical molecule or helizer",KernelDensityGECO,5,0.001,is an enzyme a helical molecule,msmarco-passage/train,ielabgroup/vec2text_gtr-base-st_corrector
40,Antigens expressed by lung epithelial cells,"a similarities between connective tissue and epithelial tissue (which includes abutments, scaffold, hematopeial",KernelDensityGECO,5,0.001,similarities between connective tissue and epithelial,msmarco-passage/train,ielabgroup/vec2text_gtr-base-st_corrector
40,Antigens expressed by lung epithelial cells,"the chemicals of epinephrine are involved in epinephrine, epinephrine dil",KernelDensityGECO,5,0.001,what chemicals are involved in epinephrine,msmarco-passage/train,ielabgroup/vec2text_gtr-base-st_corrector
40,Antigens expressed by lung epithelial cells,"(blood cells) which accumulate in the lungs during lung pneumonia, the resulting cytoplasm is drained into a large black egg layer",KernelDensityGECO,5,0.001,what blood cell accumulate in the lungs during pneumonia,msmarco-passage/train,ielabgroup/vec2text_gtr-base-st_corrector
41,Mutations in the Cystic Fibrosis conductance regulator gene,ms can share a gene for a gene for co-disease with ms. Cortinas have cousins,KernelDensityGECO,5,0.001,can cousins share a gene for ms,msmarco-passage/train,ielabgroup/vec2text_gtr-base-st_corrector
41,Mutations in the Cystic Fibrosis conductance regulator gene,which type of mutation is the one that causes deafness (as seen in the human ear-abundance) or hearing-,KernelDensityGECO,5,0.001,what is the type of mutation that causes deafness,msmarco-passage/train,ielabgroup/vec2text_gtr-base-st_corrector
41,Mutations in the Cystic Fibrosis conductance regulator gene,Gene conversion Gene conversion (or -transmission or -translation) is a form of gene alterations in human genetics which,KernelDensityGECO,5,0.001,what is gene conversion,msmarco-passage/train,ielabgroup/vec2text_gtr-base-st_corrector
41,Mutations in the Cystic Fibrosis conductance regulator gene,"if chicken pox is a cause of a chest X-ray, it can exhibit abnormalities on the breast X-rays",KernelDensityGECO,5,0.001,can chicken pox cause abnormalities on a chest xray,msmarco-passage/train,ielabgroup/vec2text_gtr-base-st_corrector
41,Mutations in the Cystic Fibrosis conductance regulator gene,"Flow cytometry certification under CI SILI Code, it will also use a CLA code of 9605 Anatolys",KernelDensityGECO,5,0.001,what clia certification code does flow cytometry fall under,msmarco-passage/train,ielabgroup/vec2text_gtr-base-st_corrector
41,Mutations in the Cystic Fibrosis conductance regulator gene,chromosomes and one gene that is affected is the Down syndrome chromosome (dserum tegmentum,KernelDensityGECO,5,0.001,down syndrome what gene or chromosomes is affected,msmarco-passage/train,ielabgroup/vec2text_gtr-base-st_corrector
41,Mutations in the Cystic Fibrosis conductance regulator gene,"a good example of gene expression causing disease is the e.g. rhesus coli syndrome, causing diseases induced",KernelDensityGECO,5,0.001,gene expression causing disease example,msmarco-passage/train,ielabgroup/vec2text_gtr-base-st_corrector
41,Mutations in the Cystic Fibrosis conductance regulator gene,"mththrin gene mutation, mthfr is a mthr-mfr gene. This gene fore",KernelDensityGECO,5,0.001,mthfr gene mutation,msmarco-passage/train,ielabgroup/vec2text_gtr-base-st_corrector
41,Mutations in the Cystic Fibrosis conductance regulator gene,"between 1 and 8 different mutations can create cystic fibrosis, or caustic fibrosis, which is how many different",KernelDensityGECO,5,0.001,how many different mutations can create cystic fibrosis,msmarco-passage/train,ielabgroup/vec2text_gtr-base-st_corrector
41,Mutations in the Cystic Fibrosis conductance regulator gene,B. Cystic fibrosis is inherited in the mother of the following diseased organisms: 1. Familial fibrosis,KernelDensityGECO,5,0.001,Cystic fibrosis is an inherited disorder that affects which of the following?,msmarco-passage/train,ielabgroup/vec2text_gtr-base-st_corrector
42,Genes altered by chromosome translocations,"of a gene is variable, i.e., it means gene expression (gene expression) is variable and what it means depends on",KernelDensityGECO,5,0.001,what does gene expression is variable mean,msmarco-passage/train,ielabgroup/vec2text_gtr-base-st_corrector
42,Genes altered by chromosome translocations,chromosome is the abnormality of the chromosome systolic klinefelter syndrome and Klinefelter,KernelDensityGECO,5,0.001,what is the chromosome abnormality in klinefelter's syndrome,msmarco-passage/train,ielabgroup/vec2text_gtr-base-st_corrector
42,Genes altered by chromosome translocations,enzymes (e.g. acetic acid and abaca) are used to perform genetic modification of genes (enzymes) used,KernelDensityGECO,5,0.001,what enzymes are used in genetic modification,msmarco-passage/train,ielabgroup/vec2text_gtr-base-st_corrector
42,Genes altered by chromosome translocations,"defined genetically modified biology (as defined in biochemistry and biotechnology) or genetically modified agronomy, a group of biological",KernelDensityGECO,5,0.001,define genetically modified biology,msmarco-passage/train,ielabgroup/vec2text_gtr-base-st_corrector
42,Genes altered by chromosome translocations,"a definition of bacterial translocation, a process of bacterial insertion and translocation in the gastrointestinal tract and a bacterium",KernelDensityGECO,5,0.001,bacterial translocation definition,msmarco-passage/train,ielabgroup/vec2text_gtr-base-st_corrector
42,Genes altered by chromosome translocations,"relationship between chromosomes and genes chromosomes, vs. dna chromosomes and RNA",KernelDensityGECO,5,0.001,relationship between genes dna and chromosomes,msmarco-passage/train,ielabgroup/vec2text_gtr-base-st_corrector
42,Genes altered by chromosome translocations,"a difference between chromosomal acromogenesis, which is a genetic mutation, and chromosomal mutation",KernelDensityGECO,5,0.001,what is the difference between chromosomal mutation and genetic mutation,msmarco-passage/train,ielabgroup/vec2text_gtr-base-st_corrector
42,Genes altered by chromosome translocations,chromosome (chromosome 12222) is affected by color blindness due to inherited blindness,KernelDensityGECO,5,0.001,what chromosome is affected by color blindness,msmarco-passage/train,ielabgroup/vec2text_gtr-base-st_corrector
42,Genes altered by chromosome translocations,how plasmid dsDNA is different from chromosomal dsDNA in that it is a chromoso,KernelDensityGECO,5,0.001,how is plasmid dna different from chromosomal dna,msmarco-passage/train,ielabgroup/vec2text_gtr-base-st_corrector
42,Genes altered by chromosome translocations,how they are cut out of human body. Genes are cut out of human body by cutting cells containing glucose and other biologically,KernelDensityGECO,5,0.001,how are genes cut out of human,msmarco-passage/train,ielabgroup/vec2text_gtr-base-st_corrector
43,Sleeping Beauty,a snuffleupagus is a stuple-legged elves and a rhinoceros,KernelDensityGECO,5,0.001,what is a snuffleupagus?,msmarco-passage/train,ielabgroup/vec2text_gtr-base-st_corrector
43,Sleeping Beauty,"if it is bad to wake a child from a sleepwalking teeming with a sleep, it is also bad",KernelDensityGECO,5,0.001,is it bad to wake a sleepwalking child,msmarco-passage/train,ielabgroup/vec2text_gtr-base-st_corrector
43,Sleeping Beauty,a reward Disney Rewards is a sling-coat reward that provides benefits to children and actresses at the Disney animated movie,KernelDensityGECO,5,0.001,what is disney movie rewards,msmarco-passage/train,ielabgroup/vec2text_gtr-base-st_corrector
43,Sleeping Beauty,process s sleep (scrowding or a sleep if a runner is asleep) is a safe form of sleep.,KernelDensityGECO,5,0.001,what is process s safer sleep,msmarco-passage/train,ielabgroup/vec2text_gtr-base-st_corrector
43,Sleeping Beauty,a time in normal time (0.30 to 0.5 hours per night) deep sleep is the normal time a person sat in between sleep,KernelDensityGECO,5,0.001,what is normal time deep sleep per night,msmarco-passage/train,ielabgroup/vec2text_gtr-base-st_corrector
43,Sleeping Beauty,"where pheasants sleep at night, as they do not sleep on the ground or on the sedges of their phe",KernelDensityGECO,5,0.001,where do pheasants sleep at night,msmarco-passage/train,ielabgroup/vec2text_gtr-base-st_corrector
43,Sleeping Beauty,"a wake, Kittiwakes is a swine-breasted euatha known as",KernelDensityGECO,5,0.001,what is a kittiwakes,msmarco-passage/train,ielabgroup/vec2text_gtr-base-st_corrector
43,Sleeping Beauty,"Whether a cow sleeps for a day or a long day (from 2 to 8.5 hours), cows sleep in the morning",KernelDensityGECO,5,0.001,how long do cows sleep a day,msmarco-passage/train,ielabgroup/vec2text_gtr-base-st_corrector
43,Sleeping Beauty,called a neo-nasal blurt or a neo-nasal rhythm when you suddenly fall,KernelDensityGECO,5,0.001,what is it called when you suddenly fall asleep,msmarco-passage/train,ielabgroup/vec2text_gtr-base-st_corrector
43,Sleeping Beauty,"to non-rem. There are about 9 stages for REM sleep, and about 3 for SM sleep, before one can arouse",KernelDensityGECO,5,0.001,how many stages are there to non- rem sleep?,msmarco-passage/train,ielabgroup/vec2text_gtr-base-st_corrector
44,Proteins involved in the nerve growth factor pathway,"do nerve damage progress fast, if it is a bit a bit too fast for normal health and nerve healing. Damage is a fast beginning",KernelDensityGECO,5,0.001,does nerve damage progress fast,msmarco-passage/train,ielabgroup/vec2text_gtr-base-st_corrector
44,Proteins involved in the nerve growth factor pathway,definitions scaffolding proteins - is a protein involving the insertion of a ribonucleoprotein in the gastrointestinal system,KernelDensityGECO,5,0.001,scaffolding proteins definition,msmarco-passage/train,ielabgroup/vec2text_gtr-base-st_corrector
44,Proteins involved in the nerve growth factor pathway,"in the axon of the human physiology, the promoter is found in the gene where the gene is found (Prosector",KernelDensityGECO,5,0.001,where is the promoter found in a gene,msmarco-passage/train,ielabgroup/vec2text_gtr-base-st_corrector
44,Proteins involved in the nerve growth factor pathway,"a calorie-rich diet such as a burger, beef, chicken, or salmon, high protein foods are now high protein foods",KernelDensityGECO,5,0.001,high protein foods,msmarco-passage/train,ielabgroup/vec2text_gtr-base-st_corrector
44,Proteins involved in the nerve growth factor pathway,"is the oxygen-containing protein in muscle cells that controls iron uptake by red blood cells and red blood cells that bind to methylating oxygen,",KernelDensityGECO,5,0.001,is the iron-containing protein in muscle cells that controls oxygen uptake from red blood cells,msmarco-passage/train,ielabgroup/vec2text_gtr-base-st_corrector
44,Proteins involved in the nerve growth factor pathway,"a key metric for determining which characteristics are most critical for activity and function, but the most important feature is the protein's macrolo",KernelDensityGECO,5,0.001,which feature or characteristic is most critical for protein function or activity?,msmarco-passage/train,ielabgroup/vec2text_gtr-base-st_corrector
44,Proteins involved in the nerve growth factor pathway,"is a protein containing -calf, -methion, -binol,  cabbage is protein",KernelDensityGECO,5,0.001,is cabbage a protein,msmarco-passage/train,ielabgroup/vec2text_gtr-base-st_corrector
44,Proteins involved in the nerve growth factor pathway,"What is made of Dna and cDNA, or some protein, is made from a few amino acids and some protein, and some protein",KernelDensityGECO,5,0.001,what is made of dna and some protein,msmarco-passage/train,ielabgroup/vec2text_gtr-base-st_corrector
44,Proteins involved in the nerve growth factor pathway,"physiological effects of growth factor releasing hormone, which triggers a fecal-avulsion reaction, growth factor releasing hormone reacts",KernelDensityGECO,5,0.001,what physiological effects does growth hormone releasing factor stimulate,msmarco-passage/train,ielabgroup/vec2text_gtr-base-st_corrector
44,Proteins involved in the nerve growth factor pathway,"in function, myelin (as a receptacle of nerve pain) is important in the importance of nerve in the nervous",KernelDensityGECO,5,0.001,what is the importance of myelin in nerve function,msmarco-passage/train,ielabgroup/vec2text_gtr-base-st_corrector
45,Mental Health Wellness-1,"data from the Center for Mental Health Analyses, Health Core uses behavioral measures (core measures) and it is not a measure that is used by",KernelDensityGECO,5,0.001,does behavioral health use core measures,msmarco-passage/train,ielabgroup/vec2text_gtr-base-st_corrector
45,Mental Health Wellness-1,defined mental health – a mental health disorder or a mental health – as a set of fundamental areas of human well-being and psychological,KernelDensityGECO,5,0.001,define mental health,msmarco-passage/train,ielabgroup/vec2text_gtr-base-st_corrector
45,Mental Health Wellness-1,"what a Wellness Check consists of, a thorough medical check and a thorough pretense test to determine thes are healthy for each",KernelDensityGECO,5,0.001,what does a wellness check consist of,msmarco-passage/train,ielabgroup/vec2text_gtr-base-st_corrector
45,Mental Health Wellness-1,Dds mental health dds is a behavioural and psychiatric health service that is a joint disorder of mental health,KernelDensityGECO,5,0.001,what is dds mental health,msmarco-passage/train,ielabgroup/vec2text_gtr-base-st_corrector
45,Mental Health Wellness-1,psychiatrist salary,KernelDensityGECO,5,0.001,psychiatrist social worker salary,msmarco-passage/train,ielabgroup/vec2text_gtr-base-st_corrector
45,Mental Health Wellness-1,"program do, a program known as Mental Health therapist program, is a program that provides counseling and psychoanalytic services to help people develop",KernelDensityGECO,5,0.001,what do program mental health therapist do,msmarco-passage/train,ielabgroup/vec2text_gtr-base-st_corrector
45,Mental Health Wellness-1,“Achievements of Public Health” is a landmark achievement that aims to improve public health and serve the broader public health sector.,KernelDensityGECO,5,0.001,what are achievements of public health,msmarco-passage/train,ielabgroup/vec2text_gtr-base-st_corrector
45,Mental Health Wellness-1,hra hra hra hra hra hra hra is a,KernelDensityGECO,5,0.001,is hra welfare,msmarco-passage/train,ielabgroup/vec2text_gtr-base-st_corrector
45,Mental Health Wellness-1,"mental retardation is now called a mental illness, and today it is no longer called a nasophagic plect called",KernelDensityGECO,5,0.001,mental retardation is now called,msmarco-passage/train,ielabgroup/vec2text_gtr-base-st_corrector
45,Mental Health Wellness-1,"types of mental health therapies, which include a wide range of types of treatments such as b-rays, sarcasm therapy",KernelDensityGECO,5,0.001,types of mental health therapies,msmarco-passage/train,ielabgroup/vec2text_gtr-base-st_corrector
46,RSK2,the information on each scribble. Math 1 is a difference between subject tests (mathematics) and (mathematics 2),KernelDensityGECO,5,0.001,what is the difference between math subject test 1 and 2,msmarco-passage/train,ielabgroup/vec2text_gtr-base-st_corrector
46,RSK2,(in KS2 - KSXV) write the date using the Roman numerals and the date 'I' by the date,KernelDensityGECO,5,0.001,how do you write the date in roman numerals KS2,msmarco-passage/train,ielabgroup/vec2text_gtr-base-st_corrector
46,RSK2,sterek  is a basic housewares and a home appliances software product. It is a blend of quinol,KernelDensityGECO,5,0.001,what is sterek,msmarco-passage/train,ielabgroup/vec2text_gtr-base-st_corrector
46,RSK2,"how to survive 2 level Camp.Succeed in Camps and eat enough calories and eat enough, you will be able to 80%",KernelDensityGECO,5,0.001,how to survive 2 camp level,msmarco-passage/train,ielabgroup/vec2text_gtr-base-st_corrector
46,RSK2,"postcode SK11 is located in the skate-land suburb of skate-land, skudi",KernelDensityGECO,5,0.001,where is sk11 postcode,msmarco-passage/train,ielabgroup/vec2text_gtr-base-st_corrector
46,RSK2,Rucksack   (rucksack) is a small lansing pouch andmotch in a football which is,KernelDensityGECO,5,0.001,what is rucksack,msmarco-passage/train,ielabgroup/vec2text_gtr-base-st_corrector
46,RSK2,"on the coming-out date of ""Apocalypto 2"" and on the coming-out date of ""Apocalypto",KernelDensityGECO,5,0.001,when is apocalypto 2 coming out,msmarco-passage/train,ielabgroup/vec2text_gtr-base-st_corrector
46,RSK2,a coating to harden A2 to a coating that is aluminoplastic acetate (A2C0F).,KernelDensityGECO,5,0.001,what coating  to harden a2?,msmarco-passage/train,ielabgroup/vec2text_gtr-base-st_corrector
46,RSK2,osrdsdsv osrdsv (OSRDV) is a receptacle for food,KernelDensityGECO,5,0.001,what is osdsrv,msmarco-passage/train,ielabgroup/vec2text_gtr-base-st_corrector
46,RSK2,"zoosk , aka ZOosk, is a zoo-based information encyclopedia,",KernelDensityGECO,5,0.001,what is zoosk,msmarco-passage/train,ielabgroup/vec2text_gtr-base-st_corrector
47,Human gene BCL-2 antagonists and inhibitors,"a blood-clot-diabetic adrenease antagonist, Warfarin, is an antagonist that occurs",KernelDensityGECO,5,0.001,what is a warfarin antagonist,msmarco-passage/train,ielabgroup/vec2text_gtr-base-st_corrector
47,Human gene BCL-2 antagonists and inhibitors,"a variety of antibodies attack the lungs, including a combination of CBO-CHD and a CHD-II which attacks lung",KernelDensityGECO,5,0.001,what antibodies attacks the lungs,msmarco-passage/train,ielabgroup/vec2text_gtr-base-st_corrector
47,Human gene BCL-2 antagonists and inhibitors,"is Her2 is a gene (as with APENSA1 and Her2-Aps). Unlike the U-T gene,",KernelDensityGECO,5,0.001,is Her2 a gene,msmarco-passage/train,ielabgroup/vec2text_gtr-base-st_corrector
47,Human gene BCL-2 antagonists and inhibitors,AP bio-cell signaling by AP immune cell signaling. This signaling is a function of the adenosine receptor,KernelDensityGECO,5,0.001,ap bio immune cell signaling,msmarco-passage/train,ielabgroup/vec2text_gtr-base-st_corrector
47,Human gene BCL-2 antagonists and inhibitors,"cells, which manufacture antibodies, adrenergic plasmids and a tetamine B cells, produce antibodies",KernelDensityGECO,5,0.001,what cells manufacture antibodies,msmarco-passage/train,ielabgroup/vec2text_gtr-base-st_corrector
47,Human gene BCL-2 antagonists and inhibitors,causes group B strep (B-strep bacteriorum b bacilla) and the bacteria bacterial,KernelDensityGECO,5,0.001,what causes group b strep bacteria,msmarco-passage/train,ielabgroup/vec2text_gtr-base-st_corrector
47,Human gene BCL-2 antagonists and inhibitors,the genes that express IL-1/IL-1/Cdf and IL-1/EF are associated with filariasis and other diseases,KernelDensityGECO,5,0.001,what genes are associated with filariasis,msmarco-passage/train,ielabgroup/vec2text_gtr-base-st_corrector
47,Human gene BCL-2 antagonists and inhibitors,Blood types (as a ductophil) have no agglutinogens because they have no agglutinogen distribution,KernelDensityGECO,5,0.001,what blood type has no agglutinogens,msmarco-passage/train,ielabgroup/vec2text_gtr-base-st_corrector
47,Human gene BCL-2 antagonists and inhibitors,"is bromelain (bromathiol) a blood thinner, bromathiol has been shown to decrease the blood",KernelDensityGECO,5,0.001,is bromelain a blood thinner,msmarco-passage/train,ielabgroup/vec2text_gtr-base-st_corrector
47,Human gene BCL-2 antagonists and inhibitors,"types of serotonin antagonists, namely sulfonyl-amino acid and cis-amino",KernelDensityGECO,5,0.001,types of serotonin antagonist,msmarco-passage/train,ielabgroup/vec2text_gtr-base-st_corrector
48,Human homologues of C. elegans UNC genes,are located where c,KernelDensityGECO,5,0.001,where are c,msmarco-passage/train,ielabgroup/vec2text_gtr-base-st_corrector
48,Human homologues of C. elegans UNC genes,"is possible for two people to have the same DNA if they are able to have each other's DNA,",KernelDensityGECO,5,0.001,is it possible for any two people to have the same DNA,msmarco-passage/train,ielabgroup/vec2text_gtr-base-st_corrector
48,Human homologues of C. elegans UNC genes,"humans have the same dnasal DNA or dnasal DNA, so do the human if we are in the same",KernelDensityGECO,5,0.001,do humans have the same dna,msmarco-passage/train,ielabgroup/vec2text_gtr-base-st_corrector
48,Human homologues of C. elegans UNC genes,"tools used to find genomic location is by mutation list, e.g. by scanlog, e.g. by map, find genomic location",KernelDensityGECO,5,0.001,tools find genomic location from mutation list,msmarco-passage/train,ielabgroup/vec2text_gtr-base-st_corrector
48,Human homologues of C. elegans UNC genes,"for a number of genes, Camp stands for regulation of cytogenetic acylation and the USDA-Caml coli stand for regulation",KernelDensityGECO,5,0.001,what do camp stand for for gene regulation,msmarco-passage/train,ielabgroup/vec2text_gtr-base-st_corrector
48,Human homologues of C. elegans UNC genes,"in a cytoskeleton, hymenocortex, or VE, it takes up to 90 hours to assemble human genome",KernelDensityGECO,5,0.001,how long to assemble human genome,msmarco-passage/train,ielabgroup/vec2text_gtr-base-st_corrector
48,Human homologues of C. elegans UNC genes,why differences in the derived mitochondrial DNA and/or mRNA can be used as characters based on differences in the mRNA and,KernelDensityGECO,5,0.001,why can differences in mitochondrial dna be used as derived characters,msmarco-passage/train,ielabgroup/vec2text_gtr-base-st_corrector
48,Human homologues of C. elegans UNC genes,"in the central theory of gene expression, the process is the process of describing and examining the etiology of the gene and its states",KernelDensityGECO,5,0.001,in the central theory of gene expression what is the process,msmarco-passage/train,ielabgroup/vec2text_gtr-base-st_corrector
48,Human homologues of C. elegans UNC genes,"chromosomes and  dnDNA genomes,  epigenetics and  epigenetics relate",KernelDensityGECO,5,0.001,how do genes chromosomes dna genomes and epigenetics relate,msmarco-passage/train,ielabgroup/vec2text_gtr-base-st_corrector
48,Human homologues of C. elegans UNC genes,a group of related genes is,KernelDensityGECO,5,0.001,a group of related genes is called a,msmarco-passage/train,ielabgroup/vec2text_gtr-base-st_corrector
49,Glyphosate tolerance gene sequence,Changes in DNA sequence that affect genetic information          are known as,KernelDensityGECO,5,0.001,Changes in a DNA sequence that affect genetic information are known as,msmarco-passage/train,ielabgroup/vec2text_gtr-base-st_corrector
49,Glyphosate tolerance gene sequence,the genotype of wet earwax. The e-peptide is catiated into a water symbio,KernelDensityGECO,5,0.001,what is the genotype of wet earwax,msmarco-passage/train,ielabgroup/vec2text_gtr-base-st_corrector
49,Glyphosate tolerance gene sequence,the following a f2-fascinols produce F2 generation. This generation is primarily due to the formation of,KernelDensityGECO,5,0.001,which of the following produces the f2 generation,msmarco-passage/train,ielabgroup/vec2text_gtr-base-st_corrector
49,Glyphosate tolerance gene sequence,"s phenotype is a genotype phenotype, g phenotype, s phenotype is",KernelDensityGECO,5,0.001,what is genotype s phenotype,msmarco-passage/train,ielabgroup/vec2text_gtr-base-st_corrector
49,Glyphosate tolerance gene sequence,is anti-allergic (anti-glucose antibodies)  cardiolipin test is a genetic test as well as a test,KernelDensityGECO,5,0.001,is cardiolipin antibody a genetic test,msmarco-passage/train,ielabgroup/vec2text_gtr-base-st_corrector
49,Glyphosate tolerance gene sequence,dosage characterization is the dosage of an amount that satisfies the FDA guidelines for pharmacology and telopharmacogen,KernelDensityGECO,5,0.001,what is dosage characterization for fda,msmarco-passage/train,ielabgroup/vec2text_gtr-base-st_corrector
49,Glyphosate tolerance gene sequence,"products is the product of glycogenics. The product is a product of CIDS, peptidase, and a glycogen",KernelDensityGECO,5,0.001,what product is glycogenics,msmarco-passage/train,ielabgroup/vec2text_gtr-base-st_corrector
49,Glyphosate tolerance gene sequence,"function of phosphoglycomutase, phosphoglycomutase is in metabolism of glucose to eugenic",KernelDensityGECO,5,0.001,what is the function of phosphoglucomutase in glycogen metabolism,msmarco-passage/train,ielabgroup/vec2text_gtr-base-st_corrector
49,Glyphosate tolerance gene sequence,"for frost tolerance (or frost tolerance, which is a slang for 'beat of snow') is the phrase '",KernelDensityGECO,5,0.001,what is the phrase for frost tolerance,msmarco-passage/train,ielabgroup/vec2text_gtr-base-st_corrector
49,Glyphosate tolerance gene sequence,is a family disease of the lyme disease family (lyme disease and fibrosis). It is not uncommon to test genetic,KernelDensityGECO,5,0.001,is lyme disease genetic,msmarco-passage/train,ielabgroup/vec2text_gtr-base-st_corrector
50,Low temperature protein expression in E. coli,"0 to 240 °C, the temperature of low pressure steam is a constant at tens of degrees at the perihemer",KernelDensityGECO,5,0.001,what is the temp of low pressure steam,msmarco-passage/train,ielabgroup/vec2text_gtr-base-st_corrector
50,Low temperature protein expression in E. coli,E coli (bacteria) E coli is a bacterial bacterium of the bacteria E. coli and E. coli,KernelDensityGECO,5,0.001,what is E coli bacteria,msmarco-passage/train,ielabgroup/vec2text_gtr-base-st_corrector
50,Low temperature protein expression in E. coli,"exclusion period for temperature, e.g. 10 - 30   , exclusion periods for temperature",KernelDensityGECO,5,0.001,exclusion period for temperature,msmarco-passage/train,ielabgroup/vec2text_gtr-base-st_corrector
50,Low temperature protein expression in E. coli,"mechanisms of gene expression in eukaryotes, and eukaryote-in-cell eukaryotis",KernelDensityGECO,5,0.001,mechanisms of gene expression in eukaryotes,msmarco-passage/train,ielabgroup/vec2text_gtr-base-st_corrector
50,Low temperature protein expression in E. coli,"a low temperature, with a low temperature of less than 93 °F (mid-level temperatures between the warm and cold periods) is",KernelDensityGECO,5,0.001,what is considered a low temperature,msmarco-passage/train,ielabgroup/vec2text_gtr-base-st_corrector
50,Low temperature protein expression in E. coli,moderate temperature (thermohysteresis or hypothermia) or a mild hypothermia (thermohyster,KernelDensityGECO,5,0.001,moderate hypothermia temperature,msmarco-passage/train,ielabgroup/vec2text_gtr-base-st_corrector
50,Low temperature protein expression in E. coli,-Protein negative -Protein negative (also known as protein negative) is a protein that is a living organism,KernelDensityGECO,5,0.001,what is protein negative,msmarco-passage/train,ielabgroup/vec2text_gtr-base-st_corrector
50,Low temperature protein expression in E. coli,"a lack of urobilinogen is a cause of low uricobilinogen levels, and may be associated with decreased mitochondria",KernelDensityGECO,5,0.001,what causes low urobilinogen,msmarco-passage/train,ielabgroup/vec2text_gtr-base-st_corrector
50,Low temperature protein expression in E. coli,coli and eteria coli can be cleaned with water well. If the water well is clean it can be drained with EPA,KernelDensityGECO,5,0.001,can water well with e coli be cleaned,msmarco-passage/train,ielabgroup/vec2text_gtr-base-st_corrector
50,Low temperature protein expression in E. coli,lamb body temperature is 60 °C (80 °F) or 80 °C (120 °F),KernelDensityGECO,5,0.001,normal lamb body temperature,msmarco-passage/train,ielabgroup/vec2text_gtr-base-st_corrector
