query_id,text,obfuscatedText,mechanism,epsilon,top_percentile,pivot_query,pool,corrector_model
156493,do goldfish grow,which juniper grows tallest is juniper (Joseph and Columbia Reebok) growing at .,CosineGECO,5,0.001,what juniper grows tallest?,msmarco-passage/train,ielabgroup/vec2text_gtr-base-st_corrector
156493,do goldfish grow,"to a fish, a small amount of co2 contaminates the air and causing them to do much if they do not oxygenate",CosineGECO,5,0.001,what does co2 do to fish,msmarco-passage/train,ielabgroup/vec2text_gtr-base-st_corrector
156493,do goldfish grow,the amount of nitrogen it receives from the plant (flora and water it grows in a cold climate) make moss to grow,CosineGECO,5,0.001,what makes moss grow,msmarco-passage/train,ielabgroup/vec2text_gtr-base-st_corrector
156493,do goldfish grow,"Optimally along with corn, it will grow well alongside flora and sedges, potatoes, and black peppers. Corn",CosineGECO,5,0.001,what grows well alongside corn,msmarco-passage/train,ielabgroup/vec2text_gtr-base-st_corrector
156493,do goldfish grow,"about a 5 to 8 m (2.5 to 3.5 ft) fast, a baobab tree grows as it can grow from",CosineGECO,5,0.001,how fast does a baobab tree grow,msmarco-passage/train,ielabgroup/vec2text_gtr-base-st_corrector
156493,do goldfish grow,'regular' koi and 'regular koi' are a difference between goldfish and ',CosineGECO,5,0.001,what's the difference between koi and regular goldfish,msmarco-passage/train,ielabgroup/vec2text_gtr-base-st_corrector
156493,do goldfish grow,"from the leaves of apical plants until they are mingled and mature, it takes about 2 days for marigolds to grow seed",CosineGECO,5,0.001,how long does it take for marigolds to grow from seed,msmarco-passage/train,ielabgroup/vec2text_gtr-base-st_corrector
156493,do goldfish grow,"from the Atlantic, i.e., summer, and winter, Seasons 1 to 8 are used for fish. They are used for fresh water",CosineGECO,5,0.001,what seasons are used for fish,msmarco-passage/train,ielabgroup/vec2text_gtr-base-st_corrector
156493,do goldfish grow,"from a size of 2.4 to 4.5 gm, goldfish can grow as big as a tank of water and can eat",CosineGECO,5,0.001,how big can goldfish grow,msmarco-passage/train,ielabgroup/vec2text_gtr-base-st_corrector
156493,do goldfish grow,"from a fast to a fast pace, mangroves grow at a rate of 0.5 to 1.7 GmA and grow as quickly",CosineGECO,5,0.001,how fast do mangroves grow,msmarco-passage/train,ielabgroup/vec2text_gtr-base-st_corrector
1110199,what is wifi vs bluetooth,"HP compatible laptops that are Bluetooth compatible, such as the HP 330 and 330 hp based on the Powerpoint processor are compatible.",CosineGECO,5,0.001,what hp are bluetooth compatible,msmarco-passage/train,ielabgroup/vec2text_gtr-base-st_corrector
1110199,what is wifi vs bluetooth,your wireless device driver (https://www.wsdc.org/dcp/x86-90) and to find out who,CosineGECO,5,0.001,what is my wireless device driver,msmarco-passage/train,ielabgroup/vec2text_gtr-base-st_corrector
1110199,what is wifi vs bluetooth,a single point of difference between braid and pedigree. Braide is a ration and pedigree is a ration,CosineGECO,5,0.001,what is the difference between braid and pedigree?,msmarco-passage/train,ielabgroup/vec2text_gtr-base-st_corrector
1110199,what is wifi vs bluetooth,citation is the difference between a citation (adjective statement and advocature) and a reference (or,CosineGECO,5,0.001,what is difference between citation and reference,msmarco-passage/train,ielabgroup/vec2text_gtr-base-st_corrector
1110199,what is wifi vs bluetooth,difference between brusque (beef & calf & olive) versus broccoli (the difference between carrot and cauliflower,CosineGECO,5,0.001,difference between broccoli and cauliflower,msmarco-passage/train,ielabgroup/vec2text_gtr-base-st_corrector
1110199,what is wifi vs bluetooth,bronchiectasis is a difference between asthmastia and bronchosis and bronchosis,CosineGECO,5,0.001,what difference between asthma and bronchiectasis,msmarco-passage/train,ielabgroup/vec2text_gtr-base-st_corrector
1110199,what is wifi vs bluetooth,name your internet network if it is spelled s/n s/n s/n qldba,CosineGECO,5,0.001,how to name my wifi network,msmarco-passage/train,ielabgroup/vec2text_gtr-base-st_corrector
1110199,what is wifi vs bluetooth,a Bluetooth mouse (blinkable mouse) is a type of wireless acoustic device which transmits data from mouse to mouse on,CosineGECO,5,0.001,what is a bluetooth mouse,msmarco-passage/train,ielabgroup/vec2text_gtr-base-st_corrector
1110199,what is wifi vs bluetooth,"is wifi uses microwaves or radio waves (i.e. microwave ovens, microwaves, or telecommunications for a short distance",CosineGECO,5,0.001,does wifi use microwaves or radio waves,msmarco-passage/train,ielabgroup/vec2text_gtr-base-st_corrector
1110199,what is wifi vs bluetooth,a single point of difference between braid and pedigree. Braide is a ration and pedigree is a ration,CosineGECO,5,0.001,what is the difference between braid and pedigree?,msmarco-passage/train,ielabgroup/vec2text_gtr-base-st_corrector
1063750,why did the us volunterilay enter ww1,"because the senate did not agree with the current Constitution's recommendation to reconsider, Congress decided to take a bigger role in reconstruction as part",CosineGECO,5,0.001,why did congress decide to take a larger role in reconstruction,msmarco-passage/train,ielabgroup/vec2text_gtr-base-st_corrector
1063750,why did the us volunterilay enter ww1,"why Australia, by a modality of the military, sent 650,000 troops to Vietnam as he later established in Vietnam a reme",CosineGECO,5,0.001,why did Australia eventually send 60000 troops to vietnam,msmarco-passage/train,ielabgroup/vec2text_gtr-base-st_corrector
1063750,why did the us volunterilay enter ww1,"war, domestic policy and the wwi had an effect on U.S. domestic civil liberties and on U.S. domestic liberties",CosineGECO,5,0.001,what affect did wwi have on civil liberties and us domestic policy,msmarco-passage/train,ielabgroup/vec2text_gtr-base-st_corrector
1063750,why did the us volunterilay enter ww1,"to keep people in a place to live, and because of the outbreak of the German wrath, concentration camps were started. They were continued",CosineGECO,5,0.001,why were concentration camps started,msmarco-passage/train,ielabgroup/vec2text_gtr-base-st_corrector
1063750,why did the us volunterilay enter ww1,to attack Canada first in 1812 and because America attacked Canada first in the ensuing atomic bomb attack on U.S. During the War,CosineGECO,5,0.001,why did america attack canada first in 1812,msmarco-passage/train,ielabgroup/vec2text_gtr-base-st_corrector
1063750,why did the us volunterilay enter ww1,why napoleon ibenik and ibenik Bonaparte invaded Russia in the 1812 fable,CosineGECO,5,0.001,why did napoleon bonaparte invaded russia in 1812,msmarco-passage/train,ielabgroup/vec2text_gtr-base-st_corrector
1063750,why did the us volunterilay enter ww1,"when WWI began, i. j.w.i. i. j.w. i.w., World War",CosineGECO,5,0.001,when did wwi begin?,msmarco-passage/train,ielabgroup/vec2text_gtr-base-st_corrector
1063750,why did the us volunterilay enter ww1,humans who were first to enter Europe and when the first humans entered Europe (Japan) in 192 BC and European explorers (European,CosineGECO,5,0.001,when did humans first enter europe,msmarco-passage/train,ielabgroup/vec2text_gtr-base-st_corrector
1063750,why did the us volunterilay enter ww1,"because of a defender of the ointment and a desire to fight for the defence of the port, the Battle of Somme",CosineGECO,5,0.001,why did the battle of somme happen,msmarco-passage/train,ielabgroup/vec2text_gtr-base-st_corrector
1063750,why did the us volunterilay enter ww1,"a living & trusting bill for the protection of the United States’ rights, and because of this, the Bill of Rights was drafted",CosineGECO,5,0.001,why was the bill of rights drafted,msmarco-passage/train,ielabgroup/vec2text_gtr-base-st_corrector
130510,definition declaratory judgment,(feudal and nascilic): judicatory  is the definition of a court of law,CosineGECO,5,0.001,what is the definition of judicatory,msmarco-passage/train,ielabgroup/vec2text_gtr-base-st_corrector
130510,definition declaratory judgment,"to define, adjudicated, a decision of a court of judicial review or a decision of the President. Adjudicated",CosineGECO,5,0.001,define: adjudicated,msmarco-passage/train,ielabgroup/vec2text_gtr-base-st_corrector
130510,definition declaratory judgment,American court system definition (the ad-hoc definition of the court system) is a system of United States judicial system appointing,CosineGECO,5,0.001,american court system definition,msmarco-passage/train,ielabgroup/vec2text_gtr-base-st_corrector
130510,definition declaratory judgment,"aforementioned , a verbal statement enacted as a consequence of a future incident in the State of the Union, Aforementioned",CosineGECO,5,0.001,definition aforementioned,msmarco-passage/train,ielabgroup/vec2text_gtr-base-st_corrector
130510,definition declaratory judgment,definition of intercession,CosineGECO,5,0.001,definition intercession,msmarco-passage/train,ielabgroup/vec2text_gtr-base-st_corrector
130510,definition declaratory judgment,enabling professional judgement          is the process of enabling or supporting decision,CosineGECO,5,0.001,what is enabling professional judgement,msmarco-passage/train,ielabgroup/vec2text_gtr-base-st_corrector
130510,definition declaratory judgment,"(aka validate) are the definition of validation of a financial statement used by the author of the e-waltz, the",CosineGECO,5,0.001,define validate,msmarco-passage/train,ielabgroup/vec2text_gtr-base-st_corrector
130510,definition declaratory judgment,"adversarial, is a definition in criminology (Joseph E. Finley law) of adversarial,",CosineGECO,5,0.001,adversarial definition,msmarco-passage/train,ielabgroup/vec2text_gtr-base-st_corrector
130510,definition declaratory judgment,"definition of a declaration of offset, a declaration of obfecity, obfecity, or",CosineGECO,5,0.001,define declaration of offset,msmarco-passage/train,ielabgroup/vec2text_gtr-base-st_corrector
130510,definition declaratory judgment,jv in court,CosineGECO,5,0.001,what does jv mean in court,msmarco-passage/train,ielabgroup/vec2text_gtr-base-st_corrector
489204,right pelvic pain causes,"when you have severe pain in your legs, knees, or in the hips, it means that pain in your legs, knees and hips",CosineGECO,5,0.001,what does it mean when you have severe pain in your knees legs and hips,msmarco-passage/train,ielabgroup/vec2text_gtr-base-st_corrector
489204,right pelvic pain causes,"when a given amount of pain is incurred, a muscle injury called a right side arthritic rib injury will cause right pain",CosineGECO,5,0.001,what causes right side pain,msmarco-passage/train,ielabgroup/vec2text_gtr-base-st_corrector
489204,right pelvic pain causes,"when you have severe pain in your legs, knees, or in the hips, it means that pain in your legs, knees and hips",CosineGECO,5,0.001,what does it mean when you have severe pain in your knees legs and hips,msmarco-passage/train,ielabgroup/vec2text_gtr-base-st_corrector
489204,right pelvic pain causes,a heart attack such as a bowel infection or a droata can cause chest pains. This is known as pain,CosineGECO,5,0.001,what cause chest pains,msmarco-passage/train,ielabgroup/vec2text_gtr-base-st_corrector
489204,right pelvic pain causes,"pains due to a combination of a joint pain, muscle pain and musculoskeletal muscle pain (jaya and muscul",CosineGECO,5,0.001,muscle and joint pains causes,msmarco-passage/train,ielabgroup/vec2text_gtr-base-st_corrector
489204,right pelvic pain causes,"by a muscle cuff, a joint pain, a fall or a deep rotator lobe can cause tendon pain",CosineGECO,5,0.001,what causes tendon pain,msmarco-passage/train,ielabgroup/vec2text_gtr-base-st_corrector
489204,right pelvic pain causes,"when a person is prone to bloating or bloating, a bloating period causes stomach pain and a bloating",CosineGECO,5,0.001,causes of bloating and stomach pain,msmarco-passage/train,ielabgroup/vec2text_gtr-base-st_corrector
489204,right pelvic pain causes,"from pregnancy, a uterine oectopic gyne can cause cysts on the uterus. It can cause",CosineGECO,5,0.001,what can causes cyst on uterus,msmarco-passage/train,ielabgroup/vec2text_gtr-base-st_corrector
489204,right pelvic pain causes,"disease (periphery-don's disease, or Peyronismae sclerosis) causes on the periangy",CosineGECO,5,0.001,peyronie's disease causes,msmarco-passage/train,ielabgroup/vec2text_gtr-base-st_corrector
489204,right pelvic pain causes,"pain and symptoms due to a number of causes: nephrina (soon pain), hip pain (hip pain)",CosineGECO,5,0.001,hip pain symptoms and causes,msmarco-passage/train,ielabgroup/vec2text_gtr-base-st_corrector
573724,what are the social determinants of health,"a problem with a low-resolution, high-resolution, low-resolution study, diversity does affect social interaction according to social interactions",CosineGECO,5,0.001,does diversity impact on social interactions,msmarco-passage/train,ielabgroup/vec2text_gtr-base-st_corrector
573724,what are the social determinants of health,"types of variables in research methods, i.e., Social-Variety research, or the types of Behavioral and Social Evaluation Study,",CosineGECO,5,0.001,types of variables in social research methods,msmarco-passage/train,ielabgroup/vec2text_gtr-base-st_corrector
573724,what are the social determinants of health,"a variety of social aspects of child development are the social aspects of children (e.g., ecstatic awareness, re-communication",CosineGECO,5,0.001,what are social aspects of child development,msmarco-passage/train,ielabgroup/vec2text_gtr-base-st_corrector
573724,what are the social determinants of health,"a definition of social recreation, a social-network activity (also known as social recreation) is the fun, socially stimulating, cerebral",CosineGECO,5,0.001,definition of social recreation,msmarco-passage/train,ielabgroup/vec2text_gtr-base-st_corrector
573724,what are the social determinants of health,Nos nasosus nasosus nasos is a depressive disorder on mental conditions,CosineGECO,5,0.001,what is depressive disorder nos,msmarco-passage/train,ielabgroup/vec2text_gtr-base-st_corrector
573724,what are the social determinants of health,"by the United States Food and Drug Administration to determine when Social Security retirement benefits are determined, based on a first-year, 0 to 8",CosineGECO,5,0.001,how is social security retirement benefits determined,msmarco-passage/train,ielabgroup/vec2text_gtr-base-st_corrector
573724,what are the social determinants of health,Medicinal variance Medicinal variance (or a medical variance) is a health condition that is a gap in the blood concentration and abnormal,CosineGECO,5,0.001,what is a medical variance,msmarco-passage/train,ielabgroup/vec2text_gtr-base-st_corrector
573724,what are the social determinants of health,aka sociolinguistic variable definition is,CosineGECO,5,0.001,sociolinguistic variable definition,msmarco-passage/train,ielabgroup/vec2text_gtr-base-st_corrector
573724,what are the social determinants of health,"affect the body on anxiety and depression, and affect the body in a smaller amount on the body, e.g., sweat, fibro",CosineGECO,5,0.001,effect depression and anxiety on the body,msmarco-passage/train,ielabgroup/vec2text_gtr-base-st_corrector
573724,what are the social determinants of health,"a life expectancy table, the Social Security Life Insurance Evacuation Table, a detailed chart with information on the estimated age of each social security",CosineGECO,5,0.001,social security life expectancy table,msmarco-passage/train,ielabgroup/vec2text_gtr-base-st_corrector
168216,does legionella pneumophila cause pneumonia,what ludwig's glands involve is the angina gangrene and esophagus that suffo,CosineGECO,5,0.001,what glands does ludwigs angina involve,msmarco-passage/train,ielabgroup/vec2text_gtr-base-st_corrector
168216,does legionella pneumophila cause pneumonia,"because of phlegmoiemia, fatigue gets worse after each bout of pneumonia, and will continue to feel worse after a number of",CosineGECO,5,0.001,why does fatigue get worse after each bout of pneumonia,msmarco-passage/train,ielabgroup/vec2text_gtr-base-st_corrector
168216,does legionella pneumophila cause pneumonia,symptoms include a bacterial infection of lungs (bacterial bacilli in lungs and in lungs in lungs in septic patients,CosineGECO,5,0.001,symptoms bacterial infection in lungs,msmarco-passage/train,ielabgroup/vec2text_gtr-base-st_corrector
168216,does legionella pneumophila cause pneumonia,"from a dilated feeling in the body, pneumonia symptoms are a sensation that last for two to five minutes and they continue to last until",CosineGECO,5,0.001,pneumonia symptoms how long do they last,msmarco-passage/train,ielabgroup/vec2text_gtr-base-st_corrector
168216,does legionella pneumophila cause pneumonia,"a person infected with HIV/AIDS or a person with leukaemia, it takes from 2 to 4 months to heal from pneumonia",CosineGECO,5,0.001,how long does it takes a person with hiv or aids to heal from pneumonia,msmarco-passage/train,ielabgroup/vec2text_gtr-base-st_corrector
168216,does legionella pneumophila cause pneumonia,the bacterium that destroys lung tissue is the pulmonary necropoietic bacterium which is commonly found in lung cancer,CosineGECO,5,0.001,what is the bacterium that destroys lung tissue,msmarco-passage/train,ielabgroup/vec2text_gtr-base-st_corrector
168216,does legionella pneumophila cause pneumonia,(pneumonia) is an infection of the body such as pneumonia and a form of a phenomenon known as polyptery or,CosineGECO,5,0.001,what is pneumonia,msmarco-passage/train,ielabgroup/vec2text_gtr-base-st_corrector
168216,does legionella pneumophila cause pneumonia,is scarring in your lungs if it is a result of coughing. Scarring in your lungs can also cause a heartache,CosineGECO,5,0.001,can scarring in your lungs cause coughing?,msmarco-passage/train,ielabgroup/vec2text_gtr-base-st_corrector
168216,does legionella pneumophila cause pneumonia,pericarditis and pleurisy can cause pleurisy and pleuroblinus. If it is,CosineGECO,5,0.001,can pleurisy cause pericarditis,msmarco-passage/train,ielabgroup/vec2text_gtr-base-st_corrector
168216,does legionella pneumophila cause pneumonia,"if housed, sheep will get pneumonia if brought wet and a few minutes warm and if brought quadruped with a",CosineGECO,5,0.001,will sheep get pneumonia if brought in wet and housed,msmarco-passage/train,ielabgroup/vec2text_gtr-base-st_corrector
1133167,how is the weather in jamaica,"the home of the city of Niceville, Florida. The weather is warm in the rainy season, but the temperature swells to .",CosineGECO,5,0.001,"what is the weather in niceville, fl.",msmarco-passage/train,ielabgroup/vec2text_gtr-base-st_corrector
1133167,how is the weather in jamaica,"weather conditions in KINGston, KS - a cyclone jama - and the weather is cold and dry with no rains",CosineGECO,5,0.001,weather conditions in kingston  jamaica,msmarco-passage/train,ielabgroup/vec2text_gtr-base-st_corrector
1133167,how is the weather in jamaica,"weather in Moraga. Weather: (so-called 'segay'), (skoaky cold) and (extreme",CosineGECO,5,0.001,weather in moraga,msmarco-passage/train,ielabgroup/vec2text_gtr-base-st_corrector
1133167,how is the weather in jamaica,"a single blizzard, the weather in naples is . The U.S. summer weather is , and Naples is hot.",CosineGECO,5,0.001,what is the weather in naples?,msmarco-passage/train,ielabgroup/vec2text_gtr-base-st_corrector
1133167,how is the weather in jamaica,marion in the weather is Michael Montenes (climate - frost - thunderstorm - humid - low humidity) in weather,CosineGECO,5,0.001,marion in weather,msmarco-passage/train,ielabgroup/vec2text_gtr-base-st_corrector
1133167,how is the weather in jamaica,"weather. Located on the community's waterfront, Little ferry-Jerry weather is cold with a forecast of 59 - 60",CosineGECO,5,0.001,weather in little ferry nj,msmarco-passage/train,ielabgroup/vec2text_gtr-base-st_corrector
1133167,how is the weather in jamaica,"weather in Spain (as in the capital city of Spa, drier weather than the UK) and temperatures ranging from a frost",CosineGECO,5,0.001,weather in spain,msmarco-passage/train,ielabgroup/vec2text_gtr-base-st_corrector
1133167,how is the weather in jamaica,temperature in Negril today  59.8 °C and Negril is experiencing a fjord bajaya,CosineGECO,5,0.001,temperature in negril jamaica today,msmarco-passage/train,ielabgroup/vec2text_gtr-base-st_corrector
1133167,how is the weather in jamaica,( — — — — — ) the weather in Beijing is light rain and the temperatures in Beijing ( —,CosineGECO,5,0.001,what is the weather in beijing,msmarco-passage/train,ielabgroup/vec2text_gtr-base-st_corrector
1133167,how is the weather in jamaica,"when the weather changes (e.g. after the start of April or after the last day of the summer, when the Earth changes direction or sunlight)",CosineGECO,5,0.001,when does the weather change,msmarco-passage/train,ielabgroup/vec2text_gtr-base-st_corrector
527433,types of dysarthria from cerebral palsy,'Supremy nephronephronephroneph' is a disease of pals,CosineGECO,5,0.001,what is supranuclear palsy,msmarco-passage/train,ielabgroup/vec2text_gtr-base-st_corrector
527433,types of dysarthria from cerebral palsy,"types of pleural effusions, i.e., pleural adrenea, or pleural fluid",CosineGECO,5,0.001,types of pleural effusions,msmarco-passage/train,ielabgroup/vec2text_gtr-base-st_corrector
527433,types of dysarthria from cerebral palsy,blood dyscrasia blood dyscrasia is a disease of the blood on a tissue by defining blood-scrofopathy,CosineGECO,5,0.001,define blood dyscrasia,msmarco-passage/train,ielabgroup/vec2text_gtr-base-st_corrector
527433,types of dysarthria from cerebral palsy,"types of diverticulitis, namely types 1 (acute lateral colin sprain and a bloc stern",CosineGECO,5,0.001,types of diverticulitis,msmarco-passage/train,ielabgroup/vec2text_gtr-base-st_corrector
527433,types of dysarthria from cerebral palsy,"types of Paget's disease. Paget's disease is a disease of the family with sclerosis, and Prune's disease",CosineGECO,5,0.001,types of paget's disease,msmarco-passage/train,ielabgroup/vec2text_gtr-base-st_corrector
527433,types of dysarthria from cerebral palsy,"types of dyspraxia planning and organization. These types include xerox-breast-cading, xerox-ca",CosineGECO,5,0.001,types of dyspraxia organization and planning,msmarco-passage/train,ielabgroup/vec2text_gtr-base-st_corrector
527433,types of dysarthria from cerebral palsy,"names of types of nerve pain, which include lumbar pain, oculomotor pain, chondrosarcoma, Ashley nerve",CosineGECO,5,0.001,types of nerve pain names,msmarco-passage/train,ielabgroup/vec2text_gtr-base-st_corrector
527433,types of dysarthria from cerebral palsy,"with Celia stylistin, phlebitis, and other tests, cerebral palsy can be diagnosed as a",CosineGECO,5,0.001,can cerebral palsy be diagnosed as a baby,msmarco-passage/train,ielabgroup/vec2text_gtr-base-st_corrector
527433,types of dysarthria from cerebral palsy,(the neurogenic palsy) is a neocorrhagic disease of a  a,CosineGECO,5,0.001,what is a neurogenic palsy,msmarco-passage/train,ielabgroup/vec2text_gtr-base-st_corrector
527433,types of dysarthria from cerebral palsy,"types of mood disorders, i.e. a symptom of a brain apprehension and a happy situation Psychology of psychology",CosineGECO,5,0.001,types of mood disorders psychology,msmarco-passage/train,ielabgroup/vec2text_gtr-base-st_corrector
1037798,who is robert gray,"Brad Hargreaves (athlete) Bradley ""Brad"" Hargreaves is a world-renowned producer and former heffield champion",CosineGECO,5,0.001,who is brad hargreaves,msmarco-passage/train,ielabgroup/vec2text_gtr-base-st_corrector
1037798,who is robert gray,"robin Irwin, who is a legend of the Australian savanna, is now the person of Robert Rickett",CosineGECO,5,0.001,who is robert irwin,msmarco-passage/train,ielabgroup/vec2text_gtr-base-st_corrector
1037798,who is robert gray,"robert burns (Robert) Burns lived in Popafjord, Maryland, United Kingdom, where he lived",CosineGECO,5,0.001,where did robert burns live,msmarco-passage/train,ielabgroup/vec2text_gtr-base-st_corrector
1037798,who is robert gray,J. O. robertsenheimer J. O. robertsenheimer was a mandible national,CosineGECO,5,0.001,what was is j robert oppenheimer,msmarco-passage/train,ielabgroup/vec2text_gtr-base-st_corrector
1037798,who is robert gray,Roy Byron Roy Byron (born c.1960) is a New Zealand businessman who is the heir to underhill.,CosineGECO,5,0.001,who is roy underhill,msmarco-passage/train,ielabgroup/vec2text_gtr-base-st_corrector
1037798,who is robert gray,'Robert' Bentley 'Robert' Bentley is a British acrobat and a beloved cyclist,CosineGECO,5,0.001,who is robert bentley,msmarco-passage/train,ielabgroup/vec2text_gtr-base-st_corrector
1037798,who is robert gray,"alias 'Ryan Leaf', he is a",CosineGECO,5,0.001,who is ryan leaf,msmarco-passage/train,ielabgroup/vec2text_gtr-base-st_corrector
1037798,who is robert gray,"is robin in ""Batman vs. Superman"" and he is robin in the ""Batman upcoming",CosineGECO,5,0.001,is robin in batman v superman,msmarco-passage/train,ielabgroup/vec2text_gtr-base-st_corrector
1037798,who is robert gray,"robert downey, sr. robert downey, Jr. is a crook who is currently",CosineGECO,5,0.001,who is robert downey jr,msmarco-passage/train,ielabgroup/vec2text_gtr-base-st_corrector
1037798,who is robert gray,"robert ee joe robert ee joe, also known as Robert E. Lee, was",CosineGECO,5,0.001,who was robert e lee,msmarco-passage/train,ielabgroup/vec2text_gtr-base-st_corrector
915593,what types of food can you cook sous vide,"of the most famous dishes in venezuale, it is followed by a steamed chicken dish, Vicara ganza.",CosineGECO,5,0.001,what is the most famous dish in venezuela?,msmarco-passage/train,ielabgroup/vec2text_gtr-base-st_corrector
915593,what types of food can you cook sous vide,"Foods that are part of the man diet, such as grilled beef, ice cream, fish, and a little garlic, are also part",CosineGECO,5,0.001,what foods are part of the man diet,msmarco-passage/train,ielabgroup/vec2text_gtr-base-st_corrector
915593,what types of food can you cook sous vide,foods that are able to eat before preparing a meal will be the best to eat before going to a plasma and ketch,CosineGECO,5,0.001,what foods are best to eat before doing plasma,msmarco-passage/train,ielabgroup/vec2text_gtr-base-st_corrector
915593,what types of food can you cook sous vide,eat a variety of foods from the bowels of a new coleastomy after it is resuscitate,CosineGECO,5,0.001,foods to eat with new colostomy done,msmarco-passage/train,ielabgroup/vec2text_gtr-base-st_corrector
915593,what types of food can you cook sous vide,"a new brand of vegan foods and new types of new foods include acorn, sand, garlic, dill, and oysters",CosineGECO,5,0.001,new types of vegan foods,msmarco-passage/train,ielabgroup/vec2text_gtr-base-st_corrector
915593,what types of food can you cook sous vide,"foods you can eat on lent, such as rameth, carrots, broccoli, and shit, you can eat",CosineGECO,5,0.001,foods you can eat on lent,msmarco-passage/train,ielabgroup/vec2text_gtr-base-st_corrector
915593,what types of food can you cook sous vide,"foods that contain protein other than meat, such as ramen, sperm, and broccoli, but they weigh less than meat and have no protein",CosineGECO,5,0.001,what foods contain protein other than meat,msmarco-passage/train,ielabgroup/vec2text_gtr-base-st_corrector
915593,what types of food can you cook sous vide,"foods containing a lard, a birato-root fruit, and a cervicorn on the stomach ulcers",CosineGECO,5,0.001,list of foods you can eat with stomach ulcers,msmarco-passage/train,ielabgroup/vec2text_gtr-base-st_corrector
915593,what types of food can you cook sous vide,"the foods you can eat, such as halitoes, or a load of wheat, you can eat hashimoto",CosineGECO,5,0.001,what foods can i eat if i have hashimoto's,msmarco-passage/train,ielabgroup/vec2text_gtr-base-st_corrector
915593,what types of food can you cook sous vide,a list of foods you can eat before a colonoscopy and you can eat a variety of foods such as chocer,CosineGECO,5,0.001,list of foods you can eat before a colonoscopy,msmarco-passage/train,ielabgroup/vec2text_gtr-base-st_corrector
264014,how long is life cycle of flea,"from a vaporous dreadful feasance, blow flies live for between 1 to 2 to 30 years",CosineGECO,5,0.001,how long do blow flies live,msmarco-passage/train,ielabgroup/vec2text_gtr-base-st_corrector
264014,how long is life cycle of flea,"a temperature of 850 - 850 °C, fleas go dormant or leave dormant or dor",CosineGECO,5,0.001,what temperature do fleas go dormant,msmarco-passage/train,ielabgroup/vec2text_gtr-base-st_corrector
264014,how long is life cycle of flea,"How long can fleas, who are without food, live without euthanasia, consuming food and drinking water, run low on calories",CosineGECO,5,0.001,how long can fleas live without eating,msmarco-passage/train,ielabgroup/vec2text_gtr-base-st_corrector
264014,how long is life cycle of flea,"(the life cycle, the encyclopoed, the life cycle, and the life cycle of the human) is the life",CosineGECO,5,0.001,what is the life cycle,msmarco-passage/train,ielabgroup/vec2text_gtr-base-st_corrector
264014,how long is life cycle of flea,"is a academy of the FAA, is now a class of 501 (Fastball Academy) long. Currently 2.5 years",CosineGECO,5,0.001,how long is the faa academy,msmarco-passage/train,ielabgroup/vec2text_gtr-base-st_corrector
264014,how long is life cycle of flea,a host lice (Lynchia spp.) live without a body host and live for about 3–4 months without,CosineGECO,5,0.001,how long do body lice live without a host,msmarco-passage/train,ielabgroup/vec2text_gtr-base-st_corrector
264014,how long is life cycle of flea,"the four product life cycle are a life cycle of a product, a life cycle of a product, life cycle of the product, initial",CosineGECO,5,0.001,what are the four product life cycle,msmarco-passage/train,ielabgroup/vec2text_gtr-base-st_corrector
264014,how long is life cycle of flea,"100 to 125 days without food, ticks can survive under a pock and if they are living in a wild state without food",CosineGECO,5,0.001,how long can ticks survive without food,msmarco-passage/train,ielabgroup/vec2text_gtr-base-st_corrector
264014,how long is life cycle of flea,"from 1 to 4 hours to 4.5 months, a dog seizures that lasts for a time and a dog can only last for a",CosineGECO,5,0.001,how long to dog seizures last,msmarco-passage/train,ielabgroup/vec2text_gtr-base-st_corrector
264014,how long is life cycle of flea,on a human head are fleas (as a type of flea in the American Kennel and Maryland) and they can live inside,CosineGECO,5,0.001,can fleas live in a human head and what kind,msmarco-passage/train,ielabgroup/vec2text_gtr-base-st_corrector
1121402,what can contour plowing reduce,"to reduce your blood pressure, eat a lot of a lot of a lot of a lot of a dietary supplement, can",CosineGECO,5,0.001,what can i do to reduce my blood pressure,msmarco-passage/train,ielabgroup/vec2text_gtr-base-st_corrector
1121402,what can contour plowing reduce,Curtailment Curtailment (also known as curtiment) is a method of enforcing and reducing the length of,CosineGECO,5,0.001,what is curtailment,msmarco-passage/train,ielabgroup/vec2text_gtr-base-st_corrector
1121402,what can contour plowing reduce,scoff and apply a grease remover to the tip. This will take a few hours to dry. To get balsam pitch,CosineGECO,5,0.001,how to get balsam pitch off,msmarco-passage/train,ielabgroup/vec2text_gtr-base-st_corrector
1121402,what can contour plowing reduce,"there is no prevention for cerebral palsy, e.g., a prirose, a pacification, or spinal cord",CosineGECO,5,0.001,is there any prevention for cerebral palsy,msmarco-passage/train,ielabgroup/vec2text_gtr-base-st_corrector
1121402,what can contour plowing reduce,you can reduce your blood pressure to reduce spider veins or a low-dose glucocorticoid steroid-based,CosineGECO,5,0.001,what can you do to reduce spider veins,msmarco-passage/train,ielabgroup/vec2text_gtr-base-st_corrector
1121402,what can contour plowing reduce,plow is 0 to 80 p.m. (cost) or 0 to 240 p.m. (cost),CosineGECO,5,0.001,plow cost,msmarco-passage/train,ielabgroup/vec2text_gtr-base-st_corrector
1121402,what can contour plowing reduce,"can have Stage II PU and is a stage II PU that has a slough, after a £613 castration",CosineGECO,5,0.001,can a stage II PU have slough,msmarco-passage/train,ielabgroup/vec2text_gtr-base-st_corrector
1121402,what can contour plowing reduce,to reduce hair growth in the face by removing a series of combs from your hair and shave your hair short and shave,CosineGECO,5,0.001,how to reduce hair growth from face,msmarco-passage/train,ielabgroup/vec2text_gtr-base-st_corrector
1121402,what can contour plowing reduce,try to check if your cervix is thinning or if it is a cause of a decrease in the testicular,CosineGECO,5,0.001,how to check if your cervix is thinning,msmarco-passage/train,ielabgroup/vec2text_gtr-base-st_corrector
1121402,what can contour plowing reduce,reduce weight by using a technique such as a bluff and a series to reduce the weight of children. Children who are heavy weight,CosineGECO,5,0.001,how to reduce heavy children to reduce weight,msmarco-passage/train,ielabgroup/vec2text_gtr-base-st_corrector
962179,when was the salvation army founded,infected with a statewide AaA and aaA branch of the American Federation. The AaA was established in 18,CosineGECO,5,0.001,when was the aaaa established,msmarco-passage/train,ielabgroup/vec2text_gtr-base-st_corrector
962179,when was the salvation army founded,"a letter dated Feb. 4, 1887 and a newspaper article dated Nov. 5, 1887, Powder magazine was founded and is the basis",CosineGECO,5,0.001,when was powder magazine founded,msmarco-passage/train,ielabgroup/vec2text_gtr-base-st_corrector
962179,when was the salvation army founded,"1, 1886, the social-networking site Facebook (FileBoard.com) was founded and in 1932, FB was",CosineGECO,5,0.001,when was fb founded,msmarco-passage/train,ielabgroup/vec2text_gtr-base-st_corrector
962179,when was the salvation army founded,"in 1794 and commencing in the year 1796 (Meldesheimer period), Mercedes-Mercedes was founded and is presently",CosineGECO,5,0.001,when was mercedes founded,msmarco-passage/train,ielabgroup/vec2text_gtr-base-st_corrector
962179,when was the salvation army founded,"in 1665, Mission san Arroyo Angel-Miguel sarcole was founded and a mission",CosineGECO,5,0.001,when was mission san miguel arcangel founded,msmarco-passage/train,ielabgroup/vec2text_gtr-base-st_corrector
962179,when was the salvation army founded,"1607, ltimo Texada (Texaco) was founded, and in 1864, when ltim",CosineGECO,5,0.001,when was texaco founded,msmarco-passage/train,ielabgroup/vec2text_gtr-base-st_corrector
962179,when was the salvation army founded,"(Folks, Harry Potter and a plethora of rays) in 1963, Hogwarts was founded",CosineGECO,5,0.001,when was hogwarts founded,msmarco-passage/train,ielabgroup/vec2text_gtr-base-st_corrector
962179,when was the salvation army founded,in the midst of the American revolution and on the opening of the new United States of America in 1864 the Freemasons were formed and formed,CosineGECO,5,0.001,when were the freemasons formed,msmarco-passage/train,ielabgroup/vec2text_gtr-base-st_corrector
962179,when was the salvation army founded,"in the birth of the American inventor, the dishwasher, which was invented in 1884 or 1885 A.D., and a glass plate served",CosineGECO,5,0.001,when was the dishwasher invented,msmarco-passage/train,ielabgroup/vec2text_gtr-base-st_corrector
962179,when was the salvation army founded,"started in 1864, when food stamps, a food aid system, began to be run and eat and today they begin in the fall of",CosineGECO,5,0.001,when did food stamps start,msmarco-passage/train,ielabgroup/vec2text_gtr-base-st_corrector
1117099,what is a active margin,"for absentee ballets, they need to be from the beginning of October to 12 so that Maryland ballets will not be a full-time",CosineGECO,5,0.001,when do absentee ballets need to be in for MD,msmarco-passage/train,ielabgroup/vec2text_gtr-base-st_corrector
1117099,what is a active margin,An HPA hpA hpA axis overactiveness is a dysfunction that results in a persistent dilated,CosineGECO,5,0.001,what is an overactive hpa axis dysfunction,msmarco-passage/train,ielabgroup/vec2text_gtr-base-st_corrector
1117099,what is a active margin,"who use the Facebook user interface (Facebook) has a total of 177,060 active users and a total of 58,",CosineGECO,5,0.001,how many active users facebook has,msmarco-passage/train,ielabgroup/vec2text_gtr-base-st_corrector
1117099,what is a active margin,Migiin account Migiin accounts (MAGIN) are a set of e-acquired accounts that are available on their credit,CosineGECO,5,0.001,what are magin accounts,msmarco-passage/train,ielabgroup/vec2text_gtr-base-st_corrector
1117099,what is a active margin,Active contractile The active contractile () is a fluid ejected from the lateral conjunctivum to the open lung,CosineGECO,5,0.001,what is the active contractile,msmarco-passage/train,ielabgroup/vec2text_gtr-base-st_corrector
1117099,what is a active margin,"Active led light zones Active led lights (ACT) zones are a group of LED ion sources that are active at low turbulence,",CosineGECO,5,0.001,what are active led zones,msmarco-passage/train,ielabgroup/vec2text_gtr-base-st_corrector
1117099,what is a active margin,where it is the marginal way. The marginal way (or 'minor way') is on the brisk-seamount curve,CosineGECO,5,0.001,where is the marginal way,msmarco-passage/train,ielabgroup/vec2text_gtr-base-st_corrector
1117099,what is a active margin,a Strategy on a Continent (MCC) regulatory strategy. This strategy is a strategy designed to promote market-leading and to enable,CosineGECO,5,0.001,what is a cmc regulatory strategy,msmarco-passage/train,ielabgroup/vec2text_gtr-base-st_corrector
1117099,what is a active margin,a mitral cascade is a type of glial cascade that is a residue in the pancrea,CosineGECO,5,0.001,what is mitral cascade,msmarco-passage/train,ielabgroup/vec2text_gtr-base-st_corrector
1117099,what is a active margin,(also known as margin) is a form of adversity that is a process of growth and the growth of food,CosineGECO,5,0.001,what is margin,msmarco-passage/train,ielabgroup/vec2text_gtr-base-st_corrector
148538,difference between rn and bsn,bn and nasin bn and nasin (also known as asin) is a protein,CosineGECO,5,0.001,what is asin and bn,msmarco-passage/train,ielabgroup/vec2text_gtr-base-st_corrector
148538,difference between rn and bsn,"a psiast and a lone gable, the difference between the forest service uniform and NPS uniform is",CosineGECO,5,0.001,what is the difference between the nps and forest service uniform,msmarco-passage/train,ielabgroup/vec2text_gtr-base-st_corrector
148538,difference between rn and bsn,when you will receive your RN rsn nsn nsn ns ns ns your license number,CosineGECO,5,0.001,when will i get my rn license number,msmarco-passage/train,ielabgroup/vec2text_gtr-base-st_corrector
148538,difference between rn and bsn,"(pharmaceuticals) is a difference between biopharmaceutics and pharmaceutical pharmacology, and pharmaceuticals",CosineGECO,5,0.001,difference between biopharmaceuticals and pharmaceuticals,msmarco-passage/train,ielabgroup/vec2text_gtr-base-st_corrector
148538,difference between rn and bsn,difference between cd ROM (CD ROM) and r ROM (CD ROM) or r ROM (CD ROM,CosineGECO,5,0.001,difference between cd r and cd rom,msmarco-passage/train,ielabgroup/vec2text_gtr-base-st_corrector
148538,difference between rn and bsn,– toxin is a toxin and enzymatic – the difference between toxin and pathogen is a path,CosineGECO,5,0.001,difference between toxin and pathogen,msmarco-passage/train,ielabgroup/vec2text_gtr-base-st_corrector
148538,difference between rn and bsn,difference between the eupay and a state of the union's social security system (SSSI) and social benefits for the child.,CosineGECO,5,0.001,what is the difference between ssi and social security benefits?,msmarco-passage/train,ielabgroup/vec2text_gtr-base-st_corrector
148538,difference between rn and bsn,MB b/g b/a kb b/a kb b/a and they're bigger than,CosineGECO,5,0.001,what's bigger an mb or kb,msmarco-passage/train,ielabgroup/vec2text_gtr-base-st_corrector
148538,difference between rn and bsn,difference between a nco (nephew and a nco) and nco (officer) is,CosineGECO,5,0.001,difference between nco and officer,msmarco-passage/train,ielabgroup/vec2text_gtr-base-st_corrector
148538,difference between rn and bsn,bsn medical meaning (biomedical neoporosis niastris) or bsn,CosineGECO,5,0.001,bsn medical meaning,msmarco-passage/train,ielabgroup/vec2text_gtr-base-st_corrector
451602,medicare's definition of mechanical ventilation,(80–100 mPa) is peak pressure on ventilator (peak-pressure is the pressure of air at the surface of the ventilator,CosineGECO,5,0.001,what is peak pressure on ventilator,msmarco-passage/train,ielabgroup/vec2text_gtr-base-st_corrector
451602,medicare's definition of mechanical ventilation,"of a m.a. (m.a.) engineering bachelor, a mechanical engineer does what a scientist can and does.",CosineGECO,5,0.001,what does a mechanical engineer do?,msmarco-passage/train,ielabgroup/vec2text_gtr-base-st_corrector
451602,medicare's definition of mechanical ventilation,pulmonary exacerbation (pulmonary pulmonary dissemination) to define the extent of a bowel scour,CosineGECO,5,0.001,define pulmonary exacerbation,msmarco-passage/train,ielabgroup/vec2text_gtr-base-st_corrector
451602,medicare's definition of mechanical ventilation,by which the chemical and mechanical digestion is a chemical process and the pheromocrite a pheromochemical and food,CosineGECO,5,0.001,what is the mechanical and chemical digestion,msmarco-passage/train,ielabgroup/vec2text_gtr-base-st_corrector
451602,medicare's definition of mechanical ventilation,MANifold vacuum       is a vacuum manifold for helical sheave,CosineGECO,5,0.001,what is manifold vacuum,msmarco-passage/train,ielabgroup/vec2text_gtr-base-st_corrector
451602,medicare's definition of mechanical ventilation,maghreb is a powerful ecclesiase and a food star. It is known as Maghreb,CosineGECO,5,0.001,what is maghreb,msmarco-passage/train,ielabgroup/vec2text_gtr-base-st_corrector
451602,medicare's definition of mechanical ventilation,"definition of ventricle (Vascopotaxis), a velocid syringe of the human quadrat",CosineGECO,5,0.001,definition of ventricle,msmarco-passage/train,ielabgroup/vec2text_gtr-base-st_corrector
451602,medicare's definition of mechanical ventilation,Medicare is a federal program of the U.S. Department of Health and Human Services Quiz and the Merrill Lynch Fawcett Quiz,CosineGECO,5,0.001,medicare is a federal program of quizlet,msmarco-passage/train,ielabgroup/vec2text_gtr-base-st_corrector
451602,medicare's definition of mechanical ventilation,stands for Medicare and Medicaid Aid and whose acronym MMP stands for “Medicare Patient Protection” or “MVP” means “Medicare Center Member,CosineGECO,5,0.001,what does mmp stand for medicare medicaid,msmarco-passage/train,ielabgroup/vec2text_gtr-base-st_corrector
451602,medicare's definition of mechanical ventilation,"as it provides a tool for predispositions, a drawing provides for mechanical engineers to obtain all the components and drawings on their working life",CosineGECO,5,0.001,what does mechanical drawing provides for engineers,msmarco-passage/train,ielabgroup/vec2text_gtr-base-st_corrector
359349,how to find the midsegment of a trapezoid,. Find the mean score in the class by calculating the mean (or 'score') of the class by the .303 number,CosineGECO,5,0.001,how to find the mean score in the class,msmarco-passage/train,ielabgroup/vec2text_gtr-base-st_corrector
359349,how to find the midsegment of a trapezoid,a middle passage is a receptacle to the improbable passage between walls and openings in the body of the common,CosineGECO,5,0.001,what's a middle passage,msmarco-passage/train,ielabgroup/vec2text_gtr-base-st_corrector
359349,how to find the midsegment of a trapezoid,"by calculating a time        , you find the eccentricity of an object",CosineGECO,5,0.001,how do i find the eccentricity of an object,msmarco-passage/train,ielabgroup/vec2text_gtr-base-st_corrector
359349,how to find the midsegment of a trapezoid,a program you can access a midi file by clicking a .exe / .ref file or click a view,CosineGECO,5,0.001,how to view a midi file,msmarco-passage/train,ielabgroup/vec2text_gtr-base-st_corrector
359349,how to find the midsegment of a trapezoid,Find the square of a pyramid by calculating the lateral area of the square of a pyramid and the lateral shape of,CosineGECO,5,0.001,how to find the lateral area of a square pyramid,msmarco-passage/train,ielabgroup/vec2text_gtr-base-st_corrector
359349,how to find the midsegment of a trapezoid,"find the center point of a circle, by dividing its apical width by  =  =",CosineGECO,5,0.001,how to find the center point of a circle,msmarco-passage/train,ielabgroup/vec2text_gtr-base-st_corrector
359349,how to find the midsegment of a trapezoid,"the formula of a trapezium, is",CosineGECO,5,0.001,what is the formula of a trapezium,msmarco-passage/train,ielabgroup/vec2text_gtr-base-st_corrector
359349,how to find the midsegment of a trapezoid,miter cut a handrail and place it at a rafter and a handrail handle at a 0.25 m. down,CosineGECO,5,0.001,how to miter cut a handrail,msmarco-passage/train,ielabgroup/vec2text_gtr-base-st_corrector
359349,how to find the midsegment of a trapezoid,find a side of a triangle by squaring two angles and calculating the angle    where one knows one side,CosineGECO,5,0.001,how to find the side of one triangle knowing two angles,msmarco-passage/train,ielabgroup/vec2text_gtr-base-st_corrector
359349,how to find the midsegment of a trapezoid,"the middle lobe of the lungs, where the middle lobe of the lung is in the lungs, can be assessed with an intervention",CosineGECO,5,0.001,where can the middle lobe of the lung be assessed,msmarco-passage/train,ielabgroup/vec2text_gtr-base-st_corrector
1115776,what is an aml surveillance analyst,Animotropic anisomesomebopia Animotropic anisomesomebopia is a defined dispersion of eye glass and a,CosineGECO,5,0.001,anisometropic amblyopia definition,msmarco-passage/train,ielabgroup/vec2text_gtr-base-st_corrector
1115776,what is an aml surveillance analyst,"hris analyst , or hris-analyst, is a team of a high-tech information analyst",CosineGECO,5,0.001,what is a hris analyst,msmarco-passage/train,ielabgroup/vec2text_gtr-base-st_corrector
1115776,what is an aml surveillance analyst,"definition of the defense industry analyst definition (U.S. military, CIA, CIA, CIA) is an analytical process of information and intelligence",CosineGECO,5,0.001,defense industry analyst definition,msmarco-passage/train,ielabgroup/vec2text_gtr-base-st_corrector
1115776,what is an aml surveillance analyst,Algae programming Algae programming is a program for implementing a variety of algorithms and schedules at,CosineGECO,5,0.001,what is algae programing,msmarco-passage/train,ielabgroup/vec2text_gtr-base-st_corrector
1115776,what is an aml surveillance analyst,typical analysis of seawater is a complex analysis of cypherical trace-polymerology that can be used to identify typical sea,CosineGECO,5,0.001,typical analysis of seawater,msmarco-passage/train,ielabgroup/vec2text_gtr-base-st_corrector
1115776,what is an aml surveillance analyst,"apus app , a graphical user interface application on the UETSB jackspot, it is an Android based software",CosineGECO,5,0.001,what is apus app,msmarco-passage/train,ielabgroup/vec2text_gtr-base-st_corrector
1115776,what is an aml surveillance analyst,MPLs (Voice psr) in VoIP is a call-in capability in a telephony network. It,CosineGECO,5,0.001,what is mpls in voip,msmarco-passage/train,ielabgroup/vec2text_gtr-base-st_corrector
1115776,what is an aml surveillance analyst,"a position of analyst position (analytics, finance, information analysis, entrepreneurship, a business or other company) is a job",CosineGECO,5,0.001,what is an analyst position,msmarco-passage/train,ielabgroup/vec2text_gtr-base-st_corrector
1115776,what is an aml surveillance analyst,"Brac analysis (analysis) Brac analysis is a form of analysis that is used to identify the condition of a metal compass,",CosineGECO,5,0.001,what is brac analysis,msmarco-passage/train,ielabgroup/vec2text_gtr-base-st_corrector
1115776,what is an aml surveillance analyst,a computer communication analysis is a form of computer science that makes a determination of what a group of data (e.g. William E,CosineGECO,5,0.001,what does a computer communication analysis,msmarco-passage/train,ielabgroup/vec2text_gtr-base-st_corrector
1112341,what is the daily life of thai people,"by applying math in school, school, and other classrooms, math is used on a daily basis in a wide variety of uses during the day",CosineGECO,5,0.001,how is math used in everyday day,msmarco-passage/train,ielabgroup/vec2text_gtr-base-st_corrector
1112341,what is the daily life of thai people,"what amount a therapist is allowed a legal massage of no more than a day, i.e., $8.5 per day",CosineGECO,5,0.001,what is the legal amount of massage is a therapist allowed a day,msmarco-passage/train,ielabgroup/vec2text_gtr-base-st_corrector
1112341,what is the daily life of thai people,"weather in Thailand (Thailand) – e.g., thailand – will have a cold winter",CosineGECO,5,0.001,weather in thailand december,msmarco-passage/train,ielabgroup/vec2text_gtr-base-st_corrector
1112341,what is the daily life of thai people,l te l te l l l l lte network Ethiopia is available in Ethiopian,CosineGECO,5,0.001,lte network ethiopia,msmarco-passage/train,ielabgroup/vec2text_gtr-base-st_corrector
1112341,what is the daily life of thai people,"where 0 to 10 hours work full-time massage therapists, assuming a 0 to 40-hour job, we don't",CosineGECO,5,0.001,how many hours do full time massage therapists work?,msmarco-passage/train,ielabgroup/vec2text_gtr-base-st_corrector
1112341,what is the daily life of thai people,therapist is a therapist (Ci) and a therapist (Ti) is a therapist and a counselor and,CosineGECO,5,0.001,what is a therapist and ci,msmarco-passage/train,ielabgroup/vec2text_gtr-base-st_corrector
1112341,what is the daily life of thai people,"'Thabet', located in Southern Georgia and Northern Moldova, is a place in the United Kingdom. 'Thabet",CosineGECO,5,0.001,where is thabet,msmarco-passage/train,ielabgroup/vec2text_gtr-base-st_corrector
1112341,what is the daily life of thai people,"list of ethnography topics (e.g., ethnography, ethnography, biochemistry, physics, human rights",CosineGECO,5,0.001,list of ethnography topics,msmarco-passage/train,ielabgroup/vec2text_gtr-base-st_corrector
1112341,what is the daily life of thai people,a PTAA today. What to do today is PTa. This is a time to saturate your hands and soak in,CosineGECO,5,0.001,what to do pta today,msmarco-passage/train,ielabgroup/vec2text_gtr-base-st_corrector
1112341,what is the daily life of thai people,"Time bdt Time bdt is a synthesis of fatty acid, tetrahydrate, and iriscal.",CosineGECO,5,0.001,what's bdt,msmarco-passage/train,ielabgroup/vec2text_gtr-base-st_corrector
131843,definition of a sigmet,-seisin -seisin is a defined adenosine and serotonin molecule,CosineGECO,5,0.001,define seisin,msmarco-passage/train,ielabgroup/vec2text_gtr-base-st_corrector
131843,definition of a sigmet,contig (folk physiology) Contig ( ) is a defining and proving conflagration of the,CosineGECO,5,0.001,contig definition,msmarco-passage/train,ielabgroup/vec2text_gtr-base-st_corrector
131843,definition of a sigmet,definition of syllogistic (syllogistic) is a physicistic observation of the effects of a causal,CosineGECO,5,0.001,definition of syllogistic,msmarco-passage/train,ielabgroup/vec2text_gtr-base-st_corrector
131843,definition of a sigmet,"skellig skellig () is a definition of skellig, a steed and f",CosineGECO,5,0.001,skellig definition,msmarco-passage/train,ielabgroup/vec2text_gtr-base-st_corrector
131843,definition of a sigmet,"a child’s birth, he is a natyote. The name Nimat is the name which means “",CosineGECO,5,0.001,what does the name nimat mean,msmarco-passage/train,ielabgroup/vec2text_gtr-base-st_corrector
131843,definition of a sigmet,definition of the word 'metaphor' or 'metastyl' as a physical girdle on cotton.,CosineGECO,5,0.001,define 'metaphor',msmarco-passage/train,ielabgroup/vec2text_gtr-base-st_corrector
131843,definition of a sigmet,meaning of the word “scorm” (poppy oil). Scom is a term that means “the lump of mannequi,CosineGECO,5,0.001,what does scorm mean,msmarco-passage/train,ielabgroup/vec2text_gtr-base-st_corrector
131843,definition of a sigmet,Synctek is a family of driver training and information technology for flies and hygrup. It is known as Syntek,CosineGECO,5,0.001,what is syntek,msmarco-passage/train,ielabgroup/vec2text_gtr-base-st_corrector
131843,definition of a sigmet,sommer,CosineGECO,5,0.001,sommer definition,msmarco-passage/train,ielabgroup/vec2text_gtr-base-st_corrector
131843,definition of a sigmet,"(stolid) , a phylum of adenovirus, defined as a porous trough on",CosineGECO,5,0.001,define stolid,msmarco-passage/train,ielabgroup/vec2text_gtr-base-st_corrector
104861,cost of interior concrete flooring,cost of 500-$600-$600-per-square-foot to renovate a basement or a renovated living space,CosineGECO,5,0.001,cost per square foot to renovate a basement,msmarco-passage/train,ielabgroup/vec2text_gtr-base-st_corrector
104861,cost of interior concrete flooring,"face of a red-and-white drenched center, the basement remodel should cost no more than $800-800 dollars and should result",CosineGECO,5,0.001,how much should a basement remodel cost,msmarco-passage/train,ielabgroup/vec2text_gtr-base-st_corrector
104861,cost of interior concrete flooring,place a charge of $40 to $90 for a driveway or $90 to $90 for a concrete surface on the ground known as asphalt,CosineGECO,5,0.001,how much to charge for concrete driveway,msmarco-passage/train,ielabgroup/vec2text_gtr-base-st_corrector
104861,cost of interior concrete flooring,"of $1,500 to $1,500 to replace a concrete sidewalk or a cincta-coated concrete abras",CosineGECO,5,0.001,how much to replace a concrete sidewalk,msmarco-passage/train,ielabgroup/vec2text_gtr-base-st_corrector
104861,cost of interior concrete flooring,"cement driveways or cinder-coated wood paving surfaces or a solid cement cement road, cost $1.25 to $0.00 and remain",CosineGECO,5,0.001,cement driveways cost,msmarco-passage/train,ielabgroup/vec2text_gtr-base-st_corrector
104861,cost of interior concrete flooring,between $160 to $170 a year for hardwood floors and the cost of the wood-coated floors is a determining factor in the maintenance,CosineGECO,5,0.001,how much should it cost for hardwood floors,msmarco-passage/train,ielabgroup/vec2text_gtr-base-st_corrector
104861,cost of interior concrete flooring,per square foot ($135–$1600) average cost of refinishing hardwood floors of the newer Newburyport sav,CosineGECO,5,0.001,average cost of refinishing hardwood floors per square foot newburyport,msmarco-passage/train,ielabgroup/vec2text_gtr-base-st_corrector
104861,cost of interior concrete flooring,cost of pavers ($170 vs. $160 p.m.) or sidewalk concrete vs. sand and cement,CosineGECO,5,0.001,cost of sidewalk concrete vs pavers,msmarco-passage/train,ielabgroup/vec2text_gtr-base-st_corrector
104861,cost of interior concrete flooring,price of a .500 to .500 to put an inground pool or a .500 low-water inground inclines,CosineGECO,5,0.001,price of putting in an inground pool,msmarco-passage/train,ielabgroup/vec2text_gtr-base-st_corrector
104861,cost of interior concrete flooring,"by a cement cement (ceramic cement) or a cement-based cement cement stock, can cost $5 to $600 a floor",CosineGECO,5,0.001,cost of cement floors,msmarco-passage/train,ielabgroup/vec2text_gtr-base-st_corrector
833860,what is the most popular food in switzerland,"as a type of food, Pawnee eats of sorghum, corn, eggs, wilt and chicken foods",CosineGECO,5,0.001,what type of foods do pawnee eat,msmarco-passage/train,ielabgroup/vec2text_gtr-base-st_corrector
833860,what is the most popular food in switzerland,"what type of food is served, ice taks, iced meat or jerky are often served in Iceland",CosineGECO,5,0.001,what type of food is served in iceland,msmarco-passage/train,ielabgroup/vec2text_gtr-base-st_corrector
833860,what is the most popular food in switzerland,"food that contains a lot of protein, such as mush, a turkey, a fresh egg, or a pumpkin, has most",CosineGECO,5,0.001,what food has most protein,msmarco-passage/train,ielabgroup/vec2text_gtr-base-st_corrector
833860,what is the most popular food in switzerland,"a complete list of sirt foods. A list of sirt foods includes a list of deep-sucker foods, sweet yeast",CosineGECO,5,0.001,full list of sirt foods,msmarco-passage/train,ielabgroup/vec2text_gtr-base-st_corrector
833860,what is the most popular food in switzerland,"what is known as the southwest of England is known for its stouts and stouts, which are the most widely eaten food",CosineGECO,5,0.001,what food is the southwest of england known for,msmarco-passage/train,ielabgroup/vec2text_gtr-base-st_corrector
833860,what is the most popular food in switzerland,"a family prawn, bread and carrots, Wrcester is known for being a famous food in Worcestershire. Since then",CosineGECO,5,0.001,what food is worcester famous for,msmarco-passage/train,ielabgroup/vec2text_gtr-base-st_corrector
833860,what is the most popular food in switzerland,"foods to eat after wisdom teeth, such as a pack of berries, a whey soup, or a crows",CosineGECO,5,0.001,foods to eat after wisdom teeth,msmarco-passage/train,ielabgroup/vec2text_gtr-base-st_corrector
833860,what is the most popular food in switzerland,"types of foods eaten in Italy: kizzoli, acadota, steamed meat, and bread are eaten in Italy",CosineGECO,5,0.001,types of foods eaten in italy,msmarco-passage/train,ielabgroup/vec2text_gtr-base-st_corrector
833860,what is the most popular food in switzerland,"important food in venezuela, they are: savoa creme cones, chicken burgers, rami",CosineGECO,5,0.001,important food in venezuela,msmarco-passage/train,ielabgroup/vec2text_gtr-base-st_corrector
833860,what is the most popular food in switzerland,"healthy foods containing a healthy amount of fat and fat, e.g., jack n' oak can help to gain",CosineGECO,5,0.001,healthy foods that help gain weight,msmarco-passage/train,ielabgroup/vec2text_gtr-base-st_corrector
207786,how are some sharks warm blooded,– cold blooded           difference between warm bloode,CosineGECO,5,0.001,difference between warm blooded and cold blooded,msmarco-passage/train,ielabgroup/vec2text_gtr-base-st_corrector
207786,how are some sharks warm blooded,"a life cycle of a shark, a bull shark (or bullsnake shark), the shark begins to develop a deep spiral",CosineGECO,5,0.001,what is the life cycle of a bull shark,msmarco-passage/train,ielabgroup/vec2text_gtr-base-st_corrector
207786,how are some sharks warm blooded,What the difference between a person who is in hot blooded and a person who is in cold blooded is between cold and hot blood,CosineGECO,5,0.001,what is the difference between hot blooded and cold blooded in people,msmarco-passage/train,ielabgroup/vec2text_gtr-base-st_corrector
207786,how are some sharks warm blooded,is the water of San Francia (so hot that it doesn't have a huge splash pool in the water) is 'San,CosineGECO,5,0.001,is the water in san francisco warm,msmarco-passage/train,ielabgroup/vec2text_gtr-base-st_corrector
207786,how are some sharks warm blooded,of the snakes are warm blooded or cold-blooded or cold-leafed or red-bellied if the heat is,CosineGECO,5,0.001,are snakes warm blooded or cold blooded,msmarco-passage/train,ielabgroup/vec2text_gtr-base-st_corrector
207786,how are some sharks warm blooded,"is a whale shark, a 'whale' shark, a 'swax' shark or a whale",CosineGECO,5,0.001,is a whale shark a whale or a shark,msmarco-passage/train,ielabgroup/vec2text_gtr-base-st_corrector
207786,how are some sharks warm blooded,"cause of its constant temperature and a low sea-base, tropical zone is always warm because it is a zone that is always hot and has sunshine",CosineGECO,5,0.001,why is tropical zone always warm,msmarco-passage/train,ielabgroup/vec2text_gtr-base-st_corrector
207786,how are some sharks warm blooded,a tiger sharks (          ) is,CosineGECO,5,0.001,what is a tiger sharks,msmarco-passage/train,ielabgroup/vec2text_gtr-base-st_corrector
207786,how are some sharks warm blooded,"from the savanna to the ocean, a shark lives for 1 to 4 years and is known to last from 1 to 30 years",CosineGECO,5,0.001,how long does a shark live for,msmarco-passage/train,ielabgroup/vec2text_gtr-base-st_corrector
207786,how are some sharks warm blooded,because your hands and feet swell mainly as a result of the drenching and abrasions you are exposed to in,CosineGECO,5,0.001,why do my hands and feet swell in the heat,msmarco-passage/train,ielabgroup/vec2text_gtr-base-st_corrector
1114819,what is durable medical equipment consist of,MRE (medical re) Medical re is a gastrointestinal disease and a sterile test on the human fet,CosineGECO,5,0.001,what is mre medical,msmarco-passage/train,ielabgroup/vec2text_gtr-base-st_corrector
1114819,what is durable medical equipment consist of,types of equipment that you need to be a certified electrical tech and if you are able to work in electrical technology you will need to become,CosineGECO,5,0.001,what type of equipment do you need to become electrical tech,msmarco-passage/train,ielabgroup/vec2text_gtr-base-st_corrector
1114819,what is durable medical equipment consist of,"who are users. Medical records Medical records are a database of information on patients diagnosed with ED, SS, and addiction medications and their associated health",CosineGECO,5,0.001,who are users medical records?,msmarco-passage/train,ielabgroup/vec2text_gtr-base-st_corrector
1114819,what is durable medical equipment consist of,"a medical device, it is an orthopedic spindle, a medical device customised to show the operating mechanism of the wearer and the information",CosineGECO,5,0.001,what is an orthopedic spindle medical device,msmarco-passage/train,ielabgroup/vec2text_gtr-base-st_corrector
1114819,what is durable medical equipment consist of,a consumable supply is a supply of consumables (equivalent to energy) and consumable consumables (supply to deliver,CosineGECO,5,0.001,what is a consumable supply,msmarco-passage/train,ielabgroup/vec2text_gtr-base-st_corrector
1114819,what is durable medical equipment consist of,is a disabled adult care (non-medical care for a person with a disability or a broken nut) and medical expenses,CosineGECO,5,0.001,is care for disabled adults a medical expense?,msmarco-passage/train,ielabgroup/vec2text_gtr-base-st_corrector
1114819,what is durable medical equipment consist of,(C.D.I.E. x-ray) is included. This includes everything that is included in a fluid such as pulmonary,CosineGECO,5,0.001,what is included in pulmonary,msmarco-passage/train,ielabgroup/vec2text_gtr-base-st_corrector
1114819,what is durable medical equipment consist of,types of home oxygen equipment - the types oxygen oxygen pumping and oxygen oxygen pumping and the two types oxygen oxygen,CosineGECO,5,0.001,types of home oxygen equipment,msmarco-passage/train,ielabgroup/vec2text_gtr-base-st_corrector
1114819,what is durable medical equipment consist of,(known as a medical deduction or a medical deduction) is a tax on the use of one's clothing and a measure of health,CosineGECO,5,0.001,what is a medical deduction,msmarco-passage/train,ielabgroup/vec2text_gtr-base-st_corrector
1114819,what is durable medical equipment consist of,"data collection tools that are used in health care, e.g., teledocs and physician care, data collection tools are used to track",CosineGECO,5,0.001,data collection tools that are used in health care,msmarco-passage/train,ielabgroup/vec2text_gtr-base-st_corrector
183378,exons definition biology,definition of a synthesis cell (synthesis cell) is a set of cells of a cell of a cell of assemble,CosineGECO,5,0.001,synthesis cell definition,msmarco-passage/train,ielabgroup/vec2text_gtr-base-st_corrector
183378,exons definition biology,atrium are a class of a cytoplasm that are unable to hold water in the atmosphere and a biology definition (biology definition,CosineGECO,5,0.001,atrium biology definition,msmarco-passage/train,ielabgroup/vec2text_gtr-base-st_corrector
183378,exons definition biology,sigma exe is a sum-of-sigma ion,CosineGECO,5,0.001,what is sigma ex mean,msmarco-passage/train,ielabgroup/vec2text_gtr-base-st_corrector
183378,exons definition biology,", the statement is correct for an exothermic reaction",CosineGECO,5,0.001,which statement is correct for an exothermic reaction,msmarco-passage/train,ielabgroup/vec2text_gtr-base-st_corrector
183378,exons definition biology,"known as prion, is a cion that is one of the important components of our brain and a ligand ions",CosineGECO,5,0.001,what is prion,msmarco-passage/train,ielabgroup/vec2text_gtr-base-st_corrector
183378,exons definition biology,"a glimpsing of the definition of 'exhibits', ' exhibits' is a defined and important report",CosineGECO,5,0.001,definition of exhibits,msmarco-passage/train,ielabgroup/vec2text_gtr-base-st_corrector
183378,exons definition biology,a definition of gene locus (gene biology) by ELISA and a definition of a gene locus in the mouse model,CosineGECO,5,0.001,gene locus definition biology,msmarco-passage/train,ielabgroup/vec2text_gtr-base-st_corrector
183378,exons definition biology,"definition: e.g., evacrine synapse system, electron transport system is a system of electrons between cells",CosineGECO,5,0.001,electron transport system definition,msmarco-passage/train,ielabgroup/vec2text_gtr-base-st_corrector
183378,exons definition biology,"definition of a protein (enzyme A, ubiquinone, zymes, fascin) is an enzyme",CosineGECO,5,0.001,definition of enzyme,msmarco-passage/train,ielabgroup/vec2text_gtr-base-st_corrector
183378,exons definition biology,"there is such a thing as a 'satellite' such as an exosphere. , there is an exosphere",CosineGECO,5,0.001,is there such thing as a exosphere,msmarco-passage/train,ielabgroup/vec2text_gtr-base-st_corrector
1106007,define visceral?,(visceral sensory) is a sensory arousal of the human brain and glints through which sensory sensitivity is,CosineGECO,5,0.001,what is visceral sensory,msmarco-passage/train,ielabgroup/vec2text_gtr-base-st_corrector
1106007,define visceral?,"a process of gluoning and ebony on cement, which is a substance known as veneer. It's the most important",CosineGECO,5,0.001,what is veneer?,msmarco-passage/train,ielabgroup/vec2text_gtr-base-st_corrector
1106007,define visceral?,'visual feedback' Visual feedback is a retrospection of the shape and impact of objects on the body that results in a visual effect,CosineGECO,5,0.001,define visual feedback,msmarco-passage/train,ielabgroup/vec2text_gtr-base-st_corrector
1106007,define visceral?,"means a sylophone and it is known as ""voicic"" or ""voic "" is a visual tool",CosineGECO,5,0.001,what does vocalic mean,msmarco-passage/train,ielabgroup/vec2text_gtr-base-st_corrector
1106007,define visceral?,(Brisban and Veseigne)  Mediatic  is a defined tetracellular structure that forms medial,CosineGECO,5,0.001,mediatic definition,msmarco-passage/train,ielabgroup/vec2text_gtr-base-st_corrector
1106007,define visceral?,hydranal   (also known as hydranal) is a form of a system of electrical and chemical ether,CosineGECO,5,0.001,what is hydranal,msmarco-passage/train,ielabgroup/vec2text_gtr-base-st_corrector
1106007,define visceral?,avenge (or avenge) is a samurai hero of the 8-Dirty Ave,CosineGECO,5,0.001,what is avenge,msmarco-passage/train,ielabgroup/vec2text_gtr-base-st_corrector
1106007,define visceral?,"(as a result of the nature of the process of treating animals), what is a definition of vet, or veterinary vaccinat",CosineGECO,5,0.001,what is the definition of vet?,msmarco-passage/train,ielabgroup/vec2text_gtr-base-st_corrector
1106007,define visceral?,sclera antera sclera antera is a defined abrasic and pyro,CosineGECO,5,0.001,define sclera anicteric,msmarco-passage/train,ielabgroup/vec2text_gtr-base-st_corrector
1106007,define visceral?,definition (Cybernetic) - the synthesis of a virtual body with a sonic and electro-mechanical determinis,CosineGECO,5,0.001,define cybernetic,msmarco-passage/train,ielabgroup/vec2text_gtr-base-st_corrector
1124210,tracheids are part of _____.,"of the lungs, the snecta, ribcta and the liver, the trachea is part organ",CosineGECO,5,0.001,"the lungs , trachea is what part of the organ",msmarco-passage/train,ielabgroup/vec2text_gtr-base-st_corrector
1124210,tracheids are part of _____.,"atp chemistry, ATP molecules are composed of three major parts, corresponding to the three major atoms of a molecule,",CosineGECO,5,0.001,atp molecules are composed of what three major parts,msmarco-passage/train,ielabgroup/vec2text_gtr-base-st_corrector
1124210,tracheids are part of _____.,"RESPYs. The styloid bone is the site of processes of stomatid cartilage, due to its central disk.",CosineGECO,5,0.001,what bone is the site of styloid processes,msmarco-passage/train,ielabgroup/vec2text_gtr-base-st_corrector
1124210,tracheids are part of _____.,"definition of a trace table, also known as a trace table, is a table of tetrahedral oligon projection",CosineGECO,5,0.001,trace table definition,msmarco-passage/train,ielabgroup/vec2text_gtr-base-st_corrector
1124210,tracheids are part of _____.,"RESPYs. The styloid bone is the site of processes of stomatid cartilage, due to its central disk.",CosineGECO,5,0.001,what bone is the site of styloid processes,msmarco-passage/train,ielabgroup/vec2text_gtr-base-st_corrector
1124210,tracheids are part of _____.,"made of collagen. The part of the eye made of collagen, referred to as the spherical gloxoid pigment,",CosineGECO,5,0.001,what part of the eye is made of collagen?,msmarco-passage/train,ielabgroup/vec2text_gtr-base-st_corrector
1124210,tracheids are part of _____.,"which is part of the brain that connects to both hemispheres, the brain connects to the cleft hemisphere.",CosineGECO,5,0.001,what part of the brain connects both hemispheres?,msmarco-passage/train,ielabgroup/vec2text_gtr-base-st_corrector
1124210,tracheids are part of _____.,"a.m. 4-6, the large intestine is associated with the section of the liver and other intestines such as the liver",CosineGECO,5,0.001,what section of the large intestine is associated with the liver,msmarco-passage/train,ielabgroup/vec2text_gtr-base-st_corrector
1124210,tracheids are part of _____.,a trac bar is a unique type of trachymetric bar. This is known as a trac bar and is a product,CosineGECO,5,0.001,what is a trac bar,msmarco-passage/train,ielabgroup/vec2text_gtr-base-st_corrector
1124210,tracheids are part of _____.,a function of the cilia (-trachea and -trachea) and the bronchi in the bron,CosineGECO,5,0.001,what is the function of the cilia in the trachea and bronchi,msmarco-passage/train,ielabgroup/vec2text_gtr-base-st_corrector
490595,rsa definition key,"a chemical or physical environment, environmental apheresis triggers ra. However, balaminoglycans",CosineGECO,5,0.001,what environmental or chemical triggers ra,msmarco-passage/train,ielabgroup/vec2text_gtr-base-st_corrector
490595,rsa definition key,The sa entry in the SAP . It is a list of entries that are present in a document such as a sap entry,CosineGECO,5,0.001,what is an sa entry in sap,msmarco-passage/train,ielabgroup/vec2text_gtr-base-st_corrector
490595,rsa definition key,RSi is a technique used by using a spherical insea (RSI) and how it is used,CosineGECO,5,0.001,what is rsi and how it is used,msmarco-passage/train,ielabgroup/vec2text_gtr-base-st_corrector
490595,rsa definition key,a rpk. It is a type of e-Fired kidos known as a rp,CosineGECO,5,0.001,what is an rpk,msmarco-passage/train,ielabgroup/vec2text_gtr-base-st_corrector
490595,rsa definition key,"ssas-create script. After a few minutes, ssas-create script is added to a federated",CosineGECO,5,0.001,ssas create script,msmarco-passage/train,ielabgroup/vec2text_gtr-base-st_corrector
490595,rsa definition key,"(known as rars) is a downloadable resource on the RARS system. RARS is a powerful, powerful, and long-running",CosineGECO,5,0.001,what is rars,msmarco-passage/train,ielabgroup/vec2text_gtr-base-st_corrector
490595,rsa definition key,meanings of a psA that stands for forensic apologist's discovery of a forensic apologist',CosineGECO,5,0.001,what does psa mean in forensics,msmarco-passage/train,ielabgroup/vec2text_gtr-base-st_corrector
490595,rsa definition key,of a statistic r  r  r  r is defined as the value of squared values of a data,CosineGECO,5,0.001,definition of r squared value in statistics,msmarco-passage/train,ielabgroup/vec2text_gtr-base-st_corrector
490595,rsa definition key,psa platform is a platform for Windows and Apple Inc. It is a platform for GM Multiuser and Embedded platforms,CosineGECO,5,0.001,what is psa platform,msmarco-passage/train,ielabgroup/vec2text_gtr-base-st_corrector
490595,rsa definition key,"aprasia aprasia is a ksiaksia, a world of treasures.",CosineGECO,5,0.001,what is akrasia?,msmarco-passage/train,ielabgroup/vec2text_gtr-base-st_corrector
1103812,who formed the commonwealth of independent states,"in 1776 when the U.S. received American independence from the Continent of America and on July 1st, 1787 America will receive",CosineGECO,5,0.001,when did america receive independence from britian,msmarco-passage/train,ielabgroup/vec2text_gtr-base-st_corrector
1103812,who formed the commonwealth of independent states,"who established a revolutionary regime in Cuba, and a two-year later 'leader of the communist revolution', La Pagosa",CosineGECO,5,0.001,who was the revolutionary leader who established a communist regime in cuba?,msmarco-passage/train,ielabgroup/vec2text_gtr-base-st_corrector
1103812,who formed the commonwealth of independent states,who proposed replacing the articles of federation and the accessions to a new constitution or a new government with a new government,CosineGECO,5,0.001,who proposed replacing the articles of confederation with a new government,msmarco-passage/train,ielabgroup/vec2text_gtr-base-st_corrector
1103812,who formed the commonwealth of independent states,"who helped develop the constitution of the United States, a document drafted by Robert A. Lenoy and drafted by the United States Congress",CosineGECO,5,0.001,who helped develop the constitution of the united states,msmarco-passage/train,ielabgroup/vec2text_gtr-base-st_corrector
1103812,who formed the commonwealth of independent states,"which year the United States of America enacted a decision to declare independence and re-affirm that we are doing so, 1791",CosineGECO,5,0.001,what year did us declare independence,msmarco-passage/train,ielabgroup/vec2text_gtr-base-st_corrector
1103812,who formed the commonwealth of independent states,"purpose of the American independent party, and the purpose of the United States of America, following the inauguration of the United States presidential administration, is to",CosineGECO,5,0.001,what was the purpose of the american independent party,msmarco-passage/train,ielabgroup/vec2text_gtr-base-st_corrector
1103812,who formed the commonwealth of independent states,"a governing body of a dynasty, Claude Ferdinand and Mary Phelan, who founded the Natural Law party in 18",CosineGECO,5,0.001,who founded the natural law party,msmarco-passage/train,ielabgroup/vec2text_gtr-base-st_corrector
1103812,who formed the commonwealth of independent states,who did not sign the document did not sign the Declaration of Independence and who has not signed the document appointed to the Declaration of Independence,CosineGECO,5,0.001,who did not sign the declaration of independence did not sign the document,msmarco-passage/train,ielabgroup/vec2text_gtr-base-st_corrector
1103812,who formed the commonwealth of independent states,"when the state of Nevada (now ratified as Nevada) was admitted to the Union, and on January 1, 1923, a 501",CosineGECO,5,0.001,when was nevada admitted to the union,msmarco-passage/train,ielabgroup/vec2text_gtr-base-st_corrector
1103812,who formed the commonwealth of independent states,year the ham ham colony in the American state of New Hampshire was founded (c. 1664) when the Navigator Colony was,CosineGECO,5,0.001,when was the colony founded year new hampshire,msmarco-passage/train,ielabgroup/vec2text_gtr-base-st_corrector
87181,causes of left ventricular hypertrophy,causes of natroectovolamic euboreal syndrome (eubolemia) causes hypovolamic,CosineGECO,5,0.001,causes of hyponatremia euvolemic,msmarco-passage/train,ielabgroup/vec2text_gtr-base-st_corrector
87181,causes of left ventricular hypertrophy,hidradenitis suppurativa hidradenitis (suppurativa spongiformis),CosineGECO,5,0.001,hidradenitis suppurativa causes,msmarco-passage/train,ielabgroup/vec2text_gtr-base-st_corrector
87181,causes of left ventricular hypertrophy,(e.g. bruising or eczema) is a condition that causes vasculitis. It is also caused,CosineGECO,5,0.001,what causes vasculitis,msmarco-passage/train,ielabgroup/vec2text_gtr-base-st_corrector
87181,causes of left ventricular hypertrophy,a systole (systole - systole -) is associated with ventricular,CosineGECO,5,0.001,what is associated with ventricular systole,msmarco-passage/train,ielabgroup/vec2text_gtr-base-st_corrector
87181,causes of left ventricular hypertrophy,cause of uterine hyperplasia (hetero-peritoneal oblation or ovarian cirrhosis),CosineGECO,5,0.001,causes of uterine hyperplasia,msmarco-passage/train,ielabgroup/vec2text_gtr-base-st_corrector
87181,causes of left ventricular hypertrophy,causes during a period of eukaryota and bronchospasm. This is a cause of leukopeni,CosineGECO,5,0.001,causes of leukopenia,msmarco-passage/train,ielabgroup/vec2text_gtr-base-st_corrector
87181,causes of left ventricular hypertrophy,"complete atrioventricular septal defect, and atrioventricular septal gaemas. Symptoms range from cardiac symptoms",CosineGECO,5,0.001,complete atrioventricular septal defect symptoms,msmarco-passage/train,ielabgroup/vec2text_gtr-base-st_corrector
87181,causes of left ventricular hypertrophy,a high amount of fatty acid (e.g. acetylcholine) or other substances causes liver failure. Failure of liver,CosineGECO,5,0.001,what causes liver failure,msmarco-passage/train,ielabgroup/vec2text_gtr-base-st_corrector
87181,causes of left ventricular hypertrophy,"a time with svt, svt can cause heart failure in people with a veno-ventilocere",CosineGECO,5,0.001,can svt cause heart failure,msmarco-passage/train,ielabgroup/vec2text_gtr-base-st_corrector
87181,causes of left ventricular hypertrophy,"illnesses, a combination of diseases (e.g., autoimmune diseases) or a history of vasodilantia can cause",CosineGECO,5,0.001,what diseases or illnesses can cause hypovolemia,msmarco-passage/train,ielabgroup/vec2text_gtr-base-st_corrector
443396,lps laws definition,what lpns do. They are a lonesotherapy and perform tasks to resuscitate the health care,CosineGECO,5,0.001,what do lpns do,msmarco-passage/train,ielabgroup/vec2text_gtr-base-st_corrector
443396,lps laws definition,zoning rdlp means a zoning of a residential area. It is a 'Puccinie,CosineGECO,5,0.001,what does zoning rldp mean,msmarco-passage/train,ielabgroup/vec2text_gtr-base-st_corrector
443396,lps laws definition,"LL.B in law. Known in a legal journal as lbb, it is a metric for debt in tax law",CosineGECO,5,0.001,what is llb in law?,msmarco-passage/train,ielabgroup/vec2text_gtr-base-st_corrector
443396,lps laws definition,"LSU, is a ludo-fi player and one of the nation's leaders, currently known as the University of Southern",CosineGECO,5,0.001,who is lsu,msmarco-passage/train,ielabgroup/vec2text_gtr-base-st_corrector
443396,lps laws definition,"defined strict liability offences (SOLETA Laws): Strict offences are offences against a person committing a crime,",CosineGECO,5,0.001,strict liability offences definition,msmarco-passage/train,ielabgroup/vec2text_gtr-base-st_corrector
443396,lps laws definition,define administrative law (the law of a nation) (,CosineGECO,5,0.001,define administrative law,msmarco-passage/train,ielabgroup/vec2text_gtr-base-st_corrector
443396,lps laws definition,(Liability and Trust)          is a business partnership formed,CosineGECO,5,0.001,what is a limited liability partnership in business,msmarco-passage/train,ielabgroup/vec2text_gtr-base-st_corrector
443396,lps laws definition,proper law Definition of proper law (simplified form        ) is a,CosineGECO,5,0.001,proper definition law,msmarco-passage/train,ielabgroup/vec2text_gtr-base-st_corrector
443396,lps laws definition,par light par light (Light Optical Definition: Light  or Light ) is a chemical hazard,CosineGECO,5,0.001,par light definition,msmarco-passage/train,ielabgroup/vec2text_gtr-base-st_corrector
443396,lps laws definition,(policy) policies (           ) are,CosineGECO,5,0.001,policies definition,msmarco-passage/train,ielabgroup/vec2text_gtr-base-st_corrector
1121709,what are the three percenters?,"0.3 gallons of a frying dish in one third cup, and 0.5 gallons of a frying dish in one.",CosineGECO,5,0.001,how many teaspoons in one third cup?,msmarco-passage/train,ielabgroup/vec2text_gtr-base-st_corrector
1121709,what are the three percenters?,who (according to the last emancipation of the president of the United States) are considered the three founding fathers of the United States,CosineGECO,5,0.001,which three people are considered founding fathers of the united states?,msmarco-passage/train,ielabgroup/vec2text_gtr-base-st_corrector
1121709,what are the three percenters?,third party check is a definition of the checks and checks of persons deposited at a bank or other federal agency by the Disputed Payment,CosineGECO,5,0.001,third party check definition,msmarco-passage/train,ielabgroup/vec2text_gtr-base-st_corrector
1121709,what are the three percenters?,significance of 3dB is a small estimate of the importance of the Db frequency. This frequency is an important component of the audio-audi,CosineGECO,5,0.001,what is the significance of 3db frequency,msmarco-passage/train,ielabgroup/vec2text_gtr-base-st_corrector
1121709,what are the three percenters?,triple mmmm scheme is a scheme that works by adjusting the regulators. It determines how well it is cooked and how well it is,CosineGECO,5,0.001,what is triple mmm scheme and how it works,msmarco-passage/train,ielabgroup/vec2text_gtr-base-st_corrector
1121709,what are the three percenters?,"(Asia, Berkeley). The degree of three-phase is Phase Out. It is the main process of completing a four degree training",CosineGECO,5,0.001,what degree is three phase out,msmarco-passage/train,ielabgroup/vec2text_gtr-base-st_corrector
1121709,what are the three percenters?,% of family business (business fails in the second generation and a 50% to 55% in the first generation) are in failure and misses,CosineGECO,5,0.001,what % of family business fail in second generation,msmarco-passage/train,ielabgroup/vec2text_gtr-base-st_corrector
1121709,what are the three percenters?,90% of people who make in-app purchases (1 percent of all people who buy their in-app store) and other statistics,CosineGECO,5,0.001,percent of people who make in-app purchases,msmarco-passage/train,ielabgroup/vec2text_gtr-base-st_corrector
1121709,what are the three percenters?,three terms are 'trees' and 'organic' and 'fascistic' and are used to describe trees,CosineGECO,5,0.001,what are three terms used to describe trees,msmarco-passage/train,ielabgroup/vec2text_gtr-base-st_corrector
1121709,what are the three percenters?,"the three major groups of protists, namely, protists, a reseminata and a",CosineGECO,5,0.001,what are the three major groups of protists,msmarco-passage/train,ielabgroup/vec2text_gtr-base-st_corrector
87452,causes of military suicide,in the UNIVERSITY. The 'single fold' in the military is a single fold in the Army that functions as a,CosineGECO,5,0.001,what is a single fold in the military,msmarco-passage/train,ielabgroup/vec2text_gtr-base-st_corrector
87452,causes of military suicide,"students attending college with the highest suicide rates (e.g., .94%, .94%, .94% college suicide)",CosineGECO,5,0.001,highest college suicide rates,msmarco-passage/train,ielabgroup/vec2text_gtr-base-st_corrector
87452,causes of military suicide,"(no.1 vs. 1.1 vs. 3.1%), the suicide rate in China is at the current state of research",CosineGECO,5,0.001,what is the suicide rate in china?,msmarco-passage/train,ielabgroup/vec2text_gtr-base-st_corrector
87452,causes of military suicide,"following a slew of a heart attack, complications following surgery, and failure following a heart attack are the causes of death after heart",CosineGECO,5,0.001,cause of death following heart bypass surgery,msmarco-passage/train,ielabgroup/vec2text_gtr-base-st_corrector
87452,causes of military suicide,Causes of fatal crashes are a major cause of head-on collisions that occur after a driver reaches a safe head-on,CosineGECO,5,0.001,what is a major cause of fatal head-on crashes,msmarco-passage/train,ielabgroup/vec2text_gtr-base-st_corrector
87452,causes of military suicide,"who are at most risk of committing suicide (e.g., sex and men who are suffering from life problems) are at the most",CosineGECO,5,0.001,who is most at risk for committing suicide,msmarco-passage/train,ielabgroup/vec2text_gtr-base-st_corrector
87452,causes of military suicide,Military fleeer Military fleeer is a military utensil which is a type of brushed-feet,CosineGECO,5,0.001,what is military fleer,msmarco-passage/train,ielabgroup/vec2text_gtr-base-st_corrector
87452,causes of military suicide,cause of anastomosing spondylitis (as a result of amputational sclerosis) and ana,CosineGECO,5,0.001,cause of ankylosing spondylitis,msmarco-passage/train,ielabgroup/vec2text_gtr-base-st_corrector
87452,causes of military suicide,"acted against attempted suicide is illegal in Oklahoma-Oklahoma, if a suicide is a matter of utmost priority,",CosineGECO,5,0.001,is attempted suicide illegal in oklahoma,msmarco-passage/train,ielabgroup/vec2text_gtr-base-st_corrector
87452,causes of military suicide,causes cortana. It is a result of brainwashing and a prenatal infection. Cortana can also be affected.,CosineGECO,5,0.001,what causes cortana?,msmarco-passage/train,ielabgroup/vec2text_gtr-base-st_corrector
855410,what is theraderm used for,emdr treats emtmorrhagic disease and refractory disorders. When a patient is em,CosineGECO,5,0.001,what does emdr treat,msmarco-passage/train,ielabgroup/vec2text_gtr-base-st_corrector
855410,what is theraderm used for,"the purpose of thyroid medicine, a medicine is used to guide the treatment of the body's chomonosis and the function of thyroid",CosineGECO,5,0.001,what is the purpose of thyroid medicine,msmarco-passage/train,ielabgroup/vec2text_gtr-base-st_corrector
855410,what is theraderm used for,(Haemoglutarate-carbohydrate) Threonine is used for a variety of vitamins and for,CosineGECO,5,0.001,what is threonine used for,msmarco-passage/train,ielabgroup/vec2text_gtr-base-st_corrector
855410,what is theraderm used for,a diffuser is used for a 'diffusor' or a 'dribble' of compressed air used for long,CosineGECO,5,0.001,what is a diffuser used for,msmarco-passage/train,ielabgroup/vec2text_gtr-base-st_corrector
855410,what is theraderm used for,Stemonarioides scutellarioides is used for the solemnison apical fungus and to treat,CosineGECO,5,0.001,what is solenostemon scutellarioides used for,msmarco-passage/train,ielabgroup/vec2text_gtr-base-st_corrector
855410,what is theraderm used for,a function of a number of tools: The purpose of the Temp (    ) is to keep temperature,CosineGECO,5,0.001,what is the purpose of the temp,msmarco-passage/train,ielabgroup/vec2text_gtr-base-st_corrector
855410,what is theraderm used for,"in patients with a history of a heart disease, clotrimazole cream treats clotrimazole rabidit",CosineGECO,5,0.001,what does clotrimazole cream treat,msmarco-passage/train,ielabgroup/vec2text_gtr-base-st_corrector
855410,what is theraderm used for,"when we are able to use ad-dr, we use ADR. This is because it helps us to concentrate on a stock",CosineGECO,5,0.001,why do we use adr,msmarco-passage/train,ielabgroup/vec2text_gtr-base-st_corrector
855410,what is theraderm used for,(zaditor) is used to treat a variety of diseases such as eczema and dorrhea and,CosineGECO,5,0.001,what is zaditor used for,msmarco-passage/train,ielabgroup/vec2text_gtr-base-st_corrector
855410,what is theraderm used for,"Using a mixture of adipose, adiboa, Ariba is used for rib diseases and",CosineGECO,5,0.001,what is ariba used for,msmarco-passage/train,ielabgroup/vec2text_gtr-base-st_corrector
1114646,what is famvir prescribed for,Medicinal medicine famotucine famotucine (formerly known as fomotapicidine) is a medicine and,CosineGECO,5,0.001,what is famotidine medicine,msmarco-passage/train,ielabgroup/vec2text_gtr-base-st_corrector
1114646,what is famvir prescribed for,fentanyl is prescribed for the treatment of acute adenosine and hepatitis and other opioid pain syndromes prescribed,CosineGECO,5,0.001,what is fentanyl prescribed for,msmarco-passage/train,ielabgroup/vec2text_gtr-base-st_corrector
1114646,what is famvir prescribed for,The drug clindamycin is prescribed for the prescription prescription of cyclomycin Acute bacterial ectoma Acute,CosineGECO,5,0.001,what is the prescription drug clindamycin prescribed for,msmarco-passage/train,ielabgroup/vec2text_gtr-base-st_corrector
1114646,what is famvir prescribed for,"rifabutin is used for emaciation and emaciation in the intestines, hayadog",CosineGECO,5,0.001,what is rifabutin used for,msmarco-passage/train,ielabgroup/vec2text_gtr-base-st_corrector
1114646,what is famvir prescribed for,Propranolol Propranolol is used as a treatment for tracheohypsemora and other,CosineGECO,5,0.001,what is propranolol used to treat,msmarco-passage/train,ielabgroup/vec2text_gtr-base-st_corrector
1114646,what is famvir prescribed for,of turmeric in Ayurvedic medicine is a turmeric treatment and adversina acromium which is treated,CosineGECO,5,0.001,what is turmeric in ayurvedic treatment,msmarco-passage/train,ielabgroup/vec2text_gtr-base-st_corrector
1114646,what is famvir prescribed for,"the prescription drug coreg is used for the treatment of a prescription-coated eye problem, and for the treatment of eczema",CosineGECO,5,0.001,what is the prescription coreg used for,msmarco-passage/train,ielabgroup/vec2text_gtr-base-st_corrector
1114646,what is famvir prescribed for,erectile marrow. It is the Levetiracetam generic for a beta-adrenergic medication.,CosineGECO,5,0.001,what is levetiracetam generic for?,msmarco-passage/train,ielabgroup/vec2text_gtr-base-st_corrector
1114646,what is famvir prescribed for,Gluftimostim is used to administer follicle-gliathing drugs and is useful for folliculars and,CosineGECO,5,0.001,what is follistim used for,msmarco-passage/train,ielabgroup/vec2text_gtr-base-st_corrector
1114646,what is famvir prescribed for,"by the use of a tap on the Hovegache, viakal is used for visiting countries to treat malnutrition and other diseases. It",CosineGECO,5,0.001,what is viakal used for,msmarco-passage/train,ielabgroup/vec2text_gtr-base-st_corrector
19335,anthropological definition of environment,"(e.g.         ) definition of geographical, is the geographical",CosineGECO,5,0.001,geographical definition,msmarco-passage/train,ielabgroup/vec2text_gtr-base-st_corrector
19335,anthropological definition of environment,a definition of physical anthropology (Anthropoeic anthropology or anthropology) is the observance of human,CosineGECO,5,0.001,what is physical anthropology definition,msmarco-passage/train,ielabgroup/vec2text_gtr-base-st_corrector
19335,anthropological definition of environment,ANc neighborhood ANc neighborhood (A.B.A.C.) is a neighborhood in the central and northern areas of the Ocean,CosineGECO,5,0.001,what is an anc neighborhood,msmarco-passage/train,ielabgroup/vec2text_gtr-base-st_corrector
19335,anthropological definition of environment,"definition, i.e., by Ali Anderson,       ecological preservation is the preservation of",CosineGECO,5,0.001,ecological preservation definition,msmarco-passage/train,ielabgroup/vec2text_gtr-base-st_corrector
19335,anthropological definition of environment,"anthropophagy, a definition of anthropophagy, is a group of animists, sacrophages",CosineGECO,5,0.001,define anthropophagy,msmarco-passage/train,ielabgroup/vec2text_gtr-base-st_corrector
19335,anthropological definition of environment,"definition of environmental exposure, environmental exposure is a sensitivity to exposure to a substance or a person's fetus",CosineGECO,5,0.001,environmental exposure definition,msmarco-passage/train,ielabgroup/vec2text_gtr-base-st_corrector
19335,anthropological definition of environment,inhospitable environment (Inhospitable Environment) is a definition of a geological environment that is not able to contain and distributed,CosineGECO,5,0.001,inhospitable environment definition,msmarco-passage/train,ielabgroup/vec2text_gtr-base-st_corrector
19335,anthropological definition of environment,(also known as assemblage) is a form of a chemical compound that is part of the genome of Michael Grieskind (the late,CosineGECO,5,0.001,what is assemblage,msmarco-passage/train,ielabgroup/vec2text_gtr-base-st_corrector
19335,anthropological definition of environment,"as sculpture, Art as Environment (a.k.a. Sculpture or Imagination of the Environment) is a form of environment",CosineGECO,5,0.001,what is sculpture as environment,msmarco-passage/train,ielabgroup/vec2text_gtr-base-st_corrector
19335,anthropological definition of environment,acronym  acronym,CosineGECO,5,0.001,anacronym definition,msmarco-passage/train,ielabgroup/vec2text_gtr-base-st_corrector
47923,axon terminals or synaptic knob definition,where the lymph nodes of the axillary gland are - the axillary region receives lymph from a variety of sources,CosineGECO,5,0.001,where do the lymph nodes of the axillary region receive lymph from,msmarco-passage/train,ielabgroup/vec2text_gtr-base-st_corrector
47923,axon terminals or synaptic knob definition,(known as a synapse) is a synapse of the synapse organs of the human,CosineGECO,5,0.001,what is a synapse,msmarco-passage/train,ielabgroup/vec2text_gtr-base-st_corrector
47923,axon terminals or synaptic knob definition,"A chromo is a cytochromoid of the chromosomes, also known as a",CosineGECO,5,0.001,what is a chromo,msmarco-passage/train,ielabgroup/vec2text_gtr-base-st_corrector
47923,axon terminals or synaptic knob definition,"one difference between axons and dendrites is that, whereas axons to the axons is",CosineGECO,5,0.001,one difference between axons and dendrites is that,msmarco-passage/train,ielabgroup/vec2text_gtr-base-st_corrector
47923,axon terminals or synaptic knob definition,"syn (nucleotide kinase) Syn is a defined limit of the molecule of a neuron, calcium",CosineGECO,5,0.001,syn definition,msmarco-passage/train,ielabgroup/vec2text_gtr-base-st_corrector
47923,axon terminals or synaptic knob definition,definition thalamus (the thalamus) is a form of psychology that is a neuroanatomy of the brain causing,CosineGECO,5,0.001,thalamus definition psychology,msmarco-passage/train,ielabgroup/vec2text_gtr-base-st_corrector
47923,axon terminals or synaptic knob definition,"definition of a paroxysmal fasib, a physodroma (a fib).",CosineGECO,5,0.001,paroxysmal a-fib definition,msmarco-passage/train,ielabgroup/vec2text_gtr-base-st_corrector
47923,axon terminals or synaptic knob definition,aphylaxis (anaphylaxis) is a disease of the fecundity of the anaphy,CosineGECO,5,0.001,what is anaphylaxis definition,msmarco-passage/train,ielabgroup/vec2text_gtr-base-st_corrector
47923,axon terminals or synaptic knob definition,(synovial) joint is a synovial fusion of the synovial neurae of the oral bones,CosineGECO,5,0.001,what is a synovial joint,msmarco-passage/train,ielabgroup/vec2text_gtr-base-st_corrector
47923,axon terminals or synaptic knob definition,Terminal syrinx  is a virulence of the  (syrinx),CosineGECO,5,0.001,what is terminal syrinx,msmarco-passage/train,ielabgroup/vec2text_gtr-base-st_corrector
405717,is cdg airport in main paris,because CNBC - Logan Airport - is where logging nass does the news. It provides a reason why a bomb,CosineGECO,5,0.001,why does logan airport cnn,msmarco-passage/train,ielabgroup/vec2text_gtr-base-st_corrector
405717,is cdg airport in main paris,"airport of Dayton & Olympus, Ohio Dayton International Airport ( formerly OHI-Detroit) is a",CosineGECO,5,0.001,where is dayton ohio international airport,msmarco-passage/train,ielabgroup/vec2text_gtr-base-st_corrector
405717,is cdg airport in main paris,"elevation of , which is a 4,096 ft elevation at Charlotte-Charlotte International Airport is the City of Sneabyte",CosineGECO,5,0.001,what is the elevation of charlotte nc airport,msmarco-passage/train,ielabgroup/vec2text_gtr-base-st_corrector
405717,is cdg airport in main paris,"airport at Santa Clara, the airport for the LC/A/LA/Crevet A/LA/Crevet A/",CosineGECO,5,0.001,"what airport for santa clara, ca",msmarco-passage/train,ielabgroup/vec2text_gtr-base-st_corrector
405717,is cdg airport in main paris,CPg sequence is a sequence that is a result of a post-card grammatical commutation disorder (CPG,CosineGECO,5,0.001,what is a cpg sequence,msmarco-passage/train,ielabgroup/vec2text_gtr-base-st_corrector
405717,is cdg airport in main paris,"airport - Raleigh - formerly Carthage-Aultwood Airport - is a passenger airport located in Raleigh, Tennessee",CosineGECO,5,0.001,where is raleigh airport,msmarco-passage/train,ielabgroup/vec2text_gtr-base-st_corrector
405717,is cdg airport in main paris,complexes at the GM. The Cgm is a world-class gyne and ivory sculpture. The Cgm,CosineGECO,5,0.001,what is the cgm,msmarco-passage/train,ielabgroup/vec2text_gtr-base-st_corrector
405717,is cdg airport in main paris,"Ymx y mx (), located at Airport Yélipo, is a city-landscape airport",CosineGECO,5,0.001,where is airport ymx,msmarco-passage/train,ielabgroup/vec2text_gtr-base-st_corrector
405717,is cdg airport in main paris,"which airport is close to the Statue of Liberty, U.S. Virgin Liberty, which is located on a stopover at George Washington Monument",CosineGECO,5,0.001,what airport is near the statue of liberty,msmarco-passage/train,ielabgroup/vec2text_gtr-base-st_corrector
405717,is cdg airport in main paris,"airport of Dayton & Olympus, Ohio Dayton International Airport ( formerly OHI-Detroit) is a",CosineGECO,5,0.001,where is dayton ohio international airport,msmarco-passage/train,ielabgroup/vec2text_gtr-base-st_corrector
182539,example of monotonic function,examples of annelid invertebrates (annelids are pistolemidae and sclerophytes),CosineGECO,5,0.001,examples of annelid invertebrates,msmarco-passage/train,ielabgroup/vec2text_gtr-base-st_corrector
182539,example of monotonic function,"examples of ionic bonding are a covalent bond between ions and ion ions (e.g., nickel, potassium",CosineGECO,5,0.001,examples of ionic bonding,msmarco-passage/train,ielabgroup/vec2text_gtr-base-st_corrector
182539,example of monotonic function,"definition of chemical reactions. Examples are hydrogen peroxide, a free radical, a free radical and a free radical that results from chemical reaction",CosineGECO,5,0.001,chemical reaction definition with examples,msmarco-passage/train,ielabgroup/vec2text_gtr-base-st_corrector
182539,example of monotonic function,"ecology, the abiodote of living organisms and aprons are examples of population ecology: a population example is",CosineGECO,5,0.001,population ecology examples,msmarco-passage/train,ielabgroup/vec2text_gtr-base-st_corrector
182539,example of monotonic function,cost of revenue is an example of a cost of,CosineGECO,5,0.001,cost of revenue example,msmarco-passage/train,ielabgroup/vec2text_gtr-base-st_corrector
182539,example of monotonic function,a piety and a gimmick. It is an example of gratitude and examples of examples include examples of forgiveness and stepping,CosineGECO,5,0.001,what is gratitude and some examples,msmarco-passage/train,ielabgroup/vec2text_gtr-base-st_corrector
182539,example of monotonic function,example (as defined in the example of rhibic exercise) is an aerobic exercise that creates exercise and stability in the body and cardio,CosineGECO,5,0.001,aerobic exercise definition and example,msmarco-passage/train,ielabgroup/vec2text_gtr-base-st_corrector
182539,example of monotonic function,a simple example that is a substitution is the solving of an equation to a solution by substituting  and  to,CosineGECO,5,0.001,what is an example of substitution in solving an equation,msmarco-passage/train,ielabgroup/vec2text_gtr-base-st_corrector
182539,example of monotonic function,a general example of the bottleneck effect. The example is the Shenzhen-Cram 1% bottleneck effect on a generation.,CosineGECO,5,0.001,which is an example of the bottleneck effect?,msmarco-passage/train,ielabgroup/vec2text_gtr-base-st_corrector
182539,example of monotonic function,in which the graph of a monomial function is an odd boomdecimal function. It's the graph of the monomial,CosineGECO,5,0.001,which is the graph of an odd monomial function?,msmarco-passage/train,ielabgroup/vec2text_gtr-base-st_corrector
1113437,what is physical description of spruce,squalene  (sequoiacene) is a cyclic tetrahydrate and special agent,CosineGECO,5,0.001,what is squalene,msmarco-passage/train,ielabgroup/vec2text_gtr-base-st_corrector
1113437,what is physical description of spruce,"a number of physical processes, e.g., AHA, chemistry, chemistry, and encapsulation, are physical processes",CosineGECO,5,0.001,which are physical processes,msmarco-passage/train,ielabgroup/vec2text_gtr-base-st_corrector
1113437,what is physical description of spruce,plasia is a defined complex of fibrous cells and adenoids (including cadastria). Known as pl,CosineGECO,5,0.001,define plasia,msmarco-passage/train,ielabgroup/vec2text_gtr-base-st_corrector
1113437,what is physical description of spruce,"in science, 'pitch' means a kinematical mean of a substance and it is used in science to describe the orbit",CosineGECO,5,0.001,what does pitch mean in science,msmarco-passage/train,ielabgroup/vec2text_gtr-base-st_corrector
1113437,what is physical description of spruce,"by a number of traumatic memories (e.g., silicosis and memory), the characteristics of sensory memory are memory and memory",CosineGECO,5,0.001,what are the characteristics of sensory memory,msmarco-passage/train,ielabgroup/vec2text_gtr-base-st_corrector
1113437,what is physical description of spruce,"Physical features that are inherited are physical features (e.g., eyes, trunks, maps, and body structure) that are inherited",CosineGECO,5,0.001,what physical features are inherited,msmarco-passage/train,ielabgroup/vec2text_gtr-base-st_corrector
1113437,what is physical description of spruce,sprycel is a sulphur-based adrenocorticoic acid. It is also known as Sp,CosineGECO,5,0.001,what is sprycel,msmarco-passage/train,ielabgroup/vec2text_gtr-base-st_corrector
1113437,what is physical description of spruce,A pustule (or a pumtule) is a substance of a femur that is a hairst,CosineGECO,5,0.001,what is a pustule,msmarco-passage/train,ielabgroup/vec2text_gtr-base-st_corrector
1113437,what is physical description of spruce,"logical schema, POSITAL schema, &        conceptual schema and physical schema",CosineGECO,5,0.001,"conceptual schema, logical & physical schema definition",msmarco-passage/train,ielabgroup/vec2text_gtr-base-st_corrector
1113437,what is physical description of spruce,spline - a specific meaning of a bone in a patient with a spherical skeleton or fibre,CosineGECO,5,0.001,spline meaning,msmarco-passage/train,ielabgroup/vec2text_gtr-base-st_corrector
1129237,hydrogen is a liquid below what temperature,a resistor  (residual temperature)  (90 °C)  (301 °F),CosineGECO,5,0.001,temperature of a resistor,msmarco-passage/train,ielabgroup/vec2text_gtr-base-st_corrector
1129237,hydrogen is a liquid below what temperature,maximum temperature of wax paper is         120 °C and wax fibrous paper,CosineGECO,5,0.001,maximum temperature for wax paper,msmarco-passage/train,ielabgroup/vec2text_gtr-base-st_corrector
1129237,hydrogen is a liquid below what temperature,"a different molecule than hydrogen, which, like hydrogen, makes oxygen different from hydrogen, and helium, which is hydrogen, unlike fatty",CosineGECO,5,0.001,what make hydrogen different from oxygen,msmarco-passage/train,ielabgroup/vec2text_gtr-base-st_corrector
1129237,hydrogen is a liquid below what temperature,to heat honey at 0 to 170 °C (80 to 113 °F) or apreheat honey to temperature or,CosineGECO,5,0.001,what temp to heat honey,msmarco-passage/train,ielabgroup/vec2text_gtr-base-st_corrector
1129237,hydrogen is a liquid below what temperature,use a hot-test curve. You can use a digit screen and press a button to check hamburger temperature. This information is available online,CosineGECO,5,0.001,how to check temperature of hamburger,msmarco-passage/train,ielabgroup/vec2text_gtr-base-st_corrector
1129237,hydrogen is a liquid below what temperature,temperature at bottom of distillation column (i.e. below a liquid tamper and 900 °C) as distillation column,CosineGECO,5,0.001,temp at bottom of distillation column,msmarco-passage/train,ielabgroup/vec2text_gtr-base-st_corrector
1129237,hydrogen is a liquid below what temperature,Temperature of a plane's cargo hold a,CosineGECO,5,0.001,temperature of a plane's cargo hold,msmarco-passage/train,ielabgroup/vec2text_gtr-base-st_corrector
1129237,hydrogen is a liquid below what temperature,average Hilton Hilton head temperature (,CosineGECO,5,0.001,hilton head average temperature,msmarco-passage/train,ielabgroup/vec2text_gtr-base-st_corrector
1129237,hydrogen is a liquid below what temperature,with hydrogen: Hydronium (hydro-) is a period of 1.4–1.6 . Hydronium (especially,CosineGECO,5,0.001,what period is hydrogen,msmarco-passage/train,ielabgroup/vec2text_gtr-base-st_corrector
1129237,hydrogen is a liquid below what temperature,", the partial pressure of hydrogen gas to gas",CosineGECO,5,0.001,what is the partial pressure of hydrogen gas,msmarco-passage/train,ielabgroup/vec2text_gtr-base-st_corrector
146187,difference between a mcdouble and a double cheeseburger,"a limit of militancy (DoD). This is a difference between Canada and the United States, whereas the US and Canada",CosineGECO,5,0.001,difference between canada and us,msmarco-passage/train,ielabgroup/vec2text_gtr-base-st_corrector
146187,difference between a mcdouble and a double cheeseburger,what is a difference between electoral college and a televote and who is voted for by the popular vote and President Enrollment,CosineGECO,5,0.001,what is the difference between popular vote and electoral college,msmarco-passage/train,ielabgroup/vec2text_gtr-base-st_corrector
146187,difference between a mcdouble and a double cheeseburger,quinoa (cocosa tertiary) is a difference between quinoa and couscous quinoa,CosineGECO,5,0.001,what is the difference between quinoa and couscous,msmarco-passage/train,ielabgroup/vec2text_gtr-base-st_corrector
146187,difference between a mcdouble and a double cheeseburger,difference between brusque (beef & calf & olive) versus broccoli (the difference between carrot and cauliflower,CosineGECO,5,0.001,difference between broccoli and cauliflower,msmarco-passage/train,ielabgroup/vec2text_gtr-base-st_corrector
146187,difference between a mcdouble and a double cheeseburger,difference between bp paper (which is a phtack and a phtan) and TB-paper.,CosineGECO,5,0.001,what's the difference between ph paper and btb?,msmarco-passage/train,ielabgroup/vec2text_gtr-base-st_corrector
146187,difference between a mcdouble and a double cheeseburger,"a difference between a schnoodle and a schnauzer , a schnauzer is a",CosineGECO,5,0.001,What is the difference between a schnoodle and schnauzer,msmarco-passage/train,ielabgroup/vec2text_gtr-base-st_corrector
146187,difference between a mcdouble and a double cheeseburger,"of 447, 450, 447, 448, or a Burger is a form of food, sometimes known as a burger",CosineGECO,5,0.001,what is a burger,msmarco-passage/train,ielabgroup/vec2text_gtr-base-st_corrector
146187,difference between a mcdouble and a double cheeseburger,"balayage is a difference between foil and balayol, a difference between a pair of gills and",CosineGECO,5,0.001,difference between balayage and foil,msmarco-passage/train,ielabgroup/vec2text_gtr-base-st_corrector
146187,difference between a mcdouble and a double cheeseburger,difference between k MB k mb k GB mb k GB mb k mb,CosineGECO,5,0.001,difference in gb mb kb,msmarco-passage/train,ielabgroup/vec2text_gtr-base-st_corrector
146187,difference between a mcdouble and a double cheeseburger,"nutritional content of the eggs in the scrumptled eggs, McDonald's has a : mcda-dw",CosineGECO,5,0.001,what's the nutritional content in mcdonald's scrambled eggs,msmarco-passage/train,ielabgroup/vec2text_gtr-base-st_corrector
