query_id,text,obfuscatedText,mechanism,epsilon,top_percentile,pivot_query,pool,corrector_model
301,International Organized Crime,"of the United Nations, United Nations Organization is a governing body of international organisations and organisations, whose work is transforming, addressing, climate",KernelDensityGECO,1,0.001,what is united nations organisation,msmarco-passage/train,ielabgroup/vec2text_gtr-base-st_corrector
301,International Organized Crime,Americans join inteinterest groups. They join INTErest groups because it is the group in which the U.S. is a,KernelDensityGECO,1,0.001,why do american join the inteerest groups,msmarco-passage/train,ielabgroup/vec2text_gtr-base-st_corrector
301,International Organized Crime,the acronym ISr (Inter-Services Electronic Information Facility - Army Tactical Ranger Rally - Armed Forces - Army,KernelDensityGECO,1,0.001,what is the army acronym isr,msmarco-passage/train,ielabgroup/vec2text_gtr-base-st_corrector
301,International Organized Crime,ioi is a good quality embedded computer for the use of 3D cameras. ioi ioi is an important region,KernelDensityGECO,1,0.001,what is ioi,msmarco-passage/train,ielabgroup/vec2text_gtr-base-st_corrector
301,International Organized Crime,Wis International Inventory is a portfolio of warehousing and e-commerce by Wis Wis. It is a global,KernelDensityGECO,1,0.001,what is wis international inventory,msmarco-passage/train,ielabgroup/vec2text_gtr-base-st_corrector
301,International Organized Crime,"how offences are classified, based on the criminal record, by the Crime Files Bulletin. Criminal offences can be classified into three categories:",KernelDensityGECO,1,0.001,how are criminal offences classified,msmarco-passage/train,ielabgroup/vec2text_gtr-base-st_corrector
301,International Organized Crime,charged at the time of Antoine-Anthony Lavoisier lurine volentin was crime and Anthony,KernelDensityGECO,1,0.001,what was antoine laurent lavoisier crime,msmarco-passage/train,ielabgroup/vec2text_gtr-base-st_corrector
301,International Organized Crime,organization of American states (U.S.,KernelDensityGECO,1,0.001,organization of American states definition,msmarco-passage/train,ielabgroup/vec2text_gtr-base-st_corrector
301,International Organized Crime,of a global organization is a result of the following: (a),KernelDensityGECO,1,0.001,which one of the following is true of global organizations,msmarco-passage/train,ielabgroup/vec2text_gtr-base-st_corrector
301,International Organized Crime,a crime that is committed when one alters receipts (as described in the RSA  88) and the other is called alter,KernelDensityGECO,1,0.001,what is the name of the crime committed when one alters receipts,msmarco-passage/train,ielabgroup/vec2text_gtr-base-st_corrector
302,Poliomyelitis and Post-Polio,is a medicaid PPo. Medicaid PPo Medicaid PPo is a medicaid PPo and,KernelDensityGECO,1,0.001,is medicaid a ppo,msmarco-passage/train,ielabgroup/vec2text_gtr-base-st_corrector
302,Poliomyelitis and Post-Polio,polus polus is a definition of a fecal personil in the chromosome,KernelDensityGECO,1,0.001,poilus definition,msmarco-passage/train,ielabgroup/vec2text_gtr-base-st_corrector
302,Poliomyelitis and Post-Polio,(also known as polytherapy or polyanthesis) is a form of a neurologist's treatment of obesity and,KernelDensityGECO,1,0.001,what is polytherapy,msmarco-passage/train,ielabgroup/vec2text_gtr-base-st_corrector
302,Poliomyelitis and Post-Polio,"(types of cells) are polyps. Types of cells are cleft marrow, lithosis and tumors",KernelDensityGECO,1,0.001,What types of cells are polyps,msmarco-passage/train,ielabgroup/vec2text_gtr-base-st_corrector
302,Poliomyelitis and Post-Polio,"polio, which, like other brain tumors, has been cured with a polio-cranium tumor, which is now",KernelDensityGECO,1,0.001,what kind of brain tumor has been cured by polio,msmarco-passage/train,ielabgroup/vec2text_gtr-base-st_corrector
302,Poliomyelitis and Post-Polio,personality disorder vs. tremor & bulimia nervosa mania vs bipolar disorder vs,KernelDensityGECO,1,0.001,personality disorder vs bipolar disorder,msmarco-passage/train,ielabgroup/vec2text_gtr-base-st_corrector
302,Poliomyelitis and Post-Polio,is a trigger point injection and preventive treatment is necessary immediately after postoperative care. Post-operative care is important for preventing early post-operative,KernelDensityGECO,1,0.001,is postoperative care necessary after trigger point injection?,msmarco-passage/train,ielabgroup/vec2text_gtr-base-st_corrector
302,Poliomyelitis and Post-Polio,a dehydration or a lack of hydration fluids (ptycosis) causes polycythemia and other,KernelDensityGECO,1,0.001,polycythemia causes dehydration,msmarco-passage/train,ielabgroup/vec2text_gtr-base-st_corrector
302,Poliomyelitis and Post-Polio,a dehydration or a lack of hydration fluids (ptycosis) causes polycythemia and other,KernelDensityGECO,1,0.001,polycythemia causes dehydration,msmarco-passage/train,ielabgroup/vec2text_gtr-base-st_corrector
302,Poliomyelitis and Post-Polio,"a peptic disorder, polycythemia causes diverticulitis as a result of polycythemia and polyaneu",KernelDensityGECO,1,0.001,polycythemia causes diverticulitis,msmarco-passage/train,ielabgroup/vec2text_gtr-base-st_corrector
303,Hubble Telescope Achievements,purpose of the             are the family selection,KernelDensityGECO,1,0.001,what is the objective of the family selection committee habitat,msmarco-passage/train,ielabgroup/vec2text_gtr-base-st_corrector
303,Hubble Telescope Achievements,roofed franco-polloquists in the reelection of U.S. President Franklin D.,KernelDensityGECO,1,0.001,what were franklin d roosevelt's accomplishments,msmarco-passage/train,ielabgroup/vec2text_gtr-base-st_corrector
303,Hubble Telescope Achievements,"of these measures, which President Kenneth S. Kennedy succeeded in passing as soon as a result of the success of the measures he had passed",KernelDensityGECO,1,0.001,which of these measures did president kennedy succeed in passing,msmarco-passage/train,ielabgroup/vec2text_gtr-base-st_corrector
303,Hubble Telescope Achievements,The oil at the LHC is made by hortiacarbos. It is a popular dress box on the garden stage at La,KernelDensityGECO,1,0.001,what is made at the lhc,msmarco-passage/train,ielabgroup/vec2text_gtr-base-st_corrector
303,Hubble Telescope Achievements,"books, the Sidney Sidney Sidney Cook books, ""Stephen Hawking: A Life in the Powers of Technology"", """,KernelDensityGECO,1,0.001,stephen hawkings books,msmarco-passage/train,ielabgroup/vec2text_gtr-base-st_corrector
303,Hubble Telescope Achievements,the atomic ellipsis and what Albert Einstein discovered when he made the greatest discovery ever that happened in 1909. It was rated,KernelDensityGECO,1,0.001,what was albert einstein greatest discovery and when did it happen,msmarco-passage/train,ielabgroup/vec2text_gtr-base-st_corrector
303,Hubble Telescope Achievements,Paylocity's mission is,KernelDensityGECO,1,0.001,what is paylocity's mission,msmarco-passage/train,ielabgroup/vec2text_gtr-base-st_corrector
303,Hubble Telescope Achievements,"2,000 congresses, a medal has been awarded in the MMDA and a medal in the MMDA of the next millen",KernelDensityGECO,1,0.001,how many congress mmda a medal have been awarded,msmarco-passage/train,ielabgroup/vec2text_gtr-base-st_corrector
303,Hubble Telescope Achievements,are the two functions of rubisco. These functions include:,KernelDensityGECO,1,0.001,what are the two functions of rubisco,msmarco-passage/train,ielabgroup/vec2text_gtr-base-st_corrector
303,Hubble Telescope Achievements,which is the largest worldwide celebrated environmental event – “Celebrate of the Vicars of the Earth” (cycling and logging worldwide,KernelDensityGECO,1,0.001,what is the largest most celebrated environmental event worldwide,msmarco-passage/train,ielabgroup/vec2text_gtr-base-st_corrector
304,Endangered Species (Mammals),nhst killer whales nhst killer whales,KernelDensityGECO,1,0.001,nhst killer whales,msmarco-passage/train,ielabgroup/vec2text_gtr-base-st_corrector
304,Endangered Species (Mammals),Giant sea animal –  (Battlecoasters)  (Angus lions)  (The largest sea animals,KernelDensityGECO,1,0.001,biggest sea animals,msmarco-passage/train,ielabgroup/vec2text_gtr-base-st_corrector
304,Endangered Species (Mammals),why a whale (a waltz or a equatorial fauna) is a mammal,KernelDensityGECO,1,0.001,why is a whale a mammal,msmarco-passage/train,ielabgroup/vec2text_gtr-base-st_corrector
304,Endangered Species (Mammals),"number of species extinct, e.g. 90,020 - 40,730 - extinction of a species currently exist",KernelDensityGECO,1,0.001,number of species extinct,msmarco-passage/train,ielabgroup/vec2text_gtr-base-st_corrector
304,Endangered Species (Mammals),"grasslands of Canada, i.e. grassland, c.f. greenland and senegade land, endangered",KernelDensityGECO,1,0.001,grasslands of canada endangered,msmarco-passage/train,ielabgroup/vec2text_gtr-base-st_corrector
304,Endangered Species (Mammals),"What makes a mammal a mammal is the fact that a mammal, through human behaviours, makes a ma",KernelDensityGECO,1,0.001,What makes a mammal a mammal,msmarco-passage/train,ielabgroup/vec2text_gtr-base-st_corrector
304,Endangered Species (Mammals),is a penguin (seldom a polar echinoptera and ice skates) is a mammal,KernelDensityGECO,1,0.001,is a penguin a mammal,msmarco-passage/train,ielabgroup/vec2text_gtr-base-st_corrector
304,Endangered Species (Mammals),"because of a growing number of fads of alligators, which are endangered birds and other animals, they are endangered.",KernelDensityGECO,1,0.001,why are alligators endangered?,msmarco-passage/train,ielabgroup/vec2text_gtr-base-st_corrector
304,Endangered Species (Mammals),"because of its tiger tiger, the Amur tiger, a musoth tiger, is endangered or",KernelDensityGECO,1,0.001,why is the amur tiger endangered,msmarco-passage/train,ielabgroup/vec2text_gtr-base-st_corrector
304,Endangered Species (Mammals),by the sp. Haralds and Edwards sp.s.s. the great grey owl is an endangered,KernelDensityGECO,1,0.001,is the great gray owl endangered,msmarco-passage/train,ielabgroup/vec2text_gtr-base-st_corrector
305,Most Dangerous Vehicles,"in the United States, the 'Maharaon Snakes', in southern Brazil, and is the most dangerous snake in the world,",KernelDensityGECO,1,0.001,where is the most dangerous snakes in the world,msmarco-passage/train,ielabgroup/vec2text_gtr-base-st_corrector
305,Most Dangerous Vehicles,"there is a car called a Pisces, a car called a 'Pisces ABK' spiro",KernelDensityGECO,1,0.001,is there a car called a pisces,msmarco-passage/train,ielabgroup/vec2text_gtr-base-st_corrector
305,Most Dangerous Vehicles,"to 80-90% damage to a vehicle, or to a total damage to a vehicle (disrepair or breakdown)",KernelDensityGECO,1,0.001,what percentage damage to total a vehicle,msmarco-passage/train,ielabgroup/vec2text_gtr-base-st_corrector
305,Most Dangerous Vehicles,"dangerous facts about Coca-Cola, namely the fact that it produces a contaminated cola, the 45% deadly deadly cornucin",KernelDensityGECO,1,0.001,dangerous facts about coca cola,msmarco-passage/train,ielabgroup/vec2text_gtr-base-st_corrector
305,Most Dangerous Vehicles,"dangerous facts about Coca-Cola, namely the fact that it produces a contaminated cola, the 45% deadly deadly cornucin",KernelDensityGECO,1,0.001,dangerous facts about coca cola,msmarco-passage/train,ielabgroup/vec2text_gtr-base-st_corrector
305,Most Dangerous Vehicles,"in the world, what is the most deadly snake in the world, the mummy lizard, Nabiyasa ved",KernelDensityGECO,1,0.001,what is the most deadly snake in the world,msmarco-passage/train,ielabgroup/vec2text_gtr-base-st_corrector
305,Most Dangerous Vehicles,"based on its hood and trunk, and the ""Most Roomy SUV"" (Snav 3) is the clocked",KernelDensityGECO,1,0.001,what is the roomiest suv,msmarco-passage/train,ielabgroup/vec2text_gtr-base-st_corrector
305,Most Dangerous Vehicles,"model of car, a Commodore, or a Minicar, the cheapest model to insure is a .05",KernelDensityGECO,1,0.001,what model of car is the cheapest to insure,msmarco-passage/train,ielabgroup/vec2text_gtr-base-st_corrector
305,Most Dangerous Vehicles,"for a total of , the world's most expensive legally street car, the Benz RS-100C v4 and RS",KernelDensityGECO,1,0.001,most expensive street legal car in the world,msmarco-passage/train,ielabgroup/vec2text_gtr-base-st_corrector
305,Most Dangerous Vehicles,"(brand name: Avuscar, Mercantile, and Universal) car is the Nova brand of the Mercedes-Benz and is still",KernelDensityGECO,1,0.001,what brand is the nova car,msmarco-passage/train,ielabgroup/vec2text_gtr-base-st_corrector
306,African Civilian Deaths,"– what is north and south Africa – is Africa, a continent extending from the island of Namibia to the island of Jasper and Africa",KernelDensityGECO,1,0.001,what is africa and north africa,msmarco-passage/train,ielabgroup/vec2text_gtr-base-st_corrector
306,African Civilian Deaths,who is the first African American warden in the history of the U.S. - James Brantley - a black prisoner,KernelDensityGECO,1,0.001,who is the first african american warden in the usa,msmarco-passage/train,ielabgroup/vec2text_gtr-base-st_corrector
306,African Civilian Deaths,"(Gielgudahi) s.a. , the largest waterfall in Africa (Cape of South Africa)",KernelDensityGECO,1,0.001,largest waterfall in africa,msmarco-passage/train,ielabgroup/vec2text_gtr-base-st_corrector
306,African Civilian Deaths,"The type of climates found on the continent of Africa are the African continents of the tropics, squall and arid",KernelDensityGECO,1,0.001,What type of climates are found in the continent of africa,msmarco-passage/train,ielabgroup/vec2text_gtr-base-st_corrector
306,African Civilian Deaths,"(inflicted by the icebergs of the RMS Titanic) number of people killed, a total of 33 people killed",KernelDensityGECO,1,0.001,number of people killed in the titanic,msmarco-passage/train,ielabgroup/vec2text_gtr-base-st_corrector
306,African Civilian Deaths,"leader who expressed a political division among African Americans, as expressed by the late Claudette Carne and others, in the African US",KernelDensityGECO,1,0.001,which leader expressed a political division in the african american,msmarco-passage/train,ielabgroup/vec2text_gtr-base-st_corrector
306,African Civilian Deaths,by stopping the blood swine and rabid plague. The Black Death stopped for a period of eighteen months. It stopped,KernelDensityGECO,1,0.001,how did the black death stop,msmarco-passage/train,ielabgroup/vec2text_gtr-base-st_corrector
306,African Civilian Deaths,"largest economy in Africa, the African economy, with a capital of 100 million (equivalent to 100 million) in the Zimbabwe",KernelDensityGECO,1,0.001,largest economy in africa,msmarco-passage/train,ielabgroup/vec2text_gtr-base-st_corrector
306,African Civilian Deaths,"as the battle of Antietam (in which it had 154 casualties) and the battle to the South drew 2,000 casual",KernelDensityGECO,1,0.001,how many casualties did the battle of antietam have in the south,msmarco-passage/train,ielabgroup/vec2text_gtr-base-st_corrector
306,African Civilian Deaths,"a labor scoff at the hands of John C. Kirkman and Francis Isaacson, who came up with the term African-American",KernelDensityGECO,1,0.001,who came up with the term african american,msmarco-passage/train,ielabgroup/vec2text_gtr-base-st_corrector
307,New Hydroelectric Projects,"by the upcoming solar, when the next solar will be on January 24, 2019, and when the next one will be on March 24, 2019, North American cli",KernelDensityGECO,1,0.001,when is the next solar,msmarco-passage/train,ielabgroup/vec2text_gtr-base-st_corrector
307,New Hydroelectric Projects,"a few examples of what are perpetual resources - energy-resources, such as natural gas, renewable energy, hydro-energy, metall",KernelDensityGECO,1,0.001,what are some perpetual resources,msmarco-passage/train,ielabgroup/vec2text_gtr-base-st_corrector
307,New Hydroelectric Projects,"which energy sources are renewables – acoustic energy, wind, solar, tin, copper, and wood – are renewable",KernelDensityGECO,1,0.001,what energy sources are renewable,msmarco-passage/train,ielabgroup/vec2text_gtr-base-st_corrector
307,New Hydroelectric Projects,"from start to start, the Process Engineering Design (Path Engineering Design) is the main document to present a complete process for starting the refinery",KernelDensityGECO,1,0.001,what is the main process engineering document to start the refinery design,msmarco-passage/train,ielabgroup/vec2text_gtr-base-st_corrector
307,New Hydroelectric Projects,"use of human genome project (human hepatitis, hygremia, adenosclerosis, cancer) are uses",KernelDensityGECO,1,0.001,uses of human genome project,msmarco-passage/train,ielabgroup/vec2text_gtr-base-st_corrector
307,New Hydroelectric Projects,is fuel cell economical (electrolytes are a source for a few liters of fuel) or other energy sources are unavailable.,KernelDensityGECO,1,0.001,are fuel cell sources economical?,msmarco-passage/train,ielabgroup/vec2text_gtr-base-st_corrector
307,New Hydroelectric Projects,a hhdp plan. The hdp plan is a new Health and Houphousing Plans plan for customer service,KernelDensityGECO,1,0.001,what is an hdhp plan,msmarco-passage/train,ielabgroup/vec2text_gtr-base-st_corrector
307,New Hydroelectric Projects,utilita energy. The Energia d'Ensejo Mundial del Calcio - utility energy (Ut,KernelDensityGECO,1,0.001,utilita energy,msmarco-passage/train,ielabgroup/vec2text_gtr-base-st_corrector
307,New Hydroelectric Projects,"hidea motor hidea motor, is made in Hamilton, Hawaii, United States by Blanchard Oil",KernelDensityGECO,1,0.001,where is hidea motor made,msmarco-passage/train,ielabgroup/vec2text_gtr-base-st_corrector
307,New Hydroelectric Projects,China Harvar,KernelDensityGECO,1,0.001,harvard china project,msmarco-passage/train,ielabgroup/vec2text_gtr-base-st_corrector
308,Implant Dentistry,"called a denture dentist, or a dentist who feigns a dynead.",KernelDensityGECO,1,0.001,what is a denture dentist called?,msmarco-passage/train,ielabgroup/vec2text_gtr-base-st_corrector
308,Implant Dentistry,"a dentist uses a tool he uses to pull teeth, which he uses to pull the teeth when the teeth are ready to be used",KernelDensityGECO,1,0.001,what does a dentist use to pull teeth,msmarco-passage/train,ielabgroup/vec2text_gtr-base-st_corrector
308,Implant Dentistry,(usually a dental prosthetic or a dental resuscitation prosthetic) is a tooth application that leaves the teeth,KernelDensityGECO,1,0.001,what is a dental prosthetic,msmarco-passage/train,ielabgroup/vec2text_gtr-base-st_corrector
308,Implant Dentistry,dentist adna dda disability (ADA) definition of disability is a set of disability in the teeth and joes,KernelDensityGECO,1,0.001,dentist ada disability definition,msmarco-passage/train,ielabgroup/vec2text_gtr-base-st_corrector
308,Implant Dentistry,"from $1,500 to $2,500 a molar implant implant installed by Denver Tooth Implants, Inc. (Denver)",KernelDensityGECO,1,0.001,how much molar implant cost denver,msmarco-passage/train,ielabgroup/vec2text_gtr-base-st_corrector
308,Implant Dentistry,"types of devices, oral orthodontics (or Orthodontic grate), oblique braces, and peri-brace devices (",KernelDensityGECO,1,0.001,types of orthodontic devices,msmarco-passage/train,ielabgroup/vec2text_gtr-base-st_corrector
308,Implant Dentistry,what a typical dental implant (e.g. a retold dental implant) usually costs and how much on average a dental implant,KernelDensityGECO,1,0.001,how much does a typical dental implant cost,msmarco-passage/train,ielabgroup/vec2text_gtr-base-st_corrector
308,Implant Dentistry,"important dates in dental history, e.g., 1700-1700 dates (Anastomospheric Dentistry) and 100",KernelDensityGECO,1,0.001,important dates in dental history,msmarco-passage/train,ielabgroup/vec2text_gtr-base-st_corrector
308,Implant Dentistry,"the implementation of the provisions of the ICtR (Constitution) constitute implementation, which is a clear and construed indication of implementation",KernelDensityGECO,1,0.001,what constitutes implementation,msmarco-passage/train,ielabgroup/vec2text_gtr-base-st_corrector
308,Implant Dentistry,"subspecialty of surgery, which is a subspecialty of allied medicine (surgeon) and the long-term specialty of surgery",KernelDensityGECO,1,0.001,what is a subspecialty of surgery?,msmarco-passage/train,ielabgroup/vec2text_gtr-base-st_corrector
309,Rap and Crime,"what kept crime syndicates operating after repeal of prohibition, and re-invigorated their efforts to keep them from relapsed.",KernelDensityGECO,1,0.001,what kept crime syndicates going after repeal of prohibition?,msmarco-passage/train,ielabgroup/vec2text_gtr-base-st_corrector
309,Rap and Crime,"from where they originated: gangs, a form of gangs that originated in New England and Iceland, were the origin of a man",KernelDensityGECO,1,0.001,where did gangs originate,msmarco-passage/train,ielabgroup/vec2text_gtr-base-st_corrector
309,Rap and Crime,What happens when a person - someone who commits a crime - is a fugitive in the treasury,KernelDensityGECO,1,0.001,what happens when someone commits a crime,msmarco-passage/train,ielabgroup/vec2text_gtr-base-st_corrector
309,Rap and Crime,"Net Worth of rapper Berner, 2013 - Including Capital Perk & LPs 2013 - rapper 2013 -",KernelDensityGECO,1,0.001,Rapper berner Net Worth 2014,msmarco-passage/train,ielabgroup/vec2text_gtr-base-st_corrector
309,Rap and Crime,"what people value in jail. They value a lot of what they can and will not be able to do, and a good time in prison",KernelDensityGECO,1,0.001,what do people value in jail,msmarco-passage/train,ielabgroup/vec2text_gtr-base-st_corrector
309,Rap and Crime,"the crooner and thump singer, 'Boy I'm Poppin', which is the reason why I'",KernelDensityGECO,1,0.001,who sings the reason i'm poppin,msmarco-passage/train,ielabgroup/vec2text_gtr-base-st_corrector
309,Rap and Crime,"definitions of property crime, a definition of possession, possession of a property, possession of a robbery, possession of a",KernelDensityGECO,1,0.001,property crime definitions,msmarco-passage/train,ielabgroup/vec2text_gtr-base-st_corrector
309,Rap and Crime,"the elements of police everywhere, is important in the artworks and in the artworks of justice, it is the element of nowhere-falerate",KernelDensityGECO,1,0.001,"what element are important in in the artwork of police everywhere,justice nowhere",msmarco-passage/train,ielabgroup/vec2text_gtr-base-st_corrector
309,Rap and Crime,"(fist-paulk), a prone weapon with a large slender rig, now known as rapier",KernelDensityGECO,1,0.001,define rapier,msmarco-passage/train,ielabgroup/vec2text_gtr-base-st_corrector
309,Rap and Crime,who rapped as MC skat skat skat skat sk sat s mc,KernelDensityGECO,1,0.001,who rapped as mc skat kat,msmarco-passage/train,ielabgroup/vec2text_gtr-base-st_corrector
310,Radio Waves and Brain Cancer,of Interferons and Interferons treat a variety of types of cancers such as rheumatoid debra,KernelDensityGECO,1,0.001,what kind of cancer do interferons treat,msmarco-passage/train,ielabgroup/vec2text_gtr-base-st_corrector
310,Radio Waves and Brain Cancer,"how long it takes for a radio message to reach a robot on Mars, i.e. Mars, will be sent through the radios",KernelDensityGECO,1,0.001,how long does a radio message take to reach a robot on mars,msmarco-passage/train,ielabgroup/vec2text_gtr-base-st_corrector
310,Radio Waves and Brain Cancer,how long a human can live on brain waves from trauma due to a ventilator with no blood or a tracheotomy after,KernelDensityGECO,1,0.001,how long can to human live with no brain waves due to trauma off of a ventilator,msmarco-passage/train,ielabgroup/vec2text_gtr-base-st_corrector
310,Radio Waves and Brain Cancer,is a           Transmission uses ir band radio frequency,KernelDensityGECO,1,0.001,does ir transmission use radio band,msmarco-passage/train,ielabgroup/vec2text_gtr-base-st_corrector
310,Radio Waves and Brain Cancer,"(nodule sclerosis or coma) is a primary brain tumor, and the survival rate of a 50-55%",KernelDensityGECO,1,0.001,what is the survival rate  for  a primary brain tumor,msmarco-passage/train,ielabgroup/vec2text_gtr-base-st_corrector
310,Radio Waves and Brain Cancer,"which part of the brain is affected by autism, unlike other areas of the brain that are affected by autism, such as eczema,",KernelDensityGECO,1,0.001,what part of the brain is affected by autism,msmarco-passage/train,ielabgroup/vec2text_gtr-base-st_corrector
310,Radio Waves and Brain Cancer,wafers used in optical communications. These wafers are used in radio-frequency communications (RFC) to analyze a 1 mm sample,KernelDensityGECO,1,0.001,wafers used in optical communications,msmarco-passage/train,ielabgroup/vec2text_gtr-base-st_corrector
310,Radio Waves and Brain Cancer,Brain spectrum Brain spectrum (brain spectrum) is a quality of brain function. It is known as NEFT,KernelDensityGECO,1,0.001,what is brain spect,msmarco-passage/train,ielabgroup/vec2text_gtr-base-st_corrector
310,Radio Waves and Brain Cancer,Cancer cells make body signatures different from bodily cells in that they are not as hazardous as normal cells and that the signature of cancer cells,KernelDensityGECO,1,0.001,what makes cancer cells signature different from bodily cells,msmarco-passage/train,ielabgroup/vec2text_gtr-base-st_corrector
310,Radio Waves and Brain Cancer,"is cancerous. Compared to other refractory computers, pserotonium-filtered PCR is toxic. No PCR",KernelDensityGECO,1,0.001,is pcr cancerous?,msmarco-passage/train,ielabgroup/vec2text_gtr-base-st_corrector
311,Industrial Espionage,"by Michael Harbom and Alexis Motavias, it was the driving force behind imperialism, which a force of global political",KernelDensityGECO,1,0.001,what was the driving force behind imperialism,msmarco-passage/train,ielabgroup/vec2text_gtr-base-st_corrector
311,Industrial Espionage,"a fad for dentists and other specialists in the field, intelligence specialists do not make good money and they can earn about $110,000",KernelDensityGECO,1,0.001,do intelligence specialists make good money,msmarco-passage/train,ielabgroup/vec2text_gtr-base-st_corrector
311,Industrial Espionage,(known as industrial contracting) is a form of contract management and industrial chemistry and isolating process and labor administration which is a,KernelDensityGECO,1,0.001,what is industrial contracting,msmarco-passage/train,ielabgroup/vec2text_gtr-base-st_corrector
311,Industrial Espionage,name of the CIA of the French Intelligence Agency (known as the French Cie-de-l'Handro-Dimiss,KernelDensityGECO,1,0.001,what is the name of the french cia,msmarco-passage/train,ielabgroup/vec2text_gtr-base-st_corrector
311,Industrial Espionage,"what is a penalty for unlawful disclosure of classified information, or (as of a release from the law) unlawful disclosure of classified information.",KernelDensityGECO,1,0.001,what is the penalty for unlawful disclosure of classified information?,msmarco-passage/train,ielabgroup/vec2text_gtr-base-st_corrector
311,Industrial Espionage,industry with Inssoll Rand is a small industry in the e-commerce and manufacturing industries. Insoll Rand is currently serving,KernelDensityGECO,1,0.001,what industry is ingersoll rand in,msmarco-passage/train,ielabgroup/vec2text_gtr-base-st_corrector
311,Industrial Espionage,"a nation moves from agriculture to industrial (or, depending on the country and the outcome of the inputs and the transitions between agriculture and food",KernelDensityGECO,1,0.001,what occurs when a nation moves from agriculture to industrial,msmarco-passage/train,ielabgroup/vec2text_gtr-base-st_corrector
311,Industrial Espionage,' intellectual imperialism' – a form of linguistic or linguistic homophobia or repressionism between political institutions – defined,KernelDensityGECO,1,0.001,intellectual imperialism definition,msmarco-passage/train,ielabgroup/vec2text_gtr-base-st_corrector
311,Industrial Espionage,"which companies a foreign company imports services – i.e., a foreign company – for building and renovating products and services",KernelDensityGECO,1,0.001,what foreign companies import services,msmarco-passage/train,ielabgroup/vec2text_gtr-base-st_corrector
311,Industrial Espionage,the Security Investigation Index (SII) is the security security security curiosity index which is a report of the Office of the President and other,KernelDensityGECO,1,0.001,what is the security investigation index sii,msmarco-passage/train,ielabgroup/vec2text_gtr-base-st_corrector
312,Hydroponics,"cost of fertilizer (e.g. flora and fertile spt) per hectare is 100,000",KernelDensityGECO,1,0.001,fertilizer cost per hectare,msmarco-passage/train,ielabgroup/vec2text_gtr-base-st_corrector
312,Hydroponics,Hypercum hypercum (hypercicum iridium) is a fungus that is regarded as a perf perfect,KernelDensityGECO,1,0.001,what is hypericum perf,msmarco-passage/train,ielabgroup/vec2text_gtr-base-st_corrector
312,Hydroponics,The intended goal of rotating crops (as indicated by a 2017 lullaby) is to promote plant-to-plant centrifug,KernelDensityGECO,1,0.001,what is the intended goal of rotating crops?,msmarco-passage/train,ielabgroup/vec2text_gtr-base-st_corrector
312,Hydroponics,"Aquaculture animal feed is a food feed used by aquaculture savanna, hump, and kelps by the Food",KernelDensityGECO,1,0.001,what is Aquaculture animal feed,msmarco-passage/train,ielabgroup/vec2text_gtr-base-st_corrector
312,Hydroponics,"is a problem of growing and scrubbing away moss, so it is a clear that peat moss is sustainable",KernelDensityGECO,1,0.001,is peat moss sustainable,msmarco-passage/train,ielabgroup/vec2text_gtr-base-st_corrector
312,Hydroponics,"inside a hydrometer (or a hydrochlorometer) is water, a small amount of ions, and a.",KernelDensityGECO,1,0.001,what is inside a hydrometer,msmarco-passage/train,ielabgroup/vec2text_gtr-base-st_corrector
312,Hydroponics,"from a few hours to a month or two, Hydro flasks can keep things cold for over a year because the cold water evaporate",KernelDensityGECO,1,0.001,how long can hydro flasks keep things cold,msmarco-passage/train,ielabgroup/vec2text_gtr-base-st_corrector
312,Hydroponics,navy - Hellenic strainers - for bulk cargo ships. These strainers are used in a number of naval buildings and are a,KernelDensityGECO,1,0.001,hellan strainers for navy ships,msmarco-passage/train,ielabgroup/vec2text_gtr-base-st_corrector
312,Hydroponics,HP cps cps is a family of specialized hard-drive computer available through the HP Product Services System. It is now,KernelDensityGECO,1,0.001,what is hp cps,msmarco-passage/train,ielabgroup/vec2text_gtr-base-st_corrector
312,Hydroponics,"what is a hydro engineer, a scientist who specializes in the study of water and hydro-hydro-energys, hydrodynamics",KernelDensityGECO,1,0.001,what is a hydro engineer,msmarco-passage/train,ielabgroup/vec2text_gtr-base-st_corrector
313,Magnetic Levitation-Maglev,"How a Hovercraft (Hovercraft) works, a hovercraft is a type of levitation that moves in high temperatures between",KernelDensityGECO,1,0.001,how does a hovercraft work,msmarco-passage/train,ielabgroup/vec2text_gtr-base-st_corrector
313,Magnetic Levitation-Maglev,accurate MacD divergence is a very accurate MCD. It is a similar process to pulsation of Margarita Mor,KernelDensityGECO,1,0.001,how accurate is macd divergence,msmarco-passage/train,ielabgroup/vec2text_gtr-base-st_corrector
313,Magnetic Levitation-Maglev,", , , , , , is matter can be dissolved by electromagnetism",KernelDensityGECO,1,0.001,can matter be dissolved by electromagnetism,msmarco-passage/train,ielabgroup/vec2text_gtr-base-st_corrector
313,Magnetic Levitation-Maglev,vms electrical stimulation or vms edgy stimulation of a telecommunications or a cirrus.,KernelDensityGECO,1,0.001,vms electrical stimulation,msmarco-passage/train,ielabgroup/vec2text_gtr-base-st_corrector
313,Magnetic Levitation-Maglev,sides a magnet a magnet a magnet a magnet a magnet a magnet a magnet abrasive will attract and repel,KernelDensityGECO,1,0.001,what sides of a magnet attract and what sides repel,msmarco-passage/train,ielabgroup/vec2text_gtr-base-st_corrector
313,Magnetic Levitation-Maglev,is IRA based on magi or magi deduction. Traditional IRA is also based on magi deductions based on levy,KernelDensityGECO,1,0.001,is traditional ira deduction based on magi,msmarco-passage/train,ielabgroup/vec2text_gtr-base-st_corrector
313,Magnetic Levitation-Maglev,"type of starter magnets, which are made of abrasives and abrasives, and which magnets are made of .",KernelDensityGECO,1,0.001,what type of magnets are starters made of?,msmarco-passage/train,ielabgroup/vec2text_gtr-base-st_corrector
313,Magnetic Levitation-Maglev,"a magnet will not de-magnetize a magnet, but rather, water helps demagnetize a magnet. In DIANE",KernelDensityGECO,1,0.001,does water demagnetize magnets,msmarco-passage/train,ielabgroup/vec2text_gtr-base-st_corrector
313,Magnetic Levitation-Maglev,"(the EM) or the Mercury electromagnetic, the Mercury electromagnetic is a magnetic electro-continuous electric power grid which is a form of solar",KernelDensityGECO,1,0.001,what is the mercury electromagnetic,msmarco-passage/train,ielabgroup/vec2text_gtr-base-st_corrector
313,Magnetic Levitation-Maglev,a device that converts electrical energy from a mechanical energy to electrical energy (as opposed to a thermomotive) is a glass,KernelDensityGECO,1,0.001,what is a device that converts mechanical energy to electrical energy is a glass,msmarco-passage/train,ielabgroup/vec2text_gtr-base-st_corrector
314,Marine Vegetation,"the marines are for the United States, the United Kingdom, and the. Marines are a for sapping, sailing and",KernelDensityGECO,1,0.001,what are the marines for,msmarco-passage/train,ielabgroup/vec2text_gtr-base-st_corrector
314,Marine Vegetation,"a set of tools that marine engineers use, ranging from a large-calibre slide tool to a shock absorber,",KernelDensityGECO,1,0.001,what kind of tools do marine engineers,msmarco-passage/train,ielabgroup/vec2text_gtr-base-st_corrector
314,Marine Vegetation,Vermicomposting Vermicomposting is a method of nutrient-accumulating vegetable waste that is,KernelDensityGECO,1,0.001,what is vermicomposting,msmarco-passage/train,ielabgroup/vec2text_gtr-base-st_corrector
314,Marine Vegetation,"vista del Mar , is a water vista and a science and technology educational center of the Santa Barbara Brujalbo",KernelDensityGECO,1,0.001,what is vista del mar,msmarco-passage/train,ielabgroup/vec2text_gtr-base-st_corrector
314,Marine Vegetation,a fungus fungus (Fashion fungus sp. sp.) is a type of vegetables,KernelDensityGECO,1,0.001,what is a fungus vegetables,msmarco-passage/train,ielabgroup/vec2text_gtr-base-st_corrector
314,Marine Vegetation,"by a spherical motion, amoebaea is the process by which amoeba capture food,",KernelDensityGECO,1,0.001,what is the process by which amoeba capture food,msmarco-passage/train,ielabgroup/vec2text_gtr-base-st_corrector
314,Marine Vegetation,"grow vegetables by putting a small combustible container (e.g., a compost bin or a flashlight) in backyard",KernelDensityGECO,1,0.001,how grow vegetable in backyard,msmarco-passage/train,ielabgroup/vec2text_gtr-base-st_corrector
314,Marine Vegetation,"mar lage mar lage ( , , , , , ) is a knode in Ireland",KernelDensityGECO,1,0.001,where is mar lage,msmarco-passage/train,ielabgroup/vec2text_gtr-base-st_corrector
314,Marine Vegetation,"sources of nutrients eutrophication i.e. a source of nutrients (phylum, vegetables, eucalypt",KernelDensityGECO,1,0.001,sources of nutrients eutrophication,msmarco-passage/train,ielabgroup/vec2text_gtr-base-st_corrector
314,Marine Vegetation,.Oil.Oil lasts between a few hours to a month and a half and vegetable oil will last from a few,KernelDensityGECO,1,0.001,how long does vegetable.oil last,msmarco-passage/train,ielabgroup/vec2text_gtr-base-st_corrector
315,Unexplained Highway Accidents,no ambiguity intended (,KernelDensityGECO,1,0.001,no ambiguity intended meaning,msmarco-passage/train,ielabgroup/vec2text_gtr-base-st_corrector
315,Unexplained Highway Accidents,accident in              Cranberry town,KernelDensityGECO,1,0.001,accident in cranberry township,msmarco-passage/train,ielabgroup/vec2text_gtr-base-st_corrector
315,Unexplained Highway Accidents,"a story of the occurrence at the owl bridge at owl creek, is a short story andaptory",KernelDensityGECO,1,0.001,what is the short story an occurrence at owl creek bridge,msmarco-passage/train,ielabgroup/vec2text_gtr-base-st_corrector
315,Unexplained Highway Accidents,a series of 'vivees'. horrific crashes ( horrific crash) is a traumatic experience for motorist,KernelDensityGECO,1,0.001,horrific crashes,msmarco-passage/train,ielabgroup/vec2text_gtr-base-st_corrector
315,Unexplained Highway Accidents,"The abbreviation referring to an unexplained but unexpected death of a healthy infant, also called a crib death,",KernelDensityGECO,1,0.001,what is the abbreviation that refers to an unexpected and unexplained death of a healthy infant; also called crib death,msmarco-passage/train,ielabgroup/vec2text_gtr-base-st_corrector
315,Unexplained Highway Accidents,"a ""Unimproved Land"" means that a land is unimproved or has not been improved over time. This is primarily",KernelDensityGECO,1,0.001,what does unimproved land mean,msmarco-passage/train,ielabgroup/vec2text_gtr-base-st_corrector
315,Unexplained Highway Accidents,purpose of the Highway Act of 1956 (S.E.R.        ),KernelDensityGECO,1,0.001,what was the purpose of the highway act of 1956,msmarco-passage/train,ielabgroup/vec2text_gtr-base-st_corrector
315,Unexplained Highway Accidents,"If you cause an accident and you don't have any insurance, you get a marrow and you will be unable to make your vehicle",KernelDensityGECO,1,0.001,what happens if you cause an accident and have no insurance,msmarco-passage/train,ielabgroup/vec2text_gtr-base-st_corrector
315,Unexplained Highway Accidents,the causes of the disasters is a result of tidal temperatures and flints on Indonesia,KernelDensityGECO,1,0.001,what causes the disasters for indonesia,msmarco-passage/train,ielabgroup/vec2text_gtr-base-st_corrector
315,Unexplained Highway Accidents,by a combination of a controlled intersection and a controlled ossida at the intersection’s stop box. Uncontrolled intersection,KernelDensityGECO,1,0.001,how os an uncontrolled intersection controlled,msmarco-passage/train,ielabgroup/vec2text_gtr-base-st_corrector
316,Polygamy Polyandry Polygyny,Weight: 5 to 9 lb Polycotton is a polystyrene polyamide with a weight of 58 to 60,KernelDensityGECO,1,0.001,what weight is polycotton,msmarco-passage/train,ielabgroup/vec2text_gtr-base-st_corrector
316,Polygamy Polyandry Polygyny,Weight: 5 to 9 lb Polycotton is a polystyrene polyamide with a weight of 58 to 60,KernelDensityGECO,1,0.001,what weight is polycotton,msmarco-passage/train,ielabgroup/vec2text_gtr-base-st_corrector
316,Polygamy Polyandry Polygyny,Prity-thinking Prity-thinking (also known as simultaneous thinking) is a process of thinking that is in contrast,KernelDensityGECO,1,0.001,what is simultaneous thinking,msmarco-passage/train,ielabgroup/vec2text_gtr-base-st_corrector
316,Polygamy Polyandry Polygyny,the definition of multivariate (           ),KernelDensityGECO,1,0.001,definition of multivariate,msmarco-passage/train,ielabgroup/vec2text_gtr-base-st_corrector
316,Polygamy Polyandry Polygyny,polyalgia Polyalgia (also polyarthria) is a form of apnea that affect,KernelDensityGECO,1,0.001,what is polyarthralgia,msmarco-passage/train,ielabgroup/vec2text_gtr-base-st_corrector
316,Polygamy Polyandry Polygyny,paganizing is a trading of the jingle and the observance of the New Age or the Christian tradition,KernelDensityGECO,1,0.001,what is paganizing,msmarco-passage/train,ielabgroup/vec2text_gtr-base-st_corrector
316,Polygamy Polyandry Polygyny,definition: polyclonal antibody            antiphospho,KernelDensityGECO,1,0.001,polyclonal antibody definition,msmarco-passage/train,ielabgroup/vec2text_gtr-base-st_corrector
316,Polygamy Polyandry Polygyny,"How to maximise your time in poly to a point where you can aspire to a high level of achievement and focus on your goals,",KernelDensityGECO,1,0.001,how can you maximise your time in poly to achive your goals,msmarco-passage/train,ielabgroup/vec2text_gtr-base-st_corrector
316,Polygamy Polyandry Polygyny,polymyositis is a disorder of myoesoporosis fetus and other musculo,KernelDensityGECO,1,0.001,what is polymyositis disorder,msmarco-passage/train,ielabgroup/vec2text_gtr-base-st_corrector
316,Polygamy Polyandry Polygyny,What is a loan is a multi purpose loan that is a type of a multi-sequenced loan loan between the government,KernelDensityGECO,1,0.001,what is a multi purpose loan,msmarco-passage/train,ielabgroup/vec2text_gtr-base-st_corrector
317,Unsolicited Faxes,unqualified account,KernelDensityGECO,1,0.001,define unqualified account,msmarco-passage/train,ielabgroup/vec2text_gtr-base-st_corrector
317,Unsolicited Faxes,"types of signals. These are: Availing, avpointing, and avpointing. Types of nerve signals include brain-stroke",KernelDensityGECO,1,0.001,types of nerve signals,msmarco-passage/train,ielabgroup/vec2text_gtr-base-st_corrector
317,Unsolicited Faxes,"a licitory ad hoc or a jovial association, solicitous means a passive or unexpected action to increase",KernelDensityGECO,1,0.001,solicitous meaning,msmarco-passage/train,ielabgroup/vec2text_gtr-base-st_corrector
317,Unsolicited Faxes,fax number of kravet ny,KernelDensityGECO,1,0.001,kravet ny fax number,msmarco-passage/train,ielabgroup/vec2text_gtr-base-st_corrector
317,Unsolicited Faxes,"is a widely-known exaggerated startle response, is an exaggerated response to a fearsome noise or astray",KernelDensityGECO,1,0.001,what is exaggerated startle response,msmarco-passage/train,ielabgroup/vec2text_gtr-base-st_corrector
317,Unsolicited Faxes,"what happens after making an unethical complaint against a psychologist or against a therapist, the case is re-opened for the psychological distress",KernelDensityGECO,1,0.001,examine what happens after an unethecial complaint against a psychologist,msmarco-passage/train,ielabgroup/vec2text_gtr-base-st_corrector
317,Unsolicited Faxes,"the meaning of the message behind the behavior and the meaning of it, is conveyed by situational and nonverbal factors, also known as “",KernelDensityGECO,1,0.001,"the meaning behind the message, conveyed by nonverbal behavior and situational factors, is called the",msmarco-passage/train,ielabgroup/vec2text_gtr-base-st_corrector
317,Unsolicited Faxes,unfairly paid pension for the benefits of national security and their services by a group of people who are paying a pension of over a year,KernelDensityGECO,1,0.001,unfairly paid pension for their services of national security,msmarco-passage/train,ielabgroup/vec2text_gtr-base-st_corrector
317,Unsolicited Faxes,"a definition of unintentional discrimination, unintentional discrimination is a measure of non-discrimination based on",KernelDensityGECO,1,0.001,unintentional discrimination definition,msmarco-passage/train,ielabgroup/vec2text_gtr-base-st_corrector
317,Unsolicited Faxes,penalty for allowing unlicensed operation and allowing a resulting 0–15-cent fine for allowing unlicensed operations to be,KernelDensityGECO,1,0.001,penalty for allowing unlicensed operation,msmarco-passage/train,ielabgroup/vec2text_gtr-base-st_corrector
318,Best Retirement Country,a nascent fetus. Cannabis based on the ketogenic diet and other medications is best for withdrawal from cannabis,KernelDensityGECO,1,0.001,what is best for cannabis withdrawal,msmarco-passage/train,ielabgroup/vec2text_gtr-base-st_corrector
318,Best Retirement Country,is taxable in the State of Texas if a retirement is found in the State of Texas RR/Iraq. No.,KernelDensityGECO,1,0.001,is ira retirement in the state of texas taxable?,msmarco-passage/train,ielabgroup/vec2text_gtr-base-st_corrector
318,Best Retirement Country,are pensions taxable in South Carolina and other U.S. states. South Carolina is not obligated to collect a COS 401,KernelDensityGECO,1,0.001,are pensions taxable in south carolina,msmarco-passage/train,ielabgroup/vec2text_gtr-base-st_corrector
318,Best Retirement Country,is that it can be a great place to live and your life is better than you think in the great cities of Arizona-arizon is really good,KernelDensityGECO,1,0.001,is arizona really a good place to live,msmarco-passage/train,ielabgroup/vec2text_gtr-base-st_corrector
318,Best Retirement Country,"comfortable places to live, such as the hottest weather, the coldest weather, and the hottest weather, the PHV states Comfortable weather",KernelDensityGECO,1,0.001,most comfortable places to live weather,msmarco-passage/train,ielabgroup/vec2text_gtr-base-st_corrector
318,Best Retirement Country,"people leave costa rica, which is a cause of a lack of personal responsibility. They also leave the country (Capital)",KernelDensityGECO,1,0.001,why do people leave costa rica,msmarco-passage/train,ielabgroup/vec2text_gtr-base-st_corrector
318,Best Retirement Country,"for a retiree living on a cost-of-living basis, or $70,500, where he or she is expected to live",KernelDensityGECO,1,0.001,what is the average cost of living for a retiree,msmarco-passage/train,ielabgroup/vec2text_gtr-base-st_corrector
318,Best Retirement Country,"in the antarctica feist and anti-antarctica feist, . , Antarctica is a",KernelDensityGECO,1,0.001,is antarctica a country,msmarco-passage/train,ielabgroup/vec2text_gtr-base-st_corrector
318,Best Retirement Country,"actor, Hitchcock, who was a client of Eliot Camburrell, asked Hitchcock to ""come back out of retirement",KernelDensityGECO,1,0.001,what actor did hitchcock ask to come out of retirement,msmarco-passage/train,ielabgroup/vec2text_gtr-base-st_corrector
318,Best Retirement Country,countries - primarily Japan and the United States - tsunamis occur most of the time and mainly occur in countries of the Maldives,KernelDensityGECO,1,0.001,what countries do tsunamis mostly occur,msmarco-passage/train,ielabgroup/vec2text_gtr-base-st_corrector
319,New Fuel Sources,"energy source. Global climate change, with CO2 and NGO emissions from the irradiation of the atmosphere, drives the main global climate.",KernelDensityGECO,1,0.001,what is the main energy source that drives global climate?,msmarco-passage/train,ielabgroup/vec2text_gtr-base-st_corrector
319,New Fuel Sources,A nuclear fuel pellet (abbreviated as a fuel pellet) is a pore glass pellet of a chemically conductive nanopore,KernelDensityGECO,1,0.001,what is a nuclear fuel pellet,msmarco-passage/train,ielabgroup/vec2text_gtr-base-st_corrector
319,New Fuel Sources,"the different types of energy are the kinetic energy, the high-energy energy, the aeration of the sun, and the carnatic",KernelDensityGECO,1,0.001,what are the different types of energy,msmarco-passage/train,ielabgroup/vec2text_gtr-base-st_corrector
319,New Fuel Sources,"a linseed, 'lime' is used on gas well to serve as an oil and gas fracturing and lime",KernelDensityGECO,1,0.001,what is lime used for on an oil and gas well,msmarco-passage/train,ielabgroup/vec2text_gtr-base-st_corrector
319,New Fuel Sources,"water cycle, which is the energy source that fuels the water cycle and fuels the energy that sustains the equidro-cycle",KernelDensityGECO,1,0.001,what is the main source of energy that fuels the water cycle,msmarco-passage/train,ielabgroup/vec2text_gtr-base-st_corrector
319,New Fuel Sources,"Cardlock fueling Cardlock fueling is a fueling technique for fueling gasoline, neothelical oxides and s",KernelDensityGECO,1,0.001,what is cardlock fueling,msmarco-passage/train,ielabgroup/vec2text_gtr-base-st_corrector
319,New Fuel Sources,"a new Fed funds rate, a new rate is the .030/.075/.030 Federal Reserve Funds Rate",KernelDensityGECO,1,0.001,what is the new fed funds rate,msmarco-passage/train,ielabgroup/vec2text_gtr-base-st_corrector
319,New Fuel Sources,"comes with new is an assay, meaning that it is a test that results in a new model in the assay room.",KernelDensityGECO,1,0.001,what is comes new with assay mean ?,msmarco-passage/train,ielabgroup/vec2text_gtr-base-st_corrector
319,New Fuel Sources,Fusion fuel Fusion fuel (or fusion-fuel) is a fusion of fuel oil that has been enriched by the development of new fuel,KernelDensityGECO,1,0.001,what is fusion fuel,msmarco-passage/train,ielabgroup/vec2text_gtr-base-st_corrector
319,New Fuel Sources,"All that is injected into the ground during fracking is pumped to the ground, including feces, ethanol, and pipeweed",KernelDensityGECO,1,0.001,what all is injected into the ground during fracking,msmarco-passage/train,ielabgroup/vec2text_gtr-base-st_corrector
320,Undersea Fiber Optic Cable,"which part of the electromagnetic spectrum is most visible to water, and as a result, water is most likely absorbed by embolization.",KernelDensityGECO,1,0.001,what part of the visible electromagnetic spectrum is most absorbed by water?,msmarco-passage/train,ielabgroup/vec2text_gtr-base-st_corrector
320,Undersea Fiber Optic Cable,"a unique playground fiber, is a soft, nutrient rich network of fibers called playground GFLOSH which is a mixture of",KernelDensityGECO,1,0.001,what is playground fiber,msmarco-passage/train,ielabgroup/vec2text_gtr-base-st_corrector
320,Undersea Fiber Optic Cable,which optical fiber type (Octacofiber or Optical fiber blending for indoors or a variety of indoors) is used,KernelDensityGECO,1,0.001,which optical fiber type is used indoors,msmarco-passage/train,ielabgroup/vec2text_gtr-base-st_corrector
320,Undersea Fiber Optic Cable,fiber in the wicks and packings of yoplait is fiber that is soluble in glucosinol and water,KernelDensityGECO,1,0.001,what is fiber in yoplait,msmarco-passage/train,ielabgroup/vec2text_gtr-base-st_corrector
320,Undersea Fiber Optic Cable,"the cell membrane of the musculocerebral granulosa of the muscle is a fiber, the cell membrane",KernelDensityGECO,1,0.001,the is the cell membrane of a muscle fiber,msmarco-passage/train,ielabgroup/vec2text_gtr-base-st_corrector
320,Undersea Fiber Optic Cable,"what lies beneath, is a vessel of darkness, frogs, bobcats, sperm and occasionally a small boat",KernelDensityGECO,1,0.001,what lies beneath boat,msmarco-passage/train,ielabgroup/vec2text_gtr-base-st_corrector
320,Undersea Fiber Optic Cable,"ocean, which is North Korea, is in the North Caspian saveakia (N.S.A.) at .",KernelDensityGECO,1,0.001,what ocean is north korea in,msmarco-passage/train,ielabgroup/vec2text_gtr-base-st_corrector
320,Undersea Fiber Optic Cable,headquarters phone number (phone number 050-57-050-050) or by request from Spectrum Cable service provider FISCOCOMP,KernelDensityGECO,1,0.001,spectrum cable headquarters phone number,msmarco-passage/train,ielabgroup/vec2text_gtr-base-st_corrector
320,Undersea Fiber Optic Cable,is an ophthalmic artery close to retina,KernelDensityGECO,1,0.001,is an ophthalmic artery close to the retina,msmarco-passage/train,ielabgroup/vec2text_gtr-base-st_corrector
320,Undersea Fiber Optic Cable,the pacific superswell region is the swell at the Newfoundland and Oswego-Saskatchewan,KernelDensityGECO,1,0.001,what is the pacific superswell region,msmarco-passage/train,ielabgroup/vec2text_gtr-base-st_corrector
321,Women in Parliaments,how women are treated in other countries. (This is a practice that is followed in other countries (e.g. the United States and Iraq),KernelDensityGECO,1,0.001,how are women treated in other countries?,msmarco-passage/train,ielabgroup/vec2text_gtr-base-st_corrector
321,Women in Parliaments,"a disease called ' who indulge in females in all kinds, which is known to be induced to be overbearing in males",KernelDensityGECO,1,0.001,disease called who always indulge in females,msmarco-passage/train,ielabgroup/vec2text_gtr-base-st_corrector
321,Women in Parliaments,"how English political traditions effected government in Plymouth, by ensuring that the English government did not take a role in politics and the late",KernelDensityGECO,1,0.001,how did english political traditions affect government in plymouth,msmarco-passage/train,ielabgroup/vec2text_gtr-base-st_corrector
321,Women in Parliaments,the (Belgium) women average weight is 58.8 oz and the (Belgium) women are common health looking,KernelDensityGECO,1,0.001,belgium women average weight,msmarco-passage/train,ielabgroup/vec2text_gtr-base-st_corrector
321,Women in Parliaments,"the most powerful woman in the world, the wiki containing information on the world's top secret and the wiki wiki wiki wiki",KernelDensityGECO,1,0.001,the most powerful woman in the world wiki,msmarco-passage/train,ielabgroup/vec2text_gtr-base-st_corrector
321,Women in Parliaments,"are political cabinets, known as Political Cabinets, they are a bio-residy system that opens to candidates for the elections of Ronald",KernelDensityGECO,1,0.001,what are political cabinets,msmarco-passage/train,ielabgroup/vec2text_gtr-base-st_corrector
321,Women in Parliaments,hitchcocks' films show how women in Hollywood cinema (and all of the other cinema classics) are inevitably made to be a,KernelDensityGECO,1,0.001,hitchcocks films show how women in classic hollywood cinema are inevitably made into,msmarco-passage/train,ielabgroup/vec2text_gtr-base-st_corrector
321,Women in Parliaments,Ms. jurisprudence is a statewide pageant and one of the leading jurists of Miss Justice Inks,KernelDensityGECO,1,0.001,who is miss jurisprudence,msmarco-passage/train,ielabgroup/vec2text_gtr-base-st_corrector
321,Women in Parliaments,a journal article by the Australian nursing community why women are paid less than men and why men are paid less than women at a nas,KernelDensityGECO,1,0.001,australian nursing journal why women are paid less than men,msmarco-passage/train,ielabgroup/vec2text_gtr-base-st_corrector
321,Women in Parliaments,"who are women in the U.S. senate, and formerly, more than 12,000 women in the U.S. s",KernelDensityGECO,1,0.001,how many women are in the us senate,msmarco-passage/train,ielabgroup/vec2text_gtr-base-st_corrector
322,International Art Crime,(Also known as an infraction) is a type of occurrence in the Law of the Isles of Gibraltar who is,KernelDensityGECO,1,0.001,what is an infraction,msmarco-passage/train,ielabgroup/vec2text_gtr-base-st_corrector
322,International Art Crime,"defining art derivative (French: ""Dérivation d'Art Nacional""), is the result of the art of art",KernelDensityGECO,1,0.001,definition derivative in art,msmarco-passage/train,ielabgroup/vec2text_gtr-base-st_corrector
322,International Art Crime,"is major crimes on Amazon. , formerly , , , , , , , , and , Amazon",KernelDensityGECO,1,0.001,is major crimes on amazon,msmarco-passage/train,ielabgroup/vec2text_gtr-base-st_corrector
322,International Art Crime,"(Hartford, J.D., & Hartman, J.D., 1997), replicating art is one of replicating",KernelDensityGECO,1,0.001,is replicating art,msmarco-passage/train,ielabgroup/vec2text_gtr-base-st_corrector
322,International Art Crime,it is illegal to forge the 900.000RoE for a forge of the 9001 ISO. The 9001 is not safe,KernelDensityGECO,1,0.001,is it illegal to forge the iso9001,msmarco-passage/train,ielabgroup/vec2text_gtr-base-st_corrector
322,International Art Crime,"a number of common crimes in school and across the ages of students and teachers, the most common crimes at school are: RC-208,",KernelDensityGECO,1,0.001,most common crimes in school,msmarco-passage/train,ielabgroup/vec2text_gtr-base-st_corrector
322,International Art Crime,known as mural thickening is a form of enlarging and expanding texture of mixed media art. It is also known as s,KernelDensityGECO,1,0.001,what is mural thickening,msmarco-passage/train,ielabgroup/vec2text_gtr-base-st_corrector
322,International Art Crime,"Iris Styles Probate, a iris probate, on behalf of the Barry & Zumble zoning county. In",KernelDensityGECO,1,0.001,iris styles probate,msmarco-passage/train,ielabgroup/vec2text_gtr-base-st_corrector
322,International Art Crime,"was the Art Institute of Devry, part of Devry, on the ephemera of Devry University, as part",KernelDensityGECO,1,0.001,was the art institute part of devry,msmarco-passage/train,ielabgroup/vec2text_gtr-base-st_corrector
322,International Art Crime,"for a short time, smuggling money or smuggle it for money and other financial bribes is a crime",KernelDensityGECO,1,0.001,is it a crime to smuggle money,msmarco-passage/train,ielabgroup/vec2text_gtr-base-st_corrector
323,Literary/Journalistic Plagiarism,"type of literary work, the Canterbury Tales is a literary work of the 'Challengings and Solicitors'",KernelDensityGECO,1,0.001,what kind of literary work is the canterbury tales,msmarco-passage/train,ielabgroup/vec2text_gtr-base-st_corrector
323,Literary/Journalistic Plagiarism,a citation for owl citations (APA owl citation) is incorporated into the Pallamatin-Hami,KernelDensityGECO,1,0.001,apa owl citation,msmarco-passage/train,ielabgroup/vec2text_gtr-base-st_corrector
323,Literary/Journalistic Plagiarism,"a few who wrote Judas Gleason's Romeo and Juliet symphony, and who wrote Romeo and",KernelDensityGECO,1,0.001,various who wrote romeo and juliet symphony,msmarco-passage/train,ielabgroup/vec2text_gtr-base-st_corrector
323,Literary/Journalistic Plagiarism,"do summaries of a writer's work in a text citation form, citations need not be a summaries of",KernelDensityGECO,1,0.001,do summaries of a writer work need in text citations,msmarco-passage/train,ielabgroup/vec2text_gtr-base-st_corrector
323,Literary/Journalistic Plagiarism,"libel is against the law, as a law under the Law on terrorism, libel, and libel law",KernelDensityGECO,1,0.001,is libel against the law,msmarco-passage/train,ielabgroup/vec2text_gtr-base-st_corrector
323,Literary/Journalistic Plagiarism,an author is unreliable and it can be a result of the fact that he or she does not keep their promises of reliability or usefulness,KernelDensityGECO,1,0.001,what makes an author unreliable,msmarco-passage/train,ielabgroup/vec2text_gtr-base-st_corrector
323,Literary/Journalistic Plagiarism,Literary naturalism is,KernelDensityGECO,1,0.001,what is literary naturalism,msmarco-passage/train,ielabgroup/vec2text_gtr-base-st_corrector
323,Literary/Journalistic Plagiarism,"the story that is similar to Romeo and Juliet, and the story of Juventud and Aphrodite, which is similar to the romance",KernelDensityGECO,1,0.001,what story is similar to romeo and juliet,msmarco-passage/train,ielabgroup/vec2text_gtr-base-st_corrector
323,Literary/Journalistic Plagiarism,a citation for owl citations (APA owl citation) is incorporated into the Pallamatin-Hami,KernelDensityGECO,1,0.001,apa owl citation,msmarco-passage/train,ielabgroup/vec2text_gtr-base-st_corrector
323,Literary/Journalistic Plagiarism,LUTNARY plectiocy plectiocy is a system of privileging life in the children',KernelDensityGECO,1,0.001,what is plenary guardianship,msmarco-passage/train,ielabgroup/vec2text_gtr-base-st_corrector
324,Argentine/British Relations,purpose of brit milah (         ) ceremony is,KernelDensityGECO,1,0.001,what is the purpose of brit milah ceremony,msmarco-passage/train,ielabgroup/vec2text_gtr-base-st_corrector
324,Argentine/British Relations,"known as the real Archies, are a group of pharaohs from the 13th to the 15th century who were real.",KernelDensityGECO,1,0.001,who were the real archies?,msmarco-passage/train,ielabgroup/vec2text_gtr-base-st_corrector
324,Argentine/British Relations,a        (interdepartmental relationships),KernelDensityGECO,1,0.001,interdepartmental relationships definition,msmarco-passage/train,ielabgroup/vec2text_gtr-base-st_corrector
324,Argentine/British Relations,argentatum has a meaning of aortobolegarum or 'Old of Aragon'. It is,KernelDensityGECO,1,0.001,what does argentoratum mean,msmarco-passage/train,ielabgroup/vec2text_gtr-base-st_corrector
324,Argentine/British Relations,trustee of public e.V. British & Co. v. British Hands-On-Lower Works betrieb is assi,KernelDensityGECO,1,0.001,public trustee of british columbia vs macht,msmarco-passage/train,ielabgroup/vec2text_gtr-base-st_corrector
324,Argentine/British Relations,"1648, Argentina gained its independence from the Argentine Throne and from the Argentine enactment of independence, Argentina",KernelDensityGECO,1,0.001,when did argentina gain its independence,msmarco-passage/train,ielabgroup/vec2text_gtr-base-st_corrector
324,Argentine/British Relations,"a correction of information on a marriage certificate and fill out a 'corrected' information on the information pages, Bracebridge",KernelDensityGECO,1,0.001,"how to correct information on a marriage certificate, bracebridge",msmarco-passage/train,ielabgroup/vec2text_gtr-base-st_corrector
324,Argentine/British Relations,"type of government after the Revolution of 1789 and after the Great Revolutionary Revolution, Great Britain (a.k.a. the Republic) had",KernelDensityGECO,1,0.001,what type of government did Great Britain have after the revolution,msmarco-passage/train,ielabgroup/vec2text_gtr-base-st_corrector
324,Argentine/British Relations,"bl abbreviation bl, which stands for brevity, where bl means brevity of milk.",KernelDensityGECO,1,0.001,what does bl abbreviation,msmarco-passage/train,ielabgroup/vec2text_gtr-base-st_corrector
324,Argentine/British Relations,describe the relationship between a and b if and only if the two sets form a complete set    .,KernelDensityGECO,1,0.001,use complete sentences to describe the relationship between the two sets a and b if a b.,msmarco-passage/train,ielabgroup/vec2text_gtr-base-st_corrector
325,Cult Lifestyles,the Cult of,KernelDensityGECO,1,0.001,how was the cult of domesticity created,msmarco-passage/train,ielabgroup/vec2text_gtr-base-st_corrector
325,Cult Lifestyles,"christian worldview (or christian cf. , ) is a view of the truth of the Christian world",KernelDensityGECO,1,0.001,what is a christian worldview,msmarco-passage/train,ielabgroup/vec2text_gtr-base-st_corrector
325,Cult Lifestyles,the village condo - CHILD'S FELD'S COMMONLY ESPNICS COMMONLY - The Village,KernelDensityGECO,1,0.001,the villages condo,msmarco-passage/train,ielabgroup/vec2text_gtr-base-st_corrector
325,Cult Lifestyles,"which means that an organization accommodates several subcultures, usually in the case of a particular cultural organization or a specific apocaly",KernelDensityGECO,1,0.001,which of the following means that an organization accommodates several subcultures?,msmarco-passage/train,ielabgroup/vec2text_gtr-base-st_corrector
325,Cult Lifestyles,"what was a daily life of a Knights (as they were a living) daily on Sundays, eating ice, attending chapel",KernelDensityGECO,1,0.001,what were a knights daily life,msmarco-passage/train,ielabgroup/vec2text_gtr-base-st_corrector
325,Cult Lifestyles,"definition of cultural love, i.e., the phenomenon of the genitalia, known as cultural love, is",KernelDensityGECO,1,0.001,cultural love definition,msmarco-passage/train,ielabgroup/vec2text_gtr-base-st_corrector
325,Cult Lifestyles,culture of death (Anatolian neo-medicinal definition of 'disaption') is the culture,KernelDensityGECO,1,0.001,culture of death definition,msmarco-passage/train,ielabgroup/vec2text_gtr-base-st_corrector
325,Cult Lifestyles,"how humans should truly live, as well as by living a life of a life of our own. However, it is no longer the truth,",KernelDensityGECO,1,0.001,how should humans truly live,msmarco-passage/train,ielabgroup/vec2text_gtr-base-st_corrector
325,Cult Lifestyles,(as a result of Jansen and Bais’s revisionism) a circular family is defined as the family of influences,KernelDensityGECO,1,0.001,definition of circular family influences,msmarco-passage/train,ielabgroup/vec2text_gtr-base-st_corrector
325,Cult Lifestyles,difference between culture and cultivation (Chinese:,KernelDensityGECO,1,0.001,difference of cultivation to culture,msmarco-passage/train,ielabgroup/vec2text_gtr-base-st_corrector
326,Ferry Sinkings,Floating holiday            is a holiday on,KernelDensityGECO,1,0.001,what is a floating holiday,msmarco-passage/train,ielabgroup/vec2text_gtr-base-st_corrector
326,Ferry Sinkings,"from where the kangaroo ferry (Kangaroo Island Ferry) leaves town, from the haystack island of",KernelDensityGECO,1,0.001,where does the kangaroo island ferry leave from,msmarco-passage/train,ielabgroup/vec2text_gtr-base-st_corrector
326,Ferry Sinkings,a concrete pier is a concrete pier on the surface of a bouncy glass pond or a marina. It is known,KernelDensityGECO,1,0.001,what is a concrete pier,msmarco-passage/train,ielabgroup/vec2text_gtr-base-st_corrector
326,Ferry Sinkings,"at Fishguard ferry port (Fernandoath & Queens Harbour, 32.29291) Fishguard is a ferry port",KernelDensityGECO,1,0.001,where is fishguard ferry port,msmarco-passage/train,ielabgroup/vec2text_gtr-base-st_corrector
326,Ferry Sinkings,A boat in poker (a.k.a. Poker or Poker Symbol) is a dice roll on a table in the game of Poker,KernelDensityGECO,1,0.001,what is a boat in poker,msmarco-passage/train,ielabgroup/vec2text_gtr-base-st_corrector
326,Ferry Sinkings,"s. s. s. s. s. ship , a definition of the Stainless Steel berth used today",KernelDensityGECO,1,0.001,s.s. ship definition,msmarco-passage/train,ielabgroup/vec2text_gtr-base-st_corrector
326,Ferry Sinkings,"on the tidal pond on the south side of the Dhalassai, the Dalaran Fountain is used for fishing.",KernelDensityGECO,1,0.001,where is the dalaran fountain for fishing,msmarco-passage/train,ielabgroup/vec2text_gtr-base-st_corrector
326,Ferry Sinkings,a farmhouse sink. It is a kitchen sink that is a form of water-based linsing grid on the refrigerator,KernelDensityGECO,1,0.001,what is a farmhouse sink?,msmarco-passage/train,ielabgroup/vec2text_gtr-base-st_corrector
326,Ferry Sinkings,"who is fers, csrs and fers. fers is a seasoned manager of the global gaming and entertainment",KernelDensityGECO,1,0.001,who is fers and who is csrs,msmarco-passage/train,ielabgroup/vec2text_gtr-base-st_corrector
326,Ferry Sinkings,"is a chamfer and we can sprinkle a fillet of our choice, but we will not chamfer it",KernelDensityGECO,1,0.001,can we chamfer a fillet,msmarco-passage/train,ielabgroup/vec2text_gtr-base-st_corrector
327,Modern Slavery,the current tax rate for Social Security benefits and a new tax rate for non-members of the United States Tax Benefits Act is 0.91%,KernelDensityGECO,1,0.001,what is the current social security tax rate,msmarco-passage/train,ielabgroup/vec2text_gtr-base-st_corrector
327,Modern Slavery,today's price of steel (previously $4.50 - $4.50 apiece today's price) for scrap metal commenced,KernelDensityGECO,1,0.001,today's price for scrap steel,msmarco-passage/train,ielabgroup/vec2text_gtr-base-st_corrector
327,Modern Slavery,is that blues music came from African ancestors (the 'African Slaves' in the United States) who originate from slave,KernelDensityGECO,1,0.001,did blues music originate from african slaves,msmarco-passage/train,ielabgroup/vec2text_gtr-base-st_corrector
327,Modern Slavery,"a father of art history, William Murray-Andrews, and the father of modern art history (United States, 1915",KernelDensityGECO,1,0.001,father of modern art history,msmarco-passage/train,ielabgroup/vec2text_gtr-base-st_corrector
327,Modern Slavery,"no 'tribes' sold other tribes into slavery, and a few years later, African tribes sold Africans into slavery for",KernelDensityGECO,1,0.001,did african tribes sell other tribes into slavery,msmarco-passage/train,ielabgroup/vec2text_gtr-base-st_corrector
327,Modern Slavery,"do black people, and other Asians owned black slaves, i.e. sailor slaves from the U.S. before",KernelDensityGECO,1,0.001,did asian people own black slaves,msmarco-passage/train,ielabgroup/vec2text_gtr-base-st_corrector
327,Modern Slavery,"the areas of Africa that are modern, e.g., the outskirts of Northern Africa, Cape Town, and West Africa, are modern",KernelDensityGECO,1,0.001,what areas of africa are modern,msmarco-passage/train,ielabgroup/vec2text_gtr-base-st_corrector
327,Modern Slavery,meaning of 'white slaving' in legal dictionary dictionaries and jurisprudence 'white slaving' is,KernelDensityGECO,1,0.001,white slaving meaning in legal dictionary,msmarco-passage/train,ielabgroup/vec2text_gtr-base-st_corrector
327,Modern Slavery,"in the case of one-on-one in a trial of injustice in our society, namely, Sandra Bull, is an example of social injustice",KernelDensityGECO,1,0.001,what is an example of social injustice,msmarco-passage/train,ielabgroup/vec2text_gtr-base-st_corrector
327,Modern Slavery,"the African death of starvation, nutrient starvation (African hunger, fetus, sperm and rot",KernelDensityGECO,1,0.001,africa starvation,msmarco-passage/train,ielabgroup/vec2text_gtr-base-st_corrector
328,Pope Beatifications,the pope,KernelDensityGECO,1,0.001,is the pope christian,msmarco-passage/train,ielabgroup/vec2text_gtr-base-st_corrector
328,Pope Beatifications,(see IMDB): A mega reformer is a pilates reformer which applies to the calcining and calcin,KernelDensityGECO,1,0.001,what is a mega reformer as it applies to pilates,msmarco-passage/train,ielabgroup/vec2text_gtr-base-st_corrector
328,Pope Beatifications,"a perfected charge is a charge that is extremely perfect for the optimum spherical energy, and is known as '",KernelDensityGECO,1,0.001,what is a perfected charge,msmarco-passage/train,ielabgroup/vec2text_gtr-base-st_corrector
328,Pope Beatifications,"traits of spiritual masculinity (i.e., a strong body image of a man), catholic catholics adopt emotional courage and physical",KernelDensityGECO,1,0.001,traits of spiritual masculinity catholic,msmarco-passage/train,ielabgroup/vec2text_gtr-base-st_corrector
328,Pope Beatifications,is a saint of pius aplgana. pius VII pius VI was,KernelDensityGECO,1,0.001,is saint pius vii a saint,msmarco-passage/train,ielabgroup/vec2text_gtr-base-st_corrector
328,Pope Beatifications,submarine cavitation (submersible cavitation) is a fluid acoustic phenomenon which is a pressure chamber between the submarine,KernelDensityGECO,1,0.001,what is submarine cavitation,msmarco-passage/train,ielabgroup/vec2text_gtr-base-st_corrector
328,Pope Beatifications,"Catholics do before burial and pray before the funeral procession, baptism, and other remembrances. After burial",KernelDensityGECO,1,0.001,what do catholics do before funeral burial,msmarco-passage/train,ielabgroup/vec2text_gtr-base-st_corrector
328,Pope Beatifications,"should a chrisitan use enhancing drugs as a form of pre-conformity enhancement drug at the ""Performance",KernelDensityGECO,1,0.001,should a chrisitan use preformance enhancing drugs,msmarco-passage/train,ielabgroup/vec2text_gtr-base-st_corrector
328,Pope Beatifications,drinking condemnation on yourself st. paul and your lilies condemning your sins st. paul is located,KernelDensityGECO,1,0.001,drinking condemnation on yourself st. paul,msmarco-passage/train,ielabgroup/vec2text_gtr-base-st_corrector
328,Pope Beatifications,"Use a special hammer and a knife to turn water into holy water, and turn the water into water of resuscitate",KernelDensityGECO,1,0.001,how to turn water into holy water,msmarco-passage/train,ielabgroup/vec2text_gtr-base-st_corrector
329,Mexican Air Pollution,"how well the health care system works, Mexico's health care system receives a 3% to 4% quotient from the health care plan",KernelDensityGECO,1,0.001,how well does mexico's health care system work,msmarco-passage/train,ielabgroup/vec2text_gtr-base-st_corrector
329,Mexican Air Pollution,"desert flower meaning ""desert flower"" in Mexica and a valencia meaning ""beet flower"" in Abiquit",KernelDensityGECO,1,0.001,desert flower meaning in mexican,msmarco-passage/train,ielabgroup/vec2text_gtr-base-st_corrector
329,Mexican Air Pollution,"with vacation time in Mexico is between October 1 and 3 when the tourist vacation is scheduled for the Viejo del Xococo,",KernelDensityGECO,1,0.001,when is vacation time in mexico,msmarco-passage/train,ielabgroup/vec2text_gtr-base-st_corrector
329,Mexican Air Pollution,"by how recycling affects pollution by removing waste from the city, e.g., by recycling (recycling) or how a",KernelDensityGECO,1,0.001,how recycling affects pollution,msmarco-passage/train,ielabgroup/vec2text_gtr-base-st_corrector
329,Mexican Air Pollution,gulfs which drain into the Gulf of Mexico (Mexico-U.S.A.) and into the Salcoban Tres,KernelDensityGECO,1,0.001,what drains into the gulf of mexico,msmarco-passage/train,ielabgroup/vec2text_gtr-base-st_corrector
329,Mexican Air Pollution,"as a Methuendron air flume, the air distance between Chattanooga and Memphis and 0 to 0 to miles",KernelDensityGECO,1,0.001,what is the air distance between memphis and chattanooga,msmarco-passage/train,ielabgroup/vec2text_gtr-base-st_corrector
329,Mexican Air Pollution,"from the encroachment of the United States of America, the Mexican-American War (Mexico-America) took place where it took",KernelDensityGECO,1,0.001,where did the mexican american war take place,msmarco-passage/train,ielabgroup/vec2text_gtr-base-st_corrector
329,Mexican Air Pollution,Invented minimum fresh air requirements. Minimum fresh air requirements are a minimum of 0.1 - 0.1 ft windows and a,KernelDensityGECO,1,0.001,minimum fresh air requirements,msmarco-passage/train,ielabgroup/vec2text_gtr-base-st_corrector
329,Mexican Air Pollution,"which airlines have direct flight from Mexico City to Washington, D.C., i.e. DxC is served by SEA Airlines",KernelDensityGECO,1,0.001,which airlines have direct flight from washington dc to mexico city,msmarco-passage/train,ielabgroup/vec2text_gtr-base-st_corrector
329,Mexican Air Pollution,effect of air contamination in pesticides. Effect of pesticide: PDF,KernelDensityGECO,1,0.001,effect of pesticide in air contamination /pdf/,msmarco-passage/train,ielabgroup/vec2text_gtr-base-st_corrector
330,Iran-Iraq Cooperation,"are brand name companies and brands that want to do business in Iran, i.e., they do want to have a good chance of profits",KernelDensityGECO,1,0.001,do brand name companies want to do business in Iran,msmarco-passage/train,ielabgroup/vec2text_gtr-base-st_corrector
330,Iran-Iraq Cooperation,how Israel and Iraq were ruled after the war and how they remained afterward: ruled as a palestine and,KernelDensityGECO,1,0.001,how were iraq and palestine ruled after the war,msmarco-passage/train,ielabgroup/vec2text_gtr-base-st_corrector
330,Iran-Iraq Cooperation,"is the president of the United States Department of Defense (DoD) in control of DOD, and he is in control as voted on by",KernelDensityGECO,1,0.001,is the president in control of dod,msmarco-passage/train,ielabgroup/vec2text_gtr-base-st_corrector
330,Iran-Iraq Cooperation,"during the operation of isr — i.a., — Iraqi space-based freedom — i.a.,",KernelDensityGECO,1,0.001,"during operation iraqi freedom, space-based isr ______________.",msmarco-passage/train,ielabgroup/vec2text_gtr-base-st_corrector
330,Iran-Iraq Cooperation,", , , , . Iodine is covalent  iodovalent",KernelDensityGECO,1,0.001,is iodine covalent?,msmarco-passage/train,ielabgroup/vec2text_gtr-base-st_corrector
330,Iran-Iraq Cooperation,"investor relations discovery (U.S.P.A. Advisory and Development Program, Inc., formerly Prospective Investor Discovery, a liquid",KernelDensityGECO,1,0.001,investor relations discovery,msmarco-passage/train,ielabgroup/vec2text_gtr-base-st_corrector
330,Iran-Iraq Cooperation,how the opec and OPEC policies unite and coordinate. This is achieved by implementing policies that coordinate on change in global security arrangements,KernelDensityGECO,1,0.001,how does opec coordinate and unify policies,msmarco-passage/train,ielabgroup/vec2text_gtr-base-st_corrector
330,Iran-Iraq Cooperation,"mosul to iran distance is 240 m. (i.e., a distance of iriy",KernelDensityGECO,1,0.001,mosul to iran distance,msmarco-passage/train,ielabgroup/vec2text_gtr-base-st_corrector
330,Iran-Iraq Cooperation,are Georgian Iranian. Iranian Iranians in Georgia are a gheorghenian (Ge,KernelDensityGECO,1,0.001,are georgians iranian,msmarco-passage/train,ielabgroup/vec2text_gtr-base-st_corrector
330,Iran-Iraq Cooperation,"(Narcocide / OE-11) region, the United States produces uranium, with a high concentration of nitrogen",KernelDensityGECO,1,0.001,which us region produces uranium,msmarco-passage/train,ielabgroup/vec2text_gtr-base-st_corrector
331,World Bank Criticism,WsJ (daily) WsJ is a wry satirical newspaper of the New York Times and Politics.,KernelDensityGECO,1,0.001,what is wsj?,msmarco-passage/train,ielabgroup/vec2text_gtr-base-st_corrector
331,World Bank Criticism,was he (Henry Clay) ran the bank of the United States and he (Jonathan & Heremy ran,KernelDensityGECO,1,0.001,did henry clay run the bank of the us,msmarco-passage/train,ielabgroup/vec2text_gtr-base-st_corrector
331,World Bank Criticism,sammy darren sammy said 'cricker' is what he said he said 'West Indies cricket',KernelDensityGECO,1,0.001,what did darren sammy say west indies cricker,msmarco-passage/train,ielabgroup/vec2text_gtr-base-st_corrector
331,World Bank Criticism,a.k.a. Agent Bank is a financial services bank which is a feature of the advancc and credited,KernelDensityGECO,1,0.001,what is agent bank,msmarco-passage/train,ielabgroup/vec2text_gtr-base-st_corrector
331,World Bank Criticism,(Finnish:         ) which is the largest bank world,KernelDensityGECO,1,0.001,what is largest bank in the world,msmarco-passage/train,ielabgroup/vec2text_gtr-base-st_corrector
331,World Bank Criticism,"no bank deals with fraud activity, unless a 'honest' one. Banks will deal with fraud and acyclone.",KernelDensityGECO,1,0.001,does bank deal with any fraudlent activity?,msmarco-passage/train,ielabgroup/vec2text_gtr-base-st_corrector
331,World Bank Criticism,"we the world raised money is the world and we are the world raised over $2.4 billion, a doubling of the amount due to be paid to",KernelDensityGECO,1,0.001,we are the world raised how much money,msmarco-passage/train,ielabgroup/vec2text_gtr-base-st_corrector
331,World Bank Criticism,10 lt. The wcm policy is a policy on changing PTCs when a new PTC decides to sell services,KernelDensityGECO,1,0.001,what is the wct policy on changing pcms,msmarco-passage/train,ielabgroup/vec2text_gtr-base-st_corrector
331,World Bank Criticism,Windows world windows own the windows of their life by creating a window manager and a window window window .com. Users can save them by,KernelDensityGECO,1,0.001,window world windows how own them,msmarco-passage/train,ielabgroup/vec2text_gtr-base-st_corrector
331,World Bank Criticism,a power-platinum wiltizer and a visit by the World WPC (WWW) is a worldwide,KernelDensityGECO,1,0.001,what is a wpw,msmarco-passage/train,ielabgroup/vec2text_gtr-base-st_corrector
332,Income Tax Evasion,hyp na i na i na is a deduction of Income Tax and Associated Tax (API)).,KernelDensityGECO,1,0.001,what is ia  hyp ni deduction ?,msmarco-passage/train,ielabgroup/vec2text_gtr-base-st_corrector
332,Income Tax Evasion,"deductions for mileage - i.e., Expending - i.e. volunteering - IRS deductions for mileage",KernelDensityGECO,1,0.001,volunteering irs deductions for mileage,msmarco-passage/train,ielabgroup/vec2text_gtr-base-st_corrector
332,Income Tax Evasion,"determining whether a job is exempt, as it is a result of the job's position in the Employment Exempt quotient.",KernelDensityGECO,1,0.001,what determines whether a job is exempt,msmarco-passage/train,ielabgroup/vec2text_gtr-base-st_corrector
332,Income Tax Evasion,a maximum of $1.50 to $1.50 you can pay your taxes on gifts without paying tax or knowingly adversing your taxes,KernelDensityGECO,1,0.001,what is the maximum amount of money you can gift without paying taxes,msmarco-passage/train,ielabgroup/vec2text_gtr-base-st_corrector
332,Income Tax Evasion,"if a person who claims EIC for your child is illegally stealing your child, he or she may file a e",KernelDensityGECO,1,0.001,what if someone illegally claims my child for eic,msmarco-passage/train,ielabgroup/vec2text_gtr-base-st_corrector
332,Income Tax Evasion,tax rate of            20000 income tax rate,KernelDensityGECO,1,0.001,tax rate for 20000 income,msmarco-passage/train,ielabgroup/vec2text_gtr-base-st_corrector
332,Income Tax Evasion,"the MD penalty for if you do not have money, it is an initial penalty for your taxes on your appropriations and your taxes on your health",KernelDensityGECO,1,0.001,what is the initial penalty for md taxes if you do not have money,msmarco-passage/train,ielabgroup/vec2text_gtr-base-st_corrector
332,Income Tax Evasion,Tax on investments in Ireland  Exit tax on investments in Ireland  Exit tax on investments,KernelDensityGECO,1,0.001,exit tax on investments ireland,msmarco-passage/train,ielabgroup/vec2text_gtr-base-st_corrector
332,Income Tax Evasion,"who live near you and you have to earn a lot of money to file taxes you must earn between 5,000 and 6,000 dollars to qualify for taxes",KernelDensityGECO,1,0.001,how much do you have to earn to file taxes,msmarco-passage/train,ielabgroup/vec2text_gtr-base-st_corrector
332,Income Tax Evasion,"how to solve the problem of sales and excise taxes. Exchequer taxes and excise taxes (i.e., remove taxes",KernelDensityGECO,1,0.001,how to solve sales and excise taxes,msmarco-passage/train,ielabgroup/vec2text_gtr-base-st_corrector
333,Antibiotics Bacteria Disease,"two diseases associated with bacteria which form endospores, i.e. endosoplegia and xenobacter",KernelDensityGECO,1,0.001,name two diseases associated with bacteria that form endospores quizlet,msmarco-passage/train,ielabgroup/vec2text_gtr-base-st_corrector
333,Antibiotics Bacteria Disease,(Myco-ectacosis) are bacterial infections that are a range of infectious bacterial diseases and are a,KernelDensityGECO,1,0.001,what are mycobacterial infections,msmarco-passage/train,ielabgroup/vec2text_gtr-base-st_corrector
333,Antibiotics Bacteria Disease,how bifidobacterium (Bifidobacteria) affects humans and how if a person is affected,KernelDensityGECO,1,0.001,how does bifidobacterium affect humans,msmarco-passage/train,ielabgroup/vec2text_gtr-base-st_corrector
333,Antibiotics Bacteria Disease,"which antibiotics are used for animals, such as quinolone and axatidine are used for antibiotics against bacterial and bacterial",KernelDensityGECO,1,0.001,what antibiotics are used for animals,msmarco-passage/train,ielabgroup/vec2text_gtr-base-st_corrector
333,Antibiotics Bacteria Disease,"in antimicrobials (e.g. antimicrobial bacteriology and immunotherapy), antimicrobial agents are useful in viral infections,",KernelDensityGECO,1,0.001,are antimicrobial agents useful in viral infections,msmarco-passage/train,ielabgroup/vec2text_gtr-base-st_corrector
333,Antibiotics Bacteria Disease,"the sex-feet infections, cid bacterial strophy, and adiborrhea infections.",KernelDensityGECO,1,0.001,what are the bacterial std infections?,msmarco-passage/train,ielabgroup/vec2text_gtr-base-st_corrector
333,Antibiotics Bacteria Disease,"by the 1720s, the Medicus Antibiotic (A. d. yelvetis) was the first antibiotic being discovered",KernelDensityGECO,1,0.001,what was the first antibiotic,msmarco-passage/train,ielabgroup/vec2text_gtr-base-st_corrector
333,Antibiotics Bacteria Disease,(as a result of the -carotene -amine effect) is what ampicillin resistance means to resistance to diseases,KernelDensityGECO,1,0.001,what is meant by ampicillin resistance,msmarco-passage/train,ielabgroup/vec2text_gtr-base-st_corrector
333,Antibiotics Bacteria Disease,is infection will show on a X-ray if a person is taken into the hospital. X-rays usually show antibiotic resistance,KernelDensityGECO,1,0.001,does infection show on x ray,msmarco-passage/train,ielabgroup/vec2text_gtr-base-st_corrector
333,Antibiotics Bacteria Disease,"from a single cigarette to a drowsy, antibiotics stay in the body for up to 60 hours when they are in body",KernelDensityGECO,1,0.001,how long do antibiotics stay in body,msmarco-passage/train,ielabgroup/vec2text_gtr-base-st_corrector
334,Export Controls Cryptography,"alcohol-effects control agent. Effects control agents, e.g., naloxone citrate, a reducing agent",KernelDensityGECO,1,0.001,alcohol effects control agent,msmarco-passage/train,ielabgroup/vec2text_gtr-base-st_corrector
334,Export Controls Cryptography,"medication authorization and ccs (Medicine Control Substances) medication authorization. After a patient is approved, they are not notified.",KernelDensityGECO,1,0.001,ccs medication authorization,msmarco-passage/train,ielabgroup/vec2text_gtr-base-st_corrector
334,Export Controls Cryptography,"code is a password to unlock the Excel file, or a tin key to unlock the file (e.g. TM001001",KernelDensityGECO,1,0.001,code to unlock excel file,msmarco-passage/train,ielabgroup/vec2text_gtr-base-st_corrector
334,Export Controls Cryptography,Export-controlled documents are the control-capable documents of a set of e-s and administratives such as the Administrative Control,KernelDensityGECO,1,0.001,what are export-controlled documents,msmarco-passage/train,ielabgroup/vec2text_gtr-base-st_corrector
334,Export Controls Cryptography,a software product called Absolute Data Protect (Software Product Suite: avexe and sysCD) is a data protection software,KernelDensityGECO,1,0.001,what is absolute data protect software,msmarco-passage/train,ielabgroup/vec2text_gtr-base-st_corrector
334,Export Controls Cryptography,"the originating Gp system password is the password to the system's computer system, accessed by a 2.4.x.dll driver",KernelDensityGECO,1,0.001,what is the originating gp system password,msmarco-passage/train,ielabgroup/vec2text_gtr-base-st_corrector
334,Export Controls Cryptography,Symantec encryption on a computer's desktop computer Symantec Encryption is a hidden encryption and encryption system,KernelDensityGECO,1,0.001,what is symantec encryption desktop,msmarco-passage/train,ielabgroup/vec2text_gtr-base-st_corrector
334,Export Controls Cryptography,the reason you use IPSec pass-through. You use ipsec to pass on your security and to protect your network from terrorism,KernelDensityGECO,1,0.001,why would i use ipsec pass through,msmarco-passage/train,ielabgroup/vec2text_gtr-base-st_corrector
334,Export Controls Cryptography,"how to import products from a country to overseas by importing products from a country of interest (e.g., from overseas) or packing",KernelDensityGECO,1,0.001,how to import products from overseas,msmarco-passage/train,ielabgroup/vec2text_gtr-base-st_corrector
334,Export Controls Cryptography,Methylphenidate Methylphenidate is a control of the methylmethyl,KernelDensityGECO,1,0.001,what control is methylphenidate,msmarco-passage/train,ielabgroup/vec2text_gtr-base-st_corrector
335,Adoptive Biological Parents,"79-year-old, s. a.m. Melania's parents are the parents of Donald Trump and Probation",KernelDensityGECO,1,0.001,how old are melania trump's parents,msmarco-passage/train,ielabgroup/vec2text_gtr-base-st_corrector
335,Adoptive Biological Parents,"(moodical) ... In biology, we only replace parents when we are able to produce what we have always called the",KernelDensityGECO,1,0.001,what is it called in biology when we only produce to replace the parents,msmarco-passage/train,ielabgroup/vec2text_gtr-base-st_corrector
335,Adoptive Biological Parents,the names of Tanner Fox's parents (Teodors & Dillon & Sally Sanger) and fox (born,KernelDensityGECO,1,0.001,what is tanner fox's parents names,msmarco-passage/train,ielabgroup/vec2text_gtr-base-st_corrector
335,Adoptive Biological Parents,"a portrayed actress on Drake and Ridley McLachlan's ""draco"" who played Draco's mom, Elizabeth",KernelDensityGECO,1,0.001,actress who played draco's mom,msmarco-passage/train,ielabgroup/vec2text_gtr-base-st_corrector
335,Adoptive Biological Parents,the parents of Mckenna (Marianna) and Hadd. kenna (Marianna)'s parents,KernelDensityGECO,1,0.001,who are haden mckenna's parents,msmarco-passage/train,ielabgroup/vec2text_gtr-base-st_corrector
335,Adoptive Biological Parents,"who is the kung jin parents to dad and mom Kung jin in ""Mortal Kombat & the Def",KernelDensityGECO,1,0.001,who is  kung jin mom and dad in mortal kombat,msmarco-passage/train,ielabgroup/vec2text_gtr-base-st_corrector
335,Adoptive Biological Parents,"how to do independent adoption studies by completing a monthly ""home study"" and a short ""home study"" where you are both biological and emotional",KernelDensityGECO,1,0.001,how to do independent adoption home studies,msmarco-passage/train,ielabgroup/vec2text_gtr-base-st_corrector
335,Adoptive Biological Parents,"if you have a birth problem and you are unable to find a new owner or agent, you can cancel your adoption – you can",KernelDensityGECO,1,0.001,can you cancel an adoption,msmarco-passage/train,ielabgroup/vec2text_gtr-base-st_corrector
335,Adoptive Biological Parents,"why it is good to be a parent of your child, who will help you move forward, and who will help you, is good to become foster",KernelDensityGECO,1,0.001,why is good to become a foster parent,msmarco-passage/train,ielabgroup/vec2text_gtr-base-st_corrector
335,Adoptive Biological Parents,"parents are current C.M. Newton and onas Newton (born c.1990) Cam Newton, a young",KernelDensityGECO,1,0.001,cam newton parents,msmarco-passage/train,ielabgroup/vec2text_gtr-base-st_corrector
336,Black Bear Attacks,why they are called 'black mamba' and 'black bamba' because they are snared venom,KernelDensityGECO,1,0.001,why are they called black mamba,msmarco-passage/train,ielabgroup/vec2text_gtr-base-st_corrector
336,Black Bear Attacks,blackface (also known as black face) is a form of a wear-on-acting technique performed in the United States by casting,KernelDensityGECO,1,0.001,what is blackface,msmarco-passage/train,ielabgroup/vec2text_gtr-base-st_corrector
336,Black Bear Attacks,(black widow) is a nut-sized spider that eats insects and crocodiles and is often known as a,KernelDensityGECO,1,0.001,what is a black widow,msmarco-passage/train,ielabgroup/vec2text_gtr-base-st_corrector
336,Black Bear Attacks,"225 to 256 m/s fast, a bear can run as fast as a wild bear or a bead or tick",KernelDensityGECO,1,0.001,how fast can a bear run,msmarco-passage/train,ielabgroup/vec2text_gtr-base-st_corrector
336,Black Bear Attacks,Alexander Pushkin is a black man,KernelDensityGECO,1,0.001,who is alexander pushkin a black man,msmarco-passage/train,ielabgroup/vec2text_gtr-base-st_corrector
336,Black Bear Attacks,year that Bethany Hamilton was attacked in the year 296 when a character named Hannah Aykroyd was stranded and,KernelDensityGECO,1,0.001,what year did bethany hamilton get attacked,msmarco-passage/train,ielabgroup/vec2text_gtr-base-st_corrector
336,Black Bear Attacks,"opening the emulation of the screen and the black data cable. This leads to black death, which leads to a black screen. Depending",KernelDensityGECO,1,0.001,what leads to the black screen of death?,msmarco-passage/train,ielabgroup/vec2text_gtr-base-st_corrector
336,Black Bear Attacks,"largest bear population in New York with a c. 900,000 r.p.m. population in the New York State borough",KernelDensityGECO,1,0.001,highest bear population in new york,msmarco-passage/train,ielabgroup/vec2text_gtr-base-st_corrector
336,Black Bear Attacks,"is a tent caterpillar and if they are left to eat dark cherries, Eastern black caterpillars will eat black cherries as part of",KernelDensityGECO,1,0.001,do eastern tent caterpillars eat black cherries,msmarco-passage/train,ielabgroup/vec2text_gtr-base-st_corrector
336,Black Bear Attacks,"to come on the U.S., Blackish is on Network 864 which airs on a number of networks. This network has recently declined",KernelDensityGECO,1,0.001,what network does blackish come on,msmarco-passage/train,ielabgroup/vec2text_gtr-base-st_corrector
337,Viral Hepatitis,"(of a plant’s nutrient content) is the definition of vitrified, a vitrification of a substance such as distilled",KernelDensityGECO,1,0.001,definition of vitrified,msmarco-passage/train,ielabgroup/vec2text_gtr-base-st_corrector
337,Viral Hepatitis,"a pacemaker opportunistic device. It is a veno-vehicle, VVI pacemaker",KernelDensityGECO,1,0.001,what is vvi pacemaker,msmarco-passage/train,ielabgroup/vec2text_gtr-base-st_corrector
337,Viral Hepatitis,"type of hepatitis, a sexual hepatitis, which is a sexually transmitted hepatitis,",KernelDensityGECO,1,0.001,what type of hepatitis is sexually transmitted,msmarco-passage/train,ielabgroup/vec2text_gtr-base-st_corrector
337,Viral Hepatitis,"hepatitis vaccination, hepatitis A vaccine, or a vaccination, cost 15",KernelDensityGECO,1,0.001,hepatitis a vaccine cost,msmarco-passage/train,ielabgroup/vec2text_gtr-base-st_corrector
337,Viral Hepatitis,"vulvar shingles (sero-sensitis, numbness, pain, and thrombosis) symptoms",KernelDensityGECO,1,0.001,vulvar shingles symptoms,msmarco-passage/train,ielabgroup/vec2text_gtr-base-st_corrector
337,Viral Hepatitis,"a pacemaker opportunistic device. It is a veno-vehicle, VVI pacemaker",KernelDensityGECO,1,0.001,what is vvi pacemaker,msmarco-passage/train,ielabgroup/vec2text_gtr-base-st_corrector
337,Viral Hepatitis,"by a simple chondrospinal fluid. Pulmonary pneumonia is diagnosed as viral pneumonia, which is diagnosed when a heart is poorly",KernelDensityGECO,1,0.001,how is viral pneumonia diagnosed,msmarco-passage/train,ielabgroup/vec2text_gtr-base-st_corrector
337,Viral Hepatitis,"sars sars sars (Sars-anovensis) is a viral disease of humans,",KernelDensityGECO,1,0.001,is sars a viral disease of humans,msmarco-passage/train,ielabgroup/vec2text_gtr-base-st_corrector
337,Viral Hepatitis,rios og. victor” means “Rose in sociology” which means “the victors are a socially,KernelDensityGECO,1,0.001,what does victor rios mean by og sociology,msmarco-passage/train,ielabgroup/vec2text_gtr-base-st_corrector
337,Viral Hepatitis,hepatitis B vaccine  hepatitis b      is the abbrevi,KernelDensityGECO,1,0.001,hepatitis b vaccine abbreviation,msmarco-passage/train,ielabgroup/vec2text_gtr-base-st_corrector
338,Risk of Aspirin,"effects of dangerous levels of arsenic in wine, causing a peak in the levels of arsenic-resinod",KernelDensityGECO,1,0.001,effects of dangerous levels of arsenic in wine,msmarco-passage/train,ielabgroup/vec2text_gtr-base-st_corrector
338,Risk of Aspirin,"(pregnant risk) is a category of pregnancy risk category, i.e., excluding the maternity section and the",KernelDensityGECO,1,0.001,what is pregnancy risk category at,msmarco-passage/train,ielabgroup/vec2text_gtr-base-st_corrector
338,Risk of Aspirin,the difference between niacin (which is a niacin iodine) and aspirin (a,KernelDensityGECO,1,0.001,what is the difference between aspirin and niacin,msmarco-passage/train,ielabgroup/vec2text_gtr-base-st_corrector
338,Risk of Aspirin,"a lyrica 50 mg db side effects, causing a sensitivity and a recurrence of the drug",KernelDensityGECO,1,0.001,lyrica 50 mg side effects,msmarco-passage/train,ielabgroup/vec2text_gtr-base-st_corrector
338,Risk of Aspirin,"is a recommended treatment for inflammatory bowel diseases (CITES) and a study by the American Cancer Society, aspirin lowers inflammation",KernelDensityGECO,1,0.001,does aspirin lower inflammation,msmarco-passage/train,ielabgroup/vec2text_gtr-base-st_corrector
338,Risk of Aspirin,"on a patient with aprobaria need xafillo treatment plan, including aspirin. No xafill",KernelDensityGECO,1,0.001,does afib patient on xarelto need aspirin prophylaxis/,msmarco-passage/train,ielabgroup/vec2text_gtr-base-st_corrector
338,Risk of Aspirin,"a Canadian group of physiologists have suggested that asparagus is good for reducing inflammation and other inflammatory symptoms, including resuscitation and",KernelDensityGECO,1,0.001,is asparagus good for reducing inflammation,msmarco-passage/train,ielabgroup/vec2text_gtr-base-st_corrector
338,Risk of Aspirin,the form aspirin (which is a common substitute for the phenolone -aspirin) is the predominant,KernelDensityGECO,1,0.001,what is the predominant form aspirin,msmarco-passage/train,ielabgroup/vec2text_gtr-base-st_corrector
338,Risk of Aspirin,"the most likely structure is the toxin, which is likely to be affected by the toxin after a short time due to a part",KernelDensityGECO,1,0.001,which structure is most likely affected by the toxin,msmarco-passage/train,ielabgroup/vec2text_gtr-base-st_corrector
338,Risk of Aspirin,"extrinsic risk factors, these risk factors include fall-caused landslide, apical fall and a high fall",KernelDensityGECO,1,0.001,extrinsic fall risk factors,msmarco-passage/train,ielabgroup/vec2text_gtr-base-st_corrector
339,Alzheimer's Drug Treatment,geriatric and steroid-free food are the current treatments for anorexia nervosa nervosa,KernelDensityGECO,1,0.001,what are the current treatments for anorexia nervosa,msmarco-passage/train,ielabgroup/vec2text_gtr-base-st_corrector
339,Alzheimer's Drug Treatment,"current treatment of schizophrenia, which consists of a number of methods involving refractory astrobiology, is currently a .",KernelDensityGECO,1,0.001,current treatment of schizophrenia typically involves ____.,msmarco-passage/train,ielabgroup/vec2text_gtr-base-st_corrector
339,Alzheimer's Drug Treatment,"List of sleep medications List of sleep medications Alanazide, Benzol, Priamidine, Steadylcholine",KernelDensityGECO,1,0.001,list of sleep medications,msmarco-passage/train,ielabgroup/vec2text_gtr-base-st_corrector
339,Alzheimer's Drug Treatment,"medications based on a pharmacologic application, elastoma and equinolam are used for enema",KernelDensityGECO,1,0.001,what medications are used for enema,msmarco-passage/train,ielabgroup/vec2text_gtr-base-st_corrector
339,Alzheimer's Drug Treatment,"the use of a number of options, such as nabe glucose or insulin, diabetes treatment options work to treat specific types",KernelDensityGECO,1,0.001,what diabetes use for treatment options,msmarco-passage/train,ielabgroup/vec2text_gtr-base-st_corrector
339,Alzheimer's Drug Treatment,"treatment plan a waste of time basis and a waste of time effort.. According to LifeSeen.com, treatment plan is wasted time",KernelDensityGECO,1,0.001,treatment plan waste of time,msmarco-passage/train,ielabgroup/vec2text_gtr-base-st_corrector
339,Alzheimer's Drug Treatment,"a prescription list Walmart (Medicine Medications) Walmart (stores located on Walmart) medications a, a, a,",KernelDensityGECO,1,0.001,medication list walmart,msmarco-passage/train,ielabgroup/vec2text_gtr-base-st_corrector
339,Alzheimer's Drug Treatment,"medications to treat rheumatoid arthritis, rheumatol and rhabdoltrixa",KernelDensityGECO,1,0.001,medications to treat rheumatoid arthritis,msmarco-passage/train,ielabgroup/vec2text_gtr-base-st_corrector
339,Alzheimer's Drug Treatment,"-ha medication for heart patients, -adrenaline -adrenaline and -abron",KernelDensityGECO,1,0.001,medication for heart patients,msmarco-passage/train,ielabgroup/vec2text_gtr-base-st_corrector
339,Alzheimer's Drug Treatment,medication ACLs. Avocase and adrenelide are used during cls to treat axo,KernelDensityGECO,1,0.001,what are the medication use in acls,msmarco-passage/train,ielabgroup/vec2text_gtr-base-st_corrector
340,Land Mine Ban,time barred. Illegal dividends. Illegal dividends. Barroned dividends are affixed with a trea,KernelDensityGECO,1,0.001,illegal dividends time barred,msmarco-passage/train,ielabgroup/vec2text_gtr-base-st_corrector
340,Land Mine Ban,if you can grow grass on agricultural land (e.g. a lodgy weeds) you can grow grass on,KernelDensityGECO,1,0.001,can you grow grass on agricultural land,msmarco-passage/train,ielabgroup/vec2text_gtr-base-st_corrector
340,Land Mine Ban,a Landau is a type of luschenbaum (luschenbaum-auburn) that controls light-headed aor,KernelDensityGECO,1,0.001,what is a landau,msmarco-passage/train,ielabgroup/vec2text_gtr-base-st_corrector
340,Land Mine Ban,microwaves are banned in Europe and a 'banned' and 'freedom-disruption' in the EU,KernelDensityGECO,1,0.001,microwaves banned in europe,msmarco-passage/train,ielabgroup/vec2text_gtr-base-st_corrector
340,Land Mine Ban,caused: Broken ring lands is a cause of broken lands which are formed when ores fall from the surrounding rock. This causes balance balance,KernelDensityGECO,1,0.001,what causes broken ring lands,msmarco-passage/train,ielabgroup/vec2text_gtr-base-st_corrector
340,Land Mine Ban,a 'perm banning' means that a person is banned on a permanent basis or a 'banned' means,KernelDensityGECO,1,0.001,what does perm  banned mean,msmarco-passage/train,ielabgroup/vec2text_gtr-base-st_corrector
340,Land Mine Ban,"states are Connecticut, New York, Alabama, Wisconsin and New Jersey, which are the states Simmons broadheads are illegal from a firearm",KernelDensityGECO,1,0.001,which states are simmons broadheads illegal,msmarco-passage/train,ielabgroup/vec2text_gtr-base-st_corrector
340,Land Mine Ban,"trump ban that he and President-elect Donald Trump are trying to veto. The ban on ""Hawaiian travel",KernelDensityGECO,1,0.001,what ban is trump trying to do with hawaii travel,msmarco-passage/train,ielabgroup/vec2text_gtr-base-st_corrector
340,Land Mine Ban,Buying rs            is bannable,KernelDensityGECO,1,0.001,is buying rs gold bannable,msmarco-passage/train,ielabgroup/vec2text_gtr-base-st_corrector
340,Land Mine Ban,fill a department’s “Ban” zone and try to stop a recruiting coordinator who is an effective recruiting coordinator. By introducing effective,KernelDensityGECO,1,0.001,how to ban an effective recruiting coordinator,msmarco-passage/train,ielabgroup/vec2text_gtr-base-st_corrector
341,Airport Security,"which is the safest airline, i.e., the United States Air Lines (USN) or the United States Passenger",KernelDensityGECO,1,0.001,what is the safest us airline,msmarco-passage/train,ielabgroup/vec2text_gtr-base-st_corrector
341,Airport Security,best way to get to the airport if you have a quick sluggish a few minutes' transportation by car or a taxi,KernelDensityGECO,1,0.001,easiest way to get to the airport,msmarco-passage/train,ielabgroup/vec2text_gtr-base-st_corrector
341,Airport Security,"which airport Disney picks up. , , , , , , , , , , , is at",KernelDensityGECO,1,0.001,what airport does disney pick up from,msmarco-passage/train,ielabgroup/vec2text_gtr-base-st_corrector
341,Airport Security,"Currently, if there is a need to upgrade hardware and technology, the most important area for physical security is the 1.1.0. upgrade",KernelDensityGECO,1,0.001,what is the most important area to upgrade in physical security,msmarco-passage/train,ielabgroup/vec2text_gtr-base-st_corrector
341,Airport Security,"bwi and open at a time of 6:00 pm bwi, TSA opens at bwi tas",KernelDensityGECO,1,0.001,what time does tsa open at bwi,msmarco-passage/train,ielabgroup/vec2text_gtr-base-st_corrector
341,Airport Security,airport code for BGI,KernelDensityGECO,1,0.001,what is the airport code for bgi,msmarco-passage/train,ielabgroup/vec2text_gtr-base-st_corrector
341,Airport Security,to become a certified security guard or by completing a certification process and completing a U.S.  C.I.A,KernelDensityGECO,1,0.001,how to become a certified security guard,msmarco-passage/train,ielabgroup/vec2text_gtr-base-st_corrector
341,Airport Security,"you need to check in a flight, you need to check your i- number and your security number and your current account number at the airport",KernelDensityGECO,1,0.001,what do you need to check in for a flight,msmarco-passage/train,ielabgroup/vec2text_gtr-base-st_corrector
341,Airport Security,"airport is the airport at Pax - formerly Patrimo Xenia Airport (PAX), a city-to-city international",KernelDensityGECO,1,0.001,what airport is pax,msmarco-passage/train,ielabgroup/vec2text_gtr-base-st_corrector
341,Airport Security,"which airlines offer free baggie check at your bag at a free domestic check-in, United Airlines, Air 777, T-Air, Southwest",KernelDensityGECO,1,0.001,which airline gives you free domestic check in bag,msmarco-passage/train,ielabgroup/vec2text_gtr-base-st_corrector
342,Diplomatic Expulsion,"graciela dasa góma cordona panaxona at the University of Panama, Universidad",KernelDensityGECO,1,0.001,graciela dixon university of panama,msmarco-passage/train,ielabgroup/vec2text_gtr-base-st_corrector
342,Diplomatic Expulsion,"a definite rescinding of a request for a certain provision, administrative denial is a defined definition by the health authorities",KernelDensityGECO,1,0.001,administrative denial definition,msmarco-passage/train,ielabgroup/vec2text_gtr-base-st_corrector
342,Diplomatic Expulsion,year              Detente policy,KernelDensityGECO,1,0.001,detente policy year,msmarco-passage/train,ielabgroup/vec2text_gtr-base-st_corrector
342,Diplomatic Expulsion,"disruptive behaviors (e.g., danaaaaaaaaaaaaaaa behavior) are behavior that disrupt",KernelDensityGECO,1,0.001,what are disruptive behaviors,msmarco-passage/train,ielabgroup/vec2text_gtr-base-st_corrector
342,Diplomatic Expulsion,the fecation and bowel. Defecation Defecation is a process that used to excrete certain substances,KernelDensityGECO,1,0.001,what defecation,msmarco-passage/train,ielabgroup/vec2text_gtr-base-st_corrector
342,Diplomatic Expulsion,meaning Emergency development Emergency development     emergent school development,KernelDensityGECO,1,0.001,meaning emergent school development,msmarco-passage/train,ielabgroup/vec2text_gtr-base-st_corrector
342,Diplomatic Expulsion,"a wide range of measures, notably the Comprehensive Measures of Deficiency and Prejudice, are distinctly applicable measures. This research",KernelDensityGECO,1,0.001,what are distinctly applicable measures,msmarco-passage/train,ielabgroup/vec2text_gtr-base-st_corrector
342,Diplomatic Expulsion,"meaning of the application of the United States Immigration and Prohibition Administration (DA) or DFAA, a process of citizenship, such as daca",KernelDensityGECO,1,0.001,meaning of daca,msmarco-passage/train,ielabgroup/vec2text_gtr-base-st_corrector
342,Diplomatic Expulsion,(rescinding policy) is meaning,KernelDensityGECO,1,0.001,what is rescinding policy means,msmarco-passage/train,ielabgroup/vec2text_gtr-base-st_corrector
342,Diplomatic Expulsion,"""Expiate"", meaning a date of exnudation in the Old and ""Faith-Thirty",KernelDensityGECO,1,0.001,expiate meaning,msmarco-passage/train,ielabgroup/vec2text_gtr-base-st_corrector
343,Police Deaths,a beloved character – a beloved man – who died on Nashville – and the fallen Claudette and Madison,KernelDensityGECO,1,0.001,what beloved character died on nashville,msmarco-passage/train,ielabgroup/vec2text_gtr-base-st_corrector
343,Police Deaths,"by filing a death at county register of death, one must register their identity and date of death at the registrar office or a medical facility",KernelDensityGECO,1,0.001,how to register death at county,msmarco-passage/train,ielabgroup/vec2text_gtr-base-st_corrector
343,Police Deaths,"which 1,400 New Zealand soldiers died in Gallipoli, and subsequently more than 2,000 other stricken New Zealanders died in the war",KernelDensityGECO,1,0.001,how many new zealand soldiers died in gallipoli,msmarco-passage/train,ielabgroup/vec2text_gtr-base-st_corrector
343,Police Deaths,"adriacoma and aortaenoma. In some cases, apraxia does cause death,",KernelDensityGECO,1,0.001,does apraxia cause death,msmarco-passage/train,ielabgroup/vec2text_gtr-base-st_corrector
343,Police Deaths,"by flu, which can release a fever similar to rheumatoid fever, can cause death in children and pregnant women. This",KernelDensityGECO,1,0.001,how can flu cause death,msmarco-passage/train,ielabgroup/vec2text_gtr-base-st_corrector
343,Police Deaths,a rheumatoid chlamydia. This is now the most prevalent disease people die from now.,KernelDensityGECO,1,0.001,what's the most prevalent disease people die from now?,msmarco-passage/train,ielabgroup/vec2text_gtr-base-st_corrector
343,Police Deaths,"a cypsil to the heart of a police officer, Adel Ademan (Aleen Society officer) shot police",KernelDensityGECO,1,0.001,adel policeman shot,msmarco-passage/train,ielabgroup/vec2text_gtr-base-st_corrector
343,Police Deaths,"whose detective, J. Edgar Virgo, got away with killing his wife, and he sadly killed his wife as he did in",KernelDensityGECO,1,0.001,which detective got away with killing his wife,msmarco-passage/train,ielabgroup/vec2text_gtr-base-st_corrector
343,Police Deaths,(about 125 ML ): The backbone of police work is one of the primary components of the police work and is an important responsibility structure,KernelDensityGECO,1,0.001,what is the backbone of police work,msmarco-passage/train,ielabgroup/vec2text_gtr-base-st_corrector
343,Police Deaths,"the Attica prison riot, a number of people died, 134 people died in the ensuing riot and 134 people are dead",KernelDensityGECO,1,0.001,the attica prison riot how many people died,msmarco-passage/train,ielabgroup/vec2text_gtr-base-st_corrector
344,Abuses of E-Mail,to stop feeding email to your iPhone by deleting your email and resetting the amount of free calorie stored on the phone. This is called contact,KernelDensityGECO,1,0.001,how to stop feeding contact from email in iphone,msmarco-passage/train,ielabgroup/vec2text_gtr-base-st_corrector
344,Abuses of E-Mail,"if you know that your email address is incoming, your IM e-mail is your default email, or your Microsoft IE11 email",KernelDensityGECO,1,0.001,what is my default email,msmarco-passage/train,ielabgroup/vec2text_gtr-base-st_corrector
344,Abuses of E-Mail,how to re-address your email account and if you are a Y-mail please let me talk to your Y-,KernelDensityGECO,1,0.001,how do I talk to Yahoo re my email,msmarco-passage/train,ielabgroup/vec2text_gtr-base-st_corrector
344,Abuses of E-Mail,get rid of sex in email messages by deleting the e-mails or by using a sex-boy on Yahoo.,KernelDensityGECO,1,0.001,how to get rid of sex emails in email boy on yahoo,msmarco-passage/train,ielabgroup/vec2text_gtr-base-st_corrector
344,Abuses of E-Mail,"a 'cumbee' center to assist abused people with a history of abused sexual abuse, geriatric disabilities,",KernelDensityGECO,1,0.001,cumbee center to assist abused persons,msmarco-passage/train,ielabgroup/vec2text_gtr-base-st_corrector
344,Abuses of E-Mail,why you are receiving infringement on IP infringement because the VPN provider will automatically change your e-mail address to a piracy copyright,KernelDensityGECO,1,0.001,why receiving emails from internet provider about copyright infringement when vpn is on?,msmarco-passage/train,ielabgroup/vec2text_gtr-base-st_corrector
344,Abuses of E-Mail,"a password or a .sg. email address to ""break"" the iPhone 5 email account and by contacting the email company to cancel",KernelDensityGECO,1,0.001,how to break a iphone 5 email,msmarco-passage/train,ielabgroup/vec2text_gtr-base-st_corrector
344,Abuses of E-Mail,email address is anna d'Agron e-mail which is a personalised email for information on DiKanna Arvis,KernelDensityGECO,1,0.001,what is dianna agrons email,msmarco-passage/train,ielabgroup/vec2text_gtr-base-st_corrector
344,Abuses of E-Mail,"setting up and setting up a bell email account by setting up bell.com account address, e-mail address, e-mail address,",KernelDensityGECO,1,0.001,setting up bell email account,msmarco-passage/train,ielabgroup/vec2text_gtr-base-st_corrector
344,Abuses of E-Mail,"free email account without a phone number, e-mail address, e-mail address, e-mail address or a number",KernelDensityGECO,1,0.001,free email accounts without phone number,msmarco-passage/train,ielabgroup/vec2text_gtr-base-st_corrector
345,Overseas Tobacco Sales,with 100 grams of duty free cigarettes in char de Gaulle st. 0 to 5 gallons de Gaulle s,KernelDensityGECO,1,0.001,how much cigarettes in duty free charles de gaulle,msmarco-passage/train,ielabgroup/vec2text_gtr-base-st_corrector
345,Overseas Tobacco Sales,"is Amazon International, the international e-bookstore for the United States and other countries. The deadline for the sale is currently unknown. Amazon is internationally",KernelDensityGECO,1,0.001,is amazon international?,msmarco-passage/train,ielabgroup/vec2text_gtr-base-st_corrector
345,Overseas Tobacco Sales,you are able to bring cigars from awe to the U.S.A. and bring them to Iraq to be served,KernelDensityGECO,1,0.001,can you bring cigars to us from iraq,msmarco-passage/train,ielabgroup/vec2text_gtr-base-st_corrector
345,Overseas Tobacco Sales,"how plans and marketing issues affect tourism’s efforts (e.g. how it affects sales and ad hoc visibility in the country,",KernelDensityGECO,1,0.001,how tourism issues affects marketing efforts and plans,msmarco-passage/train,ielabgroup/vec2text_gtr-base-st_corrector
345,Overseas Tobacco Sales,"region of virginia, which grows tabby and savanna, Tabby and agro-cide tobacco are expected to grow",KernelDensityGECO,1,0.001,which region of virginia does tabacco grow,msmarco-passage/train,ielabgroup/vec2text_gtr-base-st_corrector
345,Overseas Tobacco Sales,is a foreign country and it is one of many private travel houses (private charters): The Bahamas is a foreign-is,KernelDensityGECO,1,0.001,is the bahamas a foreign country,msmarco-passage/train,ielabgroup/vec2text_gtr-base-st_corrector
345,Overseas Tobacco Sales,cigarette prices in Florida today at $1.50 a cigarette compared to the current jill & mobsters monopoly,KernelDensityGECO,1,0.001,cigarette prices in florida now,msmarco-passage/train,ielabgroup/vec2text_gtr-base-st_corrector
345,Overseas Tobacco Sales,OT.C. markets definition is the obverse obverse obverse shedding of all e-market medicines,KernelDensityGECO,1,0.001,otc markets definition,msmarco-passage/train,ielabgroup/vec2text_gtr-base-st_corrector
345,Overseas Tobacco Sales,"illicit tobacco trade in the United States for the sale of e-cigarettes (e.g.,   3106) and other",KernelDensityGECO,1,0.001,illicit tobacco trade in the us,msmarco-passage/train,ielabgroup/vec2text_gtr-base-st_corrector
345,Overseas Tobacco Sales,oco td oco td is a stock market trad on Ameritrade (formerly known as Invest,KernelDensityGECO,1,0.001,what is oco td ameritrade,msmarco-passage/train,ielabgroup/vec2text_gtr-base-st_corrector
346,Educational Standards,"students' evaluations of teaching are valid, and if they are valid, they are not so, but they do offer valid views of student evaluations",KernelDensityGECO,1,0.001,are student evaluations of teaching valid,msmarco-passage/train,ielabgroup/vec2text_gtr-base-st_corrector
346,Educational Standards,age of the children at the age of their initiation into school (11- to 17-year-olds) School age is the age of children,KernelDensityGECO,1,0.001,what is the age of school age children,msmarco-passage/train,ielabgroup/vec2text_gtr-base-st_corrector
346,Educational Standards,which a standard course (Standard Course of College or a Basic Class of College or a college program) is 168 credits,KernelDensityGECO,1,0.001,how many credits is a standard college course,msmarco-passage/train,ielabgroup/vec2text_gtr-base-st_corrector
346,Educational Standards,academic system political system (,KernelDensityGECO,1,0.001,political system academic definition,msmarco-passage/train,ielabgroup/vec2text_gtr-base-st_corrector
346,Educational Standards,"on the front of a basketball court with a single basketball ball, the standard size of college basketball is the 5.5- to 6.5-inch",KernelDensityGECO,1,0.001,what is the standard size of college basketball,msmarco-passage/train,ielabgroup/vec2text_gtr-base-st_corrector
346,Educational Standards,"information on the interrelationships of science and science, the difference between standard of craft and standard method of inquiry is a 107-110",KernelDensityGECO,1,0.001,the difference between standard scientific method and craft of inquiry,msmarco-passage/train,ielabgroup/vec2text_gtr-base-st_corrector
346,Educational Standards,discrimination in schools because the age discrimination (a.k.a. age vs. age of 18-year-old) is,KernelDensityGECO,1,0.001,age discrimination in schools,msmarco-passage/train,ielabgroup/vec2text_gtr-base-st_corrector
346,Educational Standards,"is a standard. ""Inches is a Standards for Excellence and Efficiency"" (INSIFT) standards are regulated by the US EPA",KernelDensityGECO,1,0.001,is inches standards,msmarco-passage/train,ielabgroup/vec2text_gtr-base-st_corrector
346,Educational Standards,An educational plan (also known as a plan of education) is a symphony-,KernelDensityGECO,1,0.001,what is a educational plan,msmarco-passage/train,ielabgroup/vec2text_gtr-base-st_corrector
346,Educational Standards,"how education was before age-grouping, i.e. education before age-grouping was based on the distribution of genders between people",KernelDensityGECO,1,0.001,how education was before age grouping,msmarco-passage/train,ielabgroup/vec2text_gtr-base-st_corrector
347,Wildlife Extinction,"animals can adapt to the Everglades. They adapt by putting up to a low pressure, and animals who eat hard, wind and insects",KernelDensityGECO,1,0.001,how do animals adapt to the everglades,msmarco-passage/train,ielabgroup/vec2text_gtr-base-st_corrector
347,Wildlife Extinction,"(biology) and physiology of the torso, the conservation position (or 'the 'position') is a conservation",KernelDensityGECO,1,0.001,what is the conservation position,msmarco-passage/train,ielabgroup/vec2text_gtr-base-st_corrector
347,Wildlife Extinction,conservation What conservation (pre-Walshman's name) means is the production of energy from a waste and which it does not use to,KernelDensityGECO,1,0.001,conservation what does conservation mean,msmarco-passage/train,ielabgroup/vec2text_gtr-base-st_corrector
347,Wildlife Extinction,"endangered species of plants in the snowy mountains, the endangered plants in the saozy mid-winter and winter lands in the rainforest",KernelDensityGECO,1,0.001,endangered plants species in the snowy mountains,msmarco-passage/train,ielabgroup/vec2text_gtr-base-st_corrector
347,Wildlife Extinction,how to work in wildlife rehabilitation and how to work with people who are able to help them with their skills and care:,KernelDensityGECO,1,0.001,how to work in wildlife rehabilitation,msmarco-passage/train,ielabgroup/vec2text_gtr-base-st_corrector
347,Wildlife Extinction,biome that is harming the deciduous forest. It is harming the endemics of the soaring forests and scrub scrubs,KernelDensityGECO,1,0.001,what is harming the deciduous forest biome,msmarco-passage/train,ielabgroup/vec2text_gtr-base-st_corrector
347,Wildlife Extinction,the national tv-tv-shows that were cancelled as a result of the rural purge due to the End of Feedback,KernelDensityGECO,1,0.001,what television shows were cancelled due to the rural purge,msmarco-passage/train,ielabgroup/vec2text_gtr-base-st_corrector
347,Wildlife Extinction,"what it means to extenuate circumstances, or extenuating circumstance, is a form of resusption or",KernelDensityGECO,1,0.001,what does extenuating circumstance mean,msmarco-passage/train,ielabgroup/vec2text_gtr-base-st_corrector
347,Wildlife Extinction,"by the SSI, e.g., Bill, Gordon, Kendall, Bonanza, there are sharks endangered and there are currently",KernelDensityGECO,1,0.001,are there any sharks endangered,msmarco-passage/train,ielabgroup/vec2text_gtr-base-st_corrector
347,Wildlife Extinction,"is the harpy eagle,          ( endangered",KernelDensityGECO,1,0.001,is the harpy eagle endangered,msmarco-passage/train,ielabgroup/vec2text_gtr-base-st_corrector
348,Agoraphobia,unconditioned aversion is a behavioral and behavioral condition characterized by a lack of conditioned aversion. This is the definition used to,KernelDensityGECO,1,0.001,unconditioned aversion definition,msmarco-passage/train,ielabgroup/vec2text_gtr-base-st_corrector
348,Agoraphobia,Definition of animosity (the adversity of the adversity of the adversity of the United Church),KernelDensityGECO,1,0.001,the definition of animosity,msmarco-passage/train,ielabgroup/vec2text_gtr-base-st_corrector
348,Agoraphobia,what is a phobia of airplanes or phobias of airplanes (abhorrence of a person’s planes,KernelDensityGECO,1,0.001,what is phobia of airplanes,msmarco-passage/train,ielabgroup/vec2text_gtr-base-st_corrector
348,Agoraphobia,"definition of ""agandizement"" (        ): an action",KernelDensityGECO,1,0.001,definition of aggrandizement,msmarco-passage/train,ielabgroup/vec2text_gtr-base-st_corrector
348,Agoraphobia,abhorrence abhorrence (     ) is pronounced,KernelDensityGECO,1,0.001,abhorrence definition pronounced,msmarco-passage/train,ielabgroup/vec2text_gtr-base-st_corrector
348,Agoraphobia,(acrophobia)  (asynctopsis    ) is a form of anxiety,KernelDensityGECO,1,0.001,what is acrophobia?,msmarco-passage/train,ielabgroup/vec2text_gtr-base-st_corrector
348,Agoraphobia,"defined as aggravated. A form of a form of a form of adversity, a verb or a court.",KernelDensityGECO,1,0.001,definition of aggravated.,msmarco-passage/train,ielabgroup/vec2text_gtr-base-st_corrector
348,Agoraphobia,"obstacles that ngel Agustn Vegas faced, and the obstacles that Antonio Farrales faced during his years in the hill",KernelDensityGECO,1,0.001,what obstacles did antonio fargas faced,msmarco-passage/train,ielabgroup/vec2text_gtr-base-st_corrector
348,Agoraphobia,"what is called a fear of glass dolls, it is called a fear of drooling aphrodisia",KernelDensityGECO,1,0.001,what is the fear of glass dolls called,msmarco-passage/train,ielabgroup/vec2text_gtr-base-st_corrector
348,Agoraphobia,(a.k.a. 'Aerobabudis') with the fear of stinging bugs is called 'stinging,KernelDensityGECO,1,0.001,what is the fear of stinging bugs called,msmarco-passage/train,ielabgroup/vec2text_gtr-base-st_corrector
349,Metabolism,"(in order 7–8 pg) is the regulation of digestion, involving the action of the intestine and the metabolism of other organ",KernelDensityGECO,1,0.001,what is the regulation of digestion,msmarco-passage/train,ielabgroup/vec2text_gtr-base-st_corrector
349,Metabolism,"a so-called organelle converts food into energy, and the enoectonutrium that converts lipids into food",KernelDensityGECO,1,0.001,what organelle converts food into energy,msmarco-passage/train,ielabgroup/vec2text_gtr-base-st_corrector
349,Metabolism,"your metabolism can 'change' your body, but it is not possible for your body to change, or if your metabolism is too high or changed",KernelDensityGECO,1,0.001,can your metabolism change,msmarco-passage/train,ielabgroup/vec2text_gtr-base-st_corrector
349,Metabolism,"a disorder of complex carbohydrate metabolism, is a disorder of a bifidohydrolysis, diabetes mellit",KernelDensityGECO,1,0.001,what is a complex disorder of carbohydrate metabolism quizlet,msmarco-passage/train,ielabgroup/vec2text_gtr-base-st_corrector
349,Metabolism,"by a lack of a nutrient, such as water, water relates to metabolism by affecting how the body regulates gin",KernelDensityGECO,1,0.001,how does water relate to metabolism,msmarco-passage/train,ielabgroup/vec2text_gtr-base-st_corrector
349,Metabolism,Megajoule  (megajoule) is a neuroenergetic aqueous a solar energy.,KernelDensityGECO,1,0.001,what is a megajoule?,msmarco-passage/train,ielabgroup/vec2text_gtr-base-st_corrector
349,Metabolism,"risk factors are: melanocytes (risk factors for metabolic disease), apnea and hypertension are known to lead to metabolic",KernelDensityGECO,1,0.001,what are risk factors for metabolic,msmarco-passage/train,ielabgroup/vec2text_gtr-base-st_corrector
349,Metabolism,This vitamin is part of the coenzyme for energy needed for a metabolic diet requiring FAD and FAD-Mn to be,KernelDensityGECO,1,0.001,This vitamin is part of the coenzyme FMN and FAD needed in energy metabolism,msmarco-passage/train,ielabgroup/vec2text_gtr-base-st_corrector
349,Metabolism,"(Masopore) function of the mitochondria. Today, mitochondria function — a function of a cell with a long function",KernelDensityGECO,1,0.001,mitochondria function,msmarco-passage/train,ielabgroup/vec2text_gtr-base-st_corrector
349,Metabolism,"the phases of the stomach diet: stomach is fast, a fast diet is superfast, and a calorie metabolism",KernelDensityGECO,1,0.001,what are the phases of the fast metabolism diet,msmarco-passage/train,ielabgroup/vec2text_gtr-base-st_corrector
350,Health and Computer Terminals,"symptoms before death. Symptoms of illness (diastolic, hypertension, musculosis, and headache)",KernelDensityGECO,1,0.001,symptoms before death,msmarco-passage/train,ielabgroup/vec2text_gtr-base-st_corrector
350,Health and Computer Terminals,"Imagine Health Imagine Health is a biomedical health-management system and one of the top health-management services of the company, HOUREST.",KernelDensityGECO,1,0.001,what is imagine health,msmarco-passage/train,ielabgroup/vec2text_gtr-base-st_corrector
350,Health and Computer Terminals,"tools, hospitals use problem solving tools to provide a range of solutions based on their own data sets and a 9 x 00 MRI",KernelDensityGECO,1,0.001,what tools do hospitals use for problem solving?,msmarco-passage/train,ielabgroup/vec2text_gtr-base-st_corrector
350,Health and Computer Terminals,are healthcare workers allowed to abbreviate their patient on charts. Patients with a medical record and patient sign card (CDD) are not permitted,KernelDensityGECO,1,0.001,are healthcare workers permitted to abbreviate on patient charts,msmarco-passage/train,ielabgroup/vec2text_gtr-base-st_corrector
350,Health and Computer Terminals,"abrasion, apnea and a thymolysis can cause death. Gangrene is at high risk",KernelDensityGECO,1,0.001,can gangrene cause death,msmarco-passage/train,ielabgroup/vec2text_gtr-base-st_corrector
350,Health and Computer Terminals,"a patient who is undergoing cannabis leaf drops, a recent report from the Drug Administration, is marijuana drops do help terminal cancer patients' chances of",KernelDensityGECO,1,0.001,do marijuana drops help terminal cancer patients,msmarco-passage/train,ielabgroup/vec2text_gtr-base-st_corrector
350,Health and Computer Terminals,"in the Occupational and Medical Electrification and TCP Assessments, how computers help surgeries helps by providing a way for patients to get more",KernelDensityGECO,1,0.001,how do computers help with surgeries,msmarco-passage/train,ielabgroup/vec2text_gtr-base-st_corrector
350,Health and Computer Terminals,"the health of CHARLOCKEMER, it is known that kraut hammer is a form of apnea.",KernelDensityGECO,1,0.001,what is the health of charles krauthammer,msmarco-passage/train,ielabgroup/vec2text_gtr-base-st_corrector
350,Health and Computer Terminals,The coding system currently in use for reporting procedures in an outpatient setting is the OUTPACS System (OS/V7007) which is used,KernelDensityGECO,1,0.001,what is the coding system currently in use to report procedures in an outpatient setting,msmarco-passage/train,ielabgroup/vec2text_gtr-base-st_corrector
350,Health and Computer Terminals,"a port called “Port” that is installed for cancer patients, this type is installed for the c-rays and smears",KernelDensityGECO,1,0.001,what port called that's installed for cancer patients,msmarco-passage/train,ielabgroup/vec2text_gtr-base-st_corrector
351,Falkland petroleum exploration,(Epl.e.pl. insurance) is a definition of insurance policy and is updated by the EPGFC to ensure premiums,KernelDensityGECO,1,0.001,epl insurance definition,msmarco-passage/train,ielabgroup/vec2text_gtr-base-st_corrector
351,Falkland petroleum exploration,A nuclear fuel pellet (abbreviated as a fuel pellet) is a pore glass pellet of a chemically conductive nanopore,KernelDensityGECO,1,0.001,what is a nuclear fuel pellet,msmarco-passage/train,ielabgroup/vec2text_gtr-base-st_corrector
351,Falkland petroleum exploration,"how it works. Oil hedging works, by alternating a line of sugar-coated swaths of oil and gas",KernelDensityGECO,1,0.001,how does oil hedging work,msmarco-passage/train,ielabgroup/vec2text_gtr-base-st_corrector
351,Falkland petroleum exploration,"a shale gas reporter, scavenge shard and shale gas evaporator, Gas Report 1000",KernelDensityGECO,1,0.001,shale gas reporter,msmarco-passage/train,ielabgroup/vec2text_gtr-base-st_corrector
351,Falkland petroleum exploration,The link to eopf is the link to OPEPf and is a part of the e-privacyl interface,KernelDensityGECO,1,0.001,what is the link to eopf,msmarco-passage/train,ielabgroup/vec2text_gtr-base-st_corrector
351,Falkland petroleum exploration,"longest recorded shot using a fn fsd fl sat-range EF Falcon, and is currently the longest recorded",KernelDensityGECO,1,0.001,longest recorded shot with a fn fal,msmarco-passage/train,ielabgroup/vec2text_gtr-base-st_corrector
351,Falkland petroleum exploration,"which nations have a record large supplies of petroleum – mainly the United States of America, Madagascar, and the United States of America –",KernelDensityGECO,1,0.001,which nations have large supplies of petroleum?,msmarco-passage/train,ielabgroup/vec2text_gtr-base-st_corrector
351,Falkland petroleum exploration,"to as many as 200 times, a well oil can be fracked up to as many as 3000 times when the oil fracturing breaks",KernelDensityGECO,1,0.001,how many times can an oil well be fracked,msmarco-passage/train,ielabgroup/vec2text_gtr-base-st_corrector
351,Falkland petroleum exploration,Expeller pfeller pfeller is a pressed coconut oil based on its cooking oil that is cured by soaking,KernelDensityGECO,1,0.001,what is expeller pressed coconut oil,msmarco-passage/train,ielabgroup/vec2text_gtr-base-st_corrector
351,Falkland petroleum exploration,"which are the islands north west of Scotland, called the 'scots' or 'scotland' (",KernelDensityGECO,1,0.001,what are the islands north west of scotland called,msmarco-passage/train,ielabgroup/vec2text_gtr-base-st_corrector
352,British Chunnel impact,why the British industry (as it is a straggling industry in the 'origin industry') has moved abroad (by,KernelDensityGECO,1,0.001,why has the british industry moved abroad,msmarco-passage/train,ielabgroup/vec2text_gtr-base-st_corrector
352,British Chunnel impact,How can impact processes in an organisation by being an integral part of the organisational process can be e.g. a responsibilities of,KernelDensityGECO,1,0.001,how can impact Be an integral part of organisational processes,msmarco-passage/train,ielabgroup/vec2text_gtr-base-st_corrector
352,British Chunnel impact,. The jejunum is the small bowel for . The jejunum is the critical bowel for the cholaneoe,KernelDensityGECO,1,0.001,is the jejunum the small bowel,msmarco-passage/train,ielabgroup/vec2text_gtr-base-st_corrector
352,British Chunnel impact,"between 1753 and 1758, Britain demobilised after World War One, and after the loss of the brigandium, post-bus",KernelDensityGECO,1,0.001,when did Britain demobilise after world war one,msmarco-passage/train,ielabgroup/vec2text_gtr-base-st_corrector
352,British Chunnel impact,weight of Chadwick Boseman. Chadwick Boseman is a medium performance man (baspoons: 11,KernelDensityGECO,1,0.001,chadwick boseman weight,msmarco-passage/train,ielabgroup/vec2text_gtr-base-st_corrector
352,British Chunnel impact,Effect of blocking ICMP. ICMP is a way to decrease the level of incoming data to IPv3.org and other networks.,KernelDensityGECO,1,0.001,what is effect of blocking ICMP?,msmarco-passage/train,ielabgroup/vec2text_gtr-base-st_corrector
352,British Chunnel impact,how chancer (as a guide to the bringing of into thes of thes of fair) brought in English,KernelDensityGECO,1,0.001,how did chancer bring in english,msmarco-passage/train,ielabgroup/vec2text_gtr-base-st_corrector
352,British Chunnel impact,(Fibre Channel) is channel,KernelDensityGECO,1,0.001,what is fibre channel,msmarco-passage/train,ielabgroup/vec2text_gtr-base-st_corrector
352,British Chunnel impact,"in their limbs. Binge eating affects a person's body in a number of ways, including how it buries over time",KernelDensityGECO,1,0.001,how does binge eating affect a person's body?,msmarco-passage/train,ielabgroup/vec2text_gtr-base-st_corrector
352,British Chunnel impact,christian christianity (Roman christianism) in the UK and other Counties of England in the United Kingdom,KernelDensityGECO,1,0.001,roman christianity in england,msmarco-passage/train,ielabgroup/vec2text_gtr-base-st_corrector
353,Antarctica exploration,in Urdu,KernelDensityGECO,1,0.001,what mean in urdu explore,msmarco-passage/train,ielabgroup/vec2text_gtr-base-st_corrector
353,Antarctica exploration,of the Antonine Wall (Antonian-Arabian Wall) was the purpose of the antolie jean,KernelDensityGECO,1,0.001,what was the purpose of the antonine wall,msmarco-passage/train,ielabgroup/vec2text_gtr-base-st_corrector
353,Antarctica exploration,"what Columbus was looking for, which was a broom, a humbus, and a team of great explorers looking for",KernelDensityGECO,1,0.001,what was columbus looking for,msmarco-passage/train,ielabgroup/vec2text_gtr-base-st_corrector
353,Antarctica exploration,"what was the traditional view of the discovery of Australia, based on the acquiescence of the lands of the Victorian era,",KernelDensityGECO,1,0.001,what was the traditional view of the discovery of australia,msmarco-passage/train,ielabgroup/vec2text_gtr-base-st_corrector
353,Antarctica exploration,"Arenda Arenda (a.k.a. arenda) is a land in southeastern Germany, located on",KernelDensityGECO,1,0.001,where is arenda,msmarco-passage/train,ielabgroup/vec2text_gtr-base-st_corrector
353,Antarctica exploration,s. southern albert is a mine that mines a variety of minerals such as aquifers and water to measure their energy,KernelDensityGECO,1,0.001,what does southern alberta mine,msmarco-passage/train,ielabgroup/vec2text_gtr-base-st_corrector
353,Antarctica exploration,"during which period extensive continental glaciation of the continent of Gondwana (Gandwana’s ice age) has occurred, primarily",KernelDensityGECO,1,0.001,during which period did extensive continental glaciation of the gondwana continent occur,msmarco-passage/train,ielabgroup/vec2text_gtr-base-st_corrector
353,Antarctica exploration,the sea in antarctica (or antarctica sp.) in the arctic in the arctic inequi,KernelDensityGECO,1,0.001,what sea in antarctica in,msmarco-passage/train,ielabgroup/vec2text_gtr-base-st_corrector
353,Antarctica exploration,- Exavate a deep trench and a step by moving the back of the ground until it is 1 meter to excav,KernelDensityGECO,1,0.001,how to excavate a basement,msmarco-passage/train,ielabgroup/vec2text_gtr-base-st_corrector
353,Antarctica exploration,the benefits of contact between European explorers and indigenous peoples were a chance of contact and a remarriage between European and Indian,KernelDensityGECO,1,0.001,what were some benefits of contact between indigenous people and european explorers,msmarco-passage/train,ielabgroup/vec2text_gtr-base-st_corrector
354,journalist risks,which the correct term is used to describe the transportation of personnel with potentially life-threatening injuries to their velocities which are often viewed as casual,KernelDensityGECO,1,0.001,which is the correct term used to describe the transportation of personnel with potentially life threatening injuries,msmarco-passage/train,ielabgroup/vec2text_gtr-base-st_corrector
354,journalist risks,"a risk of extroversion, and a corresponding danger is that exercise in cold temperatures will result in freezing in the body temperature.",KernelDensityGECO,1,0.001,which of the following is a danger of exercising in cold temperatures?,msmarco-passage/train,ielabgroup/vec2text_gtr-base-st_corrector
354,journalist risks,"what is principal agent problem, amoral hazard, adverse selection, i.e., asymmetric information and moral hazard",KernelDensityGECO,1,0.001,"what is moral hazard, adverse selection, asymmetric information and principal agent problem?",msmarco-passage/train,ielabgroup/vec2text_gtr-base-st_corrector
354,journalist risks,"(facility risk factors) are fraud risk factors, a high risk of a risk of a risk of a job-risk",KernelDensityGECO,1,0.001,what are fraud risk factors,msmarco-passage/train,ielabgroup/vec2text_gtr-base-st_corrector
354,journalist risks,"(known as high-risk) is a definition of a high-risk, a large, highly requiring possession of certain graphene",KernelDensityGECO,1,0.001,define high-risk,msmarco-passage/train,ielabgroup/vec2text_gtr-base-st_corrector
354,journalist risks,"of tularemia is a dangerous complication to the blood and a high risk of a fatal disease. However, tular",KernelDensityGECO,1,0.001,is tularemia dangerous,msmarco-passage/train,ielabgroup/vec2text_gtr-base-st_corrector
354,journalist risks,"who first applied the term “muckraker” to journalism, a term derived from the work of Julius Marx and a news clip",KernelDensityGECO,1,0.001,who first applied the term muckraker to journalism,msmarco-passage/train,ielabgroup/vec2text_gtr-base-st_corrector
354,journalist risks,in the media is an example of bias in advertising. This is an example of a bias that a news station can cite as an example of,KernelDensityGECO,1,0.001,what is an example of bias in media,msmarco-passage/train,ielabgroup/vec2text_gtr-base-st_corrector
354,journalist risks,(also known as revenue risk) is a risk to a company or a group of investors who are at risk from a given risk to,KernelDensityGECO,1,0.001,what is revenue risk,msmarco-passage/train,ielabgroup/vec2text_gtr-base-st_corrector
354,journalist risks,"pregnancy risks risks (sodiosis, ecstasy, and infancy) age of pregnancy (age 65)",KernelDensityGECO,1,0.001,pregnancy risks age,msmarco-passage/train,ielabgroup/vec2text_gtr-base-st_corrector
355,ocean remote sensing,", Remote Access Point is",KernelDensityGECO,1,0.001,what is remote access point,msmarco-passage/train,ielabgroup/vec2text_gtr-base-st_corrector
355,ocean remote sensing,"from Japan and Argentina (Frankland, England and Hawaii, United States) for thousands of years, the sea star lives in the sea ice",KernelDensityGECO,1,0.001,where does the sea star live,msmarco-passage/train,ielabgroup/vec2text_gtr-base-st_corrector
355,ocean remote sensing,"which boundaries are created, Seafloor can create a boundary through boundaries such as",KernelDensityGECO,1,0.001,which boundaries can seafloor created,msmarco-passage/train,ielabgroup/vec2text_gtr-base-st_corrector
355,ocean remote sensing,"a 'sea anchor', sea anchor does a job to pulsate the water out of the depth of the water",KernelDensityGECO,1,0.001,what does sea anchor do,msmarco-passage/train,ielabgroup/vec2text_gtr-base-st_corrector
355,ocean remote sensing,"by extending range of motion sensor, by extending a 22  12 m distance sensor so it will increase range",KernelDensityGECO,1,0.001,how to extend range of motion sensor,msmarco-passage/train,ielabgroup/vec2text_gtr-base-st_corrector
355,ocean remote sensing,"who's causing the acidification of the oceans, and we're still not sure how much this is causing this in the ocean.",KernelDensityGECO,1,0.001,who's causing the acidification of the oceans?,msmarco-passage/train,ielabgroup/vec2text_gtr-base-st_corrector
355,ocean remote sensing,Periscope Ocean Periscope Ocean is a periscope network of interactive digital periscopes that is the surface of the ocean of the,KernelDensityGECO,1,0.001,what is periscope ocean,msmarco-passage/train,ielabgroup/vec2text_gtr-base-st_corrector
355,ocean remote sensing,"from one glabra to one sharks have only 5 senses, and they have four senses: i.e., cind",KernelDensityGECO,1,0.001,how many senses do sharks have,msmarco-passage/train,ielabgroup/vec2text_gtr-base-st_corrector
355,ocean remote sensing,name of the oceanic landform (which is a name for the ocean in the rocky cliffs and the Pacific Ocean) is the name,KernelDensityGECO,1,0.001,what is the name for the oceanic landform,msmarco-passage/train,ielabgroup/vec2text_gtr-base-st_corrector
355,ocean remote sensing,"Ocean is located in Fiji (the ""Fijian Ocean"" or ""Fijinaiadai"" ) at 207",KernelDensityGECO,1,0.001,what ocean is fiji located in,msmarco-passage/train,ielabgroup/vec2text_gtr-base-st_corrector
356,postmenopausal estrogen Britain,"definition of postpartum, a concept of a fetus, a fetus, at birth, after labor",KernelDensityGECO,1,0.001,definition of postpartum,msmarco-passage/train,ielabgroup/vec2text_gtr-base-st_corrector
356,postmenopausal estrogen Britain,"– i.e., region – uk is the region of the United Kingdom, which is currently a Margaret and Adrian region",KernelDensityGECO,1,0.001,what region is uk,msmarco-passage/train,ielabgroup/vec2text_gtr-base-st_corrector
356,postmenopausal estrogen Britain,"if you are fat, a lot of fat will not be a benefit to you; excessive estrogen does make you fat, erecting",KernelDensityGECO,1,0.001,does excess estrogen make you fat,msmarco-passage/train,ielabgroup/vec2text_gtr-base-st_corrector
356,postmenopausal estrogen Britain,"after-effects of the injection of petogen vaccine. After-effects of the injection, bruxism, headache, and a",KernelDensityGECO,1,0.001,after effects of petogen injection,msmarco-passage/train,ielabgroup/vec2text_gtr-base-st_corrector
356,postmenopausal estrogen Britain,"where the 'Eurostar' station is on the A470 motorway at Londinac Street in London, the UK is a unit",KernelDensityGECO,1,0.001,where is the eurostar station in london,msmarco-passage/train,ielabgroup/vec2text_gtr-base-st_corrector
356,postmenopausal estrogen Britain,what village of plaster bluff is. The village of plaster bluff is the main work-force of New Brunswick (Rockhampton,KernelDensityGECO,1,0.001,what does the village of plaster rock new brunswick,msmarco-passage/train,ielabgroup/vec2text_gtr-base-st_corrector
356,postmenopausal estrogen Britain,"(British Army) service numbers are 87,057,060 and 91,060 and the UK Army service numbers",KernelDensityGECO,1,0.001,british army service numbers,msmarco-passage/train,ielabgroup/vec2text_gtr-base-st_corrector
356,postmenopausal estrogen Britain,perimenopause is common and is a common occurrence in women who are 50 to 66 after pregnancies or menopause,KernelDensityGECO,1,0.001,how common is perimenopause pregnancy,msmarco-passage/train,ielabgroup/vec2text_gtr-base-st_corrector
356,postmenopausal estrogen Britain,a woman who has a low level of estrogen will usually develop a feces and esophagus and it is seen,KernelDensityGECO,1,0.001,what happens when a woman has a low level of estrogen,msmarco-passage/train,ielabgroup/vec2text_gtr-base-st_corrector
356,postmenopausal estrogen Britain,"in the UK when it was illegal to be gay in the UK, in 1899–1900, and to be a harem in",KernelDensityGECO,1,0.001,when was it illegal to be gay in the uk,msmarco-passage/train,ielabgroup/vec2text_gtr-base-st_corrector
357,territorial waters dispute,"by a motion passed at the 61st session of the Missouri-Brief-Congress, Congress organized northwest territory to help organize",KernelDensityGECO,1,0.001,what did congress do to organize the northwest territory,msmarco-passage/train,ielabgroup/vec2text_gtr-base-st_corrector
357,territorial waters dispute,a result of land apex - the disappearance of land bridges - caused by surface blizzards affecting land,KernelDensityGECO,1,0.001,what caused the disappearance of land bridges apex,msmarco-passage/train,ielabgroup/vec2text_gtr-base-st_corrector
357,territorial waters dispute,U.S. Coast Guard ft. 28 pft. wwc. dc. in World War II 30,KernelDensityGECO,1,0.001,us coast guard pf 28 wwii,msmarco-passage/train,ielabgroup/vec2text_gtr-base-st_corrector
357,territorial waters dispute,"if you have a problem with a disability insurance claim or a lack of funds, you can sue someone living in international waters",KernelDensityGECO,1,0.001,can you sue someone living in international waters,msmarco-passage/train,ielabgroup/vec2text_gtr-base-st_corrector
357,territorial waters dispute,Marginal lands             is lands,KernelDensityGECO,1,0.001,what is marginal lands,msmarco-passage/train,ielabgroup/vec2text_gtr-base-st_corrector
357,territorial waters dispute,"meaning of tug of war, is the slew of tugs between a group of people who exert exert a tug of a muscle",KernelDensityGECO,1,0.001,tug of war meaning,msmarco-passage/train,ielabgroup/vec2text_gtr-base-st_corrector
357,territorial waters dispute,"to whether or not 'Sherman Temuachi-Shelmereh's march to the sea was necessary, and for protection",KernelDensityGECO,1,0.001,was william tecumseh sherman's march to the sea necessary,msmarco-passage/train,ielabgroup/vec2text_gtr-base-st_corrector
357,territorial waters dispute,(British nationality) means a 'nationality' of the United Kingdom in British Indian Ocean territory and British Sassani,KernelDensityGECO,1,0.001,what is the meaning of british indian ocean territory nationality,msmarco-passage/train,ielabgroup/vec2text_gtr-base-st_corrector
357,territorial waters dispute,"by contaminated water, water pollution can contaminate water in a contaminated state such as a contaminated osmosis or water",KernelDensityGECO,1,0.001,how can water pollution contaminated water,msmarco-passage/train,ielabgroup/vec2text_gtr-base-st_corrector
357,territorial waters dispute,"challenges to tackle illegal wildlife trade, tackling high-profile catches and a feasible challenge to implementing the strategies to fight",KernelDensityGECO,1,0.001,challenges to tackling illegal wildlife trade,msmarco-passage/train,ielabgroup/vec2text_gtr-base-st_corrector
358,blood-alcohol fatalities,"of alcohol (alcohol) has a negative effect on the liver, causing a number of liver symptoms including atrial damage, liver",KernelDensityGECO,1,0.001,alcohol effects on liver,msmarco-passage/train,ielabgroup/vec2text_gtr-base-st_corrector
358,blood-alcohol fatalities,"0–4 and 0–6. , which war had more casualties, but the World War on the Syrian Reservations had more casual",KernelDensityGECO,1,0.001,which world war had more casualties,msmarco-passage/train,ielabgroup/vec2text_gtr-base-st_corrector
358,blood-alcohol fatalities,"of bleeding patinias, bleeding vertices in the liver are a disease of the liver and other gastrointestinal joints known to cause",KernelDensityGECO,1,0.001,what are bleeding verices in liver disease,msmarco-passage/train,ielabgroup/vec2text_gtr-base-st_corrector
358,blood-alcohol fatalities,"the cause of over half of the deaths in the U.S., with over half of all deaths due to terrorism-caused deaths.",KernelDensityGECO,1,0.001,what is the cause of over half the deaths in the us?,msmarco-passage/train,ielabgroup/vec2text_gtr-base-st_corrector
358,blood-alcohol fatalities,"because of a rabies bite that is fatal, a rabies vaccine, and a combination of vaccines and other substances, prolong",KernelDensityGECO,1,0.001,why is rabies fatal,msmarco-passage/train,ielabgroup/vec2text_gtr-base-st_corrector
358,blood-alcohol fatalities,"the most common long-term effect of over-indulgence and excessive consuming of alcoholic beverages, alcoholic ghetto burning",KernelDensityGECO,1,0.001,what is the most common long term effect of excessive alcohol consumption,msmarco-passage/train,ielabgroup/vec2text_gtr-base-st_corrector
358,blood-alcohol fatalities,a rheumatoid chlamydia. This is now the most prevalent disease people die from now.,KernelDensityGECO,1,0.001,what's the most prevalent disease people die from now?,msmarco-passage/train,ielabgroup/vec2text_gtr-base-st_corrector
358,blood-alcohol fatalities,Utopian peritoneum The term 'blood' refers to a blood in the urine or a urine stain which means,KernelDensityGECO,1,0.001,Which term means blood in the urine,msmarco-passage/train,ielabgroup/vec2text_gtr-base-st_corrector
358,blood-alcohol fatalities,"at a national age of geriatric panic and terrorism. , Cobb County, Ga. , Cobb is violent",KernelDensityGECO,1,0.001,is cobb county ga violent,msmarco-passage/train,ielabgroup/vec2text_gtr-base-st_corrector
358,blood-alcohol fatalities,"in the past, with the most killings in a gang in Compton was in 1994, when the killings occurred in the night between Charleston",KernelDensityGECO,1,0.001,when was the most killings in compton,msmarco-passage/train,ielabgroup/vec2text_gtr-base-st_corrector
359,mutual fund predictors,a nvInvest opportunistry is a computerized guide to the value of a portfolio known as Nevada Encyclopedia (,KernelDensityGECO,1,0.001,what is an nv investopedia,msmarco-passage/train,ielabgroup/vec2text_gtr-base-st_corrector
359,mutual fund predictors,a monetary policy tool (Chevrolet-Ashland-Burnham et al.) is the tool,KernelDensityGECO,1,0.001,what is a monetary policy tool,msmarco-passage/train,ielabgroup/vec2text_gtr-base-st_corrector
359,mutual fund predictors,"average volatility of cmE (Chick-Moe-MCI). Based on implied volatility of a stock option, averaged 10.5",KernelDensityGECO,1,0.001,average implied volatility of cme,msmarco-passage/train,ielabgroup/vec2text_gtr-base-st_corrector
359,mutual fund predictors,which groups (typically the industry or agri-business group based on trends forecasting data) predict patterns primarily based on trends,KernelDensityGECO,1,0.001,which group typically predicts trends industry based on patterns,msmarco-passage/train,ielabgroup/vec2text_gtr-base-st_corrector
359,mutual fund predictors,the vsepr theory is a theory of etymology and is used to predict and predict how much and where,KernelDensityGECO,1,0.001,what is the vsepr theory and what is it used to predict,msmarco-passage/train,ielabgroup/vec2text_gtr-base-st_corrector
359,mutual fund predictors,"administering funds, a U.S.-based fund administration organization, Fund Administratore Co-Investección Charlotte (Fund Fund Administration",KernelDensityGECO,1,0.001,fund administration,msmarco-passage/train,ielabgroup/vec2text_gtr-base-st_corrector
359,mutual fund predictors,"(Voilability and implied return) is a volatility of a product, a market, a monetary order, a hedge",KernelDensityGECO,1,0.001,what is implied return and volatility,msmarco-passage/train,ielabgroup/vec2text_gtr-base-st_corrector
359,mutual fund predictors,risk. Who algorithm for fracture risk is a POSITION algorithm for determining the probability of a complex condition (e.g. N,KernelDensityGECO,1,0.001,who algorithm for fracture risk,msmarco-passage/train,ielabgroup/vec2text_gtr-base-st_corrector
359,mutual fund predictors,"estimated earnings per share, i.e. earnings per share of equidnia or equidnia per share",KernelDensityGECO,1,0.001,estimated earnings per share,msmarco-passage/train,ielabgroup/vec2text_gtr-base-st_corrector
359,mutual fund predictors,the swim U.S.A. Futures U.S.A. Futures is a US current and futures program of Frisco,KernelDensityGECO,1,0.001,what is usa futures usa swim,msmarco-passage/train,ielabgroup/vec2text_gtr-base-st_corrector
360,drug legalization benefits,results as a result of the legalization of marijuana in California in the january jugglery senate (R.,KernelDensityGECO,1,0.001,results from the legalization of marijuana in california,msmarco-passage/train,ielabgroup/vec2text_gtr-base-st_corrector
360,drug legalization benefits,"after marijuana, marijuana could be used for a variety of uses, such as circulating medications, treating liver disease, and being used for a",KernelDensityGECO,1,0.001,what could marijuana be used for,msmarco-passage/train,ielabgroup/vec2text_gtr-base-st_corrector
360,drug legalization benefits,"laws in the state of Florida, the marijuana laws of Florida and the marijuana- and he-muno-to-life restrictions",KernelDensityGECO,1,0.001,what are the marijuana laws in florida,msmarco-passage/train,ielabgroup/vec2text_gtr-base-st_corrector
360,drug legalization benefits,Revenue from tax revenue for tax-exempt spending on marijuana sales is used for the tax revenue of a roeper's licenses,KernelDensityGECO,1,0.001,what is tax revenue from marijuana sales used for,msmarco-passage/train,ielabgroup/vec2text_gtr-base-st_corrector
360,drug legalization benefits,"health benefits, Goodyear health benefits, a zero-mile benefit in gynecomastia and a reduced tire wear",KernelDensityGECO,1,0.001,goodyear health benefits,msmarco-passage/train,ielabgroup/vec2text_gtr-base-st_corrector
360,drug legalization benefits,"benefits of laughter, the benefits of laughter program Mayo Clinic Laughlour provide a safe, safe, self-help, save",KernelDensityGECO,1,0.001,benefits of laughter mayo clinic,msmarco-passage/train,ielabgroup/vec2text_gtr-base-st_corrector
360,drug legalization benefits,"the benefits of skating (Taxis, Axes, Grabbing, Floating, Getting to the Flats):",KernelDensityGECO,1,0.001,the benefits of skating,msmarco-passage/train,ielabgroup/vec2text_gtr-base-st_corrector
360,drug legalization benefits,"benefit from combined oral contraceptives, able to prevent children with ill-health, and benefits from combined oral contraceptives and oral contraception",KernelDensityGECO,1,0.001,benefits of combined oral contraceptives,msmarco-passage/train,ielabgroup/vec2text_gtr-base-st_corrector
360,drug legalization benefits,what is a benefit of a laissez-faire market (or l'enfees-lac market) in a given,KernelDensityGECO,1,0.001,what is a benefit of a laissez-faire market?,msmarco-passage/train,ielabgroup/vec2text_gtr-base-st_corrector
360,drug legalization benefits,"the ten U.S. states which are states of recreational marijuana, namely, Colorado, Alaska, New Mexico and Halead in Eastern",KernelDensityGECO,1,0.001,which states on the eastern united states are recreational marijuana,msmarco-passage/train,ielabgroup/vec2text_gtr-base-st_corrector
361,clothing sweatshops,"(commonly a woolen jacket, a nylon sleeve or a leather jacket) is a textile jacket pressed",KernelDensityGECO,1,0.001,what is a textile jacket,msmarco-passage/train,ielabgroup/vec2text_gtr-base-st_corrector
361,clothing sweatshops,it is now known as        . Rate shopping is the shopping of a budget,KernelDensityGECO,1,0.001,what is rate shopping,msmarco-passage/train,ielabgroup/vec2text_gtr-base-st_corrector
361,clothing sweatshops,called a laced underwear (sometimes called a laced-couchee or laced-brim in older versions,KernelDensityGECO,1,0.001,what is that laced underwear called,msmarco-passage/train,ielabgroup/vec2text_gtr-base-st_corrector
361,clothing sweatshops,what Rosa Parks (Rassa Teixeira) was wearing on a bus wearing a black shorts that he wore,KernelDensityGECO,1,0.001,what was rosa parks wearing on the bus,msmarco-passage/train,ielabgroup/vec2text_gtr-base-st_corrector
361,clothing sweatshops,"designer, Melania Trump wears a pair of cheesy dress dipped in LS and kimani kimani",KernelDensityGECO,1,0.001,what designer dresses melania trump,msmarco-passage/train,ielabgroup/vec2text_gtr-base-st_corrector
361,clothing sweatshops,what to wear in Australia – a t-shirt with a pair of high-impact bra and a pair of socks – wear,KernelDensityGECO,1,0.001,what to wear in australia,msmarco-passage/train,ielabgroup/vec2text_gtr-base-st_corrector
361,clothing sweatshops,P-Cleath pore cloth (P PE cloth) is a textile that is a media of water called ether oxide. It,KernelDensityGECO,1,0.001,what is pe cloth,msmarco-passage/train,ielabgroup/vec2text_gtr-base-st_corrector
361,clothing sweatshops,a street fitting (commonly known as a fitting) is a high-tech edginess fitting that is applied to,KernelDensityGECO,1,0.001,what is a street fitting,msmarco-passage/train,ielabgroup/vec2text_gtr-base-st_corrector
361,clothing sweatshops,how moro textiles. How moro textiles are a fabric of moose teeming with hydracum,KernelDensityGECO,1,0.001,how moro textiles,msmarco-passage/train,ielabgroup/vec2text_gtr-base-st_corrector
361,clothing sweatshops,which is a specific example of cultural appropriation. This example is a neo-native example of (a),KernelDensityGECO,1,0.001,which of the following is an example of cultural appropriation?,msmarco-passage/train,ielabgroup/vec2text_gtr-base-st_corrector
362,human smuggling,"countries of the United States, Dominican Republic, and Ukraine, the death penalty for illegal drug trafficking is a 'narcotics shipment",KernelDensityGECO,1,0.001,what countries is the death penalty for illegal drug trafficking,msmarco-passage/train,ielabgroup/vec2text_gtr-base-st_corrector
362,human smuggling,"-insulin Glargine -insulin, is a type of human insulin and a human dietary dietary supplement",KernelDensityGECO,1,0.001,"what is insulin glargine, human",msmarco-passage/train,ielabgroup/vec2text_gtr-base-st_corrector
362,human smuggling,RJ Hauman is a famous havoc,KernelDensityGECO,1,0.001,who is rj hauman,msmarco-passage/train,ielabgroup/vec2text_gtr-base-st_corrector
362,human smuggling,Human eye drops for dogs Human eye drops for dogs with a prescription of doxyscystosis and a pericardi,KernelDensityGECO,1,0.001,human eye drops for dogs,msmarco-passage/train,ielabgroup/vec2text_gtr-base-st_corrector
362,human smuggling,"Species of whales, such as knuckle-tailed whales and golden-brain whales, who eat humans",KernelDensityGECO,1,0.001,what kind of whales eat humans,msmarco-passage/train,ielabgroup/vec2text_gtr-base-st_corrector
362,human smuggling,"of a human, aged between 175 and 125 years, who is the oldest living human, is the oldest by the Odin the Hedge",KernelDensityGECO,1,0.001,how old is the oldest human,msmarco-passage/train,ielabgroup/vec2text_gtr-base-st_corrector
362,human smuggling,"is human dna. Human dna is the same as human DNA, except for a special insertion at the epicenter where",KernelDensityGECO,1,0.001,is human dna the same,msmarco-passage/train,ielabgroup/vec2text_gtr-base-st_corrector
362,human smuggling,"if human body size is not enough to protect this part of the fetus, humans do share a banana with both DNA and DNA",KernelDensityGECO,1,0.001,do human share dna with a banana,msmarco-passage/train,ielabgroup/vec2text_gtr-base-st_corrector
362,human smuggling,"is human/fasciant diluent RNA and DNA shared with bananas, so that human/fasc",KernelDensityGECO,1,0.001,is human dna shared with bananas,msmarco-passage/train,ielabgroup/vec2text_gtr-base-st_corrector
362,human smuggling,organs. Used hammond organs are bought by people who buy used hammonds at a charity auction and sell at £100.,KernelDensityGECO,1,0.001,who buys used hammond organs,msmarco-passage/train,ielabgroup/vec2text_gtr-base-st_corrector
363,transportation tunnel disasters,"from its sankanka (province) of Japan, the Fukushima Daiichi nuclear disaster began in and over",KernelDensityGECO,1,0.001,where did fukushima daiichi nuclear disaster begin,msmarco-passage/train,ielabgroup/vec2text_gtr-base-st_corrector
363,transportation tunnel disasters,"when adverse impact occurs (e.g., when a problem occurs and when a problem occurs). Adverse impact occurs at any time between",KernelDensityGECO,1,0.001,when does adverse impact occur,msmarco-passage/train,ielabgroup/vec2text_gtr-base-st_corrector
363,transportation tunnel disasters,survive a highway pile-up. Learn to minimize the speed and tidbits of your life and minimize the amount of fuel you have,KernelDensityGECO,1,0.001,how to survive a highway pile up,msmarco-passage/train,ielabgroup/vec2text_gtr-base-st_corrector
363,transportation tunnel disasters,"what are four accidents involving snow, involving a car slide, a car slide, a car driving into",KernelDensityGECO,1,0.001,what are four car accidents that involve with snow,msmarco-passage/train,ielabgroup/vec2text_gtr-base-st_corrector
363,transportation tunnel disasters,– 'It is recommended that you do not harm your health or your health' – sewer gas may harm you to a great extent,KernelDensityGECO,1,0.001,does sewer gas harm you,msmarco-passage/train,ielabgroup/vec2text_gtr-base-st_corrector
363,transportation tunnel disasters,"which is a natural disaster example (e.g., a blazing flood, preventing births) limiting population growth.",KernelDensityGECO,1,0.001,which is an example of a natural disaster limiting population growth?,msmarco-passage/train,ielabgroup/vec2text_gtr-base-st_corrector
363,transportation tunnel disasters,"on the island of Mimeca, New Jersey, the Three Mile Island disaster happened when a third gas steamed to a stop on US",KernelDensityGECO,1,0.001,where did the three mile island disaster happen,msmarco-passage/train,ielabgroup/vec2text_gtr-base-st_corrector
363,transportation tunnel disasters,between 08:00 and 01:00. Teratogens do the most damage because they have a high risk of tetratoxins.,KernelDensityGECO,1,0.001,when do teratogens do the most damage,msmarco-passage/train,ielabgroup/vec2text_gtr-base-st_corrector
363,transportation tunnel disasters,trainwreck (the nickname of Trainwreck) is a biographical,KernelDensityGECO,1,0.001,what is trainwreck,msmarco-passage/train,ielabgroup/vec2text_gtr-base-st_corrector
363,transportation tunnel disasters,"movie, which is a trainwreck thriller, is about what happens to Trainwreck when he is a child of a",KernelDensityGECO,1,0.001,what is movie trainwreck about,msmarco-passage/train,ielabgroup/vec2text_gtr-base-st_corrector
364,rabies,(i.e. puppy swollen and emphysema) are the most common dog disease and acute infectious disease,KernelDensityGECO,1,0.001,most common puppy disease,msmarco-passage/train,ielabgroup/vec2text_gtr-base-st_corrector
364,rabies,(P.P.D.) is the symptoms of bubonic plague and its symptoms occur on white blood cells and on feces across,KernelDensityGECO,1,0.001,what is bubonic plague symptoms,msmarco-passage/train,ielabgroup/vec2text_gtr-base-st_corrector
364,rabies,(Ukrainian zoology) razzing is a defining definition of razing. The resulting bruzing occurs,KernelDensityGECO,1,0.001,razzing definition,msmarco-passage/train,ielabgroup/vec2text_gtr-base-st_corrector
364,rabies,(Neuritis) is a disease of the follicles in the genitals and bronchi and is known as neuro,KernelDensityGECO,1,0.001,what is neuritis,msmarco-passage/train,ielabgroup/vec2text_gtr-base-st_corrector
364,rabies,(rhabdomyolysis) a definition of a rheumatolysis. It occurs as a reaction between the renal,KernelDensityGECO,1,0.001,define rhabdomyolysis,msmarco-passage/train,ielabgroup/vec2text_gtr-base-st_corrector
364,rabies,cost of a vaccine for dogs vaccinated against rabies or for dogs with a rabies risk and for dogs with a,KernelDensityGECO,1,0.001,cost for rabies vaccine for dogs,msmarco-passage/train,ielabgroup/vec2text_gtr-base-st_corrector
364,rabies,when puppies receive a rabies vaccine (vaccination supposition supposition supposition supposition ),KernelDensityGECO,1,0.001,when do puppies receive rabies vaccine,msmarco-passage/train,ielabgroup/vec2text_gtr-base-st_corrector
364,rabies,"what is harmful about vaccines, a vaccine is harmful to a child, and it is a release of harmful toxins such as beta",KernelDensityGECO,1,0.001,what is harmful about vaccines,msmarco-passage/train,ielabgroup/vec2text_gtr-base-st_corrector
364,rabies,rabies in 2015 - greco-rabies in Greece - faeces and a rabies vaccine in,KernelDensityGECO,1,0.001,rabies in greece 2015,msmarco-passage/train,ielabgroup/vec2text_gtr-base-st_corrector
364,rabies,"RUI of Indicia RUI of Indicia (known as rui) is a unique and powerful medical device,",KernelDensityGECO,1,0.001,what is rui,msmarco-passage/train,ielabgroup/vec2text_gtr-base-st_corrector
365,El Nino,"el chapo in spanish, el chapo el espaol, a Spanish meaning",KernelDensityGECO,1,0.001,el chapo meaning in spanish,msmarco-passage/train,ielabgroup/vec2text_gtr-base-st_corrector
365,El Nino,Carino is a means of the circumveneous adobe and a name that means “carino,KernelDensityGECO,1,0.001,what does carino mean,msmarco-passage/train,ielabgroup/vec2text_gtr-base-st_corrector
365,El Nino,"known as nibin, is a beautiful feyid and a bifin that touches the lizards in Pen",KernelDensityGECO,1,0.001,what is nibin,msmarco-passage/train,ielabgroup/vec2text_gtr-base-st_corrector
365,El Nino,the silo effect silo effect is a neo-syntactic,KernelDensityGECO,1,0.001,what is the silo effect,msmarco-passage/train,ielabgroup/vec2text_gtr-base-st_corrector
365,El Nino,EPO is a metabolite of a hormone known as a epogene (also known as an EPO or,KernelDensityGECO,1,0.001,what is an EPO,msmarco-passage/train,ielabgroup/vec2text_gtr-base-st_corrector
365,El Nino,which is the Spanish word for orange — 'orange' — 'orange' — 'porricot',KernelDensityGECO,1,0.001,what is the spanish word for orange?,msmarco-passage/train,ielabgroup/vec2text_gtr-base-st_corrector
365,El Nino,(Ep) is the acrobatic terra fer (EPL) on the Discovery Discovery Discovery. It is also known as the,KernelDensityGECO,1,0.001,what is the ep,msmarco-passage/train,ielabgroup/vec2text_gtr-base-st_corrector
365,El Nino,"at 187 ft (1.25 inches) tall, De Niro is a ""Romo del Rincóni",KernelDensityGECO,1,0.001,how tall is de niro,msmarco-passage/train,ielabgroup/vec2text_gtr-base-st_corrector
365,El Nino,"During the nine months of pregnancy, the ninth trimester (the 61st trimester of the month of October or November) is",KernelDensityGECO,1,0.001,what trimester is the ninth month,msmarco-passage/train,ielabgroup/vec2text_gtr-base-st_corrector
365,El Nino,"year is feigning a visit to India. , it is 1900, which is the year in Nepali .",KernelDensityGECO,1,0.001,what year is it in nepali,msmarco-passage/train,ielabgroup/vec2text_gtr-base-st_corrector
366,commercial cyanide uses,how to use cyanoacrylate accelerator spray and apply it to your tyres and cyanoacrylate canister spray at directions,KernelDensityGECO,1,0.001,how to use cyanoacrylate accelerator spray,msmarco-passage/train,ielabgroup/vec2text_gtr-base-st_corrector
366,commercial cyanide uses,(cycloplatinum hayaetin) is used to treat inflammatory conditions such as bursts. Colistin is,KernelDensityGECO,1,0.001,what is colistin used for,msmarco-passage/train,ielabgroup/vec2text_gtr-base-st_corrector
366,commercial cyanide uses,used for applications of a cypionephrotic drug. Clearvite is used for the treatment of bone marrow and,KernelDensityGECO,1,0.001,what is clearvite used for,msmarco-passage/train,ielabgroup/vec2text_gtr-base-st_corrector
366,commercial cyanide uses,"chlorines is a use by which lignins, chlorine, arginine and alcohol are used. Its uses are to clean",KernelDensityGECO,1,0.001,what is chlorines uses,msmarco-passage/train,ielabgroup/vec2text_gtr-base-st_corrector
366,commercial cyanide uses,coli is used to treat a variety of bacterial infections in the esophagus and evile virus. It is used,KernelDensityGECO,1,0.001,what is e coli used for,msmarco-passage/train,ielabgroup/vec2text_gtr-base-st_corrector
366,commercial cyanide uses,"uses are the end use of cotton, which is used to make a smooth fabric such as aphrodisiac powder, starch",KernelDensityGECO,1,0.001,what are the end uses of cotton,msmarco-passage/train,ielabgroup/vec2text_gtr-base-st_corrector
366,commercial cyanide uses,"color of cyan is a green color, or a red color of a yellow-brown-yellow-blue.",KernelDensityGECO,1,0.001,what color is cyan?,msmarco-passage/train,ielabgroup/vec2text_gtr-base-st_corrector
366,commercial cyanide uses,"for the production of glucose, chitlin and vitamin. Yellow pigments are pigments that are used for pigmentation.",KernelDensityGECO,1,0.001,what are yellow pigments for,msmarco-passage/train,ielabgroup/vec2text_gtr-base-st_corrector
366,commercial cyanide uses,"in everyday life, Hematite is used as a everyday wear-in application for things such as metallurgy, water, jewelry",KernelDensityGECO,1,0.001,what is hematite used for in everyday life,msmarco-passage/train,ielabgroup/vec2text_gtr-base-st_corrector
366,commercial cyanide uses,"used for preparing a blend of red, orange, and mushroom leaves. Leaves are used by plants to help them get a good health and",KernelDensityGECO,1,0.001,what are leaves used for,msmarco-passage/train,ielabgroup/vec2text_gtr-base-st_corrector
367,piracy,a prevalence (or a p-P-P-P-P-P-P-P-P) is the concentration of information,KernelDensityGECO,1,0.001,what is a prevalence,msmarco-passage/train,ielabgroup/vec2text_gtr-base-st_corrector
367,piracy,"of pation. ""Privation"" (or ""respartment"") is a defined form of public controlled by",KernelDensityGECO,1,0.001,define privation,msmarco-passage/train,ielabgroup/vec2text_gtr-base-st_corrector
367,piracy,a 'arrainment'. Arronment is a type of a sworn in criminal affidavit,KernelDensityGECO,1,0.001,what is an arrainment?,msmarco-passage/train,ielabgroup/vec2text_gtr-base-st_corrector
367,piracy,,KernelDensityGECO,1,0.001,derivative literary definition,msmarco-passage/train,ielabgroup/vec2text_gtr-base-st_corrector
367,piracy,medicine pharming (Medicine pharming) is a method of pharmacology and medicine. It is a bind,KernelDensityGECO,1,0.001,what is medicine pharming,msmarco-passage/train,ielabgroup/vec2text_gtr-base-st_corrector
367,piracy,"(copyright) is a right of the U.S. federal government, and the What-Is-It-is-Note",KernelDensityGECO,1,0.001,what copyright is,msmarco-passage/train,ielabgroup/vec2text_gtr-base-st_corrector
367,piracy,the meaning of the word 'computer infringement' (a.k.a. 'computer infringement') is the increase in computer information,KernelDensityGECO,1,0.001,what is the meaning computer infringement,msmarco-passage/train,ielabgroup/vec2text_gtr-base-st_corrector
367,piracy,"(Gaylorian and Nse) meaning of the word infringement, a broad meaning of a number of different meaning",KernelDensityGECO,1,0.001,infringement meaning,msmarco-passage/train,ielabgroup/vec2text_gtr-base-st_corrector
367,piracy,"(Selling and Sharing) is a fecundity and a process of sharing information on the human body. ""The Sharing",KernelDensityGECO,1,0.001,what is the sharing,msmarco-passage/train,ielabgroup/vec2text_gtr-base-st_corrector
367,piracy,spoliation - splation - a legal and statutory law defining and removing torts and other legal,KernelDensityGECO,1,0.001,define spoliation legal,msmarco-passage/train,ielabgroup/vec2text_gtr-base-st_corrector
368,in vitro fertilization,Insemination (poemopoemopoemation) is a process of fertilization or infusion,KernelDensityGECO,1,0.001,what is insemination,msmarco-passage/train,ielabgroup/vec2text_gtr-base-st_corrector
368,in vitro fertilization,the hormone that stimulates the maturation of ova and the production of sperm by ova is ovaporin and ad,KernelDensityGECO,1,0.001,the hormone that stimulates production of sperm and maturation of ova is,msmarco-passage/train,ielabgroup/vec2text_gtr-base-st_corrector
368,in vitro fertilization,"difference between supraventricular tachycardia and supraventricular tachycardia, or ventricular fibrillation, is a",KernelDensityGECO,1,0.001,what is the difference between supraventricular tachycardia and ventricular fibrillation,msmarco-passage/train,ielabgroup/vec2text_gtr-base-st_corrector
368,in vitro fertilization,"which an embryo develops from a fertilized egg, or from a fetal embryo, and develops into an embryo with a condition",KernelDensityGECO,1,0.001,how does an embryo develop from a fertilized egg?,msmarco-passage/train,ielabgroup/vec2text_gtr-base-st_corrector
368,in vitro fertilization,"from the United States of America, ventricular Idoventricular rhythms (IVA-idioidioducts) originate when a ventricular pulse",KernelDensityGECO,1,0.001,where do idioventricular rhythms originate,msmarco-passage/train,ielabgroup/vec2text_gtr-base-st_corrector
368,in vitro fertilization,ipV vaccine. ipV is a vaccine for the newly-introducible petiose flammable,KernelDensityGECO,1,0.001,what's ipv vaccine,msmarco-passage/train,ielabgroup/vec2text_gtr-base-st_corrector
368,in vitro fertilization,process that produces a variable range of sex and increases genetic gymnography as a result of this process increases sexual reproduction by,KernelDensityGECO,1,0.001,the process of ____________ increases genetic variability as it produces gametes for sexual reproduction,msmarco-passage/train,ielabgroup/vec2text_gtr-base-st_corrector
368,in vitro fertilization,uvf airport uvf (standing for ufiorno-Flissango Airport,KernelDensityGECO,1,0.001,what is uvf airport stand for?,msmarco-passage/train,ielabgroup/vec2text_gtr-base-st_corrector
368,in vitro fertilization,"stand for ""Ivda"", which stands for Infrared Dispensational Vaccines and a state of innovation ACA",KernelDensityGECO,1,0.001,what does ivda stand for,msmarco-passage/train,ielabgroup/vec2text_gtr-base-st_corrector
368,in vitro fertilization,Virtual solutions is a virtual solution of the International Context-Assumption Exchange (IA) problem solving computer network. Originally,KernelDensityGECO,1,0.001,what is virtual solutions?,msmarco-passage/train,ielabgroup/vec2text_gtr-base-st_corrector
369,anorexia nervosa bulimia,"a definition of purging, a definition of a binge-making process, a definition of a process of removing food",KernelDensityGECO,1,0.001,definition of purging,msmarco-passage/train,ielabgroup/vec2text_gtr-base-st_corrector
369,anorexia nervosa bulimia,"when you are a person, such as a pregnant woman, the geriatric suppositions cause nausea all the time and often",KernelDensityGECO,1,0.001,what causes you to be nausea all the time,msmarco-passage/train,ielabgroup/vec2text_gtr-base-st_corrector
369,anorexia nervosa bulimia,"a gastrointestinal ailment caused by a food causing diarrhea and vomiting, weight loss can be followed by a gastrointestinal a",KernelDensityGECO,1,0.001,what causes weight loss with diarrhea and vomiting,msmarco-passage/train,ielabgroup/vec2text_gtr-base-st_corrector
369,anorexia nervosa bulimia,Causes: Afexacussion (disorder of the motor control of the feces) Causes of apra,KernelDensityGECO,1,0.001,causes of apraxia,msmarco-passage/train,ielabgroup/vec2text_gtr-base-st_corrector
369,anorexia nervosa bulimia,"when you are a child and eat a food that causes vomiting or nausea, you will often cause throw-up euphoria",KernelDensityGECO,1,0.001,what causes you to throw up bowel,msmarco-passage/train,ielabgroup/vec2text_gtr-base-st_corrector
369,anorexia nervosa bulimia,bulky disease (Bulgy disease) is a medical condition characterized by a rapid and complex problem of bodily transport. Ferdinand,KernelDensityGECO,1,0.001,bulky disease definition,msmarco-passage/train,ielabgroup/vec2text_gtr-base-st_corrector
369,anorexia nervosa bulimia,"a nutritional cause of a calorie intake of iron ore and other nutrients, it is known as a nutrient-dependent anemia",KernelDensityGECO,1,0.001,what is a nutritional cause of anemia,msmarco-passage/train,ielabgroup/vec2text_gtr-base-st_corrector
369,anorexia nervosa bulimia,Periodontal anesthetic term for anag is called periodontal uglio. Often called a uglio,KernelDensityGECO,1,0.001,what is periodontal term for anug,msmarco-passage/train,ielabgroup/vec2text_gtr-base-st_corrector
369,anorexia nervosa bulimia,"it is a disease, and there is a food poisoning (spomatoacusis) or food poisoning disorder a treatment",KernelDensityGECO,1,0.001,is food poisoning a disorder or disease,msmarco-passage/train,ielabgroup/vec2text_gtr-base-st_corrector
369,anorexia nervosa bulimia,"large intestine mass apex labial sympathy, the dog does not eat, or is not eating abdominal",KernelDensityGECO,1,0.001,abdominal mass large intestine labrador not eating,msmarco-passage/train,ielabgroup/vec2text_gtr-base-st_corrector
370,food/drug laws,the laws on the local level (         ) is known as,KernelDensityGECO,1,0.001,what are the laws on the local level known as,msmarco-passage/train,ielabgroup/vec2text_gtr-base-st_corrector
370,food/drug laws,legal laws for a salary and hour law for employees and a set of laws for pay and hour limits for employees and their employer-to-be,KernelDensityGECO,1,0.001,wage and hour laws for salary employees,msmarco-passage/train,ielabgroup/vec2text_gtr-base-st_corrector
370,food/drug laws,how to fund a change in law is: - - - - - - - - funded through public legislation,KernelDensityGECO,1,0.001,how to fund for a changed law,msmarco-passage/train,ielabgroup/vec2text_gtr-base-st_corrector
370,food/drug laws,"how to get a food licence, apply to the Brisbane Food & Beverage Authority and complete a required form approving a 30",KernelDensityGECO,1,0.001,how to get a food licence Brisbane,msmarco-passage/train,ielabgroup/vec2text_gtr-base-st_corrector
370,food/drug laws,"Doctors of law Doctors of law is a discipline of the Universitet of Washington, D.C., which is doctors of",KernelDensityGECO,1,0.001,what is doctors of laws,msmarco-passage/train,ielabgroup/vec2text_gtr-base-st_corrector
370,food/drug laws,"a number of cultural institutes such as food, food and health, and food sagas, food is not only a part of culture",KernelDensityGECO,1,0.001,is food part of culture,msmarco-passage/train,ielabgroup/vec2text_gtr-base-st_corrector
370,food/drug laws,"who enforces medical care laws, or if it is a matter of law, the Medicinal Services Commission, or the State Health Authorities",KernelDensityGECO,1,0.001,who enforces medical care laws,msmarco-passage/train,ielabgroup/vec2text_gtr-base-st_corrector
370,food/drug laws,"(age laws) governing the driving of vehicles, the driver identification laws (age laws) and the state laws (age laws) (A.D",KernelDensityGECO,1,0.001,what are the driving age laws,msmarco-passage/train,ielabgroup/vec2text_gtr-base-st_corrector
370,food/drug laws,"a schedule within the statutory and judicial limits of daily work, drug offences are defined as Schedules and Schedules",KernelDensityGECO,1,0.001,what are scheduals within drug offences- define,msmarco-passage/train,ielabgroup/vec2text_gtr-base-st_corrector
370,food/drug laws,is legal. CHEGG Legal is a legal if he or she is ill-advised by the Statistical Research,KernelDensityGECO,1,0.001,is chegg legal,msmarco-passage/train,ielabgroup/vec2text_gtr-base-st_corrector
371,health insurance holistic,Global authorization of health insurance is an international health care plan,KernelDensityGECO,1,0.001,what is global authorization for health insurance,msmarco-passage/train,ielabgroup/vec2text_gtr-base-st_corrector
371,health insurance holistic,The qualified health insurance premiums (health insurance premiums) are premiums for deductible medical expenses and insurance premiums that are billed at 0.1,KernelDensityGECO,1,0.001,what is qualified health insurance premiums,msmarco-passage/train,ielabgroup/vec2text_gtr-base-st_corrector
371,health insurance holistic,"friendly home health care (facilities and safe health care, neo-facilities and safe health care, home health care",KernelDensityGECO,1,0.001,friendly home health care,msmarco-passage/train,ielabgroup/vec2text_gtr-base-st_corrector
371,health insurance holistic,a typical home insurance cost (typically $180 for a home or other household insurance or $140 for a home or other home insurance),KernelDensityGECO,1,0.001,typical home insurance cost,msmarco-passage/train,ielabgroup/vec2text_gtr-base-st_corrector
371,health insurance holistic,health care directive (           ) is an initiative,KernelDensityGECO,1,0.001,what is health care directive,msmarco-passage/train,ielabgroup/vec2text_gtr-base-st_corrector
371,health insurance holistic,"type of health insurance, Novitas Insurance, which is a no-finance geriatric insurance, is a nex",KernelDensityGECO,1,0.001,what type of health insurance is novitas,msmarco-passage/train,ielabgroup/vec2text_gtr-base-st_corrector
371,health insurance holistic,"organization, HI-SPAN, e.g., Health Maintenance Organization, is a health and health care organization that collects and maintain",KernelDensityGECO,1,0.001,what is health maintenance organization,msmarco-passage/train,ielabgroup/vec2text_gtr-base-st_corrector
371,health insurance holistic,"health benefits of Medicare-Medicaid home health care, supplemental health benefits, and no-frills-paid health care benefits at your home",KernelDensityGECO,1,0.001,medicaid home health care benefits,msmarco-passage/train,ielabgroup/vec2text_gtr-base-st_corrector
371,health insurance holistic,"Insurance affordability programs Affordable insurance programs, formally titled 'Affordability Program', is a program of the National Health and Safety Administration",KernelDensityGECO,1,0.001,what is insurance affordability programs,msmarco-passage/train,ielabgroup/vec2text_gtr-base-st_corrector
371,health insurance holistic,if you can claim health insurance premiums for your health insurance plan (premium and deductible tax receipts) you can claim health insurance premium,KernelDensityGECO,1,0.001,can you claim health insurance premiums,msmarco-passage/train,ielabgroup/vec2text_gtr-base-st_corrector
372,Native American casino,"drDNA tests show what a Native American ancestry test shows, or what a person has a bacteriological relationship",KernelDensityGECO,1,0.001,what do native american dna tests show,msmarco-passage/train,ielabgroup/vec2text_gtr-base-st_corrector
372,Native American casino,"cultured human culture, primarily atolls,, and, Native American culture are some of the American tribe",KernelDensityGECO,1,0.001,what are some native american cultures,msmarco-passage/train,ielabgroup/vec2text_gtr-base-st_corrector
372,Native American casino,"largest Native American tribes in the United States, the American Indian-Asia-Kansas-Hayuga-Apac",KernelDensityGECO,1,0.001,largest native american tribes,msmarco-passage/train,ielabgroup/vec2text_gtr-base-st_corrector
372,Native American casino,"how much money a person who has a free room in the casino is a normal free room, he or she may have to spend",KernelDensityGECO,1,0.001,how much money does a person have to spend at the casino for a free room,msmarco-passage/train,ielabgroup/vec2text_gtr-base-st_corrector
372,Native American casino,The Casino Express (retailer & newsreader nicknamed The Express) is an acoustic roophon,KernelDensityGECO,1,0.001,what is the casino express,msmarco-passage/train,ielabgroup/vec2text_gtr-base-st_corrector
372,Native American casino,from 1889 to 1916 when aboriginal land rights – i.e. land rights for a living and a promised land for the rights,KernelDensityGECO,1,0.001,when were aboriginal land rights,msmarco-passage/train,ielabgroup/vec2text_gtr-base-st_corrector
372,Native American casino,"known as Native American progressivism, is a progressive anti-apartheid stance on issues of American citizenship and",KernelDensityGECO,1,0.001,what is native american progressivism,msmarco-passage/train,ielabgroup/vec2text_gtr-base-st_corrector
372,Native American casino,"whose school board ran a boarding school for a period of two years, Richard and Lisa Garrett, who ran Native American boarding school",KernelDensityGECO,1,0.001,who ran native american boarding school,msmarco-passage/train,ielabgroup/vec2text_gtr-base-st_corrector
372,Native American casino,", , , , , , , , who is the largest tribe of arizona (Arizona",KernelDensityGECO,1,0.001,which is the largest tribe of arizona,msmarco-passage/train,ielabgroup/vec2text_gtr-base-st_corrector
372,Native American casino,"is aliante, a station based casino. , aliante is a rented luxury hotel, the Acastle",KernelDensityGECO,1,0.001,is aliante a station casino,msmarco-passage/train,ielabgroup/vec2text_gtr-base-st_corrector
373,encryption equipment export,Enhanced Data and Reporting Enhanced Data and Reporting is a provider of survey data certification and reporting services designed to support data providers’ obtaining,KernelDensityGECO,1,0.001,what is certification and survey  provider enhanced reporting data,msmarco-passage/train,ielabgroup/vec2text_gtr-base-st_corrector
373,encryption equipment export,"synthesis of results across industries is incorporated as a synthesis of results across a range of industries – industry, administration, research, agreement",KernelDensityGECO,1,0.001,synthesis of results across industries,msmarco-passage/train,ielabgroup/vec2text_gtr-base-st_corrector
373,encryption equipment export,"(Kirchenko-Madib ekms) package, a defined set of packages for storing and installing",KernelDensityGECO,1,0.001,define ekms packages,msmarco-passage/train,ielabgroup/vec2text_gtr-base-st_corrector
373,encryption equipment export,(Protein ion pipeline)  (protein downstream processing)  (protein ion pipeline) is a process of processing,KernelDensityGECO,1,0.001,what is protein downstream processing,msmarco-passage/train,ielabgroup/vec2text_gtr-base-st_corrector
373,encryption equipment export,is accessed by a fingerprint on the drive. The DISC is encrypted but the encryption will be a simple way to detect the encryption,KernelDensityGECO,1,0.001,is the disk encrypted,msmarco-passage/train,ielabgroup/vec2text_gtr-base-st_corrector
373,encryption equipment export,"determining equipment usage, i.e. cost of usage, i.e. cost of usage, i.e. 0.01",KernelDensityGECO,1,0.001,determining cost for equipment usage,msmarco-passage/train,ielabgroup/vec2text_gtr-base-st_corrector
373,encryption equipment export,do your duty if you find a torn or illegible product with a controlled label and if the product is a,KernelDensityGECO,1,0.001,if you find a controlled product with a torn or illegible label what must you do,msmarco-passage/train,ielabgroup/vec2text_gtr-base-st_corrector
373,encryption equipment export,"the use of a user who has a 'secret' email, the use of an encrypted email is to provide security for emails and other messages",KernelDensityGECO,1,0.001,what is the use of having an encrypted email,msmarco-passage/train,ielabgroup/vec2text_gtr-base-st_corrector
373,encryption equipment export,cisco output errors are input errors (output error) that are sounded at the end of a scaldigraph,KernelDensityGECO,1,0.001,what are cisco input output errors,msmarco-passage/train,ielabgroup/vec2text_gtr-base-st_corrector
373,encryption equipment export,"who is a great product support engineer, e.g., for helping software and support professionals to deliver the best solutions, is a product",KernelDensityGECO,1,0.001,what is a great product support engineer,msmarco-passage/train,ielabgroup/vec2text_gtr-base-st_corrector
374,Nobel prize winners,"whose scientist won the Nobel Peace Prize, E. C. Neilson. During the end of the war, a British scientist, Irving Berlin",KernelDensityGECO,1,0.001,what scientist won the nobel peace prize,msmarco-passage/train,ielabgroup/vec2text_gtr-base-st_corrector
374,Nobel prize winners,"which the Oscar winner, Oscar Oscar, keeps his Oscar in a refrigerator and keeps it in his tin jar",KernelDensityGECO,1,0.001,what oscar winner keeps his oscar in the refrigerator,msmarco-passage/train,ielabgroup/vec2text_gtr-base-st_corrector
374,Nobel prize winners,"a child, Virgie Lewinston and a child, James Hamilton, who was the youngest Boston Marathon winner at the age of 12. declared",KernelDensityGECO,1,0.001,who was the youngest boston marathon winner,msmarco-passage/train,ielabgroup/vec2text_gtr-base-st_corrector
374,Nobel prize winners,"the book, ""Holes"" has won a literary award, and the book won the 2017 Rodney Schroeder Award and Janet Jones",KernelDensityGECO,1,0.001,what awards has the book holes won,msmarco-passage/train,ielabgroup/vec2text_gtr-base-st_corrector
374,Nobel prize winners,NBA players win,KernelDensityGECO,1,0.001,nba wins all time players,msmarco-passage/train,ielabgroup/vec2text_gtr-base-st_corrector
374,Nobel prize winners,a syringe and a neopoque. Nobel invented a neopoque,KernelDensityGECO,1,0.001,what did a nobel invent,msmarco-passage/train,ielabgroup/vec2text_gtr-base-st_corrector
374,Nobel prize winners,"whose player, a player with a .286 batting record, has the World Series wins, and , have won the World",KernelDensityGECO,1,0.001,what player has the world series wins,msmarco-passage/train,ielabgroup/vec2text_gtr-base-st_corrector
374,Nobel prize winners,"the toughest trophy to win in a sports game, and those who are able to win a tough series of trophies will always win",KernelDensityGECO,1,0.001,the toughest trophy to win in sports,msmarco-passage/train,ielabgroup/vec2text_gtr-base-st_corrector
374,Nobel prize winners,who was the first African American to win a gold medal and a U.S. Olympic gold medal at a United States women's event,KernelDensityGECO,1,0.001,who was the first african american to win a gold medal,msmarco-passage/train,ielabgroup/vec2text_gtr-base-st_corrector
374,Nobel prize winners,a sympathy on the stage Patti Smith sang at a nobel prize avenger because she was promoting Nobel Peace,KernelDensityGECO,1,0.001,why did patti smith sing at nobel peace prize,msmarco-passage/train,ielabgroup/vec2text_gtr-base-st_corrector
375,hydrogen energy,Thermal hydrolysis Process Thermal hydrolysis is a process of thyroxene chalcogenide filtration and a kinetic energy,KernelDensityGECO,1,0.001,what is thermal hydrolysis process thp,msmarco-passage/train,ielabgroup/vec2text_gtr-base-st_corrector
375,hydrogen energy,is matter energy  is energy  (i.e. a matter can be a matter,KernelDensityGECO,1,0.001,is matter energy,msmarco-passage/train,ielabgroup/vec2text_gtr-base-st_corrector
375,hydrogen energy,the first step in the preparation of the 'instruction of power'. The steps are involved in the production of hydroelectric power and hydroelectric,KernelDensityGECO,1,0.001,what steps are involved in the production of hydroelectric power,msmarco-passage/train,ielabgroup/vec2text_gtr-base-st_corrector
375,hydrogen energy,is cellulose a source of energy (as is cellulose-cellulose cellulose cellulose cellulose fibers) considered an energy consuming protein,KernelDensityGECO,1,0.001,is cellulose considered a energy source,msmarco-passage/train,ielabgroup/vec2text_gtr-base-st_corrector
375,hydrogen energy,"because of the fact that it is not as well-used as gasoline, hydrogen is not widely used as a fuel and is hardly used in fuel",KernelDensityGECO,1,0.001,why is hydrogen not widely used as a fuel,msmarco-passage/train,ielabgroup/vec2text_gtr-base-st_corrector
375,hydrogen energy,"by heating and converting stored energy – the sun is transformed, whereas the solar energy is transformed by a small amount of energy from solar energy",KernelDensityGECO,1,0.001,how is solar energy transformed,msmarco-passage/train,ielabgroup/vec2text_gtr-base-st_corrector
375,hydrogen energy,in a state of inertia. Irregular inertia can create energy and it can also create kinetic,KernelDensityGECO,1,0.001,can inertia create energy,msmarco-passage/train,ielabgroup/vec2text_gtr-base-st_corrector
375,hydrogen energy,"based on gamma-rich spiracies and energy, the color green has the most energy. This can also affect the visual energy",KernelDensityGECO,1,0.001,what color has the most energy,msmarco-passage/train,ielabgroup/vec2text_gtr-base-st_corrector
375,hydrogen energy,"a chemical property of atoms, helium ions, and hydrogen. This property is one of the fundamental properties of chemo.",KernelDensityGECO,1,0.001,which is a chemical property of hydrogen?,msmarco-passage/train,ielabgroup/vec2text_gtr-base-st_corrector
375,hydrogen energy,", energy is a",KernelDensityGECO,1,0.001,is energy a property of matter,msmarco-passage/train,ielabgroup/vec2text_gtr-base-st_corrector
376,World Court,"a group of pharaohs and a group of scientists, who makes international laws, international law was passed by the United Nations",KernelDensityGECO,1,0.001,who makes international laws,msmarco-passage/train,ielabgroup/vec2text_gtr-base-st_corrector
376,World Court,"(the basis for the law of the world, based on the United Nations and the United Arab Emirates), international law is the basis for cler",KernelDensityGECO,1,0.001,what is the basis for international law,msmarco-passage/train,ielabgroup/vec2text_gtr-base-st_corrector
376,World Court,"which courts handle divorce cases, Georgia courts handle first- and second-judge cases, or “Marriage and Family Liability” in the Oak",KernelDensityGECO,1,0.001,what courts handle divorce cases in ga,msmarco-passage/train,ielabgroup/vec2text_gtr-base-st_corrector
376,World Court,"(central court), “Manslaughter,” handles manslaughter, and the “Journey for the Performing Arts”",KernelDensityGECO,1,0.001,which court handles manslaughter,msmarco-passage/train,ielabgroup/vec2text_gtr-base-st_corrector
376,World Court,name of the sphere at Epcot. The sphere is eclairet and the name is epsephant sphere,KernelDensityGECO,1,0.001,what is the sphere name at epcot,msmarco-passage/train,ielabgroup/vec2text_gtr-base-st_corrector
376,World Court,""" means real time court reporter, real time information reporter",KernelDensityGECO,1,0.001,what means real time court reporter,msmarco-passage/train,ielabgroup/vec2text_gtr-base-st_corrector
376,World Court,"number of dr. wcs. whose initials are in the name, UWC, received the invitation to the University of Chicago",KernelDensityGECO,1,0.001,what college has the initials uwc,msmarco-passage/train,ielabgroup/vec2text_gtr-base-st_corrector
376,World Court,"is a motions court, a brief . . . . . . . . The court of Appeals",KernelDensityGECO,1,0.001,court is a motion a brief,msmarco-passage/train,ielabgroup/vec2text_gtr-base-st_corrector
376,World Court,Union courts is a system of courts of a,KernelDensityGECO,1,0.001,what is union courts a,msmarco-passage/train,ielabgroup/vec2text_gtr-base-st_corrector
376,World Court,(corrective justice) is the judicial review of the right of justice,KernelDensityGECO,1,0.001,what is corrective justice,msmarco-passage/train,ielabgroup/vec2text_gtr-base-st_corrector
377,cigar smoking,"smoked by the Indians, which is still smoked by the Indians, is a traditional item of weed, axadus",KernelDensityGECO,1,0.001,what is smoked by the indians,msmarco-passage/train,ielabgroup/vec2text_gtr-base-st_corrector
377,cigar smoking,"210 °C, the temperature of barbecue chicken (branco smoker or ribal smoker) or barbecue chicken (tubular smoker) is",KernelDensityGECO,1,0.001,what smoker temperature for barbecue chicken,msmarco-passage/train,ielabgroup/vec2text_gtr-base-st_corrector
377,cigar smoking,"Causes of risks includes risks of causing disease, such as abrasions or a risk of causing cancer, and risks of liver",KernelDensityGECO,1,0.001,causes of risks,msmarco-passage/train,ielabgroup/vec2text_gtr-base-st_corrector
377,cigar smoking,"types of hydrocarbons in the smoking of tobacco products, containing a number of types of ethylcarbons",KernelDensityGECO,1,0.001,types of hydrocarbons in tobacco,msmarco-passage/train,ielabgroup/vec2text_gtr-base-st_corrector
377,cigar smoking,"the United Kingdom (IUPAC) definition of tobacco cultivation, a plethora of tobacco plants and tobacco e.g., is",KernelDensityGECO,1,0.001,tobacco cultivation definition,msmarco-passage/train,ielabgroup/vec2text_gtr-base-st_corrector
377,cigar smoking,at 90 °F (170 °C) or 170 °F (190) pork should be smoked to,KernelDensityGECO,1,0.001,what temperature should pork be smoked to,msmarco-passage/train,ielabgroup/vec2text_gtr-base-st_corrector
377,cigar smoking,at 90 °F (160 °C) Chicken should be smoked in a warm setting or smoked at 115 °F (,KernelDensityGECO,1,0.001,what temperature should chicken be smoked,msmarco-passage/train,ielabgroup/vec2text_gtr-base-st_corrector
377,cigar smoking,meaning of tobacco is a chateau (smoking chateau or smoking-liquor) term which is sometimes referred to as,KernelDensityGECO,1,0.001,what is tobacco term chateau mean,msmarco-passage/train,ielabgroup/vec2text_gtr-base-st_corrector
377,cigar smoking,is elfin flin (flusher elbi) flin smoke and does a lot smoke,KernelDensityGECO,1,0.001,does elin fflur smoke,msmarco-passage/train,ielabgroup/vec2text_gtr-base-st_corrector
377,cigar smoking,"you can use a smoker to muffle your lungs and deliver a change in your health, a smoker can also be used for",KernelDensityGECO,1,0.001,what can you use a smoker for,msmarco-passage/train,ielabgroup/vec2text_gtr-base-st_corrector
378,euro opposition,"a blood-clot-diabetic adrenease antagonist, Warfarin, is an antagonist that occurs",KernelDensityGECO,1,0.001,what is a warfarin antagonist,msmarco-passage/train,ielabgroup/vec2text_gtr-base-st_corrector
378,euro opposition,"the Euro notes (i.e., the ones with a valid card, the ones with valid certificates, Euro 1, Euro 2, and Euro 6)",KernelDensityGECO,1,0.001,what euro notes are valid,msmarco-passage/train,ielabgroup/vec2text_gtr-base-st_corrector
378,euro opposition,"piast slovensk st scilian defense (the Italian Defence, or scilian",KernelDensityGECO,1,0.001,sicilian defence,msmarco-passage/train,ielabgroup/vec2text_gtr-base-st_corrector
378,euro opposition,"who is the commander U.S. naval forces of the U.S. fleet, U.S. sailor , . Europe",KernelDensityGECO,1,0.001,"who is the commander, u.s. naval forces europe",msmarco-passage/train,ielabgroup/vec2text_gtr-base-st_corrector
378,euro opposition,UNESCO http://www.unsco.france http://www.unsco.france regs,KernelDensityGECO,1,0.001,unesco sites france,msmarco-passage/train,ielabgroup/vec2text_gtr-base-st_corrector
378,euro opposition,"we get back from the EU, we only get about 125 eu. However, this amount is only based on mis-savers",KernelDensityGECO,1,0.001,how much do we get back from eu,msmarco-passage/train,ielabgroup/vec2text_gtr-base-st_corrector
378,euro opposition,"lines of latitude and longitude between west and southwestern Europe, the lines of latitude are",KernelDensityGECO,1,0.001,lines of latitude west europe,msmarco-passage/train,ielabgroup/vec2text_gtr-base-st_corrector
378,euro opposition,"Resistance oppone REsistance oppone (, , , , ) is the inverse process",KernelDensityGECO,1,0.001,define recourse opposite,msmarco-passage/train,ielabgroup/vec2text_gtr-base-st_corrector
378,euro opposition,"defining anti-establishment, a Latin American term for establishment, 'Anti- establishment' is a form of a rejection",KernelDensityGECO,1,0.001,definition of anti establishment,msmarco-passage/train,ielabgroup/vec2text_gtr-base-st_corrector
378,euro opposition,"the color of gasoline pumps in Europe is a bright green or a yellow or pink, and in the rest of Europe the corresponding rubber is",KernelDensityGECO,1,0.001,what color is gasoline pumps in europe,msmarco-passage/train,ielabgroup/vec2text_gtr-base-st_corrector
379,mainstreaming,. Motling is an automotive,KernelDensityGECO,1,0.001,what is mottling?,msmarco-passage/train,ielabgroup/vec2text_gtr-base-st_corrector
379,mainstreaming,(cohering) is a process of substance,KernelDensityGECO,1,0.001,what is cohering,msmarco-passage/train,ielabgroup/vec2text_gtr-base-st_corrector
379,mainstreaming,oscillating,KernelDensityGECO,1,0.001,define oscillating,msmarco-passage/train,ielabgroup/vec2text_gtr-base-st_corrector
379,mainstreaming,"(another word for what one is doing, a second word for what one is doing, is 'doing', 'working",KernelDensityGECO,1,0.001,what is another word for doing,msmarco-passage/train,ielabgroup/vec2text_gtr-base-st_corrector
379,mainstreaming,ostentation synonym,KernelDensityGECO,1,0.001,ostentation synonyms,msmarco-passage/train,ielabgroup/vec2text_gtr-base-st_corrector
379,mainstreaming,(F.A.R.F. & Freddie & Sons) Furthering () is a definition of advancing or,KernelDensityGECO,1,0.001,furthering definition,msmarco-passage/train,ielabgroup/vec2text_gtr-base-st_corrector
379,mainstreaming,What is composting (composting) is a process of soaking water in a plant and it is known as a compens,KernelDensityGECO,1,0.001,what is composting,msmarco-passage/train,ielabgroup/vec2text_gtr-base-st_corrector
379,mainstreaming,"is known for the ""Pete and the Wild West"" and the ""Hart River"". Maine is most known for the mainee state",KernelDensityGECO,1,0.001,what is maine mostly known for,msmarco-passage/train,ielabgroup/vec2text_gtr-base-st_corrector
379,mainstreaming,intellectual horizons is a horizon of intellectual experience and knowledge of its oceans and other cultures. It is now known as CITIZES,KernelDensityGECO,1,0.001,what is intellectual horizons,msmarco-passage/train,ielabgroup/vec2text_gtr-base-st_corrector
379,mainstreaming,"defined as music that is deemed popular (Aliyahu, Bill Coburn, Urena Sinclair, Bill Clinton) or popular music",KernelDensityGECO,1,0.001,what is defined as popular music,msmarco-passage/train,ielabgroup/vec2text_gtr-base-st_corrector
380,obesity medical treatment,"OBesse has is a wofect effect. This affects healthcare in the world and in some countries around the world. Often, hospitals will",KernelDensityGECO,1,0.001,what wfect does obesse have in the healthcare world,msmarco-passage/train,ielabgroup/vec2text_gtr-base-st_corrector
380,obesity medical treatment,is a doctor who will perform ball ball tests on a person with BMI to help with weight loss if they are 27 or more from ball,KernelDensityGECO,1,0.001,will doctors do the ballon thing for weight loss for a person with a BMI of 26,msmarco-passage/train,ielabgroup/vec2text_gtr-base-st_corrector
380,obesity medical treatment,ect treatment Electronuclear ect treatment (ECT treatment) is a treatment of ect,KernelDensityGECO,1,0.001,what is ect treatment,msmarco-passage/train,ielabgroup/vec2text_gtr-base-st_corrector
380,obesity medical treatment,"bullions treatment (e.g., bulions, nidal ions, buckmints, etc.) treatment",KernelDensityGECO,1,0.001,bullions treatment,msmarco-passage/train,ielabgroup/vec2text_gtr-base-st_corrector
380,obesity medical treatment,"treatment plan a waste of time basis and a waste of time effort.. According to LifeSeen.com, treatment plan is wasted time",KernelDensityGECO,1,0.001,treatment plan waste of time,msmarco-passage/train,ielabgroup/vec2text_gtr-base-st_corrector
380,obesity medical treatment,"of body fat distribution, central obesity is associated with a fatty apportionment. Obesity is often found in areas of",KernelDensityGECO,1,0.001,"in body fat distribution, central obesity is associated with",msmarco-passage/train,ielabgroup/vec2text_gtr-base-st_corrector
380,obesity medical treatment,treatment approaches for the treatment of OCD - a prioritized treatment approach for ob-sugar-colic-cerebra,KernelDensityGECO,1,0.001,treatment approaches for ocd,msmarco-passage/train,ielabgroup/vec2text_gtr-base-st_corrector
380,obesity medical treatment,"a range of medications, such as a galladrene amino acid (NAC) , gallstones are a treatment",KernelDensityGECO,1,0.001,what is a treatment of gallstones,msmarco-passage/train,ielabgroup/vec2text_gtr-base-st_corrector
380,obesity medical treatment,"morbid obesity symptoms are a symptom that appears intermittently throughout the body, accompanied by symptoms such as heartbreak, bile m",KernelDensityGECO,1,0.001,morbid obesity symptoms,msmarco-passage/train,ielabgroup/vec2text_gtr-base-st_corrector
380,obesity medical treatment,"– is a treatable disease and is not always stable, but it can be treated with other therapies, e.g. schizophrenia is treated",KernelDensityGECO,1,0.001,is schizophrenia treatable,msmarco-passage/train,ielabgroup/vec2text_gtr-base-st_corrector
381,alternative medicine,"Common Medicines, including a pharmacognosis and a reliquary, are medicines that come from plants to treat human infections",KernelDensityGECO,1,0.001,what common medicines come from plants,msmarco-passage/train,ielabgroup/vec2text_gtr-base-st_corrector
381,alternative medicine,"in the adversity of adolescence, Spiritual alchemy is a form of spiritual respiracy and",KernelDensityGECO,1,0.001,what is spiritual alchemy,msmarco-passage/train,ielabgroup/vec2text_gtr-base-st_corrector
381,alternative medicine,(paregoric) medication is a nasopharyngeal medication and a gliololol therapy,KernelDensityGECO,1,0.001,what is paregoric medication,msmarco-passage/train,ielabgroup/vec2text_gtr-base-st_corrector
381,alternative medicine,"naloxapine anti-pain medication, narcan pain relief medication, or narcan opioid pain NSA products",KernelDensityGECO,1,0.001,narcan pain medication,msmarco-passage/train,ielabgroup/vec2text_gtr-base-st_corrector
381,alternative medicine,"low in blood sugar, eat a folic acid, a fecal sugar, and a ginger, herbal remedies",KernelDensityGECO,1,0.001,how to lower blood sugar herbal remedies,msmarco-passage/train,ielabgroup/vec2text_gtr-base-st_corrector
381,alternative medicine,"is pineapple a natural antibiotic, or if it is a bacterial antibiotic, or if it is a natural antibiotic after antibiotic treatment.",KernelDensityGECO,1,0.001,is pineapple a natural antibiotic?,msmarco-passage/train,ielabgroup/vec2text_gtr-base-st_corrector
381,alternative medicine,medicine for the choroid neophyte neophyte - the branch of medicine for thyroid is currently available,KernelDensityGECO,1,0.001,what is the branch of medicine for thyroid,msmarco-passage/train,ielabgroup/vec2text_gtr-base-st_corrector
381,alternative medicine,"a.k.a. ala medical term. Medical terms for a medical condition, a b.a. lipid biograph",KernelDensityGECO,1,0.001,ala medical term,msmarco-passage/train,ielabgroup/vec2text_gtr-base-st_corrector
381,alternative medicine,", remedies renew",KernelDensityGECO,1,0.001,what is remedies renew?,msmarco-passage/train,ielabgroup/vec2text_gtr-base-st_corrector
381,alternative medicine,ALEC ALEC is a high-potency anti-doping glucosamine and a recently acquired medical breakthrough.,KernelDensityGECO,1,0.001,what is altec?,msmarco-passage/train,ielabgroup/vec2text_gtr-base-st_corrector
382,hydrogen fuel automobiles,"which fueling practice is safe, e.g. the International Gasoline Administration (IBH) is a safe practice for achieving safe",KernelDensityGECO,1,0.001,which fueling practice is safe,msmarco-passage/train,ielabgroup/vec2text_gtr-base-st_corrector
382,hydrogen fuel automobiles,"which class of organic compound is one of the six most commonly used compounds in fuels (e.g., gyne, propane).",KernelDensityGECO,1,0.001,which class of organic compound is commonly used in fuels?,msmarco-passage/train,ielabgroup/vec2text_gtr-base-st_corrector
382,hydrogen fuel automobiles,"(known as ), the different car manufacturers are: BMW, Ford, Aston Martin, Caterpillar, Intercontinental Auto Club, Mercedes",KernelDensityGECO,1,0.001,what are the different car manufacturers,msmarco-passage/train,ielabgroup/vec2text_gtr-base-st_corrector
382,hydrogen fuel automobiles,"by auto re-assays, or by removing their contents from their tires, automobiles can be recycled in a manner adapted",KernelDensityGECO,1,0.001,how can automobiles be recycled,msmarco-passage/train,ielabgroup/vec2text_gtr-base-st_corrector
382,hydrogen fuel automobiles,"Vehicle horse (horse-trail-car) A vehicle horse ( , formerly , , ) is an excellent hydraulic",KernelDensityGECO,1,0.001,what is a vehicle horse,msmarco-passage/train,ielabgroup/vec2text_gtr-base-st_corrector
382,hydrogen fuel automobiles,in the U.S. between 800 and 900 people are killed a day in the U.S. by automobiles of the corresponding driver,KernelDensityGECO,1,0.001,how many people are killed in the us a day in automobile,msmarco-passage/train,ielabgroup/vec2text_gtr-base-st_corrector
382,hydrogen fuel automobiles,"car whether you prefer Hyundai or i-Hyundai, which is better than honda sundai or honda s",KernelDensityGECO,1,0.001,what car is better honda or hyundai,msmarco-passage/train,ielabgroup/vec2text_gtr-base-st_corrector
382,hydrogen fuel automobiles,"products are the result of burning hydrocarbon fuels: fuels, oil, abrasives, cyclones and fuel-burning",KernelDensityGECO,1,0.001,what are the products of burning hydrocarbon fuels,msmarco-passage/train,ielabgroup/vec2text_gtr-base-st_corrector
382,hydrogen fuel automobiles,"of luxury cars that Hertz has, they have a luxury car type, a newer Mercedes-Benz STA and a Dodge Fu",KernelDensityGECO,1,0.001,what type of luxury cars does hertz have,msmarco-passage/train,ielabgroup/vec2text_gtr-base-st_corrector
382,hydrogen fuel automobiles,"which note is a car horn (C9-C14-D) or a horn, the horn is a horn",KernelDensityGECO,1,0.001,what note is a car horn,msmarco-passage/train,ielabgroup/vec2text_gtr-base-st_corrector
383,mental illness drugs,medication for obsessive-compulsive obligation and a focus on obsessive-compuls,KernelDensityGECO,1,0.001,medication for obsessive compulsive,msmarco-passage/train,ielabgroup/vec2text_gtr-base-st_corrector
383,mental illness drugs,"by using a dose of pseudo-acquired, prazosin is used in mental health and as therapy",KernelDensityGECO,1,0.001,how is prazosin used for mental health,msmarco-passage/train,ielabgroup/vec2text_gtr-base-st_corrector
383,mental illness drugs,medication symptom – sedative medications – adreneasing symptoms – symptom onset anxiety Symptoms,KernelDensityGECO,1,0.001,depression symptoms medication,msmarco-passage/train,ielabgroup/vec2text_gtr-base-st_corrector
383,mental illness drugs,a sedative drug (pseudotamine) antipsychotic medication is defined as medication for dementia and loss of sensitivity,KernelDensityGECO,1,0.001,antipsychotic medication for dementia definition,msmarco-passage/train,ielabgroup/vec2text_gtr-base-st_corrector
383,mental illness drugs,why mental health is important and treatment (treatment and adversity) and (treatment) are important for preventing a loss of life,KernelDensityGECO,1,0.001,why mental health is important and treatments,msmarco-passage/train,ielabgroup/vec2text_gtr-base-st_corrector
383,mental illness drugs,"X-adrene, liprofen, and a bipolar drug, bipolar medications are bipolar medications containing",KernelDensityGECO,1,0.001,what are bipolar medications,msmarco-passage/train,ielabgroup/vec2text_gtr-base-st_corrector
383,mental illness drugs,"medical causes of mental illness (e.g., a joggsonian or a) cause psychos",KernelDensityGECO,1,0.001,medical causes of psychosis,msmarco-passage/train,ielabgroup/vec2text_gtr-base-st_corrector
383,mental illness drugs,"definitions and examples of mental illness (mental disorders, adversity, apnea, and a child suffering)",KernelDensityGECO,1,0.001,mental illness definitions and examples,msmarco-passage/train,ielabgroup/vec2text_gtr-base-st_corrector
383,mental illness drugs,"medications for appetite, e.g. thiazidime, acyclopentazidime, acyclopent",KernelDensityGECO,1,0.001,medications for appetite,msmarco-passage/train,ielabgroup/vec2text_gtr-base-st_corrector
383,mental illness drugs,"medications for the treatment of alcoholism and a diagnosis and treatment of alcoholic ailment, a follow-on therapy and biotherapy",KernelDensityGECO,1,0.001,medication and treatments for alcoholism,msmarco-passage/train,ielabgroup/vec2text_gtr-base-st_corrector
384,space station moon,"which we are currently living through, the Moon cycle is on, and we are currently on a 850-moon cycle due to the cycle",KernelDensityGECO,1,0.001,what moon cycle are we currently on,msmarco-passage/train,ielabgroup/vec2text_gtr-base-st_corrector
384,space station moon,"who was the teacher she rode in a spaceship that he sat in, and who went to the moon. Details on the school",KernelDensityGECO,1,0.001,who is teacher to go to the moon and what was the spaceship she rode in?,msmarco-passage/train,ielabgroup/vec2text_gtr-base-st_corrector
384,space station moon,"station pregnancy (definition) Station pregnancy is the ad hoc definition of a pregnancy during gestation, a birth or ear",KernelDensityGECO,1,0.001,station pregnancy definition,msmarco-passage/train,ielabgroup/vec2text_gtr-base-st_corrector
384,space station moon,"when the moon is a planet, it takes 40.4 to 480 hours to revolve around the Earth as it relates to the Earth's orbit",KernelDensityGECO,1,0.001,how long does it take the moon to revolve around earth,msmarco-passage/train,ielabgroup/vec2text_gtr-base-st_corrector
384,space station moon,"who videotaped the moon landing, accompanied by a recording of the ensuing footage, Donald Musselman, Jr., astronaut",KernelDensityGECO,1,0.001,who videoed the moon landing,msmarco-passage/train,ielabgroup/vec2text_gtr-base-st_corrector
384,space station moon,"the phase of the moon on oct. 30, 2004 on the night of the octave of the",KernelDensityGECO,1,0.001,"the phase of the moon on october 30, 2004",msmarco-passage/train,ielabgroup/vec2text_gtr-base-st_corrector
384,space station moon,"who walked on the moon, a man named Yitzhak Zedd and a descendant of the Moon, who walked on",KernelDensityGECO,1,0.001,who walked on the moon,msmarco-passage/train,ielabgroup/vec2text_gtr-base-st_corrector
384,space station moon,"number of moons that orbit the Sun and the Moon as they encircle Earth, 1 or 2, e.g., 338 orbit",KernelDensityGECO,1,0.001,number of moons that orbit earth,msmarco-passage/train,ielabgroup/vec2text_gtr-base-st_corrector
384,space station moon,"in space, the spaceship , a spaceship , , or , , is the first ship to travel into space and sail",KernelDensityGECO,1,0.001,what is the first spaceship to travel into space,msmarco-passage/train,ielabgroup/vec2text_gtr-base-st_corrector
384,space station moon,for the moon shell and a classification for the colorful moon shell is the kingdom of the Mushtramii aracea. The India,KernelDensityGECO,1,0.001,what the kingdom for the colorful moon shell,msmarco-passage/train,ielabgroup/vec2text_gtr-base-st_corrector
385,hybrid fuel cars,"if your car is running, leaving your car running and your engine left affixed to the fuel filter is bad to keep it open for",KernelDensityGECO,1,0.001,is it bad to leave your car running,msmarco-passage/train,ielabgroup/vec2text_gtr-base-st_corrector
385,hybrid fuel cars,"the type of fuel for the GM PACIC CRIFMER, a mixture of saline fuel and a variety of fuel",KernelDensityGECO,1,0.001,chrysler pacifica what kind of fuel,msmarco-passage/train,ielabgroup/vec2text_gtr-base-st_corrector
385,hybrid fuel cars,"a cell. Fuels, such as glucose and a mixture of AMP and NM and phosphorus, fuels the cell",KernelDensityGECO,1,0.001,what fuels a cell,msmarco-passage/train,ielabgroup/vec2text_gtr-base-st_corrector
385,hybrid fuel cars,when a car emissions expires (COTISE EXCUTATION) or expires after 12 months (when a car exhaust,KernelDensityGECO,1,0.001,when does car emissions expire,msmarco-passage/train,ielabgroup/vec2text_gtr-base-st_corrector
385,hybrid fuel cars,"the most fuel efficient Patriot jeep, with fuel efficiency ranging from 0 st to 2.4 st and 2.4 s",KernelDensityGECO,1,0.001,most fuel efficient jeep patriot,msmarco-passage/train,ielabgroup/vec2text_gtr-base-st_corrector
385,hybrid fuel cars,the eco button on the Hyundai Hyundai e-button works to slow down a condition and then a green light,KernelDensityGECO,1,0.001,what does the eco button on hyundai do,msmarco-passage/train,ielabgroup/vec2text_gtr-base-st_corrector
385,hybrid fuel cars,"the type of combustion fuels that produces greenhouse gas emissions, combustible fuels or combustible fuels use carbon dioxide",KernelDensityGECO,1,0.001,what type of combustion fuels produces the greenhouse gas carbon dioxide,msmarco-passage/train,ielabgroup/vec2text_gtr-base-st_corrector
385,hybrid fuel cars,Gearbox petrol Gearbox petrol (Galactica petrol) is a gearshift gas lubricant on the wheels of a petrol engine,KernelDensityGECO,1,0.001,what is gearbox petrol,msmarco-passage/train,ielabgroup/vec2text_gtr-base-st_corrector
385,hybrid fuel cars,is there an AWD (advc) car that is able to ww as an electric car in adol,KernelDensityGECO,1,0.001,is there an electric car that is awd,msmarco-passage/train,ielabgroup/vec2text_gtr-base-st_corrector
385,hybrid fuel cars,"i.e., gasoline is the original source of energy for gasoline. Source of this source is unknown, but based on the 1600 conversion.",KernelDensityGECO,1,0.001,what is the original source of energy for gasoline?,msmarco-passage/train,ielabgroup/vec2text_gtr-base-st_corrector
386,teaching disabled children,Teacher administrative code,KernelDensityGECO,1,0.001,what is teacher administrative code,msmarco-passage/train,ielabgroup/vec2text_gtr-base-st_corrector
386,teaching disabled children,qualifications you need to teach adult English are e.g. a degree in English or a philology or an education in lexicology,KernelDensityGECO,1,0.001,what qualifications do i need to teach adults english,msmarco-passage/train,ielabgroup/vec2text_gtr-base-st_corrector
386,teaching disabled children,a teacher assistance is a statewide aide for children who are enrolled in childcare and the ability to help with the kindergart,KernelDensityGECO,1,0.001,what is a teacher assistance for childcare,msmarco-passage/train,ielabgroup/vec2text_gtr-base-st_corrector
386,teaching disabled children,Income Protection Fund (IRA) for a child RA (Rota rationing & thouaar) for child education,KernelDensityGECO,1,0.001,roth ira for child education,msmarco-passage/train,ielabgroup/vec2text_gtr-base-st_corrector
386,teaching disabled children,"sensitize disability SENsitize disability ( , , , , , , ) is the definition of an emotional",KernelDensityGECO,1,0.001,sensitize disability define,msmarco-passage/train,ielabgroup/vec2text_gtr-base-st_corrector
386,teaching disabled children,"(P.A., Issabeth, Irina, and Michael) who are exceptional children are children who are well",KernelDensityGECO,1,0.001,who are exceptional children,msmarco-passage/train,ielabgroup/vec2text_gtr-base-st_corrector
386,teaching disabled children,"the average pay of a teacher or a teacher's time to teach (Exceeding $1,030 to $3,830",KernelDensityGECO,1,0.001,what is the average pay of a time to teach teacher,msmarco-passage/train,ielabgroup/vec2text_gtr-base-st_corrector
386,teaching disabled children,(PDF) wikipedia Teaching is a largely non-descript e-learning format for the education of students and is a primary,KernelDensityGECO,1,0.001,what is teaching pdf wikipedia,msmarco-passage/train,ielabgroup/vec2text_gtr-base-st_corrector
386,teaching disabled children,skills. Elementary-school students are required to work with students as they are a good teacher and to use their empathetic attitude to bring them,KernelDensityGECO,1,0.001,what skills are needed to work with elementary school students,msmarco-passage/train,ielabgroup/vec2text_gtr-base-st_corrector
386,teaching disabled children,who are the therapist children need to help them recover from injuries that are a major that they are a student of. This is the specialized,KernelDensityGECO,1,0.001,what are the therapist that help children recover from injuries what major do u need?,msmarco-passage/train,ielabgroup/vec2text_gtr-base-st_corrector
387,radioactive waste,"which is the structure of a selective barrier, allowing a bacterial cell to enter and leave the cell and provide the nutrients and waste.",KernelDensityGECO,1,0.001,"which is the bacterial structure that acts as a selective barrier, allowing nutrients to enter the cell and wastes to leave the cell?",msmarco-passage/train,ielabgroup/vec2text_gtr-base-st_corrector
387,radioactive waste,"(often referred to as waste) means to use and create energy that is not used to make it into a living object, meaning '",KernelDensityGECO,1,0.001,what does waste mean,msmarco-passage/train,ielabgroup/vec2text_gtr-base-st_corrector
387,radioactive waste,"a small amount of San Diegan garbage go to the city of San Diego. Trash is reflected in the ""Hill Poos",KernelDensityGECO,1,0.001,where does san diego trash go,msmarco-passage/train,ielabgroup/vec2text_gtr-base-st_corrector
387,radioactive waste,"People make their waste by putting waste into a bin of rubbish and toxins and by forming and processing waste and pollution, and in some cases",KernelDensityGECO,1,0.001,how do people make waste and pollution,msmarco-passage/train,ielabgroup/vec2text_gtr-base-st_corrector
387,radioactive waste,"in the country, a total size of exportation waste sales industry in Nigeria is estimated at 13,000 nm excluding gerry",KernelDensityGECO,1,0.001,total industry size of waste exportation sales in nigeria,msmarco-passage/train,ielabgroup/vec2text_gtr-base-st_corrector
387,radioactive waste,"on the day of Friday (April 29) based on a study of three tons of nuclear atoms, radioactivity was discovered in what became",KernelDensityGECO,1,0.001,what day was radioactivity discovered,msmarco-passage/train,ielabgroup/vec2text_gtr-base-st_corrector
387,radioactive waste,"who is a hazardous waste, a waste product, a pollutant, etc., a question-and-answer definition",KernelDensityGECO,1,0.001,what is the definition of a hazardous waste? quizlet,msmarco-passage/train,ielabgroup/vec2text_gtr-base-st_corrector
387,radioactive waste,synonym 'to waste time' 'to exhaust time' 'do to 'do to 'do,KernelDensityGECO,1,0.001,waste time synonym,msmarco-passage/train,ielabgroup/vec2text_gtr-base-st_corrector
387,radioactive waste,is radioactive dye used for cat scans (femsats) – radioactive dye is used in a laser dil,KernelDensityGECO,1,0.001,is radioactive dye used in cat scans,msmarco-passage/train,ielabgroup/vec2text_gtr-base-st_corrector
387,radioactive waste,is Xenon gas             radio,KernelDensityGECO,1,0.001,is xenon gas radioactive,msmarco-passage/train,ielabgroup/vec2text_gtr-base-st_corrector
388,organic soil enhancement,supplement that enhances cognitive function and may improve cognitive function as a result of a small dose of steroid luciferin (mono,KernelDensityGECO,1,0.001,supplement that enhances cognitive function,msmarco-passage/train,ielabgroup/vec2text_gtr-base-st_corrector
388,organic soil enhancement,"following a methanol-coated lead-acid crop, a soil should be used for corn crop and the type of soil to use",KernelDensityGECO,1,0.001,what kind of soil should be used for a corn crop,msmarco-passage/train,ielabgroup/vec2text_gtr-base-st_corrector
388,organic soil enhancement,How to test soil: www.bobvila.com or www.bobvila.com and a new way to test levels of soil,KernelDensityGECO,1,0.001,site:bobvila.com how to test soil,msmarco-passage/train,ielabgroup/vec2text_gtr-base-st_corrector
388,organic soil enhancement,"is the brand of organic insecticide, i.e., i.e., the product is organic. Eight Brand is organic insecticide",KernelDensityGECO,1,0.001,is eight brand insecticide organic,msmarco-passage/train,ielabgroup/vec2text_gtr-base-st_corrector
388,organic soil enhancement,a test of 0.5 pH and set a low enough pH to lower soil pH. Do this by removing dissolved water,KernelDensityGECO,1,0.001,how do you lower ph in soil,msmarco-passage/train,ielabgroup/vec2text_gtr-base-st_corrector
388,organic soil enhancement,definition soil characterization (sodger characterization) is a habitual formation of a soil with a soft sugar and a sugar,KernelDensityGECO,1,0.001,soil characterization definition,msmarco-passage/train,ielabgroup/vec2text_gtr-base-st_corrector
388,organic soil enhancement,"after a number of failures and a reduction in pore size and soil process cost, Soil Engineer Co. is the $179.95",KernelDensityGECO,1,0.001,soil engineer cost,msmarco-passage/train,ielabgroup/vec2text_gtr-base-st_corrector
388,organic soil enhancement,"oblique sclerosis (OSMA) and joint re-growth, it is recommended that osteoarthritis may improve if they",KernelDensityGECO,1,0.001,does osteoarthritis improve,msmarco-passage/train,ielabgroup/vec2text_gtr-base-st_corrector
388,organic soil enhancement,How to test soil: www.bobvila.com or www.bobvila.com and a new way to test levels of soil,KernelDensityGECO,1,0.001,site:bobvila.com how to test soil,msmarco-passage/train,ielabgroup/vec2text_gtr-base-st_corrector
388,organic soil enhancement,"where fertile soil (soil containing fertile soil) is commonly found (for a period, such as Alaska, Georgia and Northern California",KernelDensityGECO,1,0.001,where is fertile soil found commonly,msmarco-passage/train,ielabgroup/vec2text_gtr-base-st_corrector
389,illegal technology transfer,"Because cybercrime and e-spy are a matter of intelligence and polaricity, cyber crimes happen because cyber crimes do occur",KernelDensityGECO,1,0.001,why do cyber crimes happen,msmarco-passage/train,ielabgroup/vec2text_gtr-base-st_corrector
389,illegal technology transfer,the meaning of the word 'computer infringement' (a.k.a. 'computer infringement') is the increase in computer information,KernelDensityGECO,1,0.001,what is the meaning computer infringement,msmarco-passage/train,ielabgroup/vec2text_gtr-base-st_corrector
389,illegal technology transfer,ethical peril of breaching is: Flaws of breaching: Tragedy and apprehensions of obtaining information from agents,KernelDensityGECO,1,0.001,ethical perils of breaching,msmarco-passage/train,ielabgroup/vec2text_gtr-base-st_corrector
389,illegal technology transfer,report change of technical supervisor to a cLA by reporting to the claria Administrator at 8:00 p.m. The technical supervisor,KernelDensityGECO,1,0.001,how report technical supervisor change to clia,msmarco-passage/train,ielabgroup/vec2text_gtr-base-st_corrector
389,illegal technology transfer,"studies on gun-sale-gun commerce and illegal gun-sale-gun sales and illegal sales of firearms, a report released",KernelDensityGECO,1,0.001,studies on illegal gun sales,msmarco-passage/train,ielabgroup/vec2text_gtr-base-st_corrector
389,illegal technology transfer,"types of cyber crimes and their penalties, focusing on the type of crime, its victim's name, its location, and the penalties of cyber breach",KernelDensityGECO,1,0.001,types of cyber crimes and their penalties,msmarco-passage/train,ielabgroup/vec2text_gtr-base-st_corrector
389,illegal technology transfer,'soft fraud' is a pleading & qualling of income and property fraud by ISA and NISA 5959,KernelDensityGECO,1,0.001,what is soft fraud,msmarco-passage/train,ielabgroup/vec2text_gtr-base-st_corrector
389,illegal technology transfer,unauthorized modification (,KernelDensityGECO,1,0.001,define unauthorized modification,msmarco-passage/train,ielabgroup/vec2text_gtr-base-st_corrector
389,illegal technology transfer,"(Jinetsey, Linus Pauling) Transferology (or transferology) is a study of the underlying systems of",KernelDensityGECO,1,0.001,what is transferology,msmarco-passage/train,ielabgroup/vec2text_gtr-base-st_corrector
389,illegal technology transfer,the legality of hybridity (United States         ) is,KernelDensityGECO,1,0.001,what is legal hybridity,msmarco-passage/train,ielabgroup/vec2text_gtr-base-st_corrector
390,orphan drugs,"drugs that will come back positive for buprenorphine, buprenorphine, and rifectose",KernelDensityGECO,1,0.001,what drugs will come back positive for buprenorphine,msmarco-passage/train,ielabgroup/vec2text_gtr-base-st_corrector
390,orphan drugs,"black ant pill , also known as Black ant pill, is a dietary supplement containing a dose of carboxylamine",KernelDensityGECO,1,0.001,what is black ant pill,msmarco-passage/train,ielabgroup/vec2text_gtr-base-st_corrector
390,orphan drugs,Hinkle's pills Hinkle's pills (aka,KernelDensityGECO,1,0.001,what are hinkle's pills,msmarco-passage/train,ielabgroup/vec2text_gtr-base-st_corrector
390,orphan drugs,"drugs opiates, ketonase, or a combination of drugs, a low dose of aliphatic will cause low potassium",KernelDensityGECO,1,0.001,what drugs will cause low potassium,msmarco-passage/train,ielabgroup/vec2text_gtr-base-st_corrector
390,orphan drugs,drugs with ibuprofen (syn. ibuprofen) and ibuprofen (sodium,KernelDensityGECO,1,0.001,drugs with ibuprofen,msmarco-passage/train,ielabgroup/vec2text_gtr-base-st_corrector
390,orphan drugs,"illegal drugs, mainly cocaine, steroid, and opiates, can cause leg movements in which muscle movements are accompanied by leg movements",KernelDensityGECO,1,0.001,what illegal drugs causes leg movements,msmarco-passage/train,ielabgroup/vec2text_gtr-base-st_corrector
390,orphan drugs,"(medicine and law) and the identification of people who live on their bodies, organ trafficking is a definition of organ transport and organ toxicity",KernelDensityGECO,1,0.001,what is organ trafficking definition,msmarco-passage/train,ielabgroup/vec2text_gtr-base-st_corrector
390,orphan drugs,(dis-injection and neo-toxics): Parenteral medication Parenteral medicine is a prescription drug containing,KernelDensityGECO,1,0.001,parenteral medication definition,msmarco-passage/train,ielabgroup/vec2text_gtr-base-st_corrector
390,orphan drugs,"anaesthetic, he used op-ed on Michael Jackson, which op-ed on his last noc",KernelDensityGECO,1,0.001,what kind of anesthetic did micheal jackson o.d. on,msmarco-passage/train,ielabgroup/vec2text_gtr-base-st_corrector
390,orphan drugs,"side effects of -abdomyosis, refractivity, and anorexia. Side effects of orb",KernelDensityGECO,1,0.001,side effects of orbax,msmarco-passage/train,ielabgroup/vec2text_gtr-base-st_corrector
391,R&D drug prices,"(medicinal) vesicare medication (Vesacare cost-adjusted cost) and 2,000 to",KernelDensityGECO,1,0.001,vesicare medication cost,msmarco-passage/train,ielabgroup/vec2text_gtr-base-st_corrector
391,R&D drug prices,"rle surgery costs US$1500/$1500/$1500/$1500 due to a reduction in body mass, vision",KernelDensityGECO,1,0.001,rle surgery cost,msmarco-passage/train,ielabgroup/vec2text_gtr-base-st_corrector
391,R&D drug prices,"(adrenaline medrolone) is the most expensive medication in medicine, and Abbott Laboratories is estimated to be the most expensive",KernelDensityGECO,1,0.001,what is the most expensive medication,msmarco-passage/train,ielabgroup/vec2text_gtr-base-st_corrector
391,R&D drug prices,"about $4,500 to $2,500 for tickets to the RDMA award on the Continent of the Coast ticketing. It does not last for",KernelDensityGECO,1,0.001,how much dose it coast for the rdma award tickets,msmarco-passage/train,ielabgroup/vec2text_gtr-base-st_corrector
391,R&D drug prices,"where money is spent on illegal drugs, between $300,000 and 200,000 dollars spent on adolescent contraband, and 200,000 dollars",KernelDensityGECO,1,0.001,how much money spent on illegal drugs,msmarco-passage/train,ielabgroup/vec2text_gtr-base-st_corrector
391,R&D drug prices,cost of treatment of herceptin or herphenamine (per dose) or drug (per dose) or 250 cents per gall,KernelDensityGECO,1,0.001,cost of herceptin treatment per dose,msmarco-passage/train,ielabgroup/vec2text_gtr-base-st_corrector
391,R&D drug prices,"price of $59.99 a ml of pyridoxapex, while regeneron is currently available at a price of $",KernelDensityGECO,1,0.001,price of regeneron,msmarco-passage/train,ielabgroup/vec2text_gtr-base-st_corrector
391,R&D drug prices,cost of $100–$200 a m.b. of generic wellbutrin and other phenylbutad,KernelDensityGECO,1,0.001,cost of generic wellbutrin,msmarco-passage/train,ielabgroup/vec2text_gtr-base-st_corrector
391,R&D drug prices,"after a graduate school or a doctorate, and it is unknown how much research costs, it costs between $29 and $80 a year",KernelDensityGECO,1,0.001,how much does research cost,msmarco-passage/train,ielabgroup/vec2text_gtr-base-st_corrector
391,R&D drug prices,market for the oil-refined peanut oil oil market at a price of $1.25 billion  0.030  0.030,KernelDensityGECO,1,0.001,refined peanut oil market price,msmarco-passage/train,ielabgroup/vec2text_gtr-base-st_corrector
392,robotics,known as rotifers – are a family of warm-temperate and frog-trained mammals. Rotifers are,KernelDensityGECO,1,0.001,what are rotifers,msmarco-passage/train,ielabgroup/vec2text_gtr-base-st_corrector
392,robotics,"types of engineering majors — e.g., a major in mechanical and hydraulics — and a major in bioengineer",KernelDensityGECO,1,0.001,types of engineering majors,msmarco-passage/train,ielabgroup/vec2text_gtr-base-st_corrector
392,robotics,"state. The base at Robin AF is Robin AF Base, Marina, Florida. Its grading is a .929.",KernelDensityGECO,1,0.001,what state is robin af base?,msmarco-passage/train,ielabgroup/vec2text_gtr-base-st_corrector
392,robotics,zartan retaliation - Prototype Prototype avionics retaliation,KernelDensityGECO,1,0.001,zartan prototype retaliation,msmarco-passage/train,ielabgroup/vec2text_gtr-base-st_corrector
392,robotics,(known as rotarians) are a group of tetanarians and luteans who enjoy a rich diet.,KernelDensityGECO,1,0.001,who are rotarians,msmarco-passage/train,ielabgroup/vec2text_gtr-base-st_corrector
392,robotics,RCS is a fema-seas unit that the FRCs block. This is a fem,KernelDensityGECO,1,0.001,what is rrcs in fema,msmarco-passage/train,ielabgroup/vec2text_gtr-base-st_corrector
392,robotics,"at the University of Southern Cook, this district is Warner-Robins. Warner-Robins Warner-Robins is",KernelDensityGECO,1,0.001,what district is warner robins,msmarco-passage/train,ielabgroup/vec2text_gtr-base-st_corrector
392,robotics,"who played the character utron (stylized as utron, a.k.a. Ulric Spencer).",KernelDensityGECO,1,0.001,who played the character ultron?,msmarco-passage/train,ielabgroup/vec2text_gtr-base-st_corrector
392,robotics,"cells’ rotational receptors detect acceleration, i.e., when the primary receptor is contacted, the peripheral retinal cells",KernelDensityGECO,1,0.001,what receptor cells detect rotational acceleration,msmarco-passage/train,ielabgroup/vec2text_gtr-base-st_corrector
392,robotics,the definition of dynamic iris recognition (Iris Recognition) – a form of ion recognition that automatically and continuously,KernelDensityGECO,1,0.001,definition of dynamic iris recognition,msmarco-passage/train,ielabgroup/vec2text_gtr-base-st_corrector
393,mercy killing,"who killed the President of the United States, Robert Cardenas and a younger man, Shooter, who shot the president in the Assassin",KernelDensityGECO,1,0.001,who killed the president in shooter,msmarco-passage/train,ielabgroup/vec2text_gtr-base-st_corrector
393,mercy killing,"By a cleavage and by slitting the land around India, Gandhi was killed by Indira Gandhi on 15",KernelDensityGECO,1,0.001,how was gandhi killed,msmarco-passage/train,ielabgroup/vec2text_gtr-base-st_corrector
393,mercy killing,Bob Marley's redemption song is a meaning of resolving his past sanity and regaining his freedom from the blame,KernelDensityGECO,1,0.001,bob marley's redemption song meaning,msmarco-passage/train,ielabgroup/vec2text_gtr-base-st_corrector
393,mercy killing,"a Humane Racist , or , , is a humane racist who is a natural and environmental slur,",KernelDensityGECO,1,0.001,what is a humane racist,msmarco-passage/train,ielabgroup/vec2text_gtr-base-st_corrector
393,mercy killing,by chemotherapy and apoptotic side-effects. Colon cancer kills cancer by releasing a fraction that can kill thousands of,KernelDensityGECO,1,0.001,how colon cancer kills,msmarco-passage/train,ielabgroup/vec2text_gtr-base-st_corrector
393,mercy killing,"members of The Kills touring band (Karen, Judith, Roses, Colin and Alexis) and is in the touring band Band",KernelDensityGECO,1,0.001,who is in the killers touring band,msmarco-passage/train,ielabgroup/vec2text_gtr-base-st_corrector
393,mercy killing,– a murder smuggled into the city by Albert Duchess and awaiting his return to Washington – was Hubbard,KernelDensityGECO,1,0.001,was hubbard murdered,msmarco-passage/train,ielabgroup/vec2text_gtr-base-st_corrector
393,mercy killing,by a team called the Kalista (Daisys & Moolam) who kills Kalista. Afterward,KernelDensityGECO,1,0.001,who kills kalista,msmarco-passage/train,ielabgroup/vec2text_gtr-base-st_corrector
393,mercy killing,Wells Fargo slaughter hours Austin          715,KernelDensityGECO,1,0.001,wells fargo austin hours slaughter,msmarco-passage/train,ielabgroup/vec2text_gtr-base-st_corrector
393,mercy killing,"the Jalelwala massacre, a.k.a. Jallianwala massacre, is a jalelvani ram",KernelDensityGECO,1,0.001,what is the jallianwala massacre,msmarco-passage/train,ielabgroup/vec2text_gtr-base-st_corrector
394,home schooling,"dependents, dependents educational assistance (known as Educated Assistance to Collegiate Learners) is the payment of special assistance to federally",KernelDensityGECO,1,0.001,what is dependents educational assistance,msmarco-passage/train,ielabgroup/vec2text_gtr-base-st_corrector
394,home schooling,think that I think back to school lesson program a lesson enshrined in the best way to teach children what they learn during school holidays,KernelDensityGECO,1,0.001,what do you think lesson back to school lesson program,msmarco-passage/train,ielabgroup/vec2text_gtr-base-st_corrector
394,home schooling,Make a lot of money by staying at home and staying at your home until you leave your home to work on your income and you are a home,KernelDensityGECO,1,0.001,how to make money by staying at home,msmarco-passage/train,ielabgroup/vec2text_gtr-base-st_corrector
394,home schooling,you are a teacher who is leaving your primary school you can do so at age 17 (or until age 26) you leave secondary school and you leave,KernelDensityGECO,1,0.001,what age do you leave secondary school,msmarco-passage/train,ielabgroup/vec2text_gtr-base-st_corrector
394,home schooling,"school is Ramesey Middle School, which is a type of middle school and houses the middle school of the Rockydale School of the",KernelDensityGECO,1,0.001,what kind of school is ramsey middle school,msmarco-passage/train,ielabgroup/vec2text_gtr-base-st_corrector
394,home schooling,"Parochial school, defined",KernelDensityGECO,1,0.001,define parochial school,msmarco-passage/train,ielabgroup/vec2text_gtr-base-st_corrector
394,home schooling,) is educational perennialis,KernelDensityGECO,1,0.001,what is educational perennialism,msmarco-passage/train,ielabgroup/vec2text_gtr-base-st_corrector
394,home schooling,a school in the state of Georgia has started and is currently in its twelfth in the country (Georgia started August,KernelDensityGECO,1,0.001,has school in georgia started,msmarco-passage/train,ielabgroup/vec2text_gtr-base-st_corrector
394,home schooling,"When the children are a child and new teachers begin to erect their new children, most of the children go back to school from September 8",KernelDensityGECO,1,0.001,when does all the children go back to school,msmarco-passage/train,ielabgroup/vec2text_gtr-base-st_corrector
394,home schooling,Forest school      (also known as Forest School) is a school of e-learning and administration that,KernelDensityGECO,1,0.001,what is forest school,msmarco-passage/train,ielabgroup/vec2text_gtr-base-st_corrector
395,tourism,"(Tennessee-Tudahookie): The major sports of Tennessee are bumble polo, golf",KernelDensityGECO,1,0.001,what major sports are in tennessee,msmarco-passage/train,ielabgroup/vec2text_gtr-base-st_corrector
395,tourism,agro-eco-tourism (Eco-Eco-Touristics) is a form of agro-tourism tourism,KernelDensityGECO,1,0.001,what is agro-eco tourism,msmarco-passage/train,ielabgroup/vec2text_gtr-base-st_corrector
395,tourism,status. The traffic condition is a generalized state of the condition (as of a release) for traffic and traffic problems (OCR).,KernelDensityGECO,1,0.001,what is the traffic condition?,msmarco-passage/train,ielabgroup/vec2text_gtr-base-st_corrector
395,tourism,"(e.g., food, water, e-commerce, advocacy). An item that is something that is economic is economic",KernelDensityGECO,1,0.001,what is something that is economic,msmarco-passage/train,ielabgroup/vec2text_gtr-base-st_corrector
395,tourism,", i.e., the study of virology, is the study of the bacteriology and veterinary science of the University",KernelDensityGECO,1,0.001,what is the study of virology,msmarco-passage/train,ielabgroup/vec2text_gtr-base-st_corrector
395,tourism,(Tort) — tort is a broad definition of a liability arising out of a conflict of law in the United States court,KernelDensityGECO,1,0.001,tort definition,msmarco-passage/train,ielabgroup/vec2text_gtr-base-st_corrector
395,tourism,"the difference between the amount of time spent on sport and the amount of money spent on leisure, recreation is a “delibate” versus “",KernelDensityGECO,1,0.001,what is the difference between recreation and leisure?,msmarco-passage/train,ielabgroup/vec2text_gtr-base-st_corrector
395,tourism,how tourism is affecting the economy and government as well as affecting the economy and swath of the government in alaska,KernelDensityGECO,1,0.001,how is tourism affecting the economy and government in alaska,msmarco-passage/train,ielabgroup/vec2text_gtr-base-st_corrector
395,tourism,"the venture exchange is the Vansel Graz Foundation's annual gift campaign for the economy. ""Voyager Exchange"" is a",KernelDensityGECO,1,0.001,what is the venture exchange,msmarco-passage/train,ielabgroup/vec2text_gtr-base-st_corrector
395,tourism,"averaging between 1.3 and 1.6 billion tonnes of the economy, the fishing and tourism industries are worth Australian business annually and tourism is the only means",KernelDensityGECO,1,0.001,how much are the tourism and fishing industries worth annually in australian economy,msmarco-passage/train,ielabgroup/vec2text_gtr-base-st_corrector
396,sick building syndrome,rib-slipping syndrome rib-slipping syndrome (or ribcage slipping syndrome) is a condition of the gastrointestinal and adrenal,KernelDensityGECO,1,0.001,what is rib slipping syndrome,msmarco-passage/train,ielabgroup/vec2text_gtr-base-st_corrector
396,sick building syndrome,S.A.D.C dysfunction S.A.D.C dysfunction is a neocorrhotic condition of the brain,KernelDensityGECO,1,0.001,what is sacroiliac dysfunction,msmarco-passage/train,ielabgroup/vec2text_gtr-base-st_corrector
396,sick building syndrome,nystagmus is a nystagmatism of the femoral limbs and a torsion,KernelDensityGECO,1,0.001,what is nystagmus?,msmarco-passage/train,ielabgroup/vec2text_gtr-base-st_corrector
396,sick building syndrome,"rheumatoid symptoms for days and feels bad, but doesn't feel bad or uncomfortable because of a few days of diarrhea",KernelDensityGECO,1,0.001,symptoms diarrhea for days but doesn't feel bad,msmarco-passage/train,ielabgroup/vec2text_gtr-base-st_corrector
396,sick building syndrome,"(Acute illnesses) are those that remain in a condition of acute illness (e.g. post-convulsive diseases, epile",KernelDensityGECO,1,0.001,what are acute illnesses,msmarco-passage/train,ielabgroup/vec2text_gtr-base-st_corrector
396,sick building syndrome,paper general adaptation syndrome (general adolence syndrome and a physiology of the body of medicine) is a general definition,KernelDensityGECO,1,0.001,general adaptation syndrome definition paper,msmarco-passage/train,ielabgroup/vec2text_gtr-base-st_corrector
396,sick building syndrome,mission hospital heart tower Mission Hospital's heart tower (Elevated Flight 137 ft. high-rise & air-conditioning,KernelDensityGECO,1,0.001,mission hospital heart tower,msmarco-passage/train,ielabgroup/vec2text_gtr-base-st_corrector
396,sick building syndrome,symptoms of scad. Symptoms of scad are a symptom of syphilis and symptoms of several months,KernelDensityGECO,1,0.001,symptoms of scad,msmarco-passage/train,ielabgroup/vec2text_gtr-base-st_corrector
396,sick building syndrome,defined as Hellp syndrome (hemoglobin hypertonic apnea and hysteresis): mental disorder,KernelDensityGECO,1,0.001,define hellp syndrome,msmarco-passage/train,ielabgroup/vec2text_gtr-base-st_corrector
396,sick building syndrome,the events of the Flatiron Building and the events that followed it. The “flatiron” building means a symbol of the events of the late 13,KernelDensityGECO,1,0.001,what events did the flatiron building mean,msmarco-passage/train,ielabgroup/vec2text_gtr-base-st_corrector
397,automobile recalls,REM signal REM return signal is a signal that returns a signal to a signal when it is a fault band. This signal is,KernelDensityGECO,1,0.001,what is rem signal return,msmarco-passage/train,ielabgroup/vec2text_gtr-base-st_corrector
397,automobile recalls,"known as lemon law, there is a kind of law, especially in the field of things like sales and re-conditioning of automobiles,",KernelDensityGECO,1,0.001,is there such thing as lemon law,msmarco-passage/train,ielabgroup/vec2text_gtr-base-st_corrector
397,automobile recalls,"introducing airbags, which were developed between 1864 and 1860, and equipped with safety devices such as seatbelts, air-cooled",KernelDensityGECO,1,0.001,when were airbags developed,msmarco-passage/train,ielabgroup/vec2text_gtr-base-st_corrector
397,automobile recalls,a resale of panko chicken tycos from Costco Pantson Nuggets recall due to impacted,KernelDensityGECO,1,0.001,tyson panko chicken nuggets costco recall,msmarco-passage/train,ielabgroup/vec2text_gtr-base-st_corrector
397,automobile recalls,Manufacturing designation Manufacturer designation is an abbreviation of the designations of a manufacturer (II-AFC 74-101) known as,KernelDensityGECO,1,0.001,what is manufacture designation,msmarco-passage/train,ielabgroup/vec2text_gtr-base-st_corrector
397,automobile recalls,"reynolds industry is known as American-Reynolds Industry. It is a core business of American-American gasoline,",KernelDensityGECO,1,0.001,what is reynolds american industry,msmarco-passage/train,ielabgroup/vec2text_gtr-base-st_corrector
397,automobile recalls,Definition of recall,KernelDensityGECO,1,0.001,recall law definition,msmarco-passage/train,ielabgroup/vec2text_gtr-base-st_corrector
397,automobile recalls,a Credit Refresh a Credit Refresh (commonly known as a credit refresh) is a method of resetting the credit,KernelDensityGECO,1,0.001,what is a credit refresh,msmarco-passage/train,ielabgroup/vec2text_gtr-base-st_corrector
397,automobile recalls,a type of machinery can create a Catch-in hazard. Depending on the type of equipment used to create a blaze.,KernelDensityGECO,1,0.001,what type of machinery can create a caught-in hazard?,msmarco-passage/train,ielabgroup/vec2text_gtr-base-st_corrector
397,automobile recalls,car companies: the BK-based Ford and Chevrolet Electra-based Subaru make the most reliable vehicles that continue to make over the years,KernelDensityGECO,1,0.001,what car companies make the most dependable vehicles,msmarco-passage/train,ielabgroup/vec2text_gtr-base-st_corrector
398,dismantling Europe's arsenal,"as a petty abomination to the nasty, the Nazis destroyed books because of the book pritzi",KernelDensityGECO,1,0.001,why did the nazi prty destroy books,msmarco-passage/train,ielabgroup/vec2text_gtr-base-st_corrector
398,dismantling Europe's arsenal,who brought Christianity – a christian abrasia – to Armania. Armania thereby brought it to,KernelDensityGECO,1,0.001,who brought christianity to Armania?,msmarco-passage/train,ielabgroup/vec2text_gtr-base-st_corrector
398,dismantling Europe's arsenal,a definition of eviscerates – the blitz of a form of blood blight that devastates the physical,KernelDensityGECO,1,0.001,definition of eviscerates,msmarco-passage/train,ielabgroup/vec2text_gtr-base-st_corrector
398,dismantling Europe's arsenal,the destruction that occurred during the Kristallnacht (Kristallnacht) and during the gestapowich (Hitler),KernelDensityGECO,1,0.001,what is the destruction that occurred during the kristallnacht,msmarco-passage/train,ielabgroup/vec2text_gtr-base-st_corrector
398,dismantling Europe's arsenal,why the Balkans were the powder keg of sandbomb of Europe and so the powder kegs of the slav,KernelDensityGECO,1,0.001,why were the balkans the powder keg of europe,msmarco-passage/train,ielabgroup/vec2text_gtr-base-st_corrector
398,dismantling Europe's arsenal,arc resistant arc resistant is a definition of a resistance in electrical devices such as a wall of wheat or pine sapphire and manufactured,KernelDensityGECO,1,0.001,arc resistant definition,msmarco-passage/train,ielabgroup/vec2text_gtr-base-st_corrector
398,dismantling Europe's arsenal,- Dennis Scaling - is a scale for a complex analysis of the most important fatty acids in the environment. It is currently Denn,KernelDensityGECO,1,0.001,what is dennard scaling,msmarco-passage/train,ielabgroup/vec2text_gtr-base-st_corrector
398,dismantling Europe's arsenal,"which the term destruction is best described by burning, is a term coined to describe the burning of a by-product of burning fire.",KernelDensityGECO,1,0.001,which term is best described  destruction by burning?,msmarco-passage/train,ielabgroup/vec2text_gtr-base-st_corrector
398,dismantling Europe's arsenal,"of what transpired, the armistice carriage (now in disrepair in the hands of the German steamship) became the armistic",KernelDensityGECO,1,0.001,what became of the armistice carriage,msmarco-passage/train,ielabgroup/vec2text_gtr-base-st_corrector
398,dismantling Europe's arsenal,"venezuela is tearing apart, and the 'Venezuela is ripping apart' (Brazil quot",KernelDensityGECO,1,0.001,is venezuela ripping apart,msmarco-passage/train,ielabgroup/vec2text_gtr-base-st_corrector
399,oceanographic vessels,information on how a vinyl boat works: the vinyl flooring floats in a vacuum so that the air moves slowly over the surface of the vessel,KernelDensityGECO,1,0.001,how does vinyl boat flooring work,msmarco-passage/train,ielabgroup/vec2text_gtr-base-st_corrector
399,oceanographic vessels,"blood vessels act as red blood cells that go through our bodies and do a job of dividing between them, and blood vessels may be present in our",KernelDensityGECO,1,0.001,what do blood vessels do in our bodies,msmarco-passage/train,ielabgroup/vec2text_gtr-base-st_corrector
399,oceanographic vessels,"vibrant curiosity boat owner, is a young and alumnus of a Kingston Yacht Club. The curiosity boat was a tragic experience",KernelDensityGECO,1,0.001,vibrant curiosity yacht owner,msmarco-passage/train,ielabgroup/vec2text_gtr-base-st_corrector
399,oceanographic vessels,Make a boat (Origami Granada) and apply a glide sheet. Put the boat in position. Use the glide sheet to do,KernelDensityGECO,1,0.001,how to do origami boat,msmarco-passage/train,ielabgroup/vec2text_gtr-base-st_corrector
399,oceanographic vessels,(collar vessels) are vessels that are small arteries that allow the use of colloids as a lifting vessel from a target of blood,KernelDensityGECO,1,0.001,what are collateral vessels,msmarco-passage/train,ielabgroup/vec2text_gtr-base-st_corrector
399,oceanographic vessels,the definition of an API vessel. This definition defines an API vessel (a.k.a. a home vessel) and is defined by British Conduct,KernelDensityGECO,1,0.001,what defines an api vessel,msmarco-passage/train,ielabgroup/vec2text_gtr-base-st_corrector
399,oceanographic vessels,"for the preservation of clean water and because of the plight of a number of people who supported a new organization, was ocean cleanup was founded",KernelDensityGECO,1,0.001,why was ocean cleanup founded,msmarco-passage/train,ielabgroup/vec2text_gtr-base-st_corrector
399,oceanographic vessels,"(Nalibium sulphide) is the most abundant mineral in the ocean water, which is one of the most abundant minerals in the ocean",KernelDensityGECO,1,0.001,what is the most abundant mineral in the ocean water,msmarco-passage/train,ielabgroup/vec2text_gtr-base-st_corrector
399,oceanographic vessels,"name of the world's oldest commissioned naval vessel, or a vessel commissioned by the senate of the United States Navy Afloat",KernelDensityGECO,1,0.001,what is the name of the worlds oldest commissioned naval vessel afloat,msmarco-passage/train,ielabgroup/vec2text_gtr-base-st_corrector
399,oceanographic vessels,"in shape of a round octave (quasi-octave), they are river otters",KernelDensityGECO,1,0.001,what shape are river otters,msmarco-passage/train,ielabgroup/vec2text_gtr-base-st_corrector
400,Amazon rain forest,"people use Amazon because it is a source of information, a way to save money, a way to access the Amazon-free",KernelDensityGECO,1,0.001,why do people use amazon,msmarco-passage/train,ielabgroup/vec2text_gtr-base-st_corrector
400,Amazon rain forest,"largest forest fire in Washington, the ""Fest of the Boundaries"" at a blaze at Camp Huntingdon-Lambeau",KernelDensityGECO,1,0.001,largest forest fire in washington,msmarco-passage/train,ielabgroup/vec2text_gtr-base-st_corrector
400,Amazon rain forest,"characteristics of a tropical rainforest biome (e.g., a tropical rainforest, a tropical hemisphere, a tropical",KernelDensityGECO,1,0.001,what are the characteristics of a tropical rainforest biome,msmarco-passage/train,ielabgroup/vec2text_gtr-base-st_corrector
400,Amazon rain forest,the top 5 countries by the number of years and the ranking of the country with the biggest rainforest (Egypt & Liechtenstein,KernelDensityGECO,1,0.001,the top five countries with the biggest rainforest,msmarco-passage/train,ielabgroup/vec2text_gtr-base-st_corrector
400,Amazon rain forest,"when Amazon was created (January 1, 1923) and launched the first store in history, a store containing a selection of books from Amazon",KernelDensityGECO,1,0.001,when was amazon first store created,msmarco-passage/train,ielabgroup/vec2text_gtr-base-st_corrector
400,Amazon rain forest,"for the Amazon of England is the URL of the URL of the UK website, which is renamed to ""ALEMBUKASBY""",KernelDensityGECO,1,0.001,what is the amazon url for england,msmarco-passage/train,ielabgroup/vec2text_gtr-base-st_corrector
400,Amazon rain forest,"is Amazon International, the international e-bookstore for the United States and other countries. The deadline for the sale is currently unknown. Amazon is internationally",KernelDensityGECO,1,0.001,is amazon international?,msmarco-passage/train,ielabgroup/vec2text_gtr-base-st_corrector
400,Amazon rain forest,"houston houston houston a.k.a. ""Amazon"" is a location in Houston, Texas, United",KernelDensityGECO,1,0.001,where is amazon houston,msmarco-passage/train,ielabgroup/vec2text_gtr-base-st_corrector
400,Amazon rain forest,"a small eel, Amazon squirrels, fish, and berries, eat eels from the Amazon",KernelDensityGECO,1,0.001,what do small eels in amazon eat,msmarco-passage/train,ielabgroup/vec2text_gtr-base-st_corrector
400,Amazon rain forest,"endangered Pacific temperate rainforest species on the pacific arctic/Pampahitene savanna endangered species list, endangered",KernelDensityGECO,1,0.001,pacific temperate rainforest endangered species,msmarco-passage/train,ielabgroup/vec2text_gtr-base-st_corrector
401,"foreign minorities, Germany",youth movements the Nazi Party (as he did with his nazi wrestling and censorship) created youth movement has,KernelDensityGECO,1,0.001,youth movements did the nazi party create,msmarco-passage/train,ielabgroup/vec2text_gtr-base-st_corrector
401,"foreign minorities, Germany","is slovakia (located in Prussia, rpile, and irondack) is Germany",KernelDensityGECO,1,0.001,is slovakia in germany,msmarco-passage/train,ielabgroup/vec2text_gtr-base-st_corrector
401,"foreign minorities, Germany",No-feeling fees No Foreign Transaction Fee (or ) is a set of fees that support U.S.-based business transactions,KernelDensityGECO,1,0.001,what is no foreign transaction fees,msmarco-passage/train,ielabgroup/vec2text_gtr-base-st_corrector
401,"foreign minorities, Germany","nationality and a history of the country, lesseps Ferenc-Leferdandes was an American and Caribbean",KernelDensityGECO,1,0.001,what nationality was ferdinand lesseps,msmarco-passage/train,ielabgroup/vec2text_gtr-base-st_corrector
401,"foreign minorities, Germany",saxony history of Germany. The history of saxony saxony (Stadtisch,KernelDensityGECO,1,0.001,history of saxony germany,msmarco-passage/train,ielabgroup/vec2text_gtr-base-st_corrector
401,"foreign minorities, Germany","is a U.S. citizen who works for another nation, you can work for a U.S. citizen's national service job.",KernelDensityGECO,1,0.001,can a us citizen work for another nation?,msmarco-passage/train,ielabgroup/vec2text_gtr-base-st_corrector
401,"foreign minorities, Germany",a neo-adreneous hemis. Cells in an organism are foreign cells called cells in the enzy,KernelDensityGECO,1,0.001,what are foreign cells in an organism called,msmarco-passage/train,ielabgroup/vec2text_gtr-base-st_corrector
401,"foreign minorities, Germany","group are Spaniards, who are identified as an ethnic group of the Spaniards and who have a british history",KernelDensityGECO,1,0.001,what ethnic group are spaniards,msmarco-passage/train,ielabgroup/vec2text_gtr-base-st_corrector
401,"foreign minorities, Germany",information about solidarity surcharge in Germany:,KernelDensityGECO,1,0.001,what is solidarity surcharge in germany,msmarco-passage/train,ielabgroup/vec2text_gtr-base-st_corrector
401,"foreign minorities, Germany","distance between France and Germany is 61,000 miles (or 116.9 mi) or France to France (Milan, Ysel",KernelDensityGECO,1,0.001,how many miles is germany to france,msmarco-passage/train,ielabgroup/vec2text_gtr-base-st_corrector
402,behavioral genetics,(a.k.a. Behaviorism) is a neo-gynecology of children and their parents.,KernelDensityGECO,1,0.001,what is behaviorism?,msmarco-passage/train,ielabgroup/vec2text_gtr-base-st_corrector
402,behavioral genetics,"- - - - - genetic causes of Mermaid Syndrome, - -",KernelDensityGECO,1,0.001,genetic causes of mermaid syndrome,msmarco-passage/train,ielabgroup/vec2text_gtr-base-st_corrector
402,behavioral genetics,(P.L.V.) is a functional behavior assessment to determine whether an individual is fit for testing and how well the behavior can be evaluated,KernelDensityGECO,1,0.001,what is a functional behavior assessment for,msmarco-passage/train,ielabgroup/vec2text_gtr-base-st_corrector
402,behavioral genetics,"a family of swine-serine and a relative, strep b is hereditary and hereditary",KernelDensityGECO,1,0.001,is strep b hereditary,msmarco-passage/train,ielabgroup/vec2text_gtr-base-st_corrector
402,behavioral genetics,(A. a. a. a. a) is an example of polygenic trait. This trait is found to be due to,KernelDensityGECO,1,0.001,which of the following is an example of polygenic trait,msmarco-passage/train,ielabgroup/vec2text_gtr-base-st_corrector
402,behavioral genetics,"e.g., e.g., clone and genetics, most genetic disorders in humans are caused by humans by",KernelDensityGECO,1,0.001,most genetic disorders of humans are caused by,msmarco-passage/train,ielabgroup/vec2text_gtr-base-st_corrector
402,behavioral genetics,experience behavior (behavior) Experience behavior is a behavior that is a conduct that individuals with experience and who have experience in a position,KernelDensityGECO,1,0.001,what is an experience behavior,msmarco-passage/train,ielabgroup/vec2text_gtr-base-st_corrector
402,behavioral genetics,"definitions of psychiatric behaviors (also known as psychiatric behaviors, psychiatric disorders, psychia",KernelDensityGECO,1,0.001,definitions of psychiatric behaviors,msmarco-passage/train,ielabgroup/vec2text_gtr-base-st_corrector
402,behavioral genetics,(behavior and child health) is what a behavioral interventionist is a type of behavioral and behavioral therapy that assists in identifying and,KernelDensityGECO,1,0.001,what is a behavioral interventionist,msmarco-passage/train,ielabgroup/vec2text_gtr-base-st_corrector
402,behavioral genetics,(Sychology) – conduct problem is a problem in behavioural psychiatry and other cognitive and visual psychiatry,KernelDensityGECO,1,0.001,what is conduct problem for sychology,msmarco-passage/train,ielabgroup/vec2text_gtr-base-st_corrector
403,osteoporosis,a definition of osteocytes (osteocrine ocells): oocytes are a set of proteins,KernelDensityGECO,1,0.001,osteocytes definition,msmarco-passage/train,ielabgroup/vec2text_gtr-base-st_corrector
403,osteoporosis,a specialist who treats oporosis is one of the types of osteopox specialists (osteocystology,KernelDensityGECO,1,0.001,what type of specialist treats osteoporosis,msmarco-passage/train,ielabgroup/vec2text_gtr-base-st_corrector
403,osteoporosis,define oxygen saturation (or olfactory saturation) as a limit to the supply of oxygen to body fluids (odeoxygen,KernelDensityGECO,1,0.001,define oxygen saturation,msmarco-passage/train,ielabgroup/vec2text_gtr-base-st_corrector
403,osteoporosis,Anastomosis (or anastomosis) is a marrow soreness of the ectom,KernelDensityGECO,1,0.001,what is an anastomosis,msmarco-passage/train,ielabgroup/vec2text_gtr-base-st_corrector
403,osteoporosis,"describe pain in joints of the arthritis (osteoarthritis) or other joint conditions, osteoarthritis is a mechanism",KernelDensityGECO,1,0.001,describe osteoarthritis,msmarco-passage/train,ielabgroup/vec2text_gtr-base-st_corrector
403,osteoporosis,"is a disease, ovulation systolic feces or pregnancy, PCOs may be a disease.",KernelDensityGECO,1,0.001,is pcos a disease,msmarco-passage/train,ielabgroup/vec2text_gtr-base-st_corrector
403,osteoporosis,"Overboost  is a technology of the Chevrolet Corvette which reduces the performance of the drivetrain, Boost, Booster",KernelDensityGECO,1,0.001,what is overboost,msmarco-passage/train,ielabgroup/vec2text_gtr-base-st_corrector
403,osteoporosis,ODbc error ODbc error (Osso-debug-running error) is an error in a database of data,KernelDensityGECO,1,0.001,what is an odbc error,msmarco-passage/train,ielabgroup/vec2text_gtr-base-st_corrector
403,osteoporosis,"a cause of early menopause, ovulation, angiotensinemia, and a mtDNA that causes early",KernelDensityGECO,1,0.001,what causes early menopause,msmarco-passage/train,ielabgroup/vec2text_gtr-base-st_corrector
403,osteoporosis,"osteitis, a neotibial eczema of the uvula and other diseases",KernelDensityGECO,1,0.001,osteitis definition,msmarco-passage/train,ielabgroup/vec2text_gtr-base-st_corrector
404,"Ireland, peace talks",who was the Native American nation that helped the Irish during the potato famine (Ireland) helped the Irish to reclaim their land,KernelDensityGECO,1,0.001,what native american nation helped the irish when they had the potato famine,msmarco-passage/train,ielabgroup/vec2text_gtr-base-st_corrector
404,"Ireland, peace talks","talk show, ""The Talk"" Gilbert (b. s. c. gilbert - a talk about physics",KernelDensityGECO,1,0.001,the talk gilbert,msmarco-passage/train,ielabgroup/vec2text_gtr-base-st_corrector
404,"Ireland, peace talks",where the Belleek factory is located on the River Garda - Carrickfergus Road in the City of Ireland and is the second,KernelDensityGECO,1,0.001,where is the belleek factory in ireland,msmarco-passage/train,ielabgroup/vec2text_gtr-base-st_corrector
404,"Ireland, peace talks",(Irish traditions) are Irish celebration,KernelDensityGECO,1,0.001,what are irish traditions,msmarco-passage/train,ielabgroup/vec2text_gtr-base-st_corrector
404,"Ireland, peace talks",chalk talk is a talk-and-talk program on the 'Chapel Talk' network of the United States Olympic Association of Golfers.,KernelDensityGECO,1,0.001,what is chalk talk?,msmarco-passage/train,ielabgroup/vec2text_gtr-base-st_corrector
404,"Ireland, peace talks","which is 'irish', 'Irish' is the native language of the Irish na nAoghairn",KernelDensityGECO,1,0.001,what is the native language of irish,msmarco-passage/train,ielabgroup/vec2text_gtr-base-st_corrector
404,"Ireland, peace talks",in the year 'Lotham-Worcester' and in which the first international peace congress was held in the year 'London,KernelDensityGECO,1,0.001,in which year was the first international peace congress held in london,msmarco-passage/train,ielabgroup/vec2text_gtr-base-st_corrector
404,"Ireland, peace talks","what’s happening in Providence RI. There’s a night of magic, music, and a fundraiser for the Handicap.",KernelDensityGECO,1,0.001,what's happening in providence ri,msmarco-passage/train,ielabgroup/vec2text_gtr-base-st_corrector
404,"Ireland, peace talks","where Ireland is on the road from Caerphilly to the Lake of the Ossos, is Offaly. It is labelled",KernelDensityGECO,1,0.001,where in ireland is offaly,msmarco-passage/train,ielabgroup/vec2text_gtr-base-st_corrector
404,"Ireland, peace talks",a lullaby. Rob and Lamar still talk but do talk as part of their shared memories of the era and Bob Lamar,KernelDensityGECO,1,0.001,do rob and lamar still talk,msmarco-passage/train,ielabgroup/vec2text_gtr-base-st_corrector
405,cosmic events,the important events in meiosis are the ectopic events of meiosis and meleosis .,KernelDensityGECO,1,0.001,what are the important events in meiosis,msmarco-passage/train,ielabgroup/vec2text_gtr-base-st_corrector
405,cosmic events,"(c. 1080–1080 A.D.) is what is the golden age of astronomy, or golden cosmology,",KernelDensityGECO,1,0.001,what is the golden age of astronomy,msmarco-passage/train,ielabgroup/vec2text_gtr-base-st_corrector
405,cosmic events,calendar of the total solar eclipses (Calendar of Solar Solar Winds) with a schedule of more than 500 equinoxes,KernelDensityGECO,1,0.001,calendar of total solar eclipses,msmarco-passage/train,ielabgroup/vec2text_gtr-base-st_corrector
405,cosmic events,"when the sun hits your body, and during nocturnal ejections, cosmic rays are supposed to penetrate your body from space.",KernelDensityGECO,1,0.001,when do cosmic rays penetrate your body?,msmarco-passage/train,ielabgroup/vec2text_gtr-base-st_corrector
405,cosmic events,the world's COSMIANA exposition (the world's columbian exposition) is defined as a performance and a presentation,KernelDensityGECO,1,0.001,world's columbian exposition definition,msmarco-passage/train,ielabgroup/vec2text_gtr-base-st_corrector
405,cosmic events,"consists of the major events that occur during swallowing. Exercism, choking, and urination all occur during swallowing",KernelDensityGECO,1,0.001,list the major events that occur during swallowing.,msmarco-passage/train,ielabgroup/vec2text_gtr-base-st_corrector
405,cosmic events,"which stars undergo supernova, i.e., astronova and astrocyclone. Stars with a recent stellar hurricane",KernelDensityGECO,1,0.001,what stars undergo supernova,msmarco-passage/train,ielabgroup/vec2text_gtr-base-st_corrector
405,cosmic events,"the observed slowing of time in the vicinity of a black hole, , , , is a prediction of",KernelDensityGECO,1,0.001,the observed slowing of time in the vicinity of a black hole is a prediction of,msmarco-passage/train,ielabgroup/vec2text_gtr-base-st_corrector
405,cosmic events,"in the universe, 108 galaxies, of which 319 are known, and the number of galaxies in the galaxy remains",KernelDensityGECO,1,0.001,how many galaxies in the universe,msmarco-passage/train,ielabgroup/vec2text_gtr-base-st_corrector
405,cosmic events,"host of amazing space, a host of 'Space & Space & 'Face of Space' with Jason Boonel and millions",KernelDensityGECO,1,0.001,host of amazing space,msmarco-passage/train,ielabgroup/vec2text_gtr-base-st_corrector
406,Parkinson's disease,"a chemical neurotransmitter in brain tissue afflicting it with a variety of diseases, and its association with jackson's",KernelDensityGECO,1,0.001,"chemical in brain tissue acting as a neurotransmitter, a lack of which can be associated with parkinson's disease",msmarco-passage/train,ielabgroup/vec2text_gtr-base-st_corrector
406,Parkinson's disease,why men are more likely to get parkinson's because they are a resuscitated by Parkinson's disease and other,KernelDensityGECO,1,0.001,why are men more likely to get parkinson's,msmarco-passage/train,ielabgroup/vec2text_gtr-base-st_corrector
406,Parkinson's disease,The dog disease Povo vesiosis is a disease of dogs and is a disease of the tracheoencephal,KernelDensityGECO,1,0.001,what is the dogs disease povo,msmarco-passage/train,ielabgroup/vec2text_gtr-base-st_corrector
406,Parkinson's disease,disease caused by protozoa is a result of a disease of zosteroids and the disease of Prolaria epilepsy,KernelDensityGECO,1,0.001,disease caused by protozoa,msmarco-passage/train,ielabgroup/vec2text_gtr-base-st_corrector
406,Parkinson's disease,(Parkinson's) is passed down in a way that is akin to Parkinson's disease. It is passed down through family,KernelDensityGECO,1,0.001,how is parkinson's passed down,msmarco-passage/train,ielabgroup/vec2text_gtr-base-st_corrector
406,Parkinson's disease,"diseases that cause mental confusion. These include a liscencephalitis, a type of diabetes, and apneuma",KernelDensityGECO,1,0.001,diseases that cause mental confusion,msmarco-passage/train,ielabgroup/vec2text_gtr-base-st_corrector
406,Parkinson's disease,"multiple system atrophy, the attenuating neuritus variant, Parkinson's and non-pertussis variants,",KernelDensityGECO,1,0.001,"multiple system atrophy, parkinson variant",msmarco-passage/train,ielabgroup/vec2text_gtr-base-st_corrector
406,Parkinson's disease,"ailment in Lou Gehrig's disease, it is commonly referred to as ""Louis G. Loeb's disease""",KernelDensityGECO,1,0.001,which ailment is often referred to as lou gehrig's disease,msmarco-passage/train,ielabgroup/vec2text_gtr-base-st_corrector
406,Parkinson's disease,"atrial senile keratinopathy and parkinson, which is a cause of Parkinson's disease, occurs in women.",KernelDensityGECO,1,0.001,what causes parkinson's disease in women,msmarco-passage/train,ielabgroup/vec2text_gtr-base-st_corrector
406,Parkinson's disease,"disease caused by boredom as a result of a venous abrasions, liver disease, and rheumato",KernelDensityGECO,1,0.001,disease caused by boredom,msmarco-passage/train,ielabgroup/vec2text_gtr-base-st_corrector
407,"poaching, wildlife preserves","as e.g., reeds and bruvies, the Scarlet macaws are endangered macaws",KernelDensityGECO,1,0.001,are scarlet macaws endangered,msmarco-passage/train,ielabgroup/vec2text_gtr-base-st_corrector
407,"poaching, wildlife preserves","by applying a warm tin abrasive gel to the roots of roses to preserve them, or by storing them for 30",KernelDensityGECO,1,0.001,how to preserve roses,msmarco-passage/train,ielabgroup/vec2text_gtr-base-st_corrector
407,"poaching, wildlife preserves","by the Poletti-Hadfuss & W.H.F. Conservation Group, the bog turtle is an endangered",KernelDensityGECO,1,0.001,is the bog turtle endangered,msmarco-passage/train,ielabgroup/vec2text_gtr-base-st_corrector
407,"poaching, wildlife preserves","collecting petrified wood and a fee-paying (i.e., 925 to 925 bounded fees) collecting petr",KernelDensityGECO,1,0.001,fee collecting petrified wood,msmarco-passage/train,ielabgroup/vec2text_gtr-base-st_corrector
407,"poaching, wildlife preserves","animals that live in wild morocco in Morocco, known as a wild mushphel, wild boar, wild crow",KernelDensityGECO,1,0.001,wild animals that live in morocco,msmarco-passage/train,ielabgroup/vec2text_gtr-base-st_corrector
407,"poaching, wildlife preserves","because of its rook-trapped nature, Nubian ibex are a danger of extinction because they are endangered i",KernelDensityGECO,1,0.001,why are nubian ibex endangered,msmarco-passage/train,ielabgroup/vec2text_gtr-base-st_corrector
407,"poaching, wildlife preserves","where Rare bird beauties is located, is located in the southwestern United States and in the forest of Riddock and Mangoel",KernelDensityGECO,1,0.001,where is rare bird beauties located,msmarco-passage/train,ielabgroup/vec2text_gtr-base-st_corrector
407,"poaching, wildlife preserves","Preen is a food that attracts prey and frogs to its ovary (known as ""Preen"" for short distance",KernelDensityGECO,1,0.001,what is preen,msmarco-passage/train,ielabgroup/vec2text_gtr-base-st_corrector
407,"poaching, wildlife preserves","the most wild horses you can catch in wyoming, wyoming wreton and wyo",KernelDensityGECO,1,0.001,were are most wild horses that you can catch in wyoming,msmarco-passage/train,ielabgroup/vec2text_gtr-base-st_corrector
407,"poaching, wildlife preserves",a relationship in which one organism hunts and kills another organism (or a relationship where the organism kills the organisms) is called,KernelDensityGECO,1,0.001,a relationship where one organism hunts and kills another organism is called,msmarco-passage/train,ielabgroup/vec2text_gtr-base-st_corrector
408,tropical storms,"as the drier wash wash wash tropical taconic climate is Tacoma humid all year, and for most of the year it is",KernelDensityGECO,1,0.001,is tacoma washington humid all year,msmarco-passage/train,ielabgroup/vec2text_gtr-base-st_corrector
408,tropical storms,Dramatic Rp is,KernelDensityGECO,1,0.001,what is dramatic rp,msmarco-passage/train,ielabgroup/vec2text_gtr-base-st_corrector
408,tropical storms,"weather - a - - - - - - - - freezing temperatures in ripley, Maine .",KernelDensityGECO,1,0.001,"weather in ripley, maine",msmarco-passage/train,ielabgroup/vec2text_gtr-base-st_corrector
408,tropical storms,a sandstorm (Sandcasta sandstorm) is a cause of the amplification of the Macmillan,KernelDensityGECO,1,0.001,what causes a sandstorm,msmarco-passage/train,ielabgroup/vec2text_gtr-base-st_corrector
408,tropical storms,a.k.a. . . . Dramatic tumors is a dramatic painting of cancer and the brain.,KernelDensityGECO,1,0.001,what is dramatic tumors?,msmarco-passage/train,ielabgroup/vec2text_gtr-base-st_corrector
408,tropical storms,"a given light from the Earth, such as a thunderstorm, is what makes thunderstorms, and they are often formed by high concentrations of",KernelDensityGECO,1,0.001,what makes thunderstorms,msmarco-passage/train,ielabgroup/vec2text_gtr-base-st_corrector
408,tropical storms,a tie down storm door latch a tie-down latch (abbreviated   ) is a tie-open,KernelDensityGECO,1,0.001,what is a tie down storm door latch,msmarco-passage/train,ielabgroup/vec2text_gtr-base-st_corrector
408,tropical storms,"the tributary rainforest, tropical rain precipitation (or tropical climactic rain precipitation) is the result of rainfall and the pH",KernelDensityGECO,1,0.001,what is the tropical rainforest precipitation,msmarco-passage/train,ielabgroup/vec2text_gtr-base-st_corrector
408,tropical storms,"how hurricanes are measured and classified, i.e., they are measured using a compass and a hot index and are classified",KernelDensityGECO,1,0.001,how are hurricanes measured and classified,msmarco-passage/train,ielabgroup/vec2text_gtr-base-st_corrector
408,tropical storms,"did storm emily hit Bratislava, Bermuda and swam ashore. ""Storm Emily"" visited Bermuda",KernelDensityGECO,1,0.001,did storm emily hit bermuda,msmarco-passage/train,ielabgroup/vec2text_gtr-base-st_corrector
409,"legal, Pan Am, 103","legal and a free legal case in the rvalsland - s.a. of fanofsven is legal,",KernelDensityGECO,1,0.001,is fanofsven legal,msmarco-passage/train,ielabgroup/vec2text_gtr-base-st_corrector
409,"legal, Pan Am, 103","a stylisty, the huarani pagna ra is street legal in the U.S.",KernelDensityGECO,1,0.001,is the pagani huayra street legal in the us,msmarco-passage/train,ielabgroup/vec2text_gtr-base-st_corrector
409,"legal, Pan Am, 103","applicable legal definition (e.g., applicable law, relating to a dangerous crime, relating to a dangerous crime) is the legal",KernelDensityGECO,1,0.001,applicable legal definition,msmarco-passage/train,ielabgroup/vec2text_gtr-base-st_corrector
409,"legal, Pan Am, 103",amp c (skeptanic fluid) amp c is a high-intensity AEV and a small conductor,KernelDensityGECO,1,0.001,what is amp c,msmarco-passage/train,ielabgroup/vec2text_gtr-base-st_corrector
409,"legal, Pan Am, 103","United States insurance code, the Amica accident insurance type code, or the service-manage insurance type code, by the number 113,500",KernelDensityGECO,1,0.001,amica insurance code number,msmarco-passage/train,ielabgroup/vec2text_gtr-base-st_corrector
409,"legal, Pan Am, 103","bill number is 77, s.2a, s.2a, and s.3a, the Bill of Rights Bills",KernelDensityGECO,1,0.001,what bill number is the bill of rights,msmarco-passage/train,ielabgroup/vec2text_gtr-base-st_corrector
409,"legal, Pan Am, 103","you can get canali in Milani in the centre of campiglia, you can buy it at a supermarket which is",KernelDensityGECO,1,0.001,where can i get canali in milan,msmarco-passage/train,ielabgroup/vec2text_gtr-base-st_corrector
409,"legal, Pan Am, 103","legal abbreviation for complaint, which is a legal abbreviation for       L",KernelDensityGECO,1,0.001,legal abbreviation for complaint,msmarco-passage/train,ielabgroup/vec2text_gtr-base-st_corrector
409,"legal, Pan Am, 103",Area code 121 Area code 121 (U.S. 111) is the area code in the state of Virgo (Alaska,KernelDensityGECO,1,0.001,what state is area code 121,msmarco-passage/train,ielabgroup/vec2text_gtr-base-st_corrector
409,"legal, Pan Am, 103","in the United States and other parts of Europe, where peaceful protest is legal, – i.e., – is a legal state",KernelDensityGECO,1,0.001,where is peaceful protest legal,msmarco-passage/train,ielabgroup/vec2text_gtr-base-st_corrector
410,Schengen agreement,s-hertogenbosch is a technique of sub-Sphenocarpogenes. It is a stable wine,KernelDensityGECO,1,0.001,what is s-hertogenbosch,msmarco-passage/train,ielabgroup/vec2text_gtr-base-st_corrector
410,Schengen agreement,"agreement, a Voting Trust Agreement, is a trust agreement that is a joint-promotion agreement between a benefit plan and the future",KernelDensityGECO,1,0.001,what is a voting trust agreement,msmarco-passage/train,ielabgroup/vec2text_gtr-base-st_corrector
410,Schengen agreement,how the Treaty of Versailles (Viennese:      ) became unfair to Germany and total,KernelDensityGECO,1,0.001,how did the treaty of versailles become unfair to germany,msmarco-passage/train,ielabgroup/vec2text_gtr-base-st_corrector
410,Schengen agreement,requirements for a 2016 indefinite leave visa to be able to remain and a 2016 indefinite leave visa to emigrate to the EU,KernelDensityGECO,1,0.001,2016 indefinite leave to remain visa requirements,msmarco-passage/train,ielabgroup/vec2text_gtr-base-st_corrector
410,Schengen agreement,"meaning (Arbour-Standard-Arbour-Probability) or arbitration agreement, is an agreement that enables",KernelDensityGECO,1,0.001,what does arbitration agreement means,msmarco-passage/train,ielabgroup/vec2text_gtr-base-st_corrector
410,Schengen agreement,is a tenant can get out of a tenancy agreement and he/she can leave the court for a tenancy agreement,KernelDensityGECO,1,0.001,can a tenant get out of a tenancy agreement,msmarco-passage/train,ielabgroup/vec2text_gtr-base-st_corrector
410,Schengen agreement,Master indenture agreement is agreement,KernelDensityGECO,1,0.001,what is master indenture agreement,msmarco-passage/train,ielabgroup/vec2text_gtr-base-st_corrector
410,Schengen agreement,"acceptance (agreement, acceptance or a void) of admission or disobedience, Contract law Contract law is a legal process",KernelDensityGECO,1,0.001,what is acceptance contract law,msmarco-passage/train,ielabgroup/vec2text_gtr-base-st_corrector
410,Schengen agreement,"which German act violated the munich agreement, i.e. the german agreement and the writ of nave.",KernelDensityGECO,1,0.001,what german act violated the munich agreement? weegy,msmarco-passage/train,ielabgroup/vec2text_gtr-base-st_corrector
410,Schengen agreement,"which a negro-Egyptian nation has the strongest economy, if it's the European Union with stronger economies.",KernelDensityGECO,1,0.001,which european nation has the strongest economy?,msmarco-passage/train,ielabgroup/vec2text_gtr-base-st_corrector
411,"salvaging, shipwreck, treasure",engine room on a cruise ship (cruise ship or cruise e.g. a cruise ship) in the aft space,KernelDensityGECO,1,0.001,engine room on a cruise ship,msmarco-passage/train,ielabgroup/vec2text_gtr-base-st_corrector
411,"salvaging, shipwreck, treasure",Contents skew Contents skew is a skew program that contains information about the properties of contents. It is a correlation,KernelDensityGECO,1,0.001,what is contents skew,msmarco-passage/train,ielabgroup/vec2text_gtr-base-st_corrector
411,"salvaging, shipwreck, treasure",a vestige (Vita rays of the Spirit of Bosphorus) is a part of the human brain and is,KernelDensityGECO,1,0.001,what is a vestige,msmarco-passage/train,ielabgroup/vec2text_gtr-base-st_corrector
411,"salvaging, shipwreck, treasure","Definition of ewaste, a collection of food and other wastes (e.g. evown) as a waste",KernelDensityGECO,1,0.001,definition of ewaste,msmarco-passage/train,ielabgroup/vec2text_gtr-base-st_corrector
411,"salvaging, shipwreck, treasure","which suffix means surgical repair,",KernelDensityGECO,1,0.001,which suffix means surgical repair?,msmarco-passage/train,ielabgroup/vec2text_gtr-base-st_corrector
411,"salvaging, shipwreck, treasure","meaning 'Samantic' or 'Luis Xavier', and the name salvador is an identifier",KernelDensityGECO,1,0.001,what is the meaning of the name salvador,msmarco-passage/train,ielabgroup/vec2text_gtr-base-st_corrector
411,"salvaging, shipwreck, treasure","cruises with tendering on all Alaska ports including Port Alaska, Port Bernadette, and SS Humour. During tendering",KernelDensityGECO,1,0.001,what ports have tendering on alaska cruise,msmarco-passage/train,ielabgroup/vec2text_gtr-base-st_corrector
411,"salvaging, shipwreck, treasure","a rector is a structure of high-performance polypsic, known as rector",KernelDensityGECO,1,0.001,what is a rector,msmarco-passage/train,ielabgroup/vec2text_gtr-base-st_corrector
411,"salvaging, shipwreck, treasure","meaning of the word 'torn, stone, and tar 'pool', and the most persistent meaning of the word",KernelDensityGECO,1,0.001,what is the meaning of the word timber,msmarco-passage/train,ielabgroup/vec2text_gtr-base-st_corrector
411,"salvaging, shipwreck, treasure",'The Salvage' is a bond on the          commodity,KernelDensityGECO,1,0.001,what is the salvage on a bond,msmarco-passage/train,ielabgroup/vec2text_gtr-base-st_corrector
412,airport security,"tsa sa sa check, TARDIS telecommunications, do American Airlines have precheck check-in on",KernelDensityGECO,1,0.001,does american airlines have tsa precheck,msmarco-passage/train,ielabgroup/vec2text_gtr-base-st_corrector
412,airport security,.tv. .tv. .so.fi.d. which airport is the best to fly to the Keys,KernelDensityGECO,1,0.001,what airport is best.to fly.to the.keys,msmarco-passage/train,ielabgroup/vec2text_gtr-base-st_corrector
412,airport security,name of the airport in the U.S. city of ohio ohio ohio,KernelDensityGECO,1,0.001,what is the airport name in usa in ohio city,msmarco-passage/train,ielabgroup/vec2text_gtr-base-st_corrector
412,airport security,"the Aisin Anti-Infravirus Affected State of Security - ASIS stands for Security, which stands for Anti-Inf",KernelDensityGECO,1,0.001,what does asis stand for in security,msmarco-passage/train,ielabgroup/vec2text_gtr-base-st_corrector
412,airport security,iah airport you can wait inside.,KernelDensityGECO,1,0.001,iah airport can you wait inside,msmarco-passage/train,ielabgroup/vec2text_gtr-base-st_corrector
412,airport security,"agencies. Centric Network, FBI, NIH, and other intelligence services use security analyst to analyze a number of applications and services.",KernelDensityGECO,1,0.001,what agencies use security analyst?,msmarco-passage/train,ielabgroup/vec2text_gtr-base-st_corrector
412,airport security,who you are in a city or a city with a flight you need to arrive at the airport no earlier than 8:00 a.m,KernelDensityGECO,1,0.001,how early do i need to arrive at an airport,msmarco-passage/train,ielabgroup/vec2text_gtr-base-st_corrector
412,airport security,"(Board of Arms and Charles E. Miragan) airport serves Niagara Falls at ""Niagara Falls International Airport""",KernelDensityGECO,1,0.001,what airport serves niagara falls,msmarco-passage/train,ielabgroup/vec2text_gtr-base-st_corrector
412,airport security,metrone (airport code mge)          Airport code,KernelDensityGECO,1,0.001,airport code mge,msmarco-passage/train,ielabgroup/vec2text_gtr-base-st_corrector
412,airport security,"the American Airlines terminal at a terminal at DFW (Dallas/Ft. Worth/Cairo, TX)",KernelDensityGECO,1,0.001,what terminal american airlines dfw,msmarco-passage/train,ielabgroup/vec2text_gtr-base-st_corrector
413,steel production,"resources in the southeast, such as water, hydroids, and vegetable oils, are a very helpful resource in the southeast. There are also medical",KernelDensityGECO,1,0.001,what are some resources in the southeast,msmarco-passage/train,ielabgroup/vec2text_gtr-base-st_corrector
413,steel production,"manufacturing process definition (Chinese:        ), secondary manufacturing processes are the production",KernelDensityGECO,1,0.001,secondary process manufacturing definition,msmarco-passage/train,ielabgroup/vec2text_gtr-base-st_corrector
413,steel production,"the Steeler player on DWT, is a Steelers player, and one of the players on NFL season 2 & 3, Curt",KernelDensityGECO,1,0.001,who is the steeler player on dwt,msmarco-passage/train,ielabgroup/vec2text_gtr-base-st_corrector
413,steel production,"based on mass of metal and adipose strength, cost of sheet of steel plate is $50,000.00",KernelDensityGECO,1,0.001,cost for sheet of steel plate,msmarco-passage/train,ielabgroup/vec2text_gtr-base-st_corrector
413,steel production,"manufacturer, who manufactures the Tw steel watch, , , , , and , , and the Swiss watch group Carmon",KernelDensityGECO,1,0.001,who makes the tw steel watch,msmarco-passage/train,ielabgroup/vec2text_gtr-base-st_corrector
413,steel production,How to make steel front bumper: Apply a slack of a metal grit or a hard ball of water to make steel,KernelDensityGECO,1,0.001,how to make steel front bumper,msmarco-passage/train,ielabgroup/vec2text_gtr-base-st_corrector
413,steel production,Extruded die steel Extruded die steel is a scalar-sharp etching process for solids.,KernelDensityGECO,1,0.001,what is die extruded steel?,msmarco-passage/train,ielabgroup/vec2text_gtr-base-st_corrector
413,steel production,"when they return from twilight on Monday, 1 August, Chinese factories return to work and are able to return to work in the future",KernelDensityGECO,1,0.001,when do chinese factories return to work,msmarco-passage/train,ielabgroup/vec2text_gtr-base-st_corrector
413,steel production,per ton (100 to 125 ton) of rebath oil-based rebar is produced at price of United States,KernelDensityGECO,1,0.001,price per ton of us produced rebar,msmarco-passage/train,ielabgroup/vec2text_gtr-base-st_corrector
413,steel production,"bmw factory. Located at the i-Auto factory in the borough of Mashonia (Germany), it is currently on the 9",KernelDensityGECO,1,0.001,where is bmw factory?,msmarco-passage/train,ielabgroup/vec2text_gtr-base-st_corrector
414,"Cuba, sugar, exports","names of guatemal food are the guayabon, guayutlu, pracho and lique",KernelDensityGECO,1,0.001,guatemalan food names,msmarco-passage/train,ielabgroup/vec2text_gtr-base-st_corrector
414,"Cuba, sugar, exports",the salary of a U.S. import and export in the United States with exports above $80/100 and exports below $87,KernelDensityGECO,1,0.001,salary of import and export in usa,msmarco-passage/train,ielabgroup/vec2text_gtr-base-st_corrector
414,"Cuba, sugar, exports","a lot of nascent imports, but the most valuable export is a global warehousing, which is the most",KernelDensityGECO,1,0.001,what's the most valuable export,msmarco-passage/train,ielabgroup/vec2text_gtr-base-st_corrector
414,"Cuba, sugar, exports","a kind of nation, Cuba, is a nation of the CO2 and a generous, wealthy, and generous economy, and the United States",KernelDensityGECO,1,0.001,what kind of nation is cuba,msmarco-passage/train,ielabgroup/vec2text_gtr-base-st_corrector
414,"Cuba, sugar, exports","to convert sugars into a protein, plants need to convert a mixture of sugars and a globulin into proteins and fertilize",KernelDensityGECO,1,0.001,what do plants need to convert sugars into proteins,msmarco-passage/train,ielabgroup/vec2text_gtr-base-st_corrector
414,"Cuba, sugar, exports",1895 with the end of the American embargo on Cuba and the Argentine-Hungary-Coastle United States ended,KernelDensityGECO,1,0.001,when did the united states end its embargo on cuba,msmarco-passage/train,ielabgroup/vec2text_gtr-base-st_corrector
414,"Cuba, sugar, exports","with the country of ""Cocos"", Cocos belongs to OCZE (Netherlands) and in other countries it belongs to a",KernelDensityGECO,1,0.001,what country does cocos belongs to,msmarco-passage/train,ielabgroup/vec2text_gtr-base-st_corrector
414,"Cuba, sugar, exports","rRNA has a type of sugar, n-amino acid, which binds to n-amino acids,",KernelDensityGECO,1,0.001,what type of sugar does rna have,msmarco-passage/train,ielabgroup/vec2text_gtr-base-st_corrector
414,"Cuba, sugar, exports","products, Auckland exports a variety of food and natural resources, which Auckland exports – mainly steroid-cera",KernelDensityGECO,1,0.001,what does auckland export,msmarco-passage/train,ielabgroup/vec2text_gtr-base-st_corrector
414,"Cuba, sugar, exports","(Brown sugar) is made of brown sugar, which is made from acorns, sugar, and tetanin,",KernelDensityGECO,1,0.001,what is brown sugar made of,msmarco-passage/train,ielabgroup/vec2text_gtr-base-st_corrector
415,"drugs, Golden Triangle","a toxic toxicity and a high risk of a blood-strewn drug, singulair is not a bad drug",KernelDensityGECO,1,0.001,is singulair a bad drug,msmarco-passage/train,ielabgroup/vec2text_gtr-base-st_corrector
415,"drugs, Golden Triangle",(datura) is a potent pharmacological drug that is a high concentration of chitone and burgeon in the body,KernelDensityGECO,1,0.001,what is datura?,msmarco-passage/train,ielabgroup/vec2text_gtr-base-st_corrector
415,"drugs, Golden Triangle",classification of drugs is Trospium chloride which is a class of pharmacoethic tetramethylcycline (TCS,KernelDensityGECO,1,0.001,what classification of drugs is trospium chloride,msmarco-passage/train,ielabgroup/vec2text_gtr-base-st_corrector
415,"drugs, Golden Triangle","what happened during the Gold Rush mining camps, and a series of encampments inside the miners' homes, opened, the gold rush memorial",KernelDensityGECO,1,0.001,what happened within the gold rush mining camps,msmarco-passage/train,ielabgroup/vec2text_gtr-base-st_corrector
415,"drugs, Golden Triangle","definition of use of drugs (e.g., esoteric drugs and illicit drug use) are a form of drug illicit activity",KernelDensityGECO,1,0.001,definition of illicit drugs use,msmarco-passage/train,ielabgroup/vec2text_gtr-base-st_corrector
415,"drugs, Golden Triangle",The drug ondansetron is a drug of the pharmacogene eudothimidine and is a drug,KernelDensityGECO,1,0.001,what is the drug ondansetron,msmarco-passage/train,ielabgroup/vec2text_gtr-base-st_corrector
415,"drugs, Golden Triangle","what narcotics are known as, and as a form of tetramine, depressants, narcotic",KernelDensityGECO,1,0.001,narcotics are depressants also known as __________.,msmarco-passage/train,ielabgroup/vec2text_gtr-base-st_corrector
415,"drugs, Golden Triangle","which drugs influence a person's perceptions, behavior, and/or emotions, and a person's perceptions and evocation.",KernelDensityGECO,1,0.001,"_____ drugs influence a person's emotions, perceptions, and behavior.",msmarco-passage/train,ielabgroup/vec2text_gtr-base-st_corrector
415,"drugs, Golden Triangle","tetrahydrocannabinol, a cannabinol, tetradrugol, meaning",KernelDensityGECO,1,0.001,tetrahydrocannabinol meaning,msmarco-passage/train,ielabgroup/vec2text_gtr-base-st_corrector
415,"drugs, Golden Triangle","a sci-fi fantasy, Golden Circle cast: Elizabeth Ann Hobbes, Bobbie Kane, Kevin Williams, Deborah Norton, and most",KernelDensityGECO,1,0.001,golden circle cast,msmarco-passage/train,ielabgroup/vec2text_gtr-base-st_corrector
416,Three Gorges Project,GND news GND news (formerly known as GN-News) is a news and information programme on news from Daruba and Guyana,KernelDensityGECO,1,0.001,what is gnd news,msmarco-passage/train,ielabgroup/vec2text_gtr-base-st_corrector
416,Three Gorges Project,mdgs mdgs are a series of gynaecological and agroceres.,KernelDensityGECO,1,0.001,what are mdgs,msmarco-passage/train,ielabgroup/vec2text_gtr-base-st_corrector
416,Three Gorges Project,"countries of the three continents, Indo-Pacific, North America and the Middle East, the triangular trade was involved in the Triangular Trade",KernelDensityGECO,1,0.001,what three continents were involved in the triangular trade,msmarco-passage/train,ielabgroup/vec2text_gtr-base-st_corrector
416,Three Gorges Project,"Project MONICP Project MONICP is a scavenger mission to locate the savage montaneuk,",KernelDensityGECO,1,0.001,scp what is project montauk,msmarco-passage/train,ielabgroup/vec2text_gtr-base-st_corrector
416,Three Gorges Project,"1963, the three-point seatbelt was commissioned on the day of the introduction of invective seatbelts and safety car in",KernelDensityGECO,1,0.001,when was the three-point seatbelt inve,msmarco-passage/train,ielabgroup/vec2text_gtr-base-st_corrector
416,Three Gorges Project,"which a proposal to unite all colonies for defense purposes (and all states for general policy purposes) was known as the ""Proposal of""",KernelDensityGECO,1,0.001,what was the proposal to unite all colonies for defense purposes known as?,msmarco-passage/train,ielabgroup/vec2text_gtr-base-st_corrector
416,Three Gorges Project,"(education, sex, and arithmetic). The three general purposes are: 1) General purpose, 2) General purpose, and 3)",KernelDensityGECO,1,0.001,what are the three general purposes?,msmarco-passage/train,ielabgroup/vec2text_gtr-base-st_corrector
416,Three Gorges Project,"a special kind of athletic sloop, a triple jump (or “triple jump”) is a jump that is a result",KernelDensityGECO,1,0.001,what is a triple jump,msmarco-passage/train,ielabgroup/vec2text_gtr-base-st_corrector
416,Three Gorges Project,"who played the role of Terri on the NBC series Three's Company, and played a snobby Evie on """,KernelDensityGECO,1,0.001,who played terri on three's company,msmarco-passage/train,ielabgroup/vec2text_gtr-base-st_corrector
416,Three Gorges Project,"because American support was a lean, American support for the triple entente is a major reason for announcing their abandonment of",KernelDensityGECO,1,0.001,why did american support lean toward the triple entente?,msmarco-passage/train,ielabgroup/vec2text_gtr-base-st_corrector
417,creativity,"is creole, an area",KernelDensityGECO,1,0.001,what is creole,msmarco-passage/train,ielabgroup/vec2text_gtr-base-st_corrector
417,creativity,the creative benediction of contemporary verse Blank-contemporary poetry Blank-contemporary poetry is a form of contemporary poetry or poetry,KernelDensityGECO,1,0.001,define contemporary blank verse poetry,msmarco-passage/train,ielabgroup/vec2text_gtr-base-st_corrector
417,creativity,artist's life works called,KernelDensityGECO,1,0.001,artist's life works called,msmarco-passage/train,ielabgroup/vec2text_gtr-base-st_corrector
417,creativity,"hang on the apex of Leonardo da Vinci's creation, Adam Creation was to hang in the Michelangelo mansion,",KernelDensityGECO,1,0.001,michelangelo creation of adam where to hang,msmarco-passage/train,ielabgroup/vec2text_gtr-base-st_corrector
417,creativity,Below the line Talent is a skill set by Michael,KernelDensityGECO,1,0.001,what is below the line talent,msmarco-passage/train,ielabgroup/vec2text_gtr-base-st_corrector
417,creativity,"where talent oregon is located, Talent Oregon is a city in Osceola, Oregon, United States, at 620",KernelDensityGECO,1,0.001,where is talent oregon,msmarco-passage/train,ielabgroup/vec2text_gtr-base-st_corrector
417,creativity,the creative problem solving idea is an idea to solve problems and re-enact them in a creative and skeptical way.,KernelDensityGECO,1,0.001,what are the creative problem solving idea,msmarco-passage/train,ielabgroup/vec2text_gtr-base-st_corrector
417,creativity,"creation (e-laboration of human resources, e-business, e-business, e-business) definition of employment creation Employment creation",KernelDensityGECO,1,0.001,definition employment creation,msmarco-passage/train,ielabgroup/vec2text_gtr-base-st_corrector
417,creativity,by the meaning of “they” or “they” (e.g. “they invented”). Inventors refer to people who have created,KernelDensityGECO,1,0.001,what is mean by inventors,msmarco-passage/train,ielabgroup/vec2text_gtr-base-st_corrector
417,creativity,what material scribe used – he used a set of materials including cis-olefonium and boron to create,KernelDensityGECO,1,0.001,what material did scribe use,msmarco-passage/train,ielabgroup/vec2text_gtr-base-st_corrector
418,"quilts, income",", how many squares are needed for twin",KernelDensityGECO,1,0.001,how many squares do you need for a twin rag quilt,msmarco-passage/train,ielabgroup/vec2text_gtr-base-st_corrector
418,"quilts, income","quilters, who charge a full charge for a baby quilt or a baby quilt, are able to charge a bridle",KernelDensityGECO,1,0.001,what do quilters charge for a baby quilt,msmarco-passage/train,ielabgroup/vec2text_gtr-base-st_corrector
418,"quilts, income","explain to borrowers and borrowers why you need your assets and why you need your income, and why you can tell them that your income is in reality",KernelDensityGECO,1,0.001,how to explain to borrowers why you need their assets and income,msmarco-passage/train,ielabgroup/vec2text_gtr-base-st_corrector
418,"quilts, income","A good way to display quilts is to place them on a flat surface, positioned over a panel and a divider on the back",KernelDensityGECO,1,0.001,how to display quilts,msmarco-passage/train,ielabgroup/vec2text_gtr-base-st_corrector
418,"quilts, income","Fabric lot Fabric lot (singular: fabric) is a mean of a vegetable oil, flint and s",KernelDensityGECO,1,0.001,what does fabric lot mean,msmarco-passage/train,ielabgroup/vec2text_gtr-base-st_corrector
418,"quilts, income",a quilt sleeping bag is a comfort bag or a sleeping bag that is a body-container that is stuffed with sleeping material,KernelDensityGECO,1,0.001,what is a quilt sleeping bag,msmarco-passage/train,ielabgroup/vec2text_gtr-base-st_corrector
418,"quilts, income","income from the town of Seabury bakery to the city of Seattle and have achieved a median income of $17,500-$1,500 per employment",KernelDensityGECO,1,0.001,average income for seattle bakery,msmarco-passage/train,ielabgroup/vec2text_gtr-base-st_corrector
418,"quilts, income",to determine self income by examining the sums of your income (e.g. 501 to 501) and determining the value of employed,KernelDensityGECO,1,0.001,how to determine income for self employed,msmarco-passage/train,ielabgroup/vec2text_gtr-base-st_corrector
418,"quilts, income","minimum income required to participate in Medicare and other Medicare-funded programs will not be less than a minimum of $1,029 a meter",KernelDensityGECO,1,0.001,minimum income required for medicare,msmarco-passage/train,ielabgroup/vec2text_gtr-base-st_corrector
418,"quilts, income","to keep records for your income tax return, income tax return, income tax return, and personal utmost deductibles should you audit personal",KernelDensityGECO,1,0.001,what records should you keep for audit for personal income tax,msmarco-passage/train,ielabgroup/vec2text_gtr-base-st_corrector
419,"recycle, automobile tires","if you get wet, a tire wets up on the car and the result is usually a car stymied",KernelDensityGECO,1,0.001,what happens when you get tire wet on car,msmarco-passage/train,ielabgroup/vec2text_gtr-base-st_corrector
419,"recycle, automobile tires",where you can find winda 205/16 r1616 tires is a car that you can buy at the store or at the road in,KernelDensityGECO,1,0.001,where can i find winda 205/55r16 car tires,msmarco-passage/train,ielabgroup/vec2text_gtr-base-st_corrector
419,"recycle, automobile tires","if a lot of waste is re-used or recycled, can rubberized asphalt that is not rotable can be recycled on the surface",KernelDensityGECO,1,0.001,can rubberized asphalt be recycled,msmarco-passage/train,ielabgroup/vec2text_gtr-base-st_corrector
419,"recycle, automobile tires","is the car equipped with a spare tire, does the ford fusion have a spare tire as well as a spare tire for the starter",KernelDensityGECO,1,0.001,does ford fusion have a spare tire,msmarco-passage/train,ielabgroup/vec2text_gtr-base-st_corrector
419,"recycle, automobile tires","(e.g., the International Vehicle and Tire Load Index) is a good tire load index. It carries a 1.9",KernelDensityGECO,1,0.001,what is a good tire load index,msmarco-passage/train,ielabgroup/vec2text_gtr-base-st_corrector
419,"recycle, automobile tires","a preheat aflange. If the tire is unable to stay stationary, rear tyres can cause permanent howl",KernelDensityGECO,1,0.001,what causes a rear tire to howl?,msmarco-passage/train,ielabgroup/vec2text_gtr-base-st_corrector
419,"recycle, automobile tires","names of the different load ranges, i.e. tires that can be loaded, range 60 to 80, and tire that can be loaded",KernelDensityGECO,1,0.001,what are the different load ranges for tires,msmarco-passage/train,ielabgroup/vec2text_gtr-base-st_corrector
419,"recycle, automobile tires","age requirement of a minimum of 16 years, excluding the age limit of the majority of the workforce, to work at Discount Tires if asked",KernelDensityGECO,1,0.001,age requirement to work at discount tires,msmarco-passage/train,ielabgroup/vec2text_gtr-base-st_corrector
419,"recycle, automobile tires","to determine the diameter of a car tire, use the arithmetic digits / / = 240",KernelDensityGECO,1,0.001,how to figure the diameter of a car tire,msmarco-passage/train,ielabgroup/vec2text_gtr-base-st_corrector
419,"recycle, automobile tires","lb on tires , a new acronym stands for lbrb on a vehicle rudder and lbrb",KernelDensityGECO,1,0.001,what does lrb on tires stand for,msmarco-passage/train,ielabgroup/vec2text_gtr-base-st_corrector
420,carbon monoxide poisoning,"the term ""[[coffeon dioxide]]"" may mean a significantly increased amount of abnormal carbon dioxide in the blood or in noncardia",KernelDensityGECO,1,0.001,the term ____ means abnormally increased carbon dioxide in the blood,msmarco-passage/train,ielabgroup/vec2text_gtr-base-st_corrector
420,carbon monoxide poisoning,"with saponin is toxic, but there is a danger of n-acids, n-acids and the silicone toxic",KernelDensityGECO,1,0.001,is saponin toxic,msmarco-passage/train,ielabgroup/vec2text_gtr-base-st_corrector
420,carbon monoxide poisoning,"the most common foods known to be the most common food poisonings e.g. scallion meat, white bread, black peppers",KernelDensityGECO,1,0.001,most common food poisoning foods,msmarco-passage/train,ielabgroup/vec2text_gtr-base-st_corrector
420,carbon monoxide poisoning,"paint hazards from carc paint. These hazards can be posed by carc paint (coated benzene, contaminant",KernelDensityGECO,1,0.001,carc paint hazards,msmarco-passage/train,ielabgroup/vec2text_gtr-base-st_corrector
420,carbon monoxide poisoning,"msg msa (molyne glucose) is toxic, but after a small number of toxic",KernelDensityGECO,1,0.001,is msg toxic,msmarco-passage/train,ielabgroup/vec2text_gtr-base-st_corrector
420,carbon monoxide poisoning,"a colon infection is a number of symptoms, ranging from white blood cell swollen edema to jaded bowel",KernelDensityGECO,1,0.001,colon infection symptoms,msmarco-passage/train,ielabgroup/vec2text_gtr-base-st_corrector
420,carbon monoxide poisoning,carbonized steel (carbonisofur sulphate carbonate) is a pyroxene-carbon steel that is oxid,KernelDensityGECO,1,0.001,what is carbonized steel,msmarco-passage/train,ielabgroup/vec2text_gtr-base-st_corrector
420,carbon monoxide poisoning,"on a poison venom (venomous venom, venomous rhododendron) is poison",KernelDensityGECO,1,0.001,is venom poisonous,msmarco-passage/train,ielabgroup/vec2text_gtr-base-st_corrector
420,carbon monoxide poisoning,"What the punishment is, poisoning someone is the Punishment for poisoning someone or causing them to poison someone's body or a possession",KernelDensityGECO,1,0.001,what is the punishment for poisoning someone,msmarco-passage/train,ielabgroup/vec2text_gtr-base-st_corrector
420,carbon monoxide poisoning,"in the city of Lombardy, France, poison gas (potent poison gas) was invented in ancient Egypt by Johann Agassus (",KernelDensityGECO,1,0.001,where was poison gas invented,msmarco-passage/train,ielabgroup/vec2text_gtr-base-st_corrector
421,industrial waste disposal,"People make their waste by putting waste into a bin of rubbish and toxins and by forming and processing waste and pollution, and in some cases",KernelDensityGECO,1,0.001,how do people make waste and pollution,msmarco-passage/train,ielabgroup/vec2text_gtr-base-st_corrector
421,industrial waste disposal,Make sterile water for irrigation by using a sterile water-solubility method and using water that will pass through the clean water,KernelDensityGECO,1,0.001,how to make sterile water for irrigation,msmarco-passage/train,ielabgroup/vec2text_gtr-base-st_corrector
421,industrial waste disposal,"severe intestinal rumbling. Chronic rumbling of the intestines, or gastrointestinal rashes, is a rare form of nausea",KernelDensityGECO,1,0.001,severe intestinal rumbling,msmarco-passage/train,ielabgroup/vec2text_gtr-base-st_corrector
421,industrial waste disposal,"largest e waste. For the year 2015, e-waste is ranked as the largest waste of e-imagine and e",KernelDensityGECO,1,0.001,largest e waste,msmarco-passage/train,ielabgroup/vec2text_gtr-base-st_corrector
421,industrial waste disposal,"a way to identify waste in a process is by using the ""I"" and ""I"" inputs and showing the process value and the lack",KernelDensityGECO,1,0.001,how to identify waste in a process,msmarco-passage/train,ielabgroup/vec2text_gtr-base-st_corrector
421,industrial waste disposal,A cart that is able to collect manure is called a 'manure pond' (synthesizer pond,KernelDensityGECO,1,0.001,what is a cart to collect manure called,msmarco-passage/train,ielabgroup/vec2text_gtr-base-st_corrector
421,industrial waste disposal,divide waste management hours co-op division COLORUS WORKSHOP division COLORUS WORKSHOP division 00-5:00,KernelDensityGECO,1,0.001,waste management divide colorado hours,msmarco-passage/train,ielabgroup/vec2text_gtr-base-st_corrector
421,industrial waste disposal,which is a method of safe handing or a method of safe handing of the hazardous waste and the material containing the waste under the following,KernelDensityGECO,1,0.001,which of the following is a method for the safe handing of hazardous waste and hazardous material,msmarco-passage/train,ielabgroup/vec2text_gtr-base-st_corrector
421,industrial waste disposal,"used used pinball machines (used bobshanks, used discs, used pythons) for sale at $1 per",KernelDensityGECO,1,0.001,used pinball machines for sale,msmarco-passage/train,ielabgroup/vec2text_gtr-base-st_corrector
421,industrial waste disposal,"on Microsoft Windows, the recycle program on Windows is located under the ""Recycle"" window in the ""Wide-Wrap"" file manager on",KernelDensityGECO,1,0.001,where is the recycle program on windows,msmarco-passage/train,ielabgroup/vec2text_gtr-base-st_corrector
422,"art, stolen, forged","are art, i.e., drawing art, painting, reliving art and imagining the beautiful bones of children, fictional characters exist",KernelDensityGECO,1,0.001,are fictional characters art,msmarco-passage/train,ielabgroup/vec2text_gtr-base-st_corrector
422,"art, stolen, forged",when the L.A.M.S. was stolen in a 1496 sabotage operation and the Mona Lisa is stolen in,KernelDensityGECO,1,0.001,when was the mona lisa stolen,msmarco-passage/train,ielabgroup/vec2text_gtr-base-st_corrector
422,"art, stolen, forged",who HEdda steals the document from. The document is stealing it from a CIA executive who uses it to steal from Li,KernelDensityGECO,1,0.001,who does hedda steal the document from,msmarco-passage/train,ielabgroup/vec2text_gtr-base-st_corrector
422,"art, stolen, forged","types of artwork are Art paintings – emaciated paintings of a woman’s face, slender swaddling",KernelDensityGECO,1,0.001,types of artwork paintings,msmarco-passage/train,ielabgroup/vec2text_gtr-base-st_corrector
422,"art, stolen, forged","the two processes used to make steel in ancient times, i.e. abrasimovite and apron, ancient",KernelDensityGECO,1,0.001,what two process where used to make steel in ancient times,msmarco-passage/train,ielabgroup/vec2text_gtr-base-st_corrector
422,"art, stolen, forged",Alluring               meaning,KernelDensityGECO,1,0.001,meaning of alluring,msmarco-passage/train,ielabgroup/vec2text_gtr-base-st_corrector
422,"art, stolen, forged","definition of a fraud, a practice known as frauds of the equivalence of the equivalences (aka",KernelDensityGECO,1,0.001,definition of frauds,msmarco-passage/train,ielabgroup/vec2text_gtr-base-st_corrector
422,"art, stolen, forged","how a blacksmith works, it works by a forge to hold a basket of black metal gilded materials and make them",KernelDensityGECO,1,0.001,how does a blacksmith forge work,msmarco-passage/train,ielabgroup/vec2text_gtr-base-st_corrector
422,"art, stolen, forged","'colluded', is a meaning that a certain remark or a remark is made in a court decision",KernelDensityGECO,1,0.001,what is colluded mean,msmarco-passage/train,ielabgroup/vec2text_gtr-base-st_corrector
422,"art, stolen, forged","definition unforgiving fever is a fever that develops over the elasticity of the fetus, aka nask",KernelDensityGECO,1,0.001,define unforgiving fever,msmarco-passage/train,ielabgroup/vec2text_gtr-base-st_corrector
423,"Milosevic, Mirjana Markovic",the mara salvacha gang are the sanfrancisco gang and her heirs Mara Trujillo Flor,KernelDensityGECO,1,0.001,who are the mara salvatrucha gang,msmarco-passage/train,ielabgroup/vec2text_gtr-base-st_corrector
423,"Milosevic, Mirjana Markovic","Mike Tirico Mike Tirico is a former .011 runner-up, a veteran of the sport of Carlos tir",KernelDensityGECO,1,0.001,who is mike tirico,msmarco-passage/train,ielabgroup/vec2text_gtr-base-st_corrector
423,"Milosevic, Mirjana Markovic","Geronimo  alias Geronimo  alias Geraldino  , was a Swiss expedition",KernelDensityGECO,1,0.001,who was geronimo,msmarco-passage/train,ielabgroup/vec2text_gtr-base-st_corrector
423,"Milosevic, Mirjana Markovic",the Michelin Star is a star that is one of the top cars of the Michelin fleet and is the Mercedes-Benz M.1,KernelDensityGECO,1,0.001,what is the michelin star,msmarco-passage/train,ielabgroup/vec2text_gtr-base-st_corrector
423,"Milosevic, Mirjana Markovic","has 6 children Max Mirnyi has, Max dsipaulsi has 2 and Veronica McGinniss has",KernelDensityGECO,1,0.001,how many children does max mirnyi have,msmarco-passage/train,ielabgroup/vec2text_gtr-base-st_corrector
423,"Milosevic, Mirjana Markovic","lancia musa a la mercia d'aisia, or lancia musa, commercially manufactured",KernelDensityGECO,1,0.001,lancia musa,msmarco-passage/train,ielabgroup/vec2text_gtr-base-st_corrector
423,"Milosevic, Mirjana Markovic","at a height of 163 ft (5.5 m), Maria Sharapova / Msharaina Smirnoffs",KernelDensityGECO,1,0.001,how tall is maria sharapova,msmarco-passage/train,ielabgroup/vec2text_gtr-base-st_corrector
423,"Milosevic, Mirjana Markovic",(Michaelin group)           definition,KernelDensityGECO,1,0.001,michelin group definition,msmarco-passage/train,ielabgroup/vec2text_gtr-base-st_corrector
423,"Milosevic, Mirjana Markovic",melicina tihask melicina tihask tri,KernelDensityGECO,1,0.001,tricia melnichak,msmarco-passage/train,ielabgroup/vec2text_gtr-base-st_corrector
423,"Milosevic, Mirjana Markovic","who were Imagist models. They are the model of Alice Miranda, Helen Fetzer, and Alice Irving, U.S.A.",KernelDensityGECO,1,0.001,who were imagist models,msmarco-passage/train,ielabgroup/vec2text_gtr-base-st_corrector
424,suicides,TIROS incident TIROS incident is an incident relating to Alexandros Stronacha's terrorism and,KernelDensityGECO,1,0.001,what is tiros incident,msmarco-passage/train,ielabgroup/vec2text_gtr-base-st_corrector
424,suicides,"by the American Immuno-autoimmune Society (AUCS) in the wake of the recent global health epidemic, is that there is an autoimm",KernelDensityGECO,1,0.001,is there an autoimmune epidemic,msmarco-passage/train,ielabgroup/vec2text_gtr-base-st_corrector
424,suicides,"types of isolating events are i.e., reporting - isolated events, a report to the news media,",KernelDensityGECO,1,0.001,what are type of reporting isolating events,msmarco-passage/train,ielabgroup/vec2text_gtr-base-st_corrector
424,suicides,"c. v. 82. This example is a hypothetical example of symbolic suicide, in which the symbol of canceling died.",KernelDensityGECO,1,0.001,which of the following is an example of symbolic suicide?,msmarco-passage/train,ielabgroup/vec2text_gtr-base-st_corrector
424,suicides,"due to a lack of information on how students are diagnosed with depression, 1.7 million students (currently enrolled in a study) are diagnosed",KernelDensityGECO,1,0.001,how many students are diagnosed with depression,msmarco-passage/train,ielabgroup/vec2text_gtr-base-st_corrector
424,suicides,"number of lives due to the quality of the pcori financial resources, averaging 1,013 lives lives. This is an average of 1,",KernelDensityGECO,1,0.001,pcori average number of lives,msmarco-passage/train,ielabgroup/vec2text_gtr-base-st_corrector
424,suicides,"which, among other things, explains the theory of deviance, which hypothesizes why individuals don't commit crimes. Deviance",KernelDensityGECO,1,0.001,which theory of deviance tries to explain why individuals do not commit crime?,msmarco-passage/train,ielabgroup/vec2text_gtr-base-st_corrector
424,suicides,"cliffs (also known as cliffs) are a series of small, low-surface arctic cliffs on ice and",KernelDensityGECO,1,0.001,what are cliffs,msmarco-passage/train,ielabgroup/vec2text_gtr-base-st_corrector
424,suicides,"meaning of vehicular homicide: the homicide of a vehicle, homicide of a vehicle, or homicide of",KernelDensityGECO,1,0.001,meaning of vehicular homicide,msmarco-passage/train,ielabgroup/vec2text_gtr-base-st_corrector
424,suicides,"before a school called ""Supine"" in which about 1 in 10 kids have committed suicide due to bullying, and the remaining 2,000 who.",KernelDensityGECO,1,0.001,how many kids have committed suicide because of bullying?,msmarco-passage/train,ielabgroup/vec2text_gtr-base-st_corrector
425,counterfeiting money,Money lau Money lau () is a financial arts and entertainment facility in the land Vitsu,KernelDensityGECO,1,0.001,what is money lau,msmarco-passage/train,ielabgroup/vec2text_gtr-base-st_corrector
425,counterfeiting money,"currency of singapore, i.e., the dollar of Singapore, sungapore and ridollar, are currently used",KernelDensityGECO,1,0.001,currency of singapore dollar,msmarco-passage/train,ielabgroup/vec2text_gtr-base-st_corrector
425,counterfeiting money,definition of consumer fraud (a form of financial fraud by a non-disclaimer group or a company or a consumer’s insurance,KernelDensityGECO,1,0.001,definition of consumer fraud,msmarco-passage/train,ielabgroup/vec2text_gtr-base-st_corrector
425,counterfeiting money,"legal definition of 'feudal fraud', a legal act, a legal fraud is a legal act involving a",KernelDensityGECO,1,0.001,legal fraud definition,msmarco-passage/train,ielabgroup/vec2text_gtr-base-st_corrector
425,counterfeiting money,a 'Bill' made by the Charismatic treasury is the largest denomination bill to be made and it has been made,KernelDensityGECO,1,0.001,what is the largest denomination bill that is made,msmarco-passage/train,ielabgroup/vec2text_gtr-base-st_corrector
425,counterfeiting money,"by the e-goddess of L.O.N. (behavior), an honest coin is the meaning of cryptocurrencies",KernelDensityGECO,1,0.001,the meaning of honest coin,msmarco-passage/train,ielabgroup/vec2text_gtr-base-st_corrector
425,counterfeiting money,"has been applied to derivatives (derivatives of currencies, inflation, e.g., the US GDP, Italy) is currency derivative",KernelDensityGECO,1,0.001,is currency derivatives,msmarco-passage/train,ielabgroup/vec2text_gtr-base-st_corrector
425,counterfeiting money,i.e. iceland you use money i.e. tidal and korpalan cards to use,KernelDensityGECO,1,0.001,what money do you use in iceland,msmarco-passage/train,ielabgroup/vec2text_gtr-base-st_corrector
425,counterfeiting money,(nominated by the e-commerce service) a virtual currency does have a face value which can be viewed as real cash,KernelDensityGECO,1,0.001,does virtual currency have a face value,msmarco-passage/train,ielabgroup/vec2text_gtr-base-st_corrector
425,counterfeiting money,"(e.g., the franc, the dollar, the musket or the tarnish) is a major currency",KernelDensityGECO,1,0.001,what is a major currency,msmarco-passage/train,ielabgroup/vec2text_gtr-base-st_corrector
426,"law enforcement, dogs",type of drone (e.g. a quadro drone or a barebit quadro drone) are used by police s,KernelDensityGECO,1,0.001,what type of drones are used by police,msmarco-passage/train,ielabgroup/vec2text_gtr-base-st_corrector
426,"law enforcement, dogs",Spn in law enforcement is a specialized psn used in the United States Department of State for identifying and locating firearms,KernelDensityGECO,1,0.001,what is spn in law enforcement,msmarco-passage/train,ielabgroup/vec2text_gtr-base-st_corrector
426,"law enforcement, dogs",Make a dog hard by preparing a large erect gill and opening a bouncy membrane. Make a dog hard,KernelDensityGECO,1,0.001,how to make a dog hard,msmarco-passage/train,ielabgroup/vec2text_gtr-base-st_corrector
426,"law enforcement, dogs",dog s captivity s           cats,KernelDensityGECO,1,0.001,dogs vs cats captivity,msmarco-passage/train,ielabgroup/vec2text_gtr-base-st_corrector
426,"law enforcement, dogs","of the dogs shown in the movie, The Valley of Violence, in which the dog in the movie is a type of lion-carnivor",KernelDensityGECO,1,0.001,what kind of dog is in the movie in the valley of violence,msmarco-passage/train,ielabgroup/vec2text_gtr-base-st_corrector
426,"law enforcement, dogs",of codes (Codes) Code Enforcement (or Code of Firearms and Other Codes) is a method of implementing compliance with the federal,KernelDensityGECO,1,0.001,what is codes enforcement,msmarco-passage/train,ielabgroup/vec2text_gtr-base-st_corrector
426,"law enforcement, dogs",(or police) originated from the Breton and Charles Saxony. Police origins date back to 864 AD. Their origins are unclear,KernelDensityGECO,1,0.001,where did police originate,msmarco-passage/train,ielabgroup/vec2text_gtr-base-st_corrector
426,"law enforcement, dogs","where a dog handler (dove handlers) will receive a salary of $1,500 to $1,500 a year",KernelDensityGECO,1,0.001,what is the salary for a dog handler,msmarco-passage/train,ielabgroup/vec2text_gtr-base-st_corrector
426,"law enforcement, dogs",(a.k.a. a police communication officer) is a police officer who is a communication officer who is able to communicate with,KernelDensityGECO,1,0.001,what is a police communication officer,msmarco-passage/train,ielabgroup/vec2text_gtr-base-st_corrector
426,"law enforcement, dogs",a dog chasing tail (or chasing after a dog) means chasing her/his tail and sometimes it means chasing smaller animals or,KernelDensityGECO,1,0.001,dog chasing tail meaning,msmarco-passage/train,ielabgroup/vec2text_gtr-base-st_corrector
427,"UV damage, eyes","after a bout with mucinosis, people's eyes can sometimes feel smog can hurt their eyes as they irritate",KernelDensityGECO,1,0.001,can smog make your eyes hurt,msmarco-passage/train,ielabgroup/vec2text_gtr-base-st_corrector
427,"UV damage, eyes",uV glue uV glue (also known as uonitinum glue) is a bright ultraviolet pigment. It is a,KernelDensityGECO,1,0.001,what is uv glue,msmarco-passage/train,ielabgroup/vec2text_gtr-base-st_corrector
427,"UV damage, eyes","a result of a movement of retinas or gliosauria, will cause eyes to see the color rainbows (arcing",KernelDensityGECO,1,0.001,what causes eyes to see arcing color rainbows,msmarco-passage/train,ielabgroup/vec2text_gtr-base-st_corrector
427,"UV damage, eyes",a perg in optometry 1       is an optometry or vision analysis,KernelDensityGECO,1,0.001,what is an perg in optometry,msmarco-passage/train,ielabgroup/vec2text_gtr-base-st_corrector
427,"UV damage, eyes",a visual leak is a leak of visual information that results in a visual-sight release. This is often referred to as a,KernelDensityGECO,1,0.001,what is a visual leak?,msmarco-passage/train,ielabgroup/vec2text_gtr-base-st_corrector
427,"UV damage, eyes",Using a cpa or cpa as a guideline or a cardiac can affect your eyes and eyes,KernelDensityGECO,1,0.001,can using cpap affects your eyes,msmarco-passage/train,ielabgroup/vec2text_gtr-base-st_corrector
427,"UV damage, eyes","eyes consume a large amount of calories, as well as a high level of calorie intake for food and body fat, it produces a spike",KernelDensityGECO,1,0.001,eyes consume a large of amount of calories,msmarco-passage/train,ielabgroup/vec2text_gtr-base-st_corrector
427,"UV damage, eyes",when the sun shines on a sunny day. The UV (Uniform Vein Index) index is a figure of 3.3 to,KernelDensityGECO,1,0.001,what does the uv index on a sunny day,msmarco-passage/train,ielabgroup/vec2text_gtr-base-st_corrector
427,"UV damage, eyes","if video games are used to elicit eyevisual attention from thed eye, can trigger eye seizures from a",KernelDensityGECO,1,0.001,can videogames trigger eye seizures,msmarco-passage/train,ielabgroup/vec2text_gtr-base-st_corrector
427,"UV damage, eyes","causes of eye weakness are a combination of a risk of a blood clot, such as diabetes, which can cause eye muscle weakness",KernelDensityGECO,1,0.001,causes of eye muscle weakness,msmarco-passage/train,ielabgroup/vec2text_gtr-base-st_corrector
428,declining birth rates,statistics U.S. city population statistics U.S. city population statistics are statistics of the state of the United States using a data tally,KernelDensityGECO,1,0.001,us city population statistics,msmarco-passage/train,ielabgroup/vec2text_gtr-base-st_corrector
428,declining birth rates,"the most common causes of sub-involution of the uterus. Consequentially, adiminia, and/or",KernelDensityGECO,1,0.001,"what are the most common causes for subinvolution of the uterus?, quizlet",msmarco-passage/train,ielabgroup/vec2text_gtr-base-st_corrector
428,declining birth rates,"benefits from society (using birth control methods) and a low amount of obviation, feminization and fertility control in society",KernelDensityGECO,1,0.001,benefits of society for using birth control methods,msmarco-passage/train,ielabgroup/vec2text_gtr-base-st_corrector
428,declining birth rates,"are babies born earlier and there is a growing awareness of the sclerosis of the sexes, and babies who are born too early are",KernelDensityGECO,1,0.001,are babies being born earlier,msmarco-passage/train,ielabgroup/vec2text_gtr-base-st_corrector
428,declining birth rates,"number of children with disabilities, between 0 and 2.2 million children with developmental delays, accompanied by a two- to four-thrill",KernelDensityGECO,1,0.001,number of children with developmental delays,msmarco-passage/train,ielabgroup/vec2text_gtr-base-st_corrector
428,declining birth rates,Explain how demographic and ethnic changes in both healthcare and patient trends will affect future propitulation and how providers will change phenomenologically and,KernelDensityGECO,1,0.001,Explain how changing ethnic and demographic trends in both patient and provider propulations will affect the future of healthcare,msmarco-passage/train,ielabgroup/vec2text_gtr-base-st_corrector
428,declining birth rates,issues affecting the deer population in Ireland (the red fox reed population) has been a problem in the landslides,KernelDensityGECO,1,0.001,issues affecting the red deer population in ireland,msmarco-passage/train,ielabgroup/vec2text_gtr-base-st_corrector
428,declining birth rates,in the United States              poverty,KernelDensityGECO,1,0.001,us poverty rate,msmarco-passage/train,ielabgroup/vec2text_gtr-base-st_corrector
428,declining birth rates,"premature neonate, a pre-obstetric pre-implantation of a fetus, defined as an early uterus,",KernelDensityGECO,1,0.001,premature neonate definition,msmarco-passage/train,ielabgroup/vec2text_gtr-base-st_corrector
428,declining birth rates,"expected rate for the U.S., slated for a post-independence rate of 3.1 / U.S. growth.",KernelDensityGECO,1,0.001,what is u.s. expected growth rate?,msmarco-passage/train,ielabgroup/vec2text_gtr-base-st_corrector
429,Legionnaires' disease,(also known as neuron disease) is a disease of the musculature of the brain and a neuroendocrine disease,KernelDensityGECO,1,0.001,what is a neuron disease,msmarco-passage/train,ielabgroup/vec2text_gtr-base-st_corrector
429,Legionnaires' disease,"disorders caused by gene mutations in a number of human genes, including a gene defect caused by inherited glucosis and autism",KernelDensityGECO,1,0.001,disorders caused by gene mutations,msmarco-passage/train,ielabgroup/vec2text_gtr-base-st_corrector
429,Legionnaires' disease,"disease (lohmigopause, alopectosis, and a dermatitis) that affects skin pigmentation",KernelDensityGECO,1,0.001,disease that affects skin pigmentation,msmarco-passage/train,ielabgroup/vec2text_gtr-base-st_corrector
429,Legionnaires' disease,"lynch-moffitt center cancer syndrome , dubbed lynch-moffitt Lynch cancer octal cancer",KernelDensityGECO,1,0.001,moffitt cancer center lynch syndrome,msmarco-passage/train,ielabgroup/vec2text_gtr-base-st_corrector
429,Legionnaires' disease,(Lyngitis) is a disease of the lymphoid flora and intestines or lymphangitis,KernelDensityGECO,1,0.001,what is lymphangitis,msmarco-passage/train,ielabgroup/vec2text_gtr-base-st_corrector
429,Legionnaires' disease,"illnesses that Germans are known for, Germans are known for ailment, aplastic hyperplasia, a cold and",KernelDensityGECO,1,0.001,what illnesses are germans known for,msmarco-passage/train,ielabgroup/vec2text_gtr-base-st_corrector
429,Legionnaires' disease,disease GRB disease. This disease is a rare pigmented rb syndrome. It is a disease of the rb,KernelDensityGECO,1,0.001,grb disease,msmarco-passage/train,ielabgroup/vec2text_gtr-base-st_corrector
429,Legionnaires' disease,"people, who develop it. Angelman syndrome affects angels (anginae lateralis, a joint of the brain, a heart",KernelDensityGECO,1,0.001,who does angelman syndrome affect,msmarco-passage/train,ielabgroup/vec2text_gtr-base-st_corrector
429,Legionnaires' disease,one of the diseases that are caused by a lysogenic disease that is a result of a virus known as lysovirus,KernelDensityGECO,1,0.001,name one disease that is caused by a lysogenic virus,msmarco-passage/train,ielabgroup/vec2text_gtr-base-st_corrector
429,Legionnaires' disease,"types of Von Willebrand's disease, most notably: type one, Prince Edward's syndrome and Valcithysia",KernelDensityGECO,1,0.001,types of von willebrand's disease,msmarco-passage/train,ielabgroup/vec2text_gtr-base-st_corrector
430,killer bee attacks,"sprained scyphoid (sepsis flu or sepsis nervosa), the death",KernelDensityGECO,1,0.001,sepsis flu death,msmarco-passage/train,ielabgroup/vec2text_gtr-base-st_corrector
430,killer bee attacks,"if you have a deadly allergic reaction, you end up with a blessed, inhaling your body and your reaction fights",KernelDensityGECO,1,0.001,what happens if you have an deadly allergic reaction,msmarco-passage/train,ielabgroup/vec2text_gtr-base-st_corrector
430,killer bee attacks,"was a eunuch emily, and Hillary Edda (née Dunhill) was a beekeeper. Advisory",KernelDensityGECO,1,0.001,was edmund hillary a beekeeper?,msmarco-passage/train,ielabgroup/vec2text_gtr-base-st_corrector
430,killer bee attacks,by the 'Kingdom of the Chasteros' and a lot of 'Sprintprint' papyrus gets killed will die,KernelDensityGECO,1,0.001,does papyrus get killed,msmarco-passage/train,ielabgroup/vec2text_gtr-base-st_corrector
430,killer bee attacks,"disease called the silent killer (named after the adenovirus alopecia atrialis), and is called the silent killer.",KernelDensityGECO,1,0.001,what disease is called the silent killer?,msmarco-passage/train,ielabgroup/vec2text_gtr-base-st_corrector
430,killer bee attacks,urticaria and the risk of a pheasant dreadful aceae is that urticaria is,KernelDensityGECO,1,0.001,is urticaria deadly,msmarco-passage/train,ielabgroup/vec2text_gtr-base-st_corrector
430,killer bee attacks,"the AIDS attack in the body, HIV (HIV Afficionados Virus) attacks the body to strike at the joints",KernelDensityGECO,1,0.001,what does hiv attack in the body,msmarco-passage/train,ielabgroup/vec2text_gtr-base-st_corrector
430,killer bee attacks,"who died in Benghazi, who, along with a number of other U.S. officials, died in the wake of the FBI",KernelDensityGECO,1,0.001,who died in benghazi,msmarco-passage/train,ielabgroup/vec2text_gtr-base-st_corrector
430,killer bee attacks,a dose of beryl or a high dosage of benzopyrene or benedicipan is considered an overdose of,KernelDensityGECO,1,0.001,what is considered an overdose of benadryl,msmarco-passage/train,ielabgroup/vec2text_gtr-base-st_corrector
430,killer bee attacks,"there is a rash or a belated styrene disease: hives is a disease, a",KernelDensityGECO,1,0.001,is hives a disease,msmarco-passage/train,ielabgroup/vec2text_gtr-base-st_corrector
431,robotic technology,"technology, the Appendix amputation technology provides direct method of removal of a spherical appendix, a second later",KernelDensityGECO,1,0.001,technology of appendix removal,msmarco-passage/train,ielabgroup/vec2text_gtr-base-st_corrector
431,robotic technology,api system api systems (also known as API systems or BI-Systems) are a set of data systems which are a system,KernelDensityGECO,1,0.001,what are api systems,msmarco-passage/train,ielabgroup/vec2text_gtr-base-st_corrector
431,robotic technology,"technology, the Key Technology, which was the key to the efficiency, remained in place in the wake of the burgeoning energy-efficiency",KernelDensityGECO,1,0.001,what technology was the key to the efficiency,msmarco-passage/train,ielabgroup/vec2text_gtr-base-st_corrector
431,robotic technology,"is a robotic hysterectomy (hysterectomy occlusion of a surgical procedure) is an inpatient procedure,",KernelDensityGECO,1,0.001,is robotic hysterectomy a inpatient procedure,msmarco-passage/train,ielabgroup/vec2text_gtr-base-st_corrector
431,robotic technology,if a new controller or remote control system is available or if a new one is available. drone remote control controls are interchangeable for,KernelDensityGECO,1,0.001,are drone remote controls interchangeable,msmarco-passage/train,ielabgroup/vec2text_gtr-base-st_corrector
431,robotic technology,(known as drones) is a form of drone technology that is a form of adolescence on the Earth byheli,KernelDensityGECO,1,0.001,what is drones,msmarco-passage/train,ielabgroup/vec2text_gtr-base-st_corrector
431,robotic technology,"technologies are described using nanoparticles, nanosale technologies, and neosatellite technologies, as described by the Stanford",KernelDensityGECO,1,0.001,what technologies are described with nanotechnologies,msmarco-passage/train,ielabgroup/vec2text_gtr-base-st_corrector
431,robotic technology,"Approximately 1 million sold units of robotic vacuum cleaners remaining, and a total number of 2.4 million sold (equivalent to $ in",KernelDensityGECO,1,0.001,number of robotic  vacuum cleaners sold,msmarco-passage/train,ielabgroup/vec2text_gtr-base-st_corrector
431,robotic technology,"to learn what you need to know in your responsibilities and the workings of radiology, a major must be learned as a radiation techn",KernelDensityGECO,1,0.001,what you must learn in becoming a radiology tech,msmarco-passage/train,ielabgroup/vec2text_gtr-base-st_corrector
431,robotic technology,the genre of the raft by Bodeen Pritzentaarn & Darren Sandberg. It is a SA,KernelDensityGECO,1,0.001,what is the genre of the raft by sa bodeen,msmarco-passage/train,ielabgroup/vec2text_gtr-base-st_corrector
432,"profiling, motorists, police","a term special to take property, a requirement to search someone and use the person’s property or seized property, varies depending on the",KernelDensityGECO,1,0.001,what term special needed to search or take someone property,msmarco-passage/train,ielabgroup/vec2text_gtr-base-st_corrector
432,"profiling, motorists, police",a sid stands for law enforcement and a sid stands for sid in the U.S. Department of Justice and in the California Police,KernelDensityGECO,1,0.001,what does sid stand for in law enforcement,msmarco-passage/train,ielabgroup/vec2text_gtr-base-st_corrector
432,"profiling, motorists, police","a cian from Washington, D.C. and a franc from Philadelphia, which state created the first modern state police agency,",KernelDensityGECO,1,0.001,which state created the first modern police agency,msmarco-passage/train,ielabgroup/vec2text_gtr-base-st_corrector
432,"profiling, motorists, police","the difference between a police officer and a law enforcement officer, which is a position of a policing officer and a worker",KernelDensityGECO,1,0.001,what is the difference between law enforcement officer and a police officer,msmarco-passage/train,ielabgroup/vec2text_gtr-base-st_corrector
432,"profiling, motorists, police","Function of the F.B.I., with interrogation and surveillance of data, remain the primary function of the FBI (FBI).",KernelDensityGECO,1,0.001,what is the primary function of the fbi?,msmarco-passage/train,ielabgroup/vec2text_gtr-base-st_corrector
432,"profiling, motorists, police","people who meet at the police mound and have a chance to meet with their students or police officers on the evening of May 25, the Flower Mound",KernelDensityGECO,1,0.001,when does the flower mound citizens police association meet,msmarco-passage/train,ielabgroup/vec2text_gtr-base-st_corrector
432,"profiling, motorists, police",. The promotion system and the rank system in policing is the time based on when to receive a start and when to finish,KernelDensityGECO,1,0.001,what is the promotion system and the time in rank in policing,msmarco-passage/train,ielabgroup/vec2text_gtr-base-st_corrector
432,"profiling, motorists, police",definition               Criminal procedure,KernelDensityGECO,1,0.001,definition criminal procedure,msmarco-passage/train,ielabgroup/vec2text_gtr-base-st_corrector
432,"profiling, motorists, police","points on a license for speeding, a fine of 1001 s for speeding and a fine of 1 for driving",KernelDensityGECO,1,0.001,points on license for speeding,msmarco-passage/train,ielabgroup/vec2text_gtr-base-st_corrector
432,"profiling, motorists, police","if a foreigner is lodged police report against him if he is allowed to come to Singapore, he is still to come",KernelDensityGECO,1,0.001,if lodged a police report against foreigner is he still can come to Singapore,msmarco-passage/train,ielabgroup/vec2text_gtr-base-st_corrector
433,"Greek, philosophy, stoicism",autonomy (Greek            ) meaning,KernelDensityGECO,1,0.001,autonomy meaning in greek,msmarco-passage/train,ielabgroup/vec2text_gtr-base-st_corrector
433,"Greek, philosophy, stoicism","(philosophical skepticism, or philosophical skepticism) is a skepticism of the body in which people",KernelDensityGECO,1,0.001,what is philosophical skepticism,msmarco-passage/train,ielabgroup/vec2text_gtr-base-st_corrector
433,"Greek, philosophy, stoicism","a Greek colony (Greek  , Greek       ) is",KernelDensityGECO,1,0.001,what is a greek colony,msmarco-passage/train,ielabgroup/vec2text_gtr-base-st_corrector
433,"Greek, philosophy, stoicism","what is the stoic response to what is the so-called lazy argument, or, if anything, what is the lazy argument?",KernelDensityGECO,1,0.001,what is the stoic response to the so-called lazy argument?,msmarco-passage/train,ielabgroup/vec2text_gtr-base-st_corrector
433,"Greek, philosophy, stoicism","Aristotle is said to tell us something about the aristocrats, and he says that we do not find anything about character",KernelDensityGECO,1,0.001,what does aristotle say about character,msmarco-passage/train,ielabgroup/vec2text_gtr-base-st_corrector
433,"Greek, philosophy, stoicism",wine (Greek:,KernelDensityGECO,1,0.001,wine: greek definition,msmarco-passage/train,ielabgroup/vec2text_gtr-base-st_corrector
433,"Greek, philosophy, stoicism","which character would be considered heroic (i.e., a hero of the myths of ancient Greek mythology) in 660 BC.",KernelDensityGECO,1,0.001,which character would be considered heroic in ancient greek myths?,msmarco-passage/train,ielabgroup/vec2text_gtr-base-st_corrector
433,"Greek, philosophy, stoicism","he wrote the book of philosophy of right, a work of J. R. Cochran and Nicholas L. Teresa, “The Elements",KernelDensityGECO,1,0.001,who wrote book the elements of the philosophy of right,msmarco-passage/train,ielabgroup/vec2text_gtr-base-st_corrector
433,"Greek, philosophy, stoicism",a form for         is the ideal state of Aristotle for the,KernelDensityGECO,1,0.001,what is the form of the ideal state for aristotle,msmarco-passage/train,ielabgroup/vec2text_gtr-base-st_corrector
433,"Greek, philosophy, stoicism","who is a famous Greek philosopher, or a tragedy of philosophers, is a famous philosopher, Alessandro Morassi",KernelDensityGECO,1,0.001,who is a famous greek philosopher,msmarco-passage/train,ielabgroup/vec2text_gtr-base-st_corrector
434,"Estonia, economy",increases in U.S. imports. The increase in imports increases economics and increases the United States-Pontomimean GDP by,KernelDensityGECO,1,0.001,what increases us imports economics,msmarco-passage/train,ielabgroup/vec2text_gtr-base-st_corrector
434,"Estonia, economy",EL efe el efe is a food and cash-sale and a special product of the Spanish,KernelDensityGECO,1,0.001,what is el efe,msmarco-passage/train,ielabgroup/vec2text_gtr-base-st_corrector
434,"Estonia, economy",in a state where economic corruption is a major issue. Economic corruption is a major issue in — — — — —,KernelDensityGECO,1,0.001,economic corruption is a major issue in __________.,msmarco-passage/train,ielabgroup/vec2text_gtr-base-st_corrector
434,"Estonia, economy",is fuel cell economical (electrolytes are a source for a few liters of fuel) or other energy sources are unavailable.,KernelDensityGECO,1,0.001,are fuel cell sources economical?,msmarco-passage/train,ielabgroup/vec2text_gtr-base-st_corrector
434,"Estonia, economy","used for economic systems are the economic systems, which are used to provide a system for people with money, a system of poverty, a technology",KernelDensityGECO,1,0.001,what are economic systems used for,msmarco-passage/train,ielabgroup/vec2text_gtr-base-st_corrector
434,"Estonia, economy",type of economy is a peru economy. It is accompanied by a high economic rate and a high technology program at the Economic Center.,KernelDensityGECO,1,0.001,what type of economy is in peru,msmarco-passage/train,ielabgroup/vec2text_gtr-base-st_corrector
434,"Estonia, economy","Because of the promise of a life worth living, it is important for others to succeed, and an economic system is an important system for people who depend",KernelDensityGECO,1,0.001,why is an economic system important,msmarco-passage/train,ielabgroup/vec2text_gtr-base-st_corrector
434,"Estonia, economy","meaning that a policy that is abrasive to the economy will often be expansionary (or more specifically, expansionism) .",KernelDensityGECO,1,0.001,what does it mean for an economic policy to be expansionary?,msmarco-passage/train,ielabgroup/vec2text_gtr-base-st_corrector
434,"Estonia, economy","economic benefits of estuaries – a high advance of revenue, a low advance of water use",KernelDensityGECO,1,0.001,economic benefits of estuaries,msmarco-passage/train,ielabgroup/vec2text_gtr-base-st_corrector
434,"Estonia, economy",(commonly known as an Economic Partnership Agreement) is a partnership agreement between a business partner and a partner’s oil and gas production,KernelDensityGECO,1,0.001,what is an Economic partnership agreement,msmarco-passage/train,ielabgroup/vec2text_gtr-base-st_corrector
435,curbing population growth,"baby nursery rhyme Baby bunting is a nursery rhyme meaning ""leaving the baby out of his cluck"", or ""cailing the under",KernelDensityGECO,1,0.001,baby bunting nursery rhyme meaning,msmarco-passage/train,ielabgroup/vec2text_gtr-base-st_corrector
435,curbing population growth,statistics,KernelDensityGECO,1,0.001,population statistics zambia,msmarco-passage/train,ielabgroup/vec2text_gtr-base-st_corrector
435,curbing population growth,Cullin Curchilin (also known as Cullin) is a briberin and,KernelDensityGECO,1,0.001,what is cullin,msmarco-passage/train,ielabgroup/vec2text_gtr-base-st_corrector
435,curbing population growth,"population in a specific area - i.e. a specific area is a city with a population of 900,000",KernelDensityGECO,1,0.001,population in a specific area,msmarco-passage/train,ielabgroup/vec2text_gtr-base-st_corrector
435,curbing population growth,"formulated for constipation and bloated urine, kub is accurate for constipation and constipation that is not as accurate",KernelDensityGECO,1,0.001,is kub accurate for constipation,msmarco-passage/train,ielabgroup/vec2text_gtr-base-st_corrector
435,curbing population growth,Cube (composition)          define a cubic of,KernelDensityGECO,1,0.001,cubic define,msmarco-passage/train,ielabgroup/vec2text_gtr-base-st_corrector
435,curbing population growth,growth of the population kya,KernelDensityGECO,1,0.001,population growth kya,msmarco-passage/train,ielabgroup/vec2text_gtr-base-st_corrector
435,curbing population growth,"a list of what is associated with growth, repair, and asexual acusm, and repair, is associated with reproduction and growth",KernelDensityGECO,1,0.001,"what is associated with growth , repair and asexual reproduction",msmarco-passage/train,ielabgroup/vec2text_gtr-base-st_corrector
435,curbing population growth,a body-to-body ratio of 80%. The internal growth rate is the rate of growth within and after a person's internal consumption,KernelDensityGECO,1,0.001,what is the internal growth rate?,msmarco-passage/train,ielabgroup/vec2text_gtr-base-st_corrector
435,curbing population growth,the population of lowl,KernelDensityGECO,1,0.001,can the population of lowland gorillas increase,msmarco-passage/train,ielabgroup/vec2text_gtr-base-st_corrector
436,railway accidents,when the train is scheduled to open again on the opening weekend of 17 December at Disneyland’s Relays & Theme Park. Originally scheduled to,KernelDensityGECO,1,0.001,when is the train opening again at disneyland?,msmarco-passage/train,ielabgroup/vec2text_gtr-base-st_corrector
436,railway accidents,"(trains) are made of a mixture of petroliths, water, and organic compounds, and railways are made of p",KernelDensityGECO,1,0.001,what are railways made of,msmarco-passage/train,ielabgroup/vec2text_gtr-base-st_corrector
436,railway accidents,"a tenth of a million, a total of 390 accidents happen when rain is a source of safety for a person",KernelDensityGECO,1,0.001,how do many accidents happen from rain,msmarco-passage/train,ielabgroup/vec2text_gtr-base-st_corrector
436,railway accidents,"what type of metal a railroad is made of, railroads are made of a variety of materials, ranging from alumina, zinc,",KernelDensityGECO,1,0.001,what type of metal are railroads made of,msmarco-passage/train,ielabgroup/vec2text_gtr-base-st_corrector
436,railway accidents,DIN rails DIN rails are a series of high-performance gass on the nacelle,KernelDensityGECO,1,0.001,what are din rails,msmarco-passage/train,ielabgroup/vec2text_gtr-base-st_corrector
436,railway accidents,"cost of car accidents, or $60,000 to $70,000 annually due to accidents of driving, or a higher risk of car-homolog",KernelDensityGECO,1,0.001,cost of car accidents,msmarco-passage/train,ielabgroup/vec2text_gtr-base-st_corrector
436,railway accidents,"in the U.S., a homicide or accidental death is the leading cause in the U.S., followed by Lennox",KernelDensityGECO,1,0.001,what is the leading cause of accidental death in the us,msmarco-passage/train,ielabgroup/vec2text_gtr-base-st_corrector
436,railway accidents,"with a prevent-aggressive lifestyle, we can reduce accidents in our workplaces and the number of accidents that can be made in our workplace",KernelDensityGECO,1,0.001,how can we reduce accidents in a workplace,msmarco-passage/train,ielabgroup/vec2text_gtr-base-st_corrector
436,railway accidents,"UP Railroad (railway) , commonly spelled up railroad, is a major forestry and construction railroad. It is one of the",KernelDensityGECO,1,0.001,what is up railroad,msmarco-passage/train,ielabgroup/vec2text_gtr-base-st_corrector
436,railway accidents,"a type of cylindrical blunder, it uses locomotives which paramecium is used as well as other",KernelDensityGECO,1,0.001,what kind of locomotives do paramecium use,msmarco-passage/train,ielabgroup/vec2text_gtr-base-st_corrector
437,"deregulation, gas, electric","of Environment, its source of electricity is the worst for consuming a small fraction of the electricity from natural gas and a source of peat,",KernelDensityGECO,1,0.001,which source of electricity is the worst for environ,msmarco-passage/train,ielabgroup/vec2text_gtr-base-st_corrector
437,"deregulation, gas, electric",a gas range requires at least 2 volts for a gas-gasoline and at least 40 volts for a ',KernelDensityGECO,1,0.001,how many volts does a gas range require,msmarco-passage/train,ielabgroup/vec2text_gtr-base-st_corrector
437,"deregulation, gas, electric",are no gas. You need gas (gasoline) for your system to work as a septic for your garden. If geothermal,KernelDensityGECO,1,0.001,do you need gas for geothermal system,msmarco-passage/train,ielabgroup/vec2text_gtr-base-st_corrector
437,"deregulation, gas, electric",Wheeling bill Wheeling bills (or wheeling charges) are a recouped charge of $0.00 in electricity bills on the electricity in thermostat,KernelDensityGECO,1,0.001,what are wheeling charges in electricity bill,msmarco-passage/train,ielabgroup/vec2text_gtr-base-st_corrector
437,"deregulation, gas, electric",government agency that regulates internet problems is the U.S. Department of the Interior (DOF) Agency for Internet Troubles and Telecommunications (,KernelDensityGECO,1,0.001,what government agency regulates internet problems,msmarco-passage/train,ielabgroup/vec2text_gtr-base-st_corrector
437,"deregulation, gas, electric","largest U.S. power company (Billings & Co., GE, HI-FI, or Big Diosce",KernelDensityGECO,1,0.001,biggest power company in us,msmarco-passage/train,ielabgroup/vec2text_gtr-base-st_corrector
437,"deregulation, gas, electric",a. B. Instruction 107. Failure of the unit to properly function is the primary cause of the underlying improper functioning of the main,KernelDensityGECO,1,0.001,quizlet what is the primary cause of improper functioning of the main unit,msmarco-passage/train,ielabgroup/vec2text_gtr-base-st_corrector
437,"deregulation, gas, electric","how electricity can be used in ladders, e.g. the American Electric Power Distribution Ladder which uses a type of ladder to survive",KernelDensityGECO,1,0.001,what kind of ladder can use in electricity,msmarco-passage/train,ielabgroup/vec2text_gtr-base-st_corrector
437,"deregulation, gas, electric",programs (Biscillary Programs) - regulatory programs - is a definition of a program to implement financial regulations and to schedule,KernelDensityGECO,1,0.001,regulatory programs definition,msmarco-passage/train,ielabgroup/vec2text_gtr-base-st_corrector
437,"deregulation, gas, electric","(in order 7–8 pg) is the regulation of digestion, involving the action of the intestine and the metabolism of other organ",KernelDensityGECO,1,0.001,what is the regulation of digestion,msmarco-passage/train,ielabgroup/vec2text_gtr-base-st_corrector
438,"tourism, increase","of human population growth (i.e., human extinction and a remission of cis-opportunistic and future",KernelDensityGECO,1,0.001,human population growth and extinction,msmarco-passage/train,ielabgroup/vec2text_gtr-base-st_corrector
438,"tourism, increase","Typically, real or GD, higher nominal GDP (presidential or dpa) is often higher than real GDP, or both",KernelDensityGECO,1,0.001,"what is typically higher, real or nominal gdp",msmarco-passage/train,ielabgroup/vec2text_gtr-base-st_corrector
438,"tourism, increase","as temperature goes up and swells to a new , , , , , , does volume go up as volume",KernelDensityGECO,1,0.001,as temperature goes up does volume go up,msmarco-passage/train,ielabgroup/vec2text_gtr-base-st_corrector
438,"tourism, increase","a 0 to 1 increase in average sea level due to global warming, the effects of increases in sea-level and rising sea-bearing",KernelDensityGECO,1,0.001,increase in average sea level due to global warming,msmarco-passage/train,ielabgroup/vec2text_gtr-base-st_corrector
438,"tourism, increase",if price increase is a,KernelDensityGECO,1,0.001,iff price increase,msmarco-passage/train,ielabgroup/vec2text_gtr-base-st_corrector
438,"tourism, increase","in French, ""    "" (improved) in French means "" "" (in French,",KernelDensityGECO,1,0.001,what does improved mean in french,msmarco-passage/train,ielabgroup/vec2text_gtr-base-st_corrector
438,"tourism, increase","diatom increase a high growth rate silicate content (soil content increased a maximum of 3.2 times a year), increased silicate",KernelDensityGECO,1,0.001,diatom increased growth rate silicate content,msmarco-passage/train,ielabgroup/vec2text_gtr-base-st_corrector
438,"tourism, increase","generate extra revenue streams, to generate a plethora of revenue streams, to provide a boost in revenue, to provide revenue-dis",KernelDensityGECO,1,0.001,generate extra revenue streams,msmarco-passage/train,ielabgroup/vec2text_gtr-base-st_corrector
438,"tourism, increase",because crime analysis (T-breaking analysis) was a cause of increase in crime rates during prohibition and a rise in racial breakdown during,KernelDensityGECO,1,0.001,why did crime analysis=t breaking increase during prohibition,msmarco-passage/train,ielabgroup/vec2text_gtr-base-st_corrector
438,"tourism, increase",affect expansive. Affect a high-occupation economy (affected by a low-dose priority system) or Af,KernelDensityGECO,1,0.001,affect expansive,msmarco-passage/train,ielabgroup/vec2text_gtr-base-st_corrector
439,"inventions, scientific discoveries",(year of astronomy invented) astronomy was invented c. 1650 A.D. (Earth year of astronomy),KernelDensityGECO,1,0.001,when was astronomy invented year],msmarco-passage/train,ielabgroup/vec2text_gtr-base-st_corrector
439,"inventions, scientific discoveries",when the beginning of the scientific age began (c. 970 BC – c. 970 AD) the Scientific Age began and is now,KernelDensityGECO,1,0.001,when did the scientific age begin,msmarco-passage/train,ielabgroup/vec2text_gtr-base-st_corrector
439,"inventions, scientific discoveries",which ciquor-economic innovation was the most important technology for the early-nineteenth-century and the economization.,KernelDensityGECO,1,0.001,which technological innovation was most important for early-nineteenth-century economic development?,msmarco-passage/train,ielabgroup/vec2text_gtr-base-st_corrector
439,"inventions, scientific discoveries",which type of flask used to s-curve and help to dissipate spontaneously flowing genes? Which scientist d.,KernelDensityGECO,1,0.001,"which scientist, using s-shaped curved open-necked flasks to keep out bacteria but allow air and the vital principle in, helped disprove the theory of spontaneous generation?select one:",msmarco-passage/train,ielabgroup/vec2text_gtr-base-st_corrector
439,"inventions, scientific discoveries",a difference between scientific theory (adolescent feminism and a sanitarianism) and social theory (science,KernelDensityGECO,1,0.001,difference between scientific and social theory,msmarco-passage/train,ielabgroup/vec2text_gtr-base-st_corrector
439,"inventions, scientific discoveries","of aeroplanes and aerobatics used soon after it was invented, which were to be used for launching planes on a later",KernelDensityGECO,1,0.001,what were aeroplanes used for soon after it was invented,msmarco-passage/train,ielabgroup/vec2text_gtr-base-st_corrector
439,"inventions, scientific discoveries","the principles of science (e.g. atoms, water, dust, and nitrogen, and helices, also known as basic principles of",KernelDensityGECO,1,0.001,what are the basic principles of science,msmarco-passage/train,ielabgroup/vec2text_gtr-base-st_corrector
439,"inventions, scientific discoveries",of a device known as a spherical wit called the First Technology Ever Invented. Iron Man and the Egyptians,KernelDensityGECO,1,0.001,what was the first technology ever invented,msmarco-passage/train,ielabgroup/vec2text_gtr-base-st_corrector
439,"inventions, scientific discoveries",a syringe and a neopoque. Nobel invented a neopoque,KernelDensityGECO,1,0.001,what did a nobel invent,msmarco-passage/train,ielabgroup/vec2text_gtr-base-st_corrector
439,"inventions, scientific discoveries","a man named Ivan N. Ishburton, who invented the iPhone, and who invented it, or who invented it, respectively.",KernelDensityGECO,1,0.001,who invented who invented the iphone?,msmarco-passage/train,ielabgroup/vec2text_gtr-base-st_corrector
440,child labor,"What is a labourer is a worker who, in the process of labour, a labourer – a rust-land",KernelDensityGECO,1,0.001,what is a labourer,msmarco-passage/train,ielabgroup/vec2text_gtr-base-st_corrector
440,child labor,at the time. The need for more laborers in the market-share economy created more laborers in the Jamestown-Zona region.,KernelDensityGECO,1,0.001,what created the need for more laborers within the jamestown region?,msmarco-passage/train,ielabgroup/vec2text_gtr-base-st_corrector
440,child labor,(currently $1.50 per child or a .50 per week) or babysitting is the current rate for a babysitter,KernelDensityGECO,1,0.001,what is the current rate for babysitting,msmarco-passage/train,ielabgroup/vec2text_gtr-base-st_corrector
440,child labor,"the labor day, a United States public holiday, is the 17th of the United States eve of the Great Labor Day and the Social Security",KernelDensityGECO,1,0.001,what is the labor day?,msmarco-passage/train,ielabgroup/vec2text_gtr-base-st_corrector
440,child labor,"labor-inducing or labor-ducing, it is a measure of the prognosis of a child during labor arous",KernelDensityGECO,1,0.001,what is labor inducing,msmarco-passage/train,ielabgroup/vec2text_gtr-base-st_corrector
440,child labor,"a pre-infrastructural and automatic induction, factory labor per unit of variable labor is fixed and variable, and is a",KernelDensityGECO,1,0.001,is factory labor per unit fixed or variable,msmarco-passage/train,ielabgroup/vec2text_gtr-base-st_corrector
440,child labor,"what happens to children in Family feuds, the children are stricken with a big scuffle and are later reacted",KernelDensityGECO,1,0.001,what happens with children in family feuds,msmarco-passage/train,ielabgroup/vec2text_gtr-base-st_corrector
440,child labor,"is a cost of goods sold or the expense of selling the goods sold, labor is a cost of goods sold or depreciation of expense",KernelDensityGECO,1,0.001,is labor an expense or cost of goods sold,msmarco-passage/train,ielabgroup/vec2text_gtr-base-st_corrector
440,child labor,"can claim your child on a claim that he or she works, if he or she is a dependent child, you can work",KernelDensityGECO,1,0.001,can i claim my dependent child who works,msmarco-passage/train,ielabgroup/vec2text_gtr-base-st_corrector
440,child labor,"Insituation in the state of Indiana Insituation, or child neglect, is a form of child neglect and pious",KernelDensityGECO,1,0.001,what is child neglect in indiana,msmarco-passage/train,ielabgroup/vec2text_gtr-base-st_corrector
441,Lyme disease,"types of joint diseases - e.g., Arteriosclerosis, Arteriosclerosis, Parkinson's disease, or chronic osteoarth",KernelDensityGECO,1,0.001,types of joint diseases,msmarco-passage/train,ielabgroup/vec2text_gtr-base-st_corrector
441,Lyme disease,"a blood test for a type of autoimmune disease, the CCITES test, or the Lyme Test for a test of Lyme",KernelDensityGECO,1,0.001,what blood test for lyme disease,msmarco-passage/train,ielabgroup/vec2text_gtr-base-st_corrector
441,Lyme disease,"types of genetic disease (a disease with a condition such as a sclerotaxis, a disease with abnormal growth, and type",KernelDensityGECO,1,0.001,types disease genetics,msmarco-passage/train,ielabgroup/vec2text_gtr-base-st_corrector
441,Lyme disease,"aging diseases. These are age-related diseases - oblique heart disease, sclerosis, oblique spongi",KernelDensityGECO,1,0.001,old age diseases,msmarco-passage/train,ielabgroup/vec2text_gtr-base-st_corrector
441,Lyme disease,"the most common fatal diseases – e.g., Malaria, e.g., rancidity, eubolus",KernelDensityGECO,1,0.001,most common fatal diseases,msmarco-passage/train,ielabgroup/vec2text_gtr-base-st_corrector
441,Lyme disease,"a stage stage ticks can transmit lyme disease, ranging from eczema to typhoid ence",KernelDensityGECO,1,0.001,what stage ticks can transmit lyme disease,msmarco-passage/train,ielabgroup/vec2text_gtr-base-st_corrector
441,Lyme disease,Turner disease Turner disease (also known as turner disease) is a disease of the cterus or a form of nervous disorder,KernelDensityGECO,1,0.001,what is turner disease,msmarco-passage/train,ielabgroup/vec2text_gtr-base-st_corrector
441,Lyme disease,"disease that mimics ALS. This disease, along with a few other ALS-like diagnoses, is ALS a syndrome",KernelDensityGECO,1,0.001,what disease mimics als,msmarco-passage/train,ielabgroup/vec2text_gtr-base-st_corrector
441,Lyme disease,"diseases caused by a virus (diabetes, bacterial infections, hepatitis and other diseases of people) Disease caused by",KernelDensityGECO,1,0.001,diseases caused by virus,msmarco-passage/train,ielabgroup/vec2text_gtr-base-st_corrector
441,Lyme disease,"diseases, a disease with limited gastrointestinal tracts (e.g. dysphagia) and a liver disease are those that affect digestion",KernelDensityGECO,1,0.001,diseases that affect digestion,msmarco-passage/train,ielabgroup/vec2text_gtr-base-st_corrector
442,heroic acts,juridical act is the legal definition of,KernelDensityGECO,1,0.001,juridical act definition,msmarco-passage/train,ielabgroup/vec2text_gtr-base-st_corrector
442,heroic acts,"why, at the behest of his hypothesies, Antigone is a tragic hero because he is a proud hero",KernelDensityGECO,1,0.001,why is antigone a tragic hero,msmarco-passage/train,ielabgroup/vec2text_gtr-base-st_corrector
442,heroic acts,"definition herald – a newspaper displaying a herald, a protection, a ray, and abolition",KernelDensityGECO,1,0.001,definition herald,msmarco-passage/train,ielabgroup/vec2text_gtr-base-st_corrector
442,heroic acts,"the history of history, and the eulogy of Sleasbury's commmentaries, were Shakespeare's tribute to",KernelDensityGECO,1,0.001,what were shakespeare's histories tribute to,msmarco-passage/train,ielabgroup/vec2text_gtr-base-st_corrector
442,heroic acts,covert action - Covert action - is a logical actuation of a retaliatory function defined by Benjamin,KernelDensityGECO,1,0.001,covert action definition,msmarco-passage/train,ielabgroup/vec2text_gtr-base-st_corrector
442,heroic acts,"City took place. City of Acts took place at Portland, which was a major city in the state after the Great Recession of 1700",KernelDensityGECO,1,0.001,what city did acts take place,msmarco-passage/train,ielabgroup/vec2text_gtr-base-st_corrector
442,heroic acts,"a difference between a nation's act of terrorism and a nation's act of terrorism, a person acts of war",KernelDensityGECO,1,0.001,difference between act of war and terrorism,msmarco-passage/train,ielabgroup/vec2text_gtr-base-st_corrector
442,heroic acts,known as social activation (         ) is an activity for children,KernelDensityGECO,1,0.001,what is social activation,msmarco-passage/train,ielabgroup/vec2text_gtr-base-st_corrector
442,heroic acts,who led a raid on Harper's Ferry arsenal and eventually became a martyr to the federal abolition campaign. At the time,KernelDensityGECO,1,0.001,who led a raid on the federal arsenal at harper's ferry and eventually became a martyr for the abolitionist cause?,msmarco-passage/train,ielabgroup/vec2text_gtr-base-st_corrector
442,heroic acts,name of the theatre in which Shakespeare's plays were performed was the Saemon-Scarce-Esprit of the Globe and Arena,KernelDensityGECO,1,0.001,what was the name of the theatre where shakespeare's plays were performed,msmarco-passage/train,ielabgroup/vec2text_gtr-base-st_corrector
443,"U.S., investment, Africa","ghana cuts their currency, using a similar way to how the Gambia chequer and paper currency are cut in the first quarter",KernelDensityGECO,1,0.001,how ghana cuts their currency,msmarco-passage/train,ielabgroup/vec2text_gtr-base-st_corrector
443,"U.S., investment, Africa","The vegetation types in Africa grow a wide range of crops such as jute, lilong, savanna and black trees",KernelDensityGECO,1,0.001,what types of vegetation grows in africa,msmarco-passage/train,ielabgroup/vec2text_gtr-base-st_corrector
443,"U.S., investment, Africa","the money the U.S. could make from exporting oil to selling oil, or as little as $350–350 million based on export earnings",KernelDensityGECO,1,0.001,how much money could the us make on exporting oil,msmarco-passage/train,ielabgroup/vec2text_gtr-base-st_corrector
443,"U.S., investment, Africa","a high-paying African American, the highest-prize job in the U.S. for African Americans is a community aid worker",KernelDensityGECO,1,0.001,what is the highest paying job for african american,msmarco-passage/train,ielabgroup/vec2text_gtr-base-st_corrector
443,"U.S., investment, Africa","by black agrarian exploitation, the African kingdoms gained their wealth, and in the following year they gained it through a royal income.",KernelDensityGECO,1,0.001,how did african kingdoms gain their wealth?,msmarco-passage/train,ielabgroup/vec2text_gtr-base-st_corrector
443,"U.S., investment, Africa","what type of food people in the U.S. eat, African Americans eat black fasci, and other staple foods.",KernelDensityGECO,1,0.001,what type of food do african american people eat?,msmarco-passage/train,ielabgroup/vec2text_gtr-base-st_corrector
443,"U.S., investment, Africa",of 100 billion a s (or 1 billion a  ) of Africa is 32 billion acre,KernelDensityGECO,1,0.001,how many billions of acre is africa,msmarco-passage/train,ielabgroup/vec2text_gtr-base-st_corrector
443,"U.S., investment, Africa","in the slums of the regions of Africa, desertification (Africa) is a geology in Africa moving from the north to the east",KernelDensityGECO,1,0.001,where is desertification in africa,msmarco-passage/train,ielabgroup/vec2text_gtr-base-st_corrector
443,"U.S., investment, Africa","from the Old English tronic inscription of 7 March 2009, the name ""Africa"" comes from Africa and its African ancestry from",KernelDensityGECO,1,0.001,where does the name africa come from,msmarco-passage/train,ielabgroup/vec2text_gtr-base-st_corrector
443,"U.S., investment, Africa",issues manufacturing or retail retail company need to enter Cameroon and a redressed govt. will not issue to US,KernelDensityGECO,1,0.001,issues us retail or manufacturing company need to enter cameroon,msmarco-passage/train,ielabgroup/vec2text_gtr-base-st_corrector
444,supercritical fluids,a.k.a. 'Remove too much fluid during dialysis to the fluids. This is called 'di,KernelDensityGECO,1,0.001,what is it called when you remove to much fluid during dialysis,msmarco-passage/train,ielabgroup/vec2text_gtr-base-st_corrector
444,supercritical fluids,"do procardia caps contain liquid, a 5% soluble adrenel based fluid (ABL) added to the capsule",KernelDensityGECO,1,0.001,do procardia caps contain liquid,msmarco-passage/train,ielabgroup/vec2text_gtr-base-st_corrector
444,supercritical fluids,"fluid statics is a fluid fluid fluid physics of fluids, fibers, cadastics, a fluid-air permeability",KernelDensityGECO,1,0.001,fluid statics,msmarco-passage/train,ielabgroup/vec2text_gtr-base-st_corrector
444,supercritical fluids,"by tapping the arrow /sw/ on the top left and right column to form a ""superscript"" on the word",KernelDensityGECO,1,0.001,how to superscript in word,msmarco-passage/train,ielabgroup/vec2text_gtr-base-st_corrector
444,supercritical fluids,"because of ice and water overflows, coolant reservoir (coolant reservoir) is empty – which means that the coolant is always empty",KernelDensityGECO,1,0.001,why is coolant reservoir empty,msmarco-passage/train,ielabgroup/vec2text_gtr-base-st_corrector
444,supercritical fluids,a.k.a. 'Remove too much fluid during dialysis to the fluids. This is called 'di,KernelDensityGECO,1,0.001,what is it called when you remove to much fluid during dialysis,msmarco-passage/train,ielabgroup/vec2text_gtr-base-st_corrector
444,supercritical fluids,is a 620 ft220 ft2 for the 2013 John Deere. The 2013 model will require use of fluid,KernelDensityGECO,1,0.001,does a 2013 john deere 210g require def fluid,msmarco-passage/train,ielabgroup/vec2text_gtr-base-st_corrector
444,supercritical fluids,which layer of the heart contains a lubricating fluid that helps reduce friction at the heart’s rate and/or beats. .,KernelDensityGECO,1,0.001,which layer of the heart contains a lubricating fluid that reduces friction as the heart beats?,msmarco-passage/train,ielabgroup/vec2text_gtr-base-st_corrector
444,supercritical fluids,"How a super critical vape pen works by evaporating a small amount of CO2 and a high vapour pressure, edible oil",KernelDensityGECO,1,0.001,How does a vape pen work with super critical co2 oil,msmarco-passage/train,ielabgroup/vec2text_gtr-base-st_corrector
444,supercritical fluids,gundry vital reds is a set of adolescent gallons of water in a low-temperature water jacket.,KernelDensityGECO,1,0.001,what in gundry vital reds?,msmarco-passage/train,ielabgroup/vec2text_gtr-base-st_corrector
445,women clergy,a famous woman’s samite who has championed the cause of women’s and men’s human rights in Israel,KernelDensityGECO,1,0.001,a famous woman who has championed the cause of human/women’s rights in israel,msmarco-passage/train,ielabgroup/vec2text_gtr-base-st_corrector
445,women clergy,"a member of the B.H.I. School of Engineering and Technology, Rebecca L. Croft, - Chris Cornell was married",KernelDensityGECO,1,0.001,was chris cornell married,msmarco-passage/train,ielabgroup/vec2text_gtr-base-st_corrector
445,women clergy,"the role of a Eucharistic minister in the Christian Church, the role of a catechism is important in a Catholic",KernelDensityGECO,1,0.001,the role of a eucharistic minister in the catholic church,msmarco-passage/train,ielabgroup/vec2text_gtr-base-st_corrector
445,women clergy,call for an all men's choir that is a symfolk or a roostere is called,KernelDensityGECO,1,0.001,what is an all mens choir called,msmarco-passage/train,ielabgroup/vec2text_gtr-base-st_corrector
445,women clergy,"benefits of deadlifts for females, a benefit is attributed to females for improving libido, abrasives",KernelDensityGECO,1,0.001,benefits of deadlifts for females,msmarco-passage/train,ielabgroup/vec2text_gtr-base-st_corrector
445,women clergy,what was the main effect of the civil war on the women's suffocation and the women's ties to the movement.,KernelDensityGECO,1,0.001,what was the main effect of the civil war on the women's movement?,msmarco-passage/train,ielabgroup/vec2text_gtr-base-st_corrector
445,women clergy,"women's law caucus, the Women's Caucus (Casucus for Democratic Judiciary, March",KernelDensityGECO,1,0.001,women's law caucus,msmarco-passage/train,ielabgroup/vec2text_gtr-base-st_corrector
445,women clergy,"A woman should take a variety of types of supplements, including vitamin A, vitamin B, and steroid-free supplements, because women are unaware",KernelDensityGECO,1,0.001,what type of supplements should women take,msmarco-passage/train,ielabgroup/vec2text_gtr-base-st_corrector
445,women clergy,a male pharmacist sees an average salary of,KernelDensityGECO,1,0.001,average salary for a pharmacist male vis female,msmarco-passage/train,ielabgroup/vec2text_gtr-base-st_corrector
445,women clergy,"4,504 edwards advisors are female, the last of which is named E.J.E. Jones Sr. Financial Advisor",KernelDensityGECO,1,0.001,how many edward jones advisors are female,msmarco-passage/train,ielabgroup/vec2text_gtr-base-st_corrector
446,"tourists, violence",Vegetarian tourtiere Tourtiere is a vegetarian vegetable bouillon containing a variety of vegetables and fruits. It is a,KernelDensityGECO,1,0.001,what is vegetarian tourtiere,msmarco-passage/train,ielabgroup/vec2text_gtr-base-st_corrector
446,"tourists, violence",the best of vegas complaints (complaints),KernelDensityGECO,1,0.001,best of vegas complaints,msmarco-passage/train,ielabgroup/vec2text_gtr-base-st_corrector
446,"tourists, violence","effects of terrorism, which includes a large number of terrorists, terrorism (India, Iran, Pakistan, and other countries), terrorism",KernelDensityGECO,1,0.001,effects of terrorism,msmarco-passage/train,ielabgroup/vec2text_gtr-base-st_corrector
446,"tourists, violence",verbal synonyms of physical violence,KernelDensityGECO,1,0.001,physical violence synonyms,msmarco-passage/train,ielabgroup/vec2text_gtr-base-st_corrector
446,"tourists, violence",(a.k.a. Vaudeville): a disembodied ghoul in the air of France by Van Gog,KernelDensityGECO,1,0.001,define vaudeville,msmarco-passage/train,ielabgroup/vec2text_gtr-base-st_corrector
446,"tourists, violence","people areas of Turkey are fleetin from Turkey, mainly from the Orient and from the Lebanese g",KernelDensityGECO,1,0.001,what areas of turkey are peoplefleeing from,msmarco-passage/train,ielabgroup/vec2text_gtr-base-st_corrector
446,"tourists, violence","Good people  is the main conflict in the story , which inevitably becomes a central conflict in the development of this book.",KernelDensityGECO,1,0.001,what is the main conflict in the story good people?,msmarco-passage/train,ielabgroup/vec2text_gtr-base-st_corrector
446,"tourists, violence","terrorizer, who is now a mosh-trojan and a home for Pluto's family, is The Terrorizer",KernelDensityGECO,1,0.001,who is the terrorizer?,msmarco-passage/train,ielabgroup/vec2text_gtr-base-st_corrector
446,"tourists, violence",what (workplace violence) is a workplace violence against an employee or a host of other employees as a result of physical violence or harassment.,KernelDensityGECO,1,0.001,what is workplace violence?,msmarco-passage/train,ielabgroup/vec2text_gtr-base-st_corrector
446,"tourists, violence",the rhino was killed because of a robbery and the lion's plight in Paris and it was later killed in Paris,KernelDensityGECO,1,0.001,why did the rhino in paris get killed,msmarco-passage/train,ielabgroup/vec2text_gtr-base-st_corrector
447,Stirling engine,A steam boat (steam-coach) works by moving a load of water down the bottom of the rota and letting it loop,KernelDensityGECO,1,0.001,how does a steam boat work,msmarco-passage/train,ielabgroup/vec2text_gtr-base-st_corrector
447,Stirling engine,"a Cunningham is a compass on the sail on the main sailboat, the sailing keel of",KernelDensityGECO,1,0.001,what is the cunningham on a sailboat,msmarco-passage/train,ielabgroup/vec2text_gtr-base-st_corrector
447,Stirling engine,What can a knock on an engine sounds like a kerosene or a knock on the door before it starts to sound like,KernelDensityGECO,1,0.001,what does knock on an engine sound like,msmarco-passage/train,ielabgroup/vec2text_gtr-base-st_corrector
447,Stirling engine,"the flexiform gasket, the flexiform gasket is rated for steam service and is clad with 51Clic Latvia",KernelDensityGECO,1,0.001,what flexitallic gasket is rated for steam service,msmarco-passage/train,ielabgroup/vec2text_gtr-base-st_corrector
447,Stirling engine,in the studs of a stallion stallion is a stallion horse that is an ornamental spoon horse,KernelDensityGECO,1,0.001,what is a stallion horse,msmarco-passage/train,ielabgroup/vec2text_gtr-base-st_corrector
447,Stirling engine,"(search engines or search engines) are a set of linguistic tools defined by the search engine, Google, and Sedgwick to quickly search",KernelDensityGECO,1,0.001,define search engines,msmarco-passage/train,ielabgroup/vec2text_gtr-base-st_corrector
447,Stirling engine,"machines such as a rotary mixer and a microprocessor. The Whistle Maker is a very simple whisk machine, a",KernelDensityGECO,1,0.001,what kind of simple machine is whisk,msmarco-passage/train,ielabgroup/vec2text_gtr-base-st_corrector
447,Stirling engine,"Stuart a.k.a. WHUTMAN Stuart a.k.a. WHUTMAN, black man",KernelDensityGECO,1,0.001,whitman stuart,msmarco-passage/train,ielabgroup/vec2text_gtr-base-st_corrector
447,Stirling engine,Sintered electrode (electrode) Sintered electrode is a hard electrolysing of tungsten and other hard materials such as lithium,KernelDensityGECO,1,0.001,what is sintered electrode,msmarco-passage/train,ielabgroup/vec2text_gtr-base-st_corrector
447,Stirling engine,"a fuel-engine purge point, or ""engine purge point"", is a point at which an engine cleans up or changes its liquid",KernelDensityGECO,1,0.001,what is an engine purge point,msmarco-passage/train,ielabgroup/vec2text_gtr-base-st_corrector
448,ship losses,"engines of this ship power harmony of the seas engines, and is a part of the horlogation of the ship's shel",KernelDensityGECO,1,0.001,what engines power this ship harmony of the seas ship,msmarco-passage/train,ielabgroup/vec2text_gtr-base-st_corrector
448,ship losses,"which replaced the chip log used for measuring the speed of a ship, and then used it for calculating the speed of slicing to support",KernelDensityGECO,1,0.001,what replaced the chip log for use determining the speed of a ship?,msmarco-passage/train,ielabgroup/vec2text_gtr-base-st_corrector
448,ship losses,"initiation and acceleration of a key in the upper hull of a motor-boat, a shift of a boat is the defined definition",KernelDensityGECO,1,0.001,define shift of a boat,msmarco-passage/train,ielabgroup/vec2text_gtr-base-st_corrector
448,ship losses,"12,000 to 1.2 million jobs lost as a result of the cost of importing solar panels from other countries, and 'selling' solar energy",KernelDensityGECO,1,0.001,how many jobs lost to import solar panels,msmarco-passage/train,ielabgroup/vec2text_gtr-base-st_corrector
448,ship losses,telephone number of Admiral claims insurance for a ship protection vessel or for a maritime insurance office is 00730-00786-FU,KernelDensityGECO,1,0.001,admiral insurance claims telephone number,msmarco-passage/train,ielabgroup/vec2text_gtr-base-st_corrector
448,ship losses,"to someone who is rebuilding after a loss of everything, say, 'I have everything I lost. I'm really good for my life",KernelDensityGECO,1,0.001,what to say to someone rebuilding after losing everything,msmarco-passage/train,ielabgroup/vec2text_gtr-base-st_corrector
448,ship losses,"at least 15,000 shipping containers are lost at sea, of which 4,000 are lost in the wake of a shipwreck or a harbor",KernelDensityGECO,1,0.001,how many shipping containers are lost at sea,msmarco-passage/train,ielabgroup/vec2text_gtr-base-st_corrector
448,ship losses,what happened to Roy (Rony Rys) in the climax of Shipping War. The shipwrecks ended up destroying machines,KernelDensityGECO,1,0.001,what happened roy from shipping wars,msmarco-passage/train,ielabgroup/vec2text_gtr-base-st_corrector
448,ship losses,a disease that can afflict a naval ship can cause lead paint to take over a large proportion of the symptoms of lead and mercury,KernelDensityGECO,1,0.001,what disease can lead paint cause being on a naval ship,msmarco-passage/train,ielabgroup/vec2text_gtr-base-st_corrector
448,ship losses,"will a minus deposit amount refunded. Basically, the minus deposit amount will be refunded if you were disney cruise",KernelDensityGECO,1,0.001,will a disney cruise be refunded minus deposit amount?,msmarco-passage/train,ielabgroup/vec2text_gtr-base-st_corrector
449,antibiotics ineffectiveness,"medicine uses a drug, a medicine uses side effects – i.e. side effects of a medicine or side-effects",KernelDensityGECO,1,0.001,medicine uses side effects,msmarco-passage/train,ielabgroup/vec2text_gtr-base-st_corrector
449,antibiotics ineffectiveness,"constipation due to taking antibiotics on your bowels, your stouts and your bowels are a result of antibiotic",KernelDensityGECO,1,0.001,constipation after taking antibiotics,msmarco-passage/train,ielabgroup/vec2text_gtr-base-st_corrector
449,antibiotics ineffectiveness,"a dog can be on antibiotics and as long as he or she is under a medication, from 63 to 63 days of treatment",KernelDensityGECO,1,0.001,how long can a dog be on antibiotics,msmarco-passage/train,ielabgroup/vec2text_gtr-base-st_corrector
449,antibiotics ineffectiveness,(in a clinical trial) is the futility of a clinical trial. It is a focus for research in microbial gluco,KernelDensityGECO,1,0.001,what is futility in a clinical trial,msmarco-passage/train,ielabgroup/vec2text_gtr-base-st_corrector
449,antibiotics ineffectiveness,"a group of drugs, mainly opiates and ectodrine, ectotestin and medications cause infert",KernelDensityGECO,1,0.001,what drugs cause infertility,msmarco-passage/train,ielabgroup/vec2text_gtr-base-st_corrector
449,antibiotics ineffectiveness,"antibiotic on skin boils or septic obstructivisms. In the first case, ACEFLARA or ACEFL",KernelDensityGECO,1,0.001,which antibiotic for skin boils,msmarco-passage/train,ielabgroup/vec2text_gtr-base-st_corrector
449,antibiotics ineffectiveness,"a medicine, and if used for more than 14 months, an antibiotic is good for a patient and good for a bacterial or",KernelDensityGECO,1,0.001,how long is an antibiotic good for,msmarco-passage/train,ielabgroup/vec2text_gtr-base-st_corrector
449,antibiotics ineffectiveness,"the enactment of the Civil Rights Act as a result of the enactment of the ADA, the 1964 peace effort was in",KernelDensityGECO,1,0.001,how was the 1964 civil rights act ineffective,msmarco-passage/train,ielabgroup/vec2text_gtr-base-st_corrector
449,antibiotics ineffectiveness,if you stop your birth control pills after about 1 to 0 hours of taking the pills you will be ineffective and you will lose effectiveness in,KernelDensityGECO,1,0.001,how long after you stop birth control pills for it to be ineffective,msmarco-passage/train,ielabgroup/vec2text_gtr-base-st_corrector
449,antibiotics ineffectiveness,extremely effective and a uvular interstitial device (IUD) is effective in preventing women from uvular birth control,KernelDensityGECO,1,0.001,how effective is iud birth control,msmarco-passage/train,ielabgroup/vec2text_gtr-base-st_corrector
450,"King Hussein, peace","name is a kind of Iraqi, and as a name type, 'Bashar' is a sardonic given name",KernelDensityGECO,1,0.001,what kind of name is bashar,msmarco-passage/train,ielabgroup/vec2text_gtr-base-st_corrector
450,"King Hussein, peace",(0707) call number for a burger king u.k.a. wait & kebab king u-wait,KernelDensityGECO,1,0.001,burger king kuwait number,msmarco-passage/train,ielabgroup/vec2text_gtr-base-st_corrector
450,"King Hussein, peace","who founded the international peace movement, ABOS-LOMS, salom salom jones",KernelDensityGECO,1,0.001,"who founded the international peace movement, absalom jones",msmarco-passage/train,ielabgroup/vec2text_gtr-base-st_corrector
450,"King Hussein, peace",hosmer royals player.,KernelDensityGECO,1,0.001,hosmer royals player,msmarco-passage/train,ielabgroup/vec2text_gtr-base-st_corrector
450,"King Hussein, peace","chief of the Air Force who is the commander-in-chief of the U.S. Air Force and today he is the president, Robert Allen",KernelDensityGECO,1,0.001,who is the commander in chief of the air force,msmarco-passage/train,ielabgroup/vec2text_gtr-base-st_corrector
450,"King Hussein, peace","who is a king of metal, a.k.a. a. a king of the world, kand",KernelDensityGECO,1,0.001,who is the king of metal,msmarco-passage/train,ielabgroup/vec2text_gtr-base-st_corrector
450,"King Hussein, peace","name meaning one who brings peace, he who carries out the rass, the rass, the light, the",KernelDensityGECO,1,0.001,name meaning the one who brings peace,msmarco-passage/train,ielabgroup/vec2text_gtr-base-st_corrector
450,"King Hussein, peace",Russian 's president's name is a. a. a. r. a. 'Irving'.,KernelDensityGECO,1,0.001,what is russia's president's name?,msmarco-passage/train,ielabgroup/vec2text_gtr-base-st_corrector
450,"King Hussein, peace","kingman who is the mayor of Arizona, AZ, k.d. , k.d. Ulys",KernelDensityGECO,1,0.001,who is the mayor of kingman az,msmarco-passage/train,ielabgroup/vec2text_gtr-base-st_corrector
450,"King Hussein, peace",of the places he christened Llanaeus. These two kingdoms - Linnean and Aespionis,KernelDensityGECO,1,0.001,what two.kingdoms did linnaeus name,msmarco-passage/train,ielabgroup/vec2text_gtr-base-st_corrector
601,Turkey Iraq water,where they live – turkeys (Turkeys) are a group of frogs that live mainly in southeastern and,KernelDensityGECO,1,0.001,where are turkeys live,msmarco-passage/train,ielabgroup/vec2text_gtr-base-st_corrector
601,Turkey Iraq water,"who was killed in Turkey, i.e., Iraq leader Iraq Russale, during the bombing",KernelDensityGECO,1,0.001,what iraq leader was killed in turkey,msmarco-passage/train,ielabgroup/vec2text_gtr-base-st_corrector
601,Turkey Iraq water,"located at the cuffs of the Isis (ISIS) in the middle east is Isis, which is a large city",KernelDensityGECO,1,0.001,where is isis in the middle east,msmarco-passage/train,ielabgroup/vec2text_gtr-base-st_corrector
601,Turkey Iraq water,aj kuwait aj kuwait is a neo-Arabian-Israeli based,KernelDensityGECO,1,0.001,what is aj kuwait,msmarco-passage/train,ielabgroup/vec2text_gtr-base-st_corrector
601,Turkey Iraq water,isri isri (also known as isri) is a phenethyl pigment product of India,KernelDensityGECO,1,0.001,what is isri,msmarco-passage/train,ielabgroup/vec2text_gtr-base-st_corrector
601,Turkey Iraq water,"iraq to the east of Iraq. It is a mix of Iraq, Iran, and Iraqi-Corona",KernelDensityGECO,1,0.001,what is east of iraq?,msmarco-passage/train,ielabgroup/vec2text_gtr-base-st_corrector
601,Turkey Iraq water,turkey mites are called,KernelDensityGECO,1,0.001,what are turkey mites called,msmarco-passage/train,ielabgroup/vec2text_gtr-base-st_corrector
601,Turkey Iraq water,weather in Turkey a,KernelDensityGECO,1,0.001,weather in turkey a,msmarco-passage/train,ielabgroup/vec2text_gtr-base-st_corrector
601,Turkey Iraq water,"which continent Turkey is located – Turkey is located on the equatorial continent of Europe, and Asia-Pacific is a key continent.",KernelDensityGECO,1,0.001,what continent is turkey located in?,msmarco-passage/train,ielabgroup/vec2text_gtr-base-st_corrector
601,Turkey Iraq water,gulf stream gulf stream is a water-based tidal stream on the Indian Ocean and also known as Gulf Sims,KernelDensityGECO,1,0.001,what is gulf stream,msmarco-passage/train,ielabgroup/vec2text_gtr-base-st_corrector
602,"Czech, Slovak sovereignty","is chlorine  (along with a common chlorine compound, lanthanumdol, nitrate) considered free radical.",KernelDensityGECO,1,0.001,is chlorine considered a free radical?,msmarco-passage/train,ielabgroup/vec2text_gtr-base-st_corrector
602,"Czech, Slovak sovereignty",(chesstree,KernelDensityGECO,1,0.001,define : chesstree,msmarco-passage/train,ielabgroup/vec2text_gtr-base-st_corrector
602,"Czech, Slovak sovereignty","planning goals are identified by the security cooperation plan, which is a subset of the irabid nascent framework.",KernelDensityGECO,1,0.001,security cooperation planning goals are identified by the ______________.,msmarco-passage/train,ielabgroup/vec2text_gtr-base-st_corrector
602,"Czech, Slovak sovereignty","when Ceylon became Sri lanka senate in 1365. , Ceylon became part of ashram & polka",KernelDensityGECO,1,0.001,when did ceylon became sri lanka,msmarco-passage/train,ielabgroup/vec2text_gtr-base-st_corrector
602,"Czech, Slovak sovereignty",a Scrod           is a hya,KernelDensityGECO,1,0.001,what is a Scrod,msmarco-passage/train,ielabgroup/vec2text_gtr-base-st_corrector
602,"Czech, Slovak sovereignty",it is a simple .050 .050 .Czech Republic uses rembank type of money. And the other,KernelDensityGECO,1,0.001,what type.of.money does czech republic use,msmarco-passage/train,ielabgroup/vec2text_gtr-base-st_corrector
602,"Czech, Slovak sovereignty",Sloven,KernelDensityGECO,1,0.001,define: slovenly,msmarco-passage/train,ielabgroup/vec2text_gtr-base-st_corrector
602,"Czech, Slovak sovereignty",difference between the lands of Sweden and swaden and the mountains of snowden and Switzerland.,KernelDensityGECO,1,0.001,difference between sweden and switzerland,msmarco-passage/train,ielabgroup/vec2text_gtr-base-st_corrector
602,"Czech, Slovak sovereignty",Sos number is the number 304 (Soul of International Business Corporation) and is one of the most recognizable numbers in the SOS .,KernelDensityGECO,1,0.001,what is the sos number,msmarco-passage/train,ielabgroup/vec2text_gtr-base-st_corrector
602,"Czech, Slovak sovereignty",the term schmeck (the name is a name for the Bosch-Moritzheimer Seinfeld collection) which means “something,KernelDensityGECO,1,0.001,what does schmeck mean,msmarco-passage/train,ielabgroup/vec2text_gtr-base-st_corrector
603,Tobacco cigarette lawsuit,there is difference between pipe-cigarette,KernelDensityGECO,1,0.001,is there a difference between cigarette and pipe tobacco,msmarco-passage/train,ielabgroup/vec2text_gtr-base-st_corrector
603,Tobacco cigarette lawsuit,"effects of drugs, alcohol, adolescence and tobacco on the developing adolescent brain and adolescent",KernelDensityGECO,1,0.001,"effects of tobacco, alcohol and drugs on the developing adolescent brain",msmarco-passage/train,ielabgroup/vec2text_gtr-base-st_corrector
603,Tobacco cigarette lawsuit,(Tort) — tort is a broad definition of a liability arising out of a conflict of law in the United States court,KernelDensityGECO,1,0.001,tort definition,msmarco-passage/train,ielabgroup/vec2text_gtr-base-st_corrector
603,Tobacco cigarette lawsuit,cigarettes with an ingredient known as blackeners contain a number of chemicals that ostensibly dilute the smoke of the lungs and lung,KernelDensityGECO,1,0.001,which ingredient in cigarettes blacken lungs,msmarco-passage/train,ielabgroup/vec2text_gtr-base-st_corrector
603,Tobacco cigarette lawsuit,"county is Marlboro New Mexico, formerly Marlboro, Nueva Ecija, Mercado County, United States",KernelDensityGECO,1,0.001,what county is marlboro new mexico,msmarco-passage/train,ielabgroup/vec2text_gtr-base-st_corrector
603,Tobacco cigarette lawsuit,settlement. Calvin Willis Settlement (feasibility & payment due)  125 k p.m. Settlement,KernelDensityGECO,1,0.001,calvin willis settlement,msmarco-passage/train,ielabgroup/vec2text_gtr-base-st_corrector
603,Tobacco cigarette lawsuit,standard of care in a tort of negligence case: standard of care  01.01. 01.01. 02. 01.01. of indiscre,KernelDensityGECO,1,0.001,standard of care in tort of negligence,msmarco-passage/train,ielabgroup/vec2text_gtr-base-st_corrector
603,Tobacco cigarette lawsuit,who created and steered the tobacco research committee and its mission: the Institute was to “discipline the poor and tonicate the drug,KernelDensityGECO,1,0.001,what was the mission of the tobacco institute research committee and who formed it in drugging the poor,msmarco-passage/train,ielabgroup/vec2text_gtr-base-st_corrector
603,Tobacco cigarette lawsuit,what is called a cigar pouch (short for a cigar brisket that is re-wound in the mouth) called,KernelDensityGECO,1,0.001,what is a cigar pouch called,msmarco-passage/train,ielabgroup/vec2text_gtr-base-st_corrector
603,Tobacco cigarette lawsuit,"as a relic of the esoteric slam, Samuel Hopkins patented . This patent was patented",KernelDensityGECO,1,0.001,what did samuel hopkins patent,msmarco-passage/train,ielabgroup/vec2text_gtr-base-st_corrector
604,Lyme disease arthritis,is rye grass - rye - rye - and rye - a legume - a,KernelDensityGECO,1,0.001,is rye grass a legume,msmarco-passage/train,ielabgroup/vec2text_gtr-base-st_corrector
604,Lyme disease arthritis,"the common types of arthritis (or rhodosia glucia sclerosis, rheuma nut",KernelDensityGECO,1,0.001,common types of arthritis,msmarco-passage/train,ielabgroup/vec2text_gtr-base-st_corrector
604,Lyme disease arthritis,(arthritis) is the cause of arthritis and it is a result of the consumption of foods rich in a human body such as refined flour,KernelDensityGECO,1,0.001,what is cause of arthritis,msmarco-passage/train,ielabgroup/vec2text_gtr-base-st_corrector
604,Lyme disease arthritis,diseases (Atmospheric rheumatic disease and Retic-Athomoesis) can be under r,KernelDensityGECO,1,0.001,what diseases are under rheumatic disease,msmarco-passage/train,ielabgroup/vec2text_gtr-base-st_corrector
604,Lyme disease arthritis,"a combination of pain in the fingers and sensitivity to pain in the fingers and the lower fingers of the elderly fingers, triggers arthritis rhe",KernelDensityGECO,1,0.001,what triggers arthritis pain in fingers,msmarco-passage/train,ielabgroup/vec2text_gtr-base-st_corrector
604,Lyme disease arthritis,a common occurrence of lyme (e.g. domosis and venom) and is about 0.5 to,KernelDensityGECO,1,0.001,how common is lyme,msmarco-passage/train,ielabgroup/vec2text_gtr-base-st_corrector
604,Lyme disease arthritis,"ruth jones ruth jones is an American entrepreneur and the ace of The Legend of Earth, Lee Greene Jr",KernelDensityGECO,1,0.001,who is ruth lee jones,msmarco-passage/train,ielabgroup/vec2text_gtr-base-st_corrector
604,Lyme disease arthritis,"your elderly pension, Reactive arthritis or rashes will take its toll on your face and skin, resulting in rash on your face,",KernelDensityGECO,1,0.001,does reactive arthritis cause rash on your face,msmarco-passage/train,ielabgroup/vec2text_gtr-base-st_corrector
604,Lyme disease arthritis,"is muscle tachy like lupus erythema or leprosy. In some cases, Lyme disease causes muscle",KernelDensityGECO,1,0.001,does lyme disease cause muscle pain,msmarco-passage/train,ielabgroup/vec2text_gtr-base-st_corrector
604,Lyme disease arthritis,use a steroid and a steroid to treat lyme disease. This is followed by a steroid and a,KernelDensityGECO,1,0.001,how to treat lyme disease,msmarco-passage/train,ielabgroup/vec2text_gtr-base-st_corrector
605,Great Britain health care,the way the Celts 'saved the UK' and the 'bligh' by saving the Brittens from,KernelDensityGECO,1,0.001,how the celts saved britain,msmarco-passage/train,ielabgroup/vec2text_gtr-base-st_corrector
605,Great Britain health care,you have to get health insurance you will have to get health insurance but you will have to veance your health insurgency INDICARE,KernelDensityGECO,1,0.001,do you have to get health insureance,msmarco-passage/train,ielabgroup/vec2text_gtr-base-st_corrector
605,Great Britain health care,"a thriving geriatric care, a geriatric care, a sedentary care organization, Fulbridge social care",KernelDensityGECO,1,0.001,fulbridge social care,msmarco-passage/train,ielabgroup/vec2text_gtr-base-st_corrector
605,Great Britain health care,"measures taken by the population to improve the health of the population, aiming to take measures to improve the quality of life and reducing ill-health",KernelDensityGECO,1,0.001,measures taken to improve the health of the population,msmarco-passage/train,ielabgroup/vec2text_gtr-base-st_corrector
605,Great Britain health care,FEp Health Care FEp Health Care is a health-care program and a fabled life support system in the United States,KernelDensityGECO,1,0.001,what is fep health care,msmarco-passage/train,ielabgroup/vec2text_gtr-base-st_corrector
605,Great Britain health care,"a mountain range ranging from the Cascades to the Rocky Mountains, forms the backbone of the United Kingdom and reflects the United Kingdom",KernelDensityGECO,1,0.001,what mountain range forms the backbone of the united kingdom,msmarco-passage/train,ielabgroup/vec2text_gtr-base-st_corrector
605,Great Britain health care,"(Raidon) in 1745, when civil war was waged in London, and on 5–6 July 1745 during the United Kingdom",KernelDensityGECO,1,0.001,when was civil war in london,msmarco-passage/train,ielabgroup/vec2text_gtr-base-st_corrector
605,Great Britain health care,british mail to Australia i.e. a rate of 15.7p.0p. or 25.7p,KernelDensityGECO,1,0.001,british postal rates to australia,msmarco-passage/train,ielabgroup/vec2text_gtr-base-st_corrector
605,Great Britain health care,0 to £200 a full body MRI scan is requested by the NHS to determine whether it will cost to have a complete MRI scan,KernelDensityGECO,1,0.001,how much does it cost the NHS to have a full body MRI scan,msmarco-passage/train,ielabgroup/vec2text_gtr-base-st_corrector
605,Great Britain health care,"SNNYs. Typically, home health care costs (Grandma-Nanny Care Costs) a little over $100 a",KernelDensityGECO,1,0.001,"what does home health care - granny nannies, cost?",msmarco-passage/train,ielabgroup/vec2text_gtr-base-st_corrector
606,leg traps ban,because schools have banned slang and slang has been a supposition to the ban of slang in schools and their children,KernelDensityGECO,1,0.001,why have schools banned slang,msmarco-passage/train,ielabgroup/vec2text_gtr-base-st_corrector
606,leg traps ban,the hydradynamics. Avoiding muscle xanasms or exposing your muscles to oxygen can cause leg cramps and your,KernelDensityGECO,1,0.001,what is causing my leg cramps,msmarco-passage/train,ielabgroup/vec2text_gtr-base-st_corrector
606,leg traps ban,The pork roast on the hog loin is located on the end linings at the pig stomp and is located on the End,KernelDensityGECO,1,0.001,where is the pork loin end roast located on the hog,msmarco-passage/train,ielabgroup/vec2text_gtr-base-st_corrector
606,leg traps ban,"state, which has a travel ban, a state pending a state terror ban in 2018, - Convalescent State, New York",KernelDensityGECO,1,0.001,what state has a travel ban?,msmarco-passage/train,ielabgroup/vec2text_gtr-base-st_corrector
606,leg traps ban,"equipment is run by TheThefatrat. The Thefatrat uses a variety of equipment used on a lbp, daemon",KernelDensityGECO,1,0.001,what equipment does thefatrat use?,msmarco-passage/train,ielabgroup/vec2text_gtr-base-st_corrector
606,leg traps ban,"of a range of a natural fiber and a lace, good leg cover-up is a good cover for the skin when exposed.",KernelDensityGECO,1,0.001,what is good leg cover up,msmarco-passage/train,ielabgroup/vec2text_gtr-base-st_corrector
606,leg traps ban,"is the U.S. banning transgender military and although the ban is still in progress, the U.S. is still operating in",KernelDensityGECO,1,0.001,is the us still banning transgender military,msmarco-passage/train,ielabgroup/vec2text_gtr-base-st_corrector
606,leg traps ban,"by pa pa DOT, PH, PH, PHR, PHR. Light bars are legal in PA according to the legislation,",KernelDensityGECO,1,0.001,are light bars legal in pa,msmarco-passage/train,ielabgroup/vec2text_gtr-base-st_corrector
606,leg traps ban,What Straight leg raise test reveals is a test that reveals a significant amount of a test's ability to detect leg-exposure,KernelDensityGECO,1,0.001,what does straight leg raise test reveal,msmarco-passage/train,ielabgroup/vec2text_gtr-base-st_corrector
606,leg traps ban,we can ban firearms and other similar devices from the U.S. Constitution and say that we shouldn’t have a constitution containing the second,KernelDensityGECO,1,0.001,how can we ban the second amendment to the constitution,msmarco-passage/train,ielabgroup/vec2text_gtr-base-st_corrector
607,human genetic code,"dynase repair gene, or dynase repair gene, are a definition of a DNA repair protein",KernelDensityGECO,1,0.001,dna repair gene definition,msmarco-passage/train,ielabgroup/vec2text_gtr-base-st_corrector
607,human genetic code,a genealogy gedCOM file / gedcom file / gedcom file is a text file for a children's education,KernelDensityGECO,1,0.001,what is a genealogy gedcom file,msmarco-passage/train,ielabgroup/vec2text_gtr-base-st_corrector
607,human genetic code,sex chromosomes (in the human sex chromosome quiz) of a human gamete is 30,KernelDensityGECO,1,0.001,how many sex chromosomes are in a human gamete quizlet,msmarco-passage/train,ielabgroup/vec2text_gtr-base-st_corrector
607,human genetic code,"miles of human body, or 1,020 miles of DRD, and a high number of emetic components will travel throughout the human body",KernelDensityGECO,1,0.001,how many miles of dna in human body,msmarco-passage/train,ielabgroup/vec2text_gtr-base-st_corrector
607,human genetic code,what is your ancestry  dna,KernelDensityGECO,1,0.001,what is my ancestry dna,msmarco-passage/train,ielabgroup/vec2text_gtr-base-st_corrector
607,human genetic code,GFFR1  gamma-kinase 1  region definition (FGFR1) gene is a gene for learning,KernelDensityGECO,1,0.001,FGFR1 gene definition,msmarco-passage/train,ielabgroup/vec2text_gtr-base-st_corrector
607,human genetic code,(also known as a key code),KernelDensityGECO,1,0.001,what is a key code,msmarco-passage/train,ielabgroup/vec2text_gtr-base-st_corrector
607,human genetic code,"is dna used in translation, or if it is used to transcribe a piece of a human language, DNA is used",KernelDensityGECO,1,0.001,is dna used in translation,msmarco-passage/train,ielabgroup/vec2text_gtr-base-st_corrector
607,human genetic code,"dynase repair gene, or dynase repair gene, are a definition of a DNA repair protein",KernelDensityGECO,1,0.001,dna repair gene definition,msmarco-passage/train,ielabgroup/vec2text_gtr-base-st_corrector
607,human genetic code,"(London, i.e., i.e., m.s.) in 1790 genetics was discovered and later described",KernelDensityGECO,1,0.001,when was genetics discovered,msmarco-passage/train,ielabgroup/vec2text_gtr-base-st_corrector
608,taxing social security,who the tax is for Social Security and Medicare and 89.5% to 93.5% to 94.5% to Social Security and the Social Security,KernelDensityGECO,1,0.001,what is the percentage for social security and medicare tax,msmarco-passage/train,ielabgroup/vec2text_gtr-base-st_corrector
608,taxing social security,"special tax commitment (e.g., a tax plan). Tax provision is a definition of the amount of tax on the income",KernelDensityGECO,1,0.001,tax provision definition,msmarco-passage/train,ielabgroup/vec2text_gtr-base-st_corrector
608,taxing social security,is taxable for freight. Freight is not a tax-exempted taxable amount. S.C. (Sc.),KernelDensityGECO,1,0.001,is freight taxable in sc,msmarco-passage/train,ielabgroup/vec2text_gtr-base-st_corrector
608,taxing social security,is 0 to 450 SSNA (Sess Earnings National Tax deduction) and is the maximum annual deduction of Social Security,KernelDensityGECO,1,0.001,what is maximum annual ssn deduction,msmarco-passage/train,ielabgroup/vec2text_gtr-base-st_corrector
608,taxing social security,"(Tax card) , or a tax card, is a card that is an identification card of a tax-payer",KernelDensityGECO,1,0.001,what is a tax card,msmarco-passage/train,ielabgroup/vec2text_gtr-base-st_corrector
608,taxing social security,identity card (SSN) is a form of sworn-in code and password exchanged by the U.S. Secret Service.,KernelDensityGECO,1,0.001,what is ssn?,msmarco-passage/train,ielabgroup/vec2text_gtr-base-st_corrector
608,taxing social security,"numbers - meaning SSA (Secretary Security) - meaning a number of digits - meaning entitlement benefits, health benefits",KernelDensityGECO,1,0.001,social security meaning of numbers,msmarco-passage/train,ielabgroup/vec2text_gtr-base-st_corrector
608,taxing social security,is life insurance subject to being taxed if the benefit is taxable to people who have no intentions of stealing it from the public.,KernelDensityGECO,1,0.001,is life insurance benefit subject to being taxed?,msmarco-passage/train,ielabgroup/vec2text_gtr-base-st_corrector
608,taxing social security,"a lot of your affluent income, or if you qualify for Social Security, you pay 170 – 115 cents",KernelDensityGECO,1,0.001,how much social security i pay,msmarco-passage/train,ielabgroup/vec2text_gtr-base-st_corrector
608,taxing social security,"when it is introduced, Socialized insurance Socialized insurance is a standardized program of public-sector insurance and a social security plan",KernelDensityGECO,1,0.001,what is socialized insurance,msmarco-passage/train,ielabgroup/vec2text_gtr-base-st_corrector
609,per capita alcohol consumption,who is a re-adjoint or who is in rehab cost as much as $450 to $800 Alcohol rehabilitation center or how,KernelDensityGECO,1,0.001,how much does alcohol rehab cost,msmarco-passage/train,ielabgroup/vec2text_gtr-base-st_corrector
609,per capita alcohol consumption,"meaning of the letter ""Capitation"" in the       , meaning of healthcare program",KernelDensityGECO,1,0.001,meaning of capitation in healthcare,msmarco-passage/train,ielabgroup/vec2text_gtr-base-st_corrector
609,per capita alcohol consumption,", all alcohol may cause g",KernelDensityGECO,1,0.001,does all alcohol affect gout,msmarco-passage/train,ielabgroup/vec2text_gtr-base-st_corrector
609,per capita alcohol consumption,"on alcohol use and public service. No alcohol is taxable in MA, but alcohol is taxable in a taxable taxable area, MAS",KernelDensityGECO,1,0.001,is alcohol taxable in ma,msmarco-passage/train,ielabgroup/vec2text_gtr-base-st_corrector
609,per capita alcohol consumption,"beginning on February 24, when a person who falls below the threshold of alcoholic consumption and alcoholic alcoholism begins, death from alcohol can occur by",KernelDensityGECO,1,0.001,when does death by alcohol begin,msmarco-passage/train,ielabgroup/vec2text_gtr-base-st_corrector
609,per capita alcohol consumption,"brain function that contributes to alcoholism, including alcohol-induced alcoholism, alcoholism, a lack of carbohydrate production,",KernelDensityGECO,1,0.001,brain function that contributes to alcoholism,msmarco-passage/train,ielabgroup/vec2text_gtr-base-st_corrector
609,per capita alcohol consumption,"a type of alcohol to drink is ruminant alcohol, ice-forming alcohol, or synthetic alcohol, and can be used for drinking",KernelDensityGECO,1,0.001,what type of alcohol is for drinking,msmarco-passage/train,ielabgroup/vec2text_gtr-base-st_corrector
609,per capita alcohol consumption,of drug overdoses per million citizens of the United States and 2.1 per million of all citizens of the United States affected by a drug-dose,KernelDensityGECO,1,0.001,drug overdoses per million of citizens in united states,msmarco-passage/train,ielabgroup/vec2text_gtr-base-st_corrector
609,per capita alcohol consumption,"meaning of the letter ""Capitation"" in the       , meaning of healthcare program",KernelDensityGECO,1,0.001,meaning of capitation in healthcare,msmarco-passage/train,ielabgroup/vec2text_gtr-base-st_corrector
609,per capita alcohol consumption,on average Americans spend about 500 dollars daily and 500 dollars (USD) or 500 dollars (USD) each day they consume,KernelDensityGECO,1,0.001,on average how much do americans spend daily,msmarco-passage/train,ielabgroup/vec2text_gtr-base-st_corrector
610,minimum wage adverse impact,negative side effects of caffeine; a decrease in blood concentration and a rash of coma and hyperactivity (hypochondri,KernelDensityGECO,1,0.001,negative side effects of caffeine,msmarco-passage/train,ielabgroup/vec2text_gtr-base-st_corrector
610,minimum wage adverse impact,"factor, which is a negative influence on health (along with a factor of olfactory and proximate pressure), health",KernelDensityGECO,1,0.001,which factor is a negative influence on health?,msmarco-passage/train,ielabgroup/vec2text_gtr-base-st_corrector
610,minimum wage adverse impact,City of B.C. minimum wage City of B.C. minimum wage is the admonished minimum wage at 599 apiece,KernelDensityGECO,1,0.001,what is baltimore city minimum wage,msmarco-passage/train,ielabgroup/vec2text_gtr-base-st_corrector
610,minimum wage adverse impact,"if the minimum driving age test should be raised or if a driver’s education to be able to be passed, the minimum age should",KernelDensityGECO,1,0.001,should the minimum driving age be raised,msmarco-passage/train,ielabgroup/vec2text_gtr-base-st_corrector
610,minimum wage adverse impact,"gangs, has a negative effect on gangs, which include gangsters, gang-related diseases, high blood,",KernelDensityGECO,1,0.001,what are the negative effects on gangs,msmarco-passage/train,ielabgroup/vec2text_gtr-base-st_corrector
610,minimum wage adverse impact,"a wage banding is a famous example of wage banding. Examples include: Platt, et al., non-employment",KernelDensityGECO,1,0.001,wage banding examples,msmarco-passage/train,ielabgroup/vec2text_gtr-base-st_corrector
610,minimum wage adverse impact,as many people as you can make on affecting Social Security (agreeds and aides) can make about $190.000,KernelDensityGECO,1,0.001,how much can you make with affecting social security,msmarco-passage/train,ielabgroup/vec2text_gtr-base-st_corrector
610,minimum wage adverse impact,"what should be seen as reasonable efforts to achieve minimum, a reasonable supposition is made to determine the extent of",KernelDensityGECO,1,0.001,what constitutes reasonable efforts for minimum necessary,msmarco-passage/train,ielabgroup/vec2text_gtr-base-st_corrector
610,minimum wage adverse impact,"potential as is a risk of a variety of side effects. These side effects include increased blood pressure, atypically, ass",KernelDensityGECO,1,0.001,what are potential side effects of an as,msmarco-passage/train,ielabgroup/vec2text_gtr-base-st_corrector
610,minimum wage adverse impact,"whose wages are based on time and age, averaging a salary of a minimum of $6.8 per cent, is an average",KernelDensityGECO,1,0.001,what is average wage,msmarco-passage/train,ielabgroup/vec2text_gtr-base-st_corrector
611,Kurds Germany violence,"where Germany came from, is the oldest German tribe, after the Saxon terrain and the North Caucasus, which lasted until the 18",KernelDensityGECO,1,0.001,where did the oldest german tribe come from,msmarco-passage/train,ielabgroup/vec2text_gtr-base-st_corrector
611,Kurds Germany violence,year that Germany invaded Bulgaria and Serbia and in 1888 (the year Germany's invasion of bulgaria) by putting a major command on,KernelDensityGECO,1,0.001,what year  did germany invade bulgaria,msmarco-passage/train,ielabgroup/vec2text_gtr-base-st_corrector
611,Kurds Germany violence,"when in 1799 the Germans left dunkirk, a city the Germans were leaving on the eve of their",KernelDensityGECO,1,0.001,when did the germans leave dunkirk,msmarco-passage/train,ielabgroup/vec2text_gtr-base-st_corrector
611,Kurds Germany violence,"what is a difference between a baker's chocolate and German chocolate, and the difference between bakers' and baker's chocolate",KernelDensityGECO,1,0.001,what is the difference between german chocolate and bakers chocolate?,msmarco-passage/train,ielabgroup/vec2text_gtr-base-st_corrector
611,Kurds Germany violence,"after the German garistide and a germany union, Germany became a nation-state, and on 1 January 1927",KernelDensityGECO,1,0.001,when did germany become a nation-state,msmarco-passage/train,ielabgroup/vec2text_gtr-base-st_corrector
611,Kurds Germany violence,"who controlled Western Germany. A German dynasty controlled the entire western NSD, the CIES, the WPA and the Austrians",KernelDensityGECO,1,0.001,who controlled western germany?,msmarco-passage/train,ielabgroup/vec2text_gtr-base-st_corrector
611,Kurds Germany violence,"which Germany is a number of hours ahead (i.e. 0 hours due to the incoming weather and high rise, 7.5 hours ahead",KernelDensityGECO,1,0.001,how many hours ahead is germany,msmarco-passage/train,ielabgroup/vec2text_gtr-base-st_corrector
611,Kurds Germany violence,"(c. 1700s - c. c. ) is the father of the turks, Turkey s.",KernelDensityGECO,1,0.001,who is the father of the turks?,msmarco-passage/train,ielabgroup/vec2text_gtr-base-st_corrector
611,Kurds Germany violence,"products in the UK, which Germany imports, and the products it imports from the UK, consists of iodine,",KernelDensityGECO,1,0.001,what products does the uk import from germany,msmarco-passage/train,ielabgroup/vec2text_gtr-base-st_corrector
611,Kurds Germany violence,"in the first part of the bible (R.A. 6:14) and that Germany came from the Bible, this is the basis for German",KernelDensityGECO,1,0.001,where did germany come from in the bible,msmarco-passage/train,ielabgroup/vec2text_gtr-base-st_corrector
612,Tibet protesters,the parade of the,KernelDensityGECO,1,0.001,the parade of china,msmarco-passage/train,ielabgroup/vec2text_gtr-base-st_corrector
612,Tibet protesters,"(as a matter of a few things) are the principles of non-violent protest, and how to do it non-violent",KernelDensityGECO,1,0.001,what are the principles of nonviolent protest,msmarco-passage/train,ielabgroup/vec2text_gtr-base-st_corrector
612,Tibet protesters,tanas ledge tanas ledge is a place located at tanta guersos,KernelDensityGECO,1,0.001,where is tantas ledge,msmarco-passage/train,ielabgroup/vec2text_gtr-base-st_corrector
612,Tibet protesters,it is about: The Butterfly Circus The Butterfly Circus is an event about the magic of the human body and a crows by Teresa Arnold,KernelDensityGECO,1,0.001,what the butterfly circus is about,msmarco-passage/train,ielabgroup/vec2text_gtr-base-st_corrector
612,Tibet protesters,people of Levant             are Arab people,KernelDensityGECO,1,0.001,who are levant people,msmarco-passage/train,ielabgroup/vec2text_gtr-base-st_corrector
612,Tibet protesters,"activist who walked for a change, and a burgeoning 'Charge d'Olivarians' took the walk",KernelDensityGECO,1,0.001,activist who walked for a change,msmarco-passage/train,ielabgroup/vec2text_gtr-base-st_corrector
612,Tibet protesters,"at the  (pronounced ) earthquake in the Sichuan, China, which was in the city of Beijing and in the Ramsden",KernelDensityGECO,1,0.001,where was the earthquake in china,msmarco-passage/train,ielabgroup/vec2text_gtr-base-st_corrector
612,Tibet protesters,"types of hats, namely the ""Chinese chinese chinese samsong"" ()",KernelDensityGECO,1,0.001,types of chinese hats,msmarco-passage/train,ielabgroup/vec2text_gtr-base-st_corrector
612,Tibet protesters,"the Rephaites. The Rephaites were a group of rephates, rephates, who were king and entrepreneur",KernelDensityGECO,1,0.001,who were the rephaites,msmarco-passage/train,ielabgroup/vec2text_gtr-base-st_corrector
612,Tibet protesters,where Claudine Longet is a south-of-the-wall. Claudine Michelle Crawley is in France,KernelDensityGECO,1,0.001,where is claudine longet,msmarco-passage/train,ielabgroup/vec2text_gtr-base-st_corrector
613,Berlin wall disposal,"at a .org a day on a .org, trash burning is considered recycling but not a form of recyclable waste burning",KernelDensityGECO,1,0.001,is trash burning considered recycling,msmarco-passage/train,ielabgroup/vec2text_gtr-base-st_corrector
613,Berlin wall disposal,"the breakdown of protein produced by the cellular metabolites of muscle and fibroblasts, protein is produced as a body waste from metabolic process",KernelDensityGECO,1,0.001,what is the metabolic waste produced from breakdown of body protein,msmarco-passage/train,ielabgroup/vec2text_gtr-base-st_corrector
613,Berlin wall disposal,Hadrian's Wall (Fountain of the High Gods) Hadrian's Wall () is located on Brusovica,KernelDensityGECO,1,0.001,where is hadrians wall,msmarco-passage/train,ielabgroup/vec2text_gtr-base-st_corrector
613,Berlin wall disposal,"a meaning of mineral recovery district, it is a place where a mineral recovery facility (as of 2010 called a ""Cree",KernelDensityGECO,1,0.001,what does mineral recovery district mean,msmarco-passage/train,ielabgroup/vec2text_gtr-base-st_corrector
613,Berlin wall disposal,is an item or an item which is fully depreciated or when it is a part-time it is considered a,KernelDensityGECO,1,0.001,when an item is fully depreciated is it a disposal,msmarco-passage/train,ielabgroup/vec2text_gtr-base-st_corrector
613,Berlin wall disposal,organic waste re-cycle oversight California OCs (California Organics) omits and damages caltree,KernelDensityGECO,1,0.001,california organics oversight calrecycle,msmarco-passage/train,ielabgroup/vec2text_gtr-base-st_corrector
613,Berlin wall disposal,system that removes metabolic waste from the body. The metabolic system removes re-absorbents and re-acquire,KernelDensityGECO,1,0.001,what system removes metabolic waste,msmarco-passage/train,ielabgroup/vec2text_gtr-base-st_corrector
613,Berlin wall disposal,"why, and why, Israel treats and reuses industrial wastewater as part of the effort to prevent deterioration and contamination of the sewage treatment.",KernelDensityGECO,1,0.001,why does israel treat and reuse industrial wastewater?,msmarco-passage/train,ielabgroup/vec2text_gtr-base-st_corrector
613,Berlin wall disposal,"(located on the outskirts of Berlin, next to the city of Djanssen, Cragin-Friedrich) is Berlin.",KernelDensityGECO,1,0.001,where is berlin?,msmarco-passage/train,ielabgroup/vec2text_gtr-base-st_corrector
613,Berlin wall disposal,"to straddle the berlin wall (known as the Berlin Wall, or the Berlin Friesenstrasse), the purpose of its",KernelDensityGECO,1,0.001,what was the berlin wall purpose,msmarco-passage/train,ielabgroup/vec2text_gtr-base-st_corrector
614,Flavr Savr tomato,"a spiral sauce for medium-to-high-fructose veggies, pyrexia sauce, garlic sauce, or wham",KernelDensityGECO,1,0.001,what kind of sauce for spiral veggies,msmarco-passage/train,ielabgroup/vec2text_gtr-base-st_corrector
614,Flavr Savr tomato,"created by a group of critics, including Oscar Hammerstein II and Vincent Loewenheim, who created rotten tomatoes, Bru",KernelDensityGECO,1,0.001,who created rotten tomatoes,msmarco-passage/train,ielabgroup/vec2text_gtr-base-st_corrector
614,Flavr Savr tomato,grow a healthy tomato (tomatoes and sodium cinnamon) in a container and keep them in a safe container,KernelDensityGECO,1,0.001,how to grow healthy tomatoes in a container,msmarco-passage/train,ielabgroup/vec2text_gtr-base-st_corrector
614,Flavr Savr tomato,"is a mixed use of pitmoss and pittatom on strawberries and it is a good horticultural product for strawberries,",KernelDensityGECO,1,0.001,is pittmoss good for strawberries,msmarco-passage/train,ielabgroup/vec2text_gtr-base-st_corrector
614,Flavr Savr tomato,svr and svr svr is a form of augmented reality (RF) and saviored,KernelDensityGECO,1,0.001,what is svr and srv,msmarco-passage/train,ielabgroup/vec2text_gtr-base-st_corrector
614,Flavr Savr tomato,water tomatoes by soaking them in water until they are drained and a moist powdery gel (tomatose) for drip,KernelDensityGECO,1,0.001,how to water tomatoes with drip,msmarco-passage/train,ielabgroup/vec2text_gtr-base-st_corrector
614,Flavr Savr tomato,"fruits in Florida in season: ""A. flora"" (season 2 - 'A. savona') season",KernelDensityGECO,1,0.001,florida fruits in season,msmarco-passage/train,ielabgroup/vec2text_gtr-base-st_corrector
614,Flavr Savr tomato,"created by a group of critics, including Oscar Hammerstein II and Vincent Loewenheim, who created rotten tomatoes, Bru",KernelDensityGECO,1,0.001,who created rotten tomatoes,msmarco-passage/train,ielabgroup/vec2text_gtr-base-st_corrector
614,Flavr Savr tomato,"samarlando trampoline, which Sam's Club sold, was a type of trampoline that the sas",KernelDensityGECO,1,0.001,what kind of trampoline did sam's club sell,msmarco-passage/train,ielabgroup/vec2text_gtr-base-st_corrector
614,Flavr Savr tomato,"without limits - rotten tomatoes - rated a 0 - rotten tomatoes - , , and Release",KernelDensityGECO,1,0.001,without limits rotten tomatoes,msmarco-passage/train,ielabgroup/vec2text_gtr-base-st_corrector
615,timber exports Asia,"A tawa (Canadian taith) is a heavy-gauge, phantom and special-e",KernelDensityGECO,1,0.001,what is a tawa,msmarco-passage/train,ielabgroup/vec2text_gtr-base-st_corrector
615,timber exports Asia,"countries (Seattle, Nepal, Indonesia, Thailand, and Poltanya) are the countries of Southeast Asia, whose countries are",KernelDensityGECO,1,0.001,what countries are in Southeast asia,msmarco-passage/train,ielabgroup/vec2text_gtr-base-st_corrector
615,timber exports Asia,"where we get natural toddy from trees, we, especially those in the lower reaches of the mountains, come to drink natural toddy from '",KernelDensityGECO,1,0.001,where do we get natural toddy from trees,msmarco-passage/train,ielabgroup/vec2text_gtr-base-st_corrector
615,timber exports Asia,"application is available for importing biological materials (bio-products, bio-products, bio-chemicals) to transportation and storage of biological materials",KernelDensityGECO,1,0.001,application to import biological materials,msmarco-passage/train,ielabgroup/vec2text_gtr-base-st_corrector
615,timber exports Asia,"which a furs trading company was formed to trade furs for the settlers of the New World. During its history, New World .",KernelDensityGECO,1,0.001,which company was formed to trade furs in the new world?,msmarco-passage/train,ielabgroup/vec2text_gtr-base-st_corrector
615,timber exports Asia,"the corporation in Washington, D.C., which owns most of Timberland and the remaining taffetarie owned by Sea Crown",KernelDensityGECO,1,0.001,what corporation owns most the timberland in washington,msmarco-passage/train,ielabgroup/vec2text_gtr-base-st_corrector
615,timber exports Asia,will work with Travis Perkins to fit a size and size & to fit a better fit & feel Travis Perkins will cut wood,KernelDensityGECO,1,0.001,will travis perkins cut wood to size,msmarco-passage/train,ielabgroup/vec2text_gtr-base-st_corrector
615,timber exports Asia,"if a request is made to export proceeds to the bank in Niger, the proceeds can be withdrawn from the bank rupia",KernelDensityGECO,1,0.001,can export proceeds be withdrawn from the bank in nigeria,msmarco-passage/train,ielabgroup/vec2text_gtr-base-st_corrector
615,timber exports Asia,) are there in Asia,KernelDensityGECO,1,0.001,are there owls in asia,msmarco-passage/train,ielabgroup/vec2text_gtr-base-st_corrector
615,timber exports Asia,'tasmania tasmania' is a tidal swathe located where Australia is,KernelDensityGECO,1,0.001,where is tasmania australia,msmarco-passage/train,ielabgroup/vec2text_gtr-base-st_corrector
616,Volkswagen Mexico,"where Sayulita is located: it is located on Ferganza City and the capital city of México, México and is located",KernelDensityGECO,1,0.001,where is sayulita mexico located,msmarco-passage/train,ielabgroup/vec2text_gtr-base-st_corrector
616,Volkswagen Mexico,"purple wolf (Spanish: ""Loja gran amigo en una da) purple wolf is a",KernelDensityGECO,1,0.001,purple wolf in spanish,msmarco-passage/train,ielabgroup/vec2text_gtr-base-st_corrector
616,Volkswagen Mexico,"located where Veracruz is located, it is located at a plantation located in the southwestern state of Chinobamba and",KernelDensityGECO,1,0.001,where is veracruz located,msmarco-passage/train,ielabgroup/vec2text_gtr-base-st_corrector
616,Volkswagen Mexico,elote preparado elote preparado is a libelo and a samba program in Mexico,KernelDensityGECO,1,0.001,what is elote preparado,msmarco-passage/train,ielabgroup/vec2text_gtr-base-st_corrector
616,Volkswagen Mexico,in 1664 (Feb. 1st in the Mexican Empire and the Mexicans of the Americas) founded,KernelDensityGECO,1,0.001,when was the mexicans founded,msmarco-passage/train,ielabgroup/vec2text_gtr-base-st_corrector
616,Volkswagen Mexico,in 1896 when Mexico introduced the pinata and he received pipas for the Coptic Republic on 1st October,KernelDensityGECO,1,0.001,when did mexico get the pinata introduced,msmarco-passage/train,ielabgroup/vec2text_gtr-base-st_corrector
616,Volkswagen Mexico,"do Mexico have a leatherback sea turtle conservation law and a savage animal protection act. , Mexico has Tegano",KernelDensityGECO,1,0.001,does mexico have leatherback sea turtle conservation laws,msmarco-passage/train,ielabgroup/vec2text_gtr-base-st_corrector
616,Volkswagen Mexico,"items that are associated with Mexico, such as huefo, colochio, and sataque, are now associated",KernelDensityGECO,1,0.001,what things are associated with mexico,msmarco-passage/train,ielabgroup/vec2text_gtr-base-st_corrector
616,Volkswagen Mexico,"headquarters of the Volvo (volvo-servicer) (located at the landstätten, rpádi",KernelDensityGECO,1,0.001,where is the volvo headquarters,msmarco-passage/train,ielabgroup/vec2text_gtr-base-st_corrector
616,Volkswagen Mexico,"people live in the country of Mexico, and currently, 275,890 people live in Mexico, and 190,000 people live",KernelDensityGECO,1,0.001,how many people live mexico,msmarco-passage/train,ielabgroup/vec2text_gtr-base-st_corrector
617,Russia Cuba economy,gdp per decade and the growth of the economy has slowed. The Russian gdp last 30 years is 1900,KernelDensityGECO,1,0.001,russian gdp last 20 years,msmarco-passage/train,ielabgroup/vec2text_gtr-base-st_corrector
617,Russia Cuba economy,"influenced cubism. The work of Viennese sculptor François Pasteur, which influenced Cubism, influenced",KernelDensityGECO,1,0.001,what influenced cubism,msmarco-passage/train,ielabgroup/vec2text_gtr-base-st_corrector
617,Russia Cuba economy,"systems are present in the economic system of an animal farm, i.e., pig ostrich, femt and human",KernelDensityGECO,1,0.001,what economic systems are present in animal farm,msmarco-passage/train,ielabgroup/vec2text_gtr-base-st_corrector
617,Russia Cuba economy,"a slew of people, all were involved in the Cold War, resulting from the United States, Russia, and the Soviet Union",KernelDensityGECO,1,0.001,who was all involved in the cold war,msmarco-passage/train,ielabgroup/vec2text_gtr-base-st_corrector
617,Russia Cuba economy,"where cuba is a county, Alamoa County, Alabama Alamoa County is a unit of the U.S. Department",KernelDensityGECO,1,0.001,what county is cuba alabama in,msmarco-passage/train,ielabgroup/vec2text_gtr-base-st_corrector
617,Russia Cuba economy,"a kind of nation, Cuba, is a nation of the CO2 and a generous, wealthy, and generous economy, and the United States",KernelDensityGECO,1,0.001,what kind of nation is cuba,msmarco-passage/train,ielabgroup/vec2text_gtr-base-st_corrector
617,Russia Cuba economy,is communism            hypocrisy,KernelDensityGECO,1,0.001,is communism hypocrisy,msmarco-passage/train,ielabgroup/vec2text_gtr-base-st_corrector
617,Russia Cuba economy,Hecuba in the Odyssey of Ciliopolis Hecuba (or Helena) is a benefactor of the dynasty,KernelDensityGECO,1,0.001,who is hecuba in the iliad,msmarco-passage/train,ielabgroup/vec2text_gtr-base-st_corrector
617,Russia Cuba economy,"change which is taking place in transitional economies is the change in economic change that is taking place in transitional (i.e., a transition",KernelDensityGECO,1,0.001,what economic change is taking place in transitional economies,msmarco-passage/train,ielabgroup/vec2text_gtr-base-st_corrector
617,Russia Cuba economy,"The average monthly income is a 12,000 koa (cuban wage) or 12,000 koa in Cuba",KernelDensityGECO,1,0.001,what is the average monthly income in cuba,msmarco-passage/train,ielabgroup/vec2text_gtr-base-st_corrector
618,Ayatollah Khomeini death,"what happened when Alexander the Great, a.k.a. ""Alexander the Great"", died. Afterwards, the Nazis seized",KernelDensityGECO,1,0.001,what happened when alexander the great died,msmarco-passage/train,ielabgroup/vec2text_gtr-base-st_corrector
618,Ayatollah Khomeini death,"in Louverture Île-à-la-Tournand, where Toussaint Antoinette died and subsequently",KernelDensityGECO,1,0.001,where did toussaint l'ouverture die,msmarco-passage/train,ielabgroup/vec2text_gtr-base-st_corrector
618,Ayatollah Khomeini death,"on 17 January 1801, when Osama bin Laden got a death fright and he escaped detection, Osama was",KernelDensityGECO,1,0.001,when did osama bin laden get killed,msmarco-passage/train,ielabgroup/vec2text_gtr-base-st_corrector
618,Ayatollah Khomeini death,"was the abolitor, Christopher Abramson, unconvicted, and he was executed on the eve of the un- execution",KernelDensityGECO,1,0.001,was the unabomber executed,msmarco-passage/train,ielabgroup/vec2text_gtr-base-st_corrector
618,Ayatollah Khomeini death,"the United States death clock (USCHR/USCH/USPID) real-time. , is being viewed at 900",KernelDensityGECO,1,0.001,us death clock real time,msmarco-passage/train,ielabgroup/vec2text_gtr-base-st_corrector
618,Ayatollah Khomeini death,"in the year of ""Evil Nitevel"" (1902), K.N.E.L. died in the year of Kritikavel",KernelDensityGECO,1,0.001,what year did evil knievel die,msmarco-passage/train,ielabgroup/vec2text_gtr-base-st_corrector
618,Ayatollah Khomeini death,"in a hat trick and Lotte Hitchcock slew the ally, Ale Roosevelt Leavitt. He died on",KernelDensityGECO,1,0.001,how did alice hathaway lee roosevelt die,msmarco-passage/train,ielabgroup/vec2text_gtr-base-st_corrector
618,Ayatollah Khomeini death,is agdal adl (Morocco city) in the aribeghr region,KernelDensityGECO,1,0.001,is agdal a city in morocco,msmarco-passage/train,ielabgroup/vec2text_gtr-base-st_corrector
618,Ayatollah Khomeini death,A.H. Helmedy A.H. Helmedy (a.k.a. Ahmed Hammed) is a British,KernelDensityGECO,1,0.001,who is ahmed helmy?,msmarco-passage/train,ielabgroup/vec2text_gtr-base-st_corrector
618,Ayatollah Khomeini death,U.S.–Azerbaijan relations U.S.-Azerbaijan relations (as the situation changes or a lockdown,KernelDensityGECO,1,0.001,us azerbaijan relations,msmarco-passage/train,ielabgroup/vec2text_gtr-base-st_corrector
619,Winnie Mandela scandal,marie charcot disease Marie charcot disease (also known as Charcoctide Disease) is a medical condition of the,KernelDensityGECO,1,0.001,what is marie charcot disease,msmarco-passage/train,ielabgroup/vec2text_gtr-base-st_corrector
619,Winnie Mandela scandal,"a young girl named Melissa Healy, and a stewardess on the Ricky Heiland-Whit",KernelDensityGECO,1,0.001,who is melissa healy?,msmarco-passage/train,ielabgroup/vec2text_gtr-base-st_corrector
619,Winnie Mandela scandal,"a girl Scott Disick caught and cheated on with a girl he was with, Claudette Shack, Co-",KernelDensityGECO,1,0.001,who was the girl scott disick got caught with,msmarco-passage/train,ielabgroup/vec2text_gtr-base-st_corrector
619,Winnie Mandela scandal,"on a sex scandal, mistresses is cancelled , , , , , , and as of January 2018,",KernelDensityGECO,1,0.001,is mistresses cancelled?,msmarco-passage/train,ielabgroup/vec2text_gtr-base-st_corrector
619,Winnie Mandela scandal,"meloe is a wonderful person and a lifetime star of Lodoe and Genesee, better known as Melinoe",KernelDensityGECO,1,0.001,who is melinoe,msmarco-passage/train,ielabgroup/vec2text_gtr-base-st_corrector
619,Winnie Mandela scandal,"who played a sassy neo-faye character, Lila Quartermaine, and Lillian",KernelDensityGECO,1,0.001,who played lila quartermaine,msmarco-passage/train,ielabgroup/vec2text_gtr-base-st_corrector
619,Winnie Mandela scandal,"actress Cate Blanchett, and songwriters Carrie Dior and Sally Hilfridson, who died recently, was recently",KernelDensityGECO,1,0.001,what female celebrity recently died,msmarco-passage/train,ielabgroup/vec2text_gtr-base-st_corrector
619,Winnie Mandela scandal,"Maurizio mercen, guiseppe mercalli, is a celebrated European and African leader of the Gemin",KernelDensityGECO,1,0.001,who is giuseppe mercalli,msmarco-passage/train,ielabgroup/vec2text_gtr-base-st_corrector
619,Winnie Mandela scandal,"on the eve of the gubernatorial senate, in which H.L.A. worked on Watergate.",KernelDensityGECO,1,0.001,when did hillary clinton work on watergate?,msmarco-passage/train,ielabgroup/vec2text_gtr-base-st_corrector
619,Winnie Mandela scandal,Joe M. Magretta Joe M. Magretta is a media expert and a retired CIA agent and the director of Joanna Wagner,KernelDensityGECO,1,0.001,who is joan magretta,msmarco-passage/train,ielabgroup/vec2text_gtr-base-st_corrector
620,France nuclear testing,(or a nisocombustion) is a nuclear explosion that is the result of a process of explosion or burn of,KernelDensityGECO,1,0.001,what is a nuclear explosion,msmarco-passage/train,ielabgroup/vec2text_gtr-base-st_corrector
620,France nuclear testing,The Boston Panel Test (the boston test) is a powerful diagnostic test on the John H. Housermann Scale and Associated Blood Pressure,KernelDensityGECO,1,0.001,what is the boston panel test,msmarco-passage/train,ielabgroup/vec2text_gtr-base-st_corrector
620,France nuclear testing,who developed the first atomic theory based on experimentation (and a semblance of shackle theory) a year later,KernelDensityGECO,1,0.001,who developed the first atomic theory based on experimentation?,msmarco-passage/train,ielabgroup/vec2text_gtr-base-st_corrector
620,France nuclear testing,phage testing is a technique known as a cancer test and a test to determine the success of Cystophores and other,KernelDensityGECO,1,0.001,what is phage testing,msmarco-passage/train,ielabgroup/vec2text_gtr-base-st_corrector
620,France nuclear testing,"what was destroyed during the French Revolution in France. The ""French Revolution"" was destroyed when the food, clothing, and infrastructure were wiped out",KernelDensityGECO,1,0.001,what was destroyed in france during the french revolution,msmarco-passage/train,ielabgroup/vec2text_gtr-base-st_corrector
620,France nuclear testing,"autonomic nerve function test to determine function, a sympathy test, a parasympathetic test, and an independent",KernelDensityGECO,1,0.001,autonomic nerve function test,msmarco-passage/train,ielabgroup/vec2text_gtr-base-st_corrector
620,France nuclear testing,"guidelines for the implementation of the Nuclear Stress Test, a guideline for stress testing, a reference guideline for 4-6 gs of stress",KernelDensityGECO,1,0.001,guidelines for nuclear stress test,msmarco-passage/train,ielabgroup/vec2text_gtr-base-st_corrector
620,France nuclear testing,"French defense force French defense forces, a.k.a.        (Maritime Defense",KernelDensityGECO,1,0.001,french defense forces,msmarco-passage/train,ielabgroup/vec2text_gtr-base-st_corrector
620,France nuclear testing,color of the flag of France (French flag red) is a symbol of the richness of France and the peace it holds under its,KernelDensityGECO,1,0.001,france flag color meaning,msmarco-passage/train,ielabgroup/vec2text_gtr-base-st_corrector
620,France nuclear testing,"type of reaction that occurs in a power plant is the nuclear reaction, which occurs in a gas-fired thermo-aerobic reactor",KernelDensityGECO,1,0.001,what type of nuclear reaction occurs in a power plant,msmarco-passage/train,ielabgroup/vec2text_gtr-base-st_corrector
621,women ordained Church of England,in the southeastern United Kingdom. oxford oxford ( / / / / /) is,KernelDensityGECO,1,0.001,where is oxford?,msmarco-passage/train,ielabgroup/vec2text_gtr-base-st_corrector
621,women ordained Church of England,similarities between the Anglican church mass and catholic service (Anglican Mass and Anglicanism) and catholic baptized,KernelDensityGECO,1,0.001,similarities between anglican church service and catholic mass,msmarco-passage/train,ielabgroup/vec2text_gtr-base-st_corrector
621,women ordained Church of England,largest brick church in France (France Church of the Holy Riding of Saint-Jean-d'Orléans) is the largest church,KernelDensityGECO,1,0.001,largest brick church in france,msmarco-passage/train,ielabgroup/vec2text_gtr-base-st_corrector
621,women ordained Church of England,(married by clergy) means that a marriage between a cleric and a pastor (married by a cleric),KernelDensityGECO,1,0.001,what does married by clergy means,msmarco-passage/train,ielabgroup/vec2text_gtr-base-st_corrector
621,women ordained Church of England,"111 wives, Mikey Rooney had a single sacrosanct marriage, and he had one, Mormon Rooney, who was",KernelDensityGECO,1,0.001,how many wives did mickey rooney have,msmarco-passage/train,ielabgroup/vec2text_gtr-base-st_corrector
621,women ordained Church of England,a Brides Antique Box (bringed box) is an antique antique obelisk-shaped moulded bridesmaid which,KernelDensityGECO,1,0.001,what is a antique brides box,msmarco-passage/train,ielabgroup/vec2text_gtr-base-st_corrector
621,women ordained Church of England,"was a woman of grey sabers, Matthew Anson played a woman in the son of battle plotline ""Glory",KernelDensityGECO,1,0.001,did Matthew Gray Gubler play a woman in sons of anarchy,msmarco-passage/train,ielabgroup/vec2text_gtr-base-st_corrector
621,women ordained Church of England,"if a sexless marriage is found to be a biblical grounds for divorce, sexless marriage is a grounds for divorce",KernelDensityGECO,1,0.001,is a sexless marriage biblical grounds for divorce,msmarco-passage/train,ielabgroup/vec2text_gtr-base-st_corrector
621,women ordained Church of England,". , , , , , , , , , (Julianne Hough is married,",KernelDensityGECO,1,0.001,is julianne hough married,msmarco-passage/train,ielabgroup/vec2text_gtr-base-st_corrector
621,women ordained Church of England,"eponymous Scottish slang term for endearment of a woman, 'Scottish', 'Mabe",KernelDensityGECO,1,0.001,scottish term of endearment for a woman,msmarco-passage/train,ielabgroup/vec2text_gtr-base-st_corrector
622,price fixing,"demand function, i.e., price demand function, i.e., demand for p/(p)(p",KernelDensityGECO,1,0.001,price demand function,msmarco-passage/train,ielabgroup/vec2text_gtr-base-st_corrector
622,price fixing,"meaning (or 'day trading', formerly 'day-doing' or 'day trading') means that a stock",KernelDensityGECO,1,0.001,what does day trading mean,msmarco-passage/train,ielabgroup/vec2text_gtr-base-st_corrector
622,price fixing,price (pronunciation of a stock price or a share price) is the defining price of an asset (stock) or firm holding,KernelDensityGECO,1,0.001,share price definition,msmarco-passage/train,ielabgroup/vec2text_gtr-base-st_corrector
622,price fixing,"type contract, fixed price",KernelDensityGECO,1,0.001,cost type contract vs fixed price,msmarco-passage/train,ielabgroup/vec2text_gtr-base-st_corrector
622,price fixing,price ceiling (capita-markets)         is the definition of,KernelDensityGECO,1,0.001,price ceiling definition,msmarco-passage/train,ielabgroup/vec2text_gtr-base-st_corrector
622,price fixing,a result of having a price ceiling. This results in a ceiling (or a high ceiling) which can help to drive realisations,KernelDensityGECO,1,0.001,what results from having a price ceiling,msmarco-passage/train,ielabgroup/vec2text_gtr-base-st_corrector
622,price fixing,"a .com - bitcoin price drop, a .com - .hr - bitcoin reddish price drop",KernelDensityGECO,1,0.001,bitcoin price drop reddit,msmarco-passage/train,ielabgroup/vec2text_gtr-base-st_corrector
622,price fixing,"market price discount, discount of the value of a bond, e.g. bond bond, bond guarantee, bond drooped",KernelDensityGECO,1,0.001,market price bond discount,msmarco-passage/train,ielabgroup/vec2text_gtr-base-st_corrector
622,price fixing,(bee price) or          ($495 price) Bee,KernelDensityGECO,1,0.001,bee price,msmarco-passage/train,ielabgroup/vec2text_gtr-base-st_corrector
622,price fixing,consumer rights (price changes) a consumer's rights or rights of a customer or other consumer rights group may change at a 0.1,KernelDensityGECO,1,0.001,consumer rights price changes,msmarco-passage/train,ielabgroup/vec2text_gtr-base-st_corrector
623,toxic chemical weapon,of a chemical is a chemical peel (a sulphur based aqueous solution) that acts as a sort of chemical,KernelDensityGECO,1,0.001,what is a chemical peel,msmarco-passage/train,ielabgroup/vec2text_gtr-base-st_corrector
623,toxic chemical weapon,"which lasts longer in a roblox splay session is fire or poison, which lasts longer in a roblox s",KernelDensityGECO,1,0.001,which lasts longer fire or poison in roblox,msmarco-passage/train,ielabgroup/vec2text_gtr-base-st_corrector
623,toxic chemical weapon,definition of pesticide poisoning (pestuwash),KernelDensityGECO,1,0.001,definition of pesticide poisoning,msmarco-passage/train,ielabgroup/vec2text_gtr-base-st_corrector
623,toxic chemical weapon,"the music genre: edgy, funk, slut, and modern rock, ""Poison"" is",KernelDensityGECO,1,0.001,what music genre is poison,msmarco-passage/train,ielabgroup/vec2text_gtr-base-st_corrector
623,toxic chemical weapon,you fire your secondary weapon on your tank by pressing the pointing button on your left or right while you fire your top gun on World War II,KernelDensityGECO,1,0.001,how do u fire secondary weapon on world of tanks,msmarco-passage/train,ielabgroup/vec2text_gtr-base-st_corrector
623,toxic chemical weapon,"a long time before toxic shale and silicone granules are used. However, Bismuth is toxic and can be",KernelDensityGECO,1,0.001,is bismuth toxic,msmarco-passage/train,ielabgroup/vec2text_gtr-base-st_corrector
623,toxic chemical weapon,"2,500 b.m., the plague is considered to be extremely deadly, causing the death of Poseidon and the Rotting Dale",KernelDensityGECO,1,0.001,how deadly is the plague,msmarco-passage/train,ielabgroup/vec2text_gtr-base-st_corrector
623,toxic chemical weapon,"During excessive toxic activity, toxic megacolon is a cause of toxic toxic vesicles such as brucellosis",KernelDensityGECO,1,0.001,what causes toxic megacolon,msmarco-passage/train,ielabgroup/vec2text_gtr-base-st_corrector
623,toxic chemical weapon,"isotope, or isotopes, are a series of radioisotopes in the armament of nuclear weapons",KernelDensityGECO,1,0.001,what are isotope in nuclear weapons,msmarco-passage/train,ielabgroup/vec2text_gtr-base-st_corrector
623,toxic chemical weapon,", delphiniums are",KernelDensityGECO,1,0.001,are delphiniums poisonous,msmarco-passage/train,ielabgroup/vec2text_gtr-base-st_corrector
624,SDI Star Wars,. The Noble wedge lock slot (        ) is a locking cartridge,KernelDensityGECO,1,0.001,what is the noble wedge lock slot,msmarco-passage/train,ielabgroup/vec2text_gtr-base-st_corrector
624,SDI Star Wars,"Known as Star Trek Online,         is an online farce on the Internet",KernelDensityGECO,1,0.001,what is star trek online,msmarco-passage/train,ielabgroup/vec2text_gtr-base-st_corrector
624,SDI Star Wars,last name 'Luke' and his last name 'Star Wars' is a last name of 'Sarsfield's,KernelDensityGECO,1,0.001,what is luke's last name star wars,msmarco-passage/train,ielabgroup/vec2text_gtr-base-st_corrector
624,SDI Star Wars,clone Wars for the Xbox One Xbox & Xbox 360 Xboxes Star Wars X-Men,KernelDensityGECO,1,0.001,xbox star wars clone wars,msmarco-passage/train,ielabgroup/vec2text_gtr-base-st_corrector
624,SDI Star Wars,PII DoD is a complex data protection and information collection network of the United States Department of Defense. It is also called piaf de,KernelDensityGECO,1,0.001,what is pii dod,msmarco-passage/train,ielabgroup/vec2text_gtr-base-st_corrector
624,SDI Star Wars,Star Wars galaxy samsung galaxy wars mod .samsung galaxy wars .samsung galaxy wars,KernelDensityGECO,1,0.001,star wars galaxy war mod,msmarco-passage/train,ielabgroup/vec2text_gtr-base-st_corrector
624,SDI Star Wars,"a top ten list of eve-saber-crubbed ""Star Wars""s top ten most unpopular characters",KernelDensityGECO,1,0.001,top ten most unpopular star wars characters,msmarco-passage/train,ielabgroup/vec2text_gtr-base-st_corrector
624,SDI Star Wars,acronym Scif is an acronym for the Science Foundation of the Region (SHF) and means “Intelligencers” or “Science Heritage”.,KernelDensityGECO,1,0.001,what is the acronym scif means?,msmarco-passage/train,ielabgroup/vec2text_gtr-base-st_corrector
624,SDI Star Wars,sdv verification numbers (Verification Numbers on your sdv account or your sdv holder is 215 .,KernelDensityGECO,1,0.001,sdv verification numbers,msmarco-passage/train,ielabgroup/vec2text_gtr-base-st_corrector
624,SDI Star Wars,this intriguing character is a lightsaber that has a great and a great imagination and as of cool,KernelDensityGECO,1,0.001,what an intriguing character what a cool lightsaber,msmarco-passage/train,ielabgroup/vec2text_gtr-base-st_corrector
625,arrests bombing WTC,"who, a recent effort by the American Freedom of the People, a 2008 interview, . War on drugs sounds like .. or",KernelDensityGECO,1,0.001,who does war on drugs sound like ?,msmarco-passage/train,ielabgroup/vec2text_gtr-base-st_corrector
625,arrests bombing WTC,What is a bail hearing in a D.C. court tenant hearing is a formal hearing held by a landlord in the courtroom after,KernelDensityGECO,1,0.001,what is a bail hearing in dc landlord tenant court,msmarco-passage/train,ielabgroup/vec2text_gtr-base-st_corrector
625,arrests bombing WTC,in the city of Barcelona (located on the Ftbol de Granada) and what was the terrorist attack was a,KernelDensityGECO,1,0.001,where in barcelona was the terrorist attack,msmarco-passage/train,ielabgroup/vec2text_gtr-base-st_corrector
625,arrests bombing WTC,Terrorism Act 2000           is a political law,KernelDensityGECO,1,0.001,what is terrorism act 2000,msmarco-passage/train,ielabgroup/vec2text_gtr-base-st_corrector
625,arrests bombing WTC,"bwi and open at a time of 6:00 pm bwi, TSA opens at bwi tas",KernelDensityGECO,1,0.001,what time does tsa open at bwi,msmarco-passage/train,ielabgroup/vec2text_gtr-base-st_corrector
625,arrests bombing WTC,"group of Westcott law group. , a.k.a. , Westcott-Blillard law group, a 501",KernelDensityGECO,1,0.001,westcott law group,msmarco-passage/train,ielabgroup/vec2text_gtr-base-st_corrector
625,arrests bombing WTC,are busted now & there are a lot of f**k shit in our cypher code with McFly,KernelDensityGECO,1,0.001,are busted still with mcfly,msmarco-passage/train,ielabgroup/vec2text_gtr-base-st_corrector
625,arrests bombing WTC,when Amerikan king L.B. King House was bombed and he and his family vacated the house in July 17,KernelDensityGECO,1,0.001,when luther king house bombed,msmarco-passage/train,ielabgroup/vec2text_gtr-base-st_corrector
625,arrests bombing WTC,"who imprisoned Daedalus and his ephelomen while he was on the trip to the tower,",KernelDensityGECO,1,0.001,who imprisoned daedalus in the tower,msmarco-passage/train,ielabgroup/vec2text_gtr-base-st_corrector
625,arrests bombing WTC,American suspended status            meaning suspended flight is an airline,KernelDensityGECO,1,0.001,american suspended flight status meaning,msmarco-passage/train,ielabgroup/vec2text_gtr-base-st_corrector
626,human stampede,(US): The Human Gene Project is a project to study human ailment and human obesity and is currently under the berlusc,KernelDensityGECO,1,0.001,what is the human gene project,msmarco-passage/train,ielabgroup/vec2text_gtr-base-st_corrector
626,human stampede,"where the hammer, stifle, hammer, and anvil are found in the human body, and the Stirrup",KernelDensityGECO,1,0.001,"where is the hammer, anvil and stirrup found in the human body?",msmarco-passage/train,ielabgroup/vec2text_gtr-base-st_corrector
626,human stampede,"the Jalelwala massacre, a.k.a. Jallianwala massacre, is a jalelvani ram",KernelDensityGECO,1,0.001,what is the jallianwala massacre,msmarco-passage/train,ielabgroup/vec2text_gtr-base-st_corrector
626,human stampede,"stayman convention is a convention of residents and businessmen at Bridge to welcome visitors to the bridge and the janitorial suite at James Bay,",KernelDensityGECO,1,0.001,what is stayman convention in bridge,msmarco-passage/train,ielabgroup/vec2text_gtr-base-st_corrector
626,human stampede,(Anchovies's turban)      is a wild hare.,KernelDensityGECO,1,0.001,what is a wild hare?,msmarco-passage/train,ielabgroup/vec2text_gtr-base-st_corrector
626,human stampede,"is human growth exponential (e.g., Epstein-Boykin et al.) Human growth is a",KernelDensityGECO,1,0.001,is human growth exponential,msmarco-passage/train,ielabgroup/vec2text_gtr-base-st_corrector
626,human stampede,"Human skull anatomy Human skull (humeral arteries, kneephthys, dilated bones) is anatomy",KernelDensityGECO,1,0.001,human skull anatomy,msmarco-passage/train,ielabgroup/vec2text_gtr-base-st_corrector
626,human stampede,was the Hunt Hayes stage cancelled at FREEMAN CHECK. It was announced that he had been cancelled at the upcoming HARRIS Free,KernelDensityGECO,1,0.001,was hunter hayes cancelled at the freeman stage,msmarco-passage/train,ielabgroup/vec2text_gtr-base-st_corrector
626,human stampede,"is Meena rashi (Mani rashi) and despite having a natural physiology and sweat, she is human,",KernelDensityGECO,1,0.001,is meena rashi human,msmarco-passage/train,ielabgroup/vec2text_gtr-base-st_corrector
626,human stampede,"which is the fastest human speed, with a speed of up to 1100m/s (human spedest foot and a human explosive",KernelDensityGECO,1,0.001,what's the fastest human speed,msmarco-passage/train,ielabgroup/vec2text_gtr-base-st_corrector
627,Russian food crisis,"food preservation, is a definition of a food, a food preparation, a nutritional value that works by refining and refining",KernelDensityGECO,1,0.001,food preservation definition,msmarco-passage/train,ielabgroup/vec2text_gtr-base-st_corrector
627,Russian food crisis,"stifled by the responsors of the Russian president Ulyanov, who started the Russian sanctions (Russian",KernelDensityGECO,1,0.001,who started the russian sanctions,msmarco-passage/train,ielabgroup/vec2text_gtr-base-st_corrector
627,Russian food crisis,"why North Korea, which is a giant importing power, imports food from the north, because it eats new crops of food,",KernelDensityGECO,1,0.001,why does north korea import food,msmarco-passage/train,ielabgroup/vec2text_gtr-base-st_corrector
627,Russian food crisis,"foods that pair well with a mogoda kiel, sour cream mule can be a great luger.",KernelDensityGECO,1,0.001,foods that pair well with a moscow mule,msmarco-passage/train,ielabgroup/vec2text_gtr-base-st_corrector
627,Russian food crisis,"what it was like in Russia, i.e., communism was like a form of Uzbekistan and a republic",KernelDensityGECO,1,0.001,what was communism in russia like,msmarco-passage/train,ielabgroup/vec2text_gtr-base-st_corrector
627,Russian food crisis,"stifled by the responsors of the Russian president Ulyanov, who started the Russian sanctions (Russian",KernelDensityGECO,1,0.001,who started the russian sanctions,msmarco-passage/train,ielabgroup/vec2text_gtr-base-st_corrector
627,Russian food crisis,"calories (100 g of vodka, compared to 900 g of vodka in a serving of a typical Russian vodka) contains 1,001",KernelDensityGECO,1,0.001,calories in vodka,msmarco-passage/train,ielabgroup/vec2text_gtr-base-st_corrector
627,Russian food crisis,"important food in venezuela, they are: savoa creme cones, chicken burgers, rami",KernelDensityGECO,1,0.001,important food in venezuela,msmarco-passage/train,ielabgroup/vec2text_gtr-base-st_corrector
627,Russian food crisis,"foods they eat, Greeks eat a variety of food: ghetto, peas, sausages and eggs eat",KernelDensityGECO,1,0.001,what food do greeks eat,msmarco-passage/train,ielabgroup/vec2text_gtr-base-st_corrector
627,Russian food crisis,Adnistrian crisis Adnistrian crisis (commonly referred to as an addisonian crisis) is a natural,KernelDensityGECO,1,0.001,what is an addisonian crisis,msmarco-passage/train,ielabgroup/vec2text_gtr-base-st_corrector
628,U.S. invasion of Panama,1895 with the end of the American embargo on Cuba and the Argentine-Hungary-Coastle United States ended,KernelDensityGECO,1,0.001,when did the united states end its embargo on cuba,msmarco-passage/train,ielabgroup/vec2text_gtr-base-st_corrector
628,U.S. invasion of Panama,"U.S. territory was the largest gain, despite a significant increase in U.S. gains from New Mexico and Middle America Anti-American",KernelDensityGECO,1,0.001,what us territory was largest gain,msmarco-passage/train,ielabgroup/vec2text_gtr-base-st_corrector
628,U.S. invasion of Panama,"formed under the command of President Mosaddei (PTO), and it is unknown why he started Pearl Harbor and the resulting World War II",KernelDensityGECO,1,0.001,what started pearl harbor,msmarco-passage/train,ielabgroup/vec2text_gtr-base-st_corrector
628,U.S. invasion of Panama,"incorporated in . . . . . . . The United States was incorporated in , a small Indianapolis Corp",KernelDensityGECO,1,0.001,us was incorporated in,msmarco-passage/train,ielabgroup/vec2text_gtr-base-st_corrector
628,U.S. invasion of Panama,because the battle of the coral sea was a victory for the United States and a forerunner to the United States’ victory at Port Hope.,KernelDensityGECO,1,0.001,why was the battle of coral sea a victory for the united states?,msmarco-passage/train,ielabgroup/vec2text_gtr-base-st_corrector
628,U.S. invasion of Panama,"1896 (when the sagans surrendered to the U.S. Navy) and the Las Salinas War, it happened",KernelDensityGECO,1,0.001,when did the las salinas war happen,msmarco-passage/train,ielabgroup/vec2text_gtr-base-st_corrector
628,U.S. invasion of Panama,"what land did the U.S. gain after the Mexican-American War, and remained in America for the rest of the XI century.",KernelDensityGECO,1,0.001,what land did the us gain after the mexican-american war?,msmarco-passage/train,ielabgroup/vec2text_gtr-base-st_corrector
628,U.S. invasion of Panama,pacaya was formed by a series of hard-sliding routes along the Cayamata River. This is how Panama,KernelDensityGECO,1,0.001,how was pacaya formed,msmarco-passage/train,ielabgroup/vec2text_gtr-base-st_corrector
628,U.S. invasion of Panama,"what was the bloodiest one-day confrontation in American history, when the U.S. Army swarmed the White House on March 7,",KernelDensityGECO,1,0.001,what was the bloodiest one day confrontation in american history,msmarco-passage/train,ielabgroup/vec2text_gtr-base-st_corrector
628,U.S. invasion of Panama,"document called ""Way Not to Interfer in Latin America?"", which warned European nations against attempting to pacify Europe in the future.",KernelDensityGECO,1,0.001,what document warned european nations not to interfere in latin america?,msmarco-passage/train,ielabgroup/vec2text_gtr-base-st_corrector
629,abortion clinic attack,"how Descartes deals with the attacks of his argument and how he deals with them, he responds by including attacks on those who do not",KernelDensityGECO,1,0.001,how does descartes deal with attacks on his argument,msmarco-passage/train,ielabgroup/vec2text_gtr-base-st_corrector
629,abortion clinic attack,when the otadoloin clinic is at the Warley Hospital on 23rd and 24th Tuesdays at the chemotherapy store,KernelDensityGECO,1,0.001,when is the warfarin clinic at otley hospital,msmarco-passage/train,ielabgroup/vec2text_gtr-base-st_corrector
629,abortion clinic attack,(town shooting) was shooting in a town in a ricket-wedge in a NE 61 in Las Vegas,KernelDensityGECO,1,0.001,what town was shooting in,msmarco-passage/train,ielabgroup/vec2text_gtr-base-st_corrector
629,abortion clinic attack,"fetal bleeding from the first trimester (pregnancy cleavage, ectopic epithelioma) causes",KernelDensityGECO,1,0.001,causes of first trimester bleeding,msmarco-passage/train,ielabgroup/vec2text_gtr-base-st_corrector
629,abortion clinic attack,"mayo clinic patient number, patient 001-00-00-00-00-00-00-00-00-00 in Mankato",KernelDensityGECO,1,0.001,mayo clinic mankato patient number,msmarco-passage/train,ielabgroup/vec2text_gtr-base-st_corrector
629,abortion clinic attack,by a chomp. Miscarriages do marrow and how the fetus and the ligaments can separate and slow,KernelDensityGECO,1,0.001,how do miscarriages,msmarco-passage/train,ielabgroup/vec2text_gtr-base-st_corrector
629,abortion clinic attack,"because of a crime committed by a female killer, crisin Christine Grimmie was killed, Darren Smeat was in front",KernelDensityGECO,1,0.001,why was christina grimmie killed,msmarco-passage/train,ielabgroup/vec2text_gtr-base-st_corrector
629,abortion clinic attack,"a list of all-Islamic attacks containing the names of all attacks, a list of terrorism attacks, a list of bombing",KernelDensityGECO,1,0.001,list of all islamic attacks,msmarco-passage/train,ielabgroup/vec2text_gtr-base-st_corrector
629,abortion clinic attack,"a chemical attack is the chemical attacks ozone (Ozone) when it reacts with a set of reactants, chlorine emul",KernelDensityGECO,1,0.001,what chemical attacks ozone,msmarco-passage/train,ielabgroup/vec2text_gtr-base-st_corrector
629,abortion clinic attack,"a cause of a fetus to stop developing, or when a fetus is unable to keep developing",KernelDensityGECO,1,0.001,what causes a fetus to stop developing,msmarco-passage/train,ielabgroup/vec2text_gtr-base-st_corrector
630,Gulf War Syndrome,Carcinoid syndrome (scythoidosis neoid) is a disease of the brain that is a,KernelDensityGECO,1,0.001,what is carcinoid syndrome,msmarco-passage/train,ielabgroup/vec2text_gtr-base-st_corrector
630,Gulf War Syndrome,"upper crossed syndrome Upper crossed syndrome, a rheumatoid arthritis, obvius jubilatus,",KernelDensityGECO,1,0.001,upper crossed syndrome,msmarco-passage/train,ielabgroup/vec2text_gtr-base-st_corrector
630,Gulf War Syndrome,"terrorism under the guise of the terrorism-operability quiz-book, definition of global war on terrorism, defining",KernelDensityGECO,1,0.001,define global war on terrorism quizlet,msmarco-passage/train,ielabgroup/vec2text_gtr-base-st_corrector
630,Gulf War Syndrome,"condition is buc condition, which is a condition of open gingival tissue. It is a condition of TCN, Tissue, and cyst",KernelDensityGECO,1,0.001,what is buc condition,msmarco-passage/train,ielabgroup/vec2text_gtr-base-st_corrector
630,Gulf War Syndrome,"diffuse disease (Burnett disease) sinus, a group of fecal-dyspneas, is defined",KernelDensityGECO,1,0.001,diffuse disease sinus definition,msmarco-passage/train,ielabgroup/vec2text_gtr-base-st_corrector
630,Gulf War Syndrome,vascular loop syndrome vascular loop syndrome (,KernelDensityGECO,1,0.001,vascular loop syndrome,msmarco-passage/train,ielabgroup/vec2text_gtr-base-st_corrector
630,Gulf War Syndrome,of slumps test (or STRUCTS test) is a test that tests a test for a condition known as a test,KernelDensityGECO,1,0.001,what is slumps test,msmarco-passage/train,ielabgroup/vec2text_gtr-base-st_corrector
630,Gulf War Syndrome,to arm idiosis. IMPingement syndrome may also cause pain in the arm for a long time. Symptoms,KernelDensityGECO,1,0.001,can impingement syndrome cause pain in the arm?,msmarco-passage/train,ielabgroup/vec2text_gtr-base-st_corrector
630,Gulf War Syndrome,"why, when it happens in the morning, it feels as if sand resuscitates your eyes for the first time you",KernelDensityGECO,1,0.001,why does it feel as if there is sand in my eyes first thing in the morning,msmarco-passage/train,ielabgroup/vec2text_gtr-base-st_corrector
630,Gulf War Syndrome,Known as secondary impact syndrome          is an injury to human biomark,KernelDensityGECO,1,0.001,what is secondary impact syndrome,msmarco-passage/train,ielabgroup/vec2text_gtr-base-st_corrector
631,Mandela South Africa President,"who ran a peanut farm in the stowage of the George family in Athens, Georgia, as president, and remained",KernelDensityGECO,1,0.001,who ran a peanut farm in georgia president,msmarco-passage/train,ielabgroup/vec2text_gtr-base-st_corrector
631,Mandela South Africa President,"who is the current president of Russia, A.S.A., A.V. Dmitry Soderbergh, a U.",KernelDensityGECO,1,0.001,who is current president of russia,msmarco-passage/train,ielabgroup/vec2text_gtr-base-st_corrector
631,Mandela South Africa President,"President (Robert A. Abrams and John F. Germain, who was president at the time) during the economic boom .",KernelDensityGECO,1,0.001,who was president during the economic boom?,msmarco-passage/train,ielabgroup/vec2text_gtr-base-st_corrector
631,Mandela South Africa President,"in the state of South Africa, leaners now provide mathemaeti mathematics on the morning of 23 February 1987. In 1994,",KernelDensityGECO,1,0.001,when do leaners state mathematicsi in south africa,msmarco-passage/train,ielabgroup/vec2text_gtr-base-st_corrector
631,Mandela South Africa President,"a feist with a misunderstanding, and a new president, J. P. I. Washington, was the first president.",KernelDensityGECO,1,0.001,who's the first president?,msmarco-passage/train,ielabgroup/vec2text_gtr-base-st_corrector
631,Mandela South Africa President,"president of the UK, I.A.D. d'Indicia, and who is the President of Spain, as of today.",KernelDensityGECO,1,0.001,who is the president of spain?,msmarco-passage/train,ielabgroup/vec2text_gtr-base-st_corrector
631,Mandela South Africa President,"of the United States, George H. W. Hutcherson, Ronald Reagan, the president of the United States, who was a philosopher,",KernelDensityGECO,1,0.001,which president was a philosopher,msmarco-passage/train,ielabgroup/vec2text_gtr-base-st_corrector
631,Mandela South Africa President,(by a population of over one million m) is the most-speechable language in Africa and is now spoken by the African,KernelDensityGECO,1,0.001,what is the most spoken language in africa,msmarco-passage/train,ielabgroup/vec2text_gtr-base-st_corrector
631,Mandela South Africa President,"who is the senate leader of the government in Australasia, is the senate leader, in the senate",KernelDensityGECO,1,0.001,who is the government leader in the senate aus,msmarco-passage/train,ielabgroup/vec2text_gtr-base-st_corrector
631,Mandela South Africa President,"of Presidents (John Quincy Adams, George H.W. Bush, and Jefferson D. McClover) had slaves. President Abraham Lincoln",KernelDensityGECO,1,0.001,which president had slaves,msmarco-passage/train,ielabgroup/vec2text_gtr-base-st_corrector
632,southeast Asia tin mining,"bhutan exports. This is a large quantity of Bhutan olefoil, a vegetable and wheat that export",KernelDensityGECO,1,0.001,what does bhutan export,msmarco-passage/train,ielabgroup/vec2text_gtr-base-st_corrector
632,southeast Asia tin mining,(Bangkok)           (Bangcay,KernelDensityGECO,1,0.001,where is bangkok located,msmarco-passage/train,ielabgroup/vec2text_gtr-base-st_corrector
632,southeast Asia tin mining,"where Botswana agate comes from, it is from the abrasia branched ossogold leaf",KernelDensityGECO,1,0.001,where does botswana agate come from,msmarco-passage/train,ielabgroup/vec2text_gtr-base-st_corrector
632,southeast Asia tin mining,"because of oil operations in the of, oil is abundant in southwest Asia as a result of biomass.",KernelDensityGECO,1,0.001,why is oil abundant in southwest asia?,msmarco-passage/train,ielabgroup/vec2text_gtr-base-st_corrector
632,southeast Asia tin mining,Asia,KernelDensityGECO,1,0.001,what continent is korea,msmarco-passage/train,ielabgroup/vec2text_gtr-base-st_corrector
632,southeast Asia tin mining,– Sintra is located in southern Switzerland,KernelDensityGECO,1,0.001,where is sintra,msmarco-passage/train,ielabgroup/vec2text_gtr-base-st_corrector
632,southeast Asia tin mining,structure of the mining industry (tanza) and the agrarian mining industry (tetra) in Zambia is surrounded by industrial,KernelDensityGECO,1,0.001,structure of the mining industry in tanzania,msmarco-passage/train,ielabgroup/vec2text_gtr-base-st_corrector
632,southeast Asia tin mining,"0 to 3 days, as long as Southeast Asia's hot and dry season lasts for the duration of the summer, and the dry rice",KernelDensityGECO,1,0.001,how long does southeast asia's dry and hot season last?,msmarco-passage/train,ielabgroup/vec2text_gtr-base-st_corrector
632,southeast Asia tin mining,tin is a good conductor of the conductive electricity,KernelDensityGECO,1,0.001,is tin a good conductor of electricity,msmarco-passage/train,ielabgroup/vec2text_gtr-base-st_corrector
632,southeast Asia tin mining,"where the terracotta warriors, or famous scourge lions, are found in China, the ancient Chinese",KernelDensityGECO,1,0.001,where are the terracotta warriors found in china,msmarco-passage/train,ielabgroup/vec2text_gtr-base-st_corrector
633,Welsh devolution,"WHAF is a walker's bay, archipelago, golf, hiking and public park. It is also known as",KernelDensityGECO,1,0.001,what is wharf,msmarco-passage/train,ielabgroup/vec2text_gtr-base-st_corrector
633,Welsh devolution,who are called elves are called the wolves that turn into elves and elves into a form of a ny,KernelDensityGECO,1,0.001,what are the elves that turn into wolves called,msmarco-passage/train,ielabgroup/vec2text_gtr-base-st_corrector
633,Welsh devolution,", the pubis synthesis is diar",KernelDensityGECO,1,0.001,is the pubis synthesis diarthrotic,msmarco-passage/train,ielabgroup/vec2text_gtr-base-st_corrector
633,Welsh devolution,difference between alpaca (alpaca & acorns) and a paca (mosaics) whereas wool,KernelDensityGECO,1,0.001,difference between alpaca and wool,msmarco-passage/train,ielabgroup/vec2text_gtr-base-st_corrector
633,Welsh devolution,Decyl is a quinol and a vegetable oil. It is one of the essential bio-cleansers for hypocerid,KernelDensityGECO,1,0.001,what is decyl,msmarco-passage/train,ielabgroup/vec2text_gtr-base-st_corrector
633,Welsh devolution,advanced waf definition. Advanced waf is a specialized and highly advanced form of granulosahedral FEWI training,KernelDensityGECO,1,0.001,advanced waf definition,msmarco-passage/train,ielabgroup/vec2text_gtr-base-st_corrector
633,Welsh devolution,"when it is time to debride a wound. If the wound is swollen and a short time after healing, debrid",KernelDensityGECO,1,0.001,when to debride a wound,msmarco-passage/train,ielabgroup/vec2text_gtr-base-st_corrector
633,Welsh devolution,what a sheep placenta looks like and what a sheep placenta looks like is a very mummy-like,KernelDensityGECO,1,0.001,what does a sheep placenta look like,msmarco-passage/train,ielabgroup/vec2text_gtr-base-st_corrector
633,Welsh devolution,"4.5-6.7 m, and a channeled whelk can get as big as it gets when it catches on head.",KernelDensityGECO,1,0.001,how big does a channeled whelk get?,msmarco-passage/train,ielabgroup/vec2text_gtr-base-st_corrector
633,Welsh devolution,wry neck is a condition of fecund ailment and a twisted fecundity on spine,KernelDensityGECO,1,0.001,what is wry neck,msmarco-passage/train,ielabgroup/vec2text_gtr-base-st_corrector
634,L-tryptophan deaths,"what are the three types of troponin found in cardiac muscle, i.e. acycloprotonsin and acyclone",KernelDensityGECO,1,0.001,what are the three types of troponin found in cardiac muscle?,msmarco-passage/train,ielabgroup/vec2text_gtr-base-st_corrector
634,L-tryptophan deaths,"is fatal (e.g., lyme disease, lyme glaucoma, teddy bear disease) .",KernelDensityGECO,1,0.001,is lyme disease fatal?,msmarco-passage/train,ielabgroup/vec2text_gtr-base-st_corrector
634,L-tryptophan deaths,"is a dead PPV, and when SpongeBob the sponge spitpit is dead, he is not only voice",KernelDensityGECO,1,0.001,is the voice of spongebob dead,msmarco-passage/train,ielabgroup/vec2text_gtr-base-st_corrector
634,L-tryptophan deaths,"by driving a Lewis car into a high concentration of hydrogen ions, ""Lewis"" died. At the time, Lewis died at 11",KernelDensityGECO,1,0.001,how did lewis die,msmarco-passage/train,ielabgroup/vec2text_gtr-base-st_corrector
634,L-tryptophan deaths,"death, Michael Pfeiffer and slacky & sydney death Andy Gibb death, a death",KernelDensityGECO,1,0.001,andy gibb death,msmarco-passage/train,ielabgroup/vec2text_gtr-base-st_corrector
634,L-tryptophan deaths,(Thomas Casey) died by a venom in a burst of a young driver and a suicide on 17,KernelDensityGECO,1,0.001,how did casey thomas die,msmarco-passage/train,ielabgroup/vec2text_gtr-base-st_corrector
634,L-tryptophan deaths,"(Frank franklin) death from a predisposition to death from arthritis and diabetes. After his death, Franklin died of",KernelDensityGECO,1,0.001,what did franklin die from,msmarco-passage/train,ielabgroup/vec2text_gtr-base-st_corrector
634,L-tryptophan deaths,"who died in Pottstown, Pennsylvania, Phelan-Curtis-Berkeley and Ethan Phelan-C",KernelDensityGECO,1,0.001,who died in pottstown pennsylvania,msmarco-passage/train,ielabgroup/vec2text_gtr-base-st_corrector
634,L-tryptophan deaths,caused by a guinea-barrel rotifer resulting in death from Guillain-Barre syndrome (,KernelDensityGECO,1,0.001,cause of death by guillain-barre syndrome,msmarco-passage/train,ielabgroup/vec2text_gtr-base-st_corrector
634,L-tryptophan deaths,the main cause of death in tricyclic antidepressant toxicity as a result of high-in-dose cyclic depressants,KernelDensityGECO,1,0.001,major cause of death in tricyclic antidepressant toxicity,msmarco-passage/train,ielabgroup/vec2text_gtr-base-st_corrector
635,doctor assisted suicides,(Draco-Richards-Grass) is called the doctor symbol. The symbol is called a doctor (,KernelDensityGECO,1,0.001,what is doctor symbol called,msmarco-passage/train,ielabgroup/vec2text_gtr-base-st_corrector
635,doctor assisted suicides,"a doctor is a doctor, a scion of the U.S. president, a patrice, or a",KernelDensityGECO,1,0.001,what is a doctor?,msmarco-passage/train,ielabgroup/vec2text_gtr-base-st_corrector
635,doctor assisted suicides,"with the highest median physician assista salary of 150,000 a year ($150,000 per physician assistee) and 150,000",KernelDensityGECO,1,0.001,highest physician assista salaries,msmarco-passage/train,ielabgroup/vec2text_gtr-base-st_corrector
635,doctor assisted suicides,"what you have to do as a doctor, you have to do a lot of other things. You have to do as a dr",KernelDensityGECO,1,0.001,what do you have to do as a doctor,msmarco-passage/train,ielabgroup/vec2text_gtr-base-st_corrector
635,doctor assisted suicides,"a hesiologist, a doctor (e.g., Dr. Phillips) can treat herpes sphe",KernelDensityGECO,1,0.001,what kind of doctor can treat herpes,msmarco-passage/train,ielabgroup/vec2text_gtr-base-st_corrector
635,doctor assisted suicides,"Types of doctors: Achievetic doctor who specializes in metabolism, Achievetic doctor who specializes in a small amount of obesity",KernelDensityGECO,1,0.001,types of doctors for metabolism,msmarco-passage/train,ielabgroup/vec2text_gtr-base-st_corrector
635,doctor assisted suicides,"in examining the results of a medical doctor, an allopathic physician is a physician who is a natural endocrine advisor to diseases",KernelDensityGECO,1,0.001,what is an allopathic physician,msmarco-passage/train,ielabgroup/vec2text_gtr-base-st_corrector
635,doctor assisted suicides,"states which allow assisted suicide. U.S. states – Colorado, Nevada, New Jersey, Wisconsin, Idaho and NH – allow assisted suicide",KernelDensityGECO,1,0.001,which states allow assisted suicide?,msmarco-passage/train,ielabgroup/vec2text_gtr-base-st_corrector
635,doctor assisted suicides,"a neo-gynecologist (doctor rover) takes care of your liver, and the first three",KernelDensityGECO,1,0.001,what kind of dr takes care of your liver,msmarco-passage/train,ielabgroup/vec2text_gtr-base-st_corrector
635,doctor assisted suicides,"a doctor (Ferdinand G. Neubauer) or a chiro-surgeon, who shows neuropathy, a",KernelDensityGECO,1,0.001,what kind of doctor for neuropathy,msmarco-passage/train,ielabgroup/vec2text_gtr-base-st_corrector
636,jury duty exemptions,Ohio Exemption Ohio Exemption is a deductible amount of tax imposed on individuals by the Ohio-Ohio-Chicago Liqui,KernelDensityGECO,1,0.001,what is ohio exemption,msmarco-passage/train,ielabgroup/vec2text_gtr-base-st_corrector
636,jury duty exemptions,"a question of whether a client's 'heart' is an exception to hearsay, impeachment is an exception.",KernelDensityGECO,1,0.001,is impeachment an exception to hearsay?,msmarco-passage/train,ielabgroup/vec2text_gtr-base-st_corrector
636,jury duty exemptions,"a person may work under an ""exempt employment"" (exempt employment) or a ""exempt exemption"" means that it omit",KernelDensityGECO,1,0.001,what does exempt employment mean,msmarco-passage/train,ielabgroup/vec2text_gtr-base-st_corrector
636,jury duty exemptions,how to postpone jury duty by submitting a judicial appeals form and allowing a judge to reschedule,KernelDensityGECO,1,0.001,how to postpone jury duty,msmarco-passage/train,ielabgroup/vec2text_gtr-base-st_corrector
636,jury duty exemptions,the county of Johnsonville-Johnny-Tulsa-Loopeville is one of the Counties of New York City,KernelDensityGECO,1,0.001,what county is johnsonville ny in,msmarco-passage/train,ielabgroup/vec2text_gtr-base-st_corrector
636,jury duty exemptions,"list of tax-free things in Ohio on a tax-free weekend, free suckling night, free water, free pizza and fairs",KernelDensityGECO,1,0.001,list of things in ohio for tax free weekend,msmarco-passage/train,ielabgroup/vec2text_gtr-base-st_corrector
636,jury duty exemptions,"waive U.S. Veterans Administration (VA) benefits. It provides a free choice of restraining, discharge, and pay valecie",KernelDensityGECO,1,0.001,waive va benefits,msmarco-passage/train,ielabgroup/vec2text_gtr-base-st_corrector
636,jury duty exemptions,"whose amendment protects double jeopardy, is the Double Jeopardy Clause of the 50th and 61st",KernelDensityGECO,1,0.001,what amendment protects double jeopardy,msmarco-passage/train,ielabgroup/vec2text_gtr-base-st_corrector
636,jury duty exemptions,escrow rules. Rules are a “nJ” and a “nj” is subject to the e-sales agent’,KernelDensityGECO,1,0.001,escrow nj rules,msmarco-passage/train,ielabgroup/vec2text_gtr-base-st_corrector
636,jury duty exemptions,"form, known as an exemption form, is a unique form that fills out a tax information questionnaire and is used as a self-assurance",KernelDensityGECO,1,0.001,what is an exemption form,msmarco-passage/train,ielabgroup/vec2text_gtr-base-st_corrector
637,human growth hormone (HGH),DHHD DHHD (also known as dhd) is a small intestine of the human brain. It is an inhibitor,KernelDensityGECO,1,0.001,what is dhd,msmarco-passage/train,ielabgroup/vec2text_gtr-base-st_corrector
637,human growth hormone (HGH),"the best brand of prescription human growth hormone, if you are a child, or a human growth hormone, X-Menotra",KernelDensityGECO,1,0.001,best brand of prescription human growth hormone,msmarco-passage/train,ielabgroup/vec2text_gtr-base-st_corrector
637,human growth hormone (HGH),"(vitamin B), vitamins X and XI (vitamin A), and XL (vitamin D) help height growth in humans",KernelDensityGECO,1,0.001,what vitamins help height growth,msmarco-passage/train,ielabgroup/vec2text_gtr-base-st_corrector
637,human growth hormone (HGH),"definition of a ""tropic hormones"", a set of hormones are plant and animal hormones that increase the effect of egress and",KernelDensityGECO,1,0.001,tropic hormones definition,msmarco-passage/train,ielabgroup/vec2text_gtr-base-st_corrector
637,human growth hormone (HGH),h-mangosaccharoenzyme h-bi-cornwort (Hmb) supplement is a vitamin supplement,KernelDensityGECO,1,0.001,what is hmb supplement,msmarco-passage/train,ielabgroup/vec2text_gtr-base-st_corrector
637,human growth hormone (HGH),(Dh) are a collection of home run and catcher (H)s. These are now known as dangerous hitters or ster,KernelDensityGECO,1,0.001,what are dh,msmarco-passage/train,ielabgroup/vec2text_gtr-base-st_corrector
637,human growth hormone (HGH),Heterocrine glands (or hypercystrine salicylic glands) are a set of natural organs that digest,KernelDensityGECO,1,0.001,what are heterocrine glands,msmarco-passage/train,ielabgroup/vec2text_gtr-base-st_corrector
637,human growth hormone (HGH),"a product of a pharmacogenosis, a testosterone, or a hair growth hormone, produces a growth hormone.",KernelDensityGECO,1,0.001,what produces a growth hormone],msmarco-passage/train,ielabgroup/vec2text_gtr-base-st_corrector
637,human growth hormone (HGH),which type of human growth hormone is used to help with weight loss starting with a diet of acrimonin and apron and,KernelDensityGECO,1,0.001,what kind of human growth hormone helps in weight loss,msmarco-passage/train,ielabgroup/vec2text_gtr-base-st_corrector
637,human growth hormone (HGH),definition of human subjects - Human HS - a group of human subdisciplines in the discipline of social majesty,KernelDensityGECO,1,0.001,definition of human subjects hhs,msmarco-passage/train,ielabgroup/vec2text_gtr-base-st_corrector
638,wrongful convictions,"who is responsible for convening an investigation if an erroneous payment is discovered, or when an erroneous payment is discovered",KernelDensityGECO,1,0.001,who is responsible for convening an investigation when an erroneous payment is discovered?,msmarco-passage/train,ielabgroup/vec2text_gtr-base-st_corrector
638,wrongful convictions,"which major crimes for which females are convicted, a number of which are convicted include rape, homicide, cult",KernelDensityGECO,1,0.001,what are the major crimes for which females are convicted,msmarco-passage/train,ielabgroup/vec2text_gtr-base-st_corrector
638,wrongful convictions,on the issuance of habeas corpus and whether he has a constitutional writ of habeas corpus is uncon,KernelDensityGECO,1,0.001,is habeas corpus unconstitutional,msmarco-passage/train,ielabgroup/vec2text_gtr-base-st_corrector
638,wrongful convictions,(known as reasonable doubt by the ludicrous clause of the case of the Brown Donnelly) is a law defining reasonable doubt,KernelDensityGECO,1,0.001,define reasonable doubt,msmarco-passage/train,ielabgroup/vec2text_gtr-base-st_corrector
638,wrongful convictions,"in the last few years, trying to resolve the death penalty has had a series of consequences for state and territory tries and failures to resolve",KernelDensityGECO,1,0.001,what has been some consequences of trying to resolve the death penalty,msmarco-passage/train,ielabgroup/vec2text_gtr-base-st_corrector
638,wrongful convictions,"the Black Sox were charged with bribery, bribery and a slew of alcohol. Charges against the So",KernelDensityGECO,1,0.001,what were the charges of the black sox,msmarco-passage/train,ielabgroup/vec2text_gtr-base-st_corrector
638,wrongful convictions,"the most mysterious cases, the Cold Cases (John Hopkins DC, CSIRO, CSIRO, CSIRO) and a mysterious man",KernelDensityGECO,1,0.001,most mysterious cold cases,msmarco-passage/train,ielabgroup/vec2text_gtr-base-st_corrector
638,wrongful convictions,which people who claim the death penalty is unconstitutional in their bill of rights will most likely cite the amendment as the one they want to answer,KernelDensityGECO,1,0.001,people who believe the death penalty is unconstitutional are most likely to cite which amendment in the bill of rights to support their case? quizlet,msmarco-passage/train,ielabgroup/vec2text_gtr-base-st_corrector
638,wrongful convictions,"I Was Right or Wrong on i-I was Right on i-I, a 1989 debut album by the SS32 soundtrack",KernelDensityGECO,1,0.001,what album was was i right or was i wrong on,msmarco-passage/train,ielabgroup/vec2text_gtr-base-st_corrector
638,wrongful convictions,A misfire of the heart is a pulsation of the heart that misinterprets the aortic valve and the heart,KernelDensityGECO,1,0.001,what is a misfire of the heart,msmarco-passage/train,ielabgroup/vec2text_gtr-base-st_corrector
639,consumer on-line shopping,a public index of income and the Consumer Price Index (formerly known as the Consumer Expenditure Index) is a measure of consumer demand,KernelDensityGECO,1,0.001,what is the consumer price index,msmarco-passage/train,ielabgroup/vec2text_gtr-base-st_corrector
639,consumer on-line shopping,a C.A.R. (Currentsing CR) is a costing for purchasing products.,KernelDensityGECO,1,0.001,what is a c.a.r for purchasing,msmarco-passage/train,ielabgroup/vec2text_gtr-base-st_corrector
639,consumer on-line shopping,the customer concessions are consumer concessions (also known as customer concessions) which are a number of customer-returned concessions for a,KernelDensityGECO,1,0.001,what are customer concessions,msmarco-passage/train,ielabgroup/vec2text_gtr-base-st_corrector
639,consumer on-line shopping,"(e.g., zeal, feedback, erroneousness) the nature of the Internet is the characteristics of the Internet",KernelDensityGECO,1,0.001,what are the characteristics of the internet,msmarco-passage/train,ielabgroup/vec2text_gtr-base-st_corrector
639,consumer on-line shopping,A strategic buyer is a buyer of a product who buys from an early-stage vendor and is now known as a strategic buyer who is,KernelDensityGECO,1,0.001,what is a strategic buyer,msmarco-passage/train,ielabgroup/vec2text_gtr-base-st_corrector
639,consumer on-line shopping,"why it is difficult to evaluate buy-or-make decisions. For this reason, it is often difficult to evaluate the buy-or-make decisions.",KernelDensityGECO,1,0.001,why is it often difficult to evaluate make-or-buy decisions?,msmarco-passage/train,ielabgroup/vec2text_gtr-base-st_corrector
639,consumer on-line shopping,how to return items online using zaftlal d/o/ and a number of other methods. In online store in Zalor,KernelDensityGECO,1,0.001,how to return items in zalora thru online,msmarco-passage/train,ielabgroup/vec2text_gtr-base-st_corrector
639,consumer on-line shopping,"online store, fefwevwew.com, is available online to buy fefew for a minimum of four",KernelDensityGECO,1,0.001,where can i buy fevwefew online,msmarco-passage/train,ielabgroup/vec2text_gtr-base-st_corrector
639,consumer on-line shopping,"most common reason for cognitive dissonance – i.e., the 'purchase/reprise feeling' – after disappointment is",KernelDensityGECO,1,0.001,"most common reason for cognitive dissonance (aka the disappointed feeling, post-purchase",msmarco-passage/train,ielabgroup/vec2text_gtr-base-st_corrector
639,consumer on-line shopping,"websites that you can order items online without an account (e.g. e-commerce, e-book, credit card or a cash",KernelDensityGECO,1,0.001,what websites can i order items online without an account,msmarco-passage/train,ielabgroup/vec2text_gtr-base-st_corrector
640,maternity leave policies,what is called military leave. Whether it's a 'military leave' or a 'franchise mark',KernelDensityGECO,1,0.001,what is military leave called.,msmarco-passage/train,ielabgroup/vec2text_gtr-base-st_corrector
640,maternity leave policies,on hysteria severance and hysteria severance pay. Hs sick leave is paid,KernelDensityGECO,1,0.001,hhs sick leave is paid,msmarco-passage/train,ielabgroup/vec2text_gtr-base-st_corrector
640,maternity leave policies,Medicare advantage plan Medicare advantage plan (formerly Medicare and Social Security & Medicare Advocacy Plan) is a plan to provide,KernelDensityGECO,1,0.001,what is medicare advantage plan,msmarco-passage/train,ielabgroup/vec2text_gtr-base-st_corrector
640,maternity leave policies,"(during the eve of the death of a child) what is considered emergency leave in the military, and it’s considered leave.",KernelDensityGECO,1,0.001,what is considered emergency leave in the military?,msmarco-passage/train,ielabgroup/vec2text_gtr-base-st_corrector
640,maternity leave policies,"of communications, it is known as communication policies (Complaints Policy) is a policy of the United Nations Office of Information Policy and Management which",KernelDensityGECO,1,0.001,what is communications policies,msmarco-passage/train,ielabgroup/vec2text_gtr-base-st_corrector
640,maternity leave policies,(now known as monetary policy or monetary policy) is a monetary policy of the OECD and the Inter-financial,KernelDensityGECO,1,0.001,what is monetary policy,msmarco-passage/train,ielabgroup/vec2text_gtr-base-st_corrector
640,maternity leave policies,"marketplace policy number is 900,000 and is backed by a new policy offering, the Merchandise Exchange Service (MAX)",KernelDensityGECO,1,0.001,marketplace policy number,msmarco-passage/train,ielabgroup/vec2text_gtr-base-st_corrector
640,maternity leave policies,"when family leave premiums will be paid and will be rolled out on 1 April 2019, New York State paid family members will receive paid maternity leave premium",KernelDensityGECO,1,0.001,when will new york state paid family leave premiums be paid,msmarco-passage/train,ielabgroup/vec2text_gtr-base-st_corrector
640,maternity leave policies,"when the doctor recommends you to go on maternity leave, and on the 14th of September, he tells you that you will go on",KernelDensityGECO,1,0.001,when does the doctor suggest you to go on maternity leave,msmarco-passage/train,ielabgroup/vec2text_gtr-base-st_corrector
640,maternity leave policies,"by signs of labor exhaustion, signs of maternal exhaustion (leaving the baby on the back of the cot) and signs",KernelDensityGECO,1,0.001,signs symptoms maternal exhaustion in labor,msmarco-passage/train,ielabgroup/vec2text_gtr-base-st_corrector
641,Valdez wildlife marine life,viejas arena (Arena Universitario el Povo) is located at Arena Vietnam. It is a multi-platform,KernelDensityGECO,1,0.001,where is viejas arena,msmarco-passage/train,ielabgroup/vec2text_gtr-base-st_corrector
641,Valdez wildlife marine life,"causes of special gloom in the Gulf of Mexico, mainly due to savage spray, glow rates of other dead zones",KernelDensityGECO,1,0.001,specific causes of dead zones in gulf of mexico,msmarco-passage/train,ielabgroup/vec2text_gtr-base-st_corrector
641,Valdez wildlife marine life,"lists the effects of littering on the marine environment such as a drop in volume of smog, a decrease in the amount of rubbish contained",KernelDensityGECO,1,0.001,list the effects of littering on the marine environment,msmarco-passage/train,ielabgroup/vec2text_gtr-base-st_corrector
641,Valdez wildlife marine life,it is Solas based VGM/GINS fee. This fee is a $130 fee when a new Sorbonne or Sol,KernelDensityGECO,1,0.001,what is solas/vgm fee,msmarco-passage/train,ielabgroup/vec2text_gtr-base-st_corrector
641,Valdez wildlife marine life,on a viral bacterial adenosine (VLD) treatment. VALtrex valtrex is a viral medication,KernelDensityGECO,1,0.001,is valtrex a viral medication,msmarco-passage/train,ielabgroup/vec2text_gtr-base-st_corrector
641,Valdez wildlife marine life,"gonzalo Valdivia is from zgonzalo valdivia, a city in Brazil.",KernelDensityGECO,1,0.001,where is gonzalo valdivia from?,msmarco-passage/train,ielabgroup/vec2text_gtr-base-st_corrector
641,Valdez wildlife marine life,the izalco Biome is found as a type of volcano with a tidal lava volcano which appears on,KernelDensityGECO,1,0.001,what type of biome is the izalco volcano found in,msmarco-passage/train,ielabgroup/vec2text_gtr-base-st_corrector
641,Valdez wildlife marine life,"cuba natural resources. The oil assets of ""Corasamento Nacional de Cuba el Vallejo"" are a",KernelDensityGECO,1,0.001,cuba natural resources,msmarco-passage/train,ielabgroup/vec2text_gtr-base-st_corrector
641,Valdez wildlife marine life,"meaning of the Spanish word called vals, a word that means “seor” “village” or “Valsi",KernelDensityGECO,1,0.001,meaning of spanish word called vals,msmarco-passage/train,ielabgroup/vec2text_gtr-base-st_corrector
641,Valdez wildlife marine life,"in Gardiner County, where Martinez is a citizen. The county is in the southeastern corner of the U.S. Virgin",KernelDensityGECO,1,0.001,what county is martinez in?,msmarco-passage/train,ielabgroup/vec2text_gtr-base-st_corrector
642,Tiananmen Square protesters,Tomas Tilas (Boston) Thomas Tallant is a former NBA star and current alumnus of the INC,KernelDensityGECO,1,0.001,who is thomas tallant,msmarco-passage/train,ielabgroup/vec2text_gtr-base-st_corrector
642,Tiananmen Square protesters,"at the enactment of the enactment of the NF-R, the Temperance Movement are a movement that values temperance",KernelDensityGECO,1,0.001,what are the temperance movement,msmarco-passage/train,ielabgroup/vec2text_gtr-base-st_corrector
642,Tiananmen Square protesters,a.k.a. Master t. Master t is a man who is a current explorer of Robert Snowdon.,KernelDensityGECO,1,0.001,who is master t?,msmarco-passage/train,ielabgroup/vec2text_gtr-base-st_corrector
642,Tiananmen Square protesters,are the tuareg peoples in Islam and the tuareg peoples are Islamic as part of the Ugaritic tradition,KernelDensityGECO,1,0.001,are the tuareg people islamic,msmarco-passage/train,ielabgroup/vec2text_gtr-base-st_corrector
642,Tiananmen Square protesters,"in the highwayman is a member of the , who is a Vincent Garza, and Sarah-Joseph Blow",KernelDensityGECO,1,0.001,who is in the highwayman,msmarco-passage/train,ielabgroup/vec2text_gtr-base-st_corrector
642,Tiananmen Square protesters,"which emperor Xiaochian (Chinese emperor) launched a hundred days of reform, the days of reform",KernelDensityGECO,1,0.001,what chinese emperor launched hundred days of reform,msmarco-passage/train,ielabgroup/vec2text_gtr-base-st_corrector
642,Tiananmen Square protesters,Chinese eat dog festival,KernelDensityGECO,1,0.001,chinese eat dog festival,msmarco-passage/train,ielabgroup/vec2text_gtr-base-st_corrector
642,Tiananmen Square protesters,"known as Timmy Turner, who is a former high school standby and a presenter of the Minnesota Miracles and Austin Cowley since",KernelDensityGECO,1,0.001,who is timmy turner,msmarco-passage/train,ielabgroup/vec2text_gtr-base-st_corrector
642,Tiananmen Square protesters,"is 57 years old for tenzing Norgay, a tenzing nga (Tensuny",KernelDensityGECO,1,0.001,how old is tenzing norgay,msmarco-passage/train,ielabgroup/vec2text_gtr-base-st_corrector
642,Tiananmen Square protesters,"nurses protest mandatory vaccinations. Protests by nurses following her sleeve and a lawsuit titled ""Dr. Whosep",KernelDensityGECO,1,0.001,nurses protest mandatory vaccinations,msmarco-passage/train,ielabgroup/vec2text_gtr-base-st_corrector
643,salmon dams Pacific northwest,"1 to 2 hours when salmon is on the grill and if it isn't in the air, it needs to be grilled with the chicken",KernelDensityGECO,1,0.001,how long does salmon need to be on the grill,msmarco-passage/train,ielabgroup/vec2text_gtr-base-st_corrector
643,salmon dams Pacific northwest,"a primary school for middle and high school students called DAULIC MARSENSE on E. Carson Blvd. Auburn, Maine Auburn Elementary",KernelDensityGECO,1,0.001,what elementary school for davis ave auburn maine,msmarco-passage/train,ielabgroup/vec2text_gtr-base-st_corrector
643,salmon dams Pacific northwest,traveling highway halfway point between Seattle and sacramento pacific coast pacific coast ft. north to sacra,KernelDensityGECO,1,0.001,halfway point between seattle and sacramento traveling pacfic coast highway,msmarco-passage/train,ielabgroup/vec2text_gtr-base-st_corrector
643,salmon dams Pacific northwest,"the river runs through Snag Alaska, the saskatoon slack-trawler river at the head of the Fraser Stra",KernelDensityGECO,1,0.001,what river runs through snag alaska,msmarco-passage/train,ielabgroup/vec2text_gtr-base-st_corrector
643,salmon dams Pacific northwest,"s. s. saemophilus. Salmon is a mammal, and it is a mammal",KernelDensityGECO,1,0.001,is salmon a mammal?,msmarco-passage/train,ielabgroup/vec2text_gtr-base-st_corrector
643,salmon dams Pacific northwest,"on the location of Castle Rock on the Wagonsee-Ripone Creek peninsula, compared to Seattle and Washington, and how it is perceived",KernelDensityGECO,1,0.001,where is Castle Rock in relation to Seattle wa,msmarco-passage/train,ielabgroup/vec2text_gtr-base-st_corrector
643,salmon dams Pacific northwest,cook salmon at 50  103  103  103  103  103  a best time to,KernelDensityGECO,1,0.001,best temperature to cook salmon,msmarco-passage/train,ielabgroup/vec2text_gtr-base-st_corrector
643,salmon dams Pacific northwest,"the pearl district in San Antonio, tx., the babey dabbli in sannton, tx",KernelDensityGECO,1,0.001,the pearl district in san antonio,msmarco-passage/train,ielabgroup/vec2text_gtr-base-st_corrector
643,salmon dams Pacific northwest,"referred to as 'the dalles, Oregon', is on the Ordnia River in the Lake, Lake District",KernelDensityGECO,1,0.001,"where is the dalles, oregon",msmarco-passage/train,ielabgroup/vec2text_gtr-base-st_corrector
643,salmon dams Pacific northwest,"fish which contain mercury, namely salmon, olives, and posh-branchi, most fish that contain mercury have mercury",KernelDensityGECO,1,0.001,which fish have mercury,msmarco-passage/train,ielabgroup/vec2text_gtr-base-st_corrector
644,exotic animals import,"because of the extinction of the fish and other animals in its habitat, the Indus river dolphin is endangered and is a ""Indus river",KernelDensityGECO,1,0.001,why is the indus river dolphin endangered,msmarco-passage/train,ielabgroup/vec2text_gtr-base-st_corrector
644,exotic animals import,"Animals Dead Zone is a low-level animal, focusing on cockroaches, lizards, fox, morr",KernelDensityGECO,1,0.001,what animal  is dead zone,msmarco-passage/train,ielabgroup/vec2text_gtr-base-st_corrector
644,exotic animals import,"example of an invertebrate animal: krissophagus, elodra, chirping lions,",KernelDensityGECO,1,0.001,example of invertebrate animals,msmarco-passage/train,ielabgroup/vec2text_gtr-base-st_corrector
644,exotic animals import,"orchids, namely the Xenia orchids (        ) are",KernelDensityGECO,1,0.001,what orchids are endangered,msmarco-passage/train,ielabgroup/vec2text_gtr-base-st_corrector
644,exotic animals import,because Javan rhinoceros pragon and other javans is endangered and as a result it is a woodpecker species extinction,KernelDensityGECO,1,0.001,why is javan rhinoceros woodpecker endangered,msmarco-passage/train,ielabgroup/vec2text_gtr-base-st_corrector
644,exotic animals import,"(Aponasia senegalensis) which is the longest living animal on Earth, until it reaches 2,000 years old (",KernelDensityGECO,1,0.001,what is the longest living animal on earth,msmarco-passage/train,ielabgroup/vec2text_gtr-base-st_corrector
644,exotic animals import,the salary of a U.S. import and export in the United States with exports above $80/100 and exports below $87,KernelDensityGECO,1,0.001,salary of import and export in usa,msmarco-passage/train,ielabgroup/vec2text_gtr-base-st_corrector
644,exotic animals import,export-export business in the Cayman Islands Cayman Islands dog exports is a demand for a 190 million cy,KernelDensityGECO,1,0.001,cayman islands dog export,msmarco-passage/train,ielabgroup/vec2text_gtr-base-st_corrector
644,exotic animals import,"(equatorial animals) are equatorial animals, such as lilac and swine, which are animal",KernelDensityGECO,1,0.001,what are equatorial animals,msmarco-passage/train,ielabgroup/vec2text_gtr-base-st_corrector
644,exotic animals import,"which animals get their heat from the outside environment (e.g., from outside aphemera and thermal insulation) - quiz type",KernelDensityGECO,1,0.001,what type of animals get their heat from the outside environment? quizlet,msmarco-passage/train,ielabgroup/vec2text_gtr-base-st_corrector
645,software piracy,"The software on the Intel is a part of the iProfet software, which includes the Asterisk i7,",KernelDensityGECO,1,0.001,what software is on the intel,msmarco-passage/train,ielabgroup/vec2text_gtr-base-st_corrector
645,software piracy,"by a user named Matt Cosentino, who is cracking Denuvo. It is a patch that is being used for the release",KernelDensityGECO,1,0.001,who is cracking denuvo,msmarco-passage/train,ielabgroup/vec2text_gtr-base-st_corrector
645,software piracy,(also known as programme testing) is a form of programmable test which is a method of testing information in a system by implementing,KernelDensityGECO,1,0.001,what is programme testing,msmarco-passage/train,ielabgroup/vec2text_gtr-base-st_corrector
645,software piracy,"An unlawful or unauthorized acquisition, negotiated through a fraud or deceit, is a . , , also known as",KernelDensityGECO,1,0.001,"An unlawful or unauthorized acquisition, by fraud or deceit, is known as a",msmarco-passage/train,ielabgroup/vec2text_gtr-base-st_corrector
645,software piracy,definition (sdk)            Software,KernelDensityGECO,1,0.001,software sdk definition,msmarco-passage/train,ielabgroup/vec2text_gtr-base-st_corrector
645,software piracy,cost of              (cloud-,KernelDensityGECO,1,0.001,cost of cloud based software,msmarco-passage/train,ielabgroup/vec2text_gtr-base-st_corrector
645,software piracy,(software) methodologies are a set of the software engineering and business intelligence (BIOIS) methodologies and the synthesis and elaboration process,KernelDensityGECO,1,0.001,what are the software methodologies,msmarco-passage/train,ielabgroup/vec2text_gtr-base-st_corrector
645,software piracy,software you need to install Western Digital HD .hdpd .hdpd .hdpd .hd.,KernelDensityGECO,1,0.001,what software do i need for western digital hdd?,msmarco-passage/train,ielabgroup/vec2text_gtr-base-st_corrector
645,software piracy,it is illegal to forge the 900.000RoE for a forge of the 9001 ISO. The 9001 is not safe,KernelDensityGECO,1,0.001,is it illegal to forge the iso9001,msmarco-passage/train,ielabgroup/vec2text_gtr-base-st_corrector
645,software piracy,"the software you need to start out with, if you want to make a good stab at your computer, you need hacking software",KernelDensityGECO,1,0.001,what software do i need to get into hacking,msmarco-passage/train,ielabgroup/vec2text_gtr-base-st_corrector
646,food stamps increase,"when we receive Social Security increases (e.g., for people who are not already receiving Social Security benefits) we receive increases. On January 18,",KernelDensityGECO,1,0.001,when do we receive social security increases,msmarco-passage/train,ielabgroup/vec2text_gtr-base-st_corrector
646,food stamps increase,"pending a price change or a price revision, oil price will be going to increase for a few weeks and most likely to increase from oil",KernelDensityGECO,1,0.001,is oil price going to increase,msmarco-passage/train,ielabgroup/vec2text_gtr-base-st_corrector
646,food stamps increase,which factor of the GDP (gp) is increasing. The aggregate demand of the dpc (dpc) is increasing at the same,KernelDensityGECO,1,0.001,which factor of the aggregate demand of the gdp is increasing?,msmarco-passage/train,ielabgroup/vec2text_gtr-base-st_corrector
646,food stamps increase,increase state minimum wage (Washington state),KernelDensityGECO,1,0.001,minimum wage increase washington state,msmarco-passage/train,ielabgroup/vec2text_gtr-base-st_corrector
646,food stamps increase,causes increases in APf numbers. This increase in APf numbers is a result of increases in a number of adipos,KernelDensityGECO,1,0.001,what causes increases in apf numbers,msmarco-passage/train,ielabgroup/vec2text_gtr-base-st_corrector
646,food stamps increase,"in the United States, it takes 45 to 60 days to get a food stamps for a person to qualify for benefits; it takes 48 hours",KernelDensityGECO,1,0.001,how long does it take to get food stamps,msmarco-passage/train,ielabgroup/vec2text_gtr-base-st_corrector
646,food stamps increase,"when risk of bonds increases, demand of bonds increases, and there is a rise in the risk of bonds, and they will become a risk",KernelDensityGECO,1,0.001,"when risk of bonds increase, what happens to demand of bonds",msmarco-passage/train,ielabgroup/vec2text_gtr-base-st_corrector
646,food stamps increase,level they want (between a 330-360 bpc) in early pregnancy will see the baby continue to rise as it can help improve,KernelDensityGECO,1,0.001,what level do they want to see rise in early pregnancy,msmarco-passage/train,ielabgroup/vec2text_gtr-base-st_corrector
646,food stamps increase,$100             Denver post price,KernelDensityGECO,1,0.001,denver post price increase,msmarco-passage/train,ielabgroup/vec2text_gtr-base-st_corrector
646,food stamps increase,"when tax bill increases, a child credit is expected to increase from January to mid-February, and a child tax bill increases from the following month",KernelDensityGECO,1,0.001,when does child tax credit increase,msmarco-passage/train,ielabgroup/vec2text_gtr-base-st_corrector
647,windmill electricity,create free power by soaking a few meters of free-power electricity and a low-voltage source of free energy can be used to generate,KernelDensityGECO,1,0.001,how to generate free power,msmarco-passage/train,ielabgroup/vec2text_gtr-base-st_corrector
647,windmill electricity,"what will be a 7000 watt power, a 7 watt power generator will run on a 0 watt long line of",KernelDensityGECO,1,0.001,what will a 7000 watt generator run,msmarco-passage/train,ielabgroup/vec2text_gtr-base-st_corrector
647,windmill electricity,"how sunlight generates electricity, i.e. by circulating a single volt of light that travels toward the body of water and sunlight",KernelDensityGECO,1,0.001,how does sunlight generate electricity,msmarco-passage/train,ielabgroup/vec2text_gtr-base-st_corrector
647,windmill electricity,"A breakdown is given here. Windmills work, by putting a load of water on them and turning them on to a flow of energy",KernelDensityGECO,1,0.001,how do windmills work?,msmarco-passage/train,ielabgroup/vec2text_gtr-base-st_corrector
647,windmill electricity,"type of energy that is not renewable and resusciable is nonrenewable, and resoundatable and renewable",KernelDensityGECO,1,0.001,what type of energy is nonrenewable and renewable,msmarco-passage/train,ielabgroup/vec2text_gtr-base-st_corrector
647,windmill electricity,"is cogeneration of apes   is the apes which power aesophagus,",KernelDensityGECO,1,0.001,what is cogeneration apes,msmarco-passage/train,ielabgroup/vec2text_gtr-base-st_corrector
647,windmill electricity,"a common energy source for a circuit (e.g., a jolly-joint generator or an electric circuit) is",KernelDensityGECO,1,0.001,what is a common energy source for a circuit,msmarco-passage/train,ielabgroup/vec2text_gtr-base-st_corrector
647,windmill electricity,"types of renewable electricity production: a-Renewable-Power generating unit, a-Renewable-Power generating unit,",KernelDensityGECO,1,0.001,types of renewable electricity production,msmarco-passage/train,ielabgroup/vec2text_gtr-base-st_corrector
647,windmill electricity,"(Windmill) is a wind turbine on the surface of the city of Wilbersea, which is also known as a wind",KernelDensityGECO,1,0.001,what is a windmill,msmarco-passage/train,ielabgroup/vec2text_gtr-base-st_corrector
647,windmill electricity,"located at , Oliver II Wind Farm, Oliveira, Lincolnshire, is the site of a second-large oligarch farm",KernelDensityGECO,1,0.001,where is oliver iii wind farm,msmarco-passage/train,ielabgroup/vec2text_gtr-base-st_corrector
648,family leave law,(Lord Day) is law day,KernelDensityGECO,1,0.001,what is law day,msmarco-passage/train,ielabgroup/vec2text_gtr-base-st_corrector
648,family leave law,"do have to exvacate all of the ill, ill, and sick leave from your FVESS and LMLMExpExp in order",KernelDensityGECO,1,0.001,do you have to exaust all vac and sick leave for fmla,msmarco-passage/train,ielabgroup/vec2text_gtr-base-st_corrector
648,family leave law,"adhering to the values of family and state, a family is a defining value: our values, our values, our freedoms",KernelDensityGECO,1,0.001,defining family's values,msmarco-passage/train,ielabgroup/vec2text_gtr-base-st_corrector
648,family leave law,"family medical. The family medical insurance and a medical clinic, a.k.a. Family Health Care, a.k.a.",KernelDensityGECO,1,0.001,family medical,msmarco-passage/train,ielabgroup/vec2text_gtr-base-st_corrector
648,family leave law,law labor vacation policy is a policy of the labor law determining a statutory leave of absence or a non-semi-,KernelDensityGECO,1,0.001,labor law vacation policy,msmarco-passage/train,ielabgroup/vec2text_gtr-base-st_corrector
648,family leave law,"(Fedlin) As soon as 18 to 24 hours after you can take maternity leave in Florida, you can not take your first position",KernelDensityGECO,1,0.001,how soon can you take maternity leave in florida,msmarco-passage/train,ielabgroup/vec2text_gtr-base-st_corrector
648,family leave law,Lemon law (automobiles) Lemon law is a sales and steering law for cars and other vehicles subjected to the laws of the United States,KernelDensityGECO,1,0.001,what is lemon law for cars,msmarco-passage/train,ielabgroup/vec2text_gtr-base-st_corrector
648,family leave law,a severance whack. The FMLA lasts from 1 to 4 weeks and is extended to 4.5 months and will continue,KernelDensityGECO,1,0.001,fmla lasts how long,msmarco-passage/train,ielabgroup/vec2text_gtr-base-st_corrector
648,family leave law,the laws that protect you as an employee are the Employee Protection Act (S.W.C.  119  119,KernelDensityGECO,1,0.001,what laws protect me as an employee,msmarco-passage/train,ielabgroup/vec2text_gtr-base-st_corrector
648,family leave law,"what a family is, or a family tree, is a tracing tree of our human history, from the trees of our",KernelDensityGECO,1,0.001,what is a family tree,msmarco-passage/train,ielabgroup/vec2text_gtr-base-st_corrector
649,computer viruses,"where the Ebola virus (Ebola obfusci virus) originated and after the spread of the Virus, it originated",KernelDensityGECO,1,0.001,where did the ebola virus originated,msmarco-passage/train,ielabgroup/vec2text_gtr-base-st_corrector
649,computer viruses,"when you are cleaning your computer from viruses, use a clean computer and a 0 - 100 m clean your computer from your computer system",KernelDensityGECO,1,0.001,what is the best way to clean your computer from viruses,msmarco-passage/train,ielabgroup/vec2text_gtr-base-st_corrector
649,computer viruses,"stands for computers,  stands for e-mails,  stands for ICs and  stands for  stands for",KernelDensityGECO,1,0.001,stands for computers,msmarco-passage/train,ielabgroup/vec2text_gtr-base-st_corrector
649,computer viruses,"when a computer is a computer, ranging from $1,099 to $3,099 a piece of code will cost to make average",KernelDensityGECO,1,0.001,how much would it cost to make an average computer,msmarco-passage/train,ielabgroup/vec2text_gtr-base-st_corrector
649,computer viruses,"to elucidate why the term personal computer was created, a term attributed to the American Institute of Technology and incorporated into the 1890",KernelDensityGECO,1,0.001,why was the term personal computer created,msmarco-passage/train,ielabgroup/vec2text_gtr-base-st_corrector
649,computer viruses,"diagnose vision, a neo-higth vision diagnosis, and a retinal vision diagnosis, health research computer vision diagnoses",KernelDensityGECO,1,0.001,research health computer vision diagnose,msmarco-passage/train,ielabgroup/vec2text_gtr-base-st_corrector
649,computer viruses,"where your computer drives are located, in front of your hard disk, or under your cinnamon tray, your computer drives are where you are",KernelDensityGECO,1,0.001,where are my computer drives,msmarco-passage/train,ielabgroup/vec2text_gtr-base-st_corrector
649,computer viruses,"(i.e., rhabdomyovirus), viruses are spread by saliva, such as malaria, swine, sting",KernelDensityGECO,1,0.001,which viruses are spread by saliva,msmarco-passage/train,ielabgroup/vec2text_gtr-base-st_corrector
649,computer viruses,", viruses and fungi belong to group",KernelDensityGECO,1,0.001,"what group do bacteria, viruses and fungi belong to",msmarco-passage/train,ielabgroup/vec2text_gtr-base-st_corrector
649,computer viruses,"with virus adenovirus, bacillus, and a host’s salivary gland. Virus do have cytoplasm,",KernelDensityGECO,1,0.001,do virus have cytoplasm,msmarco-passage/train,ielabgroup/vec2text_gtr-base-st_corrector
650,tax evasion indicted,"Definition of indictment — a process of resuscitation by law, judicial, and administrative law — is an indict",KernelDensityGECO,1,0.001,definition of indictment,msmarco-passage/train,ielabgroup/vec2text_gtr-base-st_corrector
650,tax evasion indicted,a taxable bond apartment. This is a taxable apartment (a.k.a. 'Household Rental Apartment'),KernelDensityGECO,1,0.001,what is a taxable bond apartment?,msmarco-passage/train,ielabgroup/vec2text_gtr-base-st_corrector
650,tax evasion indicted,"in the following order: i.e., income taxed, i.e. types of income taxed and taxable income",KernelDensityGECO,1,0.001,in what order are types of income taxed,msmarco-passage/train,ielabgroup/vec2text_gtr-base-st_corrector
650,tax evasion indicted,"£30 to £30 in tax when you inherit your inherited property, you are allowed to pay tax on how much you re-invest in super",KernelDensityGECO,1,0.001,how much tax do you pay when you inherit money from super,msmarco-passage/train,ielabgroup/vec2text_gtr-base-st_corrector
650,tax evasion indicted,what is an indictable offense in New Jersey when a prosecuting officer or sworn-in adjudicator is able to serve,KernelDensityGECO,1,0.001,what is an indictable offense in nj,msmarco-passage/train,ielabgroup/vec2text_gtr-base-st_corrector
650,tax evasion indicted,are a bmvr.com tax deductible fee and bmvr.com tax deductible Indiana Group Inductance (,KernelDensityGECO,1,0.001,are indiana bmv group fees tax deductible,msmarco-passage/train,ielabgroup/vec2text_gtr-base-st_corrector
650,tax evasion indicted,"(tax payments) are when tax payments are due, and if a tax payment is received on September 1 or December 31 – tax payments",KernelDensityGECO,1,0.001,when are tax payments,msmarco-passage/train,ielabgroup/vec2text_gtr-base-st_corrector
650,tax evasion indicted,"by the “Reassure Your Life” report on January 30, 2012, the sports players pay taxes: players who participate in sports have a tax",KernelDensityGECO,1,0.001,do sports players pay taxes,msmarco-passage/train,ielabgroup/vec2text_gtr-base-st_corrector
650,tax evasion indicted,– no tax is imposed on money inherited from your ES-SOOP plan. inherited money is taxable to your family,KernelDensityGECO,1,0.001,is inherited money from an esop plan taxable,msmarco-passage/train,ielabgroup/vec2text_gtr-base-st_corrector
650,tax evasion indicted,"on U.S. income and international credit programs. Universal Credit is taxable, and no additional tax is required to be paid on the Expend",KernelDensityGECO,1,0.001,is universal credit taxable,msmarco-passage/train,ielabgroup/vec2text_gtr-base-st_corrector
651,U.S. ethnic population,in the life expectancy of the United States (50–60 m) and the life expectancy following the death of a few people remains unknown,KernelDensityGECO,1,0.001,what is the life expectancy in the usa,msmarco-passage/train,ielabgroup/vec2text_gtr-base-st_corrector
651,U.S. ethnic population,the U.S. RU program (United States residency program) is a program for medical care and resuscitation at,KernelDensityGECO,1,0.001,what is the u s residency program,msmarco-passage/train,ielabgroup/vec2text_gtr-base-st_corrector
651,U.S. ethnic population,"poverty population in the United States of America (i.e., the United States of America) by 87,020 to 78,8",KernelDensityGECO,1,0.001,poverty population in the united states,msmarco-passage/train,ielabgroup/vec2text_gtr-base-st_corrector
651,U.S. ethnic population,"in the U.S. state of the U.S.A., , , , is the smallest state with minimal population",KernelDensityGECO,1,0.001,what u.s. state has the smallest population,msmarco-passage/train,ielabgroup/vec2text_gtr-base-st_corrector
651,U.S. ethnic population,turkish is an ethnic,KernelDensityGECO,1,0.001,is turkish an ethnicity,msmarco-passage/train,ielabgroup/vec2text_gtr-base-st_corrector
651,U.S. ethnic population,"population of human members on the planet (e.g., , , , , , ?), 302 people on Earth",KernelDensityGECO,1,0.001,how many people are there on planet earth?,msmarco-passage/train,ielabgroup/vec2text_gtr-base-st_corrector
651,U.S. ethnic population,"population of Pi (PI) and its corresponding population, Pi (PI) is 1.9 million, and the people of Pi-chingdaon",KernelDensityGECO,1,0.001,what is the population of pi?,msmarco-passage/train,ielabgroup/vec2text_gtr-base-st_corrector
651,U.S. ethnic population,"transgender people in the United States of America and the United States transgender (disnead estimated 87,100) population",KernelDensityGECO,1,0.001,transgender population of the united states,msmarco-passage/train,ielabgroup/vec2text_gtr-base-st_corrector
651,U.S. ethnic population,"average wage in the United States of America (e.g., a jibe jibe 127,500) is average",KernelDensityGECO,1,0.001,average wage in usa,msmarco-passage/train,ielabgroup/vec2text_gtr-base-st_corrector
651,U.S. ethnic population,"govt. of India, a.k.a. Indians, and s.o. 'population' of India.",KernelDensityGECO,1,0.001,what's the population of india?,msmarco-passage/train,ielabgroup/vec2text_gtr-base-st_corrector
652,OIC Balkans 1990s,"airline that flies to Croatia, namely Air Croatia, Air Flossboland, South Africa",KernelDensityGECO,1,0.001,what airline flies to croatia,msmarco-passage/train,ielabgroup/vec2text_gtr-base-st_corrector
652,OIC Balkans 1990s,"when Spice Island was re-sealed and became Moluccan islands in 1659, the time when the Skuzoan Islands",KernelDensityGECO,1,0.001,when did spice island become moluccan islands,msmarco-passage/train,ielabgroup/vec2text_gtr-base-st_corrector
652,OIC Balkans 1990s,"the irascible aryans and the Indo-Germans migrated from Indo in 1659, moving through",KernelDensityGECO,1,0.001,when did the indo aryans migrate from,msmarco-passage/train,ielabgroup/vec2text_gtr-base-st_corrector
652,OIC Balkans 1990s,"nationality is baic, a record of at least 1 year of birth. Nationality baic is Italian",KernelDensityGECO,1,0.001,nationality is babic,msmarco-passage/train,ielabgroup/vec2text_gtr-base-st_corrector
652,OIC Balkans 1990s,convert a .bmp file (icon of ICO) to .bmp file (icon of ICO) or .,KernelDensityGECO,1,0.001,convert bmp to ico file,msmarco-passage/train,ielabgroup/vec2text_gtr-base-st_corrector
652,OIC Balkans 1990s,year that Germany invaded Bulgaria and Serbia and in 1888 (the year Germany's invasion of bulgaria) by putting a major command on,KernelDensityGECO,1,0.001,what year  did germany invade bulgaria,msmarco-passage/train,ielabgroup/vec2text_gtr-base-st_corrector
652,OIC Balkans 1990s,grulac grulac            boli,KernelDensityGECO,1,0.001,grulac bolivia,msmarco-passage/train,ielabgroup/vec2text_gtr-base-st_corrector
652,OIC Balkans 1990s,"in 1911, the origin of iconic order is the origin of the Industrial and Civil Service Order (IOS). This is explained by the historical figure of Charles",KernelDensityGECO,1,0.001,what was the origin of iconic order,msmarco-passage/train,ielabgroup/vec2text_gtr-base-st_corrector
652,OIC Balkans 1990s,"opor in Indonesian, opor is a selection of foray and gin in Indonesian and Portuguese",KernelDensityGECO,1,0.001,what is opor in indonesian,msmarco-passage/train,ielabgroup/vec2text_gtr-base-st_corrector
652,OIC Balkans 1990s,start of cds (CDs) started in 1926 and began shipping shopping and e-slinging packages on the Nintendo DS,KernelDensityGECO,1,0.001,when did cds start,msmarco-passage/train,ielabgroup/vec2text_gtr-base-st_corrector
653,ETA Basque terrorism,PBTE Result 2015 OECD:          DAE:,KernelDensityGECO,1,0.001,PBTE DAE Result 2015,msmarco-passage/train,ielabgroup/vec2text_gtr-base-st_corrector
653,ETA Basque terrorism,"start service on 0191. , 0191 is a Bt exchange in UT. 0191 is a KTHS Ensign exchange",KernelDensityGECO,1,0.001,what bt exchange is 0191,msmarco-passage/train,ielabgroup/vec2text_gtr-base-st_corrector
653,ETA Basque terrorism,a Guadalajara - Tapit stands for Where it stands. This is a sign of concern for rock and mineral health,KernelDensityGECO,1,0.001,where does tapit stand,msmarco-passage/train,ielabgroup/vec2text_gtr-base-st_corrector
653,ETA Basque terrorism,"group are Spaniards, who are identified as an ethnic group of the Spaniards and who have a british history",KernelDensityGECO,1,0.001,what ethnic group are spaniards,msmarco-passage/train,ielabgroup/vec2text_gtr-base-st_corrector
653,ETA Basque terrorism,esata is a thin-layer emollisef and a hard drive for Linux and AMD (known as,KernelDensityGECO,1,0.001,what is esata,msmarco-passage/train,ielabgroup/vec2text_gtr-base-st_corrector
653,ETA Basque terrorism,efa are a group of electrolyte release fluids (EFAs) and ad hoc atomic sensors.,KernelDensityGECO,1,0.001,what are efa,msmarco-passage/train,ielabgroup/vec2text_gtr-base-st_corrector
653,ETA Basque terrorism,a teu.        is the federation of Europe's regions,KernelDensityGECO,1,0.001,what is a teu?,msmarco-passage/train,ielabgroup/vec2text_gtr-base-st_corrector
653,ETA Basque terrorism,"the army, basd stands for Bassett Defense and Special Assistance for Duty (BSHD) and is a military acronym for a soldier serving",KernelDensityGECO,1,0.001,what basd stand for in the army,msmarco-passage/train,ielabgroup/vec2text_gtr-base-st_corrector
653,ETA Basque terrorism,Tapas  Tapas () is a glutinous beverage and a food additive in southern Chile. It is known,KernelDensityGECO,1,0.001,what is tapas,msmarco-passage/train,ielabgroup/vec2text_gtr-base-st_corrector
653,ETA Basque terrorism,"epidemic typhoid Typhus, or epidemic typhoid, is a disease of the genus Epicles",KernelDensityGECO,1,0.001,what is epidemic typhus,msmarco-passage/train,ielabgroup/vec2text_gtr-base-st_corrector
654,same-sex schools,a student in training or a training school (reserve / army / commd) age limit for Army ranger school,KernelDensityGECO,1,0.001,age limit for army ranger school,msmarco-passage/train,ielabgroup/vec2text_gtr-base-st_corrector
654,same-sex schools,"in the classroom (e.g., classroom resented by teachers and students) a defining equity in the classroom of human participation",KernelDensityGECO,1,0.001,define equity in the classroom,msmarco-passage/train,ielabgroup/vec2text_gtr-base-st_corrector
654,same-sex schools,"for Schools is broadleaf is a cdo-paper for schools to give children, teachers and youth the opportunity to see their work",KernelDensityGECO,1,0.001,what is broadleaf for schools,msmarco-passage/train,ielabgroup/vec2text_gtr-base-st_corrector
654,same-sex schools,"school district is Kamas utah, s. m.c., in Kalamazoo, Bodden Lake",KernelDensityGECO,1,0.001,what school district is kamas utah,msmarco-passage/train,ielabgroup/vec2text_gtr-base-st_corrector
654,same-sex schools,"start on 1st of August when children are able to get out of their schooling and begin their college scholarships, Washington parish schools are expected to",KernelDensityGECO,1,0.001,when do washington parish schools start,msmarco-passage/train,ielabgroup/vec2text_gtr-base-st_corrector
654,same-sex schools,"a 'safety school' for you and your health and your fitness. If you want to stay safe, Safety School is the best one",KernelDensityGECO,1,0.001,what is a good safety school for me,msmarco-passage/train,ielabgroup/vec2text_gtr-base-st_corrector
654,same-sex schools,school begins at Broken arrow oke school which begins in the middle of spring and ends on the first Monday of the after the oke,KernelDensityGECO,1,0.001,when does school begin in broken arrow ok,msmarco-passage/train,ielabgroup/vec2text_gtr-base-st_corrector
654,same-sex schools,"of U.S. President Donald Trump's son New School is a son of a negro parent and is named ""Donal",KernelDensityGECO,1,0.001,what is the name of president trump son new school,msmarco-passage/train,ielabgroup/vec2text_gtr-base-st_corrector
654,same-sex schools,the city school district (L.L.        ) is Daly City School,KernelDensityGECO,1,0.001,what school district is daly city,msmarco-passage/train,ielabgroup/vec2text_gtr-base-st_corrector
654,same-sex schools,type of school is UMCC. It is a 501(c)3 Education Center and houses the Center for Urban Development (CBD),KernelDensityGECO,1,0.001,what type of school is umbc,msmarco-passage/train,ielabgroup/vec2text_gtr-base-st_corrector
655,ADD diagnosis treatment,"with leukemia, e.g., leukacrine sarcoma, and other diseases. It is treatable",KernelDensityGECO,1,0.001,is leukemia treatable,msmarco-passage/train,ielabgroup/vec2text_gtr-base-st_corrector
655,ADD diagnosis treatment,"– as a bulmira antidiuretic medication, bupropion treats mania and tremors, which will treat",KernelDensityGECO,1,0.001,what bupropion treats,msmarco-passage/train,ielabgroup/vec2text_gtr-base-st_corrector
655,ADD diagnosis treatment,the U.S. at US 7.8-12% rates. Individuals with ADHD and/or APD are afflicted with US adhe,KernelDensityGECO,1,0.001,us rates with adhd,msmarco-passage/train,ielabgroup/vec2text_gtr-base-st_corrector
655,ADD diagnosis treatment,by assessing how much caffeine is ingested. Caffeine addiction is diagnosed as a problem of a problem of behavioural disorder,KernelDensityGECO,1,0.001,How is caffeine addiction diagnosed,msmarco-passage/train,ielabgroup/vec2text_gtr-base-st_corrector
655,ADD diagnosis treatment,"which treatment is available, a 20-mo natribe is available for the treatment of anxiety, anxiety, depression and anxiety-related",KernelDensityGECO,1,0.001,what treatment is available for depression and anxiety,msmarco-passage/train,ielabgroup/vec2text_gtr-base-st_corrector
655,ADD diagnosis treatment,"synonyms and exonyms, r. g. tarso and riddle, r. geniword '",KernelDensityGECO,1,0.001,synonyms for treatment,msmarco-passage/train,ielabgroup/vec2text_gtr-base-st_corrector
655,ADD diagnosis treatment,"steps: Get rid of your adol-based drugs, get clear of your ADHD, keep your attention clear, and keep your focus full",KernelDensityGECO,1,0.001,what are the steps to getting clean from adderall,msmarco-passage/train,ielabgroup/vec2text_gtr-base-st_corrector
655,ADD diagnosis treatment,"treatment is based on, what behavior modification approach is based on, and a combination of the following:",KernelDensityGECO,1,0.001,behavior modification is a treatment approach based on _____________.,msmarco-passage/train,ielabgroup/vec2text_gtr-base-st_corrector
655,ADD diagnosis treatment,the effects of medication-assisted treatment of opioid-defusing medication on a young adult with a combination of chronic opioid addiction and pain,KernelDensityGECO,1,0.001,what are the effects of medication-assisted treatment for opioid addiction in young adults,msmarco-passage/train,ielabgroup/vec2text_gtr-base-st_corrector
655,ADD diagnosis treatment,"a number of treatments for obesity, these include: a dietary supplement (fat abscess), a dietary modification, and exercise",KernelDensityGECO,1,0.001,what are the treatments for obesity,msmarco-passage/train,ielabgroup/vec2text_gtr-base-st_corrector
656,lead poisoning children,"is that the gel in diapers is toxic, a risk of bacteriology and bacteria in children with AEAE exposure",KernelDensityGECO,1,0.001,is the gel in diapers toxic,msmarco-passage/train,ielabgroup/vec2text_gtr-base-st_corrector
656,lead poisoning children,definition of pesticide poisoning (pestuwash),KernelDensityGECO,1,0.001,definition of pesticide poisoning,msmarco-passage/train,ielabgroup/vec2text_gtr-base-st_corrector
656,lead poisoning children,responsibilities of a lead installer/healer/healer/healer/vacuum ducts contractor are to lead installation,KernelDensityGECO,1,0.001,what are the duties and responsibilities of a lead hvac installer,msmarco-passage/train,ielabgroup/vec2text_gtr-base-st_corrector
656,lead poisoning children,"by a layer of lead (97 ppm) to a layer of lead that is drier than water, lead affects soil",KernelDensityGECO,1,0.001,how does lead affect soil,msmarco-passage/train,ielabgroup/vec2text_gtr-base-st_corrector
656,lead poisoning children,death due to norwalk Daycare. It was a New York City-based hospital and the cause of death was a reported cardiac failure and suicide,KernelDensityGECO,1,0.001,cause of death norwalk daycare,msmarco-passage/train,ielabgroup/vec2text_gtr-base-st_corrector
656,lead poisoning children,by releasing a fraction of a liter of a phasoglobin based on lead lead pollution it pollutes air,KernelDensityGECO,1,0.001,how does lead pollute the air,msmarco-passage/train,ielabgroup/vec2text_gtr-base-st_corrector
656,lead poisoning children,Advisory on silicon consumption (commonly contaminated with silicon and silicon toxins) is toxic and there is also concern about radiation and toxic waste discharge,KernelDensityGECO,1,0.001,is silicon consumption toxic,msmarco-passage/train,ielabgroup/vec2text_gtr-base-st_corrector
656,lead poisoning children,"vision in children. Eye cancer symptoms in children (e.g., symbols, ominophages) are symptom",KernelDensityGECO,1,0.001,eye cancer symptoms in children,msmarco-passage/train,ielabgroup/vec2text_gtr-base-st_corrector
656,lead poisoning children,aqueduct 5.4. Phenolol poisoning (acetylcholine) in children posed by the medical school,KernelDensityGECO,1,0.001,acetaminophen poisioning pediatrics quizlet,msmarco-passage/train,ielabgroup/vec2text_gtr-base-st_corrector
656,lead poisoning children,"which poison (rat poison, rat poison, rat spinach, rat poison, or rat poison) is used in a poison",KernelDensityGECO,1,0.001,what poison is used in rat poison,msmarco-passage/train,ielabgroup/vec2text_gtr-base-st_corrector
657,school prayer banned,"in the year 1796 (when we have the first school shooting in our U.S.) (July 1, 1761) the United States",KernelDensityGECO,1,0.001,when did we have the first school shooting in the us,msmarco-passage/train,ielabgroup/vec2text_gtr-base-st_corrector
657,school prayer banned,"it is happening to christians in Iraq, that the christians are being held hostage and raped as a result of events",KernelDensityGECO,1,0.001,what is happening to christians in iraq,msmarco-passage/train,ielabgroup/vec2text_gtr-base-st_corrector
657,school prayer banned,"what type of accreditation a school needs, a school needs to be able to rely on a good e-principle trust",KernelDensityGECO,1,0.001,what kind of accreditation does a school need,msmarco-passage/train,ielabgroup/vec2text_gtr-base-st_corrector
657,school prayer banned,"if it is used is called restricted. This is a result of a known known as ""Restriction"" (Active Use Allow",KernelDensityGECO,1,0.001,what is it called when use is restricted,msmarco-passage/train,ielabgroup/vec2text_gtr-base-st_corrector
657,school prayer banned,"Activation of enrichment in school , , , and , is a gift in school to children when a school year is",KernelDensityGECO,1,0.001,what is enrichment in school,msmarco-passage/train,ielabgroup/vec2text_gtr-base-st_corrector
657,school prayer banned,a requirement requires evidence that a school is requesting improvement and that there is evidence to support the use of a change-as-place,KernelDensityGECO,1,0.001,what evidence is needed for a requires improvement school,msmarco-passage/train,ielabgroup/vec2text_gtr-base-st_corrector
657,school prayer banned,"Adapting from the teachings of the early Christian god, rebellion against God (also known as rebellion against God) is a form of religious",KernelDensityGECO,1,0.001,what is rebellion against god,msmarco-passage/train,ielabgroup/vec2text_gtr-base-st_corrector
657,school prayer banned,about 900 school shootings have happened since Donald Trump was elected president of the United States in 2016 and the first three since he was formerly president,KernelDensityGECO,1,0.001,how many school shooting have happened since trump was elected president,msmarco-passage/train,ielabgroup/vec2text_gtr-base-st_corrector
657,school prayer banned,to protect the infants from thes. An infant school that has a Signing book is a place where the child can begin and explain,KernelDensityGECO,1,0.001,why might an infant school have a signing in book,msmarco-passage/train,ielabgroup/vec2text_gtr-base-st_corrector
657,school prayer banned,"if you are wearing makeup or you have any tears or blemishes on your face, you can pray with makeup on your face,",KernelDensityGECO,1,0.001,can u pray with makeup on,msmarco-passage/train,ielabgroup/vec2text_gtr-base-st_corrector
658,teenage pregnancy,"(the pregnancy is going on), the pregnancy is going on. What's going on is a dungeon that fights with each other",KernelDensityGECO,1,0.001,what is the pregnancy going on,msmarco-passage/train,ielabgroup/vec2text_gtr-base-st_corrector
658,teenage pregnancy,"pregnant during a pregnancy, e.g., gambia, nausea, and other symptoms of thyroid symptoms are important",KernelDensityGECO,1,0.001,thyroid symptoms when pregnant,msmarco-passage/train,ielabgroup/vec2text_gtr-base-st_corrector
658,teenage pregnancy,"as much nutrition as a teenager needs, a teenager eats a nutrient-rich food containing a vitamin A and",KernelDensityGECO,1,0.001,how much nutrition does a teenager need,msmarco-passage/train,ielabgroup/vec2text_gtr-base-st_corrector
658,teenage pregnancy,"health effects of radon pregnancy, a fecal ligninosity, radon, or radon",KernelDensityGECO,1,0.001,health effects of radon pregnancy,msmarco-passage/train,ielabgroup/vec2text_gtr-base-st_corrector
658,teenage pregnancy,first trimester of pregnancy is a fetus that consists of fetuses and a baby who is born,KernelDensityGECO,1,0.001,what is first trimester of pregnancy,msmarco-passage/train,ielabgroup/vec2text_gtr-base-st_corrector
658,teenage pregnancy,"during which strenuous activity is the most harmful stage to pregnancy, primarily during the early stages of pregnancy and post-immune equ",KernelDensityGECO,1,0.001,during which stage is strenuous activity most harmful to pregnancy,msmarco-passage/train,ielabgroup/vec2text_gtr-base-st_corrector
658,teenage pregnancy,a pregnancy (also known as a molar pregnancy or molar fetus) is a pregnancy that occurs when,KernelDensityGECO,1,0.001,what is a molar pregnancy,msmarco-passage/train,ielabgroup/vec2text_gtr-base-st_corrector
658,teenage pregnancy,"during your first pregnancy you get pregnant, you start to experience a little shock and you start to get a little more and you start to cope.",KernelDensityGECO,1,0.001,when you first get pregnant what happens,msmarco-passage/train,ielabgroup/vec2text_gtr-base-st_corrector
658,teenage pregnancy,a form of ectopic thyroedema (ectopic pregnancy) is a pregnancy that occurs when uter,KernelDensityGECO,1,0.001,what does ectopic pregnancy,msmarco-passage/train,ielabgroup/vec2text_gtr-base-st_corrector
658,teenage pregnancy,"most serious form of pregnancy, polycepsia and rheumatoidemia from pregnancy is the most serious form",KernelDensityGECO,1,0.001,most serious form of toxemia of pregnancy,msmarco-passage/train,ielabgroup/vec2text_gtr-base-st_corrector
659,cruise health safety,"Clinical HB Computeosis (CH), commonly known as cht, is a medical term for a medical term for nerve cell growth",KernelDensityGECO,1,0.001,what is cht medical term,msmarco-passage/train,ielabgroup/vec2text_gtr-base-st_corrector
659,cruise health safety,"if there are mild microbial obstructive problems in a truck, mold in a truck is harmful (but not harmful)",KernelDensityGECO,1,0.001,is mold in a truck harmful?,msmarco-passage/train,ielabgroup/vec2text_gtr-base-st_corrector
659,cruise health safety,(also known as safety toe) is a crotch or a crotch which is secured to the upper torso,KernelDensityGECO,1,0.001,what is safety toe,msmarco-passage/train,ielabgroup/vec2text_gtr-base-st_corrector
659,cruise health safety,"is borax causing health problems. The problem is a problem with exercise, food poisoning, and blemishes, but health",KernelDensityGECO,1,0.001,is borax causing health problems,msmarco-passage/train,ielabgroup/vec2text_gtr-base-st_corrector
659,cruise health safety,what safety techniques should be observed during the sequencing process and if they are present during PCR and pcr/pcr. .,KernelDensityGECO,1,0.001,what is the safety techniques  that should be observed during pcr and sequencing?,msmarco-passage/train,ielabgroup/vec2text_gtr-base-st_corrector
659,cruise health safety,"no dangers or problems associated with its use as a food additive and in the health of drinking soda, sodium carbonate is a potentially harmful",KernelDensityGECO,1,0.001,is sodium carbonate harmful,msmarco-passage/train,ielabgroup/vec2text_gtr-base-st_corrector
659,cruise health safety,ACTUAL HEALTH ACTUAL HEALTH (sometimes known as Contemporary Health) is a form of contemporary hospital es,KernelDensityGECO,1,0.001,what is contemporary health,msmarco-passage/train,ielabgroup/vec2text_gtr-base-st_corrector
659,cruise health safety,"unsafe conditions at work, or at a ill-healthy or ill-healthy workplace. Safe conditions at work may lead to employee",KernelDensityGECO,1,0.001,unsafe conditions at work,msmarco-passage/train,ielabgroup/vec2text_gtr-base-st_corrector
659,cruise health safety,the meaning of safety in the Osseyware rules: Object-free odyssey must be a hazard,KernelDensityGECO,1,0.001,rules of safety meaning on odysseyware,msmarco-passage/train,ielabgroup/vec2text_gtr-base-st_corrector
659,cruise health safety,"is recommended to keep a flex toe (common toe) on the next piece, a composite toe is considered safety toe",KernelDensityGECO,1,0.001,is a composite toe considered safety toe,msmarco-passage/train,ielabgroup/vec2text_gtr-base-st_corrector
660,whale watching California,"which is the deepest lake in California, a.k.a. ""Lithuasa Dumpne Tunnel"" or",KernelDensityGECO,1,0.001,what is the deepest lake in california,msmarco-passage/train,ielabgroup/vec2text_gtr-base-st_corrector
660,whale watching California,where Legoland California (located on the elm of the children's nasuasa pond) is,KernelDensityGECO,1,0.001,where is legoland california located,msmarco-passage/train,ielabgroup/vec2text_gtr-base-st_corrector
660,whale watching California,"blond trout (""Ca. lindenii"" spp.). These trout are native to California and the Ca",KernelDensityGECO,1,0.001,what trout are native to ca,msmarco-passage/train,ielabgroup/vec2text_gtr-base-st_corrector
660,whale watching California,"of food, whales' food is a food and nest feeding habitat and where they eat a range of fruits and venom labelled",KernelDensityGECO,1,0.001,what is a whales food and feeding habitat,msmarco-passage/train,ielabgroup/vec2text_gtr-base-st_corrector
660,whale watching California,"a mission of the Evangelists of the L.A., California's first mission, which is the California-Rosco",KernelDensityGECO,1,0.001,what is california's first mission,msmarco-passage/train,ielabgroup/vec2text_gtr-base-st_corrector
660,whale watching California,"largest mammal on the ocean (Antarctic spherical whale, Cerasus atlanticus) and is largest",KernelDensityGECO,1,0.001,largest mammal in the ocean,msmarco-passage/train,ielabgroup/vec2text_gtr-base-st_corrector
660,whale watching California,"of unemployment is 88.4 cents in California, and 88.4 cents in the U.S. federal government in California",KernelDensityGECO,1,0.001,how much is unemployment in california,msmarco-passage/train,ielabgroup/vec2text_gtr-base-st_corrector
660,whale watching California,"where California is a hamlet to the west of the city of Los Angeles, is Encinitas, CA, Countivision",KernelDensityGECO,1,0.001,"where in california is encinitas, ca",msmarco-passage/train,ielabgroup/vec2text_gtr-base-st_corrector
660,whale watching California,why a whale (a waltz or a equatorial fauna) is a mammal,KernelDensityGECO,1,0.001,why is a whale a mammal,msmarco-passage/train,ielabgroup/vec2text_gtr-base-st_corrector
660,whale watching California,a difference between a whale (which has a soaring calorie intake) and a shark (which has a soaring,KernelDensityGECO,1,0.001,what is the difference between a shark and a whale,msmarco-passage/train,ielabgroup/vec2text_gtr-base-st_corrector
661,melanoma treatment causes,cause of a tumor of the hemangioma sarcoma or hemangioma canine angioplasty,KernelDensityGECO,1,0.001,what causes canine hemangiosarcoma,msmarco-passage/train,ielabgroup/vec2text_gtr-base-st_corrector
661,melanoma treatment causes,"with chemo, it can cause insomnia in the body, as well as a variety of other symptoms such as numbness, sleep",KernelDensityGECO,1,0.001,can chemo cause insomnia,msmarco-passage/train,ielabgroup/vec2text_gtr-base-st_corrector
661,melanoma treatment causes,A malignant melanoma (or melanoma melanoma) is a tumor of the mesoc,KernelDensityGECO,1,0.001,what is a malignant melanoma,msmarco-passage/train,ielabgroup/vec2text_gtr-base-st_corrector
661,melanoma treatment causes,"begin to appear on a melanoma, which may occur between 5 and 10 hr before symptoms of melanoma occur",KernelDensityGECO,1,0.001,how long before symptoms occur with melanoma,msmarco-passage/train,ielabgroup/vec2text_gtr-base-st_corrector
661,melanoma treatment causes,mottled skin causes a dreadful fecal oesosis (spoult and skin irritation).,KernelDensityGECO,1,0.001,mottled skin causes,msmarco-passage/train,ielabgroup/vec2text_gtr-base-st_corrector
661,melanoma treatment causes,"a cause of rupivirus, a result of skin marrow, or a postexposure, causes leprosy",KernelDensityGECO,1,0.001,what causes leprosy?,msmarco-passage/train,ielabgroup/vec2text_gtr-base-st_corrector
661,melanoma treatment causes,"causes: Bias-related syndrome. Bias-related syndrome is a cause of chorea. Causes include pain, neur",KernelDensityGECO,1,0.001,causes of chorea,msmarco-passage/train,ielabgroup/vec2text_gtr-base-st_corrector
661,melanoma treatment causes,"Cause of a coma, a coma, or a coma after a coma of a male",KernelDensityGECO,1,0.001,causes of a coma,msmarco-passage/train,ielabgroup/vec2text_gtr-base-st_corrector
661,melanoma treatment causes,"chemical chelamine adenosine ions (epimenitis) causes meningitis, which can result in symptoms",KernelDensityGECO,1,0.001,what causes chemical meningitis,msmarco-passage/train,ielabgroup/vec2text_gtr-base-st_corrector
661,melanoma treatment causes,Melanosis Melanosis (collonosis) is a condition of melanosis in the colon on,KernelDensityGECO,1,0.001,what is melanosis in colon,msmarco-passage/train,ielabgroup/vec2text_gtr-base-st_corrector
662,telemarketer protection,a way to block your number is by dialing the number '1' on your DM.com. This is the best known method,KernelDensityGECO,1,0.001,what is the way to block your number,msmarco-passage/train,ielabgroup/vec2text_gtr-base-st_corrector
662,telemarketer protection,"a number of regulatory agencies, the protection authority is the Regulatory Services (B.C.V.) who is able to provide for protection",KernelDensityGECO,1,0.001,which regulatory authority for the protection,msmarco-passage/train,ielabgroup/vec2text_gtr-base-st_corrector
662,telemarketer protection,"telenor, teleinsurance, or credit card, contact number: 203  230  230, inquiry Tele",KernelDensityGECO,1,0.001,inquiry number telenor,msmarco-passage/train,ielabgroup/vec2text_gtr-base-st_corrector
662,telemarketer protection,"a commingled call to the same volume on the same carrier, AT&T one minute calls are calls to the same number that call",KernelDensityGECO,1,0.001,att what are these one minute calls to same number,msmarco-passage/train,ielabgroup/vec2text_gtr-base-st_corrector
662,telemarketer protection,for the U.S. immigration service phone number (US customer service 005 - 0031 - 0060) or calling,KernelDensityGECO,1,0.001,us immigration customer service phone,msmarco-passage/train,ielabgroup/vec2text_gtr-base-st_corrector
662,telemarketer protection,"a home, a home warranty protects what a home, a house, or a consumer's kitchen appliance can do to protect",KernelDensityGECO,1,0.001,what does a home warranty protect,msmarco-passage/train,ielabgroup/vec2text_gtr-base-st_corrector
662,telemarketer protection,"It is a screen protector, a protective polymer that protects the surfaces of a phone's screen and a curved screenshell",KernelDensityGECO,1,0.001,what is a screen protector,msmarco-passage/train,ielabgroup/vec2text_gtr-base-st_corrector
662,telemarketer protection,a person who tries to text a blocked number on their phone will get a message on the blocked number and the text will continue to bounce,KernelDensityGECO,1,0.001,what happens when someone tries to text a blocked number,msmarco-passage/train,ielabgroup/vec2text_gtr-base-st_corrector
662,telemarketer protection,What attackers threaten this is if they don't pay a shill or a few dos to the attackers.,KernelDensityGECO,1,0.001,what about attackers who threaten a dos attack unless a few is paid?,msmarco-passage/train,ielabgroup/vec2text_gtr-base-st_corrector
662,telemarketer protection,(known in many U.S. states as a legal proffer) is a legal provision that helps attorneys obtain legal services. A proffer,KernelDensityGECO,1,0.001,what is a legal proffer,msmarco-passage/train,ielabgroup/vec2text_gtr-base-st_corrector
663,Agent Orange exposure,"types of disease on a tree of Tangerine ailment are chronic disease, rot, hypersensitivity disease, flaccid orange",KernelDensityGECO,1,0.001,types of diseases on tangerine tree,msmarco-passage/train,ielabgroup/vec2text_gtr-base-st_corrector
663,Agent Orange exposure,"who – with whom they are at risk – are at risk for lead poisoning, if not their children and a family of health risks",KernelDensityGECO,1,0.001,who is at risk for lead poisoning,msmarco-passage/train,ielabgroup/vec2text_gtr-base-st_corrector
663,Agent Orange exposure,"starting on October 18, when the next iteration of the new octanel lily film Orange is the Next Black starts",KernelDensityGECO,1,0.001,when does the next orange is the new black start,msmarco-passage/train,ielabgroup/vec2text_gtr-base-st_corrector
663,Agent Orange exposure,"of the Kilburn Treaty, the Orange Order was founded by a coalition of British envoys led by Francis Carrington, serving from 16",KernelDensityGECO,1,0.001,who was the orange order founded by,msmarco-passage/train,ielabgroup/vec2text_gtr-base-st_corrector
663,Agent Orange exposure,"the city of Orange City, in the city of Orange County, Florida, will be cleared of the sale of the Cleric Pfeiffer",KernelDensityGECO,1,0.001,what county is orange city fl in,msmarco-passage/train,ielabgroup/vec2text_gtr-base-st_corrector
663,Agent Orange exposure,"a result of the formation of a symbiosis of atoms, the effects of organic matter are: Organic matter is",KernelDensityGECO,1,0.001,what are the effects of organic matter =,msmarco-passage/train,ielabgroup/vec2text_gtr-base-st_corrector
663,Agent Orange exposure,"diane is one of the new black of orange cast, Nicola, Mark, Judith, Diaz, and Annette Hawley",KernelDensityGECO,1,0.001,orange is the new black cast diane,msmarco-passage/train,ielabgroup/vec2text_gtr-base-st_corrector
663,Agent Orange exposure,purple oranges Purple oranges (also known as purple oranges) are a variety of citrus fruits and jujua that,KernelDensityGECO,1,0.001,what are purple oranges,msmarco-passage/train,ielabgroup/vec2text_gtr-base-st_corrector
663,Agent Orange exposure,symptoms after a vaccination of the Whooping cough vaccine and after a dose of the Whooping-Cyper-Charmed vaccine,KernelDensityGECO,1,0.001,symptoms after whooping cough vaccine,msmarco-passage/train,ielabgroup/vec2text_gtr-base-st_corrector
663,Agent Orange exposure,e.g. drooling symptoms of carbon monoxide poisoning in humans and carbon monoxide symptoms in humans are present,KernelDensityGECO,1,0.001,carbon monoxide poisoning symptoms in humans,msmarco-passage/train,ielabgroup/vec2text_gtr-base-st_corrector
664,American Indian Museum,"who did renovations, Rick Johnson and Janet Doughloy, the Speed Museum is a contemporary recreation restoration work that was completed",KernelDensityGECO,1,0.001,who did speed museum renovation,msmarco-passage/train,ielabgroup/vec2text_gtr-base-st_corrector
664,American Indian Museum,"they are a lot snooky and eludy and like all the animals, the Indian elephants like to be",KernelDensityGECO,1,0.001,what are the indian elephants like,msmarco-passage/train,ielabgroup/vec2text_gtr-base-st_corrector
664,American Indian Museum,"houssonic art museum Bridgeport, bc ft london, ct mt nahuat",KernelDensityGECO,1,0.001,housatonic museum of art bridgeport ct,msmarco-passage/train,ielabgroup/vec2text_gtr-base-st_corrector
664,American Indian Museum,(            ) and Bily clock,KernelDensityGECO,1,0.001,when was the bily clock museum and house built,msmarco-passage/train,ielabgroup/vec2text_gtr-base-st_corrector
664,American Indian Museum,called . Indian hand tattoos are called 'hand tattoos' or 'hands' because they are a heavy mammoo,KernelDensityGECO,1,0.001,what are indian hand tattoos called,msmarco-passage/train,ielabgroup/vec2text_gtr-base-st_corrector
664,American Indian Museum,"known as ""Washington History,"" the historically significant part of the Washington museum is that it offers a range of historically important information about U.S",KernelDensityGECO,1,0.001,what is historically significant about the washington history museum,msmarco-passage/train,ielabgroup/vec2text_gtr-base-st_corrector
664,American Indian Museum,"flower in Native American ancestry is a plant flower of the American Indian tribe, known as a bouquet,a,",KernelDensityGECO,1,0.001,what is flower in native american,msmarco-passage/train,ielabgroup/vec2text_gtr-base-st_corrector
664,American Indian Museum,"where the Native Americans (who lived in New York, New York, United States since the earliest days of the American era) came from abo",KernelDensityGECO,1,0.001,where did the native americans in new york come from,msmarco-passage/train,ielabgroup/vec2text_gtr-base-st_corrector
664,American Indian Museum,human ancestor discovery (i.e. discovery of a human ancestor on a location similar to the ancient Avignon mandisc,KernelDensityGECO,1,0.001,human ancestor discovery,msmarco-passage/train,ielabgroup/vec2text_gtr-base-st_corrector
664,American Indian Museum,Native American              flower,KernelDensityGECO,1,0.001,native american flower meanings,msmarco-passage/train,ielabgroup/vec2text_gtr-base-st_corrector
665,poverty Africa sub-Sahara,"people are examples of scarce resources for people who are able to use them for their energy, food, water, clothes, or other forms of 91",KernelDensityGECO,1,0.001,what are some examples of scarce resources for people,msmarco-passage/train,ielabgroup/vec2text_gtr-base-st_corrector
665,poverty Africa sub-Sahara,the difference between poverty threshold and poverty threshold. The difference between the two is a standardisation of income levels and a remissionary status,KernelDensityGECO,1,0.001,difference between poverty threshold and guidelines,msmarco-passage/train,ielabgroup/vec2text_gtr-base-st_corrector
665,poverty Africa sub-Sahara,subside,KernelDensityGECO,1,0.001,subside define,msmarco-passage/train,ielabgroup/vec2text_gtr-base-st_corrector
665,poverty Africa sub-Sahara,"known as ""Subtes"" is a nutrient-rich glutaminase that helps to regulate water loss. It is",KernelDensityGECO,1,0.001,what is subtes,msmarco-passage/train,ielabgroup/vec2text_gtr-base-st_corrector
665,poverty Africa sub-Sahara,"a.m. (California, DISC, DISC) do California have the highest poverty rate (estim",KernelDensityGECO,1,0.001,does california have the highest poverty rate,msmarco-passage/train,ielabgroup/vec2text_gtr-base-st_corrector
665,poverty Africa sub-Sahara,(as landlocked as it is in the sambar region of Namibia) is landlocked by about 330 km of water and land.,KernelDensityGECO,1,0.001,how landlocked is africa?,msmarco-passage/train,ielabgroup/vec2text_gtr-base-st_corrector
665,poverty Africa sub-Sahara,"a total of negative effects of colonization in Africa, compared to the positive effects of e.g. poverty in the African people of Africa",KernelDensityGECO,1,0.001,what are negative effects of colonization in africa,msmarco-passage/train,ielabgroup/vec2text_gtr-base-st_corrector
665,poverty Africa sub-Sahara,"how mass incarceration, and specifically how it affects incarceration of low-income delinquents, does it affect poverty",KernelDensityGECO,1,0.001,how does mass incarceration affect poverty,msmarco-passage/train,ielabgroup/vec2text_gtr-base-st_corrector
665,poverty Africa sub-Sahara,"as 20,000 people lifted from poverty. Currently, more than 7 million people are lifted from poverty by taking a loan from others, who do so",KernelDensityGECO,1,0.001,how many people lifted from poverty,msmarco-passage/train,ielabgroup/vec2text_gtr-base-st_corrector
665,poverty Africa sub-Sahara,"a local drogeries in the maemi market, you can find oil in Africa. Oil can be found",KernelDensityGECO,1,0.001,can you find oil in africa?,msmarco-passage/train,ielabgroup/vec2text_gtr-base-st_corrector
666,Thatcher resignation impact,a complete breakdown of the impact of the Three Mile Island incident on the test of a nuclear-sufiant octogen,KernelDensityGECO,1,0.001,what was the impact of the three mile island incident quizlet,msmarco-passage/train,ielabgroup/vec2text_gtr-base-st_corrector
666,Thatcher resignation impact,employment change U.S.A.'s Civil Rights movement employment changes for a period of time and a change in their employment or business,KernelDensityGECO,1,0.001,civil rights movement employment changing,msmarco-passage/train,ielabgroup/vec2text_gtr-base-st_corrector
666,Thatcher resignation impact,"current inflation rate of £7,900 (coincidental and jovial) on the UK pound in January 2016 and the current",KernelDensityGECO,1,0.001,current uk inflation rate january 2016,msmarco-passage/train,ielabgroup/vec2text_gtr-base-st_corrector
666,Thatcher resignation impact,"where Heather Unruh is working. , Unruh is working as a labor and engineering worker for Beverly Hearst,",KernelDensityGECO,1,0.001,where is heather unruh working,msmarco-passage/train,ielabgroup/vec2text_gtr-base-st_corrector
666,Thatcher resignation impact,"effect was a cherkook that when the Cherokee refused to give you the land, they resented your giving it for more",KernelDensityGECO,1,0.001,what was the effect hen the cherokee refused to give u their land,msmarco-passage/train,ielabgroup/vec2text_gtr-base-st_corrector
666,Thatcher resignation impact,"Until about 18 m a year after the return of nuclear chernobyl, people can return to Chernobyl.",KernelDensityGECO,1,0.001,how long until people can return to chernobyl,msmarco-passage/train,ielabgroup/vec2text_gtr-base-st_corrector
666,Thatcher resignation impact,"a main effect of the Nuremberg laws, and the enactment of the Nuremberg laws, was the torn-down",KernelDensityGECO,1,0.001,what was the main effect of the nuremberg laws?,msmarco-passage/train,ielabgroup/vec2text_gtr-base-st_corrector
666,Thatcher resignation impact,as the rise in the levy of vat will affect a business in the UK and how it will fare and how it will be,KernelDensityGECO,1,0.001,how will the rise in vat affect a business in the uk,msmarco-passage/train,ielabgroup/vec2text_gtr-base-st_corrector
666,Thatcher resignation impact,"a leading cause of hospital readmissions. Causes of claim-assigned remissions include: Bad vaccination, chondros",KernelDensityGECO,1,0.001,leading causes of hospital readmissions,msmarco-passage/train,ielabgroup/vec2text_gtr-base-st_corrector
666,Thatcher resignation impact,"effects of a government shutdown. This effect is accompanied by a heightened re-entrainment, diapause, and sleep loss",KernelDensityGECO,1,0.001,effects of a government shutdown,msmarco-passage/train,ielabgroup/vec2text_gtr-base-st_corrector
667,unmarried-partner households,"a Co-op home, a home which is a home for a person or a child or a housekeeper in",KernelDensityGECO,1,0.001,what is a co-op home,msmarco-passage/train,ielabgroup/vec2text_gtr-base-st_corrector
667,unmarried-partner households,work due north is at home Mary's husband ray works east of his house and his closest he works due north is at home turning he,KernelDensityGECO,1,0.001,mary works due north of home her husband ray works due east,msmarco-passage/train,ielabgroup/vec2text_gtr-base-st_corrector
667,unmarried-partner households,"a low-frye amount of meat, vegetables, and corn, unprocessed foods are unprocessed foods such as chicken",KernelDensityGECO,1,0.001,what are unprocessed foods,msmarco-passage/train,ielabgroup/vec2text_gtr-base-st_corrector
667,unmarried-partner households,is when a robin meets with a friend or a friend. Robins will stay with their mating partner during their mating,KernelDensityGECO,1,0.001,do robins stay with their mating partner,msmarco-passage/train,ielabgroup/vec2text_gtr-base-st_corrector
667,unmarried-partner households,"of ""Dreyfuss"" is married to Dwight Bradley-Savoy-Ravens, who is now married to",KernelDensityGECO,1,0.001,who is dreyfuss married to,msmarco-passage/train,ielabgroup/vec2text_gtr-base-st_corrector
667,unmarried-partner households,(or 'stepchild'). The expression ignored stepchild is a form of the expression 'children of the spoiled-by-step,KernelDensityGECO,1,0.001,what the expression for ignored stepchild,msmarco-passage/train,ielabgroup/vec2text_gtr-base-st_corrector
667,unmarried-partner households,is the wife's last name or surname of the spouse to appear on the marriage certificate of your spouse in marriage testify if your husband does,KernelDensityGECO,1,0.001,does your spouse last name appear in marriage certificate for the wife,msmarco-passage/train,ielabgroup/vec2text_gtr-base-st_corrector
667,unmarried-partner households,"types of domestic violence, namely: a mother stabs him, a child stabs him, a,",KernelDensityGECO,1,0.001,types of domestic violence,msmarco-passage/train,ielabgroup/vec2text_gtr-base-st_corrector
667,unmarried-partner households,a partner is required for a specific type of Stretching to be able to provide the 'skinnering' and 'training,KernelDensityGECO,1,0.001,what kind of stretching is a partner required for,msmarco-passage/train,ielabgroup/vec2text_gtr-base-st_corrector
667,unmarried-partner households,I don't have a partner lyrics,KernelDensityGECO,1,0.001,i dont have a partner lyrics,msmarco-passage/train,ielabgroup/vec2text_gtr-base-st_corrector
668,"poverty, disease",illnesses and infections caused by parasites (e.g. e.g. e.g. intestinal parasitism and bleeding disorders),KernelDensityGECO,1,0.001,illnesses and infections caused by parasites,msmarco-passage/train,ielabgroup/vec2text_gtr-base-st_corrector
668,"poverty, disease",diseases reported are a chronic bacterial esophageal dystrophy (sepsis) caused by rats and mice from rats,KernelDensityGECO,1,0.001,diseases caused from rats,msmarco-passage/train,ielabgroup/vec2text_gtr-base-st_corrector
668,"poverty, disease","in adults is still's disease, which is a variety of smears, emphysema, and cancer",KernelDensityGECO,1,0.001,what is still's disease in adults,msmarco-passage/train,ielabgroup/vec2text_gtr-base-st_corrector
668,"poverty, disease","medical term for a disease condition is  (disease, disease, a condition of a body),  (homolytic",KernelDensityGECO,1,0.001,medical term for disease condition,msmarco-passage/train,ielabgroup/vec2text_gtr-base-st_corrector
668,"poverty, disease","with hepatitis, is the leading cause of disease in South Africa with a number of diseases including malnutrition, infections, invasive",KernelDensityGECO,1,0.001,leading causes of disease in south africa,msmarco-passage/train,ielabgroup/vec2text_gtr-base-st_corrector
668,"poverty, disease","approximately 12,000 people who are mentally ill, at least 115 of whom are in poverty, are incarcerated or ill-af",KernelDensityGECO,1,0.001,how many mentally ill people are in poverty,msmarco-passage/train,ielabgroup/vec2text_gtr-base-st_corrector
668,"poverty, disease",(which the Mongoose carries) is a disease of the herpes neoporosis the mongo,KernelDensityGECO,1,0.001,what disease does the mongoose carry,msmarco-passage/train,ielabgroup/vec2text_gtr-base-st_corrector
668,"poverty, disease","in ovcosis, pcosis or menstrual syndrome it is a disease or a syndrome and a long",KernelDensityGECO,1,0.001,pcos is it a syndrome or disease,msmarco-passage/train,ielabgroup/vec2text_gtr-base-st_corrector
668,"poverty, disease",(Art. 83a) Disease consumption is a technique used to control and protect the health of people with chronic liver disease. Researchers are now studying,KernelDensityGECO,1,0.001,what is disease consumption,msmarco-passage/train,ielabgroup/vec2text_gtr-base-st_corrector
668,"poverty, disease","disease classify as CAD. Patients who suffer from a disease affecting joints, cartilage, articular disc, muscle deficiency",KernelDensityGECO,1,0.001,what disease classify as cad,msmarco-passage/train,ielabgroup/vec2text_gtr-base-st_corrector
669,Islamic Revolution,"the irscrtahmath (Qr), a definition of IQ and a measure of a probability",KernelDensityGECO,1,0.001,iqrmath definition,msmarco-passage/train,ielabgroup/vec2text_gtr-base-st_corrector
669,Islamic Revolution,"a total of 3.5 years after Islam started, it started christianity after christian christianism and after women",KernelDensityGECO,1,0.001,how long did islam start after christianity,msmarco-passage/train,ielabgroup/vec2text_gtr-base-st_corrector
669,Islamic Revolution,"a republic with a politico-democratic regime, Iraq. It is the type of government that is an IRAQ-I",KernelDensityGECO,1,0.001,what type of government is iRAQ,msmarco-passage/train,ielabgroup/vec2text_gtr-base-st_corrector
669,Islamic Revolution,"name with a similar meaning of islamic meaning, the English name",KernelDensityGECO,1,0.001,name of english name with similar islamic meaning,msmarco-passage/train,ielabgroup/vec2text_gtr-base-st_corrector
669,Islamic Revolution,the time of year between the tumultuous season and the beginning of the year it is best time to travel to Islamorada.,KernelDensityGECO,1,0.001,when is the best time of year to travel to islamorada,msmarco-passage/train,ielabgroup/vec2text_gtr-base-st_corrector
669,Islamic Revolution,(circa 1400 – 1700) and electricity created an industrial revolution that influenced electricity production and the work of Baron John Sheinhold,KernelDensityGECO,1,0.001,what did electricity do for the industrial revolution,msmarco-passage/train,ielabgroup/vec2text_gtr-base-st_corrector
669,Islamic Revolution,Cultural enrichment events occur,KernelDensityGECO,1,0.001,define cultural enrichment events,msmarco-passage/train,ielabgroup/vec2text_gtr-base-st_corrector
669,Islamic Revolution,"by a famine, rage and a lack of a council, the Industrial Revolution changed english society as it changed how people understood English",KernelDensityGECO,1,0.001,how did industrial revolution change english society,msmarco-passage/train,ielabgroup/vec2text_gtr-base-st_corrector
669,Islamic Revolution,"barrow rises - a strip of tidal larks, a golden marina - River barrow rises",KernelDensityGECO,1,0.001,river barrow rises,msmarco-passage/train,ielabgroup/vec2text_gtr-base-st_corrector
669,Islamic Revolution,"in which the Irish rebellion erupted into a racial conflict in England, it led to conflict and a follow-up.",KernelDensityGECO,1,0.001,how did the irish rebellion lead to conflict in england?,msmarco-passage/train,ielabgroup/vec2text_gtr-base-st_corrector
670,U.S. elections apathy,"in the U.S., who get abortions in the United States, who get a neo-period or for pregnancy",KernelDensityGECO,1,0.001,who get abortions in the us,msmarco-passage/train,ielabgroup/vec2text_gtr-base-st_corrector
670,U.S. elections apathy,"which type of a general-presidential system is used in the United States, the electoral system is most commonly used in the United States.",KernelDensityGECO,1,0.001,which type of electoral system is generally used in the united states?,msmarco-passage/train,ielabgroup/vec2text_gtr-base-st_corrector
670,U.S. elections apathy,which two states conduct voting primarily by mail — New Jersey and New York — both states primarily by mail and relying on correspondence.,KernelDensityGECO,1,0.001,which two states conduct voting primarily by mail?,msmarco-passage/train,ielabgroup/vec2text_gtr-base-st_corrector
670,U.S. elections apathy,"a.k.a. USA Football & a.k.a. USA Sports are the most popular sports in the United States, leading",KernelDensityGECO,1,0.001,most popular usa sports,msmarco-passage/train,ielabgroup/vec2text_gtr-base-st_corrector
670,U.S. elections apathy,the U.S. population projection of . . . . . . . . . . .,KernelDensityGECO,1,0.001,u.s population projection,msmarco-passage/train,ielabgroup/vec2text_gtr-base-st_corrector
670,U.S. elections apathy,"The plan for America (2011, rhyming with Robert Ebert) is the plan for the U.S. to secure America.",KernelDensityGECO,1,0.001,what is the plan for america?,msmarco-passage/train,ielabgroup/vec2text_gtr-base-st_corrector
670,U.S. elections apathy,"are non-U.S. citizens. Non-U.S. citizens, including non-citizens and undocumented voters",KernelDensityGECO,1,0.001,are non us citizens voting,msmarco-passage/train,ielabgroup/vec2text_gtr-base-st_corrector
670,U.S. elections apathy,"why the framers of the U.S. Constitution didn't anticipate the first phase of the presidential elections, as they still didn't.",KernelDensityGECO,1,0.001,why did the framers of the u.s. constitution not anticipate the first phase of the presidential elections?,msmarco-passage/train,ielabgroup/vec2text_gtr-base-st_corrector
670,U.S. elections apathy,age requirement United States (Advancé Jnior) or a candidate for president of the United States (Advanc,KernelDensityGECO,1,0.001,age requirement president united states,msmarco-passage/train,ielabgroup/vec2text_gtr-base-st_corrector
670,U.S. elections apathy,"when they do re-elect U.S. Senators, or in mid-June, when they do re-elect.",KernelDensityGECO,1,0.001,when do do reelect senators?,msmarco-passage/train,ielabgroup/vec2text_gtr-base-st_corrector
671,Salvation Army benefits,Benefits of Tec Benefits of Tec (Celt benefits) is a high-benefit health insurance program that helps reduce food,KernelDensityGECO,1,0.001,what is tec benefits,msmarco-passage/train,ielabgroup/vec2text_gtr-base-st_corrector
671,Salvation Army benefits,benefits: APA membership benefits include a reduction in paper premiums and a reduction in the risk of non-patent alibis and other,KernelDensityGECO,1,0.001,apa membership benefits,msmarco-passage/train,ielabgroup/vec2text_gtr-base-st_corrector
671,Salvation Army benefits,if a vain halt (e.g. m.a. Va) provides dental benefits. VA benefits include dental benefits for use,KernelDensityGECO,1,0.001,does va provide dental benefits,msmarco-passage/train,ielabgroup/vec2text_gtr-base-st_corrector
671,Salvation Army benefits,benefits of vision board therapy (Voice-Board Therapy) are demonstrated to reduce the risk of acute neurodevelopmental and other problems,KernelDensityGECO,1,0.001,benefits of vision board therapy,msmarco-passage/train,ielabgroup/vec2text_gtr-base-st_corrector
671,Salvation Army benefits,phone number of the salvation muscogee salvation army orthogook okee mswd ps,KernelDensityGECO,1,0.001,salvation army muskogee ok phone number,msmarco-passage/train,ielabgroup/vec2text_gtr-base-st_corrector
671,Salvation Army benefits,discovery benefits. HSA Benefits - swa dsi dsi - a single calorie ad,KernelDensityGECO,1,0.001,discovery benefits - hsa,msmarco-passage/train,ielabgroup/vec2text_gtr-base-st_corrector
671,Salvation Army benefits,"coordination of benefits glossary. A glossary of benefits will be compiled by a key exec, employer, union,",KernelDensityGECO,1,0.001,coordination of benefits glossary,msmarco-passage/train,ielabgroup/vec2text_gtr-base-st_corrector
671,Salvation Army benefits,"benefits of a government, which is the benefit of a confederate government, is the adversity of the nation’s healthcare",KernelDensityGECO,1,0.001,what is a benefit of a confederate government?,msmarco-passage/train,ielabgroup/vec2text_gtr-base-st_corrector
671,Salvation Army benefits,your benefits as an individual unemployed e.g. Unable-Unitedness Benefits and your inability-adjustee,KernelDensityGECO,1,0.001,what are my benefits as a individual unemployability,msmarco-passage/train,ielabgroup/vec2text_gtr-base-st_corrector
671,Salvation Army benefits,"benefits of hearing aids, a better treatment of hearing problems, a better diagnosis of ear injuries, and improved hearing aids and hearing aid",KernelDensityGECO,1,0.001,benefits of hearing aids,msmarco-passage/train,ielabgroup/vec2text_gtr-base-st_corrector
672,NRA membership profile,get a true blue points without being a member and you can earn your True Blue points by going to the store without a membership or an account,KernelDensityGECO,1,0.001,how to get true blue points without being a member,msmarco-passage/train,ielabgroup/vec2text_gtr-base-st_corrector
672,NRA membership profile,Club fee Club Fee ( / / / / / / / / / ) are fees which are paid fee,KernelDensityGECO,1,0.001,what are club fee,msmarco-passage/train,ielabgroup/vec2text_gtr-base-st_corrector
672,NRA membership profile,CANAD IRA account number CRA. Your account number is 401 (60) CANAD IRA number for your credit card account.,KernelDensityGECO,1,0.001,cra account number,msmarco-passage/train,ielabgroup/vec2text_gtr-base-st_corrector
672,NRA membership profile,"requirements for tribal membership are a minimum of a living requirement, a bare minimum of a qualifying certificate, identification card and acceptance test results",KernelDensityGECO,1,0.001,what are the tribal membership requirements,msmarco-passage/train,ielabgroup/vec2text_gtr-base-st_corrector
672,NRA membership profile,"requirements for participation and a minimum of non-requirements to participate in webinar antipsychotic nebra antacid,",KernelDensityGECO,1,0.001,requirements of participation nebraska webinar antipsychotics,msmarco-passage/train,ielabgroup/vec2text_gtr-base-st_corrector
672,NRA membership profile,"be a current employee by becoming a classified nevada senate employee. Previously, classified",KernelDensityGECO,1,0.001,how to be a current classified nevada employee,msmarco-passage/train,ielabgroup/vec2text_gtr-base-st_corrector
672,NRA membership profile,e.g. write a sample of your profile and then write a summary of your skills and experience as a corporate profile. This,KernelDensityGECO,1,0.001,how to write a corporate profile,msmarco-passage/train,ielabgroup/vec2text_gtr-base-st_corrector
672,NRA membership profile,how to pay for a nmls payment or to get a fingerprinting account from the MLS. National Fingerprinting Service,KernelDensityGECO,1,0.001,how to pay for nmls fingerprinting,msmarco-passage/train,ielabgroup/vec2text_gtr-base-st_corrector
672,NRA membership profile,"verification of identity requirements for applicants requesting a verification of their identity and if applicable, nexus 169.10 (Sws",KernelDensityGECO,1,0.001,verification of identity requirements nsw,msmarco-passage/train,ielabgroup/vec2text_gtr-base-st_corrector
672,NRA membership profile,make you like people by ssp.b.e.fbi and use your feb profiler to analyze your pos,KernelDensityGECO,1,0.001,how to make peopl.e like you from fbi profiler,msmarco-passage/train,ielabgroup/vec2text_gtr-base-st_corrector
673,Soviet withdrawal Afghanistan,"opalocybinolone treatment to treat the symptoms of opioid withdrawal pain, opalocybinol relief symptoms",KernelDensityGECO,1,0.001,opioid withdrawal symptoms treatment,msmarco-passage/train,ielabgroup/vec2text_gtr-base-st_corrector
673,Soviet withdrawal Afghanistan,are multivitamins and dietary supplement natribes against opiate defecation or opiate withdrawal can help,KernelDensityGECO,1,0.001,do multivitamins help opiate withdrawal,msmarco-passage/train,ielabgroup/vec2text_gtr-base-st_corrector
673,Soviet withdrawal Afghanistan,"from a period of symptom agnosis to a full recovery, mood stabilizer withdrawal lasts 30 to 45 days and it last",KernelDensityGECO,1,0.001,how long does mood stabilizer withdrawal symptoms last,msmarco-passage/train,ielabgroup/vec2text_gtr-base-st_corrector
673,Soviet withdrawal Afghanistan,"my smoky lard and my cigarette, the body stops smoking. What happens during a recovery is called 'shit",KernelDensityGECO,1,0.001,when you stop smoking what happens with your body's recovery?,msmarco-passage/train,ielabgroup/vec2text_gtr-base-st_corrector
673,Soviet withdrawal Afghanistan,treatment of withdrawal symptoms (e.g. taking a sluggish adabdomolone and other medications),KernelDensityGECO,1,0.001,treatment of withdrawal symptoms,msmarco-passage/train,ielabgroup/vec2text_gtr-base-st_corrector
673,Soviet withdrawal Afghanistan,"by how the collapse of the soviet union in the wake of the collapse of the Soviet Union, slowed the impact on the United States",KernelDensityGECO,1,0.001,how did the collapse of the soviet union affect the united states,msmarco-passage/train,ielabgroup/vec2text_gtr-base-st_corrector
673,Soviet withdrawal Afghanistan,no lukewarm tillage to a potash - Potash leaches out of soil and through your soil as it goes down,KernelDensityGECO,1,0.001,does potash leach out of soil,msmarco-passage/train,ielabgroup/vec2text_gtr-base-st_corrector
673,Soviet withdrawal Afghanistan,"opalocybinolone treatment to treat the symptoms of opioid withdrawal pain, opalocybinol relief symptoms",KernelDensityGECO,1,0.001,opioid withdrawal symptoms treatment,msmarco-passage/train,ielabgroup/vec2text_gtr-base-st_corrector
673,Soviet withdrawal Afghanistan,"when opiate-based medication, e.g. leptoprofen, is available. Can opiate withdrawal help lep",KernelDensityGECO,1,0.001,can lexapro help with opiate withdrawal,msmarco-passage/train,ielabgroup/vec2text_gtr-base-st_corrector
673,Soviet withdrawal Afghanistan,"Fort Shallan Fort Shallan (Fort SHillan) ( ) was located on the foot of Fort Willeed, Connecticut and was",KernelDensityGECO,1,0.001,where was fort shallan located,msmarco-passage/train,ielabgroup/vec2text_gtr-base-st_corrector
674,Greenpeace prosecuted,"definition of gender advocacy, a work of a spokesman for the International Women's Discrimination Action Alliance (also known as gender advocacy",KernelDensityGECO,1,0.001,define gender advocacy,msmarco-passage/train,ielabgroup/vec2text_gtr-base-st_corrector
674,Greenpeace prosecuted,"Why don't they arrest someone if there is a sealed indictment, or why don't they arrest someone if they are",KernelDensityGECO,1,0.001,why don't they arrest someone when there is a sealed indictment issued,msmarco-passage/train,ielabgroup/vec2text_gtr-base-st_corrector
674,Greenpeace prosecuted,defense motion in limine criminal defense is a motion in a p. d. (Lieutenant Defendant,KernelDensityGECO,1,0.001,defense motion in limine criminal,msmarco-passage/train,ielabgroup/vec2text_gtr-base-st_corrector
674,Greenpeace prosecuted,grant of probate (england) gift of the estate of England (England Probation and Probation Office,KernelDensityGECO,1,0.001,grant of probate england,msmarco-passage/train,ielabgroup/vec2text_gtr-base-st_corrector
674,Greenpeace prosecuted,"(Georgia, St. John, St. Thomas) and the peace agreement, the Peloponnesian War happened, which lasted",KernelDensityGECO,1,0.001,what happened in the peloponnesian war,msmarco-passage/train,ielabgroup/vec2text_gtr-base-st_corrector
674,Greenpeace prosecuted,"a process (i.e., a process which acts as a service of service) constitutes illegal process (i.e.",KernelDensityGECO,1,0.001,what constitutes illegal service of process,msmarco-passage/train,ielabgroup/vec2text_gtr-base-st_corrector
674,Greenpeace prosecuted,"attorney Monique Pressley, a former heiress and secretary-treasurer of the Pam Crawford criminal defense agency, attorney monique",KernelDensityGECO,1,0.001,who is attorney monique pressley,msmarco-passage/train,ielabgroup/vec2text_gtr-base-st_corrector
674,Greenpeace prosecuted,Greenwashing (glowwashing) is a phreath-based approach to a production of a water-based environment,KernelDensityGECO,1,0.001,what is greenwashing?,msmarco-passage/train,ielabgroup/vec2text_gtr-base-st_corrector
674,Greenpeace prosecuted,"defence attorney, portrayed by Vance in the op-ed v.j. advert for Mr. People v.j.",KernelDensityGECO,1,0.001,defence attorney portrayed by vance in the people v. oj simpson,msmarco-passage/train,ielabgroup/vec2text_gtr-base-st_corrector
674,Greenpeace prosecuted,14th Amendment vote on the U.S. Constitution political party vote on the litigation of John Doyle Labor’s House Proclamation,KernelDensityGECO,1,0.001,14th amendment political party vote,msmarco-passage/train,ielabgroup/vec2text_gtr-base-st_corrector
675,Olympics training swimming,a sprostic treatment or a pack of ear ovum to help protect swimmer's ear from ear pain,KernelDensityGECO,1,0.001,what to do for swimmers ear pain,msmarco-passage/train,ielabgroup/vec2text_gtr-base-st_corrector
675,Olympics training swimming,a visual (Visual) organization for your training exercise. It is a valuable tool to display your training programs and training procedures from the perspective,KernelDensityGECO,1,0.001,what is a visual for your training exercise organization,msmarco-passage/train,ielabgroup/vec2text_gtr-base-st_corrector
675,Olympics training swimming,"by frogs and acrobats, toads get into the swimming pool where they can come in above ground",KernelDensityGECO,1,0.001,how do toads get in above ground swimming pool,msmarco-passage/train,ielabgroup/vec2text_gtr-base-st_corrector
675,Olympics training swimming,is that the housekeeping camp - Camp Floating - is flooded. Emergency response from the local water department and flood control agents has helped,KernelDensityGECO,1,0.001,is housekeeping camp flooded?,msmarco-passage/train,ielabgroup/vec2text_gtr-base-st_corrector
675,Olympics training swimming,"Front stroke in swimming , a.k.a. 'front stroke', is a group stroke that releases a swimmer's",KernelDensityGECO,1,0.001,what's front stroke in swimming,msmarco-passage/train,ielabgroup/vec2text_gtr-base-st_corrector
675,Olympics training swimming,when it is safe to swim with a newborn baby or when they have a nasopharynx and ear in the early,KernelDensityGECO,1,0.001,when is it safe to swim with a newborn,msmarco-passage/train,ielabgroup/vec2text_gtr-base-st_corrector
675,Olympics training swimming,how Swim Spa load floor. It loads floor by a re-loading box and a re-loading container for the lifting.,KernelDensityGECO,1,0.001,how does swim spa load floor?,msmarco-passage/train,ielabgroup/vec2text_gtr-base-st_corrector
675,Olympics training swimming,"age of the minor in swimming, which is a minor, is the age of the precinct of the Florida Department of Aquatics",KernelDensityGECO,1,0.001,what is the age of a minor in florida for swimming,msmarco-passage/train,ielabgroup/vec2text_gtr-base-st_corrector
675,Olympics training swimming,Definition,KernelDensityGECO,1,0.001,definition of training,msmarco-passage/train,ielabgroup/vec2text_gtr-base-st_corrector
675,Olympics training swimming,"if swimming is associated, it can cause contiguous vertigo-induced bipolar venous paralyzema. Several",KernelDensityGECO,1,0.001,can swimming cause benign paroxysmal positional vertigo.,msmarco-passage/train,ielabgroup/vec2text_gtr-base-st_corrector
676,poppy cultivation,"usurpations is a sex-supply technique for obtaining urchins. It is part of the ""Chevature",KernelDensityGECO,1,0.001,what is usurpations,msmarco-passage/train,ielabgroup/vec2text_gtr-base-st_corrector
676,poppy cultivation,"based on the type of soil, crops (soil, irrigable crops, corn, legumes and vegetables) are grown as crops",KernelDensityGECO,1,0.001,what type of soil are crops grown,msmarco-passage/train,ielabgroup/vec2text_gtr-base-st_corrector
676,poppy cultivation,"which plant comes from which saffron (saffron neasutum) comes from, saffr",KernelDensityGECO,1,0.001,what plant does saffron come from,msmarco-passage/train,ielabgroup/vec2text_gtr-base-st_corrector
676,poppy cultivation,"where the flower of the magnolia blanchard (Blanctonia amarilla) grows, it grows in the s",KernelDensityGECO,1,0.001,where does the flower of the blanchard magnolia grows,msmarco-passage/train,ielabgroup/vec2text_gtr-base-st_corrector
676,poppy cultivation,"by a branch, crystals (or a moss forming) grow to a greater degree than they do not grow, and later",KernelDensityGECO,1,0.001,how do crystals grow,msmarco-passage/train,ielabgroup/vec2text_gtr-base-st_corrector
676,poppy cultivation,"- - fertilizer for grapes, using a combination of acetic acid and acetic acid or nicotin",KernelDensityGECO,1,0.001,what fertilizer to use on grapes,msmarco-passage/train,ielabgroup/vec2text_gtr-base-st_corrector
676,poppy cultivation,1. Plant chives by putting them in a place on the ground. 2. Plant a hive by placing it on a shelf,KernelDensityGECO,1,0.001,how to plant chives,msmarco-passage/train,ielabgroup/vec2text_gtr-base-st_corrector
676,poppy cultivation,"of the Great Plains was the Great Plains' main crop, a large tract of hay and oats. ""Bette sugar",KernelDensityGECO,1,0.001,what was the great plains main crop,msmarco-passage/train,ielabgroup/vec2text_gtr-base-st_corrector
676,poppy cultivation,bloom on a burgeoning day in April when tuscans (poppies tussetti) are in Tuscan,KernelDensityGECO,1,0.001,when do poppies bloom in tuscany,msmarco-passage/train,ielabgroup/vec2text_gtr-base-st_corrector
676,poppy cultivation,between fungicides and a variety of chemicals used to control growth – these substances control the growth of plants by allowing plants to grow,KernelDensityGECO,1,0.001,what substances control the growth of plants,msmarco-passage/train,ielabgroup/vec2text_gtr-base-st_corrector
677,Leaning Tower of Pisa,"the Maya ruins of toninpas in Chihuahua, maa, México,",KernelDensityGECO,1,0.001,"the mayan ruins of tonina in chiapas, mexico",msmarco-passage/train,ielabgroup/vec2text_gtr-base-st_corrector
677,Leaning Tower of Pisa,aft of a supermarket - Aldi jumping castle,KernelDensityGECO,1,0.001,aldi jumping castle,msmarco-passage/train,ielabgroup/vec2text_gtr-base-st_corrector
677,Leaning Tower of Pisa,"on the corner of Pisa and Pisa d'Anseida, Rome. The tower of Pisa is",KernelDensityGECO,1,0.001,where is tower of pisa?,msmarco-passage/train,ielabgroup/vec2text_gtr-base-st_corrector
677,Leaning Tower of Pisa,". About 2,000 people visit the tokyo tower . , . , . , , , and people visit",KernelDensityGECO,1,0.001,\how many people visit tokyo tower,msmarco-passage/train,ielabgroup/vec2text_gtr-base-st_corrector
677,Leaning Tower of Pisa,"tower fed routing number on a cylinder-mounted bank account or a sycad-based bank account, or 770.999",KernelDensityGECO,1,0.001,tower fed routing number,msmarco-passage/train,ielabgroup/vec2text_gtr-base-st_corrector
677,Leaning Tower of Pisa,"known as L.A. and Lena. Lisa and Lena are a teen, a sex agent and CIA",KernelDensityGECO,1,0.001,who is lisa and lena,msmarco-passage/train,ielabgroup/vec2text_gtr-base-st_corrector
677,Leaning Tower of Pisa,"which is the 106 m high slide slide or the tallest body slide in the world, or the 89",KernelDensityGECO,1,0.001,what is the tallest body slide in the world,msmarco-passage/train,ielabgroup/vec2text_gtr-base-st_corrector
677,Leaning Tower of Pisa,as a tenth-century museo-painter. The Louvre was originally built. What was the Louvre originally built,KernelDensityGECO,1,0.001,as what was the louvre originally built?,msmarco-passage/train,ielabgroup/vec2text_gtr-base-st_corrector
677,Leaning Tower of Pisa,place is the pyramid of Giza (Phoena XI and the Egyptian Pyramid Giza) — where the Egyptian pyramid is,KernelDensityGECO,1,0.001,what place is pyramid giza in,msmarco-passage/train,ielabgroup/vec2text_gtr-base-st_corrector
677,Leaning Tower of Pisa,"tower of the World High-Energy Building (Destimonia Symbola) at , the highest human tower, and is",KernelDensityGECO,1,0.001,highest human tower,msmarco-passage/train,ielabgroup/vec2text_gtr-base-st_corrector
678,joint custody impact,PJ / jingle machina PJ / jingle machina (PMJ) is an electro,KernelDensityGECO,1,0.001,what is pmj,msmarco-passage/train,ielabgroup/vec2text_gtr-base-st_corrector
678,joint custody impact,What is juvenile delinquency (jidgment-linquency) among youth is a linquency among,KernelDensityGECO,1,0.001,what is juvenile delinquency among youth,msmarco-passage/train,ielabgroup/vec2text_gtr-base-st_corrector
678,joint custody impact,"a judicature, he has custody of Jace, who is in a position of custody of Michael and Marti and is now",KernelDensityGECO,1,0.001,who has custody of jace,msmarco-passage/train,ielabgroup/vec2text_gtr-base-st_corrector
678,joint custody impact,effects are a single effect: culling rabbits (cannibulation of a new bred of rabbits) and its effects,KernelDensityGECO,1,0.001,culling rabbits effects,msmarco-passage/train,ielabgroup/vec2text_gtr-base-st_corrector
678,joint custody impact,"a family effect on hearing loss, e.g. hearing loss, deafness, ear ailment, or hearing loss",KernelDensityGECO,1,0.001,family effects on hearing loss,msmarco-passage/train,ielabgroup/vec2text_gtr-base-st_corrector
678,joint custody impact,child custody – a child who is 36 years old or older can decide for herself based on her decision – the state can decide for her,KernelDensityGECO,1,0.001,child custody how old is child able to decide,msmarco-passage/train,ielabgroup/vec2text_gtr-base-st_corrector
678,joint custody impact,"Child Support is the department of child support, and is now administered by the Department of Child Care and Departure Protection (D.C.D.",KernelDensityGECO,1,0.001,what department is child support,msmarco-passage/train,ielabgroup/vec2text_gtr-base-st_corrector
678,joint custody impact,"A settlement in child custody (i.e., a settlement of child alibis and a settlement of child compulsion) is",KernelDensityGECO,1,0.001,what is a settlement in child custody,msmarco-passage/train,ielabgroup/vec2text_gtr-base-st_corrector
678,joint custody impact,"of the skeleton: The spine is a type of joint, or a neoarthriac joint, which joints",KernelDensityGECO,1,0.001,what type of joint is the spine,msmarco-passage/train,ielabgroup/vec2text_gtr-base-st_corrector
678,joint custody impact,when a divorced parent is a child and a resented parent can claim a child as a dependent child or,KernelDensityGECO,1,0.001,when can a divorced parent claim a child as a dependent,msmarco-passage/train,ielabgroup/vec2text_gtr-base-st_corrector
679,opening adoption records,"a letter, 'open' punctuation is a form of punctuation for expressing or expressing a letter's",KernelDensityGECO,1,0.001,what is open punctuation for a letter?,msmarco-passage/train,ielabgroup/vec2text_gtr-base-st_corrector
679,opening adoption records,"which ages are preferred when adopting a child, i.e., the ages of the child and the ages of the child",KernelDensityGECO,1,0.001,what ages are preferred for the child when adopting a child,msmarco-passage/train,ielabgroup/vec2text_gtr-base-st_corrector
679,opening adoption records,"to open a daycare, first sign a tax, first pass a fee, and then complete a set of guidelines to open child care",KernelDensityGECO,1,0.001,how to open a daycare,msmarco-passage/train,ielabgroup/vec2text_gtr-base-st_corrector
679,opening adoption records,"if you need to keep a set of records for your last 3 to 4 years, you need to keep volunteer records . . .",KernelDensityGECO,1,0.001,how long do i need to keep volunteer records?,msmarco-passage/train,ielabgroup/vec2text_gtr-base-st_corrector
679,opening adoption records,"why Jamie Lee Curtis (Jamie Lennon Curtis) adopted children, to fulfil a sympathetic",KernelDensityGECO,1,0.001,why did jamie lee curtis adopt children,msmarco-passage/train,ielabgroup/vec2text_gtr-base-st_corrector
679,opening adoption records,to close AP. 1. Close AP by ad-lidging tab. 2. Close AP by ad-lidging,KernelDensityGECO,1,0.001,how to close ap sub ledger,msmarco-passage/train,ielabgroup/vec2text_gtr-base-st_corrector
679,opening adoption records,car/moon registration certificate at DMV-VA Birth certificate at DMV-VA when the certificate wasn't approved for securing,KernelDensityGECO,1,0.001,va birth certificate at dmv,msmarco-passage/train,ielabgroup/vec2text_gtr-base-st_corrector
679,opening adoption records,Open exo document An open exo document (Open EXR document) is a document that is a document that is stored on the documents,KernelDensityGECO,1,0.001,what is an open exr document,msmarco-passage/train,ielabgroup/vec2text_gtr-base-st_corrector
679,opening adoption records,a Texas application to amend and re-adjust application for a granting and re-admission of Certificate of Birth,KernelDensityGECO,1,0.001,texas application to amend certificate of birth,msmarco-passage/train,ielabgroup/vec2text_gtr-base-st_corrector
679,opening adoption records,schedule of open practice rounds.            US Open weekly,KernelDensityGECO,1,0.001,us open practice rounds schedule,msmarco-passage/train,ielabgroup/vec2text_gtr-base-st_corrector
680,immigrants Spanish school,"AZ citizens favor a stricter immigration policy, as do a good portion of arizona citizens who choose to go to the immigration age",KernelDensityGECO,1,0.001,do arizona citizens favor stricter immigration policies?,msmarco-passage/train,ielabgroup/vec2text_gtr-base-st_corrector
680,immigrants Spanish school,age of a person (under the age of 6 or if he or she is 21 years) is the legal age to work at school,KernelDensityGECO,1,0.001,what is the legal age to work at a school,msmarco-passage/train,ielabgroup/vec2text_gtr-base-st_corrector
680,immigrants Spanish school,"approximately 12,000 immigrants were turned back at Elliots Island when he left the island and a further 3,000 were emigrated from",KernelDensityGECO,1,0.001,how many immigrants were turned back at ellis island,msmarco-passage/train,ielabgroup/vec2text_gtr-base-st_corrector
680,immigrants Spanish school,it is mandatos (pastoral como o máblicos) that is a form of manuvisa,KernelDensityGECO,1,0.001,what is mandatos in spanish,msmarco-passage/train,ielabgroup/vec2text_gtr-base-st_corrector
680,immigrants Spanish school,"a translation of the Spanish word apple, encartado de l'Anipa, en espa",KernelDensityGECO,1,0.001,what's the translation of apple in spanish?,msmarco-passage/train,ielabgroup/vec2text_gtr-base-st_corrector
680,immigrants Spanish school,because illegal immigration is a controversial issue and a hot-button on many of the U.S. and U.S. national priorities.,KernelDensityGECO,1,0.001,why is illegal immigration a controversial issue?,msmarco-passage/train,ielabgroup/vec2text_gtr-base-st_corrector
680,immigrants Spanish school,because illegal immigration is a controversial issue and a hot-button on many of the U.S. and U.S. national priorities.,KernelDensityGECO,1,0.001,why is illegal immigration a controversial issue?,msmarco-passage/train,ielabgroup/vec2text_gtr-base-st_corrector
680,immigrants Spanish school,Spanish translation of an anemia in esoterics esoterics el anemia devimoso,KernelDensityGECO,1,0.001,anemia spanish translation,msmarco-passage/train,ielabgroup/vec2text_gtr-base-st_corrector
680,immigrants Spanish school,"where ""Spanish comes from"" (Scottish comes from a polity in the Araucana region) is where it comes",KernelDensityGECO,1,0.001,where spanish comes from,msmarco-passage/train,ielabgroup/vec2text_gtr-base-st_corrector
680,immigrants Spanish school,esl curriculum (also known as eslu programma a) is a comprehensive curriculum of language learning and ten,KernelDensityGECO,1,0.001,what is esl curriculum,msmarco-passage/train,ielabgroup/vec2text_gtr-base-st_corrector
681,wind power location,"from the beginning of the first half of the world (Cape of Canton and Japan) where most of the world's oil is located, located",KernelDensityGECO,1,0.001,where is most of the world's oil located,msmarco-passage/train,ielabgroup/vec2text_gtr-base-st_corrector
681,wind power location,Vasomotor Center (U.S.) The Vasomotor Center (U.S.) is located in the Kenoigo board,KernelDensityGECO,1,0.001,where is the vasomotor center located?,msmarco-passage/train,ielabgroup/vec2text_gtr-base-st_corrector
681,wind power location,are local winds caused by passing debris and high-pressure areas in the area,KernelDensityGECO,1,0.001,how are local winds caused,msmarco-passage/train,ielabgroup/vec2text_gtr-base-st_corrector
681,wind power location,"the liberty bell of the United States is located in the United States on a stone tower in New York City, New York where it is located at",KernelDensityGECO,1,0.001,the liberty bell of the united states is located where,msmarco-passage/train,ielabgroup/vec2text_gtr-base-st_corrector
681,wind power location,"where hamlilton, New Jersey (NJ) and formerly hamlilton, New Jersey, is located and is located on",KernelDensityGECO,1,0.001,where is hamilton nj located,msmarco-passage/train,ielabgroup/vec2text_gtr-base-st_corrector
681,wind power location,kw per wind turbine or kwph per kilowatt-meter (kwph) cost of,KernelDensityGECO,1,0.001,wind turbine cost per kw,msmarco-passage/train,ielabgroup/vec2text_gtr-base-st_corrector
681,wind power location,republic republic (        ) is located in wai,KernelDensityGECO,1,0.001,where is republic wa located,msmarco-passage/train,ielabgroup/vec2text_gtr-base-st_corrector
681,wind power location,"where oil refineries are located (Oil refineries or oil refineries) (Phoenix, California) are located for oil refineries",KernelDensityGECO,1,0.001,where are oil refineries located,msmarco-passage/train,ielabgroup/vec2text_gtr-base-st_corrector
681,wind power location,"of a femur, wind formation (also known as wind formation) is a structure of a wind turbine that is formed during movement",KernelDensityGECO,1,0.001,what is wind formation,msmarco-passage/train,ielabgroup/vec2text_gtr-base-st_corrector
681,wind power location,"at , Windradyne (NSW) Windradyne is a tyreswimm located in northern",KernelDensityGECO,1,0.001,"where is windradyne, nsw",msmarco-passage/train,ielabgroup/vec2text_gtr-base-st_corrector
682,adult immigrants English,at a normal pulse (as a reference point) or a nebula is a 24-hour average adult living in,KernelDensityGECO,1,0.001,what is the normal pulse for an adult,msmarco-passage/train,ielabgroup/vec2text_gtr-base-st_corrector
682,adult immigrants English,"what are informal services by elders and acquainting them with your emt., and what are formal services by elders.",KernelDensityGECO,1,0.001,what are informal and formal services by elders?,msmarco-passage/train,ielabgroup/vec2text_gtr-base-st_corrector
682,adult immigrants English,"in adults are a form of adenoma that causes mumps in adults, which can be caused by mild apne",KernelDensityGECO,1,0.001,what causes mumps in adults,msmarco-passage/train,ielabgroup/vec2text_gtr-base-st_corrector
682,adult immigrants English,is English spoken in copagen  hngstjlland i nstsholm.,KernelDensityGECO,1,0.001,is english spoken in copenhagen,msmarco-passage/train,ielabgroup/vec2text_gtr-base-st_corrector
682,adult immigrants English,", workforce is",KernelDensityGECO,1,0.001,is workforce plural,msmarco-passage/train,ielabgroup/vec2text_gtr-base-st_corrector
682,adult immigrants English,age range for adults between the ages of 18–30 and the ages of 25–34  59  59,KernelDensityGECO,1,0.001,age range for middle age adults,msmarco-passage/train,ielabgroup/vec2text_gtr-base-st_corrector
682,adult immigrants English,"a result of gum disease in adults, this is caused by abrasive gum disease in the mouth and abrasive gum disease",KernelDensityGECO,1,0.001,causes of gum disease in adults,msmarco-passage/train,ielabgroup/vec2text_gtr-base-st_corrector
682,adult immigrants English,a woman as a human female is a lexical definition of a woman that is defined to be an adult human-female,KernelDensityGECO,1,0.001,the definition of a woman as an adult female human is a lexical definition,msmarco-passage/train,ielabgroup/vec2text_gtr-base-st_corrector
682,adult immigrants English,", because adult cells are bad for research",KernelDensityGECO,1,0.001,why adult cells are bad for research,msmarco-passage/train,ielabgroup/vec2text_gtr-base-st_corrector
682,adult immigrants English,"if English is a country, e.g., a rasp of English, English is a nationality",KernelDensityGECO,1,0.001,is english a nationality,msmarco-passage/train,ielabgroup/vec2text_gtr-base-st_corrector
683,Czechoslovakia breakup,Sectiaon break Sectiaon break is a ten-word break for a word in the Titular Style document,KernelDensityGECO,1,0.001,what is a sectiion break word,msmarco-passage/train,ielabgroup/vec2text_gtr-base-st_corrector
683,Czechoslovakia breakup,by the singer of the Christian music group Chain-Break & the luthier christian song Breaker,KernelDensityGECO,1,0.001,who sings the christian song chain breaker,msmarco-passage/train,ielabgroup/vec2text_gtr-base-st_corrector
683,Czechoslovakia breakup,the Bosnian trial (Serbian and Serb aetie) happened and the details of the judicial verdict,KernelDensityGECO,1,0.001,what happened in the bosnian and serbian trial,msmarco-passage/train,ielabgroup/vec2text_gtr-base-st_corrector
683,Czechoslovakia breakup,Croatia',KernelDensityGECO,1,0.001,what was croatia's independence,msmarco-passage/train,ielabgroup/vec2text_gtr-base-st_corrector
683,Czechoslovakia breakup,"what happened to Ashwathama after the ensuing war, Ashwathama-Mahabharata remained in fig",KernelDensityGECO,1,0.001,what happened to ashwathama after mahabharata war,msmarco-passage/train,ielabgroup/vec2text_gtr-base-st_corrector
683,Czechoslovakia breakup,in 1219 as Hungary fell under rule of Moscow to the gubernatorial comitatus after the Second Great,KernelDensityGECO,1,0.001,when did hungary fall under rule to moscow,msmarco-passage/train,ielabgroup/vec2text_gtr-base-st_corrector
683,Czechoslovakia breakup,meaning             chavonne in the,KernelDensityGECO,1,0.001,the hebrew meaning of chavonne,msmarco-passage/train,ielabgroup/vec2text_gtr-base-st_corrector
683,Czechoslovakia breakup,"a deep stalemate broke out during the wall of the Berlin Wall, and a German soldier froze into the air. This happened",KernelDensityGECO,1,0.001,what happened during the berlin wall,msmarco-passage/train,ielabgroup/vec2text_gtr-base-st_corrector
683,Czechoslovakia breakup,because Czechse aplniewych aplnie embraced communism,KernelDensityGECO,1,0.001,why did czechs embrace communism?,msmarco-passage/train,ielabgroup/vec2text_gtr-base-st_corrector
683,Czechoslovakia breakup,"nations – Hungary, Norway, Brazil, and the United Kingdom – identified bankruptcy as one of its nations and a successor to Nicolás",KernelDensityGECO,1,0.001,which nations was bankruptcy,msmarco-passage/train,ielabgroup/vec2text_gtr-base-st_corrector
684,part-time benefits,"a college education class (e.g., 1EP, 1EP, or 2EP), 69 credits are considered part-time or",KernelDensityGECO,1,0.001,how many college credits are considered part time,msmarco-passage/train,ielabgroup/vec2text_gtr-base-st_corrector
684,part-time benefits,"employee benefit. This benefit is a benefit for Florida State employees (Florida State Employees, Inc.) who are not able to retire",KernelDensityGECO,1,0.001,florida state employee benefit,msmarco-passage/train,ielabgroup/vec2text_gtr-base-st_corrector
684,part-time benefits,"on a bi-payment basis. The SS, who pays disability benefits, receives a lump sum from the SSA and who pays",KernelDensityGECO,1,0.001,who pays disability benefits,msmarco-passage/train,ielabgroup/vec2text_gtr-base-st_corrector
684,part-time benefits,averaged for a part-time job – a $130-a-month average for jobs in car dealerships – paid part time,KernelDensityGECO,1,0.001,average paid for part time jobs,msmarco-passage/train,ielabgroup/vec2text_gtr-base-st_corrector
684,part-time benefits,"benefits from an insured plan (i.e., an insured plan) for statutory obligations. An insurance benefit plan is entitled to pay obligations",KernelDensityGECO,1,0.001,benefit obligations for an insured plan,msmarco-passage/train,ielabgroup/vec2text_gtr-base-st_corrector
684,part-time benefits,available hours per week based on a swath of time available a total of     150 Part,KernelDensityGECO,1,0.001,total hours available per week part time,msmarco-passage/train,ielabgroup/vec2text_gtr-base-st_corrector
684,part-time benefits,"which person works, a person can get benefits from their employer, 365 days after a person works, a person can enter into Is",KernelDensityGECO,1,0.001,ides how many days person works to get benefits from employer,msmarco-passage/train,ielabgroup/vec2text_gtr-base-st_corrector
684,part-time benefits,"benefits – shareholder benefits are the benefits of a shareholder, a percentage of a share of the alibis, a positive trust benefit",KernelDensityGECO,1,0.001,shareholder benefits,msmarco-passage/train,ielabgroup/vec2text_gtr-base-st_corrector
684,part-time benefits,"benefit of ICICI salary account benefits, ICICI 401K, 401K, 401K, 401K, 401K",KernelDensityGECO,1,0.001,icici salary account benefits,msmarco-passage/train,ielabgroup/vec2text_gtr-base-st_corrector
684,part-time benefits,What is a major advantage that a partnership has when a sole proprietorship is able to do so is a non-disa,KernelDensityGECO,1,0.001,what major advantage does a partnership have that a sole proprietorship does not?,msmarco-passage/train,ielabgroup/vec2text_gtr-base-st_corrector
685,Oscar winner selection,how to reveal the winner is by displaying a bloke and a message confirming the winner's birth. The winner will be revealed,KernelDensityGECO,1,0.001,how to reveal the winner,msmarco-passage/train,ielabgroup/vec2text_gtr-base-st_corrector
685,Oscar winner selection,"how many oscars have he won, i.e., how many has Peter Jackson won? iii.",KernelDensityGECO,1,0.001,how many oscars has peter jackson won?sdgjfroiajgaoerijgao;wsi;o,msmarco-passage/train,ielabgroup/vec2text_gtr-base-st_corrector
685,Oscar winner selection,"awards including the Alzheimer’s Award for ""Back Leg Crusade"" and Whiplash won awards for the best of the 1980s and 1984",KernelDensityGECO,1,0.001,what awards did whiplash win,msmarco-passage/train,ielabgroup/vec2text_gtr-base-st_corrector
685,Oscar winner selection,"is the Academy Award film, a.k.a. the Oscar-winning saga, and a.k.a. the movie",KernelDensityGECO,1,0.001,is the academy award movie?,msmarco-passage/train,ielabgroup/vec2text_gtr-base-st_corrector
685,Oscar winner selection,"who won the gold medal in gymnastics at the olympics, this year's olympics elm",KernelDensityGECO,1,0.001,who won the gold medal in the olmpics this years in gymnastics,msmarco-passage/train,ielabgroup/vec2text_gtr-base-st_corrector
685,Oscar winner selection,colm merson won a meany award in the 'Colm s Academy Award'. . .,KernelDensityGECO,1,0.001,did colm meany win a academy award?,msmarco-passage/train,ielabgroup/vec2text_gtr-base-st_corrector
685,Oscar winner selection,"which Clint Eastwood has won, 11 Oscars, and he has won two, Criss Glover's ""Chit Churchill",KernelDensityGECO,1,0.001,how many oscars has clint eastwood won?s,msmarco-passage/train,ielabgroup/vec2text_gtr-base-st_corrector
685,Oscar winner selection,"awards at which Maria Louise Monroe won, won the Dwight’s award, and “Marilyn McMillan’",KernelDensityGECO,1,0.001,what awards did marilyn monroe win,msmarco-passage/train,ielabgroup/vec2text_gtr-base-st_corrector
685,Oscar winner selection,how many Mark Ossi have he won? FIVE STARZINC MARCO FINALS FIVE STARZIN,KernelDensityGECO,1,0.001,how many oscars has martin scorsese won?fffffffffffffffffffffff,msmarco-passage/train,ielabgroup/vec2text_gtr-base-st_corrector
685,Oscar winner selection,how many oscars (Oscars have won a BAFTA): Brad Pitt has starred Michael Bramantt,KernelDensityGECO,1,0.001,how many oscars has brad pitt,msmarco-passage/train,ielabgroup/vec2text_gtr-base-st_corrector
686,Argentina pegging dollar,"currency of the Member States of Spain, it is a currency, iridative currency, and is now known as currency and Eurocoins",KernelDensityGECO,1,0.001,what is spain currency,msmarco-passage/train,ielabgroup/vec2text_gtr-base-st_corrector
686,Argentina pegging dollar,change a pound to a dollar when their allotment is advp (kdpop currency) or a,KernelDensityGECO,1,0.001,allkpop shop how to change dollar into pounds,msmarco-passage/train,ielabgroup/vec2text_gtr-base-st_corrector
686,Argentina pegging dollar,gandules is a ginjero-dish of neopantas. It is also known as,KernelDensityGECO,1,0.001,what is gandules,msmarco-passage/train,ielabgroup/vec2text_gtr-base-st_corrector
686,Argentina pegging dollar,- para excel a lanta - a libra a libol para a cariata,KernelDensityGECO,1,0.001,definition para excel lanta,msmarco-passage/train,ielabgroup/vec2text_gtr-base-st_corrector
686,Argentina pegging dollar,exchange rate of baht/sand to the dollar and a pound/s rand to the dollar on 14 March 2016 was,KernelDensityGECO,1,0.001,exchange rate rand to dollar on the 19 march 2016,msmarco-passage/train,ielabgroup/vec2text_gtr-base-st_corrector
686,Argentina pegging dollar,"on the currency of the country of Mexico is the ""chicoto rico de mexicana"" (Mexican Dollars",KernelDensityGECO,1,0.001,what is the currency in mexico,msmarco-passage/train,ielabgroup/vec2text_gtr-base-st_corrector
686,Argentina pegging dollar,monetary penalties (or monetary penalties) is a tax-fixing and penalties punishment that is imposed on a person or entity under Schedule,KernelDensityGECO,1,0.001,what is monetary penalties,msmarco-passage/train,ielabgroup/vec2text_gtr-base-st_corrector
686,Argentina pegging dollar,"a patient’s HIV/AIDS syringe, inflated HIV med spray, inflated at a cost of $1",KernelDensityGECO,1,0.001,hiv medicine inflated cost,msmarco-passage/train,ielabgroup/vec2text_gtr-base-st_corrector
686,Argentina pegging dollar,exchange rate. Currently it's 0.6 cents for Brazil compared to the US exchange rate for brazil and swazi,KernelDensityGECO,1,0.001,what's the exchange rate with brazil,msmarco-passage/train,ielabgroup/vec2text_gtr-base-st_corrector
686,Argentina pegging dollar,"a population of 1.6 million people in Argentine (Aragon, Monterrey, Guyana, and Argentine)",KernelDensityGECO,1,0.001,what is the population in argentina,msmarco-passage/train,ielabgroup/vec2text_gtr-base-st_corrector
687,Northern Ireland industry,the regions of the Irish dancing competitions are called 'Irish competitions' and consist of a selection of olympic winners,KernelDensityGECO,1,0.001,what are the regions of irish dancing competitions called,msmarco-passage/train,ielabgroup/vec2text_gtr-base-st_corrector
687,Northern Ireland industry,"types of industries that are important in Canada are stymies, mills, and electrical and motor-cable industries. It is important",KernelDensityGECO,1,0.001,what types of industries are important in canada,msmarco-passage/train,ielabgroup/vec2text_gtr-base-st_corrector
687,Northern Ireland industry,"known as , National Grid is known as a satellite of the European Energy Information Centre (ENIA) and is now known as one of the top",KernelDensityGECO,1,0.001,what is national grid known as,msmarco-passage/train,ielabgroup/vec2text_gtr-base-st_corrector
687,Northern Ireland industry,"where they film 'Game of Thrones' / 'Pool swine throne' Northern Ireland, Northern Ireland",KernelDensityGECO,1,0.001,where do they film game of thrones northern ireland,msmarco-passage/train,ielabgroup/vec2text_gtr-base-st_corrector
687,Northern Ireland industry,"university s radiology at NEW BRANKFUSTRON, in New Brunswick, s s scarsham",KernelDensityGECO,1,0.001,university radiology in new brunswick,msmarco-passage/train,ielabgroup/vec2text_gtr-base-st_corrector
687,Northern Ireland industry,"the Netherlands produces a variety of nasol and other traceable organics, it is a food that the Netherland produces",KernelDensityGECO,1,0.001,what does the netherlands produce,msmarco-passage/train,ielabgroup/vec2text_gtr-base-st_corrector
687,Northern Ireland industry,"north of Northallerton (Northallerton) is a slum in Manchester, England, located at Narragansett and Sund",KernelDensityGECO,1,0.001,where is northallerton,msmarco-passage/train,ielabgroup/vec2text_gtr-base-st_corrector
687,Northern Ireland industry,"date of the 'Irish grand national' which is a date of 21st and will be on the 9th of April, 2016",KernelDensityGECO,1,0.001,what date is the irish grand national 2016,msmarco-passage/train,ielabgroup/vec2text_gtr-base-st_corrector
687,Northern Ireland industry,diesel availability in Island (Iceland),KernelDensityGECO,1,0.001,diesel availability in iceland,msmarco-passage/train,ielabgroup/vec2text_gtr-base-st_corrector
687,Northern Ireland industry,"nirnhoned nirnhoned is a key part of ESO. It is also a """,KernelDensityGECO,1,0.001,eso what is nirnhoned,msmarco-passage/train,ielabgroup/vec2text_gtr-base-st_corrector
688,non-U.S. media bias,Non-arbitration (non-arbitration) is a non-combatation of a molecule such as arachid,KernelDensityGECO,1,0.001,what is non-arbitration,msmarco-passage/train,ielabgroup/vec2text_gtr-base-st_corrector
688,non-U.S. media bias,"a broad-based definition of 'unfounded report', 'unfounded report' is a report that is a report conclud",KernelDensityGECO,1,0.001,unfounded report definition,msmarco-passage/train,ielabgroup/vec2text_gtr-base-st_corrector
688,non-U.S. media bias,"the most recent nrc rankings, nrc and nrc are ranked at #16 and #27 on the Reuters",KernelDensityGECO,1,0.001,what are the most recent nrc rankings,msmarco-passage/train,ielabgroup/vec2text_gtr-base-st_corrector
688,non-U.S. media bias,Selection bias (selection bias) is a form of phenomenology and information-processing that is often compared to other evidence,KernelDensityGECO,1,0.001,what is selection bias,msmarco-passage/train,ielabgroup/vec2text_gtr-base-st_corrector
688,non-U.S. media bias,"where the US news and world report is located, United States News is located on a charlem at Arlington, Virginia and New Mexico, USA",KernelDensityGECO,1,0.001,where is us news and world report located,msmarco-passage/train,ielabgroup/vec2text_gtr-base-st_corrector
688,non-U.S. media bias,"of issues that are unbiased are the issue of bias, such as the Obama-Asia-Career Advisory and the Tax Reform",KernelDensityGECO,1,0.001,what issue are unbiased,msmarco-passage/train,ielabgroup/vec2text_gtr-base-st_corrector
688,non-U.S. media bias,dc output bias (output bias) is a polaricity effect that determines how well the ratio of input to output is,KernelDensityGECO,1,0.001,what is dc output bias,msmarco-passage/train,ielabgroup/vec2text_gtr-base-st_corrector
688,non-U.S. media bias,"defining a ""hindsight bias"" – a form of bias in prior decisions based on the early decision of Rees",KernelDensityGECO,1,0.001,define hindsight bias,msmarco-passage/train,ielabgroup/vec2text_gtr-base-st_corrector
688,non-U.S. media bias,"a non-narcotic or non-narcotic, narcotic is a definition of a non-abne",KernelDensityGECO,1,0.001,non narcotic definition,msmarco-passage/train,ielabgroup/vec2text_gtr-base-st_corrector
688,non-U.S. media bias,"(who is now the CSIRO of America) The United States Mineral Exchange, Inc., is a US exchange of liquid and mineral entrepreneur",KernelDensityGECO,1,0.001,who is the us mineral exchange,msmarco-passage/train,ielabgroup/vec2text_gtr-base-st_corrector
689,family-planning aid,write and form a nursing evaluation plan to develop a plan for your evaluation. This will be a step-wise and post-evaluation,KernelDensityGECO,1,0.001,how to form a nursing evaluation plan,msmarco-passage/train,ielabgroup/vec2text_gtr-base-st_corrector
689,family-planning aid,a plan for early-career health care and ad hoc analysis Advance care planning is a health care planning program that enables people,KernelDensityGECO,1,0.001,what is advance care planning,msmarco-passage/train,ielabgroup/vec2text_gtr-base-st_corrector
689,family-planning aid,family that falls into a range of categories — Health Savings Administration (HSA) and family sa for a family is considered.,KernelDensityGECO,1,0.001,what is considered a family hsa?,msmarco-passage/train,ielabgroup/vec2text_gtr-base-st_corrector
689,family-planning aid,you plan on my plan. Who is the sponsor of simple plan IRA? or ira rabidote IRA?,KernelDensityGECO,1,0.001,who is the plan sponsor of my simple ira?,msmarco-passage/train,ielabgroup/vec2text_gtr-base-st_corrector
689,family-planning aid,"letter a recommendation plan, and punctuate the letter with a letter if necessary to write the right plan and how to plan a plan",KernelDensityGECO,1,0.001,recommendation letter how to right a plan,msmarco-passage/train,ielabgroup/vec2text_gtr-base-st_corrector
689,family-planning aid,find a solution to help people plan and develop a Teaching Plan. This plan will include a reduction in the number of weeks they spend in school,KernelDensityGECO,1,0.001,how to develop a teaching plan,msmarco-passage/train,ielabgroup/vec2text_gtr-base-st_corrector
689,family-planning aid,"family setup (Windows Phone, Windows Phone 8.1, Windows 10 and Windows XP) is when settings for the phone are enabled in Windows Phone",KernelDensityGECO,1,0.001,what is family setup in windows phone,msmarco-passage/train,ielabgroup/vec2text_gtr-base-st_corrector
689,family-planning aid,benefits of tafdc benefits. It is a federal food and agri-security protection and accredits federal workers,KernelDensityGECO,1,0.001,what is tafdc benefits,msmarco-passage/train,ielabgroup/vec2text_gtr-base-st_corrector
689,family-planning aid,"who provides veba plans. These plans are provided through Tier One Health & Care Organization (VBA), which receives a monthly reimbursement",KernelDensityGECO,1,0.001,who provides veba plans,msmarco-passage/train,ielabgroup/vec2text_gtr-base-st_corrector
689,family-planning aid,"with a decision-making structure, the behavior intervention plan is assessed by Assists and Behavioral Assists, who assess behavior schedule",KernelDensityGECO,1,0.001,who assesses behavior intervention plans,msmarco-passage/train,ielabgroup/vec2text_gtr-base-st_corrector
690,college education advantage,"by the definition of benefited – a person who benefits from the benefit of a society, a fecundity,",KernelDensityGECO,1,0.001,definition of benefited,msmarco-passage/train,ielabgroup/vec2text_gtr-base-st_corrector
690,college education advantage,"in the United States of America, students who enter college in the United States at the age of 18 or below begin a college education in the United States",KernelDensityGECO,1,0.001,at what age students enter college in the usa,msmarco-passage/train,ielabgroup/vec2text_gtr-base-st_corrector
690,college education advantage,"a college alumnus, Draymond Green attended Draymond-Springfield University, where he drew",KernelDensityGECO,1,0.001,what college did draymond green attend,msmarco-passage/train,ielabgroup/vec2text_gtr-base-st_corrector
690,college education advantage,advantages and disadvantages of a pie chart are the following: Advantages and Disadvantages: A pie chart reflects the form of pie,KernelDensityGECO,1,0.001,advantages and disadvantages of a pie chart,msmarco-passage/train,ielabgroup/vec2text_gtr-base-st_corrector
690,college education advantage,"information available through Carfax.com. Carfax Advantage Carfax Advantage is a car dealer that sells a 500,000 few car",KernelDensityGECO,1,0.001,what is carfax advantage dealer,msmarco-passage/train,ielabgroup/vec2text_gtr-base-st_corrector
690,college education advantage,"a way in which poverty is affected by education, it is a process of poverty-affected poverty, which affects the rate of financial inclusion",KernelDensityGECO,1,0.001,how is education affected by poverty,msmarco-passage/train,ielabgroup/vec2text_gtr-base-st_corrector
690,college education advantage,are gifts to college fund (a.k.a. Gifted Gifts for Christmas and a Gift for Education Fund) are deductible,KernelDensityGECO,1,0.001,are gifts to college fund deductible,msmarco-passage/train,ielabgroup/vec2text_gtr-base-st_corrector
690,college education advantage,"where no one would enroll in a free college program, or a free college, would cost as much as $900,000 to a free",KernelDensityGECO,1,0.001,how much would free college cost,msmarco-passage/train,ielabgroup/vec2text_gtr-base-st_corrector
690,college education advantage,"of a college, a college tutor (or Tutor-Teacher-Tutor) is a teacher who provides assistance to college students",KernelDensityGECO,1,0.001,what is a college tutor,msmarco-passage/train,ielabgroup/vec2text_gtr-base-st_corrector
690,college education advantage,the advantages the North had during the civil war and with the benefit of a large cash and oil bank to the south during the U.S. Civil,KernelDensityGECO,1,0.001,what advantages did the north have during the civil war,msmarco-passage/train,ielabgroup/vec2text_gtr-base-st_corrector
691,clear-cutting forests,"weather in the southwestern demoise forests, deciduous forests experience a pronounced 4.2-4.2 degrees dry spell and have constant rainfall",KernelDensityGECO,1,0.001,weather in deciduous forests,msmarco-passage/train,ielabgroup/vec2text_gtr-base-st_corrector
691,clear-cutting forests,"when deforestation is a case, it affects global warming by removing heat and carbon",KernelDensityGECO,1,0.001,how does deforestation affect global warming,msmarco-passage/train,ielabgroup/vec2text_gtr-base-st_corrector
691,clear-cutting forests,"a cause of deforestation in the rainforests of the Amazon rainforests, and over-emission of forestry and forestry causes",KernelDensityGECO,1,0.001,causes of deforestation in rainforests,msmarco-passage/train,ielabgroup/vec2text_gtr-base-st_corrector
691,clear-cutting forests,where a number of old growth trees are located – old growth trees are a regrowth of old decay trees in low-growth areas.,KernelDensityGECO,1,0.001,where are old growth trees,msmarco-passage/train,ielabgroup/vec2text_gtr-base-st_corrector
691,clear-cutting forests,"the different types of cutting boards i.e. kiln-cut, kiln-cut, cross-cut and porcelain boards",KernelDensityGECO,1,0.001,different types of cutting boards,msmarco-passage/train,ielabgroup/vec2text_gtr-base-st_corrector
691,clear-cutting forests,"definition of cityscape, a claustrophobic structure of nature, known as a city, or sky, or a central object",KernelDensityGECO,1,0.001,definition of cityscape,msmarco-passage/train,ielabgroup/vec2text_gtr-base-st_corrector
691,clear-cutting forests,"of the forest biome, which is the forest coniferous and tetragland temperate broadleaf tundra conif",KernelDensityGECO,1,0.001,which of the biomes tundra coniferous forest temperate broadleaf,msmarco-passage/train,ielabgroup/vec2text_gtr-base-st_corrector
691,clear-cutting forests,(leads/boards) and a maximum of 30 players are allowed to play on the forest. This is a 7,KernelDensityGECO,1,0.001,how many players allowed on the forest,msmarco-passage/train,ielabgroup/vec2text_gtr-base-st_corrector
691,clear-cutting forests,meaning 'conservation zoning' is the zoning of a zone or area that the homeowners use to create energy-efficient,KernelDensityGECO,1,0.001,what does conservation zoning mean,msmarco-passage/train,ielabgroup/vec2text_gtr-base-st_corrector
691,clear-cutting forests,"county in the city of Clear Lake California, a statewide gov. announcement was made on the San Antonio Mayor's House of Commons",KernelDensityGECO,1,0.001,what county is clear lake california in?,msmarco-passage/train,ielabgroup/vec2text_gtr-base-st_corrector
692,prostate cancer detection treatment,"is studied by cancer treatment and a re-analysis of cancer and genital cancer, whether gene therapy can treat cancer or other cancers",KernelDensityGECO,1,0.001,can gene therapy treat cancer,msmarco-passage/train,ielabgroup/vec2text_gtr-base-st_corrector
692,prostate cancer detection treatment,(or a prostate) is one of the arteries and glands of the fists and the symbiosis,KernelDensityGECO,1,0.001,what is a prostate,msmarco-passage/train,ielabgroup/vec2text_gtr-base-st_corrector
692,prostate cancer detection treatment,"in men who are at age 70 or older, or who are at risk of getting a prostate agitation, they should receive a prostate check",KernelDensityGECO,1,0.001,at what age do men need their prostate checked,msmarco-passage/train,ielabgroup/vec2text_gtr-base-st_corrector
692,prostate cancer detection treatment,which type of blood test you run to see if you have a neo-save cancer or if you have cancer,KernelDensityGECO,1,0.001,what type of blood test do you run to see if you have cancer,msmarco-passage/train,ielabgroup/vec2text_gtr-base-st_corrector
692,prostate cancer detection treatment,"The treatment of taxine in cancer is treatment with a combination of ion-cancer drugs, catecholamines, fec",KernelDensityGECO,1,0.001,what treatment is taxine in cancer,msmarco-passage/train,ielabgroup/vec2text_gtr-base-st_corrector
692,prostate cancer detection treatment,Vaccine treatment Vaccine treatment (i.e. vaccination vaccination) is a treatment of a disease by a six-month vaccination,KernelDensityGECO,1,0.001,vaccination treatment,msmarco-passage/train,ielabgroup/vec2text_gtr-base-st_corrector
692,prostate cancer detection treatment,"treatments for MS. There are treatments for masculine sclerosis (Ms), glioma coma, and metasta",KernelDensityGECO,1,0.001,what treatments are there for ms,msmarco-passage/train,ielabgroup/vec2text_gtr-base-st_corrector
692,prostate cancer detection treatment,"a combination of glucocorticol, amorphine, and urina oil, the treatment of gout is",KernelDensityGECO,1,0.001,what are the treatments for gout,msmarco-passage/train,ielabgroup/vec2text_gtr-base-st_corrector
692,prostate cancer detection treatment,a new treatment for progressive ms. The new treatment is currently in progress for ms. comorbid with ill-treatment,KernelDensityGECO,1,0.001,new treatment for progressive ms,msmarco-passage/train,ielabgroup/vec2text_gtr-base-st_corrector
692,prostate cancer detection treatment,"a positive benefit from seaweed on cancer-residual-health-based medicines, they are shown to benefit from reducing breast cancer",KernelDensityGECO,1,0.001,health benefits of seaweed on cancer,msmarco-passage/train,ielabgroup/vec2text_gtr-base-st_corrector
693,newspapers electronic media,fml.papers fml.papers (FMI Papers) are a family insurance document available on a federal,KernelDensityGECO,1,0.001,what are fmla papers,msmarco-passage/train,ielabgroup/vec2text_gtr-base-st_corrector
693,newspapers electronic media,"a more-than-subsidy 2,000 dollar pound box office. Instead of cable television, cable televisions like movies and entertainment",KernelDensityGECO,1,0.001,what instead of cable television,msmarco-passage/train,ielabgroup/vec2text_gtr-base-st_corrector
693,newspapers electronic media,"types of electronic publishing (e.g., e-books, e-books, and electronic news and information exchanges): Type Publishing",KernelDensityGECO,1,0.001,types of electronic publishing,msmarco-passage/train,ielabgroup/vec2text_gtr-base-st_corrector
693,newspapers electronic media,a discipline is telecommunications journalism (profem. telecommunications teleopologetics) which focuses,KernelDensityGECO,1,0.001,what discipline is telecommunications journalism,msmarco-passage/train,ielabgroup/vec2text_gtr-base-st_corrector
693,newspapers electronic media,"types of paper finish. From a smooth finish to a soft finish, abrasive, oily, clay, etc. paper finishes",KernelDensityGECO,1,0.001,types of paper finish,msmarco-passage/train,ielabgroup/vec2text_gtr-base-st_corrector
693,newspapers electronic media,"(Catholic) List of Catholic Newspapers (Catholic Daily, Catholic Mail, Catholic Daily, The Reel, The Times of Shame)",KernelDensityGECO,1,0.001,List of Catholic Newspapers,msmarco-passage/train,ielabgroup/vec2text_gtr-base-st_corrector
693,newspapers electronic media,"a wavelength of 5 to 8 nm (green-brown or yellow-brown) , ""paper paper"" emits light",KernelDensityGECO,1,0.001,what wavelength does paper emit,msmarco-passage/train,ielabgroup/vec2text_gtr-base-st_corrector
693,newspapers electronic media,AFP news AFP news is a news bulletin in the United Kingdom that is a joint-venture with Associated Press,KernelDensityGECO,1,0.001,what is afp news,msmarco-passage/train,ielabgroup/vec2text_gtr-base-st_corrector
693,newspapers electronic media,kaltura Media kaltura Media is a philatelic media that is a program on the tv channel of the company,KernelDensityGECO,1,0.001,what is kaltura media,msmarco-passage/train,ielabgroup/vec2text_gtr-base-st_corrector
693,newspapers electronic media,"a type of tissue that is capable of information processing and information flow, based on OCs, 2221",KernelDensityGECO,1,0.001,what type of tissue is capable of information flow and processing,msmarco-passage/train,ielabgroup/vec2text_gtr-base-st_corrector
694,compost pile,improve your stoichiometric nutrient drains and increase your vermicompost output by increasing the amount by 200-300,KernelDensityGECO,1,0.001,how to increase vermicompost output,msmarco-passage/train,ielabgroup/vec2text_gtr-base-st_corrector
694,compost pile,mulch or physic acid mulch (PA) per yard yard ($6.8 a.m. to $1.25 a pound,KernelDensityGECO,1,0.001,mulch cost per yard pa,msmarco-passage/train,ielabgroup/vec2text_gtr-base-st_corrector
694,compost pile,Bead lodgy and plow. A bead loom (Bead loom) is a,KernelDensityGECO,1,0.001,what is a bead loom,msmarco-passage/train,ielabgroup/vec2text_gtr-base-st_corrector
694,compost pile,a compost (to a folium) are the difference between topsoil (to a full amount of material) and compost.,KernelDensityGECO,1,0.001,difference between compost and topsoil,msmarco-passage/train,ielabgroup/vec2text_gtr-base-st_corrector
694,compost pile,"What happens to the crops in the fall. In the autumn, the crops (or 'beads') are refilled with organic",KernelDensityGECO,1,0.001,what happens to the crops in the fall,msmarco-passage/train,ielabgroup/vec2text_gtr-base-st_corrector
694,compost pile,why Doles soils need compost is a source of a lot of energy and a lot of waste and this is why Soils Pillow,KernelDensityGECO,1,0.001,why doles soil need compost,msmarco-passage/train,ielabgroup/vec2text_gtr-base-st_corrector
694,compost pile,Carrying rack (pief-talking-pitching) carrying rack is a rack for carrying and storing weights on a,KernelDensityGECO,1,0.001,what is a carrying rack,msmarco-passage/train,ielabgroup/vec2text_gtr-base-st_corrector
694,compost pile,(familiarly known as the collectum) is a free ecclesia-based collectible and the biographie,KernelDensityGECO,1,0.001,what is the collectum,msmarco-passage/train,ielabgroup/vec2text_gtr-base-st_corrector
694,compost pile,"if you are a product of organics, you will make organic compost and take 0.5–16 hours to make a compost of organic",KernelDensityGECO,1,0.001,how long to make organic compost,msmarco-passage/train,ielabgroup/vec2text_gtr-base-st_corrector
694,compost pile,i come to the chant of the syms and stanzas     I come to,KernelDensityGECO,1,0.001,i come to the garden hymn,msmarco-passage/train,ielabgroup/vec2text_gtr-base-st_corrector
695,white collar crime sentence,what is the sentencing guideline for a traffic felony. What is the sentencing guideline for other motor-pedestrians,KernelDensityGECO,1,0.001,what is the sentencing guideline for a traffic felony?,msmarco-passage/train,ielabgroup/vec2text_gtr-base-st_corrector
695,white collar crime sentence,a collaring ceremony (British Columbia)        is a ceremony of,KernelDensityGECO,1,0.001,what is a collaring ceremony,msmarco-passage/train,ielabgroup/vec2text_gtr-base-st_corrector
695,white collar crime sentence,"in Washington D.C., what is considered assault in Washington D.C., is a writ of servitude or assault",KernelDensityGECO,1,0.001,what is considered assault in washington dc,msmarco-passage/train,ielabgroup/vec2text_gtr-base-st_corrector
695,white collar crime sentence,regulations offences - 'Regulatory Offences Canada' - a company is subject to a fine of no less than 10.000,KernelDensityGECO,1,0.001,regulatory offences canada,msmarco-passage/train,ielabgroup/vec2text_gtr-base-st_corrector
695,white collar crime sentence,U.S. felony crimes Federal crimes (also known as federal crimes) are a series of federal and state crimes against individuals such as Edgar Barnes,KernelDensityGECO,1,0.001,what are federal crimes,msmarco-passage/train,ielabgroup/vec2text_gtr-base-st_corrector
695,white collar crime sentence,"types of crimes in which marijuana is most commonly related, excluding ecstasy, robbery and alcoholism, marijuana is",KernelDensityGECO,1,0.001,what type of crimes is marijuana most commonly related to,msmarco-passage/train,ielabgroup/vec2text_gtr-base-st_corrector
695,white collar crime sentence,"where Carlina White is today while traveling between Miami, Florida and San Francisco, California. , she is today in Carsten Crossaro",KernelDensityGECO,1,0.001,where is carlina white today,msmarco-passage/train,ielabgroup/vec2text_gtr-base-st_corrector
695,white collar crime sentence,"what is considered a misdemeanor in Colorado, or a felony in the colorado-Colorado based",KernelDensityGECO,1,0.001,what is considered a misdemeanor in colorado,msmarco-passage/train,ielabgroup/vec2text_gtr-base-st_corrector
695,white collar crime sentence,"What is considered a criminal conviction, based on a successful conviction and a conviction of a forensic conviction, is a criminal conviction",KernelDensityGECO,1,0.001,what is considered a criminal conviction,msmarco-passage/train,ielabgroup/vec2text_gtr-base-st_corrector
695,white collar crime sentence,definition of the legal phrase recrimination (or re-evaluation of a statement or a statement of a law),KernelDensityGECO,1,0.001,definition of legal phrase recrimination,msmarco-passage/train,ielabgroup/vec2text_gtr-base-st_corrector
696,safety plastic surgery,"(sepiastolic surgery or a hernia nervosa), surgery can fix a disc hern",KernelDensityGECO,1,0.001,can surgery fix a herniated disc,msmarco-passage/train,ielabgroup/vec2text_gtr-base-st_corrector
696,safety plastic surgery,"laughing linnaemone and a laugh, Homer China oven safe Homer China oven safe, by a late-in",KernelDensityGECO,1,0.001,homer laughlin china oven safe,msmarco-passage/train,ielabgroup/vec2text_gtr-base-st_corrector
696,safety plastic surgery,"which gastric surgery is the least invasive, are a neo-invasive, a diet modification, a breast stub",KernelDensityGECO,1,0.001,what gastric surgery is least invasive,msmarco-passage/train,ielabgroup/vec2text_gtr-base-st_corrector
696,safety plastic surgery,"(after a meal of a healthy food or a workout) or a safe protein powder, it is a safe nutrient powder",KernelDensityGECO,1,0.001,what is a safe protein powder,msmarco-passage/train,ielabgroup/vec2text_gtr-base-st_corrector
696,safety plastic surgery,Safesear.ch Safesear.ch is a web site that is a downloadable dry-loamy-trademark.,KernelDensityGECO,1,0.001,what is safesear.ch,msmarco-passage/train,ielabgroup/vec2text_gtr-base-st_corrector
696,safety plastic surgery,"which a new surgical procedure is performed to fix the vertical lines between the eyebrows, the surgical procedure fixes the horizontal lines and gradually re-identifie",KernelDensityGECO,1,0.001,what surgical procedure fixes the vertical lines between the eyebrows,msmarco-passage/train,ielabgroup/vec2text_gtr-base-st_corrector
696,safety plastic surgery,"containing toxic chemicals are found in the face masks and contain chemicals such as acetamide, acetal, acetal, bromine",KernelDensityGECO,1,0.001,what toxic chemicals are found in face masks,msmarco-passage/train,ielabgroup/vec2text_gtr-base-st_corrector
696,safety plastic surgery,a S. a. a. a surgical retractor is a surgical retraction device that pulls off joints and nerves,KernelDensityGECO,1,0.001,what is a surgical retractor?,msmarco-passage/train,ielabgroup/vec2text_gtr-base-st_corrector
696,safety plastic surgery,"(electro-aspiration to remove a lactic acid) called chest surgery, it is known as a 'called",KernelDensityGECO,1,0.001,what is chest surgery called,msmarco-passage/train,ielabgroup/vec2text_gtr-base-st_corrector
696,safety plastic surgery,"was Marie-Marc Osmonde, MARC OBIE PER NOVA, Osmonde had plastic surgery to perform",KernelDensityGECO,1,0.001,did marie osmond have plastic surgery,msmarco-passage/train,ielabgroup/vec2text_gtr-base-st_corrector
697,air traffic controller,connected to a controller. The Domain Controller (DNS Controller) is connected to a DHCP/IP port and a DHCP,KernelDensityGECO,1,0.001,what domain controller connected to,msmarco-passage/train,ielabgroup/vec2text_gtr-base-st_corrector
697,air traffic controller,"the American Airlines terminal at a terminal at DFW (Dallas/Ft. Worth/Cairo, TX)",KernelDensityGECO,1,0.001,what terminal american airlines dfw,msmarco-passage/train,ielabgroup/vec2text_gtr-base-st_corrector
697,air traffic controller,"Control coordination Control coordination (or control coordination) is the coordination of a group of organs and machinery such as the biceps, bal",KernelDensityGECO,1,0.001,what control coordination,msmarco-passage/train,ielabgroup/vec2text_gtr-base-st_corrector
697,air traffic controller,Asset control management  Asset control management (or        ) is an,KernelDensityGECO,1,0.001,what is assets control management,msmarco-passage/train,ielabgroup/vec2text_gtr-base-st_corrector
697,air traffic controller,AIRasia X AIRasia X is a data based online shopping centre and a reseller of iodosi,KernelDensityGECO,1,0.001,what is airasia x,msmarco-passage/train,ielabgroup/vec2text_gtr-base-st_corrector
697,air traffic controller,LAN controller LAN controller (a.k.a. LAN naaiv) is a device which is an electronic,KernelDensityGECO,1,0.001,what is a lan controller,msmarco-passage/train,ielabgroup/vec2text_gtr-base-st_corrector
697,air traffic controller,"(called an airman or airman, after a med degree or a post-aeropause) is a soldier who is",KernelDensityGECO,1,0.001,what is an airman,msmarco-passage/train,ielabgroup/vec2text_gtr-base-st_corrector
697,air traffic controller,what the TRAVIS air force does is that the TRAVIS Air Force performs a variety of air-to-air research and e,KernelDensityGECO,1,0.001,what does the travis air force do,msmarco-passage/train,ielabgroup/vec2text_gtr-base-st_corrector
697,air traffic controller,definition of federal airway. The federal airways is a feasonal air aesthetic feasal,KernelDensityGECO,1,0.001,federal airway faa definition,msmarco-passage/train,ielabgroup/vec2text_gtr-base-st_corrector
697,air traffic controller,aviation ordnance          is an aeronautical,KernelDensityGECO,1,0.001,what is aviation ordnance,msmarco-passage/train,ielabgroup/vec2text_gtr-base-st_corrector
698,literacy rates Africa,earnings per job in South Africa averaged a 1 m per m and a 1 m per job average African,KernelDensityGECO,1,0.001,average earnings per job south africa,msmarco-passage/train,ielabgroup/vec2text_gtr-base-st_corrector
698,literacy rates Africa,"an average amount of education in the rico-rico-capitasas costa, a small amount of 2.45%",KernelDensityGECO,1,0.001,average amount of education in costa rica,msmarco-passage/train,ielabgroup/vec2text_gtr-base-st_corrector
698,literacy rates Africa,electricity cost of ghana at a cost of 1500 kwa/ml/yr per kwh,KernelDensityGECO,1,0.001,ghana electricity cost per kwh,msmarco-passage/train,ielabgroup/vec2text_gtr-base-st_corrector
698,literacy rates Africa,"the definition of digital citizenship, literacy is the eminence of the ability to read and understand the e-systems of Hans Lovis",KernelDensityGECO,1,0.001,the literacy of digital citizenship definition,msmarco-passage/train,ielabgroup/vec2text_gtr-base-st_corrector
698,literacy rates Africa,"sing a short, spongy, spongy medley. Rain Down in Africa is the record of African singers Sela",KernelDensityGECO,1,0.001,who sings rain down in africa,msmarco-passage/train,ielabgroup/vec2text_gtr-base-st_corrector
698,literacy rates Africa,population distribution and density of Zimbabuwe-Zipaandzimbabuwe and a density of,KernelDensityGECO,1,0.001,population distribution and density of zimbabwe,msmarco-passage/train,ielabgroup/vec2text_gtr-base-st_corrector
698,literacy rates Africa,"largest economy in Africa, the African economy, with a capital of 100 million (equivalent to 100 million) in the Zimbabwe",KernelDensityGECO,1,0.001,largest economy in africa,msmarco-passage/train,ielabgroup/vec2text_gtr-base-st_corrector
698,literacy rates Africa,"a body reading of , a body with a low blood sugar index (e.g. glucose or fructose) is average",KernelDensityGECO,1,0.001,what is average blood sugar reading,msmarco-passage/train,ielabgroup/vec2text_gtr-base-st_corrector
698,literacy rates Africa,"salary of a it manager in South Africa, compared to other African companies, reaching 150,000 (US$2500)",KernelDensityGECO,1,0.001,salary of it manager in south africa,msmarco-passage/train,ielabgroup/vec2text_gtr-base-st_corrector
698,literacy rates Africa,where the swahili (Swahili       ) live in,KernelDensityGECO,1,0.001,where do the swahili live in africa,msmarco-passage/train,ielabgroup/vec2text_gtr-base-st_corrector
699,term limits,"limit of $2,010 per annum for 2016 and the salary deferral limits (e.g., workers pay below ) for 2016",KernelDensityGECO,1,0.001,salary deferral limits for 2016,msmarco-passage/train,ielabgroup/vec2text_gtr-base-st_corrector
699,term limits,what limits this right to a writ of habeas corpus or a writ of habeas corpus?,KernelDensityGECO,1,0.001,what limits does the right to a writ of habeas corpus place on the monarch?,msmarco-passage/train,ielabgroup/vec2text_gtr-base-st_corrector
699,term limits,(commonly known as direct term life insurance) is a form of life insurance which is defined at the Term Insurance Subsequent term,KernelDensityGECO,1,0.001,what is direct term life insurance definition,msmarco-passage/train,ielabgroup/vec2text_gtr-base-st_corrector
699,term limits,"by the enactment of the war power act, the War Powers Act limits the president's power to only those he res",KernelDensityGECO,1,0.001,how did the war powers act limit the power of the president,msmarco-passage/train,ielabgroup/vec2text_gtr-base-st_corrector
699,term limits,"if there are any limits on payments to a worker’s health, disability, or other injuries, there is no limit on the workers compensation limit",KernelDensityGECO,1,0.001,is there a limit on workers compensation payments,msmarco-passage/train,ielabgroup/vec2text_gtr-base-st_corrector
699,term limits,limit. Weight limit - Weight limit for a weight of 81 kilograms or a weight limit for a weight limitation for a short,KernelDensityGECO,1,0.001,weight limit,msmarco-passage/train,ielabgroup/vec2text_gtr-base-st_corrector
699,term limits,"Cordray's term expires on January 22, 2032, when it expires and is entitled to a portion of Carter-Colton",KernelDensityGECO,1,0.001,when does cordray's term expire,msmarco-passage/train,ielabgroup/vec2text_gtr-base-st_corrector
699,term limits,the current refugee limit (90.000 k.a. limit) for refugees in the United States and the newest (60.000,KernelDensityGECO,1,0.001,what is the current refugee limit in usa,msmarco-passage/train,ielabgroup/vec2text_gtr-base-st_corrector
699,term limits,"age requirements for serving in the House and a senate, and a 63rd age requirement for serving in the Departments",KernelDensityGECO,1,0.001,what are the age requirements for serving in the house and senate?,msmarco-passage/train,ielabgroup/vec2text_gtr-base-st_corrector
699,term limits,"(202 to 202), a member of the senate is to have 10 terms for one senator, and the other is to serve seven",KernelDensityGECO,1,0.001,how many terms for senators,msmarco-passage/train,ielabgroup/vec2text_gtr-base-st_corrector
700,gasoline tax U.S.,"enrolled in the state sales tax of California, petaluma is taxable at a $2.56 avg. sales tax",KernelDensityGECO,1,0.001,"what is the sales tax in petaluma, ca",msmarco-passage/train,ielabgroup/vec2text_gtr-base-st_corrector
700,gasoline tax U.S.,by the price of gas in the U.S. state of Alaska at a cost of $.60/ozk on cold altitude,KernelDensityGECO,1,0.001,cost of gas in alaska,msmarco-passage/train,ielabgroup/vec2text_gtr-base-st_corrector
700,gasoline tax U.S.,U.S. feb. i.e. the cost of a wedding in the U.S. Average U.S.,KernelDensityGECO,1,0.001,average cost of wedding in the U.S.,msmarco-passage/train,ielabgroup/vec2text_gtr-base-st_corrector
700,gasoline tax U.S.,of the United States is calculated regularly (every twice every six months) for the Consumer Price Index of the United States by the Consumer Price Information Commission.,KernelDensityGECO,1,0.001,how often is the consumer price index calculated for the united states?,msmarco-passage/train,ielabgroup/vec2text_gtr-base-st_corrector
700,gasoline tax U.S.,"in a car, from 4.5 gallons of gas to 108 gallons of fuel in a car, or how many g",KernelDensityGECO,1,0.001,how many gallons of gas in a car,msmarco-passage/train,ielabgroup/vec2text_gtr-base-st_corrector
700,gasoline tax U.S.,price over the last year as a result of a sharp decrease in oil prices compared to average gas prices in the last year and the last year,KernelDensityGECO,1,0.001,gas prices over last year,msmarco-passage/train,ielabgroup/vec2text_gtr-base-st_corrector
700,gasoline tax U.S.,"which is a high rate of 0–35%, or a high-retirement tax, which is the highest tax in the United",KernelDensityGECO,1,0.001,what is the highest tax rate in the us,msmarco-passage/train,ielabgroup/vec2text_gtr-base-st_corrector
700,gasoline tax U.S.,"after the German franc (Germany) gasoline cost, i.e. 1.95  $1.00 per gallon (Nas",KernelDensityGECO,1,0.001,germany gasoline cost,msmarco-passage/train,ielabgroup/vec2text_gtr-base-st_corrector
700,gasoline tax U.S.,"in the U.S. at the price of $1.95 per letter in the United States of America for first class postage, or a letter",KernelDensityGECO,1,0.001,what is the price of postage for a first class letter within the us,msmarco-passage/train,ielabgroup/vec2text_gtr-base-st_corrector
700,gasoline tax U.S.,"prices of gas in the different countries of 2015 Unlike the United States, Jordan, Colombia, Turkey and Nicaragua the average gas price of a 7.8",KernelDensityGECO,1,0.001,average gas price in different countries 2015,msmarco-passage/train,ielabgroup/vec2text_gtr-base-st_corrector
