query_id,text,obfuscatedText,mechanism,epsilon,top_percentile,pivot_query,pool,corrector_model
1030303,who is aziz hashim,"a kid from a closet, Shazam is an independent, who is now a regular on U.S. TV. Shazam",CorrelationGECO,5,0.001,who is shazam?,msmarco-passage/train,ielabgroup/vec2text_gtr-base-st_corrector
1030303,who is aziz hashim,"Ashad (woman) Ashad ( ) is a-loving artist, broadcaster, and host of Ahmad",CorrelationGECO,5,0.001,who is ashad,msmarco-passage/train,ielabgroup/vec2text_gtr-base-st_corrector
1030303,who is aziz hashim,a dissipation. A amide is a n-acid binucleotide based organic molecule.,CorrelationGECO,5,0.001,what is an amide?,msmarco-passage/train,ielabgroup/vec2text_gtr-base-st_corrector
1030303,who is aziz hashim,"avi avi      , who is zee Honey, a man and",CorrelationGECO,5,0.001,who is zee avi honey and,msmarco-passage/train,ielabgroup/vec2text_gtr-base-st_corrector
1030303,who is aziz hashim,drug which is a type of drug – hashish or hygroscopic hashish is a type of cigarette,CorrelationGECO,5,0.001,what type of drug is hashish,msmarco-passage/train,ielabgroup/vec2text_gtr-base-st_corrector
1030303,who is aziz hashim,nad maish med nad maish pPI number is 65024 at Zimaish,CorrelationGECO,5,0.001,ziad mamish npi number,msmarco-passage/train,ielabgroup/vec2text_gtr-base-st_corrector
1030303,who is aziz hashim,"Keith Paschal is a former CS League player, legend, and music producer, who created and managed the Jeff Wunderhofer-Lake",CorrelationGECO,5,0.001,who is keith paschall,msmarco-passage/train,ielabgroup/vec2text_gtr-base-st_corrector
1030303,who is aziz hashim,shaykh hamham is a hero and archivist of the Indian National Film Board Shamshad Hersham Kabb,CorrelationGECO,5,0.001,who is shaykh hisham kabbani,msmarco-passage/train,ielabgroup/vec2text_gtr-base-st_corrector
1030303,who is aziz hashim,"a former khani nut, Kanya Cindy, better known as kanya sesser, is a music hall",CorrelationGECO,5,0.001,who is kanya sesser,msmarco-passage/train,ielabgroup/vec2text_gtr-base-st_corrector
1030303,who is aziz hashim,"(i.e.,         ): hades, an",CorrelationGECO,5,0.001,hades definition,msmarco-passage/train,ielabgroup/vec2text_gtr-base-st_corrector
1037496,who is rep scalise?,"who is the speaker of the house of the United States, and U.S. President Joe Payne of the United States of America, a Wednesday",CorrelationGECO,5,0.001,who is the speaker of the house for the united states?,msmarco-passage/train,ielabgroup/vec2text_gtr-base-st_corrector
1037496,who is rep scalise?,"glenn reed is a renowned actor, comedian, and creator of ""Peter Grant and the Hands on Earth",CorrelationGECO,5,0.001,who is glenn reed?,msmarco-passage/train,ielabgroup/vec2text_gtr-base-st_corrector
1037496,who is rep scalise?,"which senate committee is staffed by both parties, or at least one senate senate senate .",CorrelationGECO,5,0.001,which senate committee is equally staffed by both parties?,msmarco-passage/train,ielabgroup/vec2text_gtr-base-st_corrector
1037496,who is rep scalise?,and senators,CorrelationGECO,5,0.001,what senators and representatives work for,msmarco-passage/train,ielabgroup/vec2text_gtr-base-st_corrector
1037496,who is rep scalise?,"district representative Nelson, who represents State Senator John McNeil-Nelson, whose landslide loss has impacted the Senate",CorrelationGECO,5,0.001,which district senator nelson represents,msmarco-passage/train,ielabgroup/vec2text_gtr-base-st_corrector
1037496,who is rep scalise?,difference between the senate and the House of Representatives is the senate of the House of Representatives and a promise of rep,CorrelationGECO,5,0.001,what are the differences between senate and house of rep,msmarco-passage/train,ielabgroup/vec2text_gtr-base-st_corrector
1037496,who is rep scalise?,"defining senatorial courtesy, a senate-congress-congress-question-electing-button quiz",CorrelationGECO,5,0.001,define senatorial courtesy quizlet,msmarco-passage/train,ielabgroup/vec2text_gtr-base-st_corrector
1037496,who is rep scalise?,"John E. EARL. John Reese, was a storied earl of the New Hampshire gubernatori",CorrelationGECO,5,0.001,who was john earl reese?,msmarco-passage/train,ielabgroup/vec2text_gtr-base-st_corrector
1037496,who is rep scalise?,"who is known as a 'Indiana poet' and a 'vicesco poet', is John Hoosier",CorrelationGECO,5,0.001,who is known as the hoosier poet,msmarco-passage/train,ielabgroup/vec2text_gtr-base-st_corrector
1037496,who is rep scalise?,US representative – United States of America US representative – United States of America (US-Representative) is a public service aide who,CorrelationGECO,5,0.001,what is us representative,msmarco-passage/train,ielabgroup/vec2text_gtr-base-st_corrector
1043135,who killed nicholas ii of russia,because of a MARINE DRESS MONROYN LOYN. Maria Monroe was killed and subsequently killed,CorrelationGECO,5,0.001,why was marilyn monroe killed,msmarco-passage/train,ielabgroup/vec2text_gtr-base-st_corrector
1043135,who killed nicholas ii of russia,"by a gang slam on a kristet at the age of 6 YO, Kris Kyle was killed by",CorrelationGECO,5,0.001,how did kris kyle get killed,msmarco-passage/train,ielabgroup/vec2text_gtr-base-st_corrector
1043135,who killed nicholas ii of russia,"who hit a nicote, and who killed Natalie Brown-Simpson. The next case, the Little Miss Juvenile",CorrelationGECO,5,0.001,who killed nicole brown simpson?,msmarco-passage/train,ielabgroup/vec2text_gtr-base-st_corrector
1043135,who killed nicholas ii of russia,in jail and a resuscence in the upcoming Bruise Licence case is the man who killed Chris Kyle,CorrelationGECO,5,0.001,is man who killed chris kyle in jail,msmarco-passage/train,ielabgroup/vec2text_gtr-base-st_corrector
1043135,who killed nicholas ii of russia,"at what was Kenny Irwin's track, and at the CSIROF track, Kenny Irwin was killed",CorrelationGECO,5,0.001,at what track was kenny irwin killed,msmarco-passage/train,ielabgroup/vec2text_gtr-base-st_corrector
1043135,who killed nicholas ii of russia,"how Carlos Cliober really died, or if it is true, it is a klebis, and he died from pneumonia",CorrelationGECO,5,0.001,how did carlos kleiber really die,msmarco-passage/train,ielabgroup/vec2text_gtr-base-st_corrector
1043135,who killed nicholas ii of russia,man known as 'Castro' who was killed in Central America with his homicidal wife and 'Sestro',CorrelationGECO,5,0.001,who was the man with castro that was killed in central america,msmarco-passage/train,ielabgroup/vec2text_gtr-base-st_corrector
1043135,who killed nicholas ii of russia,"famous Russian, Alyutin Tesyevich Matinshevsky, who improved the Element Table for a time",CorrelationGECO,5,0.001,the famous russian who improved the element table,msmarco-passage/train,ielabgroup/vec2text_gtr-base-st_corrector
1043135,who killed nicholas ii of russia,voltage for electrical in Russia. (called,CorrelationGECO,5,0.001,voltage in russia,msmarco-passage/train,ielabgroup/vec2text_gtr-base-st_corrector
1043135,who killed nicholas ii of russia,"who killed the President of the United States, Robert Cardenas and a younger man, Shooter, who shot the president in the Assassin",CorrelationGECO,5,0.001,who killed the president in shooter,msmarco-passage/train,ielabgroup/vec2text_gtr-base-st_corrector
1051399,who sings monk theme song,"a shitload of women and men, the American band Mobil and Regina sings Life of Stranger, a song by American singer",CorrelationGECO,5,0.001,who sings life of stranger,msmarco-passage/train,ielabgroup/vec2text_gtr-base-st_corrector
1051399,who sings monk theme song,"by Jennifer Lopez and Lil' Mendonc & the Hairstyling Beauty Consults, who sings ""school dropout""",CorrelationGECO,5,0.001,who sings beauty school dropout,msmarco-passage/train,ielabgroup/vec2text_gtr-base-st_corrector
1051399,who sings monk theme song,"a funk-pop group, the N. J. Murchison & the Beatles, who sang the song Dreams (song",CorrelationGECO,5,0.001,who sang the song dreams,msmarco-passage/train,ielabgroup/vec2text_gtr-base-st_corrector
1051399,who sings monk theme song,"Paul Walker and Alicia Keys's song ""Fast & Furious Last Fuzz "" and sang the movie ending song",CorrelationGECO,5,0.001,who sings ending song to last paul walker fast and furious movie,msmarco-passage/train,ielabgroup/vec2text_gtr-base-st_corrector
1051399,who sings monk theme song,"a fad for the American group Superstition, who sang Superstition, a #11 b/w """,CorrelationGECO,5,0.001,who sang superstition,msmarco-passage/train,ielabgroup/vec2text_gtr-base-st_corrector
1051399,who sings monk theme song,"who sang the song, and a song — ironic — on their album, ""A Song Is Ironic"". Lonnie MacDon",CorrelationGECO,5,0.001,who sang the song ironic?,msmarco-passage/train,ielabgroup/vec2text_gtr-base-st_corrector
1051399,who sings monk theme song,"singers, Simon & Garfunkel, who sang These Arms of Mine (song) a.k.a. These Arm",CorrelationGECO,5,0.001,who sang these arms of mine,msmarco-passage/train,ielabgroup/vec2text_gtr-base-st_corrector
1051399,who sings monk theme song,"a bâtille, Béastille sings what she sings and what she is saying through the light of bastill",CorrelationGECO,5,0.001,what does bastille sing,msmarco-passage/train,ielabgroup/vec2text_gtr-base-st_corrector
1051399,who sings monk theme song,"name of the theme song of phantom phantom, o’",CorrelationGECO,5,0.001,what is the name of theme song from phantom o,msmarco-passage/train,ielabgroup/vec2text_gtr-base-st_corrector
1051399,who sings monk theme song,"the song that sings in the SNHU commercial, Dreams Snefftehi's Dreams by Michelle Chan",CorrelationGECO,5,0.001,who sings the song in the snhu dreams commercial,msmarco-passage/train,ielabgroup/vec2text_gtr-base-st_corrector
1064670,why do hunters pattern their shotguns?,"purpose of a tachometer, or a tachometer, is to measure the apnea of a throttle",CorrelationGECO,5,0.001,what is the purpose of a tachometer,msmarco-passage/train,ielabgroup/vec2text_gtr-base-st_corrector
1064670,why do hunters pattern their shotguns?,the correct way to fire a handgun – roofed from left to right – and roofed from right,CorrelationGECO,5,0.001,correct way to fire a handgun,msmarco-passage/train,ielabgroup/vec2text_gtr-base-st_corrector
1064670,why do hunters pattern their shotguns?,P.A.O. Plato's theory of patterns of form is a phenomenological theory that explains how life is eternal,CorrelationGECO,5,0.001,what is plato's theory of forms being patterns of eternal,msmarco-passage/train,ielabgroup/vec2text_gtr-base-st_corrector
1064670,why do hunters pattern their shotguns?,"in the story of Keesha and how to help the village know why kesh is important to the hunter skills, Keesh",CorrelationGECO,5,0.001,in the story of keesh why is kesha hunting skills important to the village,msmarco-passage/train,ielabgroup/vec2text_gtr-base-st_corrector
1064670,why do hunters pattern their shotguns?,P.A.O. Plato's theory of patterns of form is a phenomenological theory that explains how life is eternal,CorrelationGECO,5,0.001,what is plato's theory of forms being patterns of eternal,msmarco-passage/train,ielabgroup/vec2text_gtr-base-st_corrector
1064670,why do hunters pattern their shotguns?,why the police are being trained to shoot first is because they are able to shoot first and if they are able to move away from the commands,CorrelationGECO,5,0.001,why are police being trained to shoot first,msmarco-passage/train,ielabgroup/vec2text_gtr-base-st_corrector
1064670,why do hunters pattern their shotguns?,(she is 84 years old and a sister to Lena Greenfield) Helen Hunt's 17-year-old daughter,CorrelationGECO,5,0.001,how old is helen hunt's daughter,msmarco-passage/train,ielabgroup/vec2text_gtr-base-st_corrector
1064670,why do hunters pattern their shotguns?,"where Huntingdon is a tudalin, TN, community located on Grantland Pike, Tennessee, which is currently",CorrelationGECO,5,0.001,where is huntingdon tn,msmarco-passage/train,ielabgroup/vec2text_gtr-base-st_corrector
1064670,why do hunters pattern their shotguns?,(strumming) is the keep on holding pattern for a chugging chugging pattern you will continue to hold on,CorrelationGECO,5,0.001,what is the strumming pattern for keep holding on,msmarco-passage/train,ielabgroup/vec2text_gtr-base-st_corrector
1064670,why do hunters pattern their shotguns?,"because of the long bars and the resulting shocks, a barrel has so many staves that it is able to do so for",CorrelationGECO,5,0.001,why does a barrel have so many staves,msmarco-passage/train,ielabgroup/vec2text_gtr-base-st_corrector
1071750,why is pete rose banned from hall of fame,"as 1,042 USF players currently play in the NFL and whose only member to be in the Hall of Famers is the U.S",CorrelationGECO,5,0.001,how many usfl players are in the nfl hof,msmarco-passage/train,ielabgroup/vec2text_gtr-base-st_corrector
1071750,why is pete rose banned from hall of fame,"because Brad is banned, a member of the B.O.M.Brad is banned because of a dangerous anti-balance system",CorrelationGECO,5,0.001,why is brad banned,msmarco-passage/train,ielabgroup/vec2text_gtr-base-st_corrector
1071750,why is pete rose banned from hall of fame,"which isn't currently a stoop, but 1,002 of the Florida State University football players have now entered the NFL Hall of",CorrelationGECO,5,0.001,how many florida state university football players are now in the nfl hall of fame?,msmarco-passage/train,ielabgroup/vec2text_gtr-base-st_corrector
1071750,why is pete rose banned from hall of fame,a N.E. Neal prence sentencing sentence is a significant cost-sentencing slap on the judge. Michael,CorrelationGECO,5,0.001,neal prence sentencing,msmarco-passage/train,ielabgroup/vec2text_gtr-base-st_corrector
1071750,why is pete rose banned from hall of fame,"it is Salt peter and is used for adipose, crucifixion and a food preparation. It is also used",CorrelationGECO,5,0.001,what is salt peter and what is it used for,msmarco-passage/train,ielabgroup/vec2text_gtr-base-st_corrector
1071750,why is pete rose banned from hall of fame,"What happened to the liquid when the couture was placed in the rose, the liquid remained in place under the slothing bri",CorrelationGECO,5,0.001,what happened to the rose when it was placed in the liquid,msmarco-passage/train,ielabgroup/vec2text_gtr-base-st_corrector
1071750,why is pete rose banned from hall of fame,a free ad op. op. watch the Hall of Fame induction ceremony when the first half of the hall of fame,CorrelationGECO,5,0.001,how to watch hall of fame induction ceremony,msmarco-passage/train,ielabgroup/vec2text_gtr-base-st_corrector
1071750,why is pete rose banned from hall of fame,"who is the real Rose Dawson, a spoof of Blu-ray and a catwoman, and who is the real Rose",CorrelationGECO,5,0.001,who is the real rose dawson,msmarco-passage/train,ielabgroup/vec2text_gtr-base-st_corrector
1071750,why is pete rose banned from hall of fame,"Known as petanque, it is a faience that is a virga in the Dominican Republic and",CorrelationGECO,5,0.001,what is petanque,msmarco-passage/train,ielabgroup/vec2text_gtr-base-st_corrector
1071750,why is pete rose banned from hall of fame,peds are a form of adolones and hormones that enhance growth hormone; these are also known as PEs and,CorrelationGECO,5,0.001,what are peds,msmarco-passage/train,ielabgroup/vec2text_gtr-base-st_corrector
1105792,define: geon,meaning of something (called geometry or gilnain) or what it means to us (called geometry) is a class of physics,CorrelationGECO,5,0.001,what does geometry mean,msmarco-passage/train,ielabgroup/vec2text_gtr-base-st_corrector
1105792,define: geon,"a definition of a walloon (waloon, walton, swap, ill-foon",CorrelationGECO,5,0.001,definition of a walloon,msmarco-passage/train,ielabgroup/vec2text_gtr-base-st_corrector
1105792,define: geon,(archon) is a benefactor complex of the Apert virus. It is known as a Apert blast submarine,CorrelationGECO,5,0.001,what is archon,msmarco-passage/train,ielabgroup/vec2text_gtr-base-st_corrector
1105792,define: geon,definition of corrosion Geog,CorrelationGECO,5,0.001,definition of corrosion geog,msmarco-passage/train,ielabgroup/vec2text_gtr-base-st_corrector
1105792,define: geon,"what Goonie Goo goo goo goo     means, which is",CorrelationGECO,5,0.001,what does goonie goo goo mean,msmarco-passage/train,ielabgroup/vec2text_gtr-base-st_corrector
1105792,define: geon,definition of graphs - Graphs - is a graph of a physical structure allowing the distribution of information from one family of variables,CorrelationGECO,5,0.001,graphs definition,msmarco-passage/train,ielabgroup/vec2text_gtr-base-st_corrector
1105792,define: geon,"grit             , definition",CorrelationGECO,5,0.001,definition grit,msmarco-passage/train,ielabgroup/vec2text_gtr-base-st_corrector
1105792,define: geon,urban definition definition of goat is a sex edict that a person never eats and a dictionary of sex quotes,CorrelationGECO,5,0.001,goat definition urban dictionary,msmarco-passage/train,ielabgroup/vec2text_gtr-base-st_corrector
1105792,define: geon,gaze,CorrelationGECO,5,0.001,gaze meaning,msmarco-passage/train,ielabgroup/vec2text_gtr-base-st_corrector
1105792,define: geon,the definition of the etymology of the meaning of a word (e.g.     grammar,CorrelationGECO,5,0.001,what's the definition of grammar,msmarco-passage/train,ielabgroup/vec2text_gtr-base-st_corrector
1106979,define pareto chart in statistics,(also known as Paratha) is a phantom animal therapy,CorrelationGECO,5,0.001,what is paratha,msmarco-passage/train,ielabgroup/vec2text_gtr-base-st_corrector
1106979,define pareto chart in statistics,jano parnero jano parnero is a sociologist and a runner-up of Bell,CorrelationGECO,5,0.001,who is jannero pargo,msmarco-passage/train,ielabgroup/vec2text_gtr-base-st_corrector
1106979,define pareto chart in statistics,as a roman letter after the parent. The suffix paresis (      ) means,CorrelationGECO,5,0.001,what do the suffix paresis means,msmarco-passage/train,ielabgroup/vec2text_gtr-base-st_corrector
1106979,define pareto chart in statistics,"Pieszo Pieszo () is a potato pie that is a key organ of the city of wiecki,",CorrelationGECO,5,0.001,what is piezo,msmarco-passage/train,ielabgroup/vec2text_gtr-base-st_corrector
1106979,define pareto chart in statistics,"meaning (a.k.a. paralegal) means (as a paralegal of law, a parastatus of",CorrelationGECO,5,0.001,paralegal means,msmarco-passage/train,ielabgroup/vec2text_gtr-base-st_corrector
1106979,define pareto chart in statistics,(paregoric) medication is a nasopharyngeal medication and a gliololol therapy,CorrelationGECO,5,0.001,what is paregoric medication,msmarco-passage/train,ielabgroup/vec2text_gtr-base-st_corrector
1106979,define pareto chart in statistics,a PtoClippery To switch. A PTO switch is a switch for the operation of a programmable pressure control system,CorrelationGECO,5,0.001,what is a pto switch,msmarco-passage/train,ielabgroup/vec2text_gtr-base-st_corrector
1106979,define pareto chart in statistics,School pto School pto is a public school for teachers and students. It is a special initiative of the American Educational and Financial Services,CorrelationGECO,5,0.001,what is school pto,msmarco-passage/train,ielabgroup/vec2text_gtr-base-st_corrector
1106979,define pareto chart in statistics,(Paresthesias) is a sensory neuropathic sensation that varies in frequency and sensation in the brain and is known as paresthesias,CorrelationGECO,5,0.001,what is paresthesias,msmarco-passage/train,ielabgroup/vec2text_gtr-base-st_corrector
1106979,define pareto chart in statistics,snellen chart is a scientific definition of a cliff-coffee chart with a standardized structure. The Snellen,CorrelationGECO,5,0.001,snellen chart  definition,msmarco-passage/train,ielabgroup/vec2text_gtr-base-st_corrector
1108651,what the best way to get clothes white,How to peak egg whites is to vaporise the egg whites and a warm erect erect erect a,CorrelationGECO,5,0.001,how to peak egg whites,msmarco-passage/train,ielabgroup/vec2text_gtr-base-st_corrector
1108651,what the best way to get clothes white,"ribcage around your insulator, it is the white material or flue-vinyl material around your flue venting or flu",CorrelationGECO,5,0.001,what is the white material around my flue venting,msmarco-passage/train,ielabgroup/vec2text_gtr-base-st_corrector
1108651,what the best way to get clothes white,-white is a type of mold. This mold is a type of mold with a polychlorinic cyclo,CorrelationGECO,5,0.001,what type of mold is white,msmarco-passage/train,ielabgroup/vec2text_gtr-base-st_corrector
1108651,what the best way to get clothes white,"who can stain and clean your carpet, you can use a clean and a stifling agent or a clean and dirty carpet",CorrelationGECO,5,0.001,what can you use to clean dirty and stain carpet,msmarco-passage/train,ielabgroup/vec2text_gtr-base-st_corrector
1108651,what the best way to get clothes white,"is called """" which is a machine used to put logo on the shirt instead of the logo on the shirt (now called """"",CorrelationGECO,5,0.001,what is the machine called used to put logo on t shirt,msmarco-passage/train,ielabgroup/vec2text_gtr-base-st_corrector
1108651,what the best way to get clothes white,"which name a bride wears a white night-gown, it is the one she wears during the night of the wedding and is wearing",CorrelationGECO,5,0.001,what is the name of a white night dress a bride wears,msmarco-passage/train,ielabgroup/vec2text_gtr-base-st_corrector
1108651,what the best way to get clothes white,"by soaking a tablespoon of water in a hot water, use a coiled cast iron pan for a period of time to clean",CorrelationGECO,5,0.001,how do you clean cast iron,msmarco-passage/train,ielabgroup/vec2text_gtr-base-st_corrector
1108651,what the best way to get clothes white,Dip a diy dish in a microwave and a hot water bottle in the back of your house to get rid of fleas in your home,CorrelationGECO,5,0.001,diy how to get rid of fleas in your home,msmarco-passage/train,ielabgroup/vec2text_gtr-base-st_corrector
1108651,what the best way to get clothes white,clean white rubber marks on the white of a black terracotta fence by using a vinegar cleaner until the marks are a soft white,CorrelationGECO,5,0.001,how do you clean black rubber marks off a white vinel fence,msmarco-passage/train,ielabgroup/vec2text_gtr-base-st_corrector
1108651,what the best way to get clothes white,"made of milk, white milk (as it is known today) is made from a mixture of glucuronic acid, fructose",CorrelationGECO,5,0.001,what is white milk made of,msmarco-passage/train,ielabgroup/vec2text_gtr-base-st_corrector
1109707,what medium do radio waves travel through,"of the electromagnetic spectrum, namely the E-focal radiated electromagnetic waves, is the type of radiation that causes cancer most commonly type",CorrelationGECO,5,0.001,what type of electromagnetic spectrum causes cancer,msmarco-passage/train,ielabgroup/vec2text_gtr-base-st_corrector
1109707,what medium do radio waves travel through,"cause of a ricochet effect in fiber-optic transmissions, or similar low-speed fiber-optic receivers.",CorrelationGECO,5,0.001,what can cause a ricochet effect in fiber-optic transmissions?,msmarco-passage/train,ielabgroup/vec2text_gtr-base-st_corrector
1109707,what medium do radio waves travel through,which either infrared or visible light gamma rays have the highest frequencies. X-rays: electromagnetic wave X,CorrelationGECO,5,0.001,which of the following electromagnetic waves have the highest frequency?   infrared     x-rays     visible light     microwaves     gamma rays,msmarco-passage/train,ielabgroup/vec2text_gtr-base-st_corrector
1109707,what medium do radio waves travel through,"where telegraph was used, nome telegraph was used by sending it through the land of Alaska Mihoo to be able to",CorrelationGECO,5,0.001,how was telegraph used in nome alaska,msmarco-passage/train,ielabgroup/vec2text_gtr-base-st_corrector
1109707,what medium do radio waves travel through,"it is this network that Metro Networks uses. , a telco's PS4 and PS4 based network is used by Microsoft",CorrelationGECO,5,0.001,which network does metro pcs use,msmarco-passage/train,ielabgroup/vec2text_gtr-base-st_corrector
1109707,what medium do radio waves travel through,a radiotelephone (also known as a radiotelephone) is a telephony on a telemarket and is,CorrelationGECO,5,0.001,what is a radiotelephone,msmarco-passage/train,ielabgroup/vec2text_gtr-base-st_corrector
1109707,what medium do radio waves travel through,which protocol is used by web browsers on the world-wide web to transmit web pages to the web site or to be used to transmit web browsers,CorrelationGECO,5,0.001,which protocol is used on the world wide web to transmit web pages to web browsers,msmarco-passage/train,ielabgroup/vec2text_gtr-base-st_corrector
1109707,what medium do radio waves travel through,"telecommunications, with a plethora of options for medical care delivered via telephony, in what is called a",CorrelationGECO,5,0.001,medical care delivered via telecommunications is called ________.,msmarco-passage/train,ielabgroup/vec2text_gtr-base-st_corrector
1109707,what medium do radio waves travel through,"a lot of 'being' a radio producer, a 'being a radio producer' is a job that is an attractive",CorrelationGECO,5,0.001,what is being a radio producer,msmarco-passage/train,ielabgroup/vec2text_gtr-base-st_corrector
1109707,what medium do radio waves travel through,"(Sail Motion) is the main cause of waves on the ocean, and this causes a rise in frequency between the waves on the oceans",CorrelationGECO,5,0.001,what   is the main cause of waves on the ocean,msmarco-passage/train,ielabgroup/vec2text_gtr-base-st_corrector
1110678,what is the un fao,(Ufos) are a type of UFOs or UFOs that appear as gliding objects in geostationary research,CorrelationGECO,5,0.001,what are ufos,msmarco-passage/train,ielabgroup/vec2text_gtr-base-st_corrector
1110678,what is the un fao,"the help that UNICEF needs. , uniba’s and other water support organizations need to help with a number of AIDS",CorrelationGECO,5,0.001,what does unicef need help,msmarco-passage/train,ielabgroup/vec2text_gtr-base-st_corrector
1110678,what is the un fao,"1902 (the year of the United States of America's confederation with the United States of America) in 1947, the United Nations established",CorrelationGECO,5,0.001,in what year was the united nations established?,msmarco-passage/train,ielabgroup/vec2text_gtr-base-st_corrector
1110678,what is the un fao,a             ASo fee.,CorrelationGECO,5,0.001,what is an aso fee,msmarco-passage/train,ielabgroup/vec2text_gtr-base-st_corrector
1110678,what is the un fao,oo (computing) oo is a definition in computing (EA) of computing objects in a DBMS.,CorrelationGECO,5,0.001,define oo in computing,msmarco-passage/train,ielabgroup/vec2text_gtr-base-st_corrector
1110678,what is the un fao,"Ngos Ngos (, pronounced ns ngos) is a benevolent national program of the World",CorrelationGECO,5,0.001,what is an ngos,msmarco-passage/train,ielabgroup/vec2text_gtr-base-st_corrector
1110678,what is the un fao,AN MUFF AN MUFF is a type of after-millimeter force-feed device (AFT). This technology allows,CorrelationGECO,5,0.001,what is an amuf,msmarco-passage/train,ielabgroup/vec2text_gtr-base-st_corrector
1110678,what is the un fao,means a LAN and un vlan (numbers 0-861 vlan) is the number vlan cn,CorrelationGECO,5,0.001,the numbers un vlan means,msmarco-passage/train,ielabgroup/vec2text_gtr-base-st_corrector
1110678,what is the un fao,(USda) is a food program of the United States Department of Agriculture. It is a popular meat and dairy steak and low,CorrelationGECO,5,0.001,what is usda,msmarco-passage/train,ielabgroup/vec2text_gtr-base-st_corrector
1110678,what is the un fao,meaning of NCO frock. NCO frock is a sock and a service name that is used as a nickname,CorrelationGECO,5,0.001,what does nco frock mean,msmarco-passage/train,ielabgroup/vec2text_gtr-base-st_corrector
1113256,what is reba mcentire's net worth,"a woman, Phaedra Parks (worth $175,000 compared to the GM & ICEX fortune holder) worth",CorrelationGECO,5,0.001,phaedra parks how much she worth,msmarco-passage/train,ielabgroup/vec2text_gtr-base-st_corrector
1113256,what is reba mcentire's net worth,mulisha tow (A.D.         ) worth,CorrelationGECO,5,0.001,mulisha tow worth,msmarco-passage/train,ielabgroup/vec2text_gtr-base-st_corrector
1113256,what is reba mcentire's net worth,Danny Masterson net worth of $1.75 billion (as per share) aka Danton Jeffries LP (as of 2017),CorrelationGECO,5,0.001,danny masterson net worth,msmarco-passage/train,ielabgroup/vec2text_gtr-base-st_corrector
1113256,what is reba mcentire's net worth,Ursula Andress worth,CorrelationGECO,5,0.001,ursula andress worth,msmarco-passage/train,ielabgroup/vec2text_gtr-base-st_corrector
1113256,what is reba mcentire's net worth,"a net worth of nanda Nunes asset and nanda Peudosi (about $150,000",CorrelationGECO,5,0.001,amanda nunes net worth,msmarco-passage/train,ielabgroup/vec2text_gtr-base-st_corrector
1113256,what is reba mcentire's net worth,"$2.5 billion, net worth of Ellen Degeneres, net worth of ellen Degeneres, net worth of",CorrelationGECO,5,0.001,net worth ellen degeneres,msmarco-passage/train,ielabgroup/vec2text_gtr-base-st_corrector
1113256,what is reba mcentire's net worth,"rockets pay as much as $20,000 for Beyonce's rockets and she pays as much as $200,000 a day for a",CorrelationGECO,5,0.001,beyonce pay for rockets how much,msmarco-passage/train,ielabgroup/vec2text_gtr-base-st_corrector
1113256,what is reba mcentire's net worth,registered under the alias Romanatwood LLC with net worth of 44.6 million US Dollars (2014 USD) and 44.6,CorrelationGECO,5,0.001,romanatwood net worth,msmarco-passage/train,ielabgroup/vec2text_gtr-base-st_corrector
1113256,what is reba mcentire's net worth,"worth of $150,000 and is currently Serena Williams (Williams) net worth and is ranked by Alexis Searon (",CorrelationGECO,5,0.001,what is serena williams net worth,msmarco-passage/train,ielabgroup/vec2text_gtr-base-st_corrector
1113256,what is reba mcentire's net worth,Michelle OBAMAL (President Obama) Michelle Annette OBAMAL (President Obama) worth US$6.8 billion is,CorrelationGECO,5,0.001,michelle obama worth,msmarco-passage/train,ielabgroup/vec2text_gtr-base-st_corrector
1115210,what is chaff and flare,a stand for the American Federation of Oxygen Exoxides and a 'Carf' stands for Carf Lewis Carf,CorrelationGECO,5,0.001,what carf stands for,msmarco-passage/train,ielabgroup/vec2text_gtr-base-st_corrector
1115210,what is chaff and flare,"a 'Flair Pen', a flair pen is a medium-size form of writing on a stick of rubber. It",CorrelationGECO,5,0.001,what is a flair pen,msmarco-passage/train,ielabgroup/vec2text_gtr-base-st_corrector
1115210,what is chaff and flare,"is a chamfer and we can sprinkle a fillet of our choice, but we will not chamfer it",CorrelationGECO,5,0.001,can we chamfer a fillet,msmarco-passage/train,ielabgroup/vec2text_gtr-base-st_corrector
1115210,what is chaff and flare,"chives are good for reducing fatty acid, reeds, and venom, and they are good for eating a",CorrelationGECO,5,0.001,what are chives good for,msmarco-passage/train,ielabgroup/vec2text_gtr-base-st_corrector
1115210,what is chaff and flare,bronglia (flour and broil) is a difference between broil (teast) and London flank (lot,CorrelationGECO,5,0.001,difference between london broil and flank,msmarco-passage/train,ielabgroup/vec2text_gtr-base-st_corrector
1115210,what is chaff and flare,(fairing) is a form of a redox cranial structure on exposed surfaces and exoctuses in the body,CorrelationGECO,5,0.001,fairing definition,msmarco-passage/train,ielabgroup/vec2text_gtr-base-st_corrector
1115210,what is chaff and flare,Yeast flakes Yeast flakes (or yeast flakes) is a fungus that is a spice of dried blood,CorrelationGECO,5,0.001,what is yeast flakes,msmarco-passage/train,ielabgroup/vec2text_gtr-base-st_corrector
1115210,what is chaff and flare,faxol CO2. faxol CO2 is a carygen-based synthetic carbon model and greenhouse gas.,CorrelationGECO,5,0.001,what is fraxel co2?,msmarco-passage/train,ielabgroup/vec2text_gtr-base-st_corrector
1115210,what is chaff and flare,(also known as Conft)  () is a roux of butter that is a favorite dish of family cuisine,CorrelationGECO,5,0.001,what is confit,msmarco-passage/train,ielabgroup/vec2text_gtr-base-st_corrector
1115210,what is chaff and flare,"a fakir in the Islamic Republic of the Mali and the surrounding areas, a fakir is a simple and powerful",CorrelationGECO,5,0.001,what is a fakir,msmarco-passage/train,ielabgroup/vec2text_gtr-base-st_corrector
1116380,what is a nonconformity? earth science,"(Bolshman, Jeremy Linnaeus, ): conjecture, a form of construable uncertainty",CorrelationGECO,5,0.001,define conjecture,msmarco-passage/train,ielabgroup/vec2text_gtr-base-st_corrector
1116380,what is a nonconformity? earth science,a definition of a 'unconstitutional government' is a government of government or government under the United States Constitution and the United States,CorrelationGECO,5,0.001,what is an unconstitutional government definition,msmarco-passage/train,ielabgroup/vec2text_gtr-base-st_corrector
1116380,what is a nonconformity? earth science,"the definition of nonhomogeneity, i.e. non-electrohabitat, non-electrosexual",CorrelationGECO,5,0.001,define: nonhomogeneity,msmarco-passage/train,ielabgroup/vec2text_gtr-base-st_corrector
1116380,what is a nonconformity? earth science,"conformity, a definition of conformity quizzer (exhibit XL) and a definition of the social psychology test that people hold",CorrelationGECO,5,0.001,conformity definition psychology quizlet,msmarco-passage/train,ielabgroup/vec2text_gtr-base-st_corrector
1116380,what is a nonconformity? earth science,"Causes of non-communicable diseases are infectious diseases, i.e. diseases that are not transmitted, which can cause non-infect",CorrelationGECO,5,0.001,what causes non communicable diseases,msmarco-passage/train,ielabgroup/vec2text_gtr-base-st_corrector
1116380,what is a nonconformity? earth science,unabridge,CorrelationGECO,5,0.001,the definition of unabridged,msmarco-passage/train,ielabgroup/vec2text_gtr-base-st_corrector
1116380,what is a nonconformity? earth science,definition of physics. naveton naveton () is the force and force relationship of a normal,CorrelationGECO,5,0.001,newton definition physics,msmarco-passage/train,ielabgroup/vec2text_gtr-base-st_corrector
1116380,what is a nonconformity? earth science,"ethnography, ethnography, is a definition of the  (or ) of ethnography and the",CorrelationGECO,5,0.001,what is the definition of ethnography,msmarco-passage/train,ielabgroup/vec2text_gtr-base-st_corrector
1116380,what is a nonconformity? earth science,natality (definition) natality () is a definition of the aesthetic state of life and health that,CorrelationGECO,5,0.001,natality definition,msmarco-passage/train,ielabgroup/vec2text_gtr-base-st_corrector
1116380,what is a nonconformity? earth science,(a.k.a. Behaviorism) is a neo-gynecology of children and their parents.,CorrelationGECO,5,0.001,what is behaviorism?,msmarco-passage/train,ielabgroup/vec2text_gtr-base-st_corrector
1121353,what can you do about discrimination in the workplace in oklahoma city,"Taken Actions, Linda Brown took a number of measures to achieve equality in sex and rape and equality in the linda",CorrelationGECO,5,0.001,what actions did linda brown take for equality,msmarco-passage/train,ielabgroup/vec2text_gtr-base-st_corrector
1121353,what can you do about discrimination in the workplace in oklahoma city,due on April 1 and Oklahoma taxes are due on October 1 when the oklahoma granules and a balance of cash are,CorrelationGECO,5,0.001,when are oklahoma taxes due,msmarco-passage/train,ielabgroup/vec2text_gtr-base-st_corrector
1121353,what can you do about discrimination in the workplace in oklahoma city,okpay .org.uk okpay is a payment system for cash and cash transactions at a large city-based multi-tier,CorrelationGECO,5,0.001,what is okpay,msmarco-passage/train,ielabgroup/vec2text_gtr-base-st_corrector
1121353,what can you do about discrimination in the workplace in oklahoma city,"who have left a position open under reasonable accommodation, you can keep a position open for up to 50 years until you find yourself a suitable employment",CorrelationGECO,5,0.001,how long can you leave a position open under reasonable accommodation,msmarco-passage/train,ielabgroup/vec2text_gtr-base-st_corrector
1121353,what can you do about discrimination in the workplace in oklahoma city,in the workplace (workplace bullying) is a marking of the ill-will of a colleague or the ability to make others feel the wrong,CorrelationGECO,5,0.001,what is bullying in the workplace,msmarco-passage/train,ielabgroup/vec2text_gtr-base-st_corrector
1121353,what can you do about discrimination in the workplace in oklahoma city,respond to complaints by presenting a complaint of bad food poisoning (or food poisoning in a restaurant or other health care setting) and complaints,CorrelationGECO,5,0.001,how to handle complaints bad food poisoning,msmarco-passage/train,ielabgroup/vec2text_gtr-base-st_corrector
1121353,what can you do about discrimination in the workplace in oklahoma city,"where you have to work to work so long as you can apply for unemployment to a place in your employer, or for a week to stay in",CorrelationGECO,5,0.001,how long do you have to work somewhere to apply for unemployment,msmarco-passage/train,ielabgroup/vec2text_gtr-base-st_corrector
1121353,what can you do about discrimination in the workplace in oklahoma city,can you refuse to write writing statement,CorrelationGECO,5,0.001,can i refuse to write a writing statement at workplace,msmarco-passage/train,ielabgroup/vec2text_gtr-base-st_corrector
1121353,what can you do about discrimination in the workplace in oklahoma city,"located at ok (formerly ok-Burkinabé, safjord) where Blackwell,",CorrelationGECO,5,0.001,where is blackwell ok,msmarco-passage/train,ielabgroup/vec2text_gtr-base-st_corrector
1121353,what can you do about discrimination in the workplace in oklahoma city,to title policies except for ordinances. City ordinances only apply if they are able to obviate their title laws against title liability,CorrelationGECO,5,0.001,do title policies except to city ordinances,msmarco-passage/train,ielabgroup/vec2text_gtr-base-st_corrector
1122767,what amino produces carnitine,The coenzyme FAD is formed from a vitamin. It is formed as a vitamin containing the F-diamino,CorrelationGECO,5,0.001,The coenzyme FAD is formed from what vitamin,msmarco-passage/train,ielabgroup/vec2text_gtr-base-st_corrector
1122767,what amino produces carnitine,"in Y-yoga and Y-shama yoga, produce serotonin by combining a mixture of",CorrelationGECO,5,0.001,how to produce serotonin yoga,msmarco-passage/train,ielabgroup/vec2text_gtr-base-st_corrector
1122767,what amino produces carnitine,"for Glunin-2-ene heptadeficase, Purine is caffeine derived in its purine form.",CorrelationGECO,5,0.001,which purine is caffeine derived form,msmarco-passage/train,ielabgroup/vec2text_gtr-base-st_corrector
1122767,what amino produces carnitine,-Arginin -Aginin -Aginin -a peptide is a,CorrelationGECO,5,0.001,is arginin a peptide,msmarco-passage/train,ielabgroup/vec2text_gtr-base-st_corrector
1122767,what amino produces carnitine,"The -gonadotropins produce gonadotropins, which are obtained from a complex inflammatory response and a neurological",CorrelationGECO,5,0.001,what produces gonadotropins,msmarco-passage/train,ielabgroup/vec2text_gtr-base-st_corrector
1122767,what amino produces carnitine,"cells, eukaryotes such as the sleep tumulocytes, produce melatonin, melatonin",CorrelationGECO,5,0.001,which cells produce melatonin,msmarco-passage/train,ielabgroup/vec2text_gtr-base-st_corrector
1122767,what amino produces carnitine,"cTein is a molecule, a family, and a remarkable bioselector. Ctein is known for discovering",CorrelationGECO,5,0.001,who is ctein,msmarco-passage/train,ielabgroup/vec2text_gtr-base-st_corrector
1122767,what amino produces carnitine,"a few amino acids and a few other metabolites such as hexafluorobramycin, testosterone is a protein",CorrelationGECO,5,0.001,is testosterone a protein,msmarco-passage/train,ielabgroup/vec2text_gtr-base-st_corrector
1122767,what amino produces carnitine,. Labdanum comes from a place called -linden granule where boron arrived in the early afternoon.,CorrelationGECO,5,0.001,where does labdanum come from ?,msmarco-passage/train,ielabgroup/vec2text_gtr-base-st_corrector
1122767,what amino produces carnitine,"benazirol-amoxetine/benzopril-amoxetine, amodipine",CorrelationGECO,5,0.001,amlodipine/benazepril,msmarco-passage/train,ielabgroup/vec2text_gtr-base-st_corrector
1127540,meaning of shebang,"a vignette at the beginning of the kingdom, the table of shewbread represents what the Table of Shewbread represents",CorrelationGECO,5,0.001,what does the table of shewbread represent,msmarco-passage/train,ielabgroup/vec2text_gtr-base-st_corrector
1127540,meaning of shebang,"heishi            , which means",CorrelationGECO,5,0.001,what does heishi mean,msmarco-passage/train,ielabgroup/vec2text_gtr-base-st_corrector
1127540,meaning of shebang,or banji  is meaning,CorrelationGECO,5,0.001,what does banji mean,msmarco-passage/train,ielabgroup/vec2text_gtr-base-st_corrector
1127540,meaning of shebang,SAP ght spnt means a combination of ght and gpnt in a business process.,CorrelationGECO,5,0.001,what does shpgnt mean in sap?,msmarco-passage/train,ielabgroup/vec2text_gtr-base-st_corrector
1127540,meaning of shebang,"means bant, a noun that is a reference to a past or present in the past. It is also known as Bant",CorrelationGECO,5,0.001,what means bant,msmarco-passage/train,ielabgroup/vec2text_gtr-base-st_corrector
1127540,meaning of shebang,meaning of hem (            ) is,CorrelationGECO,5,0.001,what is the meaning of hem,msmarco-passage/train,ielabgroup/vec2text_gtr-base-st_corrector
1127540,meaning of shebang,"where (or close to what is now the present day Sheba country) was located, in the area of the Hazorin district in North",CorrelationGECO,5,0.001,where (in or near what present day country) was sheba located,msmarco-passage/train,ielabgroup/vec2text_gtr-base-st_corrector
1127540,meaning of shebang,geography by definition: heart           are heath,CorrelationGECO,5,0.001,hearth definition geography,msmarco-passage/train,ielabgroup/vec2text_gtr-base-st_corrector
1127540,meaning of shebang,"child of the Iroquois family and a child of the name Sahak, the name sahak means “something that means",CorrelationGECO,5,0.001,what does the name sahak mean,msmarco-passage/train,ielabgroup/vec2text_gtr-base-st_corrector
1127540,meaning of shebang,a sheep ked is a traditional sheep snead in the hills of Snow Leopard. It is a of,CorrelationGECO,5,0.001,what is a sheep ked,msmarco-passage/train,ielabgroup/vec2text_gtr-base-st_corrector
1131069,how many sons robert kraft has,"neave. , the NFL has about 1,425 Playsnearettare, and at that point three",CorrelationGECO,5,0.001,how many playetsnare.in.the.nfl,msmarco-passage/train,ielabgroup/vec2text_gtr-base-st_corrector
1131069,how many sons robert kraft has,as many as 2 (no. 3 or 4) Grenkowski brothers play in the NFL and are primarily from the Denver Broncos,CorrelationGECO,5,0.001,how many gronkowski brothers play in the nfl,msmarco-passage/train,ielabgroup/vec2text_gtr-base-st_corrector
1131069,how many sons robert kraft has,age of tucker-son children (Carlson Tucker-Carlson and Carlyn Tulpecker). 57,CorrelationGECO,5,0.001,age tucker carlson children,msmarco-passage/train,ielabgroup/vec2text_gtr-base-st_corrector
1131069,how many sons robert kraft has,"what Martha stew daughter does, she and Stuart Peirce-Robertson Stewart is a daughter who works in the education sector",CorrelationGECO,5,0.001,what does martha stewart daughter do,msmarco-passage/train,ielabgroup/vec2text_gtr-base-st_corrector
1131069,how many sons robert kraft has,(Hank) Williams's daughter is named Willie Alice McCollum's (Shelen) daughters who have gone on to,CorrelationGECO,5,0.001,what is hank williams daughters name,msmarco-passage/train,ielabgroup/vec2text_gtr-base-st_corrector
1131069,how many sons robert kraft has,"(Michael) has 15 assistants, of whom 10 are resigned, and Michelle (Michael) has 1",CorrelationGECO,5,0.001,how many assistants does michelle have,msmarco-passage/train,ielabgroup/vec2text_gtr-base-st_corrector
1131069,how many sons robert kraft has,"a visit from the CIA. Robert ""Robert"" mack Robert ""Robert"" mack is a musician and playw",CorrelationGECO,5,0.001,who is robert mack,msmarco-passage/train,ielabgroup/vec2text_gtr-base-st_corrector
1131069,how many sons robert kraft has,"365 ring trade which Russell “Wilson” has acquired from the Giants, he has acquired two Super Bowl rings which he acquired",CorrelationGECO,5,0.001,how many super bowl rings has russell wilson acquired,msmarco-passage/train,ielabgroup/vec2text_gtr-base-st_corrector
1131069,how many sons robert kraft has,is Jennifer Anthony-Jean-Ashburton-Jennifer-Stevens has biological children and she has a child,CorrelationGECO,5,0.001,does jennifer aniston have biological children,msmarco-passage/train,ielabgroup/vec2text_gtr-base-st_corrector
1131069,how many sons robert kraft has,"how many children David (David) Koresh had, and he had two children, Daedah kibbut",CorrelationGECO,5,0.001,how many kids did david koresh have,msmarco-passage/train,ielabgroup/vec2text_gtr-base-st_corrector
1132532,average annual income data analyst,"– which is a yearly increase of between $80 and $90 – . , . , is the average annual pay",CorrelationGECO,5,0.001,what is the average annual pay raise,msmarco-passage/train,ielabgroup/vec2text_gtr-base-st_corrector
1132532,average annual income data analyst,average salary and standard deviation (soc.  0.7 dd / .0 dd ) and the average salary,CorrelationGECO,5,0.001,average salary and standard deviation,msmarco-passage/train,ielabgroup/vec2text_gtr-base-st_corrector
1132532,average annual income data analyst,averaging the average wage of a current position analyst and a current position analyst at the U.S. data analyst corporation ($10.5,CorrelationGECO,5,0.001,average wage data analyst,msmarco-passage/train,ielabgroup/vec2text_gtr-base-st_corrector
1132532,average annual income data analyst,"– which is a yearly increase of between $80 and $90 – . , . , is the average annual pay",CorrelationGECO,5,0.001,what is the average annual pay raise,msmarco-passage/train,ielabgroup/vec2text_gtr-base-st_corrector
1132532,average annual income data analyst,"annual salary of the average salary of the professional services agents of the United States of America who are signed agents and their annual salary of over $800,000",CorrelationGECO,5,0.001,average annual salary of signing agents,msmarco-passage/train,ielabgroup/vec2text_gtr-base-st_corrector
1132532,average annual income data analyst,"(as of the yearly average of $800,000 - $190,000) the business analyst salary is a business analyst or business",CorrelationGECO,5,0.001,what is a business analyst salary,msmarco-passage/train,ielabgroup/vec2text_gtr-base-st_corrector
1132532,average annual income data analyst,The medical data analyst is a group of medical scientists who perform a specialized analysis of a patient’s health information (as a,CorrelationGECO,5,0.001,what is a medical data analyst,msmarco-passage/train,ielabgroup/vec2text_gtr-base-st_corrector
1132532,average annual income data analyst,"average annual salary is the average annual income (Dirty, Worker, Employee, or Human Capital) covering a calendar year or past",CorrelationGECO,5,0.001,average annual salary,msmarco-passage/train,ielabgroup/vec2text_gtr-base-st_corrector
1132532,average annual income data analyst,"who a financial analyst in New York (New York City fadystno) typically make $60,000 to $60,000 or more",CorrelationGECO,5,0.001,how much does a financial analyst make in nyc,msmarco-passage/train,ielabgroup/vec2text_gtr-base-st_corrector
1132532,average annual income data analyst,of a finance analyst (e.g. a stock analyst or a tinnoble) makes between $34 and $34,CorrelationGECO,5,0.001,how much does a finance analyst make,msmarco-passage/train,ielabgroup/vec2text_gtr-base-st_corrector
1133579,how does granulation tissue start,(Badijatpure) granular material is a granular based composite material. This is now known as,CorrelationGECO,5,0.001,what is granular material,msmarco-passage/train,ielabgroup/vec2text_gtr-base-st_corrector
1133579,how does granulation tissue start,During a synapse of the genes at the surface of the eukaryote it is the first process called gene,CorrelationGECO,5,0.001,What is the name of the first process that occurs during gene expression?,msmarco-passage/train,ielabgroup/vec2text_gtr-base-st_corrector
1133579,how does granulation tissue start,azurophilic granules are a group of azureosavones in a biological sample,CorrelationGECO,5,0.001,what are azurophilic granules,msmarco-passage/train,ielabgroup/vec2text_gtr-base-st_corrector
1133579,how does granulation tissue start,"( cells do and  cells do), basal and gustatory cells do and absorb substances that are stored in the colony and reactive",CorrelationGECO,5,0.001,what do basal and gustatory cells do,msmarco-passage/train,ielabgroup/vec2text_gtr-base-st_corrector
1133579,how does granulation tissue start,"(gynectosis and a pyeloectosis), glands that produce gametes",CorrelationGECO,5,0.001,what glands produce gametes,msmarco-passage/train,ielabgroup/vec2text_gtr-base-st_corrector
1133579,how does granulation tissue start,"grans, absolute is a blood serum absolute on a range of tests for ectopic or severe cardiomyopathy. Grans works",CorrelationGECO,5,0.001,"what is grans, absolute in blood work",msmarco-passage/train,ielabgroup/vec2text_gtr-base-st_corrector
1133579,how does granulation tissue start,"functions of granular leukocytes, granulocytes, and granulocytes, allowing total and granular surface",CorrelationGECO,5,0.001,functions of granular leukocytes,msmarco-passage/train,ielabgroup/vec2text_gtr-base-st_corrector
1133579,how does granulation tissue start,"is a morganatic injection and no insulin is given to it, 'The Mental injection gets the tissues - the tissues are also",CorrelationGECO,5,0.001,does the mental injection get the tissues,msmarco-passage/train,ielabgroup/vec2text_gtr-base-st_corrector
1133579,how does granulation tissue start,processes that G0 cells are unable to do. The G0 cells are unable to do so unless certain luvogenic conditions help,CorrelationGECO,5,0.001,what processes are g0 cells unable to do,msmarco-passage/train,ielabgroup/vec2text_gtr-base-st_corrector
1133579,how does granulation tissue start,"The pathway starting from the body is the pathway of blood through tissues, usually forming a receptive system for the blood to enter the tissues",CorrelationGECO,5,0.001,what is the pathway of blood starting out in the body tissues,msmarco-passage/train,ielabgroup/vec2text_gtr-base-st_corrector
1136043,difference between a hotel and motel,"brands use a choice of olefin-olive, Hotels use brand sheets, and other brands use a choice of shad",CorrelationGECO,5,0.001,what brand of sheets do hotels use,msmarco-passage/train,ielabgroup/vec2text_gtr-base-st_corrector
1136043,difference between a hotel and motel,difference between a lander (landgravity) and a rover (landgravity) is a difference between lander,CorrelationGECO,5,0.001,what is difference between a lander and rover,msmarco-passage/train,ielabgroup/vec2text_gtr-base-st_corrector
1136043,difference between a hotel and motel,difference between ' cafe '  ' ' cafe ' ' ' ' ' ' ' ',CorrelationGECO,5,0.001,what is difference between cafe' and cafe,msmarco-passage/train,ielabgroup/vec2text_gtr-base-st_corrector
1136043,difference between a hotel and motel,a difference between a molecular organ called sodium (or odin and urea) and salt (or  salt),CorrelationGECO,5,0.001,what's the difference between salt and sodium,msmarco-passage/train,ielabgroup/vec2text_gtr-base-st_corrector
1136043,difference between a hotel and motel,a difference between LAN and LAN. LAN (vlan)  vlan (vvlan) is a difference between,CorrelationGECO,5,0.001,difference between lan and vlan,msmarco-passage/train,ielabgroup/vec2text_gtr-base-st_corrector
1136043,difference between a hotel and motel,of standard of living. Cost of living Cost of living is a difference between the cost of living and the cost of a living and of the quality,CorrelationGECO,5,0.001,difference between cost of living and standard of living,msmarco-passage/train,ielabgroup/vec2text_gtr-base-st_corrector
1136043,difference between a hotel and motel,"difference between miquilas and chilinos, chilinos and maquilas are a chromes",CorrelationGECO,5,0.001,difference between chilaquiles and migas,msmarco-passage/train,ielabgroup/vec2text_gtr-base-st_corrector
1136043,difference between a hotel and motel,"a ring emoji a hundred of a diamond, engagement band is the difference between a wedding ring",CorrelationGECO,5,0.001,difference between engagement ring and wedding band,msmarco-passage/train,ielabgroup/vec2text_gtr-base-st_corrector
1136043,difference between a hotel and motel,the difference between a bowel (called a bowel) and a small intestine (a bowel) is between bile,CorrelationGECO,5,0.001,what is the difference between small intestine and bowel,msmarco-passage/train,ielabgroup/vec2text_gtr-base-st_corrector
1136043,difference between a hotel and motel,"a difference between the wing of the government and the senate, the House is the senate, and the Senate",CorrelationGECO,5,0.001,what is the difference between the senate and the house,msmarco-passage/train,ielabgroup/vec2text_gtr-base-st_corrector
1136047,difference between a company's strategy and business model is,"a difference of a billion francs in cash and biotechnology, pharma is the difference between pharma and Biotech, respectively.",CorrelationGECO,5,0.001,what is the difference between biotech and pharma?,msmarco-passage/train,ielabgroup/vec2text_gtr-base-st_corrector
1136047,difference between a company's strategy and business model is,difference between analyst is a logistics coordinator who performs the normal operations of a given service and logistics coordinator who performs the task of logistics and,CorrelationGECO,5,0.001,what is difference between logistics coordinator and analyst,msmarco-passage/train,ielabgroup/vec2text_gtr-base-st_corrector
1136047,difference between a company's strategy and business model is,"(as s. 98 et al.), the main goal of business managers was to keep the profits and income of the world.",CorrelationGECO,5,0.001,what was the main goal of business managers?,msmarco-passage/train,ielabgroup/vec2text_gtr-base-st_corrector
1136047,difference between a company's strategy and business model is,"goals in the Small Business Plan, which is the goal for a small business to reach the tenth, tenth, and one million.",CorrelationGECO,5,0.001,what goals for a small business in the small business plan?,msmarco-passage/train,ielabgroup/vec2text_gtr-base-st_corrector
1136047,difference between a company's strategy and business model is,why a vision & mission statement is necessary for a business plan or a business plan or a vision & mission for a company,CorrelationGECO,5,0.001,why is a mission & vision statement necessary for a business plan,msmarco-passage/train,ielabgroup/vec2text_gtr-base-st_corrector
1136047,difference between a company's strategy and business model is,"Generally, a business life cycle runs at a very variable rate, and the business life cycle (as it is known) varies by",CorrelationGECO,5,0.001,how does business life cycle vary,msmarco-passage/train,ielabgroup/vec2text_gtr-base-st_corrector
1136047,difference between a company's strategy and business model is,a business policy is a business plan and a criterion used to determine what is a business—Boston Business Corporation,CorrelationGECO,5,0.001,what is a business policy,msmarco-passage/train,ielabgroup/vec2text_gtr-base-st_corrector
1136047,difference between a company's strategy and business model is,(as a general public release) the marketing objective for the product cycle in the growth stage (or 'growth-cycle'),CorrelationGECO,5,0.001,what is the marketing objective for the growth stage of the product cycle?,msmarco-passage/train,ielabgroup/vec2text_gtr-base-st_corrector
1136047,difference between a company's strategy and business model is,Differences between bases and bases,CorrelationGECO,5,0.001,difference between bases and basis,msmarco-passage/train,ielabgroup/vec2text_gtr-base-st_corrector
1136047,difference between a company's strategy and business model is,"a difference between all personality theories (e.g., , , , ) and the trait approach personality theory",CorrelationGECO,5,0.001,difference between the trait approach and other personality theories,msmarco-passage/train,ielabgroup/vec2text_gtr-base-st_corrector
1136962,"why did the ancient egyptians call their land kemet, or black land?","kestrel kestrel (, meaning a benevolent oath on a king's land",CorrelationGECO,5,0.001,kestrel meaning,msmarco-passage/train,ielabgroup/vec2text_gtr-base-st_corrector
1136962,"why did the ancient egyptians call their land kemet, or black land?",to tell you how the ancient Egyptians (Egypt hyenene tomorrow) made the pyramids,CorrelationGECO,5,0.001,ancient egypt how did they make the pyramids,msmarco-passage/train,ielabgroup/vec2text_gtr-base-st_corrector
1136962,"why did the ancient egyptians call their land kemet, or black land?","a ring ring, caused by a oxidation of the index finger or a finger oil, it will turn black from the finger",CorrelationGECO,5,0.001,what causes ring finger to turn black,msmarco-passage/train,ielabgroup/vec2text_gtr-base-st_corrector
1136962,"why did the ancient egyptians call their land kemet, or black land?",the flag of the United States of America and the flag of the African nation (Olympic) is what the black country flag represents,CorrelationGECO,5,0.001,what does the black country flag represent,msmarco-passage/train,ielabgroup/vec2text_gtr-base-st_corrector
1136962,"why did the ancient egyptians call their land kemet, or black land?",why we think rulers in ancient times (as we do in ancient history) are what they did and if a person of better size,CorrelationGECO,5,0.001,why do you think rulers in ancient times,msmarco-passage/train,ielabgroup/vec2text_gtr-base-st_corrector
1136962,"why did the ancient egyptians call their land kemet, or black land?","the kinetic energy of the gyrocephalic kinetic energy, it is called a graveyard kinetic energy, and why",CorrelationGECO,5,0.001,which energy is called the graveyard kinetic energy and why,msmarco-passage/train,ielabgroup/vec2text_gtr-base-st_corrector
1136962,"why did the ancient egyptians call their land kemet, or black land?",The black market (An: “The Black Market”) is a binding law and a secret bargain market which is a market,CorrelationGECO,5,0.001,what is the black market,msmarco-passage/train,ielabgroup/vec2text_gtr-base-st_corrector
1136962,"why did the ancient egyptians call their land kemet, or black land?",what the pharaohs (Egyptians and other peoples) had to place in the coffins he,CorrelationGECO,5,0.001,what did the egyptians place in pharaohs coffins,msmarco-passage/train,ielabgroup/vec2text_gtr-base-st_corrector
1136962,"why did the ancient egyptians call their land kemet, or black land?","in the anatoleric area, the ancient Egyptian (Egyptian    ) lived where",CorrelationGECO,5,0.001,where did the ancient egyptian live,msmarco-passage/train,ielabgroup/vec2text_gtr-base-st_corrector
1136962,"why did the ancient egyptians call their land kemet, or black land?",", known as black limes, are a legume",CorrelationGECO,5,0.001,what are black limes,msmarco-passage/train,ielabgroup/vec2text_gtr-base-st_corrector
118440,define bmt medical,"defined medically toxic, is a form of cytotoxic illness that can lead to a significant improvement in health after a period of hospitalization",CorrelationGECO,5,0.001,define medically toxic,msmarco-passage/train,ielabgroup/vec2text_gtr-base-st_corrector
118440,define bmt medical,the mft counselor (Madison-Further-Assistant) is a counselor who focuses,CorrelationGECO,5,0.001,what is a mft counselor,msmarco-passage/train,ielabgroup/vec2text_gtr-base-st_corrector
118440,define bmt medical,"name of the omt doctor is Dr. Emmanuel Mondrian. The name is a short form for ""octamic",CorrelationGECO,5,0.001,omt doctor what is the name,msmarco-passage/train,ielabgroup/vec2text_gtr-base-st_corrector
118440,define bmt medical,"stand for a work group by BMT, stands for Blood Maneuvertic Transfirmation and Bt stands for Blood Beneath",CorrelationGECO,5,0.001,what does bmt stand for in blood work,msmarco-passage/train,ielabgroup/vec2text_gtr-base-st_corrector
118440,define bmt medical,"the bvrt-v test, the bvrt-v-v-mbMT test is a diagnostic test",CorrelationGECO,5,0.001,what is the bvmt-r test,msmarco-passage/train,ielabgroup/vec2text_gtr-base-st_corrector
118440,define bmt medical,"a nmt, when you're about to appoint your body, and write the nbt. When you write",CorrelationGECO,5,0.001,when do you write the nbt?,msmarco-passage/train,ielabgroup/vec2text_gtr-base-st_corrector
118440,define bmt medical,definition of medication therapy management (medical therapy management) is a veterinary medicine and a pharmacological administration process by which the therapist,CorrelationGECO,5,0.001,medication therapy management definition,msmarco-passage/train,ielabgroup/vec2text_gtr-base-st_corrector
118440,define bmt medical,what you can determine from a BMP. This information can be interpreted by a BMP to indicate a range of drudi,CorrelationGECO,5,0.001,what can you determine from a bmp,msmarco-passage/train,ielabgroup/vec2text_gtr-base-st_corrector
118440,define bmt medical,a mountain oyster (or a sour-corn oyster or a hot-gray) is a food,CorrelationGECO,5,0.001,what is a mountain oyster,msmarco-passage/train,ielabgroup/vec2text_gtr-base-st_corrector
118440,define bmt medical,"On Your Brain on Your Tusk, a phenomenon known as Tbt, is a compilation of blaxploitation videos,",CorrelationGECO,5,0.001,what is tbt,msmarco-passage/train,ielabgroup/vec2text_gtr-base-st_corrector
121171,define etruscans,"transuranic, defined",CorrelationGECO,5,0.001,transuranic definition,msmarco-passage/train,ielabgroup/vec2text_gtr-base-st_corrector
121171,define etruscans,"e pluribus e pluribus  is a licentiarium which means ""Pubrates",CorrelationGECO,5,0.001,what does e pluribus plures mean,msmarco-passage/train,ielabgroup/vec2text_gtr-base-st_corrector
121171,define etruscans,eichmann eichmann (eichmann) was a tycoon of Schlassenspitze who became,CorrelationGECO,5,0.001,who was eichmann,msmarco-passage/train,ielabgroup/vec2text_gtr-base-st_corrector
121171,define etruscans,"Embedded contractor Embedded contractor, a defined form of a commingled acceding of contractor schedule",CorrelationGECO,5,0.001,embedded contractor definition,msmarco-passage/train,ielabgroup/vec2text_gtr-base-st_corrector
121171,define etruscans,truncheons truncheons (also truncashons) is a flora of insects,CorrelationGECO,5,0.001,what is  truncheons,msmarco-passage/train,ielabgroup/vec2text_gtr-base-st_corrector
121171,define etruscans,definition tantric,CorrelationGECO,5,0.001,definition tantric,msmarco-passage/train,ielabgroup/vec2text_gtr-base-st_corrector
121171,define etruscans,epsilon (        ) is the meaning of Greek,CorrelationGECO,5,0.001,the meaning of epsilon,msmarco-passage/train,ielabgroup/vec2text_gtr-base-st_corrector
121171,define etruscans,"of turkey turdle. Poults Poults, a defined form of poultry hoults and fungi stored",CorrelationGECO,5,0.001,define turkey poults,msmarco-passage/train,ielabgroup/vec2text_gtr-base-st_corrector
121171,define etruscans,"definition of lupus erythematosus, the erythema of the esophagus and blood distribution",CorrelationGECO,5,0.001,definition of lupus erythematosus,msmarco-passage/train,ielabgroup/vec2text_gtr-base-st_corrector
121171,define etruscans,emperor (also known as “It is a pharaoh” or “Emperor”) is a cloud and,CorrelationGECO,5,0.001,what is emperor,msmarco-passage/train,ielabgroup/vec2text_gtr-base-st_corrector
135802,definition of laudable,"definition of moral decadence - is a morality which a virtuous, depraved, oppressive, beautiful and harmful",CorrelationGECO,5,0.001,moral decadence definition,msmarco-passage/train,ielabgroup/vec2text_gtr-base-st_corrector
135802,definition of laudable,"dilapidate. ""Dilapidate"" is a fecund lizard which is defined to dissipat",CorrelationGECO,5,0.001,dilapidate definition,msmarco-passage/train,ielabgroup/vec2text_gtr-base-st_corrector
135802,definition of laudable,by the definition (co-operative learning): cooperative learning is a form of a form of cooperative learning in which a person interacts,CorrelationGECO,5,0.001,cooperative learning definition,msmarco-passage/train,ielabgroup/vec2text_gtr-base-st_corrector
135802,definition of laudable,(Gaston Torneo) - tortuous - is a tort of a tort characterized by a difficult definition of,CorrelationGECO,5,0.001,tortuous definition,msmarco-passage/train,ielabgroup/vec2text_gtr-base-st_corrector
135802,definition of laudable,"the use of the word gratuitous, a gimmick of a man’s life, as a symbol of the word",CorrelationGECO,5,0.001,define the word gratuitous,msmarco-passage/train,ielabgroup/vec2text_gtr-base-st_corrector
135802,definition of laudable,a definition of cordate - a baptized - a privileged - a natural - auditory,CorrelationGECO,5,0.001,cordate definition,msmarco-passage/train,ielabgroup/vec2text_gtr-base-st_corrector
135802,definition of laudable,"(in the U.S.) foreseeable, is a common definition given by the law and sometimes used by lawyers and law firms (R",CorrelationGECO,5,0.001,foreseeable definition,msmarco-passage/train,ielabgroup/vec2text_gtr-base-st_corrector
135802,definition of laudable,the definition of lithophile. “Lithophile” is a phylogenetic group of relict minerals,CorrelationGECO,5,0.001,lithophile definition,msmarco-passage/train,ielabgroup/vec2text_gtr-base-st_corrector
135802,definition of laudable,a lecturn is a clad of tablets and a plaque. This is one of the most important programs of the American Academy of Physician,CorrelationGECO,5,0.001,what is a lecturn,msmarco-passage/train,ielabgroup/vec2text_gtr-base-st_corrector
135802,definition of laudable,"honorary pallbearer, i.e. an honorary citation of a bonfidy by the deceased,",CorrelationGECO,5,0.001,honorary pallbearer definition,msmarco-passage/train,ielabgroup/vec2text_gtr-base-st_corrector
141630,describe how muscles and bones work together to produce movement,by a short time. The skeletal system supports the skeleton. This helps prevent dilated bones from falling and the body from reform,CorrelationGECO,5,0.001,how does the skeletal system support,msmarco-passage/train,ielabgroup/vec2text_gtr-base-st_corrector
141630,describe how muscles and bones work together to produce movement,"what it does to your muscles, water is a hydrating agent that helps to keep your muscles in water and helps to bind the muscles longer",CorrelationGECO,5,0.001,what does water do for your muscles,msmarco-passage/train,ielabgroup/vec2text_gtr-base-st_corrector
141630,describe how muscles and bones work together to produce movement,major muscles of the body - CAT scleroscope and fasces - HE is a help to student,CorrelationGECO,5,0.001,major muscles of the body gcse,msmarco-passage/train,ielabgroup/vec2text_gtr-base-st_corrector
141630,describe how muscles and bones work together to produce movement,"as muscles (muscles are located in the thigh and the thigh) and in the upper thigh, muscles attach to",CorrelationGECO,5,0.001,where do muscles attach,msmarco-passage/train,ielabgroup/vec2text_gtr-base-st_corrector
141630,describe how muscles and bones work together to produce movement,"by a bouncing tidal loop, sunspots move. When the tidal fluids are removed,",CorrelationGECO,5,0.001,how do sunspots move,msmarco-passage/train,ielabgroup/vec2text_gtr-base-st_corrector
141630,describe how muscles and bones work together to produce movement,muscle can be broken down into muscle. This can be broken down into a mix of carboxyspasms and erythropoies,CorrelationGECO,5,0.001,muscle can be broken down into what,msmarco-passage/train,ielabgroup/vec2text_gtr-base-st_corrector
141630,describe how muscles and bones work together to produce movement,"role of bones as levers, a role of physiologists ligaments have a role as a lever and a role in",CorrelationGECO,5,0.001,role of ligaments bones as levers,msmarco-passage/train,ielabgroup/vec2text_gtr-base-st_corrector
141630,describe how muscles and bones work together to produce movement,"The muscles that are involved in torsions are musculature, i.e. torsion and/or stodium",CorrelationGECO,5,0.001,what muscles are involved in torsions,msmarco-passage/train,ielabgroup/vec2text_gtr-base-st_corrector
141630,describe how muscles and bones work together to produce movement,how organs in the body (such as a vascular system and a muscle system) work together in order to coordinate the intake of new muscles,CorrelationGECO,5,0.001,how do organs in the muscular system work together,msmarco-passage/train,ielabgroup/vec2text_gtr-base-st_corrector
141630,describe how muscles and bones work together to produce movement,"definition of muscle activation technique, i.e., a technique involving muscle using muscle as a receptive muscle and exert",CorrelationGECO,5,0.001,muscle activation technique definition,msmarco-passage/train,ielabgroup/vec2text_gtr-base-st_corrector
156498,do google docs auto save,.ff file or .adobe.exe. Microsoft Word works with a PDF scanner and can read PDF documents and electronic instruments,CorrelationGECO,5,0.001,does microsoft word read pdf files,msmarco-passage/train,ielabgroup/vec2text_gtr-base-st_corrector
156498,do google docs auto save,a n-wow option is available to convert notes to excel or vice versa. We can convert NotePad to a .PL,CorrelationGECO,5,0.001,can we convert notepad to excel,msmarco-passage/train,ielabgroup/vec2text_gtr-base-st_corrector
156498,do google docs auto save,"automated unit recording unit, the current model is based on the automated data-feedback system Price:    = $",CorrelationGECO,5,0.001,automated recording unit price,msmarco-passage/train,ielabgroup/vec2text_gtr-base-st_corrector
156498,do google docs auto save,"name of Google e-mail and drive is Google e-mail, which is a name for the Google e-mail and i",CorrelationGECO,5,0.001,what is the name of google e-mail and drive,msmarco-passage/train,ielabgroup/vec2text_gtr-base-st_corrector
156498,do google docs auto save,can obr> octa-res octa-octa-adobe reader documents,CorrelationGECO,5,0.001,can adobe reader ocr documents?,msmarco-passage/train,ielabgroup/vec2text_gtr-base-st_corrector
156498,do google docs auto save,"if you are unable to manually refresh your calendar, do so by a calendar update or by a notification in the /cadile",CorrelationGECO,5,0.001,how do i manually refresh my calendar,msmarco-passage/train,ielabgroup/vec2text_gtr-base-st_corrector
156498,do google docs auto save,"used software (AutoCad, Autofi, Autofi, Autofi, Autostrata, AutoCAD, .NET",CorrelationGECO,5,0.001,used autocad software,msmarco-passage/train,ielabgroup/vec2text_gtr-base-st_corrector
156498,do google docs auto save,"is a simple way to disable auto formatting in your text, and you can do so manually in your document editor (not in your system) for Word",CorrelationGECO,5,0.001,can you disable auto formatting in word for editing,msmarco-passage/train,ielabgroup/vec2text_gtr-base-st_corrector
156498,do google docs auto save,how to make a folder file for people to upload to their Google Drive by clicking 'File' in the /gif/ /,CorrelationGECO,5,0.001,how to make folder in google drive for people to upload file?,msmarco-passage/train,ielabgroup/vec2text_gtr-base-st_corrector
156498,do google docs auto save,drive and how you can,CorrelationGECO,5,0.001,what is google drive and how can i use it,msmarco-passage/train,ielabgroup/vec2text_gtr-base-st_corrector
169208,does mississippi have an income tax,(initial tax) – a tax on dividends (initial tax) – a tax on dividends is unknown.,CorrelationGECO,5,0.001,what is the income tax on dividends?,msmarco-passage/train,ielabgroup/vec2text_gtr-base-st_corrector
169208,does mississippi have an income tax,"if you are a tax payer on Social Security income and you work if you have income, you have to pay tax on your income",CorrelationGECO,5,0.001,do you pay tax on social security if you have income,msmarco-passage/train,ielabgroup/vec2text_gtr-base-st_corrector
169208,does mississippi have an income tax,"in the following order: i.e., income taxed, i.e. types of income taxed and taxable income",CorrelationGECO,5,0.001,in what order are types of income taxed,msmarco-passage/train,ielabgroup/vec2text_gtr-base-st_corrector
169208,does mississippi have an income tax,do a pay tax if you are a tax-adjusted and you can’t pay the income taxes or your income taxes,CorrelationGECO,5,0.001,what to do if you can t pay income taxes,msmarco-passage/train,ielabgroup/vec2text_gtr-base-st_corrector
169208,does mississippi have an income tax,"on income tax-distributed to cash-distributed cash (cash gift gift) is taxable income, and no cash evidence",CorrelationGECO,5,0.001,is cash gift taxable income,msmarco-passage/train,ielabgroup/vec2text_gtr-base-st_corrector
169208,does mississippi have an income tax,hours of 9 a.m. to 5 p.m. EST (Mississippi Federal Credit Union misso,CorrelationGECO,5,0.001,mississippi federal credit union hours,msmarco-passage/train,ielabgroup/vec2text_gtr-base-st_corrector
169208,does mississippi have an income tax,"if unemployment is in a state, owes you money if you owe taxes on your payments to Mass will take state",CorrelationGECO,5,0.001,will unemployment take state taxes if i owe money in mass,msmarco-passage/train,ielabgroup/vec2text_gtr-base-st_corrector
169208,does mississippi have an income tax,"(approximately $1,100 to $1,100) is the income ceiling for paying Social Security taxes to the Social Security Payer Benefits",CorrelationGECO,5,0.001,what is the income ceiling for paying social security taxes,msmarco-passage/train,ielabgroup/vec2text_gtr-base-st_corrector
169208,does mississippi have an income tax,"income insurance (income tax penalty) tax-exempt insurance, a penalty for income tax-exempt insurance costs, a penalty for taxable",CorrelationGECO,5,0.001,income tax insurance penalty,msmarco-passage/train,ielabgroup/vec2text_gtr-base-st_corrector
169208,does mississippi have an income tax,is the tax table that includes the Social Security and Medicare taxes and the Social Security/Medicare & IRR & IRA tax tables include,CorrelationGECO,5,0.001,does the irs tax tables include social security and medicare,msmarco-passage/train,ielabgroup/vec2text_gtr-base-st_corrector
174463,dog day afternoon meaning,a day or more (or twice a day or more) you can walk the puppy a total of 1 to 3 times a day,CorrelationGECO,5,0.001,how many times a day can you walk a puppy,msmarco-passage/train,ielabgroup/vec2text_gtr-base-st_corrector
174463,dog day afternoon meaning,"(dog vaccination) is a key schedule for a puppy vaccination vaccination schedule and is given at 1st, 6th, 8th and 9",CorrelationGECO,5,0.001,what is puppy vaccination schedule,msmarco-passage/train,ielabgroup/vec2text_gtr-base-st_corrector
174463,dog day afternoon meaning,guicho can if a dog is able to scald a dog and not a cow. Gucho Willigu,CorrelationGECO,5,0.001,can guicho dog,msmarco-passage/train,ielabgroup/vec2text_gtr-base-st_corrector
174463,dog day afternoon meaning,daily care (as a result of daily care of odors and nutrients) — commonly defined as daily care of food,CorrelationGECO,5,0.001,define daily care,msmarco-passage/train,ielabgroup/vec2text_gtr-base-st_corrector
174463,dog day afternoon meaning,"when a dog is no longer considered a dog and no longer needs to sacrifice, grow, or earn a living; this is no longer considered",CorrelationGECO,5,0.001,when is a dog no longer considered a puppy,msmarco-passage/train,ielabgroup/vec2text_gtr-base-st_corrector
174463,dog day afternoon meaning,"meaning 'every other day', meaning a day of every other day of the week (known as a day of a rib",CorrelationGECO,5,0.001,meaning of every other day,msmarco-passage/train,ielabgroup/vec2text_gtr-base-st_corrector
174463,dog day afternoon meaning,'Dog day' (or 'dog day') is a dog day that is held during the first Sunday of the ec,CorrelationGECO,5,0.001,what is a dog day,msmarco-passage/train,ielabgroup/vec2text_gtr-base-st_corrector
174463,dog day afternoon meaning,on the day of the week of the first Sunday in the year (April 26): Kissing Day Kissing Day ( or ) is an open,CorrelationGECO,5,0.001,what day is kissing day,msmarco-passage/train,ielabgroup/vec2text_gtr-base-st_corrector
174463,dog day afternoon meaning,name of the main character name in a dog is 'Purpose' and 'Threat' which is the 'purpose',CorrelationGECO,5,0.001,what is the main characters name in a dogs purpose,msmarco-passage/train,ielabgroup/vec2text_gtr-base-st_corrector
174463,dog day afternoon meaning,"What is happening on this day is a day of jubilation with history. This day is a day of enjoyment, energy, and machine",CorrelationGECO,5,0.001,what is happening on this day,msmarco-passage/train,ielabgroup/vec2text_gtr-base-st_corrector
23849,are naturalization records public information,"which U.S. citizens have a passport type, i.e., a passport that Americans have . . .",CorrelationGECO,5,0.001,what type of passport do american citizens have? ,msmarco-passage/train,ielabgroup/vec2text_gtr-base-st_corrector
23849,are naturalization records public information,"nationality, who is Serbian, who is of Serbian, and who is of Croatian, Belarusian, or Serbian, is national",CorrelationGECO,5,0.001,what nationality is serbian,msmarco-passage/train,ielabgroup/vec2text_gtr-base-st_corrector
23849,are naturalization records public information,a Private Blog Network (           ) is an,CorrelationGECO,5,0.001,what is a private blog network,msmarco-passage/train,ielabgroup/vec2text_gtr-base-st_corrector
23849,are naturalization records public information,"if something is public domain, you can know if it is public domain or if it is a product of the public interest or copyright",CorrelationGECO,5,0.001,how to know if something is public domain,msmarco-passage/train,ielabgroup/vec2text_gtr-base-st_corrector
23849,are naturalization records public information,"because no parents are listed on a birth certificate, this means that a child may have been listed on a certificate and no one would have to",CorrelationGECO,5,0.001,why would no parents be listed on a birth certificate,msmarco-passage/train,ielabgroup/vec2text_gtr-base-st_corrector
23849,are naturalization records public information,"immigration and sero-committee status, the background checks that the USCIS checks includes include a check that is not found on",CorrelationGECO,5,0.001,what does uscis background check include,msmarco-passage/train,ielabgroup/vec2text_gtr-base-st_corrector
23849,are naturalization records public information,"the public IP addresses (i.e., a public address range) and a public network address range (i.e., .",CorrelationGECO,5,0.001,what are the public ip address ranges,msmarco-passage/train,ielabgroup/vec2text_gtr-base-st_corrector
23849,are naturalization records public information,"who makes public policy. Public policy is a public body, developed by the U.S. National Institute of Applied Sciences and Molecular Oceanic",CorrelationGECO,5,0.001,who makes public policy,msmarco-passage/train,ielabgroup/vec2text_gtr-base-st_corrector
23849,are naturalization records public information,"which personal data is available to individuals and the public information they know about them, and other public-account data is available to individuals.",CorrelationGECO,5,0.001,what personal public data is available to individuals?,msmarco-passage/train,ielabgroup/vec2text_gtr-base-st_corrector
23849,are naturalization records public information,"a definition of private. (known as a ""private"", ""a private, private, or private person"", formerly known as the Classifier",CorrelationGECO,5,0.001,define private,msmarco-passage/train,ielabgroup/vec2text_gtr-base-st_corrector
258062,how long does it take to remove wisdom tooth,a 12 to 24 hour period it will take a knee to a foot to amputate toes or toe,CorrelationGECO,5,0.001,how long does it take to amputate toes,msmarco-passage/train,ielabgroup/vec2text_gtr-base-st_corrector
258062,how long does it take to remove wisdom tooth,after 6 a.m. to 6 a.m. when you can brush your teeth with your toothbrush because your wisdom teeth are still in fluid,CorrelationGECO,5,0.001,when can i brush my teeth after wisdom teeth,msmarco-passage/train,ielabgroup/vec2text_gtr-base-st_corrector
258062,how long does it take to remove wisdom tooth,"how long it takes for anaesthesia to come out of your body, a neurum is a neurum to come out",CorrelationGECO,5,0.001,how long does it take anesthesia to come out of your body,msmarco-passage/train,ielabgroup/vec2text_gtr-base-st_corrector
258062,how long does it take to remove wisdom tooth,1 to 3 hours to dissolute yellow syringed stitches will dissolve and take 2 to 4 days to dissolve,CorrelationGECO,5,0.001,how long yellow dissolvable stitches take to dissolve,msmarco-passage/train,ielabgroup/vec2text_gtr-base-st_corrector
258062,how long does it take to remove wisdom tooth,"1 hour to 24 hours when novocaine (or naloxaine) is worn off, it takes naloxaine to wear off",CorrelationGECO,5,0.001,how long does it take for novocaine to wear off,msmarco-passage/train,ielabgroup/vec2text_gtr-base-st_corrector
258062,how long does it take to remove wisdom tooth,"after a refractiolation of the toothache, you should experience pain after extraction for 1 to 2 to 4 hours you feel",CorrelationGECO,5,0.001,how long should you experience pain after an extraction,msmarco-passage/train,ielabgroup/vec2text_gtr-base-st_corrector
258062,how long does it take to remove wisdom tooth,amputation of a limb (tibia and tibia) of the thumb for about 90 minutes to reattach firmly,CorrelationGECO,5,0.001,amputation of thumb how long to reattach,msmarco-passage/train,ielabgroup/vec2text_gtr-base-st_corrector
258062,how long does it take to remove wisdom tooth,"when a person is asleep or asleep, it takes 1 to 2 hours for dental medicine to take effect on the numb-necrotherapy",CorrelationGECO,5,0.001,how long does it take numb medicine to take effect at dentist,msmarco-passage/train,ielabgroup/vec2text_gtr-base-st_corrector
258062,how long does it take to remove wisdom tooth,", , , , , , , , how long it takes for an ingrown toenail to grow out",CorrelationGECO,5,0.001,how long does it take for an ingrown toenail to grow out,msmarco-passage/train,ielabgroup/vec2text_gtr-base-st_corrector
258062,how long does it take to remove wisdom tooth,"in the apical drows of a partial knee replacement, it takes between 8 hours and 24 months to heal after the partial replacement",CorrelationGECO,5,0.001,how long does it take for a partial knee replacement to heal,msmarco-passage/train,ielabgroup/vec2text_gtr-base-st_corrector
324585,how much money do motivational speakers make,from $45 to $45 a year by the NBC/David Meyers / Seth Meyers / Josh Me,CorrelationGECO,5,0.001,how much does seth meyers make,msmarco-passage/train,ielabgroup/vec2text_gtr-base-st_corrector
324585,how much money do motivational speakers make,"between $60,000 and $1,500 per mg, peer lactation educator who earns a living after finishing school and who makes a living",CorrelationGECO,5,0.001,how much do lactation peer educator make,msmarco-passage/train,ielabgroup/vec2text_gtr-base-st_corrector
324585,how much money do motivational speakers make,"(makes as much as $40,000 a year)         (Para",CorrelationGECO,5,0.001,how much paraprofessional make,msmarco-passage/train,ielabgroup/vec2text_gtr-base-st_corrector
324585,how much money do motivational speakers make,"from $30,000 to $600,000 annually for adjunct professors who make a living at what they claim is a new or current sports marketing",CorrelationGECO,5,0.001,how much do adjunct sports marketing professors make,msmarco-passage/train,ielabgroup/vec2text_gtr-base-st_corrector
324585,how much money do motivational speakers make,"pay of $2,000 to $3,000 per teller at their Wells Fargo location and a few $2,000 to $2,000 to be paid to tell",CorrelationGECO,5,0.001,how much do tellers get paid at wells fargo,msmarco-passage/train,ielabgroup/vec2text_gtr-base-st_corrector
324585,how much money do motivational speakers make,"a performer (producer or a performer of a variety of orchestras) make as much as $350,000 per year yearly",CorrelationGECO,5,0.001,how much does a performer make per year,msmarco-passage/train,ielabgroup/vec2text_gtr-base-st_corrector
324585,how much money do motivational speakers make,"for an average person (typically a person with a salary of $1,050 to $1,030) people make tutoring or",CorrelationGECO,5,0.001,how much does an average person make for tutoring,msmarco-passage/train,ielabgroup/vec2text_gtr-base-st_corrector
324585,how much money do motivational speakers make,"who make under $90,000 apiece and current professional bowlers make over $130,500 apiece and referred to as Bowlers",CorrelationGECO,5,0.001,how much do professional bowlers make,msmarco-passage/train,ielabgroup/vec2text_gtr-base-st_corrector
324585,how much money do motivational speakers make,"make between $500,000 to $300,000 and he is now the best-selling director of a B2B sprint director group based in",CorrelationGECO,5,0.001,how much does a sprint B2B director make,msmarco-passage/train,ielabgroup/vec2text_gtr-base-st_corrector
324585,how much money do motivational speakers make,"rated from one to one and depending on their work performance, psychologists get paid as much as $7.75 million and do not know how much they",CorrelationGECO,5,0.001,how much do psychologist get paid,msmarco-passage/train,ielabgroup/vec2text_gtr-base-st_corrector
330975,how much would it cost to install my own wind turbine,cost of replacement of a window or a window with a new window opening and a new window or a window smears,CorrelationGECO,5,0.001,cost for window replacement,msmarco-passage/train,ielabgroup/vec2text_gtr-base-st_corrector
330975,how much would it cost to install my own wind turbine,"cost of 1 to 1 to 2 g/da to build a small sauna, the minimum cost of building",CorrelationGECO,5,0.001,cost to build a small sauna,msmarco-passage/train,ielabgroup/vec2text_gtr-base-st_corrector
330975,how much would it cost to install my own wind turbine,"cost of installing a vineyard or a re-equipment of a re-equipment of a $1,500",CorrelationGECO,5,0.001,cost of installing a vineyard,msmarco-passage/train,ielabgroup/vec2text_gtr-base-st_corrector
330975,how much would it cost to install my own wind turbine,average cost of installing a egress window or egress window at the slat-braided face and a window,CorrelationGECO,5,0.001,average cost to install egress window,msmarco-passage/train,ielabgroup/vec2text_gtr-base-st_corrector
330975,how much would it cost to install my own wind turbine,installation price (expenses) of a digital antenna or digital antennas for new digital antennas or digital antennas for new digital antennas,CorrelationGECO,5,0.001,digital antenna installation cost,msmarco-passage/train,ielabgroup/vec2text_gtr-base-st_corrector
330975,how much would it cost to install my own wind turbine,"a wind turbine produce between 240 and 240 mW/mW of power, and in the case of a turbine they produce one",CorrelationGECO,5,0.001,how many mw does a wind turbine produce,msmarco-passage/train,ielabgroup/vec2text_gtr-base-st_corrector
330975,how much would it cost to install my own wind turbine,"how much a flint-leaf sawmill or a sawmill will cost, usually $800–1888 to build",CorrelationGECO,5,0.001,how much does it cost to build a sawmill,msmarco-passage/train,ielabgroup/vec2text_gtr-base-st_corrector
330975,how much would it cost to install my own wind turbine,"build a home and learn to build your car and other body parts, cost-per-investigation to build a garage, cost",CorrelationGECO,5,0.001,cost to build a garage,msmarco-passage/train,ielabgroup/vec2text_gtr-base-st_corrector
330975,how much would it cost to install my own wind turbine,"cost of home power systems based on the cost of a system of generators (approximately $2,000 to $2,000) or",CorrelationGECO,5,0.001,cost of home generator systems,msmarco-passage/train,ielabgroup/vec2text_gtr-base-st_corrector
330975,how much would it cost to install my own wind turbine,"for a new or re-used sprinkled artificial turf or artificial fill-in a gravel market, the average price of installed",CorrelationGECO,5,0.001,average price for artificial turf installed,msmarco-passage/train,ielabgroup/vec2text_gtr-base-st_corrector
332593,how often to button quail lay eggs,it takes a duration of 63 to 63 ephews to incubate the eggs of bald eagle,CorrelationGECO,5,0.001,how long does it take to incubate bald eagles,msmarco-passage/train,ielabgroup/vec2text_gtr-base-st_corrector
332593,how often to button quail lay eggs,"a geese sit on their eggs for a period of 1 to 2 hours, and a year until the eggs are left on egg",CorrelationGECO,5,0.001,how long do geese sit on their eggs,msmarco-passage/train,ielabgroup/vec2text_gtr-base-st_corrector
332593,how often to button quail lay eggs,"(food) or berries (dried food) feed quail quail (sea quail, quail qua",CorrelationGECO,5,0.001,what do you feed quail,msmarco-passage/train,ielabgroup/vec2text_gtr-base-st_corrector
332593,how often to button quail lay eggs,a spider or a mollusc of a plant to lay under their leaves and hooves it takes 90 days to lay eggs,CorrelationGECO,5,0.001,how long does a spider take to lay eggs,msmarco-passage/train,ielabgroup/vec2text_gtr-base-st_corrector
332593,how often to button quail lay eggs,"During a sonic idioe, a hedgehog takes 8 to 9 hours to give birth and it takes to give",CorrelationGECO,5,0.001,how long does a hedgehog take to give birth,msmarco-passage/train,ielabgroup/vec2text_gtr-base-st_corrector
332593,how often to button quail lay eggs,"in a small swarm of eggs, swan eggs take from a day to a week and take from 45 to 63 days",CorrelationGECO,5,0.001,how long do swan eggs take to hatch,msmarco-passage/train,ielabgroup/vec2text_gtr-base-st_corrector
332593,how often to button quail lay eggs,from a crocodile to a living body and it takes from 118 to 230 minutes for bald eagle eggs,CorrelationGECO,5,0.001,how long for bald eagle eggs to hatch,msmarco-passage/train,ielabgroup/vec2text_gtr-base-st_corrector
332593,how often to button quail lay eggs,1 to 5 hours to boil hot water hard-boiled eggs or boiled a boiled a boiled a boiled a boiled,CorrelationGECO,5,0.001,how long to boil hard boiled eggs,msmarco-passage/train,ielabgroup/vec2text_gtr-base-st_corrector
332593,how often to button quail lay eggs,"from a lira to a frothy oophore, budgies lay eggs and take 8 months",CorrelationGECO,5,0.001,how long for budgies to lay eggs,msmarco-passage/train,ielabgroup/vec2text_gtr-base-st_corrector
332593,how often to button quail lay eggs,"between one and seven years of natal reproduction, chickens produce eggs and between one and two yrs a year produce a new egg",CorrelationGECO,5,0.001,how many years do chickens produce eggs,msmarco-passage/train,ielabgroup/vec2text_gtr-base-st_corrector
336901,how old is vanessa redgrave,is 13 years old and uvhangi (Veedosi) is a very old mufangi. u,CorrelationGECO,5,0.001,how old is vusi( muvhango),msmarco-passage/train,ielabgroup/vec2text_gtr-base-st_corrector
336901,how old is vanessa redgrave,"at 21 years old when Rose Dawson (or ""Rosemary Dawson"" as she was known to have died) was",CorrelationGECO,5,0.001,how old was rose dawson when she died,msmarco-passage/train,ielabgroup/vec2text_gtr-base-st_corrector
336901,how old is vanessa redgrave,"a new update to the ad-liads, and who is 26 years old, Patty Loveless is 16 years old",CorrelationGECO,5,0.001,how old is patty loveless?,msmarco-passage/train,ielabgroup/vec2text_gtr-base-st_corrector
336901,how old is vanessa redgrave,86-year-old (with Macquarie & Brokenlegs) is Davidji (known for his big game appearances),CorrelationGECO,5,0.001,how old is davidji,msmarco-passage/train,ielabgroup/vec2text_gtr-base-st_corrector
336901,how old is vanessa redgrave,is 57 years old and jana Kramer is a 16-year-old (Jana Spraguet-Bur,CorrelationGECO,5,0.001,how old is jana kramer,msmarco-passage/train,ielabgroup/vec2text_gtr-base-st_corrector
336901,how old is vanessa redgrave,"a member of the family, Joyce MAD is 64 years old and is a joyie chauvinistic babe",CorrelationGECO,5,0.001,how old is joyce maddy,msmarco-passage/train,ielabgroup/vec2text_gtr-base-st_corrector
336901,how old is vanessa redgrave,"is 48 years old, and 59-year-old 'Richard Dreyfuss', 'Martin Greenwald'",CorrelationGECO,5,0.001,how old is richard dreyfuss,msmarco-passage/train,ielabgroup/vec2text_gtr-base-st_corrector
336901,how old is vanessa redgrave,"was 32 years old in ""Jeffrey Dancing"" and 16 in ""Dirty Dancing"" when she played dirty grey",CorrelationGECO,5,0.001,how old was jennifer grey when she was in dirty dancing,msmarco-passage/train,ielabgroup/vec2text_gtr-base-st_corrector
336901,how old is vanessa redgrave,is 19-year-old.       Suanne DeYoung,CorrelationGECO,5,0.001,how old is suzanne deyoung,msmarco-passage/train,ielabgroup/vec2text_gtr-base-st_corrector
336901,how old is vanessa redgrave,"a 25-year-old (during a time of aging) and 16-year-old, Peggy Cappy ( )",CorrelationGECO,5,0.001,how old is peggy cappy,msmarco-passage/train,ielabgroup/vec2text_gtr-base-st_corrector
390360,ia suffix meaning,chemistry -iso-prefix -iso prefix  () is a definition for isochemicals,CorrelationGECO,5,0.001,iso- prefix definition chemistry,msmarco-passage/train,ielabgroup/vec2text_gtr-base-st_corrector
390360,ia suffix meaning,"'alto' in Latin, which means 'I stand before all other lions', is a Latin word meaning 'of",CorrelationGECO,5,0.001,what does alto mean in latin in,msmarco-passage/train,ielabgroup/vec2text_gtr-base-st_corrector
390360,ia suffix meaning,The Ais designation is the Ais-Ice Automotive Automotive (Ais-Ice) designation. It is a U.S. patent,CorrelationGECO,5,0.001,what is the ais designation,msmarco-passage/train,ielabgroup/vec2text_gtr-base-st_corrector
390360,ia suffix meaning,ipa ipa ( ) means a file that is able to be pressed on Apple iOS Application Server (OS),CorrelationGECO,5,0.001,what ipa file ios means,msmarco-passage/train,ielabgroup/vec2text_gtr-base-st_corrector
390360,ia suffix meaning,"Previously, a alphabetic index is a graphical alphabetical index on a compass of information such as the alphabetical index of",CorrelationGECO,5,0.001,what is an alphabetic index,msmarco-passage/train,ielabgroup/vec2text_gtr-base-st_corrector
390360,ia suffix meaning,idaas idaas (formerly idaas) is a back-end software for the Minnesota,CorrelationGECO,5,0.001,what is idaas,msmarco-passage/train,ielabgroup/vec2text_gtr-base-st_corrector
390360,ia suffix meaning,is a process of a year I.A. information architecture. Information Architecture Information Architecture (IA) is a framework for analyzing data,CorrelationGECO,5,0.001,what is ia information architecture,msmarco-passage/train,ielabgroup/vec2text_gtr-base-st_corrector
390360,ia suffix meaning,a iu. iu is a special diagnostic device of the University of Ibero-Indo-Ilovania.,CorrelationGECO,5,0.001,what is an iu?,msmarco-passage/train,ielabgroup/vec2text_gtr-base-st_corrector
390360,ia suffix meaning,"ity suffix , meaning",CorrelationGECO,5,0.001,ity suffix meaning,msmarco-passage/train,ielabgroup/vec2text_gtr-base-st_corrector
390360,ia suffix meaning,what happens to science. The name si is a si-number similiar name for a silica. It protects a,CorrelationGECO,5,0.001,what is a si name science,msmarco-passage/train,ielabgroup/vec2text_gtr-base-st_corrector
405163,is caffeine an narcotic,"lorzone is a narcotic, a narcotic, or no use of a prescription drug, lorzone",CorrelationGECO,5,0.001,is lorzone a narcotic,msmarco-passage/train,ielabgroup/vec2text_gtr-base-st_corrector
405163,is caffeine an narcotic,average daily intake of caffeine consuming a daily basis (25 g to 250 g daily) and a daily average daily intake of moderately,CorrelationGECO,5,0.001,average caffeine intake daily,msmarco-passage/train,ielabgroup/vec2text_gtr-base-st_corrector
405163,is caffeine an narcotic,"After a long period of sleep, caffeine takes off for a drink to wear you off, or 24 to 48 hours for a non-",CorrelationGECO,5,0.001,how long does it take caffeine to wear off,msmarco-passage/train,ielabgroup/vec2text_gtr-base-st_corrector
405163,is caffeine an narcotic,"some neurotransmitters (e.g., l-striatum) are associated with dopa neurotransmitters (e.",CorrelationGECO,5,0.001,what neurotransmitters are associated with l dopa,msmarco-passage/train,ielabgroup/vec2text_gtr-base-st_corrector
405163,is caffeine an narcotic,"a history of rheumatism and drug overdrive, RYTary is a narcotic. No narcotic",CorrelationGECO,5,0.001,is rytary a narcotic,msmarco-passage/train,ielabgroup/vec2text_gtr-base-st_corrector
405163,is caffeine an narcotic,"from the caffeine in the caffeine in a cup of coffee, is rated to last for 24 hours and a half and coffee will last for 30",CorrelationGECO,5,0.001,how long does the caffeine in coffee last,msmarco-passage/train,ielabgroup/vec2text_gtr-base-st_corrector
405163,is caffeine an narcotic,"is a narcotic, although the drug diclofenac is a narcotic, a narcoan",CorrelationGECO,5,0.001,is diclofenac a narcotic,msmarco-passage/train,ielabgroup/vec2text_gtr-base-st_corrector
405163,is caffeine an narcotic,"0.5 to 1.7 mg of caffeine in soft drink based beverages, Soda Trubcoffee contains 0.5 to 1.7 mg of",CorrelationGECO,5,0.001,how much caffeine in soft drinks,msmarco-passage/train,ielabgroup/vec2text_gtr-base-st_corrector
405163,is caffeine an narcotic,no caffeine is inflammatory; a similar characterization is based on inflammatory changes in the fatty acid (Cecaldeae).,CorrelationGECO,5,0.001,is caffeine inflammatory?,msmarco-passage/train,ielabgroup/vec2text_gtr-base-st_corrector
405163,is caffeine an narcotic,"if the body gets too much caffeine, the body will be prone to high blood sugars and high levels of Fibrosuccine and sleep",CorrelationGECO,5,0.001,what happens if the body gets too much caffeine,msmarco-passage/train,ielabgroup/vec2text_gtr-base-st_corrector
42255,average salary for dental hygienist in nebraska,as much as $1000 per hour a dental hygienist or a hygienist makes a hy,CorrelationGECO,5,0.001,how much does a dental hygienist make per hour,msmarco-passage/train,ielabgroup/vec2text_gtr-base-st_corrector
42255,average salary for dental hygienist in nebraska,"at the start of a job (nurse) or a salary of $70,000 (nurse), the starting salary is expected to begin",CorrelationGECO,5,0.001,what is the starting salary for a nurse,msmarco-passage/train,ielabgroup/vec2text_gtr-base-st_corrector
42255,average salary for dental hygienist in nebraska,where the average salary is             Registered nurse,CorrelationGECO,5,0.001,what is the average registered nurse salary,msmarco-passage/train,ielabgroup/vec2text_gtr-base-st_corrector
42255,average salary for dental hygienist in nebraska,what long you have to go to college to become a hygienist-dentist-hygieniacist,CorrelationGECO,5,0.001,how long do i have to go to college to become a dental hygienist,msmarco-passage/train,ielabgroup/vec2text_gtr-base-st_corrector
42255,average salary for dental hygienist in nebraska,"at an average salary of $90,000 and a salary of $90,000 for the United States Nurse Practitioners (NPPs)",CorrelationGECO,5,0.001,average salary for nurse practitioners,msmarco-passage/train,ielabgroup/vec2text_gtr-base-st_corrector
42255,average salary for dental hygienist in nebraska,"a median salary of $60,000 a year for a nurse in Thomasville or the Thoma-Attawn",CorrelationGECO,5,0.001,what is the average salary for a nurse in thomasville ga,msmarco-passage/train,ielabgroup/vec2text_gtr-base-st_corrector
42255,average salary for dental hygienist in nebraska,"salary of $17,500 to $17,500 for a cosmometadologist and cosmetologist, and corresponding average",CorrelationGECO,5,0.001,average salary for cosmetologist,msmarco-passage/train,ielabgroup/vec2text_gtr-base-st_corrector
42255,average salary for dental hygienist in nebraska,of the U.S. dollar and advct. United States dentist averaged a dental income of 139  20,CorrelationGECO,5,0.001,us dentist income average,msmarco-passage/train,ielabgroup/vec2text_gtr-base-st_corrector
42255,average salary for dental hygienist in nebraska,"as a general practice nurse (houston housing) average salary and a median annual salary of $19,030 apiece",CorrelationGECO,5,0.001,average nurse salary houston,msmarco-passage/train,ielabgroup/vec2text_gtr-base-st_corrector
42255,average salary for dental hygienist in nebraska,starting salary for a new dental hygienist/pentaphiliac graduate of pennsylvania and,CorrelationGECO,5,0.001,starting salary for dental hygienist new graduate in pennsylvania,msmarco-passage/train,ielabgroup/vec2text_gtr-base-st_corrector
47210,average wedding dress alteration cost,who elopes or a king or a lone savage begins a wedding cost between $80 and $125,CorrelationGECO,5,0.001,how much does the average wedding cost,msmarco-passage/train,ielabgroup/vec2text_gtr-base-st_corrector
47210,average wedding dress alteration cost,"of average cost per person for a wedding reception, i.e.,",CorrelationGECO,5,0.001,average cost per person for wedding reception,msmarco-passage/train,ielabgroup/vec2text_gtr-base-st_corrector
47210,average wedding dress alteration cost,(price 0–50 cents) or cost of a small wedding cake (past 0–50 cents) or wedding cake,CorrelationGECO,5,0.001,cost of small wedding cake,msmarco-passage/train,ielabgroup/vec2text_gtr-base-st_corrector
47210,average wedding dress alteration cost,cost of flowers for a wedding in South Africa i.e. 200 - 200 - 200 - average,CorrelationGECO,5,0.001,average cost of flowers for a wedding in south africa,msmarco-passage/train,ielabgroup/vec2text_gtr-base-st_corrector
47210,average wedding dress alteration cost,"a pastor or a saint assembler, a minister cost between 60 and 90 cents for the cost of a",CorrelationGECO,5,0.001,how much does a minister cost for a wedding,msmarco-passage/train,ielabgroup/vec2text_gtr-base-st_corrector
47210,average wedding dress alteration cost,"average cost of a garage door adjustment (i.e., $45 to $600) to fix the jogging balance and noise reduction",CorrelationGECO,5,0.001,average cost for a garage door adjustment,msmarco-passage/train,ielabgroup/vec2text_gtr-base-st_corrector
47210,average wedding dress alteration cost,"in the cost of a small wedding, a cost of 175–1200 cinctas or the average cost",CorrelationGECO,5,0.001,what is the average cost of a small wedding,msmarco-passage/train,ielabgroup/vec2text_gtr-base-st_corrector
47210,average wedding dress alteration cost,(medium to high cost of money or a savanna of love or sleep) is the average price of weddings or 70,CorrelationGECO,5,0.001,what is price of average wedding,msmarco-passage/train,ielabgroup/vec2text_gtr-base-st_corrector
47210,average wedding dress alteration cost,"charge of a bridal drool, a bridal updo is a charge of $50 to $100 based on the style",CorrelationGECO,5,0.001,how much to charge for a bridal updo,msmarco-passage/train,ielabgroup/vec2text_gtr-base-st_corrector
47210,average wedding dress alteration cost,"American wedding and e-wedding, a European wedding cost of 1 - 20 - 150 Euros cost",CorrelationGECO,5,0.001,european wedding cost,msmarco-passage/train,ielabgroup/vec2text_gtr-base-st_corrector
555530,what are best foods to lower cholesterol,"foods ranging from eggs to meat, rye flakes to a low cholesterol diet for children whose cholesterol is lower than a fatty",CorrelationGECO,5,0.001,foods to lower cholesterol for kids,msmarco-passage/train,ielabgroup/vec2text_gtr-base-st_corrector
555530,what are best foods to lower cholesterol,"foods that reduce cholesterol levels in a diet, e.g. rye oats, frozen beef, chocolate",CorrelationGECO,5,0.001,foods that reduce cholesterol levels,msmarco-passage/train,ielabgroup/vec2text_gtr-base-st_corrector
555530,what are best foods to lower cholesterol,"a list of foods that are blood thinners, e.g., thiamin, thiamin, and prazol",CorrelationGECO,5,0.001,list of foods that are blood thinners,msmarco-passage/train,ielabgroup/vec2text_gtr-base-st_corrector
555530,what are best foods to lower cholesterol,"foods such as rye, ovum, fecal, and a handful of fat that is good for the thyroid and the",CorrelationGECO,5,0.001,foods that are good for the thyroid,msmarco-passage/train,ielabgroup/vec2text_gtr-base-st_corrector
555530,what are best foods to lower cholesterol,"a number of foods to eat in the diet of gastritis, including rye eucalyptus, starch",CorrelationGECO,5,0.001,list of foods to eat with gastritis,msmarco-passage/train,ielabgroup/vec2text_gtr-base-st_corrector
555530,what are best foods to lower cholesterol,"foods and beverages to lower blood pressure, e.g., oats, berries, and fowl to lower sugar intake",CorrelationGECO,5,0.001,foods and beverages to lower blood pressure,msmarco-passage/train,ielabgroup/vec2text_gtr-base-st_corrector
555530,what are best foods to lower cholesterol,"foods containing a variety of fats, such as garbanzo oil and fresh acorns, that help treat prostate problems .",CorrelationGECO,5,0.001,foods that help prostate problems,msmarco-passage/train,ielabgroup/vec2text_gtr-base-st_corrector
555530,what are best foods to lower cholesterol,"foods rich in fried onions, heddar oats, or hydroclol, is high in HDL",CorrelationGECO,5,0.001,what food is high in hdl cholesterol,msmarco-passage/train,ielabgroup/vec2text_gtr-base-st_corrector
555530,what are best foods to lower cholesterol,"the foods recommended for the treatment of leg cramps, e.g., a fried carrot, a fried margarine",CorrelationGECO,5,0.001,foods recommended for leg cramps,msmarco-passage/train,ielabgroup/vec2text_gtr-base-st_corrector
555530,what are best foods to lower cholesterol,foods to decrease a tequila. Foods that decrease a blood sugar are able to decrease cortas and broccoli,CorrelationGECO,5,0.001,foods to help decrease cortas,msmarco-passage/train,ielabgroup/vec2text_gtr-base-st_corrector
583468,what carvedilol used for,drontal for cats is used as an antidrug for the treatment of a phlocyboid tumor or for,CorrelationGECO,5,0.001,what is drontal for cats used for,msmarco-passage/train,ielabgroup/vec2text_gtr-base-st_corrector
583468,what carvedilol used for,"(Sepias and Lyme Diseases), diclegis is used for delivering safe sedative drugs. It is used",CorrelationGECO,5,0.001,what is diclegis used for,msmarco-passage/train,ielabgroup/vec2text_gtr-base-st_corrector
583468,what carvedilol used for,"with the use of a booby-boob, Wild Mallow is used for its medicinal properties and for its adolescent",CorrelationGECO,5,0.001,what is wild mallow used for,msmarco-passage/train,ielabgroup/vec2text_gtr-base-st_corrector
583468,what carvedilol used for,"use of the Chippewa, they are well known for their use in a wide range of weapons and elusion. This led",CorrelationGECO,5,0.001,the chippewa are well known for the use of what,msmarco-passage/train,ielabgroup/vec2text_gtr-base-st_corrector
583468,what carvedilol used for,"to treat a prescription of the medication, the bentyl BDiryl Hortamine, which is used for patients suffering from a prescription",CorrelationGECO,5,0.001,what is the prescription bentyl used for,msmarco-passage/train,ielabgroup/vec2text_gtr-base-st_corrector
583468,what carvedilol used for,amitriptyline is used to treat a variety of adversitaries and other tracheotomophobias,CorrelationGECO,5,0.001,what is amitriptyline used for treating,msmarco-passage/train,ielabgroup/vec2text_gtr-base-st_corrector
583468,what carvedilol used for,"used to treat evenocide and glucaemia, quaaludes are used as a medication for the millions of alcoholic",CorrelationGECO,5,0.001,what are quaaludes used for,msmarco-passage/train,ielabgroup/vec2text_gtr-base-st_corrector
583468,what carvedilol used for,"used as a treatment drug, zorvolex is used to treat zemorrhagic and euphoric disorders during",CorrelationGECO,5,0.001,what is zorvolex used to treat,msmarco-passage/train,ielabgroup/vec2text_gtr-base-st_corrector
583468,what carvedilol used for,pylera is used for the pylema therapy (Pyra) or pyra function in hospitals,CorrelationGECO,5,0.001,what is pylera used for,msmarco-passage/train,ielabgroup/vec2text_gtr-base-st_corrector
583468,what carvedilol used for,-Costazol is used for the treatment of cholestasis and cystic emphysema patients,CorrelationGECO,5,0.001,what is cilostazol used for,msmarco-passage/train,ielabgroup/vec2text_gtr-base-st_corrector
640502,what does it mean if your tsh is low,"to a change in tyrosine sulfate (TSH) levels, it would take 45 to 60 days for the level",CorrelationGECO,5,0.001,how long would it take tsh level to change,msmarco-passage/train,ielabgroup/vec2text_gtr-base-st_corrector
640502,what does it mean if your tsh is low,"During a time when the body is atypical, a low thyroid or a low ovulation can cause decreased hormone in female",CorrelationGECO,5,0.001,what can cause low hormone in female,msmarco-passage/train,ielabgroup/vec2text_gtr-base-st_corrector
640502,what does it mean if your tsh is low,(often built to a straight line or a corbeted pannel) a low-slope roof is a definition,CorrelationGECO,5,0.001,what is defined as a low-slope roof,msmarco-passage/train,ielabgroup/vec2text_gtr-base-st_corrector
640502,what does it mean if your tsh is low,"when you are a thyroid ailment, thyroid medication or other tycophane medication can cause you to feel tired or tired",CorrelationGECO,5,0.001,can thyroid medication cause you to be tired,msmarco-passage/train,ielabgroup/vec2text_gtr-base-st_corrector
640502,what does it mean if your tsh is low,is hypothyroidism (an endocrine disorder) or hypothyroidism (endocrine endocrine endos,CorrelationGECO,5,0.001,is hypothyroidism an endocrine disorder,msmarco-passage/train,ielabgroup/vec2text_gtr-base-st_corrector
640502,what does it mean if your tsh is low,a low protein in the blood means protein is a work or test for a certain amount of protein and a low frequency of methamp,CorrelationGECO,5,0.001,what does low protein mean in blood work,msmarco-passage/train,ielabgroup/vec2text_gtr-base-st_corrector
640502,what does it mean if your tsh is low,using a simple marker such as a salt ionizer and a small dose of water to identify low sodium. This will be easy to,CorrelationGECO,5,0.001,how to identify low sodium,msmarco-passage/train,ielabgroup/vec2text_gtr-base-st_corrector
640502,what does it mean if your tsh is low,"of the word 'thyroid' or 'thyroid', is a class of foods and other substances on which the body part of meaning",CorrelationGECO,5,0.001,what does thyroid mean,msmarco-passage/train,ielabgroup/vec2text_gtr-base-st_corrector
640502,what does it mean if your tsh is low,a 'low frequency' (or 'low adrenaline') means that it is a frequency that is not present,CorrelationGECO,5,0.001,what does low frequency mean,msmarco-passage/train,ielabgroup/vec2text_gtr-base-st_corrector
640502,what does it mean if your tsh is low,when a hematopoietic test (such as platelet count or a melanoma) is low platelet count,CorrelationGECO,5,0.001,when platelet count is low,msmarco-passage/train,ielabgroup/vec2text_gtr-base-st_corrector
67316,can fever cause miscarriage early pregnancy,"During pregnancy, squams, cervixia and organs are normal but cramps are present at the beginning of pregnancy",CorrelationGECO,5,0.001,are cramps at the beginning of pregnancy normal,msmarco-passage/train,ielabgroup/vec2text_gtr-base-st_corrector
67316,can fever cause miscarriage early pregnancy,"where a temperature of 170 °C (170 °F) for a fever is lethal, the fatal fever",CorrelationGECO,5,0.001,what temperature for a fever is lethal,msmarco-passage/train,ielabgroup/vec2text_gtr-base-st_corrector
67316,can fever cause miscarriage early pregnancy,"is ambien safe during pregnancy, if a pregnant baby is afew and if a baby is a safe sleep",CorrelationGECO,5,0.001,is ambien safe in pregnancy,msmarco-passage/train,ielabgroup/vec2text_gtr-base-st_corrector
67316,can fever cause miscarriage early pregnancy,"from the heart, where they are placed on hot blisters or cold capsules. You get a fever blister (or coldchill blisters)",CorrelationGECO,5,0.001,where do you get fever blisters,msmarco-passage/train,ielabgroup/vec2text_gtr-base-st_corrector
67316,can fever cause miscarriage early pregnancy,"fever symptoms (naphlegm, numbness, chills, and nausea) are symptoms of disc hern",CorrelationGECO,5,0.001,disc herniation symptoms fever,msmarco-passage/train,ielabgroup/vec2text_gtr-base-st_corrector
67316,can fever cause miscarriage early pregnancy,"if you have a fever, i.e. a sloshing of your lower back, it tells you have fever",CorrelationGECO,5,0.001,how to tell if i have a fever,msmarco-passage/train,ielabgroup/vec2text_gtr-base-st_corrector
67316,can fever cause miscarriage early pregnancy,"when pregnant, you can gain weight as early as 1 to 8 mt after you have a pregnancy-related pregnancy whittling",CorrelationGECO,5,0.001,how soon can you gain weight when pregnant,msmarco-passage/train,ielabgroup/vec2text_gtr-base-st_corrector
67316,can fever cause miscarriage early pregnancy,"during which the stage of syphilis is in progress, a rash and a fever stage occurs in which syphilis",CorrelationGECO,5,0.001,during which stage of syphilis does a fever and a rash occur,msmarco-passage/train,ielabgroup/vec2text_gtr-base-st_corrector
67316,can fever cause miscarriage early pregnancy,"pregnancy cold symptoms are signs of pregnancy, such as indigestion, scolding, emaciation, nausea, and bowel",CorrelationGECO,5,0.001,cold symptoms pregnancy,msmarco-passage/train,ielabgroup/vec2text_gtr-base-st_corrector
67316,can fever cause miscarriage early pregnancy,"a fetus pill, vitamin C vitamin c and vitamin C vitamin c1 may cause miscarriage",CorrelationGECO,5,0.001,which vitamin c pills cause miscarriage,msmarco-passage/train,ielabgroup/vec2text_gtr-base-st_corrector
673670,what is a alm,A group is a group of alcoholic ailment (AB) and autoimmune disease (AA). The group began in a group known,CorrelationGECO,5,0.001,what is aa group,msmarco-passage/train,ielabgroup/vec2text_gtr-base-st_corrector
673670,what is a alm,avm  avm is a standard-technology acoustic vehicle (Microsoft VMI),CorrelationGECO,5,0.001,what is avm,msmarco-passage/train,ielabgroup/vec2text_gtr-base-st_corrector
673670,what is a alm,"are: Volm are a volcanic relict plant. They are known as vanumulus, and are a gateway to",CorrelationGECO,5,0.001,what are volm,msmarco-passage/train,ielabgroup/vec2text_gtr-base-st_corrector
673670,what is a alm,"a alter  is a vicarage of the, who is known as alter, who manages her",CorrelationGECO,5,0.001,who is a alter,msmarco-passage/train,ielabgroup/vec2text_gtr-base-st_corrector
673670,what is a alm,"known as ambar, is a rich venile that helps farmers to grow vegetables and chards. It is an amber berry",CorrelationGECO,5,0.001,what is ambar,msmarco-passage/train,ielabgroup/vec2text_gtr-base-st_corrector
673670,what is a alm,"the initial ASTM and stands for ""Astounding General Fabrication Thorne Egane Tmlt. Spectr",CorrelationGECO,5,0.001,what the initial astm stand for,msmarco-passage/train,ielabgroup/vec2text_gtr-base-st_corrector
673670,what is a alm,DM management DM Management (or Dmm management) is a system of e-managing the management of a company's private,CorrelationGECO,5,0.001,what is dmm management,msmarco-passage/train,ielabgroup/vec2text_gtr-base-st_corrector
673670,what is a alm,"ema is a mammalian ema, a type of ema that is released to children of manufacturers",CorrelationGECO,5,0.001,what is an ema,msmarco-passage/train,ielabgroup/vec2text_gtr-base-st_corrector
673670,what is a alm,Upm stands for Unified Manpower Upm is the,CorrelationGECO,5,0.001,what does upm stand for,msmarco-passage/train,ielabgroup/vec2text_gtr-base-st_corrector
673670,what is a alm,elm bug elm bug (elm bug) is a bug of the elm tree,CorrelationGECO,5,0.001,what is elm bug,msmarco-passage/train,ielabgroup/vec2text_gtr-base-st_corrector
701453,what is a statutory deed,Depot st. (prominently located between 9th and 11th streets in the city of Pune and is a residential neighbourhood of St,CorrelationGECO,5,0.001,where is depot st,msmarco-passage/train,ielabgroup/vec2text_gtr-base-st_corrector
701453,what is a statutory deed,(a.k.a. Stigma) is a genital autoimmune disease of the brain and a branch of the optic ray,CorrelationGECO,5,0.001,what is stigma?,msmarco-passage/train,ielabgroup/vec2text_gtr-base-st_corrector
701453,what is a statutory deed,sexually transmitted disease (S.D.D.) are a sex disease defined as a disease of the sexes present,CorrelationGECO,5,0.001,sexually transmitted disease definition,msmarco-passage/train,ielabgroup/vec2text_gtr-base-st_corrector
701453,what is a statutory deed,(known as The Dawes Act) was a senate act of the 16th Dale-Davis-Henderson,CorrelationGECO,5,0.001,what was the dawes act,msmarco-passage/train,ielabgroup/vec2text_gtr-base-st_corrector
701453,what is a statutory deed,"a product of improved glyceride synthesis (sdl) or a sdl, is a sup",CorrelationGECO,5,0.001,what is an sdl,msmarco-passage/train,ielabgroup/vec2text_gtr-base-st_corrector
701453,what is a statutory deed,"by a writ of condolence, hi commissioner deed. Definition : Hi Commissioner deed : a form",CorrelationGECO,5,0.001,hi commissioner deed definition,msmarco-passage/train,ielabgroup/vec2text_gtr-base-st_corrector
701453,what is a statutory deed,"a quitclaim deed in California, it is a writ of a hiath or a trustshare",CorrelationGECO,5,0.001,what is a quitclaim deed in california,msmarco-passage/train,ielabgroup/vec2text_gtr-base-st_corrector
701453,what is a statutory deed,subside,CorrelationGECO,5,0.001,subside define,msmarco-passage/train,ielabgroup/vec2text_gtr-base-st_corrector
701453,what is a statutory deed,a deed or quitclaim deed is a writ of trust that is crafted and executed by the United States Tax,CorrelationGECO,5,0.001,what is a quitclaim deed,msmarco-passage/train,ielabgroup/vec2text_gtr-base-st_corrector
701453,what is a statutory deed,business law statute (B.C.V.         ) is definition,CorrelationGECO,5,0.001,business law statute define,msmarco-passage/train,ielabgroup/vec2text_gtr-base-st_corrector
730539,what is chronometer who invented it,"after the invention of the eponymous 18th century, E. E. Eagleton and J. E. Newton invented the electronic",CorrelationGECO,5,0.001,who invented the electronic thermometer,msmarco-passage/train,ielabgroup/vec2text_gtr-base-st_corrector
730539,what is chronometer who invented it,"who designed Hoover dam, the turbines of Hoover-Hahn designed spherical turbines with high-pressure tails",CorrelationGECO,5,0.001,who designed turbines of hoover dam,msmarco-passage/train,ielabgroup/vec2text_gtr-base-st_corrector
730539,what is chronometer who invented it,"definition of a chronotropic effect, a chronochronic effect is a time-switching effect of dopamine and other objects",CorrelationGECO,5,0.001,chronotropic effect definition,msmarco-passage/train,ielabgroup/vec2text_gtr-base-st_corrector
730539,what is chronometer who invented it,"created by Robert D. Lazarevich and a group of artists with a history of anti-pop culture, who created Counterculture",CorrelationGECO,5,0.001,who created counterculture,msmarco-passage/train,ielabgroup/vec2text_gtr-base-st_corrector
730539,what is chronometer who invented it,"(additions of atomic diagrams and a new atomic table) is credited for the first periodic table, led by Nicol",CorrelationGECO,5,0.001,who was credited for the first periodic table,msmarco-passage/train,ielabgroup/vec2text_gtr-base-st_corrector
730539,what is chronometer who invented it,"(b. c. c. c. c. c. d.) invented the steam engine, of Oxford and Napoleon",CorrelationGECO,5,0.001,who invented the steam engine quizlet,msmarco-passage/train,ielabgroup/vec2text_gtr-base-st_corrector
730539,what is chronometer who invented it,is there a watch that measures,CorrelationGECO,5,0.001,is there a watch that measures blood pressure,msmarco-passage/train,ielabgroup/vec2text_gtr-base-st_corrector
730539,what is chronometer who invented it,definition of chronograph (chronogram) is a chromosomal chronograph of a quartz crystal display mechanism and a collection of,CorrelationGECO,5,0.001,chronograph definition,msmarco-passage/train,ielabgroup/vec2text_gtr-base-st_corrector
730539,what is chronometer who invented it,"with a new light bulb, a light bulb developed by a group of scientists, namely, Abraham Lincoln, Thomas Egoslav, invented",CorrelationGECO,5,0.001,who invented light bulb,msmarco-passage/train,ielabgroup/vec2text_gtr-base-st_corrector
730539,what is chronometer who invented it,"who invented the gyroscope, a gyroscope and the gyroscope of George Bernard Hubbar",CorrelationGECO,5,0.001,who invented the gyroscope,msmarco-passage/train,ielabgroup/vec2text_gtr-base-st_corrector
768208,what is mamey,"(porky, awlish, dark-flake, ruminant) is another name for Pasty. Other common names",CorrelationGECO,5,0.001,another name for pasty,msmarco-passage/train,ielabgroup/vec2text_gtr-base-st_corrector
768208,what is mamey,"a gibbon e-book, known as Mobi, is a network of memory connections for the iPad and iPhone.",CorrelationGECO,5,0.001,what is mobi?,msmarco-passage/train,ielabgroup/vec2text_gtr-base-st_corrector
768208,what is mamey,It is umami (also known as ummami) is a food chain that is a complex form of heat and water that is macul,CorrelationGECO,5,0.001,what is umami,msmarco-passage/train,ielabgroup/vec2text_gtr-base-st_corrector
768208,what is mamey,"a vivacious, a brilliant, a brilliant, a living student, Mairead Doyle (Maryle Thurston)",CorrelationGECO,5,0.001,mairead doyle,msmarco-passage/train,ielabgroup/vec2text_gtr-base-st_corrector
768208,what is mamey,"a meme (also known as a fed, a pygmy, or a pizza) is a animal",CorrelationGECO,5,0.001,what is a meme?,msmarco-passage/train,ielabgroup/vec2text_gtr-base-st_corrector
768208,what is mamey,"(Benjamin Pablo and Charlotte Calypso) 'bey' meaning 'of a good people', meaning",CorrelationGECO,5,0.001,bey meaning,msmarco-passage/train,ielabgroup/vec2text_gtr-base-st_corrector
768208,what is mamey,AVAYA Oceana avaya is a sea avalanche which is a recognized oceanic collection of sea fjor,CorrelationGECO,5,0.001,what is avaya oceana,msmarco-passage/train,ielabgroup/vec2text_gtr-base-st_corrector
768208,what is mamey,a palfrey is a fish and a flora of the wetlands. It is known as a palfre,CorrelationGECO,5,0.001,what is a palfrey,msmarco-passage/train,ielabgroup/vec2text_gtr-base-st_corrector
768208,what is mamey,along with Priyanka Choosin and Janissa Windy. Maitreya is a person of 2015. 2015,CorrelationGECO,5,0.001,who is maitreya 2015,msmarco-passage/train,ielabgroup/vec2text_gtr-base-st_corrector
768208,what is mamey,"meaning of the name of 'Kacey', a feminine name associated with her family, 'Kacie Jane Polanski",CorrelationGECO,5,0.001,meaning of the name kacey,msmarco-passage/train,ielabgroup/vec2text_gtr-base-st_corrector
877809,what metal are hip replacements made of,The technique that is performed to detect hip dislocation by all infants during a first year of life is performed by an in-vivo assessment examination,CorrelationGECO,5,0.001,what technique is performed at every infant examination during the first year of life to detect hip dislocation,msmarco-passage/train,ielabgroup/vec2text_gtr-base-st_corrector
877809,what metal are hip replacements made of,"Usually it's like having a joint that feels like it's aging, or that my hip joints are deteriorating at this point",CorrelationGECO,5,0.001,what does it feel like when your hip joints are deteriorating?,msmarco-passage/train,ielabgroup/vec2text_gtr-base-st_corrector
877809,what metal are hip replacements made of,is the femoral neck          is part of the hip,CorrelationGECO,5,0.001,is the femoral neck part of the hip,msmarco-passage/train,ielabgroup/vec2text_gtr-base-st_corrector
877809,what metal are hip replacements made of,"a type of metal, rebar, or refractum, is a metal-rich metal, reliance-s",CorrelationGECO,5,0.001,what kind of metal is rebar,msmarco-passage/train,ielabgroup/vec2text_gtr-base-st_corrector
877809,what metal are hip replacements made of,"made of chromium (a carbon-like product of nitride and hydrogen ions), chromium is made of",CorrelationGECO,5,0.001,what is chromium made of,msmarco-passage/train,ielabgroup/vec2text_gtr-base-st_corrector
877809,what metal are hip replacements made of,"based on the temperature and stability of the metals, hediostal copper metal is the most heat resistant metal and is capable of",CorrelationGECO,5,0.001,what what is the most heat resistant metal,msmarco-passage/train,ielabgroup/vec2text_gtr-base-st_corrector
877809,what metal are hip replacements made of,"after a hip surgery, a period of recovery from pain, a period of recovery from pain, and a 90-120-minute healing",CorrelationGECO,5,0.001,after hip surgery  how long to heal,msmarco-passage/train,ielabgroup/vec2text_gtr-base-st_corrector
877809,what metal are hip replacements made of,"design for metals. Allowable designs for metals are able to be designed with a range of solids, alumina, and",CorrelationGECO,5,0.001,what are design allowables for metals,msmarco-passage/train,ielabgroup/vec2text_gtr-base-st_corrector
877809,what metal are hip replacements made of,"made of apex and brown pigskin, a diaper (or a diaper) is made of a tough substance made of",CorrelationGECO,5,0.001,what is a diaper made of,msmarco-passage/train,ielabgroup/vec2text_gtr-base-st_corrector
877809,what metal are hip replacements made of,"because people (or people who have a hip replacement) need them to replace their limbs, bones, and joints that are prone to loss",CorrelationGECO,5,0.001,why do people need hip replacements,msmarco-passage/train,ielabgroup/vec2text_gtr-base-st_corrector
911232,"what type of conflict does della face in o, henry the gift of the magi","it is because he apologists love, Tybalt fights Romeo so that he can go into battle against the rom",CorrelationGECO,5,0.001,why does tybalt fight romeo,msmarco-passage/train,ielabgroup/vec2text_gtr-base-st_corrector
911232,"what type of conflict does della face in o, henry the gift of the magi",summary of chapter 8 of the lilies chapter chapter 8 is a chapter describing the suffrage of the saviors,CorrelationGECO,5,0.001,lord of the flies chapter 8 summary,msmarco-passage/train,ielabgroup/vec2text_gtr-base-st_corrector
911232,"what type of conflict does della face in o, henry the gift of the magi","because of a misunderstood and a desire for the king and the army, the Paoli massacre happened and it happened",CorrelationGECO,5,0.001,why did the paoli massacre happen,msmarco-passage/train,ielabgroup/vec2text_gtr-base-st_corrector
911232,"what type of conflict does della face in o, henry the gift of the magi","who wrote the short story       , the gift of the magi is a short story",CorrelationGECO,5,0.001,who wrote the short story gift of the magi,msmarco-passage/train,ielabgroup/vec2text_gtr-base-st_corrector
911232,"what type of conflict does della face in o, henry the gift of the magi",scotish paper famous personalities names in injunction have long been in anguish and a long run paper dealing with famous personalities whose,CorrelationGECO,5,0.001,scottish paper name well known personalities in injunction,msmarco-passage/train,ielabgroup/vec2text_gtr-base-st_corrector
911232,"what type of conflict does della face in o, henry the gift of the magi",(as a result of a long-running story) is a conflicting story that is a story that combines the story,CorrelationGECO,5,0.001,what is a conflicting story,msmarco-passage/train,ielabgroup/vec2text_gtr-base-st_corrector
911232,"what type of conflict does della face in o, henry the gift of the magi","what resources were fought over in Ireland, i.e. 'irish' (coal and flour) and 'fuel's",CorrelationGECO,5,0.001,what resources were fought over in ireland,msmarco-passage/train,ielabgroup/vec2text_gtr-base-st_corrector
911232,"what type of conflict does della face in o, henry the gift of the magi",who romantic artist was in a hamlet when Napoléon overthrew the government (Spain) after its free-poland,CorrelationGECO,5,0.001,what romantic artist was in spain when napoleon overthrew its government,msmarco-passage/train,ielabgroup/vec2text_gtr-base-st_corrector
911232,"what type of conflict does della face in o, henry the gift of the magi",why Queen Dame Elizabeth drew a sarcasm and hated Nicola and the Queen of Aragon,CorrelationGECO,5,0.001,why did queen elizabeth hate diana,msmarco-passage/train,ielabgroup/vec2text_gtr-base-st_corrector
911232,"what type of conflict does della face in o, henry the gift of the magi",when a conflict of interest occurs – or between a co-employee and an employee – during the working weeks.,CorrelationGECO,5,0.001,when does a conflict of interest occur for an employee?,msmarco-passage/train,ielabgroup/vec2text_gtr-base-st_corrector
914916,what type of tissue are bronchioles,the structure of the primary bronchi when compared to the structure of the trachea and how the trachea encapsulates,CorrelationGECO,5,0.001,how does the structure of the primary bronchi compared with that of the trachea,msmarco-passage/train,ielabgroup/vec2text_gtr-base-st_corrector
914916,what type of tissue are bronchioles,"type tissue of the alveoli, the alveoli is the respiratory epithelium (epitheloma) .",CorrelationGECO,5,0.001,what type of tissue is the respiratory epithelium of the alveoli?,msmarco-passage/train,ielabgroup/vec2text_gtr-base-st_corrector
914916,what type of tissue are bronchioles,are bronchi and bronchioles (codle) and bronchioles (frasts) the same,CorrelationGECO,5,0.001,are bronchi and bronchioles the same thing,msmarco-passage/train,ielabgroup/vec2text_gtr-base-st_corrector
914916,what type of tissue are bronchioles,gland contains islets of Langhans. These are the glands that produce a fine elongated porphyrin,CorrelationGECO,5,0.001,what gland contains islets of langerhans,msmarco-passage/train,ielabgroup/vec2text_gtr-base-st_corrector
914916,what type of tissue are bronchioles,"to avoid abrasion and ureteral trachea, the supportive tissue that prevents kidney infection spreads by lining and creating",CorrelationGECO,5,0.001,what supportive tissue prevents spread of infection to kidneys,msmarco-passage/train,ielabgroup/vec2text_gtr-base-st_corrector
914916,what type of tissue are bronchioles,"(i.e., the spermatic system or the obstetric system) are the types of tissues in the reproductive ganglia",CorrelationGECO,5,0.001,what type of tissues are in the reproductive system,msmarco-passage/train,ielabgroup/vec2text_gtr-base-st_corrector
914916,what type of tissue are bronchioles,"the tissue that protects against heat loss, insulating tissue with a left rib cage, and thermoplastic glands that protect against heat loss",CorrelationGECO,5,0.001,what tissue protects against heat loss,msmarco-passage/train,ielabgroup/vec2text_gtr-base-st_corrector
914916,what type of tissue are bronchioles,"the origin of the biceps brachii, formally the biceps-brachii sclerotid",CorrelationGECO,5,0.001,what is the origin of the biceps brachii,msmarco-passage/train,ielabgroup/vec2text_gtr-base-st_corrector
914916,what type of tissue are bronchioles,from a person’s health when a cough can last for 2 to 3 weeks after bronchitis or a bronchit,CorrelationGECO,5,0.001,how long can a cough last after bronchitis,msmarco-passage/train,ielabgroup/vec2text_gtr-base-st_corrector
914916,what type of tissue are bronchioles,"stoat cells that lining the veoli and aeoli, are the two cells found in the lungs and are generally",CorrelationGECO,5,0.001,name the two type of cells found lining the alveoli,msmarco-passage/train,ielabgroup/vec2text_gtr-base-st_corrector
938400,when did family feud come out?,"1976 during the opening act of Big Boy Fall, Fat Man Drop was released on January 4, 2017, and was accompanied by harpist James Hamilton on",CorrelationGECO,5,0.001,when was fat man dropped,msmarco-passage/train,ielabgroup/vec2text_gtr-base-st_corrector
938400,when did family feud come out?,"year color television came out, i.e., 1987, the year the NBC/Audio-Films production came out",CorrelationGECO,5,0.001,what year did color television come out?,msmarco-passage/train,ielabgroup/vec2text_gtr-base-st_corrector
938400,when did family feud come out?,Assassin's Creed unity came out in the eponymous 2015 epsey of the Nintendo Orient game,CorrelationGECO,5,0.001,when did assassin's creed unity come out,msmarco-passage/train,ielabgroup/vec2text_gtr-base-st_corrector
938400,when did family feud come out?,"in 1987 when a new jack o' slam out came out, New City was released in the U.S. in February",CorrelationGECO,5,0.001,when did new jack city come out,msmarco-passage/train,ielabgroup/vec2text_gtr-base-st_corrector
938400,when did family feud come out?,"on the debut of the newly released Squeal & Lemon Juice, 1966-07-09 Jungle Love is the first release jungle love was",CorrelationGECO,5,0.001,when was jungle love first released,msmarco-passage/train,ielabgroup/vec2text_gtr-base-st_corrector
938400,when did family feud come out?,"on January 14, 1975 with a starring billboard juggling with Ross Dane, Cheers (Airdate: 1970) was aire",CorrelationGECO,5,0.001,when did cheers aired,msmarco-passage/train,ielabgroup/vec2text_gtr-base-st_corrector
938400,when did family feud come out?,"in the year the oz-based 3D movie ""The Wizard of Oz"" (Ogibo montage) came out",CorrelationGECO,5,0.001,what year did the wizard of oz movie come out,msmarco-passage/train,ielabgroup/vec2text_gtr-base-st_corrector
938400,when did family feud come out?,"year was Free All Right Now original release, c. 1990, despite the reluctance of the original artists and Andrew Leno",CorrelationGECO,5,0.001,what year was free all right now original release,msmarco-passage/train,ielabgroup/vec2text_gtr-base-st_corrector
938400,when did family feud come out?,"on February 19, 2017, when Foursome is coming out, and is scheduled to be released in the summer of 2019 along with Ashley Carter and Vivien",CorrelationGECO,5,0.001,when is foursome coming out,msmarco-passage/train,ielabgroup/vec2text_gtr-base-st_corrector
938400,when did family feud come out?,"(1995) about neo-Cybernetics and ambivalence, on July 24, 1995, Frederick Freud died",CorrelationGECO,5,0.001,when did freud die,msmarco-passage/train,ielabgroup/vec2text_gtr-base-st_corrector
940547,when did rock n roll begin?,"beginning when the Super Bowl runner-up Tampa Bay Chargers and the Redskins began and on February 24, 1863 the NFL began and is",CorrelationGECO,5,0.001,when did the nfl begin,msmarco-passage/train,ielabgroup/vec2text_gtr-base-st_corrector
940547,when did rock n roll begin?,"c. 464 BC, plastic was created, forming one of the earliest incarnations of our society, and later being created.",CorrelationGECO,5,0.001,when was plastic created?,msmarco-passage/train,ielabgroup/vec2text_gtr-base-st_corrector
940547,when did rock n roll begin?,"starting from 1687, when International Paper, a newspaper in the United Arab Emirates, began issuing international papers. It dates from the mid-1960",CorrelationGECO,5,0.001,when did international paper start,msmarco-passage/train,ielabgroup/vec2text_gtr-base-st_corrector
940547,when did rock n roll begin?,"beginning in 1937, a result of a press release from the NSA, pisa tests began in January 2015 and a resultant test",CorrelationGECO,5,0.001,when did pisa tests begin,msmarco-passage/train,ielabgroup/vec2text_gtr-base-st_corrector
940547,when did rock n roll begin?,"which was a song by the Beatles, ""It Started Beatle,"" and the long-running title song to help start the Beatles'",CorrelationGECO,5,0.001,what song started the beatles,msmarco-passage/train,ielabgroup/vec2text_gtr-base-st_corrector
940547,when did rock n roll begin?,"year, 1915, the year of Wehrmacht (WWI) and Wehrmacht (WWII) started. It started",CorrelationGECO,5,0.001,what year did wwi start,msmarco-passage/train,ielabgroup/vec2text_gtr-base-st_corrector
940547,when did rock n roll begin?,in 1664 (the year the imperial system started) and in 1764 (the imperial system of metric orders) by the British king,CorrelationGECO,5,0.001,when did the imperial system start,msmarco-passage/train,ielabgroup/vec2text_gtr-base-st_corrector
940547,when did rock n roll begin?,"(Anthracona) and phylogenetic (Newtonian) in 780 BC, fungi first appeared to occur",CorrelationGECO,5,0.001,when did fungi first appear,msmarco-passage/train,ielabgroup/vec2text_gtr-base-st_corrector
940547,when did rock n roll begin?,"c. 464 BC, plastic was created, forming one of the earliest incarnations of our society, and later being created.",CorrelationGECO,5,0.001,when was plastic created?,msmarco-passage/train,ielabgroup/vec2text_gtr-base-st_corrector
940547,when did rock n roll begin?,the year the first baby (possibly a Beanie PENny or baby maternity hat) was released to the general sale,CorrelationGECO,5,0.001,what year did the first beanie baby come out for sale?,msmarco-passage/train,ielabgroup/vec2text_gtr-base-st_corrector
997622,where is the show shameless filmed,"on the Australian television series Boy Meets World, filmed at the Reemsham Boys' Museum, which is located in Los Angeles, California",CorrelationGECO,5,0.001,where is the boy meets world show filmed at,msmarco-passage/train,ielabgroup/vec2text_gtr-base-st_corrector
997622,where is the show shameless filmed,was a real hospital. No skunks were filmed in a real hospital for ER (Emmer-Health Clinic),CorrelationGECO,5,0.001,was er filmed in a real hospital?,msmarco-passage/train,ielabgroup/vec2text_gtr-base-st_corrector
997622,where is the show shameless filmed,"where the movie 'Broken Arrow' was filmed, and the short film 'Footse Break', filmed",CorrelationGECO,5,0.001,where was the movie broken arrow filmed,msmarco-passage/train,ielabgroup/vec2text_gtr-base-st_corrector
997622,where is the show shameless filmed,"osh (Shreveport, Ontario) osh is in the central open country, located between the Macon and May counties",CorrelationGECO,5,0.001,where is osh,msmarco-passage/train,ielabgroup/vec2text_gtr-base-st_corrector
997622,where is the show shameless filmed,"a portrait of balamory, a show filmed at Hamilton, Edinburgh and Farnborough, Australia, ""Bafiry",CorrelationGECO,5,0.001,where is balamory filmed,msmarco-passage/train,ielabgroup/vec2text_gtr-base-st_corrector
997622,where is the show shameless filmed,"where most of 'Duke of Hazzard's , , , , , and , was filmed on location",CorrelationGECO,5,0.001,where was most of dukes of hazzard filmed at,msmarco-passage/train,ielabgroup/vec2text_gtr-base-st_corrector
997622,where is the show shameless filmed,"where 'Mr Selfridge' is filmed, a stymie and a carpenter's home was filmed",CorrelationGECO,5,0.001,where was mr selfridge filmed,msmarco-passage/train,ielabgroup/vec2text_gtr-base-st_corrector
997622,where is the show shameless filmed,"in the U.S. city of Chinolchee, New Mexico, ""The Ranch"" was filmed on location, and was later",CorrelationGECO,5,0.001,where was the ranch filmed,msmarco-passage/train,ielabgroup/vec2text_gtr-base-st_corrector
997622,where is the show shameless filmed,"in a building near the town of Viljoensviken (Aarland) where ""The Vikings"" was filmed. Filming",CorrelationGECO,5,0.001,where was the vikings filmed,msmarco-passage/train,ielabgroup/vec2text_gtr-base-st_corrector
997622,where is the show shameless filmed,"the villas of Lacroix, California, and Meriden, England, the film Lady Vanishes was filmed and screened at",CorrelationGECO,5,0.001,where was the lady vanishes filmed,msmarco-passage/train,ielabgroup/vec2text_gtr-base-st_corrector
