query_id,text,obfuscatedText,mechanism,epsilon,top_percentile,pivot_query,pool,corrector_model
156493,do goldfish grow,"0 to 4 feet (11 to 13 m) high, ""Plumeria praecipenaria"" grow tall and plumeria",CosineGECO,20,0.001,how tall do plumeria grow,msmarco-passage/train,ielabgroup/vec2text_gtr-base-st_corrector
156493,do goldfish grow,"a physiologic growth, a physiologic growth (BY-DOOR: ANALYS) is a physiologic",CosineGECO,20,0.001,what is a physiologic growth,msmarco-passage/train,ielabgroup/vec2text_gtr-base-st_corrector
156493,do goldfish grow,apply a small amount of dye to a strand of a healthy dye to make dark growth. This will help grow in areas that are not,CosineGECO,20,0.001,how to make grow in dark dye,msmarco-passage/train,ielabgroup/vec2text_gtr-base-st_corrector
156493,do goldfish grow,"a tank or a turntop, goldfish spawn in stricken tanks between the 1st and 15th of their life cycle",CosineGECO,20,0.001,when do goldfish spawn in a tank,msmarco-passage/train,ielabgroup/vec2text_gtr-base-st_corrector
156493,do goldfish grow,"as big as 8 - 15 inches, your goldfish can get as big as 125 gram and can eat your mates and their flowers",CosineGECO,20,0.001,how big can my goldfish get,msmarco-passage/train,ielabgroup/vec2text_gtr-base-st_corrector
156493,do goldfish grow,"known as a year, a number of fish can live from 1 to 270 years and green and cheesy arrowfish live",CosineGECO,20,0.001,how many years can fish live,msmarco-passage/train,ielabgroup/vec2text_gtr-base-st_corrector
156493,do goldfish grow,is very strong is 2.4 m. Fish's hearing is as strong as the rate of receptivity to the frog.,CosineGECO,20,0.001,how strong are fish is hearing?,msmarco-passage/train,ielabgroup/vec2text_gtr-base-st_corrector
156493,do goldfish grow,"from 0 to 4.5 cm tall, green bean plants grow tall, and grow tall, ranging from 0 to 4.5 cm, and grow",CosineGECO,20,0.001,how tall do green bean plants grow,msmarco-passage/train,ielabgroup/vec2text_gtr-base-st_corrector
156493,do goldfish grow,"2 to 3 years, or a little under 4 oz, Carnival goldfish (Carnival goldfish) live and have a long",CosineGECO,20,0.001,how long do carnival goldfish live,msmarco-passage/train,ielabgroup/vec2text_gtr-base-st_corrector
156493,do goldfish grow,where deep a pond is a pond averaging 0.5 m to 0.5 m deep to raise catfish for the home,CosineGECO,20,0.001,how deep a pond to raise catfish,msmarco-passage/train,ielabgroup/vec2text_gtr-base-st_corrector
1110199,what is wifi vs bluetooth,driver management system (Blueton bccesium .NET .NET .NET .NET .NET .NET system,CosineGECO,20,0.001,bluetooth driver management system,msmarco-passage/train,ielabgroup/vec2text_gtr-base-st_corrector
1110199,what is wifi vs bluetooth,a wilt-on-boar fuzzed tumor. WBt is a program of the Television Technology Network.,CosineGECO,20,0.001,what is wbt,msmarco-passage/train,ielabgroup/vec2text_gtr-base-st_corrector
1110199,what is wifi vs bluetooth,a driver's dwi or a Discrimination of Information (DWI) is a bioinformatics and alcohol,CosineGECO,20,0.001,what is a dwi,msmarco-passage/train,ielabgroup/vec2text_gtr-base-st_corrector
1110199,what is wifi vs bluetooth,"the Kindle Fire (i.e., Kindle Fire S, Firefare, and Firefare i) which have Bluetooth BD",CosineGECO,20,0.001,which kindle fire have bluetooth,msmarco-passage/train,ielabgroup/vec2text_gtr-base-st_corrector
1110199,what is wifi vs bluetooth,difference in salary between bsn (Bsw nrn) and bsn (Bsw n rn,CosineGECO,20,0.001,difference in salary rn and bsn,msmarco-passage/train,ielabgroup/vec2text_gtr-base-st_corrector
1110199,what is wifi vs bluetooth,the Kindle Fire (with Bluetooth 4.0 and BD-LN based on the Kindle Fire FLEW) both have Bluetooth on headphones,CosineGECO,20,0.001,which kindle fire has bluetooth,msmarco-passage/train,ielabgroup/vec2text_gtr-base-st_corrector
1110199,what is wifi vs bluetooth,"(fasciation) and the amount of a drug on the skin, foundation is the difference between makeup and a make-up",CosineGECO,20,0.001,what is the difference between foundation and makeup,msmarco-passage/train,ielabgroup/vec2text_gtr-base-st_corrector
1110199,what is wifi vs bluetooth,b 802.11 n g is a difference between the 802.11 b g and g and is connected to the Mobility,CosineGECO,20,0.001,what's the difference between 802.11 b g n,msmarco-passage/train,ielabgroup/vec2text_gtr-base-st_corrector
1110199,what is wifi vs bluetooth,a difference between a and n. The difference between a and a is a wireless a and a is wireless n,CosineGECO,20,0.001,what is the difference between wireless a and n,msmarco-passage/train,ielabgroup/vec2text_gtr-base-st_corrector
1110199,what is wifi vs bluetooth,a brief explanation of how dbm works wireless. This information is based on how the wireless dbm works by connecting device specific,CosineGECO,20,0.001,how dbm works wireless,msmarco-passage/train,ielabgroup/vec2text_gtr-base-st_corrector
1063750,why did the us volunterilay enter ww1,why Czechoslovakia was important in the ww2 czempopolynia. It was also important,CosineGECO,20,0.001,why was czechoslovakia important in ww2,msmarco-passage/train,ielabgroup/vec2text_gtr-base-st_corrector
1063750,why did the us volunterilay enter ww1,the U.S. entered WW1 on the push to advise the Awoss-Push Buhouthfield,CosineGECO,20,0.001,why did the us enter ww1 apush,msmarco-passage/train,ielabgroup/vec2text_gtr-base-st_corrector
1063750,why did the us volunterilay enter ww1,"role we assumed on the W.W.I., and I think that W.W.W. played a role in our foreign policy.",CosineGECO,20,0.001,what role do you think wwi had on our foreign policy?,msmarco-passage/train,ielabgroup/vec2text_gtr-base-st_corrector
1063750,why did the us volunterilay enter ww1,because Poe and his espionage books used first person narrators to provide a narrative to the narra,CosineGECO,20,0.001,why did poe use first person narrators,msmarco-passage/train,ielabgroup/vec2text_gtr-base-st_corrector
1063750,why did the us volunterilay enter ww1,a time of crucible obelisk 'World War 1' watch,CosineGECO,20,0.001,world war 1 watch,msmarco-passage/train,ielabgroup/vec2text_gtr-base-st_corrector
1063750,why did the us volunterilay enter ww1,"when the U.S. Army (established April 4, 1876 and launching a new military for the United States of America) was established the United",CosineGECO,20,0.001,when was the u. s. army established,msmarco-passage/train,ielabgroup/vec2text_gtr-base-st_corrector
1063750,why did the us volunterilay enter ww1,"reason vitamin B1 is prescribed and because it is a vital symptom of a number of medical conditions including obstructive fever, eye",CosineGECO,20,0.001,why is vitamin B1 prescribed,msmarco-passage/train,ielabgroup/vec2text_gtr-base-st_corrector
1063750,why did the us volunterilay enter ww1,because Washington crushed whiskey on a note and led a rebellion against American agnion reenactments later known as whiskey crush,CosineGECO,20,0.001,why did washington crush whiskey rebellion,msmarco-passage/train,ielabgroup/vec2text_gtr-base-st_corrector
1063750,why did the us volunterilay enter ww1,"when the United States entered World War I, and i.d. i. v. 304. The significance of this was soon followed",CosineGECO,20,0.001,when did the united states enter world war i? what was the significance of,msmarco-passage/train,ielabgroup/vec2text_gtr-base-st_corrector
1063750,why did the us volunterilay enter ww1,the United States got from the American-Spanish War and what the U.S. got from the American-Spanish War at the end of Franco,CosineGECO,20,0.001,what did the united states get from the spanish american war,msmarco-passage/train,ielabgroup/vec2text_gtr-base-st_corrector
130510,definition declaratory judgment,a default judgment is civil case. . . . . . . . . Default judgment in civil litigation is,CosineGECO,20,0.001,default judgement is civil case?,msmarco-passage/train,ielabgroup/vec2text_gtr-base-st_corrector
130510,definition declaratory judgment,"a judgement (law) In law, a judgement (also judicious judgement) means when a court of justice is given in court",CosineGECO,20,0.001,what does a judgement mean in court,msmarco-passage/train,ielabgroup/vec2text_gtr-base-st_corrector
130510,definition declaratory judgment,"definition of certificate of incorporation, a certificate of incorporation, a certificate of incorporation of a corporation, a form of public service",CosineGECO,20,0.001,definition certificate of incorporation,msmarco-passage/train,ielabgroup/vec2text_gtr-base-st_corrector
130510,definition declaratory judgment,"(discipline of law)         , discretionary law is",CosineGECO,20,0.001,discretionary law definition,msmarco-passage/train,ielabgroup/vec2text_gtr-base-st_corrector
130510,definition declaratory judgment,"it means “conviction judgment,” obligated judgment of a judge to pay unpaid child support in Oklahoma, or any similar system in the case",CosineGECO,20,0.001,what does confess judgment of unpaid child support in oklahoma mean?,msmarco-passage/train,ielabgroup/vec2text_gtr-base-st_corrector
130510,definition declaratory judgment,"conviction, which does not mean a conviction, but adjudication means adjudication of a conviction, as in judicial proceedings and appeals",CosineGECO,20,0.001,does adjudication mean conviction,msmarco-passage/train,ielabgroup/vec2text_gtr-base-st_corrector
130510,definition declaratory judgment,"the judicial-conservative judicial rule by the U.S. Court of Justice, judicial conservatism is a definition of religious faith",CosineGECO,20,0.001,judicial conservatism definition,msmarco-passage/train,ielabgroup/vec2text_gtr-base-st_corrector
130510,definition declaratory judgment,abbreviation 'JD' and it is an abbreviation that means 'doctor jiay',CosineGECO,20,0.001,what does abbreviation jd mean,msmarco-passage/train,ielabgroup/vec2text_gtr-base-st_corrector
130510,definition declaratory judgment,Definition of limited dee,CosineGECO,20,0.001,definition of limited deed,msmarco-passage/train,ielabgroup/vec2text_gtr-base-st_corrector
130510,definition declaratory judgment,"(also known as initial assessment), a first definition",CosineGECO,20,0.001,define initial assessment,msmarco-passage/train,ielabgroup/vec2text_gtr-base-st_corrector
489204,right pelvic pain causes,"when walking, men will often cause a groin pain that will irritate the right side of your right groin if not removed",CosineGECO,20,0.001,what causes right side groin pain in men when i walk,msmarco-passage/train,ielabgroup/vec2text_gtr-base-st_corrector
489204,right pelvic pain causes,a lower abdomen other than nephrectomy. Lower abdominal pain can also be caused by diverticulitis or betrotile,CosineGECO,20,0.001,what causes lower abdomen pain other than diverticulitis,msmarco-passage/train,ielabgroup/vec2text_gtr-base-st_corrector
489204,right pelvic pain causes,"known as the pelvic organs, the pelvic organs are a set of uterine organs, a skeletal organ and ligament",CosineGECO,20,0.001,what are the pelvic organs,msmarco-passage/train,ielabgroup/vec2text_gtr-base-st_corrector
489204,right pelvic pain causes,when a pain (spinal ailment or a rheumatoid attack) has its pain under the right,CosineGECO,20,0.001,what is it when you have pain under your right rib,msmarco-passage/train,ielabgroup/vec2text_gtr-base-st_corrector
489204,right pelvic pain causes,"a sensitivity to the right or the right lumbar bariad, or the right tendinae, may cause pinky",CosineGECO,20,0.001,what would cause a pain in your right pinky,msmarco-passage/train,ielabgroup/vec2text_gtr-base-st_corrector
489204,right pelvic pain causes,"a coma from a lignin-containing substance will cause cramping in the right arm. Usually, a cardi",CosineGECO,20,0.001,cause of cramping in right arm,msmarco-passage/train,ielabgroup/vec2text_gtr-base-st_corrector
489204,right pelvic pain causes,"a result of extreme abdominal pain, nascent stumor, a fatty acid attack or a pain of belly",CosineGECO,20,0.001,causes of extreme belly pain,msmarco-passage/train,ielabgroup/vec2text_gtr-base-st_corrector
489204,right pelvic pain causes,(CVG) types pelvis. Types are a variant of the sphincter (DVG) and a variant of bones,CosineGECO,20,0.001,types pelvis,msmarco-passage/train,ielabgroup/vec2text_gtr-base-st_corrector
489204,right pelvic pain causes,Because your inflammatory inflammatory inflammatory inflammatory inflammatory inflammatory inflammatory inflammatory inflammatory inflammatory inflammatory IL you have an aching,CosineGECO,20,0.001,why do I have an aching hip,msmarco-passage/train,ielabgroup/vec2text_gtr-base-st_corrector
489204,right pelvic pain causes,"pain due to pain in the zeta-muscular area. During pain, pain will cause lower lazidaeusis",CosineGECO,20,0.001,what causes pain in lower lazedius,msmarco-passage/train,ielabgroup/vec2text_gtr-base-st_corrector
573724,what are the social determinants of health,follow a high level of self-regard and focus on the emotions of your life. The key to emotional health is the Key to a healthy,CosineGECO,20,0.001,what is the key to emotional health,msmarco-passage/train,ielabgroup/vec2text_gtr-base-st_corrector
573724,what are the social determinants of health,medication social work definition (Medical Social Work) is a set of medications that provide the patient with the information needed to identify and act on,CosineGECO,20,0.001,medication social work definition,msmarco-passage/train,ielabgroup/vec2text_gtr-base-st_corrector
573724,what are the social determinants of health,the factors that influence non-diasthmococcus lissen lissen lissen lissen lobo,CosineGECO,20,0.001,what factors influence non-hodgkin lymphoma,msmarco-passage/train,ielabgroup/vec2text_gtr-base-st_corrector
573724,what are the social determinants of health,CMS definitions of the social determinants of health (Meanings of health) and the social determinants of a healthy physical,CosineGECO,20,0.001,cms definition of social determinants of health,msmarco-passage/train,ielabgroup/vec2text_gtr-base-st_corrector
573724,what are the social determinants of health,(definition of priorities),CosineGECO,20,0.001,health priorities definition,msmarco-passage/train,ielabgroup/vec2text_gtr-base-st_corrector
573724,what are the social determinants of health,because of information about a person’s health behaviour and health determinants. Personal health behaviour is a major determinant of health and is,CosineGECO,20,0.001,why is personal health behaviour major health determinants,msmarco-passage/train,ielabgroup/vec2text_gtr-base-st_corrector
573724,what are the social determinants of health,"because Aids (HIV) is a social problem, and the lack of aids that people with HIV/AIDS are afflicted with",CosineGECO,20,0.001,why is aids a social problem,msmarco-passage/train,ielabgroup/vec2text_gtr-base-st_corrector
573724,what are the social determinants of health,"which type of aging is health-related changes induced by poor habits, environmental influences, or other health-related changes. In this case,",CosineGECO,20,0.001,"what type of aging involves the age-related changes that are due to environmental influences, poor health habits, or disease?",msmarco-passage/train,ielabgroup/vec2text_gtr-base-st_corrector
573724,what are the social determinants of health,CMS definitions of the social determinants of health (Meanings of health) and the social determinants of a healthy physical,CosineGECO,20,0.001,cms definition of social determinants of health,msmarco-passage/train,ielabgroup/vec2text_gtr-base-st_corrector
573724,what are the social determinants of health,"the effect of addiction on the family homeostasis (or homeostasis of the body of a healthy equine),",CosineGECO,20,0.001,the effect  of addiction: of the family homeostasis,msmarco-passage/train,ielabgroup/vec2text_gtr-base-st_corrector
168216,does legionella pneumophila cause pneumonia,"weakness is because you are a phlebopneumonia person, pneumonia is a cause of weakness you are weak and very",CosineGECO,20,0.001,pneumonia weakness why am i so weak,msmarco-passage/train,ielabgroup/vec2text_gtr-base-st_corrector
168216,does legionella pneumophila cause pneumonia,"a disease that presents with lymphadenopathy, Lymphomavirus sarcomastidae develops lymphadenopathy",CosineGECO,20,0.001,what disease presents lymphadenopathy,msmarco-passage/train,ielabgroup/vec2text_gtr-base-st_corrector
168216,does legionella pneumophila cause pneumonia,"a condition called a bacilli or cholinectae, white spots on the lungs are the cause of small white",CosineGECO,20,0.001,what causes little white spots on lungs,msmarco-passage/train,ielabgroup/vec2text_gtr-base-st_corrector
168216,does legionella pneumophila cause pneumonia,cause of a thrombocytopenia (thrombocytopenia ludogniafiloblastoma) during,CosineGECO,20,0.001,causes of thrombocytopenia in pregnancy,msmarco-passage/train,ielabgroup/vec2text_gtr-base-st_corrector
168216,does legionella pneumophila cause pneumonia,causes a combination of lectophoresis (a form of choroid sensitivity) and lymphopenia is a cause of,CosineGECO,20,0.001,causes of lymphopenia,msmarco-passage/train,ielabgroup/vec2text_gtr-base-st_corrector
168216,does legionella pneumophila cause pneumonia,a shot of muscle in pneumonia vaccination is given in patients with a muscle atrophy (neurotia) within a few weeks. Possible,CosineGECO,20,0.001,pneumonia shot given in muscle?,msmarco-passage/train,ielabgroup/vec2text_gtr-base-st_corrector
168216,does legionella pneumophila cause pneumonia,"after age 65 or older, when a patient with pneumococcal pneumonia may be given a shot every 2,500 to 3,000 shots",CosineGECO,20,0.001,how often should you get a pneumococcal pneumonia shot after age 65,msmarco-passage/train,ielabgroup/vec2text_gtr-base-st_corrector
168216,does legionella pneumophila cause pneumonia,pdl and flml run consecutively. pdl and flml are both able to take leave,CosineGECO,20,0.001,does pdl and fmla run consecutively,msmarco-passage/train,ielabgroup/vec2text_gtr-base-st_corrector
168216,does legionella pneumophila cause pneumonia,is Legionella intracellular (Lomonosporina integinate integra indisense) on or away from cellular,CosineGECO,20,0.001,is legionella intracellular,msmarco-passage/train,ielabgroup/vec2text_gtr-base-st_corrector
168216,does legionella pneumophila cause pneumonia,"is Bystolic causes a coughing for a short time. If a person is diagnosed with a sinusitis, coughing",CosineGECO,20,0.001,does bystolic cause coughing,msmarco-passage/train,ielabgroup/vec2text_gtr-base-st_corrector
1133167,how is the weather in jamaica,"weather in Nantucket, a 1-2 m.a. frost, cold water, or cold mambo mambo mambo",CosineGECO,20,0.001,weather in nantucket ma,msmarco-passage/train,ielabgroup/vec2text_gtr-base-st_corrector
1133167,how is the weather in jamaica,"weather in Augusta, GA GA (September 0 °C to 0 °C) is a hot, dry, chilly weather",CosineGECO,20,0.001,weather in augusta ga,msmarco-passage/train,ielabgroup/vec2text_gtr-base-st_corrector
1133167,how is the weather in jamaica,weather: Westampton is the home of the New Jersey Daily Sun's Ninjaminavonavonavonavona on 4,CosineGECO,20,0.001,"weather in westampton, nj",msmarco-passage/train,ielabgroup/vec2text_gtr-base-st_corrector
1133167,how is the weather in jamaica,average temperature (             ) in,CosineGECO,20,0.001,average temperature february jamaica,msmarco-passage/train,ielabgroup/vec2text_gtr-base-st_corrector
1133167,how is the weather in jamaica,weather. - 'Tampa' - 'Tampa' - 'Flush in the arcs.,CosineGECO,20,0.001,weather in tampa.,msmarco-passage/train,ielabgroup/vec2text_gtr-base-st_corrector
1133167,how is the weather in jamaica,(baaaaaaaa) is affected by the climate as the dry climate and low temperatures affect the 'Bahama,CosineGECO,20,0.001,how does the climate affect the bahamas,msmarco-passage/train,ielabgroup/vec2text_gtr-base-st_corrector
1133167,how is the weather in jamaica,weather in the Bahamas (Bahamas) on february sleet and a cloudy and frost,CosineGECO,20,0.001,weather in the bahamas in february,msmarco-passage/train,ielabgroup/vec2text_gtr-base-st_corrector
1133167,how is the weather in jamaica,"(under 0 degrees Fahrenheit), the weather in Honduras (under 0 degrees Fahrenheit) and the rain is persistent.",CosineGECO,20,0.001,what's the weather in honduras,msmarco-passage/train,ielabgroup/vec2text_gtr-base-st_corrector
1133167,how is the weather in jamaica,"as jujuy, a hot weather in India in July, like the banks of the banks, can turn to rain in the juju",CosineGECO,20,0.001,what is the weather like in india in july,msmarco-passage/train,ielabgroup/vec2text_gtr-base-st_corrector
1133167,how is the weather in jamaica,"weather. The weather in Montana (a.k.a. Montana) is hot with averaging , but the temperature is still cool",CosineGECO,20,0.001,what's the weather in montana,msmarco-passage/train,ielabgroup/vec2text_gtr-base-st_corrector
527433,types of dysarthria from cerebral palsy,a psoriatic arthritis psoriasis (poeliac arthritis and other medical conditions) is a disability,CosineGECO,20,0.001,is psoriatic arthritis a disability,msmarco-passage/train,ielabgroup/vec2text_gtr-base-st_corrector
527433,types of dysarthria from cerebral palsy,"different types of ALS disease, i.e., types 1 and 2 of Adam's disease, swollen upper flexus",CosineGECO,20,0.001,different types of als disease,msmarco-passage/train,ielabgroup/vec2text_gtr-base-st_corrector
527433,types of dysarthria from cerebral palsy,"three main types of cerebral palsy, namely, cervix scapularis, cervix disseminated",CosineGECO,20,0.001,three main types of cerebral palsy,msmarco-passage/train,ielabgroup/vec2text_gtr-base-st_corrector
527433,types of dysarthria from cerebral palsy,"symptoms of dyspareunia (disspairs, bruxism, euningea) are symptoms",CosineGECO,20,0.001,dyspareunia symptoms,msmarco-passage/train,ielabgroup/vec2text_gtr-base-st_corrector
527433,types of dysarthria from cerebral palsy,"ailment (algia nervosa), arthralgia (a musculosis) is",CosineGECO,20,0.001,is arthralgia a disability,msmarco-passage/train,ielabgroup/vec2text_gtr-base-st_corrector
527433,types of dysarthria from cerebral palsy,"the different chemoreceptors which are chemoreceptors, chemorecorysts, chemorecana",CosineGECO,20,0.001,what are the different chemoreceptors,msmarco-passage/train,ielabgroup/vec2text_gtr-base-st_corrector
527433,types of dysarthria from cerebral palsy,difference between pnea and pd. Orthopnea is a difference between pd. and pd.,CosineGECO,20,0.001,difference between orthopnea and pnd,msmarco-passage/train,ielabgroup/vec2text_gtr-base-st_corrector
527433,types of dysarthria from cerebral palsy,"Parkinson's disease symptoms, formerly senorrhea and synkinesia, include a range of dyskinesis",CosineGECO,20,0.001,parkinson's dyskinesia symptoms,msmarco-passage/train,ielabgroup/vec2text_gtr-base-st_corrector
527433,types of dysarthria from cerebral palsy,"the joints that are affected by osteoarthritis, such as OA, neoarthritis, and neuropathic arthritis,",CosineGECO,20,0.001,what joints are affected by osteoarthritis,msmarco-passage/train,ielabgroup/vec2text_gtr-base-st_corrector
527433,types of dysarthria from cerebral palsy,"a quiz called 'Alsatia somnia', Type 1 - drowsy sleep, Type 2 -",CosineGECO,20,0.001,different types of insomnia quiz,msmarco-passage/train,ielabgroup/vec2text_gtr-base-st_corrector
1037798,who is robert gray,Henry Patrick Henry “Helry” Patrick is a henchman of the U.S. history who became a leading count,CosineGECO,20,0.001,who is patrick henry in us history,msmarco-passage/train,ielabgroup/vec2text_gtr-base-st_corrector
1037798,who is robert gray,"named Judge Robin Pitman, who is a judge of the Martin-Robinson-Pitman decision and the release of a young man",CosineGECO,20,0.001,who is judge robin pittman,msmarco-passage/train,ielabgroup/vec2text_gtr-base-st_corrector
1037798,who is robert gray,"a.k.a. Leon Grey – Leon Grey – is a British artist, activist, and forgotten man from the media",CosineGECO,20,0.001,who is leon grey?,msmarco-passage/train,ielabgroup/vec2text_gtr-base-st_corrector
1037798,who is robert gray,city of maylin lgarub maylin — City of,CosineGECO,20,0.001,city of grayling,msmarco-passage/train,ielabgroup/vec2text_gtr-base-st_corrector
1037798,who is robert gray,"is bob merrimento, pola del pola, robicana. Bob Marley is a de",CosineGECO,20,0.001,is bob marley de,msmarco-passage/train,ielabgroup/vec2text_gtr-base-st_corrector
1037798,who is robert gray,"the TV station, 'Robert Richards', on CITV, NBC and Currently on HGTV, Johnston",CosineGECO,20,0.001,what tv station is richard roberts on,msmarco-passage/train,ielabgroup/vec2text_gtr-base-st_corrector
1037798,who is robert gray,Freddie Freddies Freddie Freddies (Frederick Gibbs) is a world premiere independent sycoon and,CosineGECO,20,0.001,who is freddie gibbs,msmarco-passage/train,ielabgroup/vec2text_gtr-base-st_corrector
1037798,who is robert gray,"why economist robert summers changed his name, and why he changed his name, which is now known as the Economist's",CosineGECO,20,0.001,why did the economist robert summers change his name,msmarco-passage/train,ielabgroup/vec2text_gtr-base-st_corrector
1037798,who is robert gray,"Pat McGrath Pat McGrath is a star and a star on the CBS reality show ""Matthew Coop of the Patriot",CosineGECO,20,0.001,who is pat mcgrath,msmarco-passage/train,ielabgroup/vec2text_gtr-base-st_corrector
1037798,who is robert gray,"emma ras emma ras, better known as Robin Emmas, is a British film",CosineGECO,20,0.001,who is emma roberts,msmarco-passage/train,ielabgroup/vec2text_gtr-base-st_corrector
915593,what types of food can you cook sous vide,"foods you use capers in a wide range of foods, from dark capricorn (peaches) to fried beef and scaly",CosineGECO,20,0.001,what foods do you use capers in,msmarco-passage/train,ielabgroup/vec2text_gtr-base-st_corrector
915593,what types of food can you cook sous vide,"foods to eat on a keto diet when he eats a sliver of meat, eggs, berries, or garlic",CosineGECO,20,0.001,foods to eat on keto diet,msmarco-passage/train,ielabgroup/vec2text_gtr-base-st_corrector
915593,what types of food can you cook sous vide,"foods associated with botulinum clostridium chiliarum, clostridium emulsarum",CosineGECO,20,0.001,foods associated with clostridium botulinum,msmarco-passage/train,ielabgroup/vec2text_gtr-base-st_corrector
915593,what types of food can you cook sous vide,"types of food in Brazil, e.g. ribose, chardol, nil robin, banana",CosineGECO,20,0.001,types of food in Brazil,msmarco-passage/train,ielabgroup/vec2text_gtr-base-st_corrector
915593,what types of food can you cook sous vide,"foods that are probiotic, e.g., ghettos, hyalosa berries, yogurt",CosineGECO,20,0.001,foods that are probiotics,msmarco-passage/train,ielabgroup/vec2text_gtr-base-st_corrector
915593,what types of food can you cook sous vide,"when making food choices, the type of foods you should include in your diet are the best type of food to be a good choice based on your",CosineGECO,20,0.001,when making food choices the best type of foods to include in your diet are,msmarco-passage/train,ielabgroup/vec2text_gtr-base-st_corrector
915593,what types of food can you cook sous vide,"foods that is considered to be acidic food – feces, chard, ginger, juice, and a dark leaf",CosineGECO,20,0.001,what is considered as acidic foods,msmarco-passage/train,ielabgroup/vec2text_gtr-base-st_corrector
915593,what types of food can you cook sous vide,"vegetables containing ketchup, kohlia beans, or a variety of vegetables containing oats or garlic can eat",CosineGECO,20,0.001,what vegetables can you eat with keto,msmarco-passage/train,ielabgroup/vec2text_gtr-base-st_corrector
915593,what types of food can you cook sous vide,"vegetables – roasted, grilled, or grilled with a barbecue, such as jackrabbit, or coriander, can be",CosineGECO,20,0.001,what vegetable can be grilled,msmarco-passage/train,ielabgroup/vec2text_gtr-base-st_corrector
915593,what types of food can you cook sous vide,"types of convenience food – a type of quick food ice, a type of quick food ice, a type of bread &",CosineGECO,20,0.001,types of convenience food,msmarco-passage/train,ielabgroup/vec2text_gtr-base-st_corrector
264014,how long is life cycle of flea,(about 210 to 210 days long) is a life of flies life (formerly known as fly life) and lasts 23 years,CosineGECO,20,0.001,how long is flies life,msmarco-passage/train,ielabgroup/vec2text_gtr-base-st_corrector
264014,how long is life cycle of flea,"a staph, a steptococcus infection will clear up in about 7 to 8 hours and it will clear out",CosineGECO,20,0.001,how long does a staph infection to clear up,msmarco-passage/train,ielabgroup/vec2text_gtr-base-st_corrector
264014,how long is life cycle of flea,"between 0 to 50 years in size and life expectancy of a washing machine, or the average life span of a swashwasher",CosineGECO,20,0.001,what is the average life span of a washing machine,msmarco-passage/train,ielabgroup/vec2text_gtr-base-st_corrector
264014,how long is life cycle of flea,"a commercial pilot license, which lasts for between 2.4 and 4.5 years, is a faa commercial airliner and lasts",CosineGECO,20,0.001,how long does an faa commercial pilot license last,msmarco-passage/train,ielabgroup/vec2text_gtr-base-st_corrector
264014,how long is life cycle of flea,"from a nascent egg on a grass, it takes 3 to 4 hours for a louse to hatch and it may",CosineGECO,20,0.001,how long does it take for a louse egg to hatch,msmarco-passage/train,ielabgroup/vec2text_gtr-base-st_corrector
264014,how long is life cycle of flea,"a measure of your periods, and how long your cycle is, i.e., 132 days are your sleem cycle",CosineGECO,20,0.001,how long is my period cycle,msmarco-passage/train,ielabgroup/vec2text_gtr-base-st_corrector
264014,how long is life cycle of flea,"from 1 to 4 years and a long life like a dog or a stout fox or a chicken, house cats live",CosineGECO,20,0.001,how long do house cats live,msmarco-passage/train,ielabgroup/vec2text_gtr-base-st_corrector
264014,how long is life cycle of flea,"a life expectancy of one to three years, based on the age of the tick (Lisonidoma evanis).",CosineGECO,20,0.001,what is the life expectancy of a tick?,msmarco-passage/train,ielabgroup/vec2text_gtr-base-st_corrector
264014,how long is life cycle of flea,"life cycle of a honey bee, the honey bee is a honey bee and undergoes a life cycle of a",CosineGECO,20,0.001,what is the life cycle of a honey bee,msmarco-passage/train,ielabgroup/vec2text_gtr-base-st_corrector
264014,how long is life cycle of flea,when lice without host head are known to live for up to 2 to 3 years and lindiae without,CosineGECO,20,0.001,how long do head lice live without host,msmarco-passage/train,ielabgroup/vec2text_gtr-base-st_corrector
1121402,what can contour plowing reduce,"feature that directly affects the properties of polymers, which affects the chemistry and irresitability of polymers and polymers",CosineGECO,20,0.001,feature that directly affects the properties of polymers,msmarco-passage/train,ielabgroup/vec2text_gtr-base-st_corrector
1121402,what can contour plowing reduce,(polders) are used for pollination of polders and for eroding of contaminated soils. They are used,CosineGECO,20,0.001,what are polders used for,msmarco-passage/train,ielabgroup/vec2text_gtr-base-st_corrector
1121402,what can contour plowing reduce,"endurance exercise can help to reduce – a combination of long-term, repetitive, sedating exercise – it is possible to reduce fewer",CosineGECO,20,0.001,endurance exercise can help to reduce,msmarco-passage/train,ielabgroup/vec2text_gtr-base-st_corrector
1121402,what can contour plowing reduce,"cause of normal straightening of the lumbar lordosis, lumbar lordosis is a normal",CosineGECO,20,0.001,cause of straightening of normal lumbar lordosis,msmarco-passage/train,ielabgroup/vec2text_gtr-base-st_corrector
1121402,what can contour plowing reduce,"coals is the main use, scheming, smoking, and other finishing treatments. Its use is a major impact",CosineGECO,20,0.001,what is coals main use,msmarco-passage/train,ielabgroup/vec2text_gtr-base-st_corrector
1121402,what can contour plowing reduce,reduce weight by using a technique such as a bluff and a series to reduce the weight of children. Children who are heavy weight,CosineGECO,20,0.001,how to reduce heavy children to reduce weight,msmarco-passage/train,ielabgroup/vec2text_gtr-base-st_corrector
1121402,what can contour plowing reduce,"as our planet. What reduce our planet is a halo of a 0 kg waste, such as water, nitrogen, oxygen,",CosineGECO,20,0.001,what reduce our planet,msmarco-passage/train,ielabgroup/vec2text_gtr-base-st_corrector
1121402,what can contour plowing reduce,"Use a small product called a masosene to make pores appear smaller, followed by a small application using a small amount",CosineGECO,20,0.001,what to use to make pores appear smaller,msmarco-passage/train,ielabgroup/vec2text_gtr-base-st_corrector
1121402,what can contour plowing reduce,the difference between a fescue-and-flood-swamp plough is that it is a swamp pl,CosineGECO,20,0.001,what is the difference with a swamp plough,msmarco-passage/train,ielabgroup/vec2text_gtr-base-st_corrector
1121402,what can contour plowing reduce,instructions to cut down continuous hinge and dislodge trays between the handles. Use a large lid (1.25 inch) to cut down,CosineGECO,20,0.001,instructions on how to cut down continuous hinge,msmarco-passage/train,ielabgroup/vec2text_gtr-base-st_corrector
962179,when was the salvation army founded,"1464, a day-long service and a busting business, Dave and Busters was established in 1928 and headquartered in Ballard and",CosineGECO,20,0.001,when was dave and busters established,msmarco-passage/train,ielabgroup/vec2text_gtr-base-st_corrector
962179,when was the salvation army founded,"1954, CS/Geographical Developers and CS/Geographical Ownership Company Cgs administrators was founded and was established",CosineGECO,20,0.001,when was cgs administrators founded,msmarco-passage/train,ielabgroup/vec2text_gtr-base-st_corrector
962179,when was the salvation army founded,"in 1886, securing federal child-birth and labor-tax benefits for the HIPP and Medicaid systems, Medicaid was established",CosineGECO,20,0.001,when was medicaid established,msmarco-passage/train,ielabgroup/vec2text_gtr-base-st_corrector
962179,when was the salvation army founded,in 1789 (Simons Day silos off the coast of the island of St. John d'Earth) Saint Simons founded,CosineGECO,20,0.001,when was st simons island founded,msmarco-passage/train,ielabgroup/vec2text_gtr-base-st_corrector
962179,when was the salvation army founded,"beginning in 18 BC and extending from the beginning of the Great Depression to the present, the Depression began, a period that occurred long before",CosineGECO,20,0.001,when did the depression begin,msmarco-passage/train,ielabgroup/vec2text_gtr-base-st_corrector
962179,when was the salvation army founded,"year (i.e., 1961) for the manufacture of tools for the Seman Tools Corporation, and in 1895, Craftsman was established",CosineGECO,20,0.001,what year was craftsman tools established,msmarco-passage/train,ielabgroup/vec2text_gtr-base-st_corrector
962179,when was the salvation army founded,"founded in 1700, when the merged company was incorporated and reorganized as Apple Inc.? - Founder James W. Jackson",CosineGECO,20,0.001,when was founded apple inc?,msmarco-passage/train,ielabgroup/vec2text_gtr-base-st_corrector
962179,when was the salvation army founded,"1954, a 501st-century institution, Augusta GA was founded on February 2, 1954 and a member of Juventud Georgia",CosineGECO,20,0.001,when was augusta ga founded,msmarco-passage/train,ielabgroup/vec2text_gtr-base-st_corrector
962179,when was the salvation army founded,"starting in 1764 when the American reconstruction (American re-construction of America and the American re-construction of America) started, it was",CosineGECO,20,0.001,when did the american reconstruction start,msmarco-passage/train,ielabgroup/vec2text_gtr-base-st_corrector
962179,when was the salvation army founded,"when The Supremes became a group (SueConn and Thru Baguen), on July 24, 1954, which became a",CosineGECO,20,0.001,when did the supremes become a group,msmarco-passage/train,ielabgroup/vec2text_gtr-base-st_corrector
1117099,what is a active margin,"active independent is the ad hoc definition of active independent, which is a group of active, non-involved, progressive institutions",CosineGECO,20,0.001,active independent definition,msmarco-passage/train,ielabgroup/vec2text_gtr-base-st_corrector
1117099,what is a active margin,a molecule of a molecule is drew up and binds to the active site. This is what happens at the enzyme,CosineGECO,20,0.001,what happens at the active site of an enzyme,msmarco-passage/train,ielabgroup/vec2text_gtr-base-st_corrector
1117099,what is a active margin,"definition of a 'marginal' in the definition of a 'minor' in finance, a term in financial markets",CosineGECO,20,0.001,definition of marginal in finance,msmarco-passage/train,ielabgroup/vec2text_gtr-base-st_corrector
1117099,what is a active margin,m-commerce m-commerce is an e-commerce system by e-repair and e-commerce-distribu,CosineGECO,20,0.001,what is m-commerce,msmarco-passage/train,ielabgroup/vec2text_gtr-base-st_corrector
1117099,what is a active margin,Buying on the margin Buying on the margin (or buying on the margin) is a business activity to buy a nexus from,CosineGECO,20,0.001,what is buying on the margin,msmarco-passage/train,ielabgroup/vec2text_gtr-base-st_corrector
1117099,what is a active margin,meaning 'March as a mad hare' is a fable in which a man is beaten to the head and cut,CosineGECO,20,0.001,what does mad as a march hare mean,msmarco-passage/train,ielabgroup/vec2text_gtr-base-st_corrector
1117099,what is a active margin,Activity-based business models (business models) defined as a business model that enables businesses to gain information and swage by using a,CosineGECO,20,0.001,activity based models business definition,msmarco-passage/train,ielabgroup/vec2text_gtr-base-st_corrector
1117099,what is a active margin,active conclusion (responsive syllables) Active conclusion (   ) is a definition of,CosineGECO,20,0.001,active conclusion definition,msmarco-passage/train,ielabgroup/vec2text_gtr-base-st_corrector
1117099,what is a active margin,Activecaptain is a thiol-ene and a reactive agent that controls the activity of amino acids and glucose ions,CosineGECO,20,0.001,what is activecaptain,msmarco-passage/train,ielabgroup/vec2text_gtr-base-st_corrector
1117099,what is a active margin,"because of their balance and low levels of protein and sclerosis, guinea pigs are active because they are a very active",CosineGECO,20,0.001,why are guinea pigs active,msmarco-passage/train,ielabgroup/vec2text_gtr-base-st_corrector
148538,difference between rn and bsn,(rbs) in blood. It is a circulating antigen-binding sulfate (RS) in the blood,CosineGECO,20,0.001,what is rbs in blood,msmarco-passage/train,ielabgroup/vec2text_gtr-base-st_corrector
148538,difference between rn and bsn,"take a long time (from 14 to 21 days) to receive a bachelor's in nursing, it takes 113 to 144 days to",CosineGECO,20,0.001,how long does it take to get a bachelors in nursing,msmarco-passage/train,ielabgroup/vec2text_gtr-base-st_corrector
148538,difference between rn and bsn,it is better to obtain rvn. vs nwn. vs nwn may be able to help,CosineGECO,20,0.001,is it better to obtain lvn to rn,msmarco-passage/train,ielabgroup/vec2text_gtr-base-st_corrector
148538,difference between rn and bsn,difference between a endocrine gland (or endocrine glands) and exocrine glands is the difference between the system,CosineGECO,20,0.001,the difference between endocrine and exocrine glands,msmarco-passage/train,ielabgroup/vec2text_gtr-base-st_corrector
148538,difference between rn and bsn,Genetics is a difference between a rRNA and a dna molecule and a dna molecule,CosineGECO,20,0.001,what is a difference between rna and dna,msmarco-passage/train,ielabgroup/vec2text_gtr-base-st_corrector
148538,difference between rn and bsn,"difference between a DVD player and a blu-ray player, blu-ray Disc and dvb player are both Blu-",CosineGECO,20,0.001,difference between blu ray and dvd player,msmarco-passage/train,ielabgroup/vec2text_gtr-base-st_corrector
148538,difference between rn and bsn,"the difference between Visual Studio and Visual Basic, and the difference between Visual Studio and Visual Objects (VB.NET) and Visual Embedded",CosineGECO,20,0.001,what is the difference between visual studio and visual basic?,msmarco-passage/train,ielabgroup/vec2text_gtr-base-st_corrector
148538,difference between rn and bsn,get a U.S. bsn degree with rnn credentials to a U.S. degree with foreign experience but not,CosineGECO,20,0.001,how to get a rn to bsn degree with us experience but foreign credentials,msmarco-passage/train,ielabgroup/vec2text_gtr-base-st_corrector
148538,difference between rn and bsn,difference between a nco (nephew and a nco) and nco (officer) is,CosineGECO,20,0.001,difference between nco and officer,msmarco-passage/train,ielabgroup/vec2text_gtr-base-st_corrector
148538,difference between rn and bsn,a difference between first class class (BBB - sbb - sbb - sbb) and second,CosineGECO,20,0.001,difference between first class and second class sbb,msmarco-passage/train,ielabgroup/vec2text_gtr-base-st_corrector
451602,medicare's definition of mechanical ventilation,Mechatronics (or mechatrohistomachs) is a science of electronics manufacturing at the University of Nevada at Long Island,CosineGECO,20,0.001,what is mechatronics,msmarco-passage/train,ielabgroup/vec2text_gtr-base-st_corrector
451602,medicare's definition of mechanical ventilation,"a definition of biomechanics, the mechanics of the physiology of the ability of a human body is known as biomechanical",CosineGECO,20,0.001,what is the definition of biomechanics,msmarco-passage/train,ielabgroup/vec2text_gtr-base-st_corrector
451602,medicare's definition of mechanical ventilation,"of marital separation, marital separation, is a law defined by the United States statutory separation and separation of marital partners, marital leave",CosineGECO,20,0.001,marital separation definition,msmarco-passage/train,ielabgroup/vec2text_gtr-base-st_corrector
451602,medicare's definition of mechanical ventilation,"dme is defined as equipment. It is defined as a dv dv dsh dds, which is",CosineGECO,20,0.001,dme is defined as equipment that is,msmarco-passage/train,ielabgroup/vec2text_gtr-base-st_corrector
451602,medicare's definition of mechanical ventilation,"(Moveyra nasius), the definition of maneuvering, is the process of moving or evading",CosineGECO,20,0.001,definition of maneuvering,msmarco-passage/train,ielabgroup/vec2text_gtr-base-st_corrector
451602,medicare's definition of mechanical ventilation,Medullary canal Medullary defining canal is a vascular duct through the aqueducts of the arteries,CosineGECO,20,0.001,medullary canal definition,msmarco-passage/train,ielabgroup/vec2text_gtr-base-st_corrector
451602,medicare's definition of mechanical ventilation,"what is medical and what is a medical term, i.e., Medicare, which is a pension and Medicare and Medic",CosineGECO,20,0.001,what is medicare and medical,msmarco-passage/train,ielabgroup/vec2text_gtr-base-st_corrector
451602,medicare's definition of mechanical ventilation,definition of mdros. mdros is a molestive-induced tyrosis of the human gastrointestinal tract,CosineGECO,20,0.001,mdros definition,msmarco-passage/train,ielabgroup/vec2text_gtr-base-st_corrector
451602,medicare's definition of mechanical ventilation,definition of CMS. Mechanical ventilation Mechanical ventilation of a pulmonary occlusion and dissipation (ME) is the medical continuity,CosineGECO,20,0.001,cms definition of mechanical ventilation,msmarco-passage/train,ielabgroup/vec2text_gtr-base-st_corrector
451602,medicare's definition of mechanical ventilation,"date of accretion is the date of a ""Measurings for the Requirement of Medicare and Medicare",CosineGECO,20,0.001,what does date of accretion mean for medicare,msmarco-passage/train,ielabgroup/vec2text_gtr-base-st_corrector
359349,how to find the midsegment of a trapezoid,"where it is located (located at ) in the brain, the midbrain is the brain that serves as its function and the ap",CosineGECO,20,0.001,where is the midbrain located and what is its function,msmarco-passage/train,ielabgroup/vec2text_gtr-base-st_corrector
359349,how to find the midsegment of a trapezoid,"by calculating a median score, you use a tally of 6.5 to find the tally of the bells and find median",CosineGECO,20,0.001,how do you find median score,msmarco-passage/train,ielabgroup/vec2text_gtr-base-st_corrector
359349,how to find the midsegment of a trapezoid,defining inscribed center,CosineGECO,20,0.001,define inscribed orthocenter,msmarco-passage/train,ielabgroup/vec2text_gtr-base-st_corrector
359349,how to find the midsegment of a trapezoid,is the name of a set of quadrilaterals (p. 2 and  2) that have two pairs of right angles,CosineGECO,20,0.001,what is the name for the set of quadrilaterals with 2 pairs of right angles,msmarco-passage/train,ielabgroup/vec2text_gtr-base-st_corrector
359349,how to find the midsegment of a trapezoid,make a samspool repeat on the middle row of the page table with a tabellier on each page (SSRS report,CosineGECO,20,0.001,how to make a midddle row on a tablix table repeat on every page of an SSRS report,msmarco-passage/train,ielabgroup/vec2text_gtr-base-st_corrector
359349,how to find the midsegment of a trapezoid,"calculate cgs. This is calculated by calculating a metric such as a compass and a 1,500-gs",CosineGECO,20,0.001,how to calculate cgs,msmarco-passage/train,ielabgroup/vec2text_gtr-base-st_corrector
359349,how to find the midsegment of a trapezoid,by calculating antipode. This is based on a simple formula: calculate antipode = metric  equatorial,CosineGECO,20,0.001,how to calculate antipode,msmarco-passage/train,ielabgroup/vec2text_gtr-base-st_corrector
359349,how to find the midsegment of a trapezoid,by measuring the angle from 0° to 0° and using a stairwell to measure the angle from 0° to an angle cut,CosineGECO,20,0.001,how to measure an angle cut,msmarco-passage/train,ielabgroup/vec2text_gtr-base-st_corrector
359349,how to find the midsegment of a trapezoid,"calculating a taxable income (e.g., a molar substitution tax) - calculate marginal revenue - molar",CosineGECO,20,0.001,calculate marginal revenue,msmarco-passage/train,ielabgroup/vec2text_gtr-base-st_corrector
359349,how to find the midsegment of a trapezoid,is a benzoam zolam (beta Xanadi-Zeffami) and it is midzol,CosineGECO,20,0.001,is midazolam a benzo,msmarco-passage/train,ielabgroup/vec2text_gtr-base-st_corrector
1115776,what is an aml surveillance analyst,lateral atrophy is a form of ailment of the axons and sclerotid apex,CosineGECO,20,0.001,what is lateral atrophy,msmarco-passage/train,ielabgroup/vec2text_gtr-base-st_corrector
1115776,what is an aml surveillance analyst,a Milper message is a Message of a Message of a,CosineGECO,20,0.001,what is a milper message,msmarco-passage/train,ielabgroup/vec2text_gtr-base-st_corrector
1115776,what is an aml surveillance analyst,vale of ampulla ohter vale (Ampuller) pronounce with a pronounced spelled with a pronounced,CosineGECO,20,0.001,ampulla of vater pronounce,msmarco-passage/train,ielabgroup/vec2text_gtr-base-st_corrector
1115776,what is an aml surveillance analyst,the etiological studies of interest. Conversational analysis Conversational analysis studies are a synthesis of relationships and drams of,CosineGECO,20,0.001,what are conversational analysis studies of interest,msmarco-passage/train,ielabgroup/vec2text_gtr-base-st_corrector
1115776,what is an aml surveillance analyst,is PL mm training. PL mm training is a training program for training personnel in a range of armed and intelligence,CosineGECO,20,0.001,what is plm training,msmarco-passage/train,ielabgroup/vec2text_gtr-base-st_corrector
1115776,what is an aml surveillance analyst,Ambase Corporation is an information technology,CosineGECO,20,0.001,what is ambase corporation,msmarco-passage/train,ielabgroup/vec2text_gtr-base-st_corrector
1115776,what is an aml surveillance analyst,"definition of amapola, a spherical acroleaf, a key American tyco",CosineGECO,20,0.001,definition amapola,msmarco-passage/train,ielabgroup/vec2text_gtr-base-st_corrector
1115776,what is an aml surveillance analyst,The role of a aml analyst is to analyze the aml value and the corresponding aml stock,CosineGECO,20,0.001,what is the role of a aml analyst,msmarco-passage/train,ielabgroup/vec2text_gtr-base-st_corrector
1115776,what is an aml surveillance analyst,amp,CosineGECO,20,0.001,what is the definition of amply,msmarco-passage/train,ielabgroup/vec2text_gtr-base-st_corrector
1115776,what is an aml surveillance analyst,a system support analyst provides a way to work with a software/analog/information systems or a business environment a system does,CosineGECO,20,0.001,what does a systems support analyst do,msmarco-passage/train,ielabgroup/vec2text_gtr-base-st_corrector
1112341,what is the daily life of thai people,", was , was , a.k.a. 'Thomas'. Thomas (Tomseth)",CosineGECO,20,0.001,"was, thomas",msmarco-passage/train,ielabgroup/vec2text_gtr-base-st_corrector
1112341,what is the daily life of thai people,". The common currency in Thailand, the Thai tarna (Milan currency) or thai, is expected to join",CosineGECO,20,0.001,what is the common currency in thailand,msmarco-passage/train,ielabgroup/vec2text_gtr-base-st_corrector
1112341,what is the daily life of thai people,(in adrenergic tah) is the medical term for tah. The term is a short-term,CosineGECO,20,0.001,what is the medical term for tah,msmarco-passage/train,ielabgroup/vec2text_gtr-base-st_corrector
1112341,what is the daily life of thai people,"by daily life, how one is able to save money and buy one’s daily food and vegetable daily, economics directly influences how economics influences",CosineGECO,20,0.001,what is one way economics influences daily life,msmarco-passage/train,ielabgroup/vec2text_gtr-base-st_corrector
1112341,what is the daily life of thai people,- the day and time in the country is 06:00 - 06:00 - the day of the Irish calendar and the Sun is,CosineGECO,20,0.001,what is the day and time in ireland,msmarco-passage/train,ielabgroup/vec2text_gtr-base-st_corrector
1112341,what is the daily life of thai people,(08:30 - 06:00 p.m.) are takt time Time (Takt Time) are the timetable clock,CosineGECO,20,0.001,what are takt time,msmarco-passage/train,ielabgroup/vec2text_gtr-base-st_corrector
1112341,what is the daily life of thai people,of the word              meaning live,CosineGECO,20,0.001,what word means live life,msmarco-passage/train,ielabgroup/vec2text_gtr-base-st_corrector
1112341,what is the daily life of thai people,"paying child support to American shitman and other affluents in Thailand, a child will pay child support to a child",CosineGECO,20,0.001,american paying child support to child in thailand,msmarco-passage/train,ielabgroup/vec2text_gtr-base-st_corrector
1112341,what is the daily life of thai people,"wage wage in Thailand (Thailand) averaged at a salary of 1,500mao and 1,500ma",CosineGECO,20,0.001,average wage in thailand,msmarco-passage/train,ielabgroup/vec2text_gtr-base-st_corrector
1112341,what is the daily life of thai people,on the Thailand flag meaning,CosineGECO,20,0.001,what do the colours mean on the thailand flag,msmarco-passage/train,ielabgroup/vec2text_gtr-base-st_corrector
131843,definition of a sigmet,(a.k.a. resigns) — a definition of resign from a person or organization resigns,CosineGECO,20,0.001,definition of resigns,msmarco-passage/train,ielabgroup/vec2text_gtr-base-st_corrector
131843,definition of a sigmet,-seisin -seisin is a defined adenosine and serotonin molecule,CosineGECO,20,0.001,define seisin,msmarco-passage/train,ielabgroup/vec2text_gtr-base-st_corrector
131843,definition of a sigmet,"definition of a movable-bracing secumotion device, a word - ""segway"" or ""word",CosineGECO,20,0.001,definition of word segway,msmarco-passage/train,ielabgroup/vec2text_gtr-base-st_corrector
131843,definition of a sigmet,"user's manual and a user's manual for a smooth operation, Siems sordenigen definition is: ""Siem",CosineGECO,20,0.001,siemens somatom definition as user manual,msmarco-passage/train,ielabgroup/vec2text_gtr-base-st_corrector
131843,definition of a sigmet,esmay is a m (Greek name) and m (name of Erica meaning,CosineGECO,20,0.001,esmay name meaning,msmarco-passage/train,ielabgroup/vec2text_gtr-base-st_corrector
131843,definition of a sigmet,"a scrag, a visual kennel of a man with a long period of aging, known as scrag",CosineGECO,20,0.001,scrag definition,msmarco-passage/train,ielabgroup/vec2text_gtr-base-st_corrector
131843,definition of a sigmet,gay int sepia is a meaning of gayness and sensitivity to sex. This is known as,CosineGECO,20,0.001,gay int sepia meaning,msmarco-passage/train,ielabgroup/vec2text_gtr-base-st_corrector
131843,definition of a sigmet,Sigmund Rhee . . . is a national economist and a leading man of Sedgwormit Bank,CosineGECO,20,0.001,who is sigmund rhee,msmarco-passage/train,ielabgroup/vec2text_gtr-base-st_corrector
131843,definition of a sigmet,marcent (USMC) marent  a defined able-bodied disobedience training center in Marine Corps Air Force,CosineGECO,20,0.001,marcent definition usmc,msmarco-passage/train,ielabgroup/vec2text_gtr-base-st_corrector
131843,definition of a sigmet,(Sikh) is a religion of the Hindus who have a unique and simple faith and are fond of thes of,CosineGECO,20,0.001,what is sikh,msmarco-passage/train,ielabgroup/vec2text_gtr-base-st_corrector
104861,cost of interior concrete flooring,insulation in insulating materials (e.g. ethyl scaly foam) floor insulation cost $175–$200,CosineGECO,20,0.001,floor insulation cost,msmarco-passage/train,ielabgroup/vec2text_gtr-base-st_corrector
104861,cost of interior concrete flooring,"from $11 to $21 to $21 pound or as much as a dollar, garage floor epoxy or epoxy evaporosis cost",CosineGECO,20,0.001,how much garage epoxy garage floor cost,msmarco-passage/train,ielabgroup/vec2text_gtr-base-st_corrector
104861,cost of interior concrete flooring,"in the cost of a wooden floor, formerly a gift shop, now a home, now cost approximately $750 to $900 hardwood floor",CosineGECO,20,0.001,how much cost hardwood floor,msmarco-passage/train,ielabgroup/vec2text_gtr-base-st_corrector
104861,cost of interior concrete flooring,"stock price and a pending sale of the Armstrong Armstrong ceramic floor stock at a price of $1,030,030 a month",CosineGECO,20,0.001,armstrong flooring stock price,msmarco-passage/train,ielabgroup/vec2text_gtr-base-st_corrector
104861,cost of interior concrete flooring,pilings (poisoned for $2000 - $4000 a.m.) concrete pilings provide a clear cost,CosineGECO,20,0.001,concrete pilings cost,msmarco-passage/train,ielabgroup/vec2text_gtr-base-st_corrector
104861,cost of interior concrete flooring,"by a cement cement (ceramic cement) or a cement-based cement cement stock, can cost $5 to $600 a floor",CosineGECO,20,0.001,cost of cement floors,msmarco-passage/train,ielabgroup/vec2text_gtr-base-st_corrector
104861,cost of interior concrete flooring,square footage interior wall labor cost to frame a wall or a wall with a framed wall or a wall utilizing a $0.50,CosineGECO,20,0.001,square footage labor price to frame interior walls,msmarco-passage/train,ielabgroup/vec2text_gtr-base-st_corrector
104861,cost of interior concrete flooring,"cost of a home's hardwood floors, condo hardwood floors (approximately $390–$350) or a home's",CosineGECO,20,0.001,cost of condo hardwood floors,msmarco-passage/train,ielabgroup/vec2text_gtr-base-st_corrector
104861,cost of interior concrete flooring,to,CosineGECO,20,0.001,cost to install wood floors,msmarco-passage/train,ielabgroup/vec2text_gtr-base-st_corrector
104861,cost of interior concrete flooring,approximate installation cost of $500/m $500/m professional installation of inground or inground inground pools,CosineGECO,20,0.001,approximate cost for professional installation of inground pools,msmarco-passage/train,ielabgroup/vec2text_gtr-base-st_corrector
833860,what is the most popular food in switzerland,"Foods ranging from gin in a diet of a calorie, to beef in a diet of chicken, are protein in.",CosineGECO,20,0.001,what foods are protein in?,msmarco-passage/train,ielabgroup/vec2text_gtr-base-st_corrector
833860,what is the most popular food in switzerland,famous food in Ang kio kaleo with a delicious omei pokichi and kio kio,CosineGECO,20,0.001,famous food in ang mo kio,msmarco-passage/train,ielabgroup/vec2text_gtr-base-st_corrector
833860,what is the most popular food in switzerland,"a type of cheese, Fontina cheese is similar to guarantramo edulfina and ramen cheese",CosineGECO,20,0.001,what is fontina cheese similar to,msmarco-passage/train,ielabgroup/vec2text_gtr-base-st_corrector
833860,what is the most popular food in switzerland,"foods that have yeast in them, such as rye bread, rye pies, and yogurt, a lot of sweet potato flour has",CosineGECO,20,0.001,what foods have yeast in them,msmarco-passage/train,ielabgroup/vec2text_gtr-base-st_corrector
833860,what is the most popular food in switzerland,"weather: the temperature in Switzerland (Switzerland) is generally monsoon, while the temperature in Switzerland (Switzerland) stays",CosineGECO,20,0.001,what's the weather in switzerland,msmarco-passage/train,ielabgroup/vec2text_gtr-base-st_corrector
833860,what is the most popular food in switzerland,"stella pies are chewy foods and they are a blend of stella berries, chocolate and chow.",CosineGECO,20,0.001,what kind of food are stella chewies,msmarco-passage/train,ielabgroup/vec2text_gtr-base-st_corrector
833860,what is the most popular food in switzerland,"a popular food in Ireland is the rye savoury croutain, or the roasted cauliflower whee",CosineGECO,20,0.001,what is a popular food in ireland,msmarco-passage/train,ielabgroup/vec2text_gtr-base-st_corrector
833860,what is the most popular food in switzerland,"eat a steamed egg, a bowl of fruit, and vegetables after wisdom teeth were pulled from the frogs are eaten",CosineGECO,20,0.001,what to eat after getting your wisdom teeth pulled,msmarco-passage/train,ielabgroup/vec2text_gtr-base-st_corrector
833860,what is the most popular food in switzerland,"foods that are considered refreshments (e.g., licious peppers, a relic of a party) are considered to be",CosineGECO,20,0.001,what foods are considered refreshments,msmarco-passage/train,ielabgroup/vec2text_gtr-base-st_corrector
833860,what is the most popular food in switzerland,"language they speak in switzerland (i.e., swiss) Zurich güttemüll",CosineGECO,20,0.001,what language do they speak in switzerland zurich,msmarco-passage/train,ielabgroup/vec2text_gtr-base-st_corrector
207786,how are some sharks warm blooded,"(shark color) are attracted to sharks, and sharks with their breaths of blue-gray or white are",CosineGECO,20,0.001,what color are sharks attracted to,msmarco-passage/train,ielabgroup/vec2text_gtr-base-st_corrector
207786,how are some sharks warm blooded,"(mammalion)  470  240  , the largest shark ever recorded in history",CosineGECO,20,0.001,largest shark ever recorded in history,msmarco-passage/train,ielabgroup/vec2text_gtr-base-st_corrector
207786,how are some sharks warm blooded,"a woman causes fluid retention and hot hands, which is common in women with large hands and a rheumatoid ablation",CosineGECO,20,0.001,what causes hot hands and fluid retention  in women,msmarco-passage/train,ielabgroup/vec2text_gtr-base-st_corrector
207786,how are some sharks warm blooded,"temperature (160 °C to 300 °F) warm desert biome or a warm, arid biome biome",CosineGECO,20,0.001,temperature warm desert biome,msmarco-passage/train,ielabgroup/vec2text_gtr-base-st_corrector
207786,how are some sharks warm blooded,Heating-waving Heat-waving (Fwa) is a heat-stuffling heat and power delivery. It is,CosineGECO,20,0.001,what is heating fwa,msmarco-passage/train,ielabgroup/vec2text_gtr-base-st_corrector
207786,how are some sharks warm blooded,"when a hot water heater is in place, air pockets will cause flow of hot water through the hot water brigs and gas holes that lead",CosineGECO,20,0.001,why would hot water heater cause air pockets in water flow,msmarco-passage/train,ielabgroup/vec2text_gtr-base-st_corrector
207786,how are some sharks warm blooded,"from the savanna to the ocean, a shark lives for 1 to 4 years and is known to last from 1 to 30 years",CosineGECO,20,0.001,how long does a shark live for,msmarco-passage/train,ielabgroup/vec2text_gtr-base-st_corrector
207786,how are some sharks warm blooded,is the water of San Francia (so hot that it doesn't have a huge splash pool in the water) is 'San,CosineGECO,20,0.001,is the water in san francisco warm,msmarco-passage/train,ielabgroup/vec2text_gtr-base-st_corrector
207786,how are some sharks warm blooded,"if the fleas are skewed or ill, the flying squirrels are warm blooded and their furry fleas",CosineGECO,20,0.001,are flying squirrels warm blooded,msmarco-passage/train,ielabgroup/vec2text_gtr-base-st_corrector
207786,how are some sharks warm blooded,a cold-blooded — defined as a cold-blooded person with a repressive nature to kill or kill,CosineGECO,20,0.001,cold-blooded define,msmarco-passage/train,ielabgroup/vec2text_gtr-base-st_corrector
1114819,what is durable medical equipment consist of,a consumable tool is a tool that is used to perform a user-to-user performance of a tool (Winsingham and,CosineGECO,20,0.001,what is a consumable tool,msmarco-passage/train,ielabgroup/vec2text_gtr-base-st_corrector
1114819,what is durable medical equipment consist of,life safety equipment (a definition of safety equipment) is a life-stability device on the operating equipment of a labor force (LOC,CosineGECO,20,0.001,life safety equipment definition,msmarco-passage/train,ielabgroup/vec2text_gtr-base-st_corrector
1114819,what is durable medical equipment consist of,"types of devices, oral orthodontics (or Orthodontic grate), oblique braces, and peri-brace devices (",CosineGECO,20,0.001,types of orthodontic devices,msmarco-passage/train,ielabgroup/vec2text_gtr-base-st_corrector
1114819,what is durable medical equipment consist of,equipment in an ambulance that is used to transport people in and out of the ambulance and the rest of the equipment is used to transport people inside the ambulance,CosineGECO,20,0.001,what equipment is in an ambulance that is used to transport people in and out of the ambulance,msmarco-passage/train,ielabgroup/vec2text_gtr-base-st_corrector
1114819,what is durable medical equipment consist of,a Mensieutt device (or Mensieutt device) is a programmable and intelligent consumer electronics,CosineGECO,20,0.001,what is a meniett device,msmarco-passage/train,ielabgroup/vec2text_gtr-base-st_corrector
1114819,what is durable medical equipment consist of,"what is hospital indemnity insurance, i.e., it is a unique international medical insurance and a severance of benefits",CosineGECO,20,0.001,what is hospital indemnity insurance,msmarco-passage/train,ielabgroup/vec2text_gtr-base-st_corrector
1114819,what is durable medical equipment consist of,"structures that affect mcl. MLCL injury has a significant impact on adresorse, iliac muscles",CosineGECO,20,0.001,what structures does mcl injury affect,msmarco-passage/train,ielabgroup/vec2text_gtr-base-st_corrector
1114819,what is durable medical equipment consist of,"used medical equipment in the Los Angeles area (e.g., used obstructive medical instruments and losers) / used-l",CosineGECO,20,0.001,used medical equipment in los angeles,msmarco-passage/train,ielabgroup/vec2text_gtr-base-st_corrector
1114819,what is durable medical equipment consist of,"used medical equipment in the Los Angeles area (e.g., used obstructive medical instruments and losers) / used-l",CosineGECO,20,0.001,used medical equipment in los angeles,msmarco-passage/train,ielabgroup/vec2text_gtr-base-st_corrector
1114819,what is durable medical equipment consist of,"definition of medical frailty, a medical frailty, is the condition of a person's inability to eat",CosineGECO,20,0.001,what is the definition of medical frailty,msmarco-passage/train,ielabgroup/vec2text_gtr-base-st_corrector
183378,exons definition biology,bioeconomics (biobiology) Bioeconomics is a definition of a faculty of the humanities defining a set of product prices,CosineGECO,20,0.001,bioeconomics definition,msmarco-passage/train,ielabgroup/vec2text_gtr-base-st_corrector
183378,exons definition biology,endosperm (Endosperma) is a definition of a sperm cell by which the ectophag,CosineGECO,20,0.001,endosperm definition,msmarco-passage/train,ielabgroup/vec2text_gtr-base-st_corrector
183378,exons definition biology,"Exarch An exarch () was a sarco-petroarch, a lithoarch of the Great Exarcha",CosineGECO,20,0.001,what was an exarch,msmarco-passage/train,ielabgroup/vec2text_gtr-base-st_corrector
183378,exons definition biology,"of a cation (calensis) or a continuon, a caton is a science of atomic anatomy",CosineGECO,20,0.001,define an caton science,msmarco-passage/train,ielabgroup/vec2text_gtr-base-st_corrector
183378,exons definition biology,of the audiensia of the cruciform blaspheric jubilee. Exuberant is defined,CosineGECO,20,0.001,define exuberant,msmarco-passage/train,ielabgroup/vec2text_gtr-base-st_corrector
183378,exons definition biology,"definition of epidemiology, a biological science of medicine and biology, by observing that the virions of the immune system, their genetic distribution,",CosineGECO,20,0.001,epidemiology definition biology,msmarco-passage/train,ielabgroup/vec2text_gtr-base-st_corrector
183378,exons definition biology,(in biology and veterinary biology) is the process of forming a fetus and dividing it between other cells: reproduction,CosineGECO,20,0.001,what is reproduction in biology,msmarco-passage/train,ielabgroup/vec2text_gtr-base-st_corrector
183378,exons definition biology,"Extinction (definition) Extinction, the extinction of a genus, such as humans, plants,",CosineGECO,20,0.001,Extinction definition,msmarco-passage/train,ielabgroup/vec2text_gtr-base-st_corrector
183378,exons definition biology,"definition of photosynthesis (photobiology) is a biology definition of the synthesis of photons from plants, including all of them active enzyme",CosineGECO,20,0.001,photosynthesis definition in biology,msmarco-passage/train,ielabgroup/vec2text_gtr-base-st_corrector
183378,exons definition biology,"explain the exothermic reaction, an exothermic reaction (or exothermic-reaction) is a chemistry in which a heat",CosineGECO,20,0.001,explain what an exothermic reaction is,msmarco-passage/train,ielabgroup/vec2text_gtr-base-st_corrector
1106007,define visceral?,means 'primel' or 'residual'; 'primel' is a film that has the essence,CosineGECO,20,0.001,what does primal mean,msmarco-passage/train,ielabgroup/vec2text_gtr-base-st_corrector
1106007,define visceral?,"define a visceral attack, a symptom of a venomous abrasion and a sensitivity to the force",CosineGECO,20,0.001,define visceral attack,msmarco-passage/train,ielabgroup/vec2text_gtr-base-st_corrector
1106007,define visceral?,"(a rhyming definition of 'sardonic') is a simple, difficult, naive state theory.",CosineGECO,20,0.001,what is the definition of sardonic?,msmarco-passage/train,ielabgroup/vec2text_gtr-base-st_corrector
1106007,define visceral?,"vignette - a defined vignette of light and turbidity, a type of perfume effect",CosineGECO,20,0.001,vignette define,msmarco-passage/train,ielabgroup/vec2text_gtr-base-st_corrector
1106007,define visceral?,meaning of synal ( – a nihibosis of the limbs of the torso) is,CosineGECO,20,0.001,meaning of synal,msmarco-passage/train,ielabgroup/vec2text_gtr-base-st_corrector
1106007,define visceral?,"definition of surreal, Webster sarcastically re-emphasizes surreality, a superstitious art",CosineGECO,20,0.001,surreal definition webster,msmarco-passage/train,ielabgroup/vec2text_gtr-base-st_corrector
1106007,define visceral?,"(called callous) — a defined calf of a bone, a ponderosis, a calf",CosineGECO,20,0.001,define callous,msmarco-passage/train,ielabgroup/vec2text_gtr-base-st_corrector
1106007,define visceral?,(frasctal) – a definition of a fractal – a definition of the process of a,CosineGECO,20,0.001,definition for fractal,msmarco-passage/train,ielabgroup/vec2text_gtr-base-st_corrector
1106007,define visceral?,,CosineGECO,20,0.001,definition vascular,msmarco-passage/train,ielabgroup/vec2text_gtr-base-st_corrector
1106007,define visceral?,' dramatic ' ' dramatic ' is a figurative definition of a dramatic object of the existence of a death or accident,CosineGECO,20,0.001,dramatic define,msmarco-passage/train,ielabgroup/vec2text_gtr-base-st_corrector
1124210,tracheids are part of _____.,"function of the trabeculae, the carneae trabecularis, is located on the trabrulid st",CosineGECO,20,0.001,where is the trabeculae carneae located and its function,msmarco-passage/train,ielabgroup/vec2text_gtr-base-st_corrector
1124210,tracheids are part of _____.,organs strung together functionally and structurally or eulogistically. Straths usually form a stable stable structure with no,CosineGECO,20,0.001,organs strung together functionally and usually structurally form,msmarco-passage/train,ielabgroup/vec2text_gtr-base-st_corrector
1124210,tracheids are part of _____.,are found in the center of chymotryptoproteins and make up the majority of vLLOs in both composition and composition.,CosineGECO,20,0.001,are found in the center of lipoproteins and make up the majority of both chylomicrons and vldls' composition.,msmarco-passage/train,ielabgroup/vec2text_gtr-base-st_corrector
1124210,tracheids are part of _____.,"which one of the following is the ascending tract of the spinal cord, is a descending tract of spinal cord and/or cericular",CosineGECO,20,0.001,which of the following is an ascending tract of the spinal cord?,msmarco-passage/train,ielabgroup/vec2text_gtr-base-st_corrector
1124210,tracheids are part of _____.,"(cancer fibrosis) and other organs, muscle tissue is the organs that are mainly part of muscle tissue and is home to",CosineGECO,20,0.001,what organs are muscle tissue apart of,msmarco-passage/train,ielabgroup/vec2text_gtr-base-st_corrector
1124210,tracheids are part of _____.,Pea plant is the part of pea trellis and pea-trellis tendrils are the main part of echi,CosineGECO,20,0.001,what part of pea plant is pea tendrils,msmarco-passage/train,ielabgroup/vec2text_gtr-base-st_corrector
1124210,tracheids are part of _____.,"System is the prostate – the prostate is a part of the system of the esophagus, uretera and arteries",CosineGECO,20,0.001,what system is the prostate a part of,msmarco-passage/train,ielabgroup/vec2text_gtr-base-st_corrector
1124210,tracheids are part of _____.,"which is not a part of kdothectomon, as with all other prokaryotic cells, but is not part.",CosineGECO,20,0.001,which is not part of a prokaryotic cell?,msmarco-passage/train,ielabgroup/vec2text_gtr-base-st_corrector
1124210,tracheids are part of _____.,organs strung together functionally and structurally or eulogistically. Straths usually form a stable stable structure with no,CosineGECO,20,0.001,organs strung together functionally and usually structurally form,msmarco-passage/train,ielabgroup/vec2text_gtr-base-st_corrector
1124210,tracheids are part of _____.,"(the tooth-sharp, the tooth-sharp and the tooth-nails) are the parts of the tooth. These parts",CosineGECO,20,0.001,what are the parts of the tooth,msmarco-passage/train,ielabgroup/vec2text_gtr-base-st_corrector
490595,rsa definition key,rosa is a bacterivory and a low-cost quinolone also known as serosa.,CosineGECO,20,0.001,what is serosa,msmarco-passage/train,ielabgroup/vec2text_gtr-base-st_corrector
490595,rsa definition key,vsa is a small aortic and aortic sclerosis (SAA) and vascular avascular,CosineGECO,20,0.001,what is vsa,msmarco-passage/train,ielabgroup/vec2text_gtr-base-st_corrector
490595,rsa definition key,purpose of hsa-adcount account. hsa-a is a service to provide savings and information for your plan.,CosineGECO,20,0.001,what is the purpose of hsa account,msmarco-passage/train,ielabgroup/vec2text_gtr-base-st_corrector
490595,rsa definition key,"name after name, rpa stands for a name after name and this is a prefix for a person authorized to receive a",CosineGECO,20,0.001,what does rpa stand for after name,msmarco-passage/train,ielabgroup/vec2text_gtr-base-st_corrector
490595,rsa definition key,rs (also known as RS) is a global currency update for the Java 5 application on the popular Wii U. rs,CosineGECO,20,0.001,what is rs?,msmarco-passage/train,ielabgroup/vec2text_gtr-base-st_corrector
490595,rsa definition key,"(Rna) is to bind the rna of the brain; as a result, the role of RNA is the role",CosineGECO,20,0.001,what is the role of rna,msmarco-passage/train,ielabgroup/vec2text_gtr-base-st_corrector
490595,rsa definition key,GSa member is a member of the Gsekia Sdnap & Performance Service. A GSA member is,CosineGECO,20,0.001,what is a gsa member,msmarco-passage/train,ielabgroup/vec2text_gtr-base-st_corrector
490595,rsa definition key,stand for rsd (Response and Shooting for Dilemma) and RSD stands for Resecutive,CosineGECO,20,0.001,what does rsd stand for?,msmarco-passage/train,ielabgroup/vec2text_gtr-base-st_corrector
490595,rsa definition key,meaning               name Ros,CosineGECO,20,0.001,meaning of name rosa,msmarco-passage/train,ielabgroup/vec2text_gtr-base-st_corrector
490595,rsa definition key,"(Bayassault) or Ruling Bankruptcy Appellate Law (RBA), which stands for a bankruptcy",CosineGECO,20,0.001,what does rba stand for in a bankruptcy,msmarco-passage/train,ielabgroup/vec2text_gtr-base-st_corrector
1103812,who formed the commonwealth of independent states,which colony was ruled by “Massachusetts” and “Massachusetts” ruled by the hamlets,CosineGECO,20,0.001,what colony was ruled by massachusetts,msmarco-passage/train,ielabgroup/vec2text_gtr-base-st_corrector
1103812,who formed the commonwealth of independent states,(no. 220—no. 220—six years after independence) is the king during the war for independence and the Republic,CosineGECO,20,0.001,who is the king during the war for independence,msmarco-passage/train,ielabgroup/vec2text_gtr-base-st_corrector
1103812,who formed the commonwealth of independent states,"of the following, which is a provision of a commonwealth agreement signed by the independent states of the commonwealth, ?",CosineGECO,20,0.001,which of the following is a provision of the commonwealth agreement signed by the commonwealth of independent states?,msmarco-passage/train,ielabgroup/vec2text_gtr-base-st_corrector
1103812,who formed the commonwealth of independent states,"who didn't vote for it, or those who voted for it, who didn't vote for a proclamation of Declaration of Independence",CosineGECO,20,0.001,who didn't vote for the declaration of independence,msmarco-passage/train,ielabgroup/vec2text_gtr-base-st_corrector
1103812,who formed the commonwealth of independent states,games of the commonwealth are scheduled for the 17th and 18th of April 2019 at the Gold Coast in a revolving Commonwealth,CosineGECO,20,0.001,when is the commonwealth games at the gold coast,msmarco-passage/train,ielabgroup/vec2text_gtr-base-st_corrector
1103812,who formed the commonwealth of independent states,gain Independence Patrol status by obtaining your independence entitlement package and securing a mission and a natural entrance. This will last until 1 January when,CosineGECO,20,0.001,how to gain independence patrol status,msmarco-passage/train,ielabgroup/vec2text_gtr-base-st_corrector
1103812,who formed the commonwealth of independent states,"the main idea of the declaration of independence (which is the adage of the full text of the Papacy Constitution), question-and-",CosineGECO,20,0.001,what is the main idea of the declaration of independence? quizlet,msmarco-passage/train,ielabgroup/vec2text_gtr-base-st_corrector
1103812,who formed the commonwealth of independent states,"which congress - introduced a bill to organize the territories of the states of Kansas and kansas. , nebraska",CosineGECO,20,0.001,_______ introduced a bill to congress to organize the territories of kansas and nebraska.,msmarco-passage/train,ielabgroup/vec2text_gtr-base-st_corrector
1103812,who formed the commonwealth of independent states,"a king of a polity, Charles I (Gavanna) and Edward McAvoy, who founded Canada, in 16",CosineGECO,20,0.001,who founded canada,msmarco-passage/train,ielabgroup/vec2text_gtr-base-st_corrector
1103812,who formed the commonwealth of independent states,"after the inauguration of the senate of the presidents who remained in the presidency of the constitutional convention, became president of the constitutional convention",CosineGECO,20,0.001,who became president of the constitutional convention,msmarco-passage/train,ielabgroup/vec2text_gtr-base-st_corrector
87181,causes of left ventricular hypertrophy,"(known as lifestyle diseases) are caused by a heart disease, a glioma-induced heart disease, and a thyroid disease",CosineGECO,20,0.001,what are lifestyle disease caused by,msmarco-passage/train,ielabgroup/vec2text_gtr-base-st_corrector
87181,causes of left ventricular hypertrophy,"a deep left vein (locustodystrive) runs inside left leg, which is left in the left strium after exit",CosineGECO,20,0.001,what vein runs inside left leg,msmarco-passage/train,ielabgroup/vec2text_gtr-base-st_corrector
87181,causes of left ventricular hypertrophy,"disease (adeficiency of the fetus, axemia, or Lyme disease) causes muscle atrophy or muscle",CosineGECO,20,0.001,what disease causes muscle atrophy,msmarco-passage/train,ielabgroup/vec2text_gtr-base-st_corrector
87181,causes of left ventricular hypertrophy,cause of uterine hyperplasia (hetero-peritoneal oblation or ovarian cirrhosis),CosineGECO,20,0.001,causes of uterine hyperplasia,msmarco-passage/train,ielabgroup/vec2text_gtr-base-st_corrector
87181,causes of left ventricular hypertrophy,"a result of preventricular fibrillosis, a ventricular beat that follows the ventricular rhythm or a pre-ventricular ventricular",CosineGECO,20,0.001,what follows a premature ventricular beat,msmarco-passage/train,ielabgroup/vec2text_gtr-base-st_corrector
87181,causes of left ventricular hypertrophy,the primary cause of nephrotic syndrome (as a result of a nephrotic thrombosis),CosineGECO,20,0.001,what is the secondary cause of nephrotic syndrome,msmarco-passage/train,ielabgroup/vec2text_gtr-base-st_corrector
87181,causes of left ventricular hypertrophy,vasculitis (as a result of a post-epiacosis gangrenous syndrome). It causes,CosineGECO,20,0.001,vasculitis causes,msmarco-passage/train,ielabgroup/vec2text_gtr-base-st_corrector
87181,causes of left ventricular hypertrophy,"blood flows from the left atrium into the left atrioventricular valve through a pulmonary adipose, the quiz",CosineGECO,20,0.001,blood flows through the left atrioventricular valve into what quizlet,msmarco-passage/train,ielabgroup/vec2text_gtr-base-st_corrector
87181,causes of left ventricular hypertrophy,"periventricular paravalve cortex Hypothalamus is a definition in psychology of the parathalamus, a tendency of a person",CosineGECO,20,0.001,paraventricular hypothalamus psychology definition,msmarco-passage/train,ielabgroup/vec2text_gtr-base-st_corrector
87181,causes of left ventricular hypertrophy,"cause of aortic enlargement, which is a result of a aortic aorta aortic",CosineGECO,20,0.001,causes of aortic enlargement,msmarco-passage/train,ielabgroup/vec2text_gtr-base-st_corrector
443396,lps laws definition,tps in immigration . This means 'total immigration' or 'total immigration'. This is a common sign of,CosineGECO,20,0.001,what does tps mean in immigration,msmarco-passage/train,ielabgroup/vec2text_gtr-base-st_corrector
443396,lps laws definition,"simple definition of a ""layman's"" definition. A layman's is a phylogenetic and computational definition of",CosineGECO,20,0.001,layman's definition,msmarco-passage/train,ielabgroup/vec2text_gtr-base-st_corrector
443396,lps laws definition,"define lsp, a dimensional space-like behavior of a variety of objects known as a granulospiration.",CosineGECO,20,0.001,define lsp,msmarco-passage/train,ielabgroup/vec2text_gtr-base-st_corrector
443396,lps laws definition,law               political,CosineGECO,20,0.001,political satire definition law,msmarco-passage/train,ielabgroup/vec2text_gtr-base-st_corrector
443396,lps laws definition,(Citizenship of the Law of the Interior and of the Federal Register) Agency law ( ) is a statutory law which acts,CosineGECO,20,0.001,what is agency law,msmarco-passage/train,ielabgroup/vec2text_gtr-base-st_corrector
443396,lps laws definition,"What Does It Mean When He Does It and When He Doesn't Do It"". Lop is a name for a human opos",CosineGECO,20,0.001,What Does Lop means,msmarco-passage/train,ielabgroup/vec2text_gtr-base-st_corrector
443396,lps laws definition,"the laws of the state, and the law on who you are a president, is the law of being a President and is expected to have privacy",CosineGECO,20,0.001,what is the law on being a president,msmarco-passage/train,ielabgroup/vec2text_gtr-base-st_corrector
443396,lps laws definition,a child of names meaning,CosineGECO,20,0.001,lawson name meaning,msmarco-passage/train,ielabgroup/vec2text_gtr-base-st_corrector
443396,lps laws definition,"defined office poli. Office poli. , a defining office poli. , a statutory term for liaise",CosineGECO,20,0.001,definition - office poli,msmarco-passage/train,ielabgroup/vec2text_gtr-base-st_corrector
443396,lps laws definition,a 'Ldp/Gsa' stand for ldp and a 'Gas and Safe Transportations Association,CosineGECO,20,0.001,what does ldp/gsa stand for,msmarco-passage/train,ielabgroup/vec2text_gtr-base-st_corrector
1121709,what are the three percenters?,"what are, in the most important way, the three most important rights, namely, the rights, the rights, and the rights of the living",CosineGECO,20,0.001,what are the three most important rights,msmarco-passage/train,ielabgroup/vec2text_gtr-base-st_corrector
1121709,what are the three percenters?,"type of learner – are Quiz-alert and Self-Procedural Interchange, which tests how to answer quiz questions.",CosineGECO,20,0.001,what type of learner quiz,msmarco-passage/train,ielabgroup/vec2text_gtr-base-st_corrector
1121709,what are the three percenters?,"are the three types of mixtures: A nascent amorphous mixture, A nascent amorphous mixture",CosineGECO,20,0.001,what are the three types of mixtures,msmarco-passage/train,ielabgroup/vec2text_gtr-base-st_corrector
1121709,what are the three percenters?,"a three-sided, or a three-sided, a three-sided apex is a versatile apex",CosineGECO,20,0.001,what is a three sided,msmarco-passage/train,ielabgroup/vec2text_gtr-base-st_corrector
1121709,what are the three percenters?,"success ratio for triple-op heart bypass surgery, triple-op heart bypass surgery has a 96:1 success rate and 25,000 successful",CosineGECO,20,0.001,triple bypass heart surgery success ratio,msmarco-passage/train,ielabgroup/vec2text_gtr-base-st_corrector
1121709,what are the three percenters?,"percent of the U.S. population (Millennials, X-Men, X-Facility) are baby boomers.",CosineGECO,20,0.001,what percent of u.s. population is baby boomers?,msmarco-passage/train,ielabgroup/vec2text_gtr-base-st_corrector
1121709,what are the three percenters?,located on the right of the horn. The three way switch on your bass is a three-way switch for your bass and other auxiliary input,CosineGECO,20,0.001,what is the three way switch on my bass,msmarco-passage/train,ielabgroup/vec2text_gtr-base-st_corrector
1121709,what are the three percenters?,known as a third (a variation of the formula of the Great Ballet or the Golden Fry of the Golden Fry) is a natural,CosineGECO,20,0.001,what is a third,msmarco-passage/train,ielabgroup/vec2text_gtr-base-st_corrector
1121709,what are the three percenters?,"A three-season tent, or a three-season camper tent, is a camping and camping experience for managers and managers in the Northern",CosineGECO,20,0.001,what is a three season camping tents,msmarco-passage/train,ielabgroup/vec2text_gtr-base-st_corrector
1121709,what are the three percenters?,"(now known as Globalists) are a group of globalists who, along with President Donald Trump and President Donald Trump, are global puppet",CosineGECO,20,0.001,who or what are globalists,msmarco-passage/train,ielabgroup/vec2text_gtr-base-st_corrector
87452,causes of military suicide,(A.D.C.): Pay for the military is the pay of the military. This pay is a 97-dollar tax payer,CosineGECO,20,0.001,what is the pay for military,msmarco-passage/train,ielabgroup/vec2text_gtr-base-st_corrector
87452,causes of military suicide,"in terms of a drop. A click is a military commandery in the United Kingdom and a military sphere known as a ""click",CosineGECO,20,0.001,in military terms what is a click,msmarco-passage/train,ielabgroup/vec2text_gtr-base-st_corrector
87452,causes of military suicide,"causes of death: Denis Johnson, a cause of death at 0:10, John Denson, a fatal ailment",CosineGECO,20,0.001,dennis johnson causes of death,msmarco-passage/train,ielabgroup/vec2text_gtr-base-st_corrector
87452,causes of military suicide,"(Madison, 1989) causes conversion disorder. This disorder is a known cause of a clear relationship between a bulimi",CosineGECO,20,0.001,causes of conversion disorder,msmarco-passage/train,ielabgroup/vec2text_gtr-base-st_corrector
87452,causes of military suicide,"(Asia-based - Hindustan Times), all of the killing is the main reason, and a lot of the people cause.",CosineGECO,20,0.001,what is the main reason for all the killing?,msmarco-passage/train,ielabgroup/vec2text_gtr-base-st_corrector
87452,causes of military suicide,"types of suicide: the suicide types of Durkheim, or by suicide in a single's, and the active",CosineGECO,20,0.001,types of suicide durkheim,msmarco-passage/train,ielabgroup/vec2text_gtr-base-st_corrector
87452,causes of military suicide,"under the instruction of the emperor, sugar tutu, caused King Tut's death and the result of his death.",CosineGECO,20,0.001,what caused king tut's death,msmarco-passage/train,ielabgroup/vec2text_gtr-base-st_corrector
87452,causes of military suicide,"who are at most risk of committing suicide (e.g., sex and men who are suffering from life problems) are at the most",CosineGECO,20,0.001,who is most at risk for committing suicide,msmarco-passage/train,ielabgroup/vec2text_gtr-base-st_corrector
87452,causes of military suicide,"Use of alcohol is a cause of alcoholism and this causes addiction, e.g., libidosis, gluten",CosineGECO,20,0.001,causes of alcoholism,msmarco-passage/train,ielabgroup/vec2text_gtr-base-st_corrector
87452,causes of military suicide,"rates of military and non-military based military, averaging        1600",CosineGECO,20,0.001,per diem rates military,msmarco-passage/train,ielabgroup/vec2text_gtr-base-st_corrector
855410,what is theraderm used for,a function of a number of tools: The purpose of the Temp (    ) is to keep temperature,CosineGECO,20,0.001,what is the purpose of the temp,msmarco-passage/train,ielabgroup/vec2text_gtr-base-st_corrector
855410,what is theraderm used for,"Using the drug ergonobardoin, methylergonovine is used for a variety of diseases and for chemo",CosineGECO,20,0.001,what is methylergonovine used for,msmarco-passage/train,ielabgroup/vec2text_gtr-base-st_corrector
855410,what is theraderm used for,"When atrovent is used, especially when a low-dose tracheobronchial agent is used, it is recommended for commercial use",CosineGECO,20,0.001,when is atrovent used,msmarco-passage/train,ielabgroup/vec2text_gtr-base-st_corrector
855410,what is theraderm used for,"on the troddenzilkeni medication, troddenzil xr is used to treat a variety of conditions such as",CosineGECO,20,0.001,what is trokendi xr used to treat,msmarco-passage/train,ielabgroup/vec2text_gtr-base-st_corrector
855410,what is theraderm used for,peridotite is used for a variety of uses from tephratolith and peridote is used,CosineGECO,20,0.001,what is peridotite used for,msmarco-passage/train,ielabgroup/vec2text_gtr-base-st_corrector
855410,what is theraderm used for,"used for emaciosis, ill-health, and long-term cardiomyopathy, cardizem is used to treat",CosineGECO,20,0.001,what is iv cardizem used for,msmarco-passage/train,ielabgroup/vec2text_gtr-base-st_corrector
855410,what is theraderm used for,nattokinase is a natroectose used for esophagus and other,CosineGECO,20,0.001,what is nattokinase used for,msmarco-passage/train,ielabgroup/vec2text_gtr-base-st_corrector
855410,what is theraderm used for,"Rheum is a soft, eucalyptus-causing drug of the blood, also known as rheumum",CosineGECO,20,0.001,what is rheum,msmarco-passage/train,ielabgroup/vec2text_gtr-base-st_corrector
855410,what is theraderm used for,Amberen is used for a variety of drugs including fecundin and alanubricose. It is used,CosineGECO,20,0.001,what is amberen used for,msmarco-passage/train,ielabgroup/vec2text_gtr-base-st_corrector
855410,what is theraderm used for,Gonadorlin Gonadorlin is used as a hormone for a variety of oes,CosineGECO,20,0.001,what is gonadorelin used for,msmarco-passage/train,ielabgroup/vec2text_gtr-base-st_corrector
1114646,what is famvir prescribed for,FERilab FERilab (formerly known as fermilab) is a biospheric liquid neodymium,CosineGECO,20,0.001,what is fermilab,msmarco-passage/train,ielabgroup/vec2text_gtr-base-st_corrector
1114646,what is famvir prescribed for,"(as a result of a complication of a septic condition), augmentin treats glaucoma and tre",CosineGECO,20,0.001,what does augmentin treat,msmarco-passage/train,ielabgroup/vec2text_gtr-base-st_corrector
1114646,what is famvir prescribed for,(flaminin ion phe phe phe ) is a blood test for ferritin tests and other,CosineGECO,20,0.001,what is ferritin blood test for,msmarco-passage/train,ielabgroup/vec2text_gtr-base-st_corrector
1114646,what is famvir prescribed for,"(BpV), a folic acid drug, Ferritin tests for ferritonitis and to determine whether a certain protein",CosineGECO,20,0.001,what does ferritin test for,msmarco-passage/train,ielabgroup/vec2text_gtr-base-st_corrector
1114646,what is famvir prescribed for,clodaclovir (clozaril) is prescribed for epinephrine and bulimia. It is prescribed for,CosineGECO,20,0.001,what is clozaril prescribed for,msmarco-passage/train,ielabgroup/vec2text_gtr-base-st_corrector
1114646,what is famvir prescribed for,"advastatin-simco-advastatin is used for a variety of medicine, including acropo",CosineGECO,20,0.001,what is adco-simvastatin used for,msmarco-passage/train,ielabgroup/vec2text_gtr-base-st_corrector
1114646,what is famvir prescribed for,"a famotapine, famotidine is used to treat obecious and bulpillary disorders",CosineGECO,20,0.001,what is famotidine used to treat,msmarco-passage/train,ielabgroup/vec2text_gtr-base-st_corrector
1114646,what is famvir prescribed for,Vivigen Vivigen is a water-soluble gel and a bacteriology product that is a focus of the Parkinsonis,CosineGECO,20,0.001,what is vivigen,msmarco-passage/train,ielabgroup/vec2text_gtr-base-st_corrector
1114646,what is famvir prescribed for,"a common medication for vestibular migraines, tyrosine-adrene and argizolides are effective migraines",CosineGECO,20,0.001,common medication for vestibular migraines,msmarco-passage/train,ielabgroup/vec2text_gtr-base-st_corrector
1114646,what is famvir prescribed for,reminyl treats when it is used to treat rhabdomyosis and pyelamine. This treatment prevent,CosineGECO,20,0.001,what does reminyl treat,msmarco-passage/train,ielabgroup/vec2text_gtr-base-st_corrector
19335,anthropological definition of environment,"when organisms respond to changes in their environment. Organisms respond to changes in their adjustments, adjusting and adaptations that are made in their environment",CosineGECO,20,0.001,when organisms respond to changes and make adjustments in their environment,msmarco-passage/train,ielabgroup/vec2text_gtr-base-st_corrector
19335,anthropological definition of environment,"definition (analysis) (Marotheca, phylloxeon): The Woodlands () is a group of the forest",CosineGECO,20,0.001,what is the definition of the woodlands,msmarco-passage/train,ielabgroup/vec2text_gtr-base-st_corrector
19335,anthropological definition of environment,Anu is a peritoneal anus (a femur and a blood cell in the human body). The Anu is,CosineGECO,20,0.001,what is an anu,msmarco-passage/train,ielabgroup/vec2text_gtr-base-st_corrector
19335,anthropological definition of environment,"(part of the Global Airborne Budgetary Framework), aviation contributes to the environment, which has a significant impact on our environment and related industries.",CosineGECO,20,0.001,what does aviation contribute to environment?,msmarco-passage/train,ielabgroup/vec2text_gtr-base-st_corrector
19335,anthropological definition of environment,"a discussion of how environment can influence phenotype, it is believed that environment and locality can influence a phenotype",CosineGECO,20,0.001,"discuss, how can environment influence phenotype",msmarco-passage/train,ielabgroup/vec2text_gtr-base-st_corrector
19335,anthropological definition of environment,"a physical environment of businesses is the physical environment of businesses and their facilities (e.g., holding assets or building facilities) defined in the framework",CosineGECO,20,0.001,physical environment of businesses definition,msmarco-passage/train,ielabgroup/vec2text_gtr-base-st_corrector
19335,anthropological definition of environment,define culture (also known as a sociology culture or a sociorelationship culture) is a sociology of human behavior and sociology,CosineGECO,20,0.001,define sociology culture,msmarco-passage/train,ielabgroup/vec2text_gtr-base-st_corrector
19335,anthropological definition of environment,"culture is a definition of the behavioral quiz system of the United States Applied Psychology classifiers, a key characteristic of non-performed people",CosineGECO,20,0.001,culture definition psychology quizlet,msmarco-passage/train,ielabgroup/vec2text_gtr-base-st_corrector
19335,anthropological definition of environment,what is defined in psychology as nature (Asia-Asia-Asia-Deutsch) Nature is the term to describe,CosineGECO,20,0.001,what is nature define as in psychology,msmarco-passage/train,ielabgroup/vec2text_gtr-base-st_corrector
19335,anthropological definition of environment,(known as relatedness anthropology) is a phenomenology of anthropology and anthropology of anthropology at Ruth,CosineGECO,20,0.001,what is relatedness anthropology,msmarco-passage/train,ielabgroup/vec2text_gtr-base-st_corrector
47923,axon terminals or synaptic knob definition,"the different types of ion channels in the membranes of neurons, such as ion channels and ion-dialect channels",CosineGECO,20,0.001,different kinds of ion channels in the membranes of neurons,msmarco-passage/train,ielabgroup/vec2text_gtr-base-st_corrector
47923,axon terminals or synaptic knob definition,"what is secreted, axon axon is secreted by the axon terminal of axon nerve",CosineGECO,20,0.001,what is secreted by axon terminal of nerve,msmarco-passage/train,ielabgroup/vec2text_gtr-base-st_corrector
47923,axon terminals or synaptic knob definition,A tranch A tranch is a special stout vegetable of the intestines and is known as a taps,CosineGECO,20,0.001,what is a tranch,msmarco-passage/train,ielabgroup/vec2text_gtr-base-st_corrector
47923,axon terminals or synaptic knob definition,Flavonoid A flavonoid () is a neuron that is a cell of the cytoskeleton that is a,CosineGECO,20,0.001,what is a flavonoid,msmarco-passage/train,ielabgroup/vec2text_gtr-base-st_corrector
47923,axon terminals or synaptic knob definition,a cat condition known as  kylo thorax (cat nyspheric angular thora,CosineGECO,20,0.001,cat condition known as kylo thorax,msmarco-passage/train,ielabgroup/vec2text_gtr-base-st_corrector
47923,axon terminals or synaptic knob definition,the Antoine-Edmondson-Pelch – asynchronous module is a module definition of asynchronous and synchronous,CosineGECO,20,0.001,asynchronous module definition,msmarco-passage/train,ielabgroup/vec2text_gtr-base-st_corrector
47923,axon terminals or synaptic knob definition,a neuron that receives a substifle stimulus is excitable and more so in the upcoming series of stimuli then,CosineGECO,20,0.001,"if a neuron receives a series of stimuli whose effect is excitatory but subthreshold, the neuron is more excitable to incoming stimulation than before and is said to be",msmarco-passage/train,ielabgroup/vec2text_gtr-base-st_corrector
47923,axon terminals or synaptic knob definition,"definition of a system of organs and fats (e.g., ganglia, oxoelectrode)",CosineGECO,20,0.001,definition of glands,msmarco-passage/train,ielabgroup/vec2text_gtr-base-st_corrector
47923,axon terminals or synaptic knob definition,Synod,CosineGECO,20,0.001,define synod,msmarco-passage/train,ielabgroup/vec2text_gtr-base-st_corrector
47923,axon terminals or synaptic knob definition,the word 'sylvan' is a word from the sylvic word 'sylvan' which means,CosineGECO,20,0.001,what does the word sylvan mean,msmarco-passage/train,ielabgroup/vec2text_gtr-base-st_corrector
405717,is cdg airport in main paris,the busiest airports in the world in 2015,CosineGECO,20,0.001,busiest airports in the world 2015,msmarco-passage/train,ielabgroup/vec2text_gtr-base-st_corrector
405717,is cdg airport in main paris,nearest airport at london city centre (London based a direct service from london a.k.a.,CosineGECO,20,0.001,nearest airport to london city centre,msmarco-passage/train,ielabgroup/vec2text_gtr-base-st_corrector
405717,is cdg airport in main paris,address is 130015 - Sunshine Coast airport is a motor homeport located at the former airport and now a single-stop commuter train,CosineGECO,20,0.001,sunshine coast airport address,msmarco-passage/train,ielabgroup/vec2text_gtr-base-st_corrector
405717,is cdg airport in main paris,"airport at L.A. (L.A.) which is the closest airport to Laguna Beach, and Laguna Beach petro",CosineGECO,20,0.001,which airport is closest to laguna beach,msmarco-passage/train,ielabgroup/vec2text_gtr-base-st_corrector
405717,is cdg airport in main paris,"airport to Antigua d'Argento y Santa Luca, which flies into St. John PT Airport.",CosineGECO,20,0.001,what airport goes into st john antigua?,msmarco-passage/train,ielabgroup/vec2text_gtr-base-st_corrector
405717,is cdg airport in main paris,"a.m. Willard Champlin, a.m. Charles Chawmin, ground-effects ground-effects are",CosineGECO,20,0.001,ground effects william champlin,msmarco-passage/train,ielabgroup/vec2text_gtr-base-st_corrector
405717,is cdg airport in main paris,airport closest to the embassy suites at nasolton / hpig / harperville / chic,CosineGECO,20,0.001,airport close to embassy suites by hilton chicago/naperville,msmarco-passage/train,ielabgroup/vec2text_gtr-base-st_corrector
405717,is cdg airport in main paris,"Searcy Field Searcy Field , formerly , is a national airport located at , in the city of Segway, Illinois",CosineGECO,20,0.001,where is searcy field airport,msmarco-passage/train,ielabgroup/vec2text_gtr-base-st_corrector
405717,is cdg airport in main paris,syracuse convention center and is the closest airport to the 'New York Oncenter' at 'Syracuse Convention Center',CosineGECO,20,0.001,"which syracuse, ny airport is closest to the oncenter/convention center",msmarco-passage/train,ielabgroup/vec2text_gtr-base-st_corrector
405717,is cdg airport in main paris,(Durango Airport)           is the airport that serves,CosineGECO,20,0.001,what is durango airport,msmarco-passage/train,ielabgroup/vec2text_gtr-base-st_corrector
182539,example of monotonic function,function notation (a.k.a. function notation) is the definition of a set of notations of a finite-function,CosineGECO,20,0.001,function notation definition,msmarco-passage/train,ielabgroup/vec2text_gtr-base-st_corrector
182539,example of monotonic function,"which a function shows a direct linear variation, i.e., the function *    .",CosineGECO,20,0.001,which linear function shows a direct variation?,msmarco-passage/train,ielabgroup/vec2text_gtr-base-st_corrector
182539,example of monotonic function,type of procedure that is an example of an extirpation is a typical example of an exocercologic extir,CosineGECO,20,0.001,what type of procedure is an example of an example of an extirpation,msmarco-passage/train,ielabgroup/vec2text_gtr-base-st_corrector
182539,example of monotonic function,a good example of a toll-free phone number. 1-100-00-00-00-00-001 is an example of,CosineGECO,20,0.001,example of a toll free phone number,msmarco-passage/train,ielabgroup/vec2text_gtr-base-st_corrector
182539,example of monotonic function,"example of a descriptive is a description of a sentence such as “I am drinking water,” “beautiful” and “indi",CosineGECO,20,0.001,example of descriptive,msmarco-passage/train,ielabgroup/vec2text_gtr-base-st_corrector
182539,example of monotonic function,"1992 and 2014 are examples of the highest examples of inflation, a doubling of the rate of inflation and a significant increase in wages and benefits received",CosineGECO,20,0.001,highest examples of inflation,msmarco-passage/train,ielabgroup/vec2text_gtr-base-st_corrector
182539,example of monotonic function,"definition, osmosis is an example of mitosis. The process of adenosis and fusion of extracellular",CosineGECO,20,0.001,definition and example of mitosis,msmarco-passage/train,ielabgroup/vec2text_gtr-base-st_corrector
182539,example of monotonic function,"i, i, i, i, i, a, b is an example of resistance. This is largely",CosineGECO,20,0.001,which of the following is an example of resistance?,msmarco-passage/train,ielabgroup/vec2text_gtr-base-st_corrector
182539,example of monotonic function,"(napoleon, racioball, and a basketball), an example of expressed powers is the Power of Expression, which can express",CosineGECO,20,0.001,what is an example of expressed powers,msmarco-passage/train,ielabgroup/vec2text_gtr-base-st_corrector
182539,example of monotonic function,"types of functions odd function type is a type of function, i.e., squamish, spline function,",CosineGECO,20,0.001,types of functions odd function,msmarco-passage/train,ielabgroup/vec2text_gtr-base-st_corrector
1113437,what is physical description of spruce,a tree fungus looks like a fungus with a chemical look that is sliced open and the leaves are hard to see,CosineGECO,20,0.001,what does tree fungus look like,msmarco-passage/train,ielabgroup/vec2text_gtr-base-st_corrector
1113437,what is physical description of spruce,The vesica pescis is a brainstem of the vesicular artis known as the pisci,CosineGECO,20,0.001,what is the vesica piscis,msmarco-passage/train,ielabgroup/vec2text_gtr-base-st_corrector
1113437,what is physical description of spruce,"is a deciduous tree, crepe myrtle / birch myrtle / is a deciduous",CosineGECO,20,0.001,is crepe myrtle a deciduous tree?,msmarco-passage/train,ielabgroup/vec2text_gtr-base-st_corrector
1113437,what is physical description of spruce,a nutrient-rich environment. The characteristics of bacterial spores are bacterium spores with a lifetime.,CosineGECO,20,0.001,what are the characteristics of bacterial spores?,msmarco-passage/train,ielabgroup/vec2text_gtr-base-st_corrector
1113437,what is physical description of spruce,"chemical properties of pyrite: pyrite, a pyrospheric chemical substance with a strong absorption force",CosineGECO,20,0.001,chemical properties of pyrite,msmarco-passage/train,ielabgroup/vec2text_gtr-base-st_corrector
1113437,what is physical description of spruce,"description of a chicken is a description of a chicken, a bird with a high circulatory and abrasive hock",CosineGECO,20,0.001,description of a chicken,msmarco-passage/train,ielabgroup/vec2text_gtr-base-st_corrector
1113437,what is physical description of spruce,"in which the structure of a spongy bone differs from that of a normal bone, and the structure of compact bone is different from",CosineGECO,20,0.001,how does the structure of compact bone differ from the structure of spongy bone,msmarco-passage/train,ielabgroup/vec2text_gtr-base-st_corrector
1113437,what is physical description of spruce,"puce is the most color to like. However, it is a lot like  blue  cream",CosineGECO,20,0.001,what color is puce most like,msmarco-passage/train,ielabgroup/vec2text_gtr-base-st_corrector
1113437,what is physical description of spruce,Contents skew Contents skew is a skew program that contains information about the properties of contents. It is a correlation,CosineGECO,20,0.001,what is contents skew,msmarco-passage/train,ielabgroup/vec2text_gtr-base-st_corrector
1113437,what is physical description of spruce,"a pistrep-spheath,    is a pith in the stem of plant",CosineGECO,20,0.001,what is a pith in a plant stem,msmarco-passage/train,ielabgroup/vec2text_gtr-base-st_corrector
1129237,hydrogen is a liquid below what temperature,at a temperature of 175 °F (11 °C) or 591 °F where salt boils,CosineGECO,20,0.001,what temperature does salt boil at,msmarco-passage/train,ielabgroup/vec2text_gtr-base-st_corrector
1129237,hydrogen is a liquid below what temperature,"food requirements, hot food is a minimum requirement for temperatures between 0 °C and 104 °F, and hot food is a",CosineGECO,20,0.001,hot food temperature requirements,msmarco-passage/train,ielabgroup/vec2text_gtr-base-st_corrector
1129237,hydrogen is a liquid below what temperature,"at a temperature of 80 °C or above, hypothermia sets in a temperature that may set as it does in winter",CosineGECO,20,0.001,at what temperature does hypothermia set in,msmarco-passage/train,ielabgroup/vec2text_gtr-base-st_corrector
1129237,hydrogen is a liquid below what temperature,"if the temperature of a liquid (or a vapor of a liquid) increases, its vapor-pressure increases, and it becomes",CosineGECO,20,0.001,"if the temperature of a liquid increases, what happens to its vapor pressure",msmarco-passage/train,ielabgroup/vec2text_gtr-base-st_corrector
1129237,hydrogen is a liquid below what temperature,temperature of Venus is 87 °C (Feb. temperature) and is known as the Venus-Viperotic-Viper,CosineGECO,20,0.001,what is venus temperature,msmarco-passage/train,ielabgroup/vec2text_gtr-base-st_corrector
1129237,hydrogen is a liquid below what temperature,"known as 'Hydro-' or 'Hydro-', hydrogen is used for food, fuel, and",CosineGECO,20,0.001,what is hydrogen used for,msmarco-passage/train,ielabgroup/vec2text_gtr-base-st_corrector
1129237,hydrogen is a liquid below what temperature,"°C on the centimeter of the kelvins, the boiling point of water in a whole cleotease.",CosineGECO,20,0.001,what is the boiling point of water in celsius?,msmarco-passage/train,ielabgroup/vec2text_gtr-base-st_corrector
1129237,hydrogen is a liquid below what temperature,"When the temperature is a 24-48 °F (150-200 °C) inside a refrigerator, the inside of the refrigerator should be",CosineGECO,20,0.001,what should the temp be inside a refrigerator,msmarco-passage/train,ielabgroup/vec2text_gtr-base-st_corrector
1129237,hydrogen is a liquid below what temperature,to cook (temperature: 450 °C or 480 °F or 480 °F in California) or check your burger,CosineGECO,20,0.001,what temp to cook burger,msmarco-passage/train,ielabgroup/vec2text_gtr-base-st_corrector
1129237,hydrogen is a liquid below what temperature,"what is the lowest body temperature a person can have, i.e. a person can have a temperature of .24 °",CosineGECO,20,0.001,what is the lowest body temperature a person can have,msmarco-passage/train,ielabgroup/vec2text_gtr-base-st_corrector
146187,difference between a mcdouble and a double cheeseburger,"a limit of militancy (DoD). This is a difference between Canada and the United States, whereas the US and Canada",CosineGECO,20,0.001,difference between canada and us,msmarco-passage/train,ielabgroup/vec2text_gtr-base-st_corrector
146187,difference between a mcdouble and a double cheeseburger,"when to use single quotes, “single” or “double” quotes or “difference” quotes when a single or double quote marks",CosineGECO,20,0.001,when to use single quotation marks or double,msmarco-passage/train,ielabgroup/vec2text_gtr-base-st_corrector
146187,difference between a mcdouble and a double cheeseburger,a difference between a single byte font (stylized as    ) and double font (,CosineGECO,20,0.001,difference double and single byte font,msmarco-passage/train,ielabgroup/vec2text_gtr-base-st_corrector
146187,difference between a mcdouble and a double cheeseburger,"mcg or larger mcg, is larger at 100 mg/mg, compared to mcg or na",CosineGECO,20,0.001,what is larger mcg or mg,msmarco-passage/train,ielabgroup/vec2text_gtr-base-st_corrector
146187,difference between a mcdouble and a double cheeseburger,"calories in a McDonald's hamburger (e.g., ""McDonald's Salad, Sweat, Burns)",CosineGECO,20,0.001,mcdonald's hamburger calories,msmarco-passage/train,ielabgroup/vec2text_gtr-base-st_corrector
146187,difference between a mcdouble and a double cheeseburger,", there is a professional doctorate",CosineGECO,20,0.001,is there a difference between a doctorate and a professional doctorate,msmarco-passage/train,ielabgroup/vec2text_gtr-base-st_corrector
146187,difference between a mcdouble and a double cheeseburger,the difference between a tetrachodothyroid (hybrid) and hyper thyroid (hypo) or hypo,CosineGECO,20,0.001,what is the difference between hyper and hypo thyroid,msmarco-passage/train,ielabgroup/vec2text_gtr-base-st_corrector
146187,difference between a mcdouble and a double cheeseburger,"a do is a md, and this is a difference between a md and a md.",CosineGECO,20,0.001,what is the difference between md and a do,msmarco-passage/train,ielabgroup/vec2text_gtr-base-st_corrector
146187,difference between a mcdouble and a double cheeseburger,what is a difference between electoral college and a televote and who is voted for by the popular vote and President Enrollment,CosineGECO,20,0.001,what is the difference between popular vote and electoral college,msmarco-passage/train,ielabgroup/vec2text_gtr-base-st_corrector
146187,difference between a mcdouble and a double cheeseburger,a difference between the fawn and family slave (fml) and the NJFLA,CosineGECO,20,0.001,what is the difference between fmla and njfla,msmarco-passage/train,ielabgroup/vec2text_gtr-base-st_corrector
