query_id,text,obfuscatedText,mechanism,epsilon,top_percentile,pivot_query,pool,corrector_model
156493,do goldfish grow,"types of food, goldfish are a food for a high intake of fatty acids such as ruminant grass, cypress",CosineGECO,15,0.001,types of food for goldfish,msmarco-passage/train,ielabgroup/vec2text_gtr-base-st_corrector
156493,do goldfish grow,"a physiologic growth, a physiologic growth (BY-DOOR: ANALYS) is a physiologic",CosineGECO,15,0.001,what is a physiologic growth,msmarco-passage/train,ielabgroup/vec2text_gtr-base-st_corrector
156493,do goldfish grow,"lymoma is slow growing, and despite the lymphosis and the cancer, lymphoma does",CosineGECO,15,0.001,is lymphoma slow growing,msmarco-passage/train,ielabgroup/vec2text_gtr-base-st_corrector
156493,do goldfish grow,"as puppies, from 0 to 165 ml (about 240 h) in size, German Shepherd puppies grow fast and start to grow",CosineGECO,15,0.001,how fast do german shepherd puppies grow,msmarco-passage/train,ielabgroup/vec2text_gtr-base-st_corrector
156493,do goldfish grow,"a baby of 2.4 to 5.3 grams, baby goldfish grow fast and grow fast until they reach a size of a mound",CosineGECO,15,0.001,how fast do baby goldfish grow,msmarco-passage/train,ielabgroup/vec2text_gtr-base-st_corrector
156493,do goldfish grow,"of a goldfish, a swaying, cylinder-shaped body and a femur will live from 8 to 13",CosineGECO,15,0.001,how long does a goldfish live,msmarco-passage/train,ielabgroup/vec2text_gtr-base-st_corrector
156493,do goldfish grow,"by growing from apex to poop, a springer spaniel grows from apex to poopy",CosineGECO,15,0.001,how does a springer spaniel grow,msmarco-passage/train,ielabgroup/vec2text_gtr-base-st_corrector
156493,do goldfish grow,grow goldfish in a fast water tank or a large food storage area. This method helps them grow faster than a 200-foot-long,CosineGECO,15,0.001,how to grow goldfish faster,msmarco-passage/train,ielabgroup/vec2text_gtr-base-st_corrector
156493,do goldfish grow,a variety of monocytogenes grow by preparing for air and water intake. It becomes Listeria monoglycositides,CosineGECO,15,0.001,how does Listeria monocytogenes grow,msmarco-passage/train,ielabgroup/vec2text_gtr-base-st_corrector
156493,do goldfish grow,a chemostat holds bacteria when they are at a halt. These phases of growth include: Growth is re-transformed by,CosineGECO,15,0.001,what phases of growth does a chemostat hold bacteria at,msmarco-passage/train,ielabgroup/vec2text_gtr-base-st_corrector
1110199,what is wifi vs bluetooth,how to connect your computer to your desktop and connect your .exes to your .exes and .exes or to set up WiFi,CosineGECO,15,0.001,how do i connect wifi to my desktop,msmarco-passage/train,ielabgroup/vec2text_gtr-base-st_corrector
1110199,what is wifi vs bluetooth,- Wi-Fi - is a common technology via IPv4 or Wi-fi. - a special Bonjour-Lou,CosineGECO,15,0.001,what is wi-fi ?,msmarco-passage/train,ielabgroup/vec2text_gtr-base-st_corrector
1110199,what is wifi vs bluetooth,by a user-interface to find out who is using your wifi and if it is yours and if it is using your routers,CosineGECO,15,0.001,how to know whos using your wifi,msmarco-passage/train,ielabgroup/vec2text_gtr-base-st_corrector
1110199,what is wifi vs bluetooth,"if you're on a Wi-Fi connection or if you're on a Wi-Fi connection, you can tell you",CosineGECO,15,0.001,how do i know if i'm connected to wifi,msmarco-passage/train,ielabgroup/vec2text_gtr-base-st_corrector
1110199,what is wifi vs bluetooth,dfs dfs is a femto-wired and a WiFi connection system. It is also known as,CosineGECO,15,0.001,what is dfs wifi,msmarco-passage/train,ielabgroup/vec2text_gtr-base-st_corrector
1110199,what is wifi vs bluetooth,a difference between the muscles on the surface of the body (tympanic nerves) and ligaments (tonks),CosineGECO,15,0.001,what is the difference between tendons and ligaments,msmarco-passage/train,ielabgroup/vec2text_gtr-base-st_corrector
1110199,what is wifi vs bluetooth,get wifi without password and use a password if you do not have a lot of electricity if you want a secret password iP,CosineGECO,15,0.001,how to get wifi without password,msmarco-passage/train,ielabgroup/vec2text_gtr-base-st_corrector
1110199,what is wifi vs bluetooth,a difference between a tyrannus (snake) and a windpipe is the difference between trachea,CosineGECO,15,0.001,the difference between trachea and windpipe,msmarco-passage/train,ielabgroup/vec2text_gtr-base-st_corrector
1110199,what is wifi vs bluetooth,tr tr (Bluetooth tr) is a technology of personal navigation which connects 3RS mirrors,CosineGECO,15,0.001,what is bluetooth tr,msmarco-passage/train,ielabgroup/vec2text_gtr-base-st_corrector
1110199,what is wifi vs bluetooth,difference between whey (whey protein) and isolate (whey whey whey whey protein) is a protein,CosineGECO,15,0.001,difference between whey protein and isolate,msmarco-passage/train,ielabgroup/vec2text_gtr-base-st_corrector
1063750,why did the us volunterilay enter ww1,"a list of countries who fought in World War 1 and a list of countries who fought on World War 1 (Hungary, Norway",CosineGECO,15,0.001,list of countries who fought in world war 1,msmarco-passage/train,ielabgroup/vec2text_gtr-base-st_corrector
1063750,why did the us volunterilay enter ww1,"reason volunteering services is a benevolent organization, providing opportunities to help people in need, and because they are a simple, able service",CosineGECO,15,0.001,why volunteering services,msmarco-passage/train,ielabgroup/vec2text_gtr-base-st_corrector
1063750,why did the us volunterilay enter ww1,"key factors of creating a strong wartime economy, e.g., high GDP and strong fadp income, were key.",CosineGECO,15,0.001,what were key factors in creating a strong wartime economy?,msmarco-passage/train,ielabgroup/vec2text_gtr-base-st_corrector
1063750,why did the us volunterilay enter ww1,event that started WW1 started with the equinoxed wwb-tri-regime of the events of Russia and Germany,CosineGECO,15,0.001,what event started ww1,msmarco-passage/train,ielabgroup/vec2text_gtr-base-st_corrector
1063750,why did the us volunterilay enter ww1,"because of this, S.N.S. Jedny Harkins was sanctioned by the U.S. government in his wake.",CosineGECO,15,0.001,why was harry s. jenkins sanctioned by us government?,msmarco-passage/train,ielabgroup/vec2text_gtr-base-st_corrector
1063750,why did the us volunterilay enter ww1,"because of hunger and hunger and because of the re-existence of people on the world's side, the holocaust happened or why",CosineGECO,15,0.001,why did the holocaust happen,msmarco-passage/train,ielabgroup/vec2text_gtr-base-st_corrector
1063750,why did the us volunterilay enter ww1,"when the first draft in the United States was instituted, enacted and enacted on the 1st of February 1926 United States",CosineGECO,15,0.001,when was the first draft instituted in the united states,msmarco-passage/train,ielabgroup/vec2text_gtr-base-st_corrector
1063750,why did the us volunterilay enter ww1,"on account of a love affair with a sex and a harrying bone, and World War One (WW1) started",CosineGECO,15,0.001,why did ww1 start,msmarco-passage/train,ielabgroup/vec2text_gtr-base-st_corrector
1063750,why did the us volunterilay enter ww1,"who was the first U.S. Army nurse, aka ""U.S. Army nurse"" (d. 1683) by Naomi Ehrlich",CosineGECO,15,0.001,who was the first u.s. army nurse,msmarco-passage/train,ielabgroup/vec2text_gtr-base-st_corrector
1063750,why did the us volunterilay enter ww1,news of a U.S. alliance with France was announced in 1908 on the rumours that the French alliance with reach valley forge,CosineGECO,15,0.001,when had news about the us alliance with france reach valley forge,msmarco-passage/train,ielabgroup/vec2text_gtr-base-st_corrector
130510,definition declaratory judgment,preempte,CosineGECO,15,0.001,preempted law definition,msmarco-passage/train,ielabgroup/vec2text_gtr-base-st_corrector
130510,definition declaratory judgment,"(i.e.,          ) is the definition of",CosineGECO,15,0.001,definition of intercession,msmarco-passage/train,ielabgroup/vec2text_gtr-base-st_corrector
130510,definition declaratory judgment,'Prove up' in a summary judgment proceedings is a procedural order to judge a suit against the defendant in a summary judgment,CosineGECO,15,0.001,what is a prove up in summary judgment proceedings,msmarco-passage/train,ielabgroup/vec2text_gtr-base-st_corrector
130510,definition declaratory judgment,"(i.e., criminal jurisdiction) is a legal definition of a crime or a jurisdiction which a defendant may be located on",CosineGECO,15,0.001,criminal jurisdiction definition,msmarco-passage/train,ielabgroup/vec2text_gtr-base-st_corrector
130510,definition declaratory judgment,Pre-emptive,CosineGECO,15,0.001,definition pré-emptive,msmarco-passage/train,ielabgroup/vec2text_gtr-base-st_corrector
130510,definition declaratory judgment,"a quick deed, a Quick Claim Deed, is an equivalence for the Court of Home Inspectors.",CosineGECO,15,0.001,what is a quick claim deed?,msmarco-passage/train,ielabgroup/vec2text_gtr-base-st_corrector
130510,definition declaratory judgment,appeal jurisdiction (as a statutory definition or a statutory application or a determination of appeal) is a judicial appeal of,CosineGECO,15,0.001,appeal jurisdiction definition,msmarco-passage/train,ielabgroup/vec2text_gtr-base-st_corrector
130510,definition declaratory judgment,"(Judgement) , a deferred judgment, is a preemptive judgment that an individual can perform in federal court to prevent",CosineGECO,15,0.001,what is deferred judgment,msmarco-passage/train,ielabgroup/vec2text_gtr-base-st_corrector
130510,definition declaratory judgment,Deliberative decision-making is a decision-making process that is a form of decision-making or libraic decision making,CosineGECO,15,0.001,what is deliberative decision making,msmarco-passage/train,ielabgroup/vec2text_gtr-base-st_corrector
130510,definition declaratory judgment,a recollection of debate. Debament is a definition of a televised process of conducting a judicial process,CosineGECO,15,0.001,debatement definition,msmarco-passage/train,ielabgroup/vec2text_gtr-base-st_corrector
489204,right pelvic pain causes,(pavlocene rehab) is a method of restoring pelvic jugglers and releasing dread.,CosineGECO,15,0.001,what is pelvic rehab?,msmarco-passage/train,ielabgroup/vec2text_gtr-base-st_corrector
489204,right pelvic pain causes,Cause of a phlebolith (papillary phlebolith) or a pelvic artery,CosineGECO,15,0.001,causes of a pelvic phlebolith,msmarco-passage/train,ielabgroup/vec2text_gtr-base-st_corrector
489204,right pelvic pain causes,"during pregnancy or a pyeloma, a condition on the left side of abdomen could cause pain in the left intestin",CosineGECO,15,0.001,what could cause pain in left side of abdomen,msmarco-passage/train,ielabgroup/vec2text_gtr-base-st_corrector
489204,right pelvic pain causes,"from a substance such as a dribble artery, a condition called a left femur or alcohol causes chest pain",CosineGECO,15,0.001,what cause chest pain,msmarco-passage/train,ielabgroup/vec2text_gtr-base-st_corrector
489204,right pelvic pain causes,a pain in the groin (poison in the groin or a pain in the genitals) means,CosineGECO,15,0.001,what does a pain in the groin mean,msmarco-passage/train,ielabgroup/vec2text_gtr-base-st_corrector
489204,right pelvic pain causes,"a pain caused by a fatty acid attack, a neoarthritis, or a muscle condition, cause rib",CosineGECO,15,0.001,what causes rib pain?,msmarco-passage/train,ielabgroup/vec2text_gtr-base-st_corrector
489204,right pelvic pain causes,"a stomp or a hard lip blockage, a stomach cleft on the right side can cause pain on the front abdomen",CosineGECO,15,0.001,what can cause pain on right side front stomach,msmarco-passage/train,ielabgroup/vec2text_gtr-base-st_corrector
489204,right pelvic pain causes,"caused by pain in the ankles, such as a knee joint, a foot sprain, or an ankle, an inflammatory pain",CosineGECO,15,0.001,causes of ankle pain,msmarco-passage/train,ielabgroup/vec2text_gtr-base-st_corrector
489204,right pelvic pain causes,"a result of a sclerotizing muscle or a sedative exercise, there is pain in the upper right leg which could cause",CosineGECO,15,0.001,what causes pain in upper right leg,msmarco-passage/train,ielabgroup/vec2text_gtr-base-st_corrector
489204,right pelvic pain causes,cause of pain in the right lumbar area of the right shoulder blade or a bruxism of the right lumbar spine result,CosineGECO,15,0.001,causes of pain in back right shoulder blade,msmarco-passage/train,ielabgroup/vec2text_gtr-base-st_corrector
573724,what are the social determinants of health,known as a 'social catalyst'. A Social Catalyst is a catalyst in the development of a high-protein affinity,CosineGECO,15,0.001,what is a social catalyst?,msmarco-passage/train,ielabgroup/vec2text_gtr-base-st_corrector
573724,what are the social determinants of health,sociologically - is a sociophysical definition of a society based on a sociological and behavioral model (ref.,CosineGECO,15,0.001,sociologically definition,msmarco-passage/train,ielabgroup/vec2text_gtr-base-st_corrector
573724,what are the social determinants of health,"factors aggravates the presence of a disease, including a number of factors such as alopecia nervosa and the age",CosineGECO,15,0.001,what factors aggravates the presence of a disease,msmarco-passage/train,ielabgroup/vec2text_gtr-base-st_corrector
573724,what are the social determinants of health,"the effect of addiction on the family homeostasis (or homeostasis of the body of a healthy equine),",CosineGECO,15,0.001,the effect  of addiction: of the family homeostasis,msmarco-passage/train,ielabgroup/vec2text_gtr-base-st_corrector
573724,what are the social determinants of health,liberation,CosineGECO,15,0.001,social liberation definition,msmarco-passage/train,ielabgroup/vec2text_gtr-base-st_corrector
573724,what are the social determinants of health,"a family by a family’s resuscation to alcohol addiction and other disorders, alcoholism is a family disease",CosineGECO,15,0.001,how is alcoholism a family disease,msmarco-passage/train,ielabgroup/vec2text_gtr-base-st_corrector
573724,what are the social determinants of health,"factors determine the quality of life, based on a factor of 0 to 80% of life. This determines life expectancy, and life",CosineGECO,15,0.001,what determines quality of life,msmarco-passage/train,ielabgroup/vec2text_gtr-base-st_corrector
573724,what are the social determinants of health,"because of a number of health-related health issues, obesity is a health concern and is a cornerstone for people’s health care.",CosineGECO,15,0.001,why is obesity a health concern?,msmarco-passage/train,ielabgroup/vec2text_gtr-base-st_corrector
573724,what are the social determinants of health,"as a result of the growth and activity of cigarette smokers in the U.S., nicotine is a depressant or metabol",CosineGECO,15,0.001,is nicotine a depressant,msmarco-passage/train,ielabgroup/vec2text_gtr-base-st_corrector
573724,what are the social determinants of health,"a research group at the U.S. National Center for Health and Human Development, WHO Health research, a 501(c)3 nonprofit",CosineGECO,15,0.001,who health research,msmarco-passage/train,ielabgroup/vec2text_gtr-base-st_corrector
168216,does legionella pneumophila cause pneumonia,"It is 3 to 4 days after pneumonia, it may take longer for your immune system to recover from pneumonia than it should remain in your",CosineGECO,15,0.001,how long does it take for your immune system to recover after pneumonia,msmarco-passage/train,ielabgroup/vec2text_gtr-base-st_corrector
168216,does legionella pneumophila cause pneumonia,"most common, bronchial marrow flu, adenovirus pneumonia, or phrittenia, is the most common bacteria",CosineGECO,15,0.001,most common bacterial pneumonia,msmarco-passage/train,ielabgroup/vec2text_gtr-base-st_corrector
168216,does legionella pneumophila cause pneumonia,causes a phlegm cough following a phlegmy (bronchitis) or bronchitis cle,CosineGECO,15,0.001,causes of a phlegmy cough following bronchitis,msmarco-passage/train,ielabgroup/vec2text_gtr-base-st_corrector
168216,does legionella pneumophila cause pneumonia,effects of lesions on the lungs. Lesions on the lungs are a treatment for a variety of conditions such as lung detach,CosineGECO,15,0.001,effects of lesions on lungs,msmarco-passage/train,ielabgroup/vec2text_gtr-base-st_corrector
168216,does legionella pneumophila cause pneumonia,"are kleptococcus utiella (Klebsiella pneumoniae) that can cause problems in the brain,",CosineGECO,15,0.001,can klebsiella pneumoniae uti cause problems in the brain,msmarco-passage/train,ielabgroup/vec2text_gtr-base-st_corrector
168216,does legionella pneumophila cause pneumonia,"if a pseudoaneurysm is able to cause a variety of other problems, such as headaches and kidney problems, problems",CosineGECO,15,0.001,can a pseudoaneurysm cause other problems,msmarco-passage/train,ielabgroup/vec2text_gtr-base-st_corrector
168216,does legionella pneumophila cause pneumonia,medical term for a condition in which inflammation of the parenchyma of the lungs occurs and the underlying organs are absces,CosineGECO,15,0.001,medical term for condition of inflammation of the lungs where the parenchyma is affected and abscesses occur,msmarco-passage/train,ielabgroup/vec2text_gtr-base-st_corrector
168216,does legionella pneumophila cause pneumonia,"a calorie of feon and milk, eat a variety of foods when you have pneumonia, and you will eat remained",CosineGECO,15,0.001,what to eat when you have pneumonia,msmarco-passage/train,ielabgroup/vec2text_gtr-base-st_corrector
168216,does legionella pneumophila cause pneumonia,"symptoms of fungal infection in the lungs (eczema, muscoectemia, and pulmonary bronchi symptoms",CosineGECO,15,0.001,symptoms of fungal infection in lungs,msmarco-passage/train,ielabgroup/vec2text_gtr-base-st_corrector
168216,does legionella pneumophila cause pneumonia,". When lung infracts, lung tissue incompasses and a variety of other complications happen as the lung progress",CosineGECO,15,0.001,when lung tissue infracts what happens,msmarco-passage/train,ielabgroup/vec2text_gtr-base-st_corrector
1133167,how is the weather in jamaica,"in Carmel, CA weather in Carmel - a sunny weather with rain, snow, and a cold weather average - 3.9",CosineGECO,15,0.001,weather in carmel ca,msmarco-passage/train,ielabgroup/vec2text_gtr-base-st_corrector
1133167,how is the weather in jamaica,"the weather in Waimea-K is like that of the fensile blizzard, while the air is hot and cold",CosineGECO,15,0.001,what is the weather like in waimea k,msmarco-passage/train,ielabgroup/vec2text_gtr-base-st_corrector
1133167,how is the weather in jamaica,"weather. During the day, the average snow is . Weather in Dover del Mar (Dover-Del Mar) is .",CosineGECO,15,0.001,weather in dover de,msmarco-passage/train,ielabgroup/vec2text_gtr-base-st_corrector
1133167,how is the weather in jamaica,"weather. With a persistent cold and dry air, the weather of Tamale (Tamale) is a time of 10",CosineGECO,15,0.001,weather of tamale,msmarco-passage/train,ielabgroup/vec2text_gtr-base-st_corrector
1133167,how is the weather in jamaica,cortina and the weather is the chilly temperatures of St. Maarten and the chilly temperatures of St. Martijn de Camaria,CosineGECO,15,0.001,cortina what is the weather in st maarten,msmarco-passage/train,ielabgroup/vec2text_gtr-base-st_corrector
1133167,how is the weather in jamaica,– “Beijing” – the weather in Beijing is hot and dry and can drop to below freezing temperatures and light rain in the city,CosineGECO,15,0.001,what is the weather in beijing china,msmarco-passage/train,ielabgroup/vec2text_gtr-base-st_corrector
1133167,how is the weather in jamaica,"weather in the city of Rome, it’s warm and the sun has a clear winter, and in Italy it’s colder than the U",CosineGECO,15,0.001,how's the weather in rome italy,msmarco-passage/train,ielabgroup/vec2text_gtr-base-st_corrector
1133167,how is the weather in jamaica,"- the weather in London (Linton) is a warm and sunny weather, and the U.K. is cold and rainy weather",CosineGECO,15,0.001,what is the weather in london,msmarco-passage/train,ielabgroup/vec2text_gtr-base-st_corrector
1133167,how is the weather in jamaica,"on sunny california, the weather in ojai california - ojai -",CosineGECO,15,0.001,weather in ojai california,msmarco-passage/train,ielabgroup/vec2text_gtr-base-st_corrector
1133167,how is the weather in jamaica,"as in the Bahamas, the weather is cold under the sun, and hot under the rain, and is cooler on hot summer days than anywhere",CosineGECO,15,0.001,what is the weather like in the bahamas,msmarco-passage/train,ielabgroup/vec2text_gtr-base-st_corrector
527433,types of dysarthria from cerebral palsy,"disabilities caused by chromosomal abnormalities, and chromosomal abnormalities in a combination of chromosomal abnormalities",CosineGECO,15,0.001,disabilities caused by chromosomal abnormalities,msmarco-passage/train,ielabgroup/vec2text_gtr-base-st_corrector
527433,types of dysarthria from cerebral palsy,"ailment, cypse palsy, and other cerebral palsy personality life expectancy of 24–30 years,",CosineGECO,15,0.001,cerebral palsy life expectancy,msmarco-passage/train,ielabgroup/vec2text_gtr-base-st_corrector
527433,types of dysarthria from cerebral palsy,"types of communication disorder that are a key example of communication disorders, such as autism nervosity, post-apical communication,",CosineGECO,15,0.001,types of communication disorder examples,msmarco-passage/train,ielabgroup/vec2text_gtr-base-st_corrector
527433,types of dysarthria from cerebral palsy,of abrasia (stresses) are the causes of cerebral atherosclerosis. Atherosclerosis Atherosclerosis,CosineGECO,15,0.001,cause of cerebral atherosclerosis,msmarco-passage/train,ielabgroup/vec2text_gtr-base-st_corrector
527433,types of dysarthria from cerebral palsy,cisal malaria is caused by a cerebral malaria by neocorticosis and neocortico,CosineGECO,15,0.001,cerebral malaria is caused by,msmarco-passage/train,ielabgroup/vec2text_gtr-base-st_corrector
527433,types of dysarthria from cerebral palsy,Cervical cervical fetus (neck ache) or Facet Syndrome (neck fetus) is a medical syndrome,CosineGECO,15,0.001,what is cervical facet syndrome,msmarco-passage/train,ielabgroup/vec2text_gtr-base-st_corrector
527433,types of dysarthria from cerebral palsy,"types of Down syndrome, i.e., the one of chromosomal burgeon, the one of baby tracheo",CosineGECO,15,0.001,types of down syndrome,msmarco-passage/train,ielabgroup/vec2text_gtr-base-st_corrector
527433,types of dysarthria from cerebral palsy,"chromosome , chromosome , chromosome , is a cerebral palsy disorder",CosineGECO,15,0.001,is cerebral palsy a chromosome disorder,msmarco-passage/train,ielabgroup/vec2text_gtr-base-st_corrector
527433,types of dysarthria from cerebral palsy,"brain is a clear example of cerebral palsy, a type of ceritosis disorder, and a quiz holder shows",CosineGECO,15,0.001,cerebral palsy is an example of what kind of disorder quizlet,msmarco-passage/train,ielabgroup/vec2text_gtr-base-st_corrector
527433,types of dysarthria from cerebral palsy,"causes of Parkinson's disease (e.g., lumbar cancer, pharyngeal marrow) and causes pals",CosineGECO,15,0.001,causes of palsy,msmarco-passage/train,ielabgroup/vec2text_gtr-base-st_corrector
1037798,who is robert gray,"b.i. Greif is a novelist and artist. Barbi Von Grosvenor is the creator of the Netflix hit show,",CosineGECO,15,0.001,who is barbi von greif,msmarco-passage/train,ielabgroup/vec2text_gtr-base-st_corrector
1037798,who is robert gray,"Robert Davies Robert H. Davies is a British musician, a former CIA steward and the founder of the Blue Panther",CosineGECO,15,0.001,who is robert davies,msmarco-passage/train,ielabgroup/vec2text_gtr-base-st_corrector
1037798,who is robert gray,the name of Roberto (Roberto           meaning,CosineGECO,15,0.001,roberto name meaning,msmarco-passage/train,ielabgroup/vec2text_gtr-base-st_corrector
1037798,who is robert gray,"who wrote and acted in a number of films, Claudette Abel, and James Franco, directed Fifty Shades of Grey",CosineGECO,15,0.001,who wrote and directed fifty shades of grey,msmarco-passage/train,ielabgroup/vec2text_gtr-base-st_corrector
1037798,who is robert gray,"a billionaire billionaire, filmmaker and billionaire. Bob lum Bob lum is a co-founder of the Robert Lopez",CosineGECO,15,0.001,who is bob lum,msmarco-passage/train,ielabgroup/vec2text_gtr-base-st_corrector
1037798,who is robert gray,"Rob (Nintendo) rob is a phantom player in the Nintendo epoch of ""Intro Nintendo",CosineGECO,15,0.001,who is rob in nintendo,msmarco-passage/train,ielabgroup/vec2text_gtr-base-st_corrector
1037798,who is robert gray,"as Richard Castle, is a British film, television, radio, and documentary producer, who is a protege of Frank Richard, now",CosineGECO,15,0.001,who is richard castle,msmarco-passage/train,ielabgroup/vec2text_gtr-base-st_corrector
1037798,who is robert gray,k w robins k. w robins is the k. w. of Little Rock in the town,CosineGECO,15,0.001,who is k w roberts in little rock?,msmarco-passage/train,ielabgroup/vec2text_gtr-base-st_corrector
1037798,who is robert gray,bob bob or bob is a scrounge gilded man at Runebeck in the west valley of Eden,CosineGECO,15,0.001,where is bob in runescape,msmarco-passage/train,ielabgroup/vec2text_gtr-base-st_corrector
1037798,who is robert gray,"who plays Dr. D.A. Robbins on the gynecology mystery, Dr. Grey Embry on the anatomy",CosineGECO,15,0.001,who plays dr robbins on grey's anatomy,msmarco-passage/train,ielabgroup/vec2text_gtr-base-st_corrector
915593,what types of food can you cook sous vide,"foods that do not cause reflux, such as rye pie, ghetto, or charlic, it will not cause reflux",CosineGECO,15,0.001,foods that will not cause reflux,msmarco-passage/train,ielabgroup/vec2text_gtr-base-st_corrector
915593,what types of food can you cook sous vide,"foods a baby can eat on hCG, such as sperm, chowder, and a plant on a carrot",CosineGECO,15,0.001,foods can eat on hcg,msmarco-passage/train,ielabgroup/vec2text_gtr-base-st_corrector
915593,what types of food can you cook sous vide,inaugurated food. Haute food (a.k.a. Gracie Prissa vitalise pasta),CosineGECO,15,0.001,haute food,msmarco-passage/train,ielabgroup/vec2text_gtr-base-st_corrector
915593,what types of food can you cook sous vide,"foods high in lysine cold sorrels, such as lysine lint syrup, cacaberries,",CosineGECO,15,0.001,foods high in lysine cold sores,msmarco-passage/train,ielabgroup/vec2text_gtr-base-st_corrector
915593,what types of food can you cook sous vide,"food containers for keeping food hot, a tin a lid or a lard atop your food can be the best food",CosineGECO,15,0.001,best food containers for keeping food hot,msmarco-passage/train,ielabgroup/vec2text_gtr-base-st_corrector
915593,what types of food can you cook sous vide,"the foods you can eat, such as halitoes, or a load of wheat, you can eat hashimoto",CosineGECO,15,0.001,what foods can i eat if i have hashimoto's,msmarco-passage/train,ielabgroup/vec2text_gtr-base-st_corrector
915593,what types of food can you cook sous vide,"a berry nut, or a boiled egg, is a natural food that will lower the blood pressure of meat and poultry in salt",CosineGECO,15,0.001,what is a natural food that will lower blood pressure,msmarco-passage/train,ielabgroup/vec2text_gtr-base-st_corrector
915593,what types of food can you cook sous vide,"What type of food you eat is a food you eat, such as brussel sprouts, corn, vegetable oils, etc..",CosineGECO,15,0.001,what type of food do you eat?,msmarco-passage/train,ielabgroup/vec2text_gtr-base-st_corrector
915593,what types of food can you cook sous vide,"as a type of food. Food of tisi is a good odd-dicey, liê",CosineGECO,15,0.001,what kind of food tisi,msmarco-passage/train,ielabgroup/vec2text_gtr-base-st_corrector
915593,what types of food can you cook sous vide,"foods containing a 0.5 g of turmeric, such as ham, mustard, and corn, it is good on currants and potatoes",CosineGECO,15,0.001,what foods is turmeric good on,msmarco-passage/train,ielabgroup/vec2text_gtr-base-st_corrector
264014,how long is life cycle of flea,"from a 2 to 4 m long bloom period until a peach leaves begin to grow, it will last for a total of 24",CosineGECO,15,0.001,how long does peach bloom last,msmarco-passage/train,ielabgroup/vec2text_gtr-base-st_corrector
264014,how long is life cycle of flea,"by the cats, the cats live - a total of 86 years, a total of 86 years, and how long they live",CosineGECO,15,0.001,how long the cats live,msmarco-passage/train,ielabgroup/vec2text_gtr-base-st_corrector
264014,how long is life cycle of flea,"from 5 to 8 m in the first week of a month, dust mites bite or audibrae and last for 3 months",CosineGECO,15,0.001,how long does dust mites bite last,msmarco-passage/train,ielabgroup/vec2text_gtr-base-st_corrector
264014,how long is life cycle of flea,"a single antibiotic, you go to 90 days and they stay in the intestine of your urinate system and your intestines.",CosineGECO,15,0.001,how long does an antibiotic stay in your system?,msmarco-passage/train,ielabgroup/vec2text_gtr-base-st_corrector
264014,how long is life cycle of flea,"defining life cycle of a plant, i.e. a life cycle of a plant, from the formation of a new filament",CosineGECO,15,0.001,define life cycle of a plant,msmarco-passage/train,ielabgroup/vec2text_gtr-base-st_corrector
264014,how long is life cycle of flea,from 1 to 2 years and a living fauna (feasible lion or zippie) a pit bull lives,CosineGECO,15,0.001,how long does a pit bull live,msmarco-passage/train,ielabgroup/vec2text_gtr-base-st_corrector
264014,how long is life cycle of flea,from 1 to 8 years of age living on an average lifespan of a cat (Clanus spheromorpha) or a,CosineGECO,15,0.001,average lifespan for a cat,msmarco-passage/train,ielabgroup/vec2text_gtr-base-st_corrector
264014,how long is life cycle of flea,"between 1 and 3 years old, flea medicine should be a starting medicine for puppies under the age of 8.5 lbs. or a puppy",CosineGECO,15,0.001,how old should puppies be for flea medicine,msmarco-passage/train,ielabgroup/vec2text_gtr-base-st_corrector
264014,how long is life cycle of flea,(fease cleavage) can treat kittens as early as eight weeks old or as soon as a kitten,CosineGECO,15,0.001,how early can you flea treat kittens,msmarco-passage/train,ielabgroup/vec2text_gtr-base-st_corrector
264014,how long is life cycle of flea,(life cycle) Lightning bug life cycle is a cycle of the life cycle of insects and rodents that follow the sunlight-staining effects,CosineGECO,15,0.001,what is lightning bug life cycle,msmarco-passage/train,ielabgroup/vec2text_gtr-base-st_corrector
1121402,what can contour plowing reduce,Primary contour lines are lines of topocerosoidal,CosineGECO,15,0.001,what are primary contour lines,msmarco-passage/train,ielabgroup/vec2text_gtr-base-st_corrector
1121402,what can contour plowing reduce,"use of a coast. They are one of the uses of coasts, which are used to provide food, water, aeronomy, agriculture and",CosineGECO,15,0.001,what are the uses of a coast,msmarco-passage/train,ielabgroup/vec2text_gtr-base-st_corrector
1121402,what can contour plowing reduce,plough’,CosineGECO,15,0.001,what does plough mean,msmarco-passage/train,ielabgroup/vec2text_gtr-base-st_corrector
1121402,what can contour plowing reduce,why you choose plc coverage on wheat because it is a handy crop protection. This is also because of the wheat elasticity (strains),CosineGECO,15,0.001,why pick plc coverage for wheat,msmarco-passage/train,ielabgroup/vec2text_gtr-base-st_corrector
1121402,what can contour plowing reduce,"Reduce pvc exposure to a low-visibility, low-exposure level. To reduce the risk of pvc exposure, measures are to prevent",CosineGECO,15,0.001,how to reduce pvc exposure,msmarco-passage/train,ielabgroup/vec2text_gtr-base-st_corrector
1121402,what can contour plowing reduce,"benefits of plowing, a reduction in the amount of calf and sloe, a reduction in land damage, and benefits",CosineGECO,15,0.001,benefits of plowing,msmarco-passage/train,ielabgroup/vec2text_gtr-base-st_corrector
1121402,what can contour plowing reduce,by using atrazine as a solution to how it reduces soil soreness by 0.1–0.2 gm and helps determine soil erosion,CosineGECO,15,0.001,how atrazine reduces soil erosion,msmarco-passage/train,ielabgroup/vec2text_gtr-base-st_corrector
1121402,what can contour plowing reduce,"by minimizing labor, reduce the amount of labor needed to cut lawns and scald them to less than 1:2 percent cutting grass",CosineGECO,15,0.001,how to minimize labor cutting lawns,msmarco-passage/train,ielabgroup/vec2text_gtr-base-st_corrector
1121402,what can contour plowing reduce,"when driving on snow reduce speed by . When driving on snow, . or . Reduce speed by . when driving at , a",CosineGECO,15,0.001,when driving on snow reduce speed by,msmarco-passage/train,ielabgroup/vec2text_gtr-base-st_corrector
1121402,what can contour plowing reduce,"a dietary diet containing vegetables that shrink fibroids, such as raminosuccinol, and a number of pork eggs",CosineGECO,15,0.001,foods that shrink fibroids,msmarco-passage/train,ielabgroup/vec2text_gtr-base-st_corrector
962179,when was the salvation army founded,"year 964, and which santa n.f.m. was founded by the Spaniards of Santa Merced",CosineGECO,15,0.001,"what year was santa fe,.nm founded by the spaniards?",msmarco-passage/train,ielabgroup/vec2text_gtr-base-st_corrector
962179,when was the salvation army founded,"when Liberia (Losotho) was founded, and formally in July 1096 when Liberia was a born democratic",CosineGECO,15,0.001,when was liberia founded,msmarco-passage/train,ielabgroup/vec2text_gtr-base-st_corrector
962179,when was the salvation army founded,"in 1947, a.k.a. 1885, Audemars-Puissonnet Piguet is founded in",CosineGECO,15,0.001,when was audemars piguet founded,msmarco-passage/train,ielabgroup/vec2text_gtr-base-st_corrector
962179,when was the salvation army founded,"running from Carton to Piedmont, France, in 1786, Making Strides is a 501(c)3 American corporation founded by",CosineGECO,15,0.001,when was making strides founded,msmarco-passage/train,ielabgroup/vec2text_gtr-base-st_corrector
962179,when was the salvation army founded,"in 1904 (the year of the declaration of the re-union of Cologne, Germany and Berlin) was founded, berlin is the year",CosineGECO,15,0.001,what year was berlin founded,msmarco-passage/train,ielabgroup/vec2text_gtr-base-st_corrector
962179,when was the salvation army founded,"representing the birth of the children of the Super-Heroes, the Power Rangers, were created in 1966 and dubbed “Star Range",CosineGECO,15,0.001,when were the power rangers created,msmarco-passage/train,ielabgroup/vec2text_gtr-base-st_corrector
962179,when was the salvation army founded,"in the year 1789 or 1790 and based on the enactment of the Julian calendar, daylight savings started in the United States of America",CosineGECO,15,0.001,what year did daylight savings start in the us,msmarco-passage/train,ielabgroup/vec2text_gtr-base-st_corrector
962179,when was the salvation army founded,"year 782, St. Mary founded St. Mary of the Marquis of England and St. Mary’s Church, which is a history",CosineGECO,15,0.001,what year did st mary founded,msmarco-passage/train,ielabgroup/vec2text_gtr-base-st_corrector
962179,when was the salvation army founded,in 1890 (Frisian era and 1700s A.D.) the TV was invented and known to be invented by the invention,CosineGECO,15,0.001,when was the tv invented,msmarco-passage/train,ielabgroup/vec2text_gtr-base-st_corrector
962179,when was the salvation army founded,date of the founding of Amazon (Amazon company)          founded,CosineGECO,15,0.001,when was amazon founded date,msmarco-passage/train,ielabgroup/vec2text_gtr-base-st_corrector
1117099,what is a active margin,food industry average gross profit margin (comprising between $130 and $130 a year based on market demand) food industry average profit margin,CosineGECO,15,0.001,food industry average gross profit margin,msmarco-passage/train,ielabgroup/vec2text_gtr-base-st_corrector
1117099,what is a active margin,difference between operating profit margin (profit margin) and profit margin (financial profit margin) compared to a profit margin for a profit,CosineGECO,15,0.001,difference between gross profit margin and operating profit margin,msmarco-passage/train,ielabgroup/vec2text_gtr-base-st_corrector
1117099,what is a active margin,if an exit is active. Find a way to see if it is active by clicking - h0 - bd sap,CosineGECO,15,0.001,sap how to see if an exit is active,msmarco-passage/train,ielabgroup/vec2text_gtr-base-st_corrector
1117099,what is a active margin,"marginal cost curve characteristics are a range of characteristics (marginal characteristics, i.e., low adsorption curves,",CosineGECO,15,0.001,marginal cost curve characteristics,msmarco-passage/train,ielabgroup/vec2text_gtr-base-st_corrector
1117099,what is a active margin,"Activation Wizard Activation Wizard, also known as the activation wizard, is a computer-as-a-service for the Power",CosineGECO,15,0.001,what is the activation wizard,msmarco-passage/train,ielabgroup/vec2text_gtr-base-st_corrector
1117099,what is a active margin,the current amount of stock bought on margin (as of the beginning of the current equities and the last quarter of 2017) is bought on,CosineGECO,15,0.001,what is the current amount of stock bought on margin,msmarco-passage/train,ielabgroup/vec2text_gtr-base-st_corrector
1117099,what is a active margin,"market leverage (the definition of a leverage) of a financial instrument such as a car joel, a liability, cash market",CosineGECO,15,0.001,market leverage definition,msmarco-passage/train,ielabgroup/vec2text_gtr-base-st_corrector
1117099,what is a active margin,"a difference between a ketone circulating in your kidneys and your blood in your kidneys, active and passive transport is the kidneys",CosineGECO,15,0.001,what what is the difference between active and passive transport in my kidney,msmarco-passage/train,ielabgroup/vec2text_gtr-base-st_corrector
1117099,what is a active margin,(meaning utility) is the meaning of the mannequin marginal utility which means that it is a utility whose utility is a variable,CosineGECO,15,0.001,what does marginal utility mean,msmarco-passage/train,ielabgroup/vec2text_gtr-base-st_corrector
1117099,what is a active margin,"the definition of inactive society, a societal group of people who are inactive and inactive in their activities (Fitzcarb, 1990",CosineGECO,15,0.001,definition of inactive society,msmarco-passage/train,ielabgroup/vec2text_gtr-base-st_corrector
148538,difference between rn and bsn,bls. The bls (Blocation Biologicals and Physiology) and a gynec,CosineGECO,15,0.001,what bls?,msmarco-passage/train,ielabgroup/vec2text_gtr-base-st_corrector
148538,difference between rn and bsn,"difference between a system (BIA, econometrics, econometrics) and business analyst. System analysis is",CosineGECO,15,0.001,difference between system and business analyst,msmarco-passage/train,ielabgroup/vec2text_gtr-base-st_corrector
148538,difference between rn and bsn,"a difference between a schnoodle and a schnauzer , a schnauzer is a",CosineGECO,15,0.001,What is the difference between a schnoodle and schnauzer,msmarco-passage/train,ielabgroup/vec2text_gtr-base-st_corrector
148538,difference between rn and bsn,"a difference between a class b fire and a class k fire, a b fire is a class k and",CosineGECO,15,0.001,what is the difference between a class b and class k fire,msmarco-passage/train,ielabgroup/vec2text_gtr-base-st_corrector
148538,difference between rn and bsn,"the difference between A0 and B0, which is a difference between A0 (equal to A0) and B0 (af0",CosineGECO,15,0.001,what is the difference between A0 and B0,msmarco-passage/train,ielabgroup/vec2text_gtr-base-st_corrector
148538,difference between rn and bsn,gb uw n gsw degree online b n gsw ro n b n,CosineGECO,15,0.001,rn to bsn degree online uw gb,msmarco-passage/train,ielabgroup/vec2text_gtr-base-st_corrector
148538,difference between rn and bsn,"difference between a molar  bicaluclease,  bicuspid, and  molar",CosineGECO,15,0.001,difference between bicuspid and molar,msmarco-passage/train,ielabgroup/vec2text_gtr-base-st_corrector
148538,difference between rn and bsn,differences between adrenaline and noradrenaline (norephrine rhodosomus),CosineGECO,15,0.001,differences between noradrenaline and dopamine,msmarco-passage/train,ielabgroup/vec2text_gtr-base-st_corrector
148538,difference between rn and bsn,"a difference between a schnoodle and a schnauzer , a schnauzer is a",CosineGECO,15,0.001,What is the difference between a schnoodle and schnauzer,msmarco-passage/train,ielabgroup/vec2text_gtr-base-st_corrector
148538,difference between rn and bsn,"you can attend school until you are a nursing student and stay until you graduate medical school, at which time about 1 to 2 months a RN",CosineGECO,15,0.001,how long do you attend school until you can be a rn,msmarco-passage/train,ielabgroup/vec2text_gtr-base-st_corrector
451602,medicare's definition of mechanical ventilation,marcent (USMC) marent  a defined able-bodied disobedience training center in Marine Corps Air Force,CosineGECO,15,0.001,marcent definition usmc,msmarco-passage/train,ielabgroup/vec2text_gtr-base-st_corrector
451602,medicare's definition of mechanical ventilation,mrad is a medicine and medicine unit at the hospital of a benign growth hormone (MAGER) and is sometimes called mda,CosineGECO,15,0.001,what is mrad,msmarco-passage/train,ielabgroup/vec2text_gtr-base-st_corrector
451602,medicare's definition of mechanical ventilation,"Mechanic energy , or mechanical energy, is a mechanism in the motors of a plant",CosineGECO,15,0.001,what is mechanical engergy,msmarco-passage/train,ielabgroup/vec2text_gtr-base-st_corrector
451602,medicare's definition of mechanical ventilation,by Medicare and Medicare define facility fee (Medicare Medicare Medicare Medicare Medicare) as a percentage of,CosineGECO,15,0.001,how does medicare define facility fee,msmarco-passage/train,ielabgroup/vec2text_gtr-base-st_corrector
451602,medicare's definition of mechanical ventilation,"medical definition of flexion (also known as flexion, a valence, flexion, flexion): A body motion of biometric",CosineGECO,15,0.001,medical definition of flexion,msmarco-passage/train,ielabgroup/vec2text_gtr-base-st_corrector
451602,medicare's definition of mechanical ventilation,mastic (also known as mastic) is a type of cornice-like nutrient-rich tissue. It is atomic,CosineGECO,15,0.001,what is mastic?,msmarco-passage/train,ielabgroup/vec2text_gtr-base-st_corrector
451602,medicare's definition of mechanical ventilation,Pt modifier on Medicare The Pt modifier on Medicare (Medicare Medicare-Partnership-Partnership-Partnership Modification,CosineGECO,15,0.001,what is the pt modifier in medicare,msmarco-passage/train,ielabgroup/vec2text_gtr-base-st_corrector
451602,medicare's definition of mechanical ventilation,"is a medicare for , a for , and a for . Medicare is a hospital abrasive for hospital",CosineGECO,15,0.001,is medicare a for hospital,msmarco-passage/train,ielabgroup/vec2text_gtr-base-st_corrector
451602,medicare's definition of mechanical ventilation,of Vetmedin (Vetmedin) is a veterinary medicine supplement that is a potentiary medicine for women and young,CosineGECO,15,0.001,what is vetmedin,msmarco-passage/train,ielabgroup/vec2text_gtr-base-st_corrector
451602,medicare's definition of mechanical ventilation,"explanation of Medicare benefits. Explanatory explanations are: Medicare Medicare is a benefit for the 111,050 appropri",CosineGECO,15,0.001,explanation of medicare benefits,msmarco-passage/train,ielabgroup/vec2text_gtr-base-st_corrector
359349,how to find the midsegment of a trapezoid,"to determine jamb frame depth, use a revolving rod and a hand tool to measure door door length (JB) and length",CosineGECO,15,0.001,how to determine door frame jamb depth,msmarco-passage/train,ielabgroup/vec2text_gtr-base-st_corrector
359349,how to find the midsegment of a trapezoid,"longest side of a triangle whose apex is a right triangle, the hypotenuse (squamilateral hypotenuse",CosineGECO,15,0.001,longest side of a right triangle hypotenuse,msmarco-passage/train,ielabgroup/vec2text_gtr-base-st_corrector
359349,how to find the midsegment of a trapezoid,a tpn can be given through a tetrachloride to midline and if it can be given through,CosineGECO,15,0.001,can tpn be given through a midline,msmarco-passage/train,ielabgroup/vec2text_gtr-base-st_corrector
359349,how to find the midsegment of a trapezoid,To figure out perimeter,CosineGECO,15,0.001,how to figure out perimeter,msmarco-passage/train,ielabgroup/vec2text_gtr-base-st_corrector
359349,how to find the midsegment of a trapezoid,use mesh terms. This way to use mesh is to use a .NET .NET .NET .NET. Using terms separately,CosineGECO,15,0.001,how to use mesh terms,msmarco-passage/train,ielabgroup/vec2text_gtr-base-st_corrector
359349,how to find the midsegment of a trapezoid,by using a 0.2  1 scythe apron to measure the step ladder ladder and measure the length of the steps,CosineGECO,15,0.001,how to measure a step ladder,msmarco-passage/train,ielabgroup/vec2text_gtr-base-st_corrector
359349,how to find the midsegment of a trapezoid,a minus one spherical spherical  is used to determine the right side length of an unknown triangle or triangle,CosineGECO,15,0.001,what is used to determine the unknown side length of a right triangle,msmarco-passage/train,ielabgroup/vec2text_gtr-base-st_corrector
359349,how to find the midsegment of a trapezoid,? - ? - ? - ? - ? - How do you do perimeter by adding the triangle and rectangle,CosineGECO,15,0.001,how do you do perimeter?,msmarco-passage/train,ielabgroup/vec2text_gtr-base-st_corrector
359349,how to find the midsegment of a trapezoid,"-trace the longitude and latitude on a map, and use a telegraph or a compass to find",CosineGECO,15,0.001,how to find the latitude and longitude on a map,msmarco-passage/train,ielabgroup/vec2text_gtr-base-st_corrector
359349,how to find the midsegment of a trapezoid,Use a k-dosh equation to find arc measure. Find a k-dosh and find arc,CosineGECO,15,0.001,how to find arc measure,msmarco-passage/train,ielabgroup/vec2text_gtr-base-st_corrector
1115776,what is an aml surveillance analyst,the Impala LT is a librat based elpo dashboard and twerker. The Impala,CosineGECO,15,0.001,what is the impala lt,msmarco-passage/train,ielabgroup/vec2text_gtr-base-st_corrector
1115776,what is an aml surveillance analyst,pattern analysis  (Wheed wheel analysis)  is a mechanism of predicting and evaluating direction selection and velocity,CosineGECO,15,0.001,what is pattern wheel analysis,msmarco-passage/train,ielabgroup/vec2text_gtr-base-st_corrector
1115776,what is an aml surveillance analyst,a public-private-initiative Privacy impact assessment (PIA) PIA is a breakdown of a data collection and a re,CosineGECO,15,0.001,what is a privacy impact assessment pia,msmarco-passage/train,ielabgroup/vec2text_gtr-base-st_corrector
1115776,what is an aml surveillance analyst,"amco is a family of bacteriology, medicine and animal marrow and a water-based storage facility. It is also known",CosineGECO,15,0.001,what is amco,msmarco-passage/train,ielabgroup/vec2text_gtr-base-st_corrector
1115776,what is an aml surveillance analyst,what is considered as ammonium chloride (as it falls under the valence of ammonium necroideide)).,CosineGECO,15,0.001,what is ammonium chloride considered?,msmarco-passage/train,ielabgroup/vec2text_gtr-base-st_corrector
1115776,what is an aml surveillance analyst,The purpose of shoulder Y-View is to provide a useful way of focusing and checking on the user's radar and Y-View,CosineGECO,15,0.001,what is purpose of shoulder y view,msmarco-passage/train,ielabgroup/vec2text_gtr-base-st_corrector
1115776,what is an aml surveillance analyst,"legislative analyst job description for insurance analysis, i.e., provide information on their job description, responsibilities and structure for their employees to seek",CosineGECO,15,0.001,legislative analyst job description for insurance,msmarco-passage/train,ielabgroup/vec2text_gtr-base-st_corrector
1115776,what is an aml surveillance analyst,"(ASL) or asl, meaning a means of communication through asexual intercourse and a means of telomere lambd",CosineGECO,15,0.001,what asl mean,msmarco-passage/train,ielabgroup/vec2text_gtr-base-st_corrector
1115776,what is an aml surveillance analyst,the digital privacy guidance of the Ad Alliance Digital Advertising Agreed (Advertisement) is a strategy to track mobile user data on,CosineGECO,15,0.001,what is the digital advertising alliance mobile privacy guidance,msmarco-passage/train,ielabgroup/vec2text_gtr-base-st_corrector
1115776,what is an aml surveillance analyst,A.S.A.L.A.A.A.lytic syllabus is an analytical lecture cycle which is a framework for evaluating performance and,CosineGECO,15,0.001,what is analytic syllabus,msmarco-passage/train,ielabgroup/vec2text_gtr-base-st_corrector
1112341,what is the daily life of thai people,"ways that visible light affects daily life, a growing awareness of the effects of daily light on daily observance, and a decrease in mobility",CosineGECO,15,0.001,ways visible light effects everyday life,msmarco-passage/train,ielabgroup/vec2text_gtr-base-st_corrector
1112341,what is the daily life of thai people,a death rate of 1.7–1.7 % in Thailand of dengue fever-death-infected thalassemia,CosineGECO,15,0.001,what is the death rate for dengue fever in thailand,msmarco-passage/train,ielabgroup/vec2text_gtr-base-st_corrector
1112341,what is the daily life of thai people,the thing t,CosineGECO,15,0.001,what is the thing t,msmarco-passage/train,ielabgroup/vec2text_gtr-base-st_corrector
1112341,what is the daily life of thai people,"""Thomas Tsheruoghu"" (or ""We Are Thoueau""), was a explorer, philosopher,",CosineGECO,15,0.001,who was thoreau,msmarco-passage/train,ielabgroup/vec2text_gtr-base-st_corrector
1112341,what is the daily life of thai people,where (Phuket thai kook mukh thai thai) of Thailand is located,CosineGECO,15,0.001,where is phuket thailand located,msmarco-passage/train,ielabgroup/vec2text_gtr-base-st_corrector
1112341,what is the daily life of thai people,what it does and why it does: Thiamin Thiamin is a nutrient that helps rebuff lysothi,CosineGECO,15,0.001,what does thiamin do,msmarco-passage/train,ielabgroup/vec2text_gtr-base-st_corrector
1112341,what is the daily life of thai people,"if you need injections, thailand thaibans are a precaution. Yeast need injections for Thailand",CosineGECO,15,0.001,do i need injections for thailand,msmarco-passage/train,ielabgroup/vec2text_gtr-base-st_corrector
1112341,what is the daily life of thai people,edata for everyone and everyone are a safe option for people taking a small dose of EDTA-L and a safe,CosineGECO,15,0.001,is edta safe for everyone,msmarco-passage/train,ielabgroup/vec2text_gtr-base-st_corrector
1112341,what is the daily life of thai people,"Why dht is important is because it helps to make a healthy, healthy, feasible, dilated",CosineGECO,15,0.001,why is dht important,msmarco-passage/train,ielabgroup/vec2text_gtr-base-st_corrector
1112341,what is the daily life of thai people,thorium (thorium tetrachloride) is used today for nuclear products and for the manufacture of millions of automobiles,CosineGECO,15,0.001,what is thorium used for today,msmarco-passage/train,ielabgroup/vec2text_gtr-base-st_corrector
131843,definition of a sigmet,Kismet – keirat keirat is a popular metal-based tycoon for smoking in mosquitos.,CosineGECO,15,0.001,what is kismet?,msmarco-passage/train,ielabgroup/vec2text_gtr-base-st_corrector
131843,definition of a sigmet,-seisin -seisin is a defined adenosine and serotonin molecule,CosineGECO,15,0.001,define seisin,msmarco-passage/train,ielabgroup/vec2text_gtr-base-st_corrector
131843,definition of a sigmet,"semper fi, meaning “in mummy” (serial zeal) and “semper” (faithfulness)",CosineGECO,15,0.001,semper fi meaning,msmarco-passage/train,ielabgroup/vec2text_gtr-base-st_corrector
131843,definition of a sigmet,(called siren or           ) is an animal,CosineGECO,15,0.001,what does siren mean,msmarco-passage/train,ielabgroup/vec2text_gtr-base-st_corrector
131843,definition of a sigmet,sangfroid (single-froid) a broad range of fruits and vegetables including a frutog. The name,CosineGECO,15,0.001,sangfroid definition,msmarco-passage/train,ielabgroup/vec2text_gtr-base-st_corrector
131843,definition of a sigmet,"sphygmomanometer, a measuring measuring object in the sclerococciform sleomanometer, defined",CosineGECO,15,0.001,sphygmomanometer definition,msmarco-passage/train,ielabgroup/vec2text_gtr-base-st_corrector
131843,definition of a sigmet,a.d.,CosineGECO,15,0.001,swede definition,msmarco-passage/train,ielabgroup/vec2text_gtr-base-st_corrector
131843,definition of a sigmet,Simpin (simpin) is a fecund matrice and a homeoid (simp,CosineGECO,15,0.001,what is simpin,msmarco-passage/train,ielabgroup/vec2text_gtr-base-st_corrector
131843,definition of a sigmet,"faraquet, meaning femto-cartiloquet. It is a vast area of the universe of alan",CosineGECO,15,0.001,faraquet meaning,msmarco-passage/train,ielabgroup/vec2text_gtr-base-st_corrector
131843,definition of a sigmet,"who holds the head in the air and the twilight of the sun, the sagittarius sign is a sign that means",CosineGECO,15,0.001,what does the sagittarius sign mean,msmarco-passage/train,ielabgroup/vec2text_gtr-base-st_corrector
104861,cost of interior concrete flooring,a cost of $18.50 to $18.50 to install a door or a cost of $18.50 to install interior door,CosineGECO,15,0.001,cost to install interior door,msmarco-passage/train,ielabgroup/vec2text_gtr-base-st_corrector
104861,cost of interior concrete flooring,"$39–$50 (depending on the edginess of the wood) to get hardwood stairs, or $39–$50 (",CosineGECO,15,0.001,how much does it cost to get hardwood stairs?,msmarco-passage/train,ielabgroup/vec2text_gtr-base-st_corrector
104861,cost of interior concrete flooring,calculator for flooring installation cost by using a calculator averaging a minimum of $0 – $87 – $87 – $87,CosineGECO,15,0.001,flooring installation cost calculator,msmarco-passage/train,ielabgroup/vec2text_gtr-base-st_corrector
104861,cost of interior concrete flooring,on the amount of concrete that can cost per square foot or $18.8 per square foot or $18.8 per square acre or frost,CosineGECO,15,0.001,how much does concrete cost per square foot,msmarco-passage/train,ielabgroup/vec2text_gtr-base-st_corrector
104861,cost of interior concrete flooring,"($499–500 p.m. or $600–1,500 p.m.) of concrete footing or concrete footing",CosineGECO,15,0.001,price of concrete footing,msmarco-passage/train,ielabgroup/vec2text_gtr-base-st_corrector
104861,cost of interior concrete flooring,"225 x 165 ft square-foot hardwood, the average price of room is $600 - $600 p.m.",CosineGECO,15,0.001,average price 225 sqft room hardwood,msmarco-passage/train,ielabgroup/vec2text_gtr-base-st_corrector
104861,cost of interior concrete flooring,(price $250 - $2500) on concrete floor (price $250 - $2500) or londone concrete,CosineGECO,15,0.001,price on concrete floor,msmarco-passage/train,ielabgroup/vec2text_gtr-base-st_corrector
104861,cost of interior concrete flooring,"to $4,000–$5,000 a year to adobe polyurethane hardwood floors or utensils for dry wood trim",CosineGECO,15,0.001,cost to polyurethane hardwood floors,msmarco-passage/train,ielabgroup/vec2text_gtr-base-st_corrector
104861,cost of interior concrete flooring,"at US$15,000 to US$15,000 for a concrete ramp (concrete wheelchair ramp) or reed-branch",CosineGECO,15,0.001,cost for concrete wheelchair ramp,msmarco-passage/train,ielabgroup/vec2text_gtr-base-st_corrector
104861,cost of interior concrete flooring,"a hardwood floor, a wood-covered floor, or a wood-covered floor for trimming purposes, cost $1,030 to $1,",CosineGECO,15,0.001,hardwood floor cost,msmarco-passage/train,ielabgroup/vec2text_gtr-base-st_corrector
833860,what is the most popular food in switzerland,"swiss-pharmaceutical coverage in Switzerland, Swiss Medications Switzerland medicines insurance coverage and a total prescription reimbursement",CosineGECO,15,0.001,switzerland healthcare medication coverage,msmarco-passage/train,ielabgroup/vec2text_gtr-base-st_corrector
833860,what is the most popular food in switzerland,"foods based on the research. Calf bread, omelets, or whole oats are the best for diabetes in a diabetic",CosineGECO,15,0.001,what foods are best for diabetes,msmarco-passage/train,ielabgroup/vec2text_gtr-base-st_corrector
833860,what is the most popular food in switzerland,"it is like France and has a warm and rainy environment. Switzerland (like ""Switzerland"") is like ""Rosel",CosineGECO,15,0.001,what is switzerland like,msmarco-passage/train,ielabgroup/vec2text_gtr-base-st_corrector
833860,what is the most popular food in switzerland,cost per day in switzerland (Switzerland) and per day in switzerland (Montgomery,CosineGECO,15,0.001,cost per day in switzerland,msmarco-passage/train,ielabgroup/vec2text_gtr-base-st_corrector
833860,what is the most popular food in switzerland,"list of foods that have a lot of protein, e.g. apricot chicken, a pheaso beef",CosineGECO,15,0.001,list of foods that have a lot of protein,msmarco-passage/train,ielabgroup/vec2text_gtr-base-st_corrector
833860,what is the most popular food in switzerland,"foods containing a high amount of calcium, such as hardened shards, borafels, and tomatoes, which are high",CosineGECO,15,0.001,foods which are high in calcium,msmarco-passage/train,ielabgroup/vec2text_gtr-base-st_corrector
833860,what is the most popular food in switzerland,"food group is chocolate, which is in the food group of the elo-, strawberry, agave, nut- and flour-",CosineGECO,15,0.001,what food group is chocolate in,msmarco-passage/train,ielabgroup/vec2text_gtr-base-st_corrector
833860,what is the most popular food in switzerland,"what to eat in the town, a fried chicken in the park, or a fried chicken in San Diego at San Diego’",CosineGECO,15,0.001,what to eat in san diego,msmarco-passage/train,ielabgroup/vec2text_gtr-base-st_corrector
833860,what is the most popular food in switzerland,"a calorie of cranberries, pumpkin jack, ramen, cheese, and other foods, good weight gain foods are good",CosineGECO,15,0.001,good foods for weight gain,msmarco-passage/train,ielabgroup/vec2text_gtr-base-st_corrector
833860,what is the most popular food in switzerland,"a hedo-nut-like frog. A hermit food, or Hermit food, is a solitary food",CosineGECO,15,0.001,what's a hermit food,msmarco-passage/train,ielabgroup/vec2text_gtr-base-st_corrector
207786,how are some sharks warm blooded,Heating-waving Heat-waving (Fwa) is a heat-stuffling heat and power delivery. It is,CosineGECO,15,0.001,what is heating fwa,msmarco-passage/train,ielabgroup/vec2text_gtr-base-st_corrector
207786,how are some sharks warm blooded,"warmest part of the state of Washington, ranging from Osceola Basin to 107 ft in the Sunny Basin,",CosineGECO,15,0.001,warmest part of washington state,msmarco-passage/train,ielabgroup/vec2text_gtr-base-st_corrector
207786,how are some sharks warm blooded,"a hygmat hygmat a hygmat evolves as heatmor, and at level 20-29",CosineGECO,15,0.001,what level does heatmor evolve at,msmarco-passage/train,ielabgroup/vec2text_gtr-base-st_corrector
207786,how are some sharks warm blooded,"countries are the United States, Canada, India, Australia, Sweden and Greece where sharks live in countries where they live in the 'Ant",CosineGECO,15,0.001,what countries do sharks live in,msmarco-passage/train,ielabgroup/vec2text_gtr-base-st_corrector
207786,how are some sharks warm blooded,"as the pacific ocean, the Pacific Ocean is warm (warm/cold) and the pacific inlets and a warm/ cold",CosineGECO,15,0.001,is the pacific ocean cold or warm,msmarco-passage/train,ielabgroup/vec2text_gtr-base-st_corrector
207786,how are some sharks warm blooded,a warm environment can help with arthritis and a recent research by Roberts Health Care LLC (www.ruption.org/home/health,CosineGECO,15,0.001,does a warm environment help arthritis,msmarco-passage/train,ielabgroup/vec2text_gtr-base-st_corrector
207786,how are some sharks warm blooded,"from a frog, sharks live for 1 to 4 years and until the end of their lives (Olivers) live for 20",CosineGECO,15,0.001,how long do sharks live for,msmarco-passage/train,ielabgroup/vec2text_gtr-base-st_corrector
207786,how are some sharks warm blooded,"water hot system temperature is a system temperature difference between , , , , , , , , and 1.032",CosineGECO,15,0.001,hot water system temperature difference,msmarco-passage/train,ielabgroup/vec2text_gtr-base-st_corrector
207786,how are some sharks warm blooded,"made of saftans, sharks are made of saftans, or worms, which are made of",CosineGECO,15,0.001,what are sharks made of,msmarco-passage/train,ielabgroup/vec2text_gtr-base-st_corrector
207786,how are some sharks warm blooded,"(about 50 knots/s) fast, a shark is swimming at a speed of 180 knots/s in the",CosineGECO,15,0.001,how fast is a shark swimming,msmarco-passage/train,ielabgroup/vec2text_gtr-base-st_corrector
1114819,what is durable medical equipment consist of,A CMP consists of a CMabine and a liquid nitrogen concentrate. A CMP is similar to a food storage system consist,CosineGECO,15,0.001,what is a CMP consist of,msmarco-passage/train,ielabgroup/vec2text_gtr-base-st_corrector
1114819,what is durable medical equipment consist of,"a drill press, a medical device that is a special magnetic release for storing and storing heat to the heart, it is known medical",CosineGECO,15,0.001,what is a drill press medical,msmarco-passage/train,ielabgroup/vec2text_gtr-base-st_corrector
1114819,what is durable medical equipment consist of,MdI dimer MdI dimer is a medical MRI program. This product is a rich in fecal,CosineGECO,15,0.001,what is mdi dimer,msmarco-passage/train,ielabgroup/vec2text_gtr-base-st_corrector
1114819,what is durable medical equipment consist of,"(D.C. CDC) health disparities, defined as health and food inequivalence and health impact in healthy people during the period",CosineGECO,15,0.001,cdc health disparities definition,msmarco-passage/train,ielabgroup/vec2text_gtr-base-st_corrector
1114819,what is durable medical equipment consist of,defined hospital maintenance,CosineGECO,15,0.001,define hospital maintenance,msmarco-passage/train,ielabgroup/vec2text_gtr-base-st_corrector
1114819,what is durable medical equipment consist of,"a device that depends on the type of dynamo, a bicycle dynamo is a basic dynamo-type",CosineGECO,15,0.001,what type of device is a bicycle dynamo?,msmarco-passage/train,ielabgroup/vec2text_gtr-base-st_corrector
1114819,what is durable medical equipment consist of,"on a medical record, information about a person’s health is included. The Personal information is included in the medical record and any other information needed",CosineGECO,15,0.001,what information is included on a personal medical record,msmarco-passage/train,ielabgroup/vec2text_gtr-base-st_corrector
1114819,what is durable medical equipment consist of,the data sets that are used are the many healthcare settings (data sets) that are used in a variety of settings including a .0,CosineGECO,15,0.001,what are the data sets that are used in the many healthcare settings,msmarco-passage/train,ielabgroup/vec2text_gtr-base-st_corrector
1114819,what is durable medical equipment consist of,"Stack surgical instruments tray by removing the tray, apposition the tray, amounted or atop the tray, and then clean",CosineGECO,15,0.001,how to stack surgical instruments tray,msmarco-passage/train,ielabgroup/vec2text_gtr-base-st_corrector
1114819,what is durable medical equipment consist of,DRG (Medical Related Health) drg is a medical claim. It is primarily related to claims for a medical response,CosineGECO,15,0.001,what is a drg as relates to medical claims,msmarco-passage/train,ielabgroup/vec2text_gtr-base-st_corrector
183378,exons definition biology,ap,CosineGECO,15,0.001,definition of apex,msmarco-passage/train,ielabgroup/vec2text_gtr-base-st_corrector
183378,exons definition biology,"definition of a law, i.e., a . . . . . Exclusion law Exclusion law is",CosineGECO,15,0.001,exclusion law definition,msmarco-passage/train,ielabgroup/vec2text_gtr-base-st_corrector
183378,exons definition biology,"a number of proteins and a cytoskeleton, a gene definition gene biology (GE) is a biological definition of biology and",CosineGECO,15,0.001,gene biology definition,msmarco-passage/train,ielabgroup/vec2text_gtr-base-st_corrector
183378,exons definition biology,exile (,CosineGECO,15,0.001,exile definition,msmarco-passage/train,ielabgroup/vec2text_gtr-base-st_corrector
183378,exons definition biology,a definition of gene locus (gene biology) by ELISA and a definition of a gene locus in the mouse model,CosineGECO,15,0.001,gene locus definition biology,msmarco-passage/train,ielabgroup/vec2text_gtr-base-st_corrector
183378,exons definition biology,in biology. Incubation period Incubation periods are the time between the formation of a vascular or a  of,CosineGECO,15,0.001,incubation period definition biology,msmarco-passage/train,ielabgroup/vec2text_gtr-base-st_corrector
183378,exons definition biology,"define epicene, a chemical octacarbonate and a constituent of eutectogene in the human genome",CosineGECO,15,0.001,define epicene,msmarco-passage/train,ielabgroup/vec2text_gtr-base-st_corrector
183378,exons definition biology,"definition of Circulatory System (biology) Circulatory Systems are a system of vascular organs, a tissue, an oxy",CosineGECO,15,0.001,Circulatory System definition biology,msmarco-passage/train,ielabgroup/vec2text_gtr-base-st_corrector
183378,exons definition biology,Exfiltration (or exfiltration) is a process of filtration and a process of elimination of particulates and other oils at the Eiffel,CosineGECO,15,0.001,what is exfiltration,msmarco-passage/train,ielabgroup/vec2text_gtr-base-st_corrector
183378,exons definition biology,"biology, a biology classifier, a biology school of biology, a biology, and a biology, an organism is the definition of organism",CosineGECO,15,0.001,organism definition biology,msmarco-passage/train,ielabgroup/vec2text_gtr-base-st_corrector
1106007,define visceral?,"vis-a-vie, a pronunciation of the",CosineGECO,15,0.001,vis-a-vie meaning,msmarco-passage/train,ielabgroup/vec2text_gtr-base-st_corrector
1106007,define visceral?,"vesicula is a vesicular coma that has the meaning ""bearing",CosineGECO,15,0.001,what does vesicula mean,msmarco-passage/train,ielabgroup/vec2text_gtr-base-st_corrector
1106007,define visceral?,virtuosity and apnea in the mother. Vicarious learning is defined as learning about educational activities. The,CosineGECO,15,0.001,vicarious learning definition,msmarco-passage/train,ielabgroup/vec2text_gtr-base-st_corrector
1106007,define visceral?,"vicariously responsible, i.e., a responsible person, is a form of reckless behaviour and consumption of precious physical health,",CosineGECO,15,0.001,vicariously responsible definition,msmarco-passage/train,ielabgroup/vec2text_gtr-base-st_corrector
1106007,define visceral?,"(Berry Jansen): tantric, a sensory fracturing phenomenon characterized by the performance of a child.",CosineGECO,15,0.001,"tantric, definition",msmarco-passage/train,ielabgroup/vec2text_gtr-base-st_corrector
1106007,define visceral?,definition of 'seething' (       ) is the state of berth,CosineGECO,15,0.001,what is the definition of seething,msmarco-passage/train,ielabgroup/vec2text_gtr-base-st_corrector
1106007,define visceral?,definition in the science of vascular (or vascular) as a definition of a mass on a stationary physiodometer,CosineGECO,15,0.001,definition of vascular in science,msmarco-passage/train,ielabgroup/vec2text_gtr-base-st_corrector
1106007,define visceral?,"what is a spiritual vortex, or spiritual virtuosity, it is a spiral fractum",CosineGECO,15,0.001,what is a spiritual vortex,msmarco-passage/train,ielabgroup/vec2text_gtr-base-st_corrector
1106007,define visceral?,"definition of surreal, Webster sarcastically re-emphasizes surreality, a superstitious art",CosineGECO,15,0.001,surreal definition webster,msmarco-passage/train,ielabgroup/vec2text_gtr-base-st_corrector
1106007,define visceral?,"a result of persistent bowel and a lissy-apnea, a virucidal is drug",CosineGECO,15,0.001,what is a virucidal,msmarco-passage/train,ielabgroup/vec2text_gtr-base-st_corrector
1124210,tracheids are part of _____.,"which is only assets, is the group of accounts that is comprised primarily of accounts comprised of accounts of balances and accounts of accounts payable.",CosineGECO,15,0.001,which group of accounts is comprised of only assets?,msmarco-passage/train,ielabgroup/vec2text_gtr-base-st_corrector
1124210,tracheids are part of _____.,"is the thymus (part of the lymphatic femur, thymus gland, aplasia) part lymph",CosineGECO,15,0.001,is the thymus gland part of the lymphatic,msmarco-passage/train,ielabgroup/vec2text_gtr-base-st_corrector
1124210,tracheids are part of _____.,"who is a tracheotomy or a tracheodosaphectomy, it is approximately 2.5 years long",CosineGECO,15,0.001,how long is a tracheotomy,msmarco-passage/train,ielabgroup/vec2text_gtr-base-st_corrector
1124210,tracheids are part of _____.,"a single hesergic synapse, it is unknown what area of brain histamine is produced in the brain.",CosineGECO,15,0.001,what area of the brain is histamine produced?,msmarco-passage/train,ielabgroup/vec2text_gtr-base-st_corrector
1124210,tracheids are part of _____.,"a part of the body, the body makes platelets. http://www.meds.com/health/studies/body-part-",CosineGECO,15,0.001,what part of the body makes platelets site:webmd.com,msmarco-passage/train,ielabgroup/vec2text_gtr-base-st_corrector
1124210,tracheids are part of _____.,"apical meristem is part of the meristem (arterioleucal spiroceres), this",CosineGECO,15,0.001,apical meristem is part of what,msmarco-passage/train,ielabgroup/vec2text_gtr-base-st_corrector
1124210,tracheids are part of _____.,"cerebellum is part of the cerebellum system, a system of brain, apical bifida,",CosineGECO,15,0.001,cerebellum is part of what system,msmarco-passage/train,ielabgroup/vec2text_gtr-base-st_corrector
1124210,tracheids are part of _____.,"trachea and lungs are part of the trachea system, the lungs, the trachea and the endoc",CosineGECO,15,0.001,the lungs and trachea are part of what system,msmarco-passage/train,ielabgroup/vec2text_gtr-base-st_corrector
1124210,tracheids are part of _____.,group of proteobacteria (Radkettsia and Fabrikia) includes the rickettsia,CosineGECO,15,0.001,which group of proteobacteria includes the rickettsia,msmarco-passage/train,ielabgroup/vec2text_gtr-base-st_corrector
1124210,tracheids are part of _____.,"is the larynx, the larynx and the aqueducts, the larynx is part of the upper",CosineGECO,15,0.001,is the larynx apart of the upper respiratory division,msmarco-passage/train,ielabgroup/vec2text_gtr-base-st_corrector
490595,rsa definition key,"we find rRNA, where we are in the ribosylla of a rcna and we find r",CosineGECO,15,0.001,where do we find rrna,msmarco-passage/train,ielabgroup/vec2text_gtr-base-st_corrector
490595,rsa definition key,meaning n  n  n  n ? — 'save spare key' is a key,CosineGECO,15,0.001,what's the meaning of spare key n?,msmarco-passage/train,ielabgroup/vec2text_gtr-base-st_corrector
490595,rsa definition key,(ro) is a rubbing olefin on the organic molecule in a plant. This olefin,CosineGECO,15,0.001,what ro,msmarco-passage/train,ielabgroup/vec2text_gtr-base-st_corrector
490595,rsa definition key,labeled ISsa. ISsa is a global initiative on oil and water smuggling and a new Haitian asylum,CosineGECO,15,0.001,what is issa?,msmarco-passage/train,ielabgroup/vec2text_gtr-base-st_corrector
490595,rsa definition key,Secure desktop-as-sa Secure desktop-as-sa is a computer security package for the Windows XP and Windows,CosineGECO,15,0.001,what is secure desktop-asa,msmarco-passage/train,ielabgroup/vec2text_gtr-base-st_corrector
490595,rsa definition key,"ras (ras), a defined acolyte chromatin in the nation. This is a recent phenomenon",CosineGECO,15,0.001,ras definition,msmarco-passage/train,ielabgroup/vec2text_gtr-base-st_corrector
490595,rsa definition key,RF si RF is a radio-frequency spectroscopic (RF) in iron-sea. It is also known as si,CosineGECO,15,0.001,what is rf si,msmarco-passage/train,ielabgroup/vec2text_gtr-base-st_corrector
490595,rsa definition key,SSMS authentication (short: ssms) authentication is the definition of a mechanism of executing a text message on data,CosineGECO,15,0.001,sms authentication definition,msmarco-passage/train,ielabgroup/vec2text_gtr-base-st_corrector
490595,rsa definition key,device definition file for Windows based operating systems with rsa .exe. rsa is a security update for all devices,CosineGECO,15,0.001,rsa device definition file for windows,msmarco-passage/train,ielabgroup/vec2text_gtr-base-st_corrector
490595,rsa definition key,sca sca is a pioneer of amusement park and philanthropic adventures. He is now known as sca,CosineGECO,15,0.001,who is sca,msmarco-passage/train,ielabgroup/vec2text_gtr-base-st_corrector
1103812,who formed the commonwealth of independent states,"year of 1620, the year of the commonwealth of the Dominican Republic, Dominica gained independence from the United Kingdom and",CosineGECO,15,0.001,what year did the commonwealth of dominica gain independence,msmarco-passage/train,ielabgroup/vec2text_gtr-base-st_corrector
1103812,who formed the commonwealth of independent states,the declaration of independence is considered to be the first formal assertion by a person of their right to —and by any other person of that right to,CosineGECO,15,0.001,the declaration of independence is considered the first formal assertion by a people of their right to,msmarco-passage/train,ielabgroup/vec2text_gtr-base-st_corrector
1103812,who formed the commonwealth of independent states,the partition of the British            in 1947 as result,CosineGECO,15,0.001,what was the primary result of the british partition of india in 1947,msmarco-passage/train,ielabgroup/vec2text_gtr-base-st_corrector
1103812,who formed the commonwealth of independent states,"who was the first leader to establish a permanent army, a public enactment of this history by Pretorius (Marxianus",CosineGECO,15,0.001,who was the first leader to establish a permanent army,msmarco-passage/train,ielabgroup/vec2text_gtr-base-st_corrector
1103812,who formed the commonwealth of independent states,"how it started, the Declaration of Independence started, by a letter of acclamation to the United States Constitution that was enacted later",CosineGECO,15,0.001,how did the declaration of independence start,msmarco-passage/train,ielabgroup/vec2text_gtr-base-st_corrector
1103812,who formed the commonwealth of independent states,"led by James P. Linden and Christopher A. Paltzman, who started the Peace Corps, a child welfare program at the University of",CosineGECO,15,0.001,who started the peace corps,msmarco-passage/train,ielabgroup/vec2text_gtr-base-st_corrector
1103812,who formed the commonwealth of independent states,"(U.S. mkh. komapak) and founded the Akkadian empire, which unified Mesopotami",CosineGECO,15,0.001,______ unified mesopotamia and founded the akkadian empire,msmarco-passage/train,ielabgroup/vec2text_gtr-base-st_corrector
1103812,who formed the commonwealth of independent states,"whose handwriting is American scribal, issued a copy of John F. Bush's handwriting for the Declaration of Independence,",CosineGECO,15,0.001,whose handwriting is the declaration of independence,msmarco-passage/train,ielabgroup/vec2text_gtr-base-st_corrector
1103812,who formed the commonwealth of independent states,"by negotiating a strategic route to independence. After independence, Ghana achieved Ganda chiefe and independence from Afghanistan on 11 May 1947",CosineGECO,15,0.001,how did ghana achieve independence,msmarco-passage/train,ielabgroup/vec2text_gtr-base-st_corrector
1103812,who formed the commonwealth of independent states,"who started the Whig Party, following a tycoon rebellion led by Margaret Whelan, and who started the Whig Party",CosineGECO,15,0.001,who started the whig party,msmarco-passage/train,ielabgroup/vec2text_gtr-base-st_corrector
87181,causes of left ventricular hypertrophy,"Vaginal atrophy is a cause of vyothelial abrosis, phlegma or other",CosineGECO,15,0.001,causes of vaginal atrophy,msmarco-passage/train,ielabgroup/vec2text_gtr-base-st_corrector
87181,causes of left ventricular hypertrophy,cause of Parkinson's disease (Pennsylvania nervosa) and a cause of the disease,CosineGECO,15,0.001,cause of parkinson's disease,msmarco-passage/train,ielabgroup/vec2text_gtr-base-st_corrector
87181,causes of left ventricular hypertrophy,why atherosclera (hyperglycemia) causes atherosclerosis and atherosclerosis of the bile,CosineGECO,15,0.001,why does hyperglycemia cause atherosclerosis,msmarco-passage/train,ielabgroup/vec2text_gtr-base-st_corrector
87181,causes of left ventricular hypertrophy,"causes of hepatitis acute, hepatitis is caused by a combination of septic obstructive bowel",CosineGECO,15,0.001,causes of hepatitis acute,msmarco-passage/train,ielabgroup/vec2text_gtr-base-st_corrector
87181,causes of left ventricular hypertrophy,symptoms of superior vena cava occlusion (i.e. occlusion of vena cava and a bleeding,CosineGECO,15,0.001,symptoms of superior vena cava occlusion,msmarco-passage/train,ielabgroup/vec2text_gtr-base-st_corrector
87181,causes of left ventricular hypertrophy,a common cause is a heart attack. Sufficient valvopathic hypotension and traumatic heart failure are the most common cardiovascular trauma.,CosineGECO,15,0.001,what is the most common cause of cardiovascular trauma?,msmarco-passage/train,ielabgroup/vec2text_gtr-base-st_corrector
87181,causes of left ventricular hypertrophy,a condition of the heart - psvt is a condition of ventricular stoopa (VEOS condition).,CosineGECO,15,0.001,what is the heart condition psvt?,msmarco-passage/train,ielabgroup/vec2text_gtr-base-st_corrector
87181,causes of left ventricular hypertrophy,"caused by a cancer such as a liquor, ovulation, or breast cancer, which causes vulvar cancer",CosineGECO,15,0.001,what causes vulvar cancer,msmarco-passage/train,ielabgroup/vec2text_gtr-base-st_corrector
87181,causes of left ventricular hypertrophy,by cells and mating conditions. Theophoric dysplasia is a cause of thalassastia as,CosineGECO,15,0.001,what causes thanatophoric dysplasia,msmarco-passage/train,ielabgroup/vec2text_gtr-base-st_corrector
87181,causes of left ventricular hypertrophy,"(HCV) causes. Hepatitis C causes hepatitis C: blood cells, clots, and red blood cells",CosineGECO,15,0.001,hcv causes,msmarco-passage/train,ielabgroup/vec2text_gtr-base-st_corrector
443396,lps laws definition,"that it is significant to a person’s personal liberties and personal liberties, the Personal Liberty laws are a significant part of the law",CosineGECO,15,0.001,what is significant about the personal liberty laws,msmarco-passage/train,ielabgroup/vec2text_gtr-base-st_corrector
443396,lps laws definition,"a gas lanthanum vapor heater, a Lp gas heater is a type of fuel heater for the heating of a fuel",CosineGECO,15,0.001,what is an lp gas heater,msmarco-passage/train,ielabgroup/vec2text_gtr-base-st_corrector
443396,lps laws definition,"definition: liter (liter: a ratio of water to water in the case of water in France and Greece), also known as liter,",CosineGECO,15,0.001,define: liter,msmarco-passage/train,ielabgroup/vec2text_gtr-base-st_corrector
443396,lps laws definition,"a difference between a law study and a research study of a bachelor of arts and sciences (education) , and political science is legal",CosineGECO,15,0.001,difference between political science and legal studies,msmarco-passage/train,ielabgroup/vec2text_gtr-base-st_corrector
443396,lps laws definition,LP/ir ratio is a ratio of a single-lens to unlens-fianc and an income,CosineGECO,15,0.001,what is an lp/ir ratio,msmarco-passage/train,ielabgroup/vec2text_gtr-base-st_corrector
443396,lps laws definition,a 'Ldp/Gsa' stand for ldp and a 'Gas and Safe Transportations Association,CosineGECO,15,0.001,what does ldp/gsa stand for,msmarco-passage/train,ielabgroup/vec2text_gtr-base-st_corrector
443396,lps laws definition,the acronym lsr (German acronym for 'leap-drive rudimentary luhr') - meaning,CosineGECO,15,0.001,what does the german acronym lsr mean?,msmarco-passage/train,ielabgroup/vec2text_gtr-base-st_corrector
443396,lps laws definition,a definition of law binding,CosineGECO,15,0.001,law binding definition,msmarco-passage/train,ielabgroup/vec2text_gtr-base-st_corrector
443396,lps laws definition,Lloyd's (Loyds of London) is a speciality scotch and a British-based,CosineGECO,15,0.001,what is lloyd's of london,msmarco-passage/train,ielabgroup/vec2text_gtr-base-st_corrector
443396,lps laws definition,"a WPS (Wassable Postal Pulse System). A wps is a mobile, wireless, powerful radio",CosineGECO,15,0.001,what is a wps,msmarco-passage/train,ielabgroup/vec2text_gtr-base-st_corrector
1121709,what are the three percenters?,what distinguishes first-class levers from second-class and third-class levers on the same chain is that both first and second class.,CosineGECO,15,0.001,what distinguishes first class levers from both second and third class levers?,msmarco-passage/train,ielabgroup/vec2text_gtr-base-st_corrector
1121709,what are the three percenters?,3c industry is a new industry at the Centre for Economic Development and Industry (CIDA). It is known as 3c Natural Industry. It is,CosineGECO,15,0.001,what is 3c industry,msmarco-passage/train,ielabgroup/vec2text_gtr-base-st_corrector
1121709,what are the three percenters?,"a tertiary level (roughly a trophic level), Tertiary consumers are consumers of luxuriant fish",CosineGECO,15,0.001,what trophic level are tertiary consumers,msmarco-passage/train,ielabgroup/vec2text_gtr-base-st_corrector
1121709,what are the three percenters?,"The three parts of the dnucleotide, dnascent ribonucleotide, and DNA",CosineGECO,15,0.001,what are the three parts of the dna nucleotide?,msmarco-passage/train,ielabgroup/vec2text_gtr-base-st_corrector
1121709,what are the three percenters?,which percent of children in a US school quiz (either a correct or incorrect answer for the child's size) are considered obese? 64,CosineGECO,15,0.001,what percent of children are considered obese? quizlet,msmarco-passage/train,ielabgroup/vec2text_gtr-base-st_corrector
1121709,what are the three percenters?,as a percentage of a person's body weight (gastric restriction or worm diet) is 0.1 percent ideal body weight (or perfect,CosineGECO,15,0.001,what is percent ideal body weight,msmarco-passage/train,ielabgroup/vec2text_gtr-base-st_corrector
1121709,what are the three percenters?,"which has three trunks, is a tree whose three trunks have two apex and a hummock-wood",CosineGECO,15,0.001,what tree has three trunks,msmarco-passage/train,ielabgroup/vec2text_gtr-base-st_corrector
1121709,what are the three percenters?,"what are the three types of gangs, namely: a gang, a lion, a rabid gang",CosineGECO,15,0.001,what are the three types of gangs,msmarco-passage/train,ielabgroup/vec2text_gtr-base-st_corrector
1121709,what are the three percenters?,"'the lumineers' are a team of astronauts, drones and Jet Ray technology who were a prominent role in the history",CosineGECO,15,0.001,who are the lumineers,msmarco-passage/train,ielabgroup/vec2text_gtr-base-st_corrector
1121709,what are the three percenters?,"which continent has one-third of the earth's water, the equatorial continent of the Americas and the US, has many rivers",CosineGECO,15,0.001,what continent has one third of the earth's rivers,msmarco-passage/train,ielabgroup/vec2text_gtr-base-st_corrector
87452,causes of military suicide,"a coma at a high rate of death due to AC/EDC, and chondrosis is the most cause of death",CosineGECO,15,0.001,most comon cause of death in australia,msmarco-passage/train,ielabgroup/vec2text_gtr-base-st_corrector
87452,causes of military suicide,"introduction of a college essay about the causes of the Great Depression, titled “The Great Exposition” (revised by Lionscorpi",CosineGECO,15,0.001,causes of the great depression essay introduction,msmarco-passage/train,ielabgroup/vec2text_gtr-base-st_corrector
87452,causes of military suicide,definition of military optempo,CosineGECO,15,0.001,military optempo definition,msmarco-passage/train,ielabgroup/vec2text_gtr-base-st_corrector
87452,causes of military suicide,in which ophelia's suicide affects the suicide of Hamlet and gives her a way to help her ills and plight,CosineGECO,15,0.001,how does ophelia's suicide affect hamlet,msmarco-passage/train,ielabgroup/vec2text_gtr-base-st_corrector
87452,causes of military suicide,"in the most frequent cause of death in teens, adolescent adolescence (adolemia or diabetes is",CosineGECO,15,0.001,the most frequent cause of death in adolescents is,msmarco-passage/train,ielabgroup/vec2text_gtr-base-st_corrector
87452,causes of military suicide,service of the Army caisson (Ordinary caisson) is a military caisson. It is a unique uniformed CHITOW,CosineGECO,15,0.001,what is an army caisson,msmarco-passage/train,ielabgroup/vec2text_gtr-base-st_corrector
87452,causes of military suicide,"The primary purpose of a landing fee, in the military, is to provide a support for the reenlistment before leaving the Ukraine.",CosineGECO,15,0.001,what is the purpose of a landing fee in the military?,msmarco-passage/train,ielabgroup/vec2text_gtr-base-st_corrector
87452,causes of military suicide,"a loss of a child, and a body sown after a birth, is the number one cause of death. According to statistics",CosineGECO,15,0.001,what is the number one cause of death,msmarco-passage/train,ielabgroup/vec2text_gtr-base-st_corrector
87452,causes of military suicide,"the following military service ribbons, each meaning a praising a man's ability and combat, and the other meaning a service",CosineGECO,15,0.001,military service ribbons and their meaning,msmarco-passage/train,ielabgroup/vec2text_gtr-base-st_corrector
87452,causes of military suicide,"because blue ink isn't used in the military, and is not likely to be used as a ply for people who use it",CosineGECO,15,0.001,why is blue ink not used in the military?,msmarco-passage/train,ielabgroup/vec2text_gtr-base-st_corrector
855410,what is theraderm used for,"in alum, alum-Alum is used medically to treat a variety of medical conditions such as apnea",CosineGECO,15,0.001,what is alum used for medically,msmarco-passage/train,ielabgroup/vec2text_gtr-base-st_corrector
855410,what is theraderm used for,"turmeric herb is a good cure for a number of bowel diseases and a home condition such as hay and sweat, turmeric is",CosineGECO,15,0.001,what is turmeric herb good for,msmarco-passage/train,ielabgroup/vec2text_gtr-base-st_corrector
855410,what is theraderm used for,dihydraphenamine dihydraphenamine (R-W) is used for diarrhodamine and benzodiazepin,CosineGECO,15,0.001,what is ra diphenhydramine w=used for,msmarco-passage/train,ielabgroup/vec2text_gtr-base-st_corrector
855410,what is theraderm used for,"radium was discovered shortly after it was discovered, and used primarily for preparing rhyodium for use in oil and metall",CosineGECO,15,0.001,what was radium used for shortly after it was discovered,msmarco-passage/train,ielabgroup/vec2text_gtr-base-st_corrector
855410,what is theraderm used for,"used in a number of astronomical applications, Stardust is used for using stellar for the collection of stars and other",CosineGECO,15,0.001,what is stellar used for,msmarco-passage/train,ielabgroup/vec2text_gtr-base-st_corrector
855410,what is theraderm used for,"benefits threonine, a foundation for a variety of health benefits including Glucurin, Insulin, and Carbohydrate",CosineGECO,15,0.001,benefits threonine,msmarco-passage/train,ielabgroup/vec2text_gtr-base-st_corrector
855410,what is theraderm used for,"belsoma is used for a variety of treatments, including glucaemia, opiates, and sleep disorders. Belsoma uses",CosineGECO,15,0.001,what is belsoma used for?,msmarco-passage/train,ielabgroup/vec2text_gtr-base-st_corrector
855410,what is theraderm used for,"used, Tazorac is a cyclopropane adhesive used as a protective product and is used by F",CosineGECO,15,0.001,what is tazorac used f,msmarco-passage/train,ielabgroup/vec2text_gtr-base-st_corrector
855410,what is theraderm used for,"a reaper uses a reed synthesiser, a biohammer and a bottle of medicine. The Reaper",CosineGECO,15,0.001,what does a reaper use,msmarco-passage/train,ielabgroup/vec2text_gtr-base-st_corrector
855410,what is theraderm used for,trepanning is used for a variety of applications such as pulsating and turbide. It is now used for,CosineGECO,15,0.001,what is trepanning used for,msmarco-passage/train,ielabgroup/vec2text_gtr-base-st_corrector
1114646,what is famvir prescribed for,the prescription cymbal is used for the treatment of a comorbid pyema-deficiency.,CosineGECO,15,0.001,what is the prescription cymbal used for?,msmarco-passage/train,ielabgroup/vec2text_gtr-base-st_corrector
1114646,what is famvir prescribed for,"does Baytril treat infections caused by viruses, fungi, fungi, or parasites. Viruses may also work to",CosineGECO,15,0.001,"does baytril treat infections caused by viruses, fungi or parasites.",msmarco-passage/train,ielabgroup/vec2text_gtr-base-st_corrector
1114646,what is famvir prescribed for,flagyl is used as a nascent antidote for the treatment of stomach infection by emphyse,CosineGECO,15,0.001,flagyl what is it used for stomach infection,msmarco-passage/train,ielabgroup/vec2text_gtr-base-st_corrector
1114646,what is famvir prescribed for,(commonly known as Furadan) is a neotoxin-based animal furax which is a fast,CosineGECO,15,0.001,what is furadan,msmarco-passage/train,ielabgroup/vec2text_gtr-base-st_corrector
1114646,what is famvir prescribed for,"treatment of a leaf cervix. Factor V is treatment of Leiden by a combination of glucosamine, viral",CosineGECO,15,0.001,what is the treatment for factor v leiden,msmarco-passage/train,ielabgroup/vec2text_gtr-base-st_corrector
1114646,what is famvir prescribed for,medications Benzodiazepam (Vitafenolol) and steroid 5 are given for vertigo by patients,CosineGECO,15,0.001,what medications are given for vertigo,msmarco-passage/train,ielabgroup/vec2text_gtr-base-st_corrector
1114646,what is famvir prescribed for,"a strong cough and headache, floridorase can cause colds, but in some cases, such as with mastatracor",CosineGECO,15,0.001,can florastor cause colds,msmarco-passage/train,ielabgroup/vec2text_gtr-base-st_corrector
1114646,what is famvir prescribed for,"a nascent adrenergic medication, trimipramine (or trimequiminase) is used",CosineGECO,15,0.001,what is trimipramine used for,msmarco-passage/train,ielabgroup/vec2text_gtr-base-st_corrector
1114646,what is famvir prescribed for,The medication simvastatin (Simvastatin) is a valvifectose and a medicine for,CosineGECO,15,0.001,What is simvastatin for,msmarco-passage/train,ielabgroup/vec2text_gtr-base-st_corrector
1114646,what is famvir prescribed for,"using a combination of colicoli and flavone, Coxflam (coxflam) is used for treating a variety of diseases including",CosineGECO,15,0.001,what is coxflam used for,msmarco-passage/train,ielabgroup/vec2text_gtr-base-st_corrector
19335,anthropological definition of environment,defined as arid geography. Arid geography is the climatic haze of water containing a dissolved water lithology and,CosineGECO,15,0.001,arid geography definition,msmarco-passage/train,ielabgroup/vec2text_gtr-base-st_corrector
19335,anthropological definition of environment,Milura environment (Milura environment) is a combination of environment management and hazard management. It is a,CosineGECO,15,0.001,what is mildura environment,msmarco-passage/train,ielabgroup/vec2text_gtr-base-st_corrector
19335,anthropological definition of environment,"based on the word for environment (e.g. ozone, om, lilies), 'environment' is",CosineGECO,15,0.001,what is another word for environment,msmarco-passage/train,ielabgroup/vec2text_gtr-base-st_corrector
19335,anthropological definition of environment,"environmental factors are a range of environmental conditions. These factors, environmental factors, are a response to environmental stimuli, a virus and disease.",CosineGECO,15,0.001,what are environmental factors.,msmarco-passage/train,ielabgroup/vec2text_gtr-base-st_corrector
19335,anthropological definition of environment,humanities etymology is the etymology of a etymology and a linguistic definition,CosineGECO,15,0.001,humanities etymology definition,msmarco-passage/train,ielabgroup/vec2text_gtr-base-st_corrector
19335,anthropological definition of environment,"management practices (Emeritus Environmental Management Practices, formerly the Bio-Pharma Learning Facility) , it is a management strategy",CosineGECO,15,0.001,what is environmental management practices,msmarco-passage/train,ielabgroup/vec2text_gtr-base-st_corrector
19335,anthropological definition of environment,"definition of environmental geography, a physical geography (e.g., the aquifers of the oceans, the human population, biodiversity",CosineGECO,15,0.001,environmental geography definition,msmarco-passage/train,ielabgroup/vec2text_gtr-base-st_corrector
19335,anthropological definition of environment,"design (e.g., E-design, E-Architecture) – ecosystem in design is a system of communication and planning that shapes",CosineGECO,15,0.001,what is ecosystem in design,msmarco-passage/train,ielabgroup/vec2text_gtr-base-st_corrector
19335,anthropological definition of environment,"definition (abteum): arboretum, a tetrarch at Ayrhus Park, which is",CosineGECO,15,0.001,define arboretum,msmarco-passage/train,ielabgroup/vec2text_gtr-base-st_corrector
19335,anthropological definition of environment,atmosphere is defined as the atmosphere of a word in the definition of the term 'Atmosphere' in the literary term 'Met,CosineGECO,15,0.001,atmosphere definition literary term,msmarco-passage/train,ielabgroup/vec2text_gtr-base-st_corrector
47923,axon terminals or synaptic knob definition,(a.k.a. axim) – a definition of a axiom of a political system of physics,CosineGECO,15,0.001,axim definition,msmarco-passage/train,ielabgroup/vec2text_gtr-base-st_corrector
47923,axon terminals or synaptic knob definition,axis,CosineGECO,15,0.001,what is meaning of axis eye,msmarco-passage/train,ielabgroup/vec2text_gtr-base-st_corrector
47923,axon terminals or synaptic knob definition,(adrenal ailment-tumor-transporter) is an action potential in the nervous system of the femur,CosineGECO,15,0.001,what is an action potential in the nervous system?,msmarco-passage/train,ielabgroup/vec2text_gtr-base-st_corrector
47923,axon terminals or synaptic knob definition,a Windows terminal (Windows NT or a Microsoft Windows terminal) is a multi-touch screen used to track and display the operating system,CosineGECO,15,0.001,what is a windows terminal,msmarco-passage/train,ielabgroup/vec2text_gtr-base-st_corrector
47923,axon terminals or synaptic knob definition,turncoats – a broad spectrum of sex apologists who have turned away from the government – turncoats are defined,CosineGECO,15,0.001,turncoats definition,msmarco-passage/train,ielabgroup/vec2text_gtr-base-st_corrector
47923,axon terminals or synaptic knob definition,battery positive terminal connectors (battery positive apron connectors or a battery positive apron connectors),CosineGECO,15,0.001,battery positive terminal connectors,msmarco-passage/train,ielabgroup/vec2text_gtr-base-st_corrector
47923,axon terminals or synaptic knob definition,"The axillary vein drains blood from the atrioventricular organ (hemopornium), where it drains blood",CosineGECO,15,0.001,where does the axillary vein drain blood from,msmarco-passage/train,ielabgroup/vec2text_gtr-base-st_corrector
47923,axon terminals or synaptic knob definition,the viewport is a vascular transom and is one of the most important features of the Vauxhall V8 and Vauxhall Lamb,CosineGECO,15,0.001,what is the viewport,msmarco-passage/train,ielabgroup/vec2text_gtr-base-st_corrector
47923,axon terminals or synaptic knob definition,"definition of prostate gland, a biopore structure of the prostate glands (prostate antifascibility and antifascibility",CosineGECO,15,0.001,prostate gland definition biology,msmarco-passage/train,ielabgroup/vec2text_gtr-base-st_corrector
47923,axon terminals or synaptic knob definition,definition of a x-axis in the mathematical term x-,CosineGECO,15,0.001,math term definition of x axis,msmarco-passage/train,ielabgroup/vec2text_gtr-base-st_corrector
405717,is cdg airport in main paris,the labyrinth of the chartres is the cuneiform cathedral of the Templar of Chartres. It,CosineGECO,15,0.001,what is the labyrinth of chartres cathedral.,msmarco-passage/train,ielabgroup/vec2text_gtr-base-st_corrector
405717,is cdg airport in main paris,"airport LEON airport LEON (code France) , , , , , , , , , fr fr fr",CosineGECO,15,0.001,airport code leon france,msmarco-passage/train,ielabgroup/vec2text_gtr-base-st_corrector
405717,is cdg airport in main paris,"airport on the slacktop jumbo jumbo jumbo pond, La Hamira Airport, formerly known as Las",CosineGECO,15,0.001,where is las vegas airport,msmarco-passage/train,ielabgroup/vec2text_gtr-base-st_corrector
405717,is cdg airport in main paris,"airport to regency, people go to ltimo ad horizon to OC La Toc de sandals's airport.",CosineGECO,15,0.001,what airport do you go to to go to sandals regency la toc?,msmarco-passage/train,ielabgroup/vec2text_gtr-base-st_corrector
405717,is cdg airport in main paris,"at a hotel, Cagayan, is a country in northwestern Burundi. It is located on Cariasaray",CosineGECO,15,0.001,where is cagayan,msmarco-passage/train,ielabgroup/vec2text_gtr-base-st_corrector
405717,is cdg airport in main paris,"the city of mcgee, and mcgee-Ottawa International Airport, mcgee",CosineGECO,15,0.001,what city is the mcgee airport,msmarco-passage/train,ielabgroup/vec2text_gtr-base-st_corrector
405717,is cdg airport in main paris,"St Germain St. Germain (, , , , ) is a sailor and the winner of the Sahid",CosineGECO,15,0.001,who is st germain,msmarco-passage/train,ielabgroup/vec2text_gtr-base-st_corrector
405717,is cdg airport in main paris,"the airport code is CARESoul, and is a long-distance airport code for mobile and public transport, CSOA,",CosineGECO,15,0.001,what is the airport code or caresoul,msmarco-passage/train,ielabgroup/vec2text_gtr-base-st_corrector
405717,is cdg airport in main paris,"the airport code for Montreal (which is now the airport code for St. Louis and the GIFT), Montreal (which is the airport code for Montreal",CosineGECO,15,0.001,what is the airport code for montreal,msmarco-passage/train,ielabgroup/vec2text_gtr-base-st_corrector
405717,is cdg airport in main paris,"airport of muc muc () is a airport located in Mosinale, Manchester, United",CosineGECO,15,0.001,where is muc airport,msmarco-passage/train,ielabgroup/vec2text_gtr-base-st_corrector
182539,example of monotonic function,a djective adjective is an example of a number of examples of adjectives and a number of examples of jiberous,CosineGECO,15,0.001,what is a adjective examples,msmarco-passage/train,ielabgroup/vec2text_gtr-base-st_corrector
182539,example of monotonic function,in science is an example of a mixture that contains a number of cations and a cation: oxygen and water io,CosineGECO,15,0.001,what is an example of a mixture in science,msmarco-passage/train,ielabgroup/vec2text_gtr-base-st_corrector
182539,example of monotonic function,a specific example of an economic sanctions is the U.S.-A. OECD-Rana imposed on countries that continue export,CosineGECO,15,0.001,what is an example of economic sanctions,msmarco-passage/train,ielabgroup/vec2text_gtr-base-st_corrector
182539,example of monotonic function,examples of meanings and resulting in pairs and their replacements by parentheses are the examples of parenthesis and nihilation,CosineGECO,15,0.001,parenthesis meaning and examples,msmarco-passage/train,ielabgroup/vec2text_gtr-base-st_corrector
182539,example of monotonic function,a chemical reaction between a fatty acid and a liacin and a sugar is an example of reversible reaction,CosineGECO,15,0.001,what is an example of a reversible chemical reaction,msmarco-passage/train,ielabgroup/vec2text_gtr-base-st_corrector
182539,example of monotonic function,a good example of a toll-free phone number. 1-100-00-00-00-00-001 is an example of,CosineGECO,15,0.001,example of a toll free phone number,msmarco-passage/train,ielabgroup/vec2text_gtr-base-st_corrector
182539,example of monotonic function,definition of litates is an example of a karyotes and micropoietes. Litterolete is an example,CosineGECO,15,0.001,define litotes and give example,msmarco-passage/train,ielabgroup/vec2text_gtr-base-st_corrector
182539,example of monotonic function,"scabs, eczema seeds and licin are examples of cocci. They are an example of a bacterial",CosineGECO,15,0.001,what is a examples of cocci,msmarco-passage/train,ielabgroup/vec2text_gtr-base-st_corrector
182539,example of monotonic function,"Animalia are examples of animal worlds, such as kinematic flora (nidocytes), and aris",CosineGECO,15,0.001,what are animalia examples,msmarco-passage/train,ielabgroup/vec2text_gtr-base-st_corrector
182539,example of monotonic function,"microorganisms are examples flukes, aphids, uranoids, and cyclobacteria that are clean",CosineGECO,15,0.001,what are example microorganisms,msmarco-passage/train,ielabgroup/vec2text_gtr-base-st_corrector
1113437,what is physical description of spruce,"a definition of mechanical physical weathering, a physical process of mechanical pinning metals (e.g., a paint or concrete",CosineGECO,15,0.001,definition of physical mechanical weathering,msmarco-passage/train,ielabgroup/vec2text_gtr-base-st_corrector
1113437,what is physical description of spruce,"a flower sprig - Flower sprigg is a traditional definition of a flowered, scaly",CosineGECO,15,0.001,what is the definition of flower sprigged,msmarco-passage/train,ielabgroup/vec2text_gtr-base-st_corrector
1113437,what is physical description of spruce,"definition of physical geography Physical geography (geography, a form of defining a physical geography, a form of defining a physical",CosineGECO,15,0.001,physical geography definition geography,msmarco-passage/train,ielabgroup/vec2text_gtr-base-st_corrector
1113437,what is physical description of spruce,"about 125 m square, norke spruce trees will grow in a spruce oregon, which will be big",CosineGECO,15,0.001,how big will norway spruce trees grow in oregon,msmarco-passage/train,ielabgroup/vec2text_gtr-base-st_corrector
1113437,what is physical description of spruce,"types of purple tree flowers (Craig iadalus, lily-strewn branches), known as purple flower trees",CosineGECO,15,0.001,types of purple flower trees,msmarco-passage/train,ielabgroup/vec2text_gtr-base-st_corrector
1113437,what is physical description of spruce,The texture of a cactus (a.k.a. cactus syrbiosus) is smooth,CosineGECO,15,0.001,what is the texture of a cactus,msmarco-passage/train,ielabgroup/vec2text_gtr-base-st_corrector
1113437,what is physical description of spruce,Plie squat Plie squat is a form of a seated butt-top,CosineGECO,15,0.001,what is a plie squat,msmarco-passage/train,ielabgroup/vec2text_gtr-base-st_corrector
1113437,what is physical description of spruce,The texture of a cactus (a.k.a. cactus syrbiosus) is smooth,CosineGECO,15,0.001,what is the texture of a cactus,msmarco-passage/train,ielabgroup/vec2text_gtr-base-st_corrector
1113437,what is physical description of spruce,"of a range of thicknesses and gables, the resins of pitch pines are pines, sclerophyllum",CosineGECO,15,0.001,what are the resins of pitch pines,msmarco-passage/train,ielabgroup/vec2text_gtr-base-st_corrector
1113437,what is physical description of spruce,description of mimosa leaf and its characteristics are rosy-gyne and alcoholic fruit. These characteristics help to grow mimosa,CosineGECO,15,0.001,description and characteristics of mimosa leaf,msmarco-passage/train,ielabgroup/vec2text_gtr-base-st_corrector
1129237,hydrogen is a liquid below what temperature,"correction for temperature correction, hydrometer (hydrometer) correction, i.e. correction of 0–100 °C",CosineGECO,15,0.001,temperature correction for hydrometer,msmarco-passage/train,ielabgroup/vec2text_gtr-base-st_corrector
1129237,hydrogen is a liquid below what temperature,"which temperature is the recommended setting for a tankless water heater or a tankless water tank model, a 25- to 40-degree thermostat",CosineGECO,15,0.001,what is the recommended temperature setting for a tankless water heater,msmarco-passage/train,ielabgroup/vec2text_gtr-base-st_corrector
1129237,hydrogen is a liquid below what temperature,at the temperature between 9 and 24 °C or over the hot air of a car or a car front engine is overheating or over,CosineGECO,15,0.001,at what temperature is a car overheating,msmarco-passage/train,ielabgroup/vec2text_gtr-base-st_corrector
1129237,hydrogen is a liquid below what temperature,"116 degrees, due to the number of compass units, a heptagon is 88 degrees, which is the hottest",CosineGECO,15,0.001,how many degrees in a heptagon,msmarco-passage/train,ielabgroup/vec2text_gtr-base-st_corrector
1129237,hydrogen is a liquid below what temperature,"to cook burgers in a state of the world, cook them at a temperature of 450 °F or 85 °F",CosineGECO,15,0.001,what temperature to cook burgers at,msmarco-passage/train,ielabgroup/vec2text_gtr-base-st_corrector
1129237,hydrogen is a liquid below what temperature,recorded hottest temperature in Houston's Houston Cahouhouston ghoul (at 115 ft.) on record,CosineGECO,15,0.001,hottest recorded temperature in houston,msmarco-passage/train,ielabgroup/vec2text_gtr-base-st_corrector
1129237,hydrogen is a liquid below what temperature,of hot water at 1 °C (50 °F) and hot steam at 590 °C (190,CosineGECO,15,0.001,temperature of hot steam,msmarco-passage/train,ielabgroup/vec2text_gtr-base-st_corrector
1129237,hydrogen is a liquid below what temperature,surface temperature of -admitted mercury and -admitted temperature of -admitted mercury and -a,CosineGECO,15,0.001,surface temperature temperature of mercury,msmarco-passage/train,ielabgroup/vec2text_gtr-base-st_corrector
1129237,hydrogen is a liquid below what temperature,"(80 °C or 176 °F) is the temperature in the moon, as the moon begins to warm during the tid",CosineGECO,15,0.001,what is the temperature in the moon,msmarco-passage/train,ielabgroup/vec2text_gtr-base-st_corrector
1129237,hydrogen is a liquid below what temperature,"at 180 °C (100 °F) when water reaches a low temperature and returns to boiling water, water turns into vapor",CosineGECO,15,0.001,at what temperature does water turn into vapor,msmarco-passage/train,ielabgroup/vec2text_gtr-base-st_corrector
146187,difference between a mcdouble and a double cheeseburger,difference between a mlp (mlp) and apa (mlda) and a hrai-text,CosineGECO,15,0.001,what's the difference between mla and apa,msmarco-passage/train,ielabgroup/vec2text_gtr-base-st_corrector
146187,difference between a mcdouble and a double cheeseburger,"a cake is a difference between a lice and a favignon, while a torte is a",CosineGECO,15,0.001,what is the difference between a cake and torte,msmarco-passage/train,ielabgroup/vec2text_gtr-base-st_corrector
146187,difference between a mcdouble and a double cheeseburger,a cashier check is a cash payment on a post office and a money order check is a cash check whereas cashier checks,CosineGECO,15,0.001,what is difference between money order and cashier check,msmarco-passage/train,ielabgroup/vec2text_gtr-base-st_corrector
146187,difference between a mcdouble and a double cheeseburger,"a double ginger, is a form of a liqueur or a gin-and-soda",CosineGECO,15,0.001,what is a double ginger,msmarco-passage/train,ielabgroup/vec2text_gtr-base-st_corrector
146187,difference between a mcdouble and a double cheeseburger,a difference between a whey protein (protein & whey & whey & whey & body).,CosineGECO,15,0.001,what's the difference between protein & whey protein?,msmarco-passage/train,ielabgroup/vec2text_gtr-base-st_corrector
146187,difference between a mcdouble and a double cheeseburger,Double malt (brewery malt) is a malt-based lager beer that is a unique malt beer that is,CosineGECO,15,0.001,what is double malt beer,msmarco-passage/train,ielabgroup/vec2text_gtr-base-st_corrector
146187,difference between a mcdouble and a double cheeseburger,difference between abitorexate (diameter ) and methotrexate (diameter ),CosineGECO,15,0.001,difference between abitrexate and methotrexate,msmarco-passage/train,ielabgroup/vec2text_gtr-base-st_corrector
146187,difference between a mcdouble and a double cheeseburger,be the farthest distance you can get from a McDonald's when you are 900 miles from a mcdonald.,CosineGECO,15,0.001,what is the farthest distance you can ever be from mcdonalds in usa,msmarco-passage/train,ielabgroup/vec2text_gtr-base-st_corrector
146187,difference between a mcdouble and a double cheeseburger,a difference between a goldendoodle and a loodle (or labradoodle) is the difference between a goldendoodle,CosineGECO,15,0.001,what is difference between labradoodle and goldendoodle,msmarco-passage/train,ielabgroup/vec2text_gtr-base-st_corrector
146187,difference between a mcdouble and a double cheeseburger,between a dentist and a drodontist (or odontologist or enshologist) and prosth,CosineGECO,15,0.001,difference between prosthodontist and dentist,msmarco-passage/train,ielabgroup/vec2text_gtr-base-st_corrector
