query_id,text,obfuscatedText,mechanism,epsilon,top_percentile,pivot_query,pool,corrector_model
156493,do goldfish grow,"from a low of 50 to a high of 60 to 68 g, a dwarf gourami can get big and the rabbit blood",CosineGECO,1,0.001,how big can a dwarf gourami get,msmarco-passage/train,ielabgroup/vec2text_gtr-base-st_corrector
156493,do goldfish grow,"from 0.5 to 9.5 centimeters high, the plants that grow cornflowers grow tall and acorns grow to a height",CosineGECO,1,0.001,how tall does cornflowers grow,msmarco-passage/train,ielabgroup/vec2text_gtr-base-st_corrector
156493,do goldfish grow,"a life of 240–240 years, goldfish (Oxygenus cristatus) are a fish with an active energy",CosineGECO,1,0.001,what is the lifespan of a goldfish,msmarco-passage/train,ielabgroup/vec2text_gtr-base-st_corrector
156493,do goldfish grow,of a total of a one- to two-day (180 to 270 days) a sunflower takes one to grow and will give rise,CosineGECO,1,0.001,how many days does a sunflower take to grow,msmarco-passage/train,ielabgroup/vec2text_gtr-base-st_corrector
156493,do goldfish grow,grow amaranth by growing a plant in a dry area and a light amount of blight (or acrobaria,CosineGECO,1,0.001,how to grow amaranth,msmarco-passage/train,ielabgroup/vec2text_gtr-base-st_corrector
156493,do goldfish grow,system and plant structure that evolved that enables plants to grow larger and taller (or “evolve” and “climb” to support higher,CosineGECO,1,0.001,what plant structure or system evolved that enable plants to grow larger and taller,msmarco-passage/train,ielabgroup/vec2text_gtr-base-st_corrector
156493,do goldfish grow,"from a lion to a jolly dolphin, dolphin fish grow to be as big as  59 to 59 inches or",CosineGECO,1,0.001,how big do dolphin fish get,msmarco-passage/train,ielabgroup/vec2text_gtr-base-st_corrector
156493,do goldfish grow,gogrow gogrow (formerly known as grow) is a light herbaceous plant which is the grow,CosineGECO,1,0.001,what is gogrow,msmarco-passage/train,ielabgroup/vec2text_gtr-base-st_corrector
156493,do goldfish grow,by microbiota: Bacteria grow by taking a different path to the bacterium and growing in ions; bacteria are growing slowly,CosineGECO,1,0.001,how bacteria grows,msmarco-passage/train,ielabgroup/vec2text_gtr-base-st_corrector
156493,do goldfish grow,how to feed goldfish broccoli: take a large gallows and eat a medium-sized gallows and water with,CosineGECO,1,0.001,how to feed goldfish broccoli,msmarco-passage/train,ielabgroup/vec2text_gtr-base-st_corrector
1110199,what is wifi vs bluetooth,"(Windows 10): The Bluetooth driver is for the driver for the datalink, Bluetooth based interface, and Bluetooth based multi-touch screen.",CosineGECO,1,0.001,what is the bluetooth driver for?,msmarco-passage/train,ielabgroup/vec2text_gtr-base-st_corrector
1110199,what is wifi vs bluetooth,"1 ms-diameter connection between a cellular and a wireless infrastructure, commonly known as a cellular connection,",CosineGECO,1,0.001,what is a cellular connection,msmarco-passage/train,ielabgroup/vec2text_gtr-base-st_corrector
1110199,what is wifi vs bluetooth,a good signal (the 128 ns WiFi signal from a laptop or a 4 ns WiFi antenna) is a good,CosineGECO,1,0.001,what is a good wifi signal,msmarco-passage/train,ielabgroup/vec2text_gtr-base-st_corrector
1110199,what is wifi vs bluetooth,"oat bran is a difference between oatmeal and oatmeal, whereas oats and grazing grain are",CosineGECO,1,0.001,difference between oatmeal and oat bran,msmarco-passage/train,ielabgroup/vec2text_gtr-base-st_corrector
1110199,what is wifi vs bluetooth,"the difference between a symbian and a blob of malware, antivirus protection is the difference between anti-malware and malware",CosineGECO,1,0.001,what's the difference between malware and antivirus protection,msmarco-passage/train,ielabgroup/vec2text_gtr-base-st_corrector
1110199,what is wifi vs bluetooth,a difference between arm and leg pressure. Arm pressure is a result of a symptom and a blood pressure in the hand or limb,CosineGECO,1,0.001,difference between arm and leg blood pressure,msmarco-passage/train,ielabgroup/vec2text_gtr-base-st_corrector
1110199,what is wifi vs bluetooth,difference between a walao and wallabie is between a wyo-wound and kangaroo,CosineGECO,1,0.001,difference between kangaroo and wallaby,msmarco-passage/train,ielabgroup/vec2text_gtr-base-st_corrector
1110199,what is wifi vs bluetooth,"what it is, Bluetooth is a technology on the iPod Touch and a form of unified communication (U-fi) by sync.",CosineGECO,1,0.001,what is bluetooth ?,msmarco-passage/train,ielabgroup/vec2text_gtr-base-st_corrector
1110199,what is wifi vs bluetooth,(Federation of the Wi-Fi Network and a Wi-Fi icon). Does WiFi Mean Internet?,CosineGECO,1,0.001,Does WiFi Mean Internet,msmarco-passage/train,ielabgroup/vec2text_gtr-base-st_corrector
1110199,what is wifi vs bluetooth,distance of Bluetooth (blueband) - from a distance of 50 m (60 ft) to 900 m (640,CosineGECO,1,0.001,distance of bluetooth,msmarco-passage/train,ielabgroup/vec2text_gtr-base-st_corrector
1063750,why did the us volunterilay enter ww1,"when the British blockade of the British wrestling lane (BlockadeWW1) ended in 1775, ending",CosineGECO,1,0.001,when did the british blockade end ww1,msmarco-passage/train,ielabgroup/vec2text_gtr-base-st_corrector
1063750,why did the us volunterilay enter ww1,– which started in 1915 and ended in the 57th and 58th – war year WW1 was started and ended and the British,CosineGECO,1,0.001,what year was ww1 started and ended,msmarco-passage/train,ielabgroup/vec2text_gtr-base-st_corrector
1063750,why did the us volunterilay enter ww1,"who was the general in command of American forces during World War I, and a command of U.S. forces on the eve of independence",CosineGECO,1,0.001,who was the general in command of american forces during world war i?,msmarco-passage/train,ielabgroup/vec2text_gtr-base-st_corrector
1063750,why did the us volunterilay enter ww1,"when the United States dropped out of the world ranking of 157th place by 2.2 billion, making the United States the world's number one nation",CosineGECO,1,0.001,when did the united states drop out of first place as the number one nation in the world,msmarco-passage/train,ielabgroup/vec2text_gtr-base-st_corrector
1063750,why did the us volunterilay enter ww1,"with a spokesman and a writer. How volleyball began is how article-beating articles began, the first being a 1908 American",CosineGECO,1,0.001,how did volleyball begin articles,msmarco-passage/train,ielabgroup/vec2text_gtr-base-st_corrector
1063750,why did the us volunterilay enter ww1,ascribed to Thomas Jefferson (Thomas R. Benigno) and why he was in the wars of the 17th American Revolution,CosineGECO,1,0.001,why was thomas jefferson in the revolutionary war,msmarco-passage/train,ielabgroup/vec2text_gtr-base-st_corrector
1063750,why did the us volunterilay enter ww1,"because people came to America a long time before the esoteric settlers, many people came to Early American colonies on the horizon",CosineGECO,1,0.001,why did people come to early american colonies,msmarco-passage/train,ielabgroup/vec2text_gtr-base-st_corrector
1063750,why did the us volunterilay enter ww1,"when the atomic bomb was dropped, and because of thepoking of war in the United States of America, the atomic bomb was necessary",CosineGECO,1,0.001,why was the dropping of the atomic bomb necessary,msmarco-passage/train,ielabgroup/vec2text_gtr-base-st_corrector
1063750,why did the us volunterilay enter ww1,"a cause of freedom and to fight against the repression of the white people and the kings, the civil rights movement started and it started",CosineGECO,1,0.001,why did the civil rights movement start,msmarco-passage/train,ielabgroup/vec2text_gtr-base-st_corrector
1063750,why did the us volunterilay enter ww1,"(Groß Versilia) and the Treaty of Aescher, the Treaty of Versailles caused, and it ended with a total",CosineGECO,1,0.001,what did the treaty of versailles cause,msmarco-passage/train,ielabgroup/vec2text_gtr-base-st_corrector
130510,definition declaratory judgment,lbj destiny lbj destiny is a definition of a compulsion on a ball by Thomas J. Newton,CosineGECO,1,0.001,definition of lbj destiny,msmarco-passage/train,ielabgroup/vec2text_gtr-base-st_corrector
130510,definition declaratory judgment,"e.g.,            Deneg",CosineGECO,1,0.001,denegation definition,msmarco-passage/train,ielabgroup/vec2text_gtr-base-st_corrector
130510,definition declaratory judgment,meaning of the Florida Declaration of Rights is a document that enshrined the rights of the United States and other United States constitutions issued,CosineGECO,1,0.001,what does florida declaration of rights mean,msmarco-passage/train,ielabgroup/vec2text_gtr-base-st_corrector
130510,definition declaratory judgment,"meaning of the enactment of the Constitution of the United States and of Baron Abel-Gospel, known as the declaration of independence",CosineGECO,1,0.001,what the declaration of independence mean,msmarco-passage/train,ielabgroup/vec2text_gtr-base-st_corrector
130510,definition declaratory judgment,(nouns) judicial committee - judicial committee - is a group of judicial opportunities who are defined,CosineGECO,1,0.001,judicial committee definition,msmarco-passage/train,ielabgroup/vec2text_gtr-base-st_corrector
130510,definition declaratory judgment,"definition of dissenting opinion, a neo-futurity of a person’s opinion or opinion of the statement",CosineGECO,1,0.001,definition of dissenting opinion,msmarco-passage/train,ielabgroup/vec2text_gtr-base-st_corrector
130510,definition declaratory judgment,a way to collect “missions” in a divorce decree. Filigate judgments relating to money amounts in a judgment,CosineGECO,1,0.001,minnesota how to collect money judgments in a divorce decree,msmarco-passage/train,ielabgroup/vec2text_gtr-base-st_corrector
130510,definition declaratory judgment,"for a court judgement or a judicial admonition, it is good for 30 years and up until the date when a judge",CosineGECO,1,0.001,how long is a court judgement good for,msmarco-passage/train,ielabgroup/vec2text_gtr-base-st_corrector
130510,definition declaratory judgment,definition of the word 'definite' (a defining definition of the word 'definable' (a defining definition of the playground,CosineGECO,1,0.001,definition definitive,msmarco-passage/train,ielabgroup/vec2text_gtr-base-st_corrector
130510,definition declaratory judgment,(discover,CosineGECO,1,0.001,discernment definition,msmarco-passage/train,ielabgroup/vec2text_gtr-base-st_corrector
489204,right pelvic pain causes,a gas is placed on the stomach and causes pain in the bowel and a geriatric geriatric geriatric,CosineGECO,1,0.001,what causes gas on the stomach and pain,msmarco-passage/train,ielabgroup/vec2text_gtr-base-st_corrector
489204,right pelvic pain causes,"because menstrual cramps, such as those involving a thamuric block, sometimes cause pain, but it is usually the case",CosineGECO,1,0.001,why period cramps hurt,msmarco-passage/train,ielabgroup/vec2text_gtr-base-st_corrector
489204,right pelvic pain causes,"a condition such as a pregnancy or a cruciate, the pains on the lower right side of your abdomen may be caused by",CosineGECO,1,0.001,what causes lower pains to the right side of your abdomen,msmarco-passage/train,ielabgroup/vec2text_gtr-base-st_corrector
489204,right pelvic pain causes,causes by a hyopoietavirus (HPV) or by the use of a small amount of plasm,CosineGECO,1,0.001,causes of hpv,msmarco-passage/train,ielabgroup/vec2text_gtr-base-st_corrector
489204,right pelvic pain causes,"a small amount of pain during a pregnancy or during a sex, left abdominal pain is a common cause of lower abdomen in women",CosineGECO,1,0.001,what causes pain in lower left abdomen women,msmarco-passage/train,ielabgroup/vec2text_gtr-base-st_corrector
489204,right pelvic pain causes,"The pelvis on the human body (pubic sphincter, glens, or intestine) is a human organ",CosineGECO,1,0.001,what is the pelvis on the human body,msmarco-passage/train,ielabgroup/vec2text_gtr-base-st_corrector
489204,right pelvic pain causes,"a result of movement of a muscle during pregnancy, popping in the lower abdomen is a cause of lower-abdominoplasi",CosineGECO,1,0.001,what causes popping in lower abdomen,msmarco-passage/train,ielabgroup/vec2text_gtr-base-st_corrector
489204,right pelvic pain causes,under optimal conditions. Adenocarcinoma (amputation of the leg joint) is a muscle pain that causes severe leg pain.,CosineGECO,1,0.001,what causes severe leg pain?,msmarco-passage/train,ielabgroup/vec2text_gtr-base-st_corrector
489204,right pelvic pain causes,a pain of using a tennis elbow or a pain caused by the use of tennis elbow gas or neoservina.,CosineGECO,1,0.001,causes of tennis elbow pain,msmarco-passage/train,ielabgroup/vec2text_gtr-base-st_corrector
489204,right pelvic pain causes,"when there is an injury to the limb of the knee, a pain sensation such as a burn or a bruxism causes",CosineGECO,1,0.001,what is the cause of pain in the knee,msmarco-passage/train,ielabgroup/vec2text_gtr-base-st_corrector
573724,what are the social determinants of health,apa (pseudo-paranoid definition of mental health)       human condition,CosineGECO,1,0.001,apa definition of mental health,msmarco-passage/train,ielabgroup/vec2text_gtr-base-st_corrector
573724,what are the social determinants of health,"your consuming medications, such as hysteridine, and narcotics are what is causing your depression. Depression is the diagnosis",CosineGECO,1,0.001,what is causing my depression,msmarco-passage/train,ielabgroup/vec2text_gtr-base-st_corrector
573724,what are the social determinants of health,"affecting genes, is that aspects of behavior are affected by genes, which have a higher degree of affect on functions, moods, and intellectual functions",CosineGECO,1,0.001,what aspects of behavior are affected by genes,msmarco-passage/train,ielabgroup/vec2text_gtr-base-st_corrector
573724,what are the social determinants of health,"definition (of a social role) is the social role of a person, a tendency to be a victim of pre-pollaction",CosineGECO,1,0.001,social role definition,msmarco-passage/train,ielabgroup/vec2text_gtr-base-st_corrector
573724,what are the social determinants of health,"a person can cause anxiety. It can include eugenics, a history of alcohol consumption, and a lack of social anxiety.",CosineGECO,1,0.001,what can cause social anxiety?,msmarco-passage/train,ielabgroup/vec2text_gtr-base-st_corrector
573724,what are the social determinants of health,"social conditions (e.g., children who are exposed to a variety of social conditions, such as alancholy and depression) causes",CosineGECO,1,0.001,what social conditions cause bullying,msmarco-passage/train,ielabgroup/vec2text_gtr-base-st_corrector
573724,what are the social determinants of health,"a key role of mental health in healthy eating programs, and in the Effort to Maintain Healthy Eating and Healthy Eating: nutrition program",CosineGECO,1,0.001,role of mental health in healthy eating programs,msmarco-passage/train,ielabgroup/vec2text_gtr-base-st_corrector
573724,what are the social determinants of health,"of social Darwinism, social darwinism was a quiz-complexion of behavior and survival of a lot of people",CosineGECO,1,0.001,what was social darwinism quizlet,msmarco-passage/train,ielabgroup/vec2text_gtr-base-st_corrector
573724,what are the social determinants of health,Dds mental health dds is a behavioural and psychiatric health service that is a joint disorder of mental health,CosineGECO,1,0.001,what is dds mental health,msmarco-passage/train,ielabgroup/vec2text_gtr-base-st_corrector
573724,what are the social determinants of health,definition of physical health (or             short,CosineGECO,1,0.001,short definition for physical health,msmarco-passage/train,ielabgroup/vec2text_gtr-base-st_corrector
168216,does legionella pneumophila cause pneumonia,lung nodule (lungar nodule) develops on the arthrogens and bronchial fluids. The cause,CosineGECO,1,0.001,lung nodule what causes,msmarco-passage/train,ielabgroup/vec2text_gtr-base-st_corrector
168216,does legionella pneumophila cause pneumonia,"a disease, pseudomonasis aeruginosa or pseudocrystolia a",CosineGECO,1,0.001,what disease pseudomonas aeruginosa,msmarco-passage/train,ielabgroup/vec2text_gtr-base-st_corrector
168216,does legionella pneumophila cause pneumonia,pneumonia stabilized after 5 months (approximately 4 months) after a relapse of more than two years and a rectal,CosineGECO,1,0.001,pneumonia stabilized after 5 months,msmarco-passage/train,ielabgroup/vec2text_gtr-base-st_corrector
168216,does legionella pneumophila cause pneumonia,"lacunar resuscitation or a lack of sleep during a time interval, is the primary cause of amnesia and later",CosineGECO,1,0.001,what are primary cause of lacunar amnesia,msmarco-passage/train,ielabgroup/vec2text_gtr-base-st_corrector
168216,does legionella pneumophila cause pneumonia,"when fluid is emitted from the lungs, it is a fluid that causes build-up in the lungs that can build up over months",CosineGECO,1,0.001,what causes fluid buildup in the lungs,msmarco-passage/train,ielabgroup/vec2text_gtr-base-st_corrector
168216,does legionella pneumophila cause pneumonia,"a disease such as a bronchial thrombosis or liver disease, would likely cause a lung transplant. Carcinom",CosineGECO,1,0.001,what disease would cause a lung transplant,msmarco-passage/train,ielabgroup/vec2text_gtr-base-st_corrector
168216,does legionella pneumophila cause pneumonia,"each have histoplasmosis, cryptopneumonia, cytomegalovirus, and pneumococcal infections in",CosineGECO,1,0.001,"what do cryptococcal infection, cytomegalovirus infection, histoplasmosis, and pneumocystis have in common",msmarco-passage/train,ielabgroup/vec2text_gtr-base-st_corrector
168216,does legionella pneumophila cause pneumonia,can take flosgane whilst you are taking boluadan and boluadide if you are taking lumin,CosineGECO,1,0.001,can i take flonase while i'm on lumigan,msmarco-passage/train,ielabgroup/vec2text_gtr-base-st_corrector
168216,does legionella pneumophila cause pneumonia,"is swelling of the legs and feet (strength, edema and swelling) is common with stage 4 lung cancer",CosineGECO,1,0.001,is swelling of feet and legs common with stage 4 lung cancer,msmarco-passage/train,ielabgroup/vec2text_gtr-base-st_corrector
168216,does legionella pneumophila cause pneumonia,"from 2–3 weeks after a cough or a ching chough, and “Penicillin lingering” it continues pneumonia",CosineGECO,1,0.001,how long does the lingering cough after pneumonia,msmarco-passage/train,ielabgroup/vec2text_gtr-base-st_corrector
1133167,how is the weather in jamaica,"as jujuy, a hot weather in India in July, like the banks of the banks, can turn to rain in the juju",CosineGECO,1,0.001,what is the weather like in india in july,msmarco-passage/train,ielabgroup/vec2text_gtr-base-st_corrector
1133167,how is the weather in jamaica,"about the weather of the United Kingdom, 'Lodondon' (') has a cool air and warm summer weather, and '",CosineGECO,1,0.001,what about the weather of london,msmarco-passage/train,ielabgroup/vec2text_gtr-base-st_corrector
1133167,how is the weather in jamaica,"weather: a clear breeze, cyclones, and snow, and current weather in Yakima, WA, yakima,",CosineGECO,1,0.001,"weather in yakima, wa",msmarco-passage/train,ielabgroup/vec2text_gtr-base-st_corrector
1133167,how is the weather in jamaica,(Caspiano-diacrimonious) is the climate of Djibouti. Djibouti,CosineGECO,1,0.001,what is the climate of djibouti,msmarco-passage/train,ielabgroup/vec2text_gtr-base-st_corrector
1133167,how is the weather in jamaica,"weather. The weather in Rhealeigh is light and humid, with a record 9-degree C-F, and the weather is usually cold",CosineGECO,1,0.001,how is the weather in raleigh,msmarco-passage/train,ielabgroup/vec2text_gtr-base-st_corrector
1133167,how is the weather in jamaica,"(between 0° and 4° in the morning) is the weather on Cocoa Beach, where the snow starts to melt and black lava flows",CosineGECO,1,0.001,what's the weather in cocoa beach,msmarco-passage/train,ielabgroup/vec2text_gtr-base-st_corrector
1133167,how is the weather in jamaica,"weather in Amman - jordan jordan - jordan aprian - snow, and cold - snow",CosineGECO,1,0.001,weather in amman jordan,msmarco-passage/train,ielabgroup/vec2text_gtr-base-st_corrector
1133167,how is the weather in jamaica,During the Dominican Republic (July - 10 June) the weather is sleepy and the climate is a hot,CosineGECO,1,0.001,what is the weather in the dominican republic in june,msmarco-passage/train,ielabgroup/vec2text_gtr-base-st_corrector
1133167,how is the weather in jamaica,"weather in July is a mix of rain, snow, and cold. It can be as cool as Puerto Rico (Panama) in December",CosineGECO,1,0.001,what is weather like in panama in july,msmarco-passage/train,ielabgroup/vec2text_gtr-base-st_corrector
1133167,how is the weather in jamaica,-Santa Mara colombista has a styro-stylish weather in the winter,CosineGECO,1,0.001,weather in santa marta colombia,msmarco-passage/train,ielabgroup/vec2text_gtr-base-st_corrector
527433,types of dysarthria from cerebral palsy,"which type of paralysis involves only the lower extremities and the lower limbs, is a type that involves both the trunk and the bare",CosineGECO,1,0.001,which type of paralysis involves only the lower extremities and trunk,msmarco-passage/train,ielabgroup/vec2text_gtr-base-st_corrector
527433,types of dysarthria from cerebral palsy,"the types of dizziness disorders – femora, bifid arthritis, and erect libido",CosineGECO,1,0.001,types of dizziness disorders,msmarco-passage/train,ielabgroup/vec2text_gtr-base-st_corrector
527433,types of dysarthria from cerebral palsy,"define a cervical dystonia Cervonia clavia (dystonia), a disorder of neck pain and a delay",CosineGECO,1,0.001,define cervical dystonia,msmarco-passage/train,ielabgroup/vec2text_gtr-base-st_corrector
527433,types of dysarthria from cerebral palsy,the diagnosis of CRF. The diagnosis of CRF is a diagnosis of a condition such as cranial sclerosis or adrenaline.,CosineGECO,1,0.001,what is the diagnosis of crf,msmarco-passage/train,ielabgroup/vec2text_gtr-base-st_corrector
527433,types of dysarthria from cerebral palsy,is dysphagia (dysphagia esophagus) when the larynx is affected by dysphagi,CosineGECO,1,0.001,is the larynx affected by dysphagia,msmarco-passage/train,ielabgroup/vec2text_gtr-base-st_corrector
527433,types of dysarthria from cerebral palsy,abnormal function of bone marrow is called dysplasia (disorder of the splenoma marrow) or dysp,CosineGECO,1,0.001,abnormal function of bone marrow is called dysplasia,msmarco-passage/train,ielabgroup/vec2text_gtr-base-st_corrector
527433,types of dysarthria from cerebral palsy,who discovered cleidocranial dysplasia (Circular cleft cranial syringae and vitr,CosineGECO,1,0.001,who discovered cleidocranial dysplasia,msmarco-passage/train,ielabgroup/vec2text_gtr-base-st_corrector
527433,types of dysarthria from cerebral palsy,"types of muscular dystrophies: (1) a boy's spyeloma, (2) a muscle contraction and (4)",CosineGECO,1,0.001,types of muscular dystrophies,msmarco-passage/train,ielabgroup/vec2text_gtr-base-st_corrector
527433,types of dysarthria from cerebral palsy,"The disorders caused by inmobility are a result of a number of limb problems including immobility, immobility, apathy",CosineGECO,1,0.001,what disorders are caused by immobility,msmarco-passage/train,ielabgroup/vec2text_gtr-base-st_corrector
527433,types of dysarthria from cerebral palsy,"types (the neuropathy), ten types (neuromyelitis), and cylindric neuropathy (neuromye",CosineGECO,1,0.001,neuropathy types how many,msmarco-passage/train,ielabgroup/vec2text_gtr-base-st_corrector
1037798,who is robert gray,"a.k.a. Reggie White, is a former baseball player, a legend and presenter of the Monte Carlo Sundog",CosineGECO,1,0.001,who is reggie white,msmarco-passage/train,ielabgroup/vec2text_gtr-base-st_corrector
1037798,who is robert gray,"a low amount of fat and a smoky, dark-colored meat, turns ground beef into gray, or mash,",CosineGECO,1,0.001,what makes ground beef turn gray,msmarco-passage/train,ielabgroup/vec2text_gtr-base-st_corrector
1037798,who is robert gray,a.k.a. Rob Friost. Robert Friost is a world-renowned newcomer and the newest member of the Frost,CosineGECO,1,0.001,who is robert frost,msmarco-passage/train,ielabgroup/vec2text_gtr-base-st_corrector
1037798,who is robert gray,"the death of Grahame Pinson, and in the death of Robb Gracie, Robin Gibb died of a pellucid brain",CosineGECO,1,0.001,what did robin gibb die of,msmarco-passage/train,ielabgroup/vec2text_gtr-base-st_corrector
1037798,who is robert gray,"Ms. Elegant Ms. Elegant, aka Ms. Ault, is a billionaire social media activist who is the owner of",CosineGECO,1,0.001,who is mr elegant,msmarco-passage/train,ielabgroup/vec2text_gtr-base-st_corrector
1037798,who is robert gray,roberto de Nir,CosineGECO,1,0.001,is robert de niro italian,msmarco-passage/train,ielabgroup/vec2text_gtr-base-st_corrector
1037798,who is robert gray,(Eric Robins)'s net worth (Eric 'Robert' & Co.) is at $57.8 billion,CosineGECO,1,0.001,what is eric roberts net worth,msmarco-passage/train,ielabgroup/vec2text_gtr-base-st_corrector
1037798,who is robert gray,"type of author, Louis Stevenson-Robertson (Stanley Stevenson) is a neo-punk",CosineGECO,1,0.001,what type of author is robert louis stevenson,msmarco-passage/train,ielabgroup/vec2text_gtr-base-st_corrector
1037798,who is robert gray,"romero romero , formerly known as romero, is a Super Mario Bros. legend",CosineGECO,1,0.001,who is romero,msmarco-passage/train,ielabgroup/vec2text_gtr-base-st_corrector
1037798,who is robert gray,"state. The base at Robin AF is Robin AF Base, Marina, Florida. Its grading is a .929.",CosineGECO,1,0.001,what state is robin af base?,msmarco-passage/train,ielabgroup/vec2text_gtr-base-st_corrector
915593,what types of food can you cook sous vide,cooking coulis (cooking of spuidae and adiposes) Coulis is the cooking,CosineGECO,1,0.001,coulis definition cooking,msmarco-passage/train,ielabgroup/vec2text_gtr-base-st_corrector
915593,what types of food can you cook sous vide,"foods rich in glycerol, nutmeg, lemon, and nutmeg are considered beneficial for sinus infections of the ear",CosineGECO,1,0.001,foods beneficial for sinus infection,msmarco-passage/train,ielabgroup/vec2text_gtr-base-st_corrector
915593,what types of food can you cook sous vide,"of my favorite food are roasted meat, fried chicken, rolled oh sardines, pumpkin pie, cheese, a yogurt",CosineGECO,1,0.001,what are your favorite food,msmarco-passage/train,ielabgroup/vec2text_gtr-base-st_corrector
915593,what types of food can you cook sous vide,"food types such as a combination of sugar, a fat, and a fruit, can keep your blood sugar level balanced as long as your food",CosineGECO,1,0.001,what types of food can keep your blood sugar level balanced,msmarco-passage/train,ielabgroup/vec2text_gtr-base-st_corrector
915593,what types of food can you cook sous vide,"types of food for dinner are a recipe for a rich, fried meat or chicken, mashed potatoes, carrots, mushrooms or garlic",CosineGECO,1,0.001,types of food for dinner,msmarco-passage/train,ielabgroup/vec2text_gtr-base-st_corrector
915593,what types of food can you cook sous vide,"what you can cook on a 'George Foreman Grill', you can cook a griddle, a silver pan or oven",CosineGECO,1,0.001,what can you cook on a george foreman grill,msmarco-passage/train,ielabgroup/vec2text_gtr-base-st_corrector
915593,what types of food can you cook sous vide,"what kind of food you drink, i.e. food you eat, a tea-coop you eat helps you sustain yourself.",CosineGECO,1,0.001,what kind of food do you drink?,msmarco-passage/train,ielabgroup/vec2text_gtr-base-st_corrector
915593,what types of food can you cook sous vide,"a list of foods to avoid on a gout diet, i.e., gharic, gout, sugar",CosineGECO,1,0.001,list of foods to avoid with gout,msmarco-passage/train,ielabgroup/vec2text_gtr-base-st_corrector
915593,what types of food can you cook sous vide,"a type of food with slough-o-lankey milk and eggs, San Francisco is known for the San francisco food known",CosineGECO,1,0.001,what type of food is san francisco known for,msmarco-passage/train,ielabgroup/vec2text_gtr-base-st_corrector
915593,what types of food can you cook sous vide,"foods – kiwi chicken, ramen, boreham, and a lot of dairy – are considered carbs",CosineGECO,1,0.001,which foods are considered carbs,msmarco-passage/train,ielabgroup/vec2text_gtr-base-st_corrector
264014,how long is life cycle of flea,"between 1 and 125 years old dogs live life, and dogs who are older than a year and who are younger continue to serve their life and vice",CosineGECO,1,0.001,how old does dogs life,msmarco-passage/train,ielabgroup/vec2text_gtr-base-st_corrector
264014,how long is life cycle of flea,"in a wet carpet where mold will grow on a wet carpet, from 1 to 3 hours to 30 minutes after a moss",CosineGECO,1,0.001,how long for mold to grow on wet carpet,msmarco-passage/train,ielabgroup/vec2text_gtr-base-st_corrector
264014,how long is life cycle of flea,"where they are found on a bed of crumbs or lindae, it takes 45 minutes for lice to show up before they can show up",CosineGECO,1,0.001,how long does it take for lice to show up,msmarco-passage/train,ielabgroup/vec2text_gtr-base-st_corrector
264014,how long is life cycle of flea,who are a dea agent of the a.a. (Defea Agent Industry) take 1 year and 4.5 years of the career,CosineGECO,1,0.001,how many years does it take to be a dea agent,msmarco-passage/train,ielabgroup/vec2text_gtr-base-st_corrector
264014,how long is life cycle of flea,"life cycle of a rabbit for kids, a children's history is explained and a timeline of how rabbits and small animals go from growing",CosineGECO,1,0.001,life cycle of rabbits for kids,msmarco-passage/train,ielabgroup/vec2text_gtr-base-st_corrector
264014,how long is life cycle of flea,on a human head are fleas (as a type of flea in the American Kennel and Maryland) and they can live inside,CosineGECO,1,0.001,can fleas live in a human head and what kind,msmarco-passage/train,ielabgroup/vec2text_gtr-base-st_corrector
264014,how long is life cycle of flea,"when they are in the hairs of a baby or a, it takes to 9 days for lice to die without having eaten their head",CosineGECO,1,0.001,how long does it take for lice to die when not in hair,msmarco-passage/train,ielabgroup/vec2text_gtr-base-st_corrector
264014,how long is life cycle of flea,(0.5 to 2 days) is the half-life of valium and valium benzodiazepine is absorbed into the ground,CosineGECO,1,0.001,how long is the half life of valium,msmarco-passage/train,ielabgroup/vec2text_gtr-base-st_corrector
264014,how long is life cycle of flea,"when a fly is in a feagot or a fly, a maggot gills for about 24 hours remain",CosineGECO,1,0.001,how long does a fly stay a maggot,msmarco-passage/train,ielabgroup/vec2text_gtr-base-st_corrector
264014,how long is life cycle of flea,"a life span of 1–2 years, and a life span of 8–9 years, the life of a Maltese m",CosineGECO,1,0.001,what is the life span of a maltese,msmarco-passage/train,ielabgroup/vec2text_gtr-base-st_corrector
1121402,what can contour plowing reduce,"coals is the main use, scheming, smoking, and other finishing treatments. Its use is a major impact",CosineGECO,1,0.001,what is coals main use,msmarco-passage/train,ielabgroup/vec2text_gtr-base-st_corrector
1121402,what can contour plowing reduce,with cellulite is a work-in-resolution and it is not known if removal of collagen can help remove thy skin,CosineGECO,1,0.001,can collagen help remove cellulite,msmarco-passage/train,ielabgroup/vec2text_gtr-base-st_corrector
1121402,what can contour plowing reduce,reduce swelling after a sprain and remove a ring to reduce inflammation after a swell. Steroids to reduce,CosineGECO,1,0.001,reducing swelling after steroids,msmarco-passage/train,ielabgroup/vec2text_gtr-base-st_corrector
1121402,what can contour plowing reduce,"with water, prunes can eliminate stomach fat and/or bowel fat and/or foliate liposis without fat loss or foli",CosineGECO,1,0.001,can prunes and water eliminate stomach fat,msmarco-passage/train,ielabgroup/vec2text_gtr-base-st_corrector
1121402,what can contour plowing reduce,"a variety of therapies can be performed to reduce the amount of blood in the blood of poor circulation, such as copper-refining can be",CosineGECO,1,0.001,what can be done for poor circulation,msmarco-passage/train,ielabgroup/vec2text_gtr-base-st_corrector
1121402,what can contour plowing reduce,cvacs pods may help with COPD and cdc.com. If cured cdc pods can help,CosineGECO,1,0.001,can cvac pods help copd,msmarco-passage/train,ielabgroup/vec2text_gtr-base-st_corrector
1121402,what can contour plowing reduce,"How to reduce stuff in a house is to do something in the house, or to do something in the house, or to eat a lot",CosineGECO,1,0.001,how to reduce stuff in house,msmarco-passage/train,ielabgroup/vec2text_gtr-base-st_corrector
1121402,what can contour plowing reduce,"as our planet. What reduce our planet is a halo of a 0 kg waste, such as water, nitrogen, oxygen,",CosineGECO,1,0.001,what reduce our planet,msmarco-passage/train,ielabgroup/vec2text_gtr-base-st_corrector
1121402,what can contour plowing reduce,"how cam plants minimize photorespiration. By reducing the amount of photorespiration they can consume, they conserve the water and nutrient",CosineGECO,1,0.001,how do cam plants minimize photorespiration?,msmarco-passage/train,ielabgroup/vec2text_gtr-base-st_corrector
1121402,what can contour plowing reduce,opium and other substances reduced. The opium-opportunistic opium war largely reduced opium-op,CosineGECO,1,0.001,what did opium war reduced,msmarco-passage/train,ielabgroup/vec2text_gtr-base-st_corrector
962179,when was the salvation army founded,"(e.g., Aids to Prevent Lynchosis) in 1891, hearing aids were invented and a hearing aid",CosineGECO,1,0.001,when were hearing aids invented,msmarco-passage/train,ielabgroup/vec2text_gtr-base-st_corrector
962179,when was the salvation army founded,in 1789 (Simons Day silos off the coast of the island of St. John d'Earth) Saint Simons founded,CosineGECO,1,0.001,when was st simons island founded,msmarco-passage/train,ielabgroup/vec2text_gtr-base-st_corrector
962179,when was the salvation army founded,"created a neo-Pagodaise music, Samba was created, and in 1932, it was launched",CosineGECO,1,0.001,when was samba created,msmarco-passage/train,ielabgroup/vec2text_gtr-base-st_corrector
962179,when was the salvation army founded,"Founded in 1886 (d. 1905) and continuing through the Great War, Wal-Mart Corporation (now Walmart) was founded in 18",CosineGECO,1,0.001,when was walmart founded,msmarco-passage/train,ielabgroup/vec2text_gtr-base-st_corrector
962179,when was the salvation army founded,"in the quay of Methon and Chantier, vocier was founded in 1664. Vocier Vocier is headquartered",CosineGECO,1,0.001,when was vocier founded,msmarco-passage/train,ielabgroup/vec2text_gtr-base-st_corrector
962179,when was the salvation army founded,"in the history of invention such as Kindle and Amazon. Originally introduced in 1794, Amazon was invented by a team of Swiss businessmen called",CosineGECO,1,0.001,when was amazon invented,msmarco-passage/train,ielabgroup/vec2text_gtr-base-st_corrector
962179,when was the salvation army founded,"from a patient waiting for a blood donation to begin, a blood donation began on January 1, 1864, when a blood donation was made",CosineGECO,1,0.001,when did blood donation begin,msmarco-passage/train,ielabgroup/vec2text_gtr-base-st_corrector
962179,when was the salvation army founded,"1928, a year after the establishment of the pre-existing corporations of similar eras, Job Corps established Job Corps, Inc.,",CosineGECO,1,0.001,when did job corps established,msmarco-passage/train,ielabgroup/vec2text_gtr-base-st_corrector
962179,when was the salvation army founded,"(1 August 1932) and a vending machine (Venice Machines Inc.) founded in the 1940s, American vending machines founded",CosineGECO,1,0.001,when was vending machines founded,msmarco-passage/train,ielabgroup/vec2text_gtr-base-st_corrector
962179,when was the salvation army founded,"year of the institution’s initiation and award of a black belt, Rockford University (Rockford) was established, and in 19",CosineGECO,1,0.001,what year was rockford university was established,msmarco-passage/train,ielabgroup/vec2text_gtr-base-st_corrector
1117099,what is a active margin,how Active Noise cancellation works and how it works by allowing a certain amount of noise to be filtered away from the noise-densiting,CosineGECO,1,0.001,how does active noise cancellation work,msmarco-passage/train,ielabgroup/vec2text_gtr-base-st_corrector
1117099,what is a active margin,(www.adventive.com) Active learner is a specialized learning program that connects active and mutated information and search,CosineGECO,1,0.001,what is active learner,msmarco-passage/train,ielabgroup/vec2text_gtr-base-st_corrector
1117099,what is a active margin,defined method (active methods) . Active training methods are a class of methods used to train and train physiologists and animal intelligence,CosineGECO,1,0.001,define active training methods,msmarco-passage/train,ielabgroup/vec2text_gtr-base-st_corrector
1117099,what is a active margin,Active mode      (active mode) is a mode of active mode on a new Wi-Fi network,CosineGECO,1,0.001,what is active mode,msmarco-passage/train,ielabgroup/vec2text_gtr-base-st_corrector
1117099,what is a active margin,view messages on Facebook without being logged in and click on a 'active' so that you can show messages that you are active in your profile,CosineGECO,1,0.001,how to view messages on facebook without it showing that you are active,msmarco-passage/train,ielabgroup/vec2text_gtr-base-st_corrector
1117099,what is a active margin,an activity cost driver is a driver activity that enables the driver to calculate the cost of the data when it's used to drive the equipment.,CosineGECO,1,0.001,what is an activity cost driver?,msmarco-passage/train,ielabgroup/vec2text_gtr-base-st_corrector
1117099,what is a active margin,"environment in marketing of products and vice versa, ' macroenvironment' is a marketing environment in marketing and marketing management which is a dynamic",CosineGECO,1,0.001,what is macroenvironment in marketing,msmarco-passage/train,ielabgroup/vec2text_gtr-base-st_corrector
1117099,what is a active margin,"describe what it means to be an active listener. Active listening involves taking your listener, listening to the listeners, and asking them to participate.",CosineGECO,1,0.001,describe what it means to be an active listener. what does active listening involve?,msmarco-passage/train,ielabgroup/vec2text_gtr-base-st_corrector
1117099,what is a active margin,"is Navy active military reserves (i.e., not reactivated due to military service or missing service), they are considered active military",CosineGECO,1,0.001,is navy reserves considered active military,msmarco-passage/train,ielabgroup/vec2text_gtr-base-st_corrector
1117099,what is a active margin,"ACTi-labs , is a diagnostic test-assay laboratory for a variety of aileroins",CosineGECO,1,0.001,what is acti-labs,msmarco-passage/train,ielabgroup/vec2text_gtr-base-st_corrector
148538,difference between rn and bsn,Muscle kinase (Rna) is a difference between RNA and DNA and the nucleus is a difference between,CosineGECO,1,0.001,what is the difference between DNA and rna,msmarco-passage/train,ielabgroup/vec2text_gtr-base-st_corrector
148538,difference between rn and bsn,sl is the difference between a SV nedgy and a rs nidge sogue,CosineGECO,1,0.001,what is the difference between nissan rogue s and sv and sl,msmarco-passage/train,ielabgroup/vec2text_gtr-base-st_corrector
148538,difference between rn and bsn,what is a difference between a food chain (food tuff chain) and a food web (food neophyte,CosineGECO,1,0.001,what is the difference between food chain and a food web,msmarco-passage/train,ielabgroup/vec2text_gtr-base-st_corrector
148538,difference between rn and bsn,meaning of ns - ns - bs - bs - a sensation of the sky -,CosineGECO,1,0.001,what is the meaning of nbs,msmarco-passage/train,ielabgroup/vec2text_gtr-base-st_corrector
148538,difference between rn and bsn,"a difference between nodols and rbsqls, rbdm is a nodol database",CosineGECO,1,0.001,difference between nosql and rdbms,msmarco-passage/train,ielabgroup/vec2text_gtr-base-st_corrector
148538,difference between rn and bsn,difference between xbutedrine sr and xbutedrine wellbutrin sr. It is a size,CosineGECO,1,0.001,what is the difference in wellbutrin xl and wellbutrin sr,msmarco-passage/train,ielabgroup/vec2text_gtr-base-st_corrector
148538,difference between rn and bsn,difference between a nurse - an anesthesiologist - and an anesthesiologist - an aesthe,CosineGECO,1,0.001,difference between a nurse anesthetist and an anesthesiologist,msmarco-passage/train,ielabgroup/vec2text_gtr-base-st_corrector
148538,difference between rn and bsn,"difference between a bonus (e.g., a vacancy and a 5% payout) and commission (e.g.,",CosineGECO,1,0.001,difference between bonus and commission,msmarco-passage/train,ielabgroup/vec2text_gtr-base-st_corrector
148538,difference between rn and bsn,is bcls the same as bls- and bls- bcs- bls,CosineGECO,1,0.001,is bcls the same as bls,msmarco-passage/train,ielabgroup/vec2text_gtr-base-st_corrector
148538,difference between rn and bsn,program of Chamberlain BSn is based on the MB & BSc degree program. It is approximately $900 U.S,CosineGECO,1,0.001,how much is chamberlain bsn program,msmarco-passage/train,ielabgroup/vec2text_gtr-base-st_corrector
451602,medicare's definition of mechanical ventilation,"you hear mitral regurgitation. It is usually heard in the medulla oblique and the arteries, where the mitral",CosineGECO,1,0.001,where do you hear mitral regurg,msmarco-passage/train,ielabgroup/vec2text_gtr-base-st_corrector
451602,medicare's definition of mechanical ventilation,plan (Memployee cost plan) plans (aka Medicare cost plans) are a defined cost of a health care facility,CosineGECO,1,0.001,medicare cost plans definition,msmarco-passage/train,ielabgroup/vec2text_gtr-base-st_corrector
451602,medicare's definition of mechanical ventilation,"medical definition of flexion (also known as flexion, a valence, flexion, flexion): A body motion of biometric",CosineGECO,1,0.001,medical definition of flexion,msmarco-passage/train,ielabgroup/vec2text_gtr-base-st_corrector
451602,medicare's definition of mechanical ventilation,Medical management ulitis Medical management ulitis (MGUS) is a medical angioedema that is a bacteriological,CosineGECO,1,0.001,what is medical mgus,msmarco-passage/train,ielabgroup/vec2text_gtr-base-st_corrector
451602,medicare's definition of mechanical ventilation,a METSELF definition of marshalling panel. A marshalling panel is a structure defining a panel of electrical conductor,CosineGECO,1,0.001,marshalling panel definition,msmarco-passage/train,ielabgroup/vec2text_gtr-base-st_corrector
451602,medicare's definition of mechanical ventilation,mue means for eligible medicare and a means for Enhanced Mobility with Information (MUE) for eligible e- e-,CosineGECO,1,0.001,what does mue mean for medicare,msmarco-passage/train,ielabgroup/vec2text_gtr-base-st_corrector
451602,medicare's definition of mechanical ventilation,definition of the Army equipment management (Ofd-Joseph v. HAND): Army equipment is a military,CosineGECO,1,0.001,army equipment management definition,msmarco-passage/train,ielabgroup/vec2text_gtr-base-st_corrector
451602,medicare's definition of mechanical ventilation,"medical esthetic is a dietary and chemical esthetic that is a valuable component of the beauty of life, such as",CosineGECO,1,0.001,what is medical esthetic,msmarco-passage/train,ielabgroup/vec2text_gtr-base-st_corrector
451602,medicare's definition of mechanical ventilation,"for the use of a pneumatic actuator to actuate mechanical fluids such as a pneumatic door pump, it is used to achieve",CosineGECO,1,0.001,what is a pneumatic actuator used for,msmarco-passage/train,ielabgroup/vec2text_gtr-base-st_corrector
451602,medicare's definition of mechanical ventilation,breather engine breather is a definition of a vehicle engine (engine definition: a bNOI) used to test the positive pressure,CosineGECO,1,0.001,breather definition engine,msmarco-passage/train,ielabgroup/vec2text_gtr-base-st_corrector
359349,how to find the midsegment of a trapezoid,"measure -chemistry. This is done by using a morphometer to measure dichroism, which is then taken at 1",CosineGECO,1,0.001,how to measure dichroism,msmarco-passage/train,ielabgroup/vec2text_gtr-base-st_corrector
359349,how to find the midsegment of a trapezoid,"meaning of the American sign of “airway” or “roadway”, a middle way means “it opens to the middle” or “it means",CosineGECO,1,0.001,what does middle way mean,msmarco-passage/train,ielabgroup/vec2text_gtr-base-st_corrector
359349,how to find the midsegment of a trapezoid,"find longitude by using a compass and a compass, and use the latitude coordinates (centimeters)",CosineGECO,1,0.001,how to find latitude longitude,msmarco-passage/train,ielabgroup/vec2text_gtr-base-st_corrector
359349,how to find the midsegment of a trapezoid,easy calculation using mode median range mode mean (mode median 0 to 0  0  0,CosineGECO,1,0.001,easy calculation mean median mode range,msmarco-passage/train,ielabgroup/vec2text_gtr-base-st_corrector
359349,how to find the midsegment of a trapezoid,"a smoky fens and a grass, midges are attracted to when they are attracted to",CosineGECO,1,0.001,what are midges attracted to,msmarco-passage/train,ielabgroup/vec2text_gtr-base-st_corrector
359349,how to find the midsegment of a trapezoid,"In the symmetries of a triangle, the incenter of a triangle is the angle of the apical horizon",CosineGECO,1,0.001,what is the incenter of a triangle,msmarco-passage/train,ielabgroup/vec2text_gtr-base-st_corrector
359349,how to find the midsegment of a trapezoid,middle way - a definition of a middle-way - is a measure of the real life risk imposed by the United States Code,CosineGECO,1,0.001,middle way definition,msmarco-passage/train,ielabgroup/vec2text_gtr-base-st_corrector
359349,how to find the midsegment of a trapezoid,middle of a lotus is a part of the lilac cervix sameen. This is called ',CosineGECO,1,0.001,middle of a lotus is called what,msmarco-passage/train,ielabgroup/vec2text_gtr-base-st_corrector
359349,how to find the midsegment of a trapezoid,it is easy to calculate 305 ME. 305 ME is a figure that is based on the factors 270 and 287 (Cim,CosineGECO,1,0.001,how do you figure 305 ME,msmarco-passage/train,ielabgroup/vec2text_gtr-base-st_corrector
359349,how to find the midsegment of a trapezoid,", the area of the trapezoi",CosineGECO,1,0.001,what is the area of the trapezoid?,msmarco-passage/train,ielabgroup/vec2text_gtr-base-st_corrector
1115776,what is an aml surveillance analyst,Glamour Networks Glamour Networks Inc. (formerly known as glance network) is a data-driven network that is a solution,CosineGECO,1,0.001,what is glance networks,msmarco-passage/train,ielabgroup/vec2text_gtr-base-st_corrector
1115776,what is an aml surveillance analyst,Alumina alumina Alumina alumina (AluO alumina) is a phosphorus-rich liquid that is,CosineGECO,1,0.001,what is alumina alumina,msmarco-passage/train,ielabgroup/vec2text_gtr-base-st_corrector
1115776,what is an aml surveillance analyst,LLL L-Lobsitology L-Llobsitology stands for lung biopsy or invasive chondrosar,CosineGECO,1,0.001,what is lll biopsy stand for lung,msmarco-passage/train,ielabgroup/vec2text_gtr-base-st_corrector
1115776,what is an aml surveillance analyst,It is a program of the Integrated Intelligence Research Center that The protective intelligence analyst does intelligence analysis to analyze and re-ascertain,CosineGECO,1,0.001,what does the protective intelligence analyst do,msmarco-passage/train,ielabgroup/vec2text_gtr-base-st_corrector
1115776,what is an aml surveillance analyst,integration analyst (integration analysis) is a method of a statistical discipline defined by a data unit known as a 'bnp,CosineGECO,1,0.001,integration analyst definition,msmarco-passage/train,ielabgroup/vec2text_gtr-base-st_corrector
1115776,what is an aml surveillance analyst,"lmtv army, a definition of the lmtv (Landese Airborne Ministry of Security and Technology)",CosineGECO,1,0.001,lmtv army define,msmarco-passage/train,ielabgroup/vec2text_gtr-base-st_corrector
1115776,what is an aml surveillance analyst,Aluminium profile (a.k.a. a. aluminium) is a particle of stainless steel with a strong tendency to detect,CosineGECO,1,0.001,what is aluminium profile,msmarco-passage/train,ielabgroup/vec2text_gtr-base-st_corrector
1115776,what is an aml surveillance analyst,purpose of law enforcement investigation - a statutory function of the U.S. Department of Justice - is to conduct a polic,CosineGECO,1,0.001,define purpose of law enforcement investigation,msmarco-passage/train,ielabgroup/vec2text_gtr-base-st_corrector
1115776,what is an aml surveillance analyst,a ame paraprofessional (Also a ame mr) is a professional in the arts,CosineGECO,1,0.001,what is an ame paraprofessional,msmarco-passage/train,ielabgroup/vec2text_gtr-base-st_corrector
1115776,what is an aml surveillance analyst,Association is a neuro-embryosis and a disease of the brain associated with ALS. association,CosineGECO,1,0.001,what is als association,msmarco-passage/train,ielabgroup/vec2text_gtr-base-st_corrector
1112341,what is the daily life of thai people,"thiola is a family medicine and vegetable plant known as thyrsia. It is one of three fruits of ""Thiola",CosineGECO,1,0.001,what is thiola,msmarco-passage/train,ielabgroup/vec2text_gtr-base-st_corrector
1112341,what is the daily life of thai people,"Life on the Trail of Tears was like a torn-off, full of tears, and emotional misery and friction between the Indian",CosineGECO,1,0.001,what life was like on the trail of tears,msmarco-passage/train,ielabgroup/vec2text_gtr-base-st_corrector
1112341,what is the daily life of thai people,"a skewed traffic record, labour day travel is a busy time of travel (approximately 30:30",CosineGECO,1,0.001,is labour day a busy travel time,msmarco-passage/train,ielabgroup/vec2text_gtr-base-st_corrector
1112341,what is the daily life of thai people,", known as thot,",CosineGECO,1,0.001,what is thot,msmarco-passage/train,ielabgroup/vec2text_gtr-base-st_corrector
1112341,what is the daily life of thai people,"a lot of stuff that's up to tornado people. It's a bunch of shit people, shit people, tornado",CosineGECO,1,0.001,what's up tornado people?,msmarco-passage/train,ielabgroup/vec2text_gtr-base-st_corrector
1112341,what is the daily life of thai people,"will work in Thaksilo and also Cdma mbd. CdMA in Thailand will work in a country,",CosineGECO,1,0.001,will cdma work in thailand,msmarco-passage/train,ielabgroup/vec2text_gtr-base-st_corrector
1112341,what is the daily life of thai people,"""David"" Thompson (David Thompson) was a burgeoning thomasph and historian",CosineGECO,1,0.001,who was david thompson,msmarco-passage/train,ielabgroup/vec2text_gtr-base-st_corrector
1112341,what is the daily life of thai people,culture of the U.S.A. (BAHMAS) is a culture that is held on full and relaxed luxury on the holiday cruises,CosineGECO,1,0.001,what is the bahamas culture,msmarco-passage/train,ielabgroup/vec2text_gtr-base-st_corrector
1112341,what is the daily life of thai people,"Life (Bild waltz) Life, also known as basic life, is a basic life that is a basic inherited life",CosineGECO,1,0.001,what is basic life,msmarco-passage/train,ielabgroup/vec2text_gtr-base-st_corrector
1112341,what is the daily life of thai people,podcast daily (live & blogging podcast) The Daily Podcast is a satirical podcast of the CP & Podcast,CosineGECO,1,0.001,podcast the daily,msmarco-passage/train,ielabgroup/vec2text_gtr-base-st_corrector
131843,definition of a sigmet,Gib (definition) Gib is a granular definition of a gib (GJE) or a form of a governmental,CosineGECO,1,0.001,gib definition,msmarco-passage/train,ielabgroup/vec2text_gtr-base-st_corrector
131843,definition of a sigmet,"sep ira. sep ira, defined as a definition of how individuals divide their funds",CosineGECO,1,0.001,sep ira definition,msmarco-passage/train,ielabgroup/vec2text_gtr-base-st_corrector
131843,definition of a sigmet,zodiac sign            meaning Cancer/Sigj,CosineGECO,1,0.001,zodiac sigj meaning cancer,msmarco-passage/train,ielabgroup/vec2text_gtr-base-st_corrector
131843,definition of a sigmet,(segment geology) definition of sediment geology a classification of rocks and a geological structure based on the fossils,CosineGECO,1,0.001,sediment geology definition,msmarco-passage/train,ielabgroup/vec2text_gtr-base-st_corrector
131843,definition of a sigmet,"by the physicists, a simple definition of 'sensing' or 'feeling' is the act of",CosineGECO,1,0.001,what is the definition of sensing,msmarco-passage/train,ielabgroup/vec2text_gtr-base-st_corrector
131843,definition of a sigmet,sangfroid (single-froid) a broad range of fruits and vegetables including a frutog. The name,CosineGECO,1,0.001,sangfroid definition,msmarco-passage/train,ielabgroup/vec2text_gtr-base-st_corrector
131843,definition of a sigmet,"defining atavist, a coma of stridot and apricot. This is an advanced autopilot",CosineGECO,1,0.001,define atavist,msmarco-passage/train,ielabgroup/vec2text_gtr-base-st_corrector
131843,definition of a sigmet,Sigma is a granularity of the value of a super-assisted polynomial infinity (SIVA).,CosineGECO,1,0.001,what is sigma?,msmarco-passage/train,ielabgroup/vec2text_gtr-base-st_corrector
131843,definition of a sigmet,esinet is a sysotel based IP router and esotbonese network (ESPN,CosineGECO,1,0.001,what is esinet,msmarco-passage/train,ielabgroup/vec2text_gtr-base-st_corrector
131843,definition of a sigmet,(Simplicial)         is a definition of the comput,CosineGECO,1,0.001,simplicial definition,msmarco-passage/train,ielabgroup/vec2text_gtr-base-st_corrector
104861,cost of interior concrete flooring,"of a spherical stairway or a metal step, precast concrete steps cost between $80 to $90 and will cost",CosineGECO,1,0.001,how much does precast concrete steps cost,msmarco-passage/train,ielabgroup/vec2text_gtr-base-st_corrector
104861,cost of interior concrete flooring,"(e.g., a floor-level shower, $6.50-$60-$60-coin cost of floor-level shower",CosineGECO,1,0.001,floor-level shower cost,msmarco-passage/train,ielabgroup/vec2text_gtr-base-st_corrector
104861,cost of interior concrete flooring,drive time of $800 - $1000 concrete driveway maryland clints is a state highway that has been used for over,CosineGECO,1,0.001,concrete driveway cost maryland,msmarco-passage/train,ielabgroup/vec2text_gtr-base-st_corrector
104861,cost of interior concrete flooring,"per foot redwood (ryewood, sandwood, linoleum, sapphire) linear decking costs $180",CosineGECO,1,0.001,redwood decking cost per linear foot,msmarco-passage/train,ielabgroup/vec2text_gtr-base-st_corrector
104861,cost of interior concrete flooring,cost of installing floor tiles (Obama chinese apex) or installing a new carpet (Obama,CosineGECO,1,0.001,cost of installing tile floors,msmarco-passage/train,ielabgroup/vec2text_gtr-base-st_corrector
104861,cost of interior concrete flooring,(0.15 to 0.315 per square feet) of prefinished hardwood floors are a prime location for the use of premium and in-service,CosineGECO,1,0.001,average price per sq ft for prefinished hardwood floors,msmarco-passage/train,ielabgroup/vec2text_gtr-base-st_corrector
104861,cost of interior concrete flooring,"at the cost of $70 to $80 (Nevada roof) or $90 to $90, driveway resurfacing or",CosineGECO,1,0.001,cost of resurfacing driveway,msmarco-passage/train,ielabgroup/vec2text_gtr-base-st_corrector
104861,cost of interior concrete flooring,(price per yard) or ($220–$40 per yard) for concrete (price per ounce) or ($170–$,CosineGECO,1,0.001,cost for concrete per yard,msmarco-passage/train,ielabgroup/vec2text_gtr-base-st_corrector
104861,cost of interior concrete flooring,a cost of $18.50 to $18.50 to install a door or a cost of $18.50 to install interior door,CosineGECO,1,0.001,cost to install interior door,msmarco-passage/train,ielabgroup/vec2text_gtr-base-st_corrector
104861,cost of interior concrete flooring,"who choose to keep their feet stymied with a little foam, real hardwood floors cost about $1,100 - $1,100",CosineGECO,1,0.001,how much do real hardwood floors cost,msmarco-passage/train,ielabgroup/vec2text_gtr-base-st_corrector
833860,what is the most popular food in switzerland,(known as fancy cheese) is a cinnamon cheese that has evolved around,CosineGECO,1,0.001,what is fancy cheese,msmarco-passage/train,ielabgroup/vec2text_gtr-base-st_corrector
833860,what is the most popular food in switzerland,"foods rich in vitamin C, e.g. octay rum, kictay berries, apple",CosineGECO,1,0.001,what are the foods rich in vitamin c,msmarco-passage/train,ielabgroup/vec2text_gtr-base-st_corrector
833860,what is the most popular food in switzerland,"what food is typical of the iceland, but tin crokes, birch, or other traditional foods are more likely.",CosineGECO,1,0.001,what is the typical food of iceland?,msmarco-passage/train,ielabgroup/vec2text_gtr-base-st_corrector
833860,what is the most popular food in switzerland,"three most important events in swiss history and history, e.g. the Faction of the Sommerdame Dion",CosineGECO,1,0.001,three most important events in swiss history,msmarco-passage/train,ielabgroup/vec2text_gtr-base-st_corrector
833860,what is the most popular food in switzerland,"a healthy diet besides milk, dairy foods such as pumpkins and hard cheese have calcium besides a skeleton, which may lead to",CosineGECO,1,0.001,what foods have calcium besides milk,msmarco-passage/train,ielabgroup/vec2text_gtr-base-st_corrector
833860,what is the most popular food in switzerland,food that is considered essential food in South Korea (soda musaka steamed steamed steamed steamed s,CosineGECO,1,0.001,what is considered essential food in south korea,msmarco-passage/train,ielabgroup/vec2text_gtr-base-st_corrector
833860,what is the most popular food in switzerland,"(United States and China) is the most eaten bug in the world, followed by arachnids, frogs",CosineGECO,1,0.001,most eaten bug in the world,msmarco-passage/train,ielabgroup/vec2text_gtr-base-st_corrector
833860,what is the most popular food in switzerland,"what they eat, French children eat a mixture of meat, eggs, scaly vegetables, cheese, cockatoons",CosineGECO,1,0.001,what do french kids eat,msmarco-passage/train,ielabgroup/vec2text_gtr-base-st_corrector
833860,what is the most popular food in switzerland,schnitzel and schnitzel is a sardine and pâtin and pasta dish of noodles and,CosineGECO,1,0.001,what is schnitzel and noodles,msmarco-passage/train,ielabgroup/vec2text_gtr-base-st_corrector
833860,what is the most popular food in switzerland,"a hedo-nut-like frog. A hermit food, or Hermit food, is a solitary food",CosineGECO,1,0.001,what's a hermit food,msmarco-passage/train,ielabgroup/vec2text_gtr-base-st_corrector
207786,how are some sharks warm blooded,"hot flashes other than menopause without causing it, such as breast aches, dizziness, or a menopaus",CosineGECO,1,0.001,causes of hot flashes besides menopause,msmarco-passage/train,ielabgroup/vec2text_gtr-base-st_corrector
207786,how are some sharks warm blooded,blood vessels respond to the closphering esophagus of the skin and their cells in the cold temperature of the winter.,CosineGECO,1,0.001,how do the blood vessels of the skin respond to cold temperatures?,msmarco-passage/train,ielabgroup/vec2text_gtr-base-st_corrector
207786,how are some sharks warm blooded,"because feet are a reed of soreness, so they swell during heat, a reed of heat",CosineGECO,1,0.001,why feet swell in heat,msmarco-passage/train,ielabgroup/vec2text_gtr-base-st_corrector
207786,how are some sharks warm blooded,"a continuous temperature change, such as breast ache or clots, may cause hot and cold flashes, and may cause gastrointestinal",CosineGECO,1,0.001,what might cause hot and cold flashes,msmarco-passage/train,ielabgroup/vec2text_gtr-base-st_corrector
207786,how are some sharks warm blooded,"weather that follows a warm front (e.g., a hot front, a long wind, a cold front) as it follows",CosineGECO,1,0.001,weather that follows a warm front,msmarco-passage/train,ielabgroup/vec2text_gtr-base-st_corrector
207786,how are some sharks warm blooded,"on a suckling drooling a blood-like substance, blood tastes very well and does not taste as well as",CosineGECO,1,0.001,how does blood taste,msmarco-passage/train,ielabgroup/vec2text_gtr-base-st_corrector
207786,how are some sharks warm blooded,"a nurse shark, or sometimes referred to as a ""Nurse Nurse"", is a form of breast feeding dolphin that is a",CosineGECO,1,0.001,what is a nurse shark,msmarco-passage/train,ielabgroup/vec2text_gtr-base-st_corrector
207786,how are some sharks warm blooded,"In heat check-based ink, it heats reactive energy and creates a temperature that does not change over time on paper or freezer paper and",CosineGECO,1,0.001,what does heat reactive ink do on checks,msmarco-passage/train,ielabgroup/vec2text_gtr-base-st_corrector
207786,how are some sharks warm blooded,"for a reason, surfers (skateboard surfers) attack sharks who bite and slather their",CosineGECO,1,0.001,why do sharks attack surfer,msmarco-passage/train,ielabgroup/vec2text_gtr-base-st_corrector
207786,how are some sharks warm blooded,"you are a water bleed when you are in water, you may have a problem with the blisters and punctures in your hair,",CosineGECO,1,0.001,do you bleed in water,msmarco-passage/train,ielabgroup/vec2text_gtr-base-st_corrector
1114819,what is durable medical equipment consist of,"equipment. The equipment used for needlepoint is used to work on a variety of mediums including acrylonitrile spools, needle",CosineGECO,1,0.001,what equipment is used for needlepoint,msmarco-passage/train,ielabgroup/vec2text_gtr-base-st_corrector
1114819,what is durable medical equipment consist of,materials epidermis (epidermis) give durability and a fair amount of elasticity. This is achieved by using earthquakes,CosineGECO,1,0.001,what gives epidermis durability,msmarco-passage/train,ielabgroup/vec2text_gtr-base-st_corrector
1114819,what is durable medical equipment consist of,"what is considered identifiable patient information. It is a disclosure of information based on physical data, physicochemical data, or other information.",CosineGECO,1,0.001,what is considered identifiable patient information?,msmarco-passage/train,ielabgroup/vec2text_gtr-base-st_corrector
1114819,what is durable medical equipment consist of,"medical definitions: tamper resistant , is a medical unit of inability to resist medical and periodotal injuries.",CosineGECO,1,0.001,tamper resistant medical definition,msmarco-passage/train,ielabgroup/vec2text_gtr-base-st_corrector
1114819,what is durable medical equipment consist of,are trauma plate that are found in pavement impact,CosineGECO,1,0.001,what are trauma plate,msmarco-passage/train,ielabgroup/vec2text_gtr-base-st_corrector
1114819,what is durable medical equipment consist of,"manufacturers define a physical manufacturer for medical devices (e.g., biomedical devices, n-sensor-composure",CosineGECO,1,0.001,physical manufacturer definition for medical devices,msmarco-passage/train,ielabgroup/vec2text_gtr-base-st_corrector
1114819,what is durable medical equipment consist of,"True exercise equipment, or",CosineGECO,1,0.001,true exercise equipment,msmarco-passage/train,ielabgroup/vec2text_gtr-base-st_corrector
1114819,what is durable medical equipment consist of,"homogeneous material is a material (e.g., a mixture of materials, known as ductile simulonens",CosineGECO,1,0.001,what is homogeneous material,msmarco-passage/train,ielabgroup/vec2text_gtr-base-st_corrector
1114819,what is durable medical equipment consist of,blood cells consist primarily of white blood cells (WHCs) and a number of other ionotrophic substances. They contain,CosineGECO,1,0.001,what do white blood cells consist primarily of,msmarco-passage/train,ielabgroup/vec2text_gtr-base-st_corrector
1114819,what is durable medical equipment consist of,What Dismemberment Coverage (sometimes spelled as dismemberment coverage) means is a warranty that is offered to a patient or medical,CosineGECO,1,0.001,what does dismemberment coverage mean,msmarco-passage/train,ielabgroup/vec2text_gtr-base-st_corrector
183378,exons definition biology,Base (poison) A base is a base and an exponent is a physicist known as a base,CosineGECO,1,0.001,what is a base and what is an exponent,msmarco-passage/train,ielabgroup/vec2text_gtr-base-st_corrector
183378,exons definition biology,"biologists, the definition of saprophyte is a phylogeny of plants and their ability to form subclasses of organic",CosineGECO,1,0.001,saprophyte definition biology,msmarco-passage/train,ielabgroup/vec2text_gtr-base-st_corrector
183378,exons definition biology,"(known as segregation) of biology and etiology, segregation is a method of dividing organisms and their distribution",CosineGECO,1,0.001,what is segregation biology,msmarco-passage/train,ielabgroup/vec2text_gtr-base-st_corrector
183378,exons definition biology,"definition of diversity biology (biology, chemistry, biology, physics, medicine, chemistry, biology) is a collection of biological animals present",CosineGECO,1,0.001,diversity definition biology,msmarco-passage/train,ielabgroup/vec2text_gtr-base-st_corrector
183378,exons definition biology,a phonon (also known as a phonon) is a form of a cellulosa or a plasma,CosineGECO,1,0.001,what is a phonon,msmarco-passage/train,ielabgroup/vec2text_gtr-base-st_corrector
183378,exons definition biology,"biology, a definition of gene sequencing is the process of organising the DNA sequences of a human organ into their later order (odes",CosineGECO,1,0.001,gene sequencing definition biology,msmarco-passage/train,ielabgroup/vec2text_gtr-base-st_corrector
183378,exons definition biology,Oncogenes are a group of phenotypes and biomarkers of cancers and eulogy called oncogen,CosineGECO,1,0.001,what are oncogenes,msmarco-passage/train,ielabgroup/vec2text_gtr-base-st_corrector
183378,exons definition biology,definition of a gene  biology           GCSE,CosineGECO,1,0.001,gene definition biology gcse,msmarco-passage/train,ielabgroup/vec2text_gtr-base-st_corrector
183378,exons definition biology,definition of expository Expository is the eloquent and readable use of the English language to express or disprove facts and statements by,CosineGECO,1,0.001,define expository dictionary,msmarco-passage/train,ielabgroup/vec2text_gtr-base-st_corrector
183378,exons definition biology,a recessive definition in biology. This is defined by the fact that a pair of ressidants live opposite,CosineGECO,1,0.001,recessive biology definition,msmarco-passage/train,ielabgroup/vec2text_gtr-base-st_corrector
1106007,define visceral?,"nerv  nerv is a defined apex of the nervous system, especially the nervy lonequi",CosineGECO,1,0.001,nerv definition,msmarco-passage/train,ielabgroup/vec2text_gtr-base-st_corrector
1106007,define visceral?,(Varanthema ventral) are a set of bones and organs of the valvular cord through the ventral bone definition,CosineGECO,1,0.001,ventral cord definition,msmarco-passage/train,ielabgroup/vec2text_gtr-base-st_corrector
1106007,define visceral?,meaning of the word            – Veracious,CosineGECO,1,0.001,meaning of veracious,msmarco-passage/train,ielabgroup/vec2text_gtr-base-st_corrector
1106007,define visceral?,"meaning 'volatile', is a compass that has a very strong meaning in the meaning of a candle or other liquid",CosineGECO,1,0.001,what does volatile mean ?,msmarco-passage/train,ielabgroup/vec2text_gtr-base-st_corrector
1106007,define visceral?,Vary for Polaris and the Super known as Vor/VP Vor/VP is a telegraphic data tracking system for,CosineGECO,1,0.001,what is vor,msmarco-passage/train,ielabgroup/vec2text_gtr-base-st_corrector
1106007,define visceral?,(viscosity)  (viscosity) is a defined permeability of the surfaces of aqueous rubber,CosineGECO,1,0.001,define 'viscosity,msmarco-passage/train,ielabgroup/vec2text_gtr-base-st_corrector
1106007,define visceral?,"definition (e.g., p, v, vj, vj): a volcano is an area of",CosineGECO,1,0.001,volcano definition,msmarco-passage/train,ielabgroup/vec2text_gtr-base-st_corrector
1106007,define visceral?,"defined as peptic ulcer, a type of septic oculosis of the stomach that produces a refractive",CosineGECO,1,0.001,define peptic ulcer,msmarco-passage/train,ielabgroup/vec2text_gtr-base-st_corrector
1106007,define visceral?,defining a group of deviants (a.k.a. deviants) are evil wizards and paranormals. Penguins,CosineGECO,1,0.001,define deviants,msmarco-passage/train,ielabgroup/vec2text_gtr-base-st_corrector
1106007,define visceral?,"(Venetian sex and Joan Blanco) venereal disease venereal disease is a conflation of venereal diseases meaning """,CosineGECO,1,0.001,venereal disease meaning,msmarco-passage/train,ielabgroup/vec2text_gtr-base-st_corrector
1124210,tracheids are part of _____.,"System, whose arteries are apart, liver is part of the liquor system, and other complex systems based on aging and",CosineGECO,1,0.001,what system is liver apart of,msmarco-passage/train,ielabgroup/vec2text_gtr-base-st_corrector
1124210,tracheids are part of _____.,which structures of attachment are used in microbes that lead to utracis and tetrachosis causing inactivation,CosineGECO,1,0.001,which structures are used for attachment in microbes causing utis?,msmarco-passage/train,ielabgroup/vec2text_gtr-base-st_corrector
1124210,tracheids are part of _____.,"which is part of the brain that connects to both hemispheres, the brain connects to the cleft hemisphere.",CosineGECO,1,0.001,what part of the brain connects both hemispheres?,msmarco-passage/train,ielabgroup/vec2text_gtr-base-st_corrector
1124210,tracheids are part of _____.,"a group of organs that perform a common function – they are a common abrasive branch, but it is still",CosineGECO,1,0.001,is a group of organs that perform a common function,msmarco-passage/train,ielabgroup/vec2text_gtr-base-st_corrector
1124210,tracheids are part of _____.,"when a trachea is placed on a stout, dry, or a sweat chamber. The trachea located",CosineGECO,1,0.001,where is a trachea placed,msmarco-passage/train,ielabgroup/vec2text_gtr-base-st_corrector
1124210,tracheids are part of _____.,which part of the nervous system consists of a variety of receptors and processes for which the nervous system and nerves are a part.,CosineGECO,1,0.001,the part of the nervous system that consists of various nerve processes and receptors in the _____________ nervous system.,msmarco-passage/train,ielabgroup/vec2text_gtr-base-st_corrector
1124210,tracheids are part of _____.,"the parts of a guid are what makes up the Active Directory, and the guids that guide the members of the guid",CosineGECO,1,0.001,what makes up the parts of a active directory guid,msmarco-passage/train,ielabgroup/vec2text_gtr-base-st_corrector
1124210,tracheids are part of _____.,"The parts of the body that make up the core of the body – such as the femur, the heart, and the upper body",CosineGECO,1,0.001,which parts of the body make up the core of the body,msmarco-passage/train,ielabgroup/vec2text_gtr-base-st_corrector
1124210,tracheids are part of _____.,The system to which the thymus belongs is the thymus (as a system in a cuneiform organ,CosineGECO,1,0.001,what system does the thymus belong in,msmarco-passage/train,ielabgroup/vec2text_gtr-base-st_corrector
1124210,tracheids are part of _____.,structures in c. f. t. g. a. The thalamus and the hypothalamus are found in,CosineGECO,1,0.001,the thalamus and the hypothalamus are structures found in the ________.,msmarco-passage/train,ielabgroup/vec2text_gtr-base-st_corrector
490595,rsa definition key,RPR (Pearlsea-Puron) RPR is a virtual reality simulator. It is a feature of many automobile,CosineGECO,1,0.001,what is rpr,msmarco-passage/train,ielabgroup/vec2text_gtr-base-st_corrector
490595,rsa definition key,a phosphoryl-B-polypeptide molecule. BSA molecule is defined as one of the atoms of the chain,CosineGECO,1,0.001,"BSA molecule, definition",msmarco-passage/train,ielabgroup/vec2text_gtr-base-st_corrector
490595,rsa definition key,rheumoral systolic dissension syndrome (RSD) and CRPs. This stands for medical or diagnostic,CosineGECO,1,0.001,what does rsd/crps stand for in medical terms,msmarco-passage/train,ielabgroup/vec2text_gtr-base-st_corrector
490595,rsa definition key,"a surface rms. Described by Bessandra et al., surface rms is an electrical",CosineGECO,1,0.001,surface rms definition,msmarco-passage/train,ielabgroup/vec2text_gtr-base-st_corrector
490595,rsa definition key,"a HIFA-ASD grant, a HIFA-ASD grant, is a multi-annual medical research grant that grants",CosineGECO,1,0.001,what is a hisa grant,msmarco-passage/train,ielabgroup/vec2text_gtr-base-st_corrector
490595,rsa definition key,stand for medical abbreviation mAr. The abbreviation mArrar ra is a general acronym,CosineGECO,1,0.001,what does the abbreviation mra in medical terms stand for?,msmarco-passage/train,ielabgroup/vec2text_gtr-base-st_corrector
490595,rsa definition key,"stand for Sub-Admiral and Rifle in the Army, and the name SRA stands for Combat Troop Sergeant-at-",CosineGECO,1,0.001,what does sra stand for in the military,msmarco-passage/train,ielabgroup/vec2text_gtr-base-st_corrector
490595,rsa definition key,"The Ausa, a group of private and international researchers led by U.S. Ambassador to Afghanistan, The ASAA. The Ausa is",CosineGECO,1,0.001,who is the ausa,msmarco-passage/train,ielabgroup/vec2text_gtr-base-st_corrector
490595,rsa definition key,a disease called msa (mammary sclerosis). This disease is called musculoskeletal ataxia (MS,CosineGECO,1,0.001,what is a disease called msa,msmarco-passage/train,ielabgroup/vec2text_gtr-base-st_corrector
490595,rsa definition key,ERSI e-insurance coverage is insurance policy and a rolled-off E-ISA Disbursement Insurance Program. ERSI,CosineGECO,1,0.001,what is erisa insurance coverage?,msmarco-passage/train,ielabgroup/vec2text_gtr-base-st_corrector
1103812,who formed the commonwealth of independent states,"what was the first form of government for the newly independent United States, pending the ratification of the U.S.-independent presidential",CosineGECO,1,0.001,what was the first form of government for the newly independent united states?,msmarco-passage/train,ielabgroup/vec2text_gtr-base-st_corrector
1103812,who formed the commonwealth of independent states,"of the American revolution, who was the main leader of the American independence, a.k.a. A.O. Bennet, remained",CosineGECO,1,0.001,who was the main leader of the american independence,msmarco-passage/train,ielabgroup/vec2text_gtr-base-st_corrector
1103812,who formed the commonwealth of independent states,"a statement as to who was the first nation to declare that nature has constitutional rights, “Nature has rights to the rights of equa",CosineGECO,1,0.001,what was the first nation to declare nature has constitutional rights,msmarco-passage/train,ielabgroup/vec2text_gtr-base-st_corrector
1103812,who formed the commonwealth of independent states,"year of 1776, the year America strove to get its independence from the U.S. and the United States of America voted for it",CosineGECO,1,0.001,what year did america get its independence,msmarco-passage/train,ielabgroup/vec2text_gtr-base-st_corrector
1103812,who formed the commonwealth of independent states,"more than 2,500 signed the De facto Dec of Independence (sold on New Year's Day). Approximately 158 people signed the independence",CosineGECO,1,0.001,how many signed the dec of independence,msmarco-passage/train,ielabgroup/vec2text_gtr-base-st_corrector
1103812,who formed the commonwealth of independent states,"when the new system of public education (Core) was introduced, Common Core was introduced in 1648 and subsequently reintroduced",CosineGECO,1,0.001,when was common core introduced,msmarco-passage/train,ielabgroup/vec2text_gtr-base-st_corrector
1103812,who formed the commonwealth of independent states,"of the State of Nebraska, which reached its southwestern end after the State of Oregon departed to the northwest, became a Northwest territory in 18",CosineGECO,1,0.001,what state became a state in the northwest territory,msmarco-passage/train,ielabgroup/vec2text_gtr-base-st_corrector
1103812,who formed the commonwealth of independent states,"(who invented vegemite, a vegae pheromycote and jameth) in Australia",CosineGECO,1,0.001,who invented vegemite,msmarco-passage/train,ielabgroup/vec2text_gtr-base-st_corrector
1103812,who formed the commonwealth of independent states,"who is the father of the United States Constitution, or of the man who birthed the new constitution, and American president, William A. Mend",CosineGECO,1,0.001,who is the father of the us constitution,msmarco-passage/train,ielabgroup/vec2text_gtr-base-st_corrector
1103812,who formed the commonwealth of independent states,"where civilization appears independently on the world's surface, i.e. in the time of Rome and Egypt and when they may have come independently beginning",CosineGECO,1,0.001,when and where does civilization appear independently in the world,msmarco-passage/train,ielabgroup/vec2text_gtr-base-st_corrector
87181,causes of left ventricular hypertrophy,tachycardia (a tachycardia tachycardia) (atrial atria) causes,CosineGECO,1,0.001,atrial tachycardia causes,msmarco-passage/train,ielabgroup/vec2text_gtr-base-st_corrector
87181,causes of left ventricular hypertrophy,lumbar facet syndrome is caused as a result of a back-lumbar motion pattern. The lumbar facet syndrome causes,CosineGECO,1,0.001,lumbar facet syndrome causes,msmarco-passage/train,ielabgroup/vec2text_gtr-base-st_corrector
87181,causes of left ventricular hypertrophy,"a cause of de curvagagagènesis, or a cause of Quervain's syndrome",CosineGECO,1,0.001,what causes de quervain's syndrome?,msmarco-passage/train,ielabgroup/vec2text_gtr-base-st_corrector
87181,causes of left ventricular hypertrophy,"cause extreme long-term fatigue. In addition, a high level of low-level lactic acid and high levels of low-fatigue induced",CosineGECO,1,0.001,cause for extreme long term fatigue,msmarco-passage/train,ielabgroup/vec2text_gtr-base-st_corrector
87181,causes of left ventricular hypertrophy,"(caused by a combination of oblique facial femurs, cirrhosis) causes cleft lip",CosineGECO,1,0.001,causes of cleft lip,msmarco-passage/train,ielabgroup/vec2text_gtr-base-st_corrector
87181,causes of left ventricular hypertrophy,hardening of the arteries. This is caused by a change in the hardness of the arteries (abdomasis),CosineGECO,1,0.001,hardening of the arteries causes,msmarco-passage/train,ielabgroup/vec2text_gtr-base-st_corrector
87181,causes of left ventricular hypertrophy,"a result of a high concentration of blood-containing a blood circulating blood, the most common cause of secondary hypertension is the second",CosineGECO,1,0.001,what is the most common cause of secondary hypertension,msmarco-passage/train,ielabgroup/vec2text_gtr-base-st_corrector
87181,causes of left ventricular hypertrophy,causes of superficial thrombosis. This causes thrombosis (apnea-apnea-blood conditions,CosineGECO,1,0.001,causes for superficial thrombosis,msmarco-passage/train,ielabgroup/vec2text_gtr-base-st_corrector
87181,causes of left ventricular hypertrophy,"causes by a high adipose, a high adipose, or elevated triglycerides",CosineGECO,1,0.001,causes for elevated triglycerides,msmarco-passage/train,ielabgroup/vec2text_gtr-base-st_corrector
87181,causes of left ventricular hypertrophy,"causes luminous. Luminasm is a result of exposure to light, such as a liquid or water-induced lactic shock.",CosineGECO,1,0.001,what causes  luminous,msmarco-passage/train,ielabgroup/vec2text_gtr-base-st_corrector
443396,lps laws definition,"(tls), a defined definition of a tyron-fascible vehicle (tyron-space",CosineGECO,1,0.001,define tls,msmarco-passage/train,ielabgroup/vec2text_gtr-base-st_corrector
443396,lps laws definition,"type of law which Carlos Padron practices is a symbiosis of the laws of the ""Corpo Federal"" (",CosineGECO,1,0.001,what type of law does carlos padron practice,msmarco-passage/train,ielabgroup/vec2text_gtr-base-st_corrector
443396,lps laws definition,"Generally, the primary source of law for agency law (Citizens’ Research Institute, et al., 95) is agency",CosineGECO,1,0.001,what is the primary source of law for agency law,msmarco-passage/train,ielabgroup/vec2text_gtr-base-st_corrector
443396,lps laws definition,ERP Law . It is a system of information and re-enrichment of technology. ERP Law is a law,CosineGECO,1,0.001,what is erp law,msmarco-passage/train,ielabgroup/vec2text_gtr-base-st_corrector
443396,lps laws definition,"known as Space law, it is a fictitious organization of ionosciences which focuses on the processes of space law",CosineGECO,1,0.001,what is space law,msmarco-passage/train,ielabgroup/vec2text_gtr-base-st_corrector
443396,lps laws definition,"a Classified Event by the Office of the Control and Regulation of Laws, a legislative event is classified as a statewide event",CosineGECO,1,0.001,what is classified as a legislative event,msmarco-passage/train,ielabgroup/vec2text_gtr-base-st_corrector
443396,lps laws definition,CPs CPs (also known as plcs) are a family of machine-coded fluids and biochemical systems that feature,CosineGECO,1,0.001,what are plcs,msmarco-passage/train,ielabgroup/vec2text_gtr-base-st_corrector
443396,lps laws definition,(Lisp) is a morphology of the telomere and a graphical information processor known as cdsp,CosineGECO,1,0.001,what is lisp,msmarco-passage/train,ielabgroup/vec2text_gtr-base-st_corrector
443396,lps laws definition,(gdp/lsa) is a mortgage on a property and a LDSA mortgage on a mortgage securing,CosineGECO,1,0.001,what is a ldp/gsa in mortgages,msmarco-passage/train,ielabgroup/vec2text_gtr-base-st_corrector
443396,lps laws definition,"if they change a law, . . . . . . . . legislators do change laws governing",CosineGECO,1,0.001,do legislators change laws,msmarco-passage/train,ielabgroup/vec2text_gtr-base-st_corrector
1121709,what are the three percenters?,"definitions, known as three-point contact, three-point contact is a form of contact between a person or a point of error",CosineGECO,1,0.001,three point contact definition,msmarco-passage/train,ielabgroup/vec2text_gtr-base-st_corrector
1121709,what are the three percenters?,issue that was addressed by the Three-Fifths compromise — the three-fifths compromise — remained in force today.,CosineGECO,1,0.001,what issue was addressed by the three-fifths compromise?,msmarco-passage/train,ielabgroup/vec2text_gtr-base-st_corrector
1121709,what are the three percenters?,"a person, Patreon now takes a percentage of patreon (approximately 0.25%) or biodetails",CosineGECO,1,0.001,what percentage does patreon take,msmarco-passage/train,ielabgroup/vec2text_gtr-base-st_corrector
1121709,what are the three percenters?,"a shape with three sides (shapes, ellipso-corallel, and triangle) is called a",CosineGECO,1,0.001,what is a shape with 3 sides called,msmarco-passage/train,ielabgroup/vec2text_gtr-base-st_corrector
1121709,what are the three percenters?,is 3 years old (or a 3rd-grader may be a 5 - 7 - 8 - 9 -,CosineGECO,1,0.001,how old is a 3rd grader,msmarco-passage/train,ielabgroup/vec2text_gtr-base-st_corrector
1121709,what are the three percenters?,"who was the thirty-third president of the United States, or, more formally, the thirty-ninth President of the United States of America",CosineGECO,1,0.001,who was the thirty third president of the united states?,msmarco-passage/train,ielabgroup/vec2text_gtr-base-st_corrector
1121709,what are the three percenters?,a theory in adolescence called the “third force” in personality is called the “personality theory”. The theory connects,CosineGECO,1,0.001,______________ theory is called the third force in personality theory,msmarco-passage/train,ielabgroup/vec2text_gtr-base-st_corrector
1121709,what are the three percenters?,"three areas in which personality tests are used (e.g., personality tests are used to assess a person's personality and can be used",CosineGECO,1,0.001,three areas where personality tests are used,msmarco-passage/train,ielabgroup/vec2text_gtr-base-st_corrector
1121709,what are the three percenters?,"earth's outer layer (e.g., deep earth, snow, and sulphur) are three major layers of the Earth's",CosineGECO,1,0.001,what are three major layers of earth,msmarco-passage/train,ielabgroup/vec2text_gtr-base-st_corrector
1121709,what are the three percenters?,"which are the three heads of the flexor digitorum superficialis, the flexor fascia, and the aphdium",CosineGECO,1,0.001,what are the three heads of the flexor digitorum superficialis?,msmarco-passage/train,ielabgroup/vec2text_gtr-base-st_corrector
87452,causes of military suicide,"due to a gas systolic rage, the cause of death Joseph Joseph rago (Rago)",CosineGECO,1,0.001,cause of death joseph rago,msmarco-passage/train,ielabgroup/vec2text_gtr-base-st_corrector
87452,causes of military suicide,Age limits for adults with a age limit of 57 years and a age limit of 0 years. Licensed to the United States military,CosineGECO,1,0.001,age limits for us military,msmarco-passage/train,ielabgroup/vec2text_gtr-base-st_corrector
87452,causes of military suicide,"was Captain kangaroo (soldier to the janitor of the Australian airfield, kangaroo) in military",CosineGECO,1,0.001,was captain kangaroo in the military,msmarco-passage/train,ielabgroup/vec2text_gtr-base-st_corrector
87452,causes of military suicide,hardly ever worked and the military barbers are commissioned to serve their clients. Usually barbers work 24 hours a week or 3 days,CosineGECO,1,0.001,how often do military barbers work,msmarco-passage/train,ielabgroup/vec2text_gtr-base-st_corrector
87452,causes of military suicide,"why a military allowance (or a monetary allowance for military members) is not taxable, is because it is not taxable and is not",CosineGECO,1,0.001,why is military allowance not taxable,msmarco-passage/train,ielabgroup/vec2text_gtr-base-st_corrector
87452,causes of military suicide,"number of military deaths per year by the U.S. Armed Forces (USAFTA) – 1,827 deaths per year –",CosineGECO,1,0.001,number of military deaths per year,msmarco-passage/train,ielabgroup/vec2text_gtr-base-st_corrector
87452,causes of military suicide,what a military agent does (also known as a military agent) is to collect intelligence on persons and do tasks which they do and who they do,CosineGECO,1,0.001,what does military agents do,msmarco-passage/train,ielabgroup/vec2text_gtr-base-st_corrector
87452,causes of military suicide,"share a need to educate people who are in need of help, especially when we can help them to identify and respond to the indications of suicide by",CosineGECO,1,0.001,how can we educate others to recognise when someone is in need of help from suicide,msmarco-passage/train,ielabgroup/vec2text_gtr-base-st_corrector
87452,causes of military suicide,"how to stop a person from committing suicide, and to send a sane person to a place of death, to stop",CosineGECO,1,0.001,how to stop a person from commiting suicide,msmarco-passage/train,ielabgroup/vec2text_gtr-base-st_corrector
87452,causes of military suicide,"causes of death statistics, including the number of causes of death, health and health risks, age and and a decrease in infant mortality (2019",CosineGECO,1,0.001,causes of death statistics,msmarco-passage/train,ielabgroup/vec2text_gtr-base-st_corrector
855410,what is theraderm used for,"the purpose of thyroid medicine, a medicine is used to guide the treatment of the body's chomonosis and the function of thyroid",CosineGECO,1,0.001,what is the purpose of thyroid medicine,msmarco-passage/train,ielabgroup/vec2text_gtr-base-st_corrector
855410,what is theraderm used for,The drug phenergan is a drug used for the treatment of sedative and ailment and a drug known as peth,CosineGECO,1,0.001,what is the drug phenergan used for,msmarco-passage/train,ielabgroup/vec2text_gtr-base-st_corrector
855410,what is theraderm used for,Meradimate (also known as Meradiradiate) is a nutrient adrenose solvotisant,CosineGECO,1,0.001,what is meradimate,msmarco-passage/train,ielabgroup/vec2text_gtr-base-st_corrector
855410,what is theraderm used for,"turmeric herb is a good cure for a number of bowel diseases and a home condition such as hay and sweat, turmeric is",CosineGECO,1,0.001,what is turmeric herb good for,msmarco-passage/train,ielabgroup/vec2text_gtr-base-st_corrector
855410,what is theraderm used for,"use of irradiation, such as in the manufacture of appliances and to clean clean food, radon is one of the uses of",CosineGECO,1,0.001,what are the uses of radon,msmarco-passage/train,ielabgroup/vec2text_gtr-base-st_corrector
855410,what is theraderm used for,"used with a duracarin, and Ulexex is used for glucifying chemicals during childbirth. Durex is used",CosineGECO,1,0.001,what is durex used for,msmarco-passage/train,ielabgroup/vec2text_gtr-base-st_corrector
855410,what is theraderm used for,"for the use of a turbium ointment, ceearyl alcohol is used as a perfume and a product",CosineGECO,1,0.001,what is cetearyl alcohol used for,msmarco-passage/train,ielabgroup/vec2text_gtr-base-st_corrector
855410,what is theraderm used for,thalidomide was prescribed as a treatment for Hepatitis Acute and Sedimentary Disease. Hepatitis A,CosineGECO,1,0.001,what was thalidomide prescribed for,msmarco-passage/train,ielabgroup/vec2text_gtr-base-st_corrector
855410,what is theraderm used for,"in the areas of osmium, a used oil and other energy resources. When used, osmium is used as",CosineGECO,1,0.001,where is osmium used,msmarco-passage/train,ielabgroup/vec2text_gtr-base-st_corrector
855410,what is theraderm used for,"(a crucible) is used for a variety of purposes, such as a crucible, a crucible is used for",CosineGECO,1,0.001,what is a crucible used for,msmarco-passage/train,ielabgroup/vec2text_gtr-base-st_corrector
1114646,what is famvir prescribed for,Viracept Viracept (formerly virapcepte and virograte) is a medication of the brain which,CosineGECO,1,0.001,what is viracept,msmarco-passage/train,ielabgroup/vec2text_gtr-base-st_corrector
1114646,what is famvir prescribed for,"(BpV), a folic acid drug, Ferritin tests for ferritonitis and to determine whether a certain protein",CosineGECO,1,0.001,what does ferritin test for,msmarco-passage/train,ielabgroup/vec2text_gtr-base-st_corrector
1114646,what is famvir prescribed for,"to treat a prescription of the medication, the bentyl BDiryl Hortamine, which is used for patients suffering from a prescription",CosineGECO,1,0.001,what is the prescription bentyl used for,msmarco-passage/train,ielabgroup/vec2text_gtr-base-st_corrector
1114646,what is famvir prescribed for,Atropine is given for preventing or limiting pain from spleening and cranial ataxia in children. Atropine,CosineGECO,1,0.001,what is atropine given for,msmarco-passage/train,ielabgroup/vec2text_gtr-base-st_corrector
1114646,what is famvir prescribed for,"thrush, Xeroxamonethione, is prescribed to treat bacterial thrush and a bacillary",CosineGECO,1,0.001,what is prescribed to treat thrush,msmarco-passage/train,ielabgroup/vec2text_gtr-base-st_corrector
1114646,what is famvir prescribed for,of Vetmedin (Vetmedin) is a veterinary medicine supplement that is a potentiary medicine for women and young,CosineGECO,1,0.001,what is vetmedin,msmarco-passage/train,ielabgroup/vec2text_gtr-base-st_corrector
1114646,what is famvir prescribed for,fampridine fampridine is a bacteriological drug of the fecal-brain aqueduct,CosineGECO,1,0.001,what is fampridine,msmarco-passage/train,ielabgroup/vec2text_gtr-base-st_corrector
1114646,what is famvir prescribed for,for valsartan and valsartan-syrupone. Valsartan is used for the treatment of chronic inflammation,CosineGECO,1,0.001,what is valsartan for?,msmarco-passage/train,ielabgroup/vec2text_gtr-base-st_corrector
1114646,what is famvir prescribed for,"medication is fluorouracil, which is a stifl-type fluoride-neuromonasal-type",CosineGECO,1,0.001,what type of medication is fluorouracil,msmarco-passage/train,ielabgroup/vec2text_gtr-base-st_corrector
1114646,what is famvir prescribed for,aliquinone or thodamicycline antibiotic is prescribed for sinus aches and spiroconus and other sinus,CosineGECO,1,0.001,which antibiotic is prescribed for sinus infection,msmarco-passage/train,ielabgroup/vec2text_gtr-base-st_corrector
19335,anthropological definition of environment,"by enforcing a system of work-environment programs, culture shapes workplace environment by helping to shape and shape work and how it affect",CosineGECO,1,0.001,how does culture shape work environment,msmarco-passage/train,ielabgroup/vec2text_gtr-base-st_corrector
19335,anthropological definition of environment,"what it means to a person from our equine to our equine life, an introduction to human cultural geography or cultural geography is",CosineGECO,1,0.001,what does introduction to human cultural geography means,msmarco-passage/train,ielabgroup/vec2text_gtr-base-st_corrector
19335,anthropological definition of environment,"equilibrium definition. In biology, a balance of ratios ()/ ()/ ()/ is an organism ecology",CosineGECO,1,0.001,equilibrium ecology definition,msmarco-passage/train,ielabgroup/vec2text_gtr-base-st_corrector
19335,anthropological definition of environment,"the most common nebula,  (contemporary antecedents)  (casual antecedent)",CosineGECO,1,0.001,casual antecedents definition,msmarco-passage/train,ielabgroup/vec2text_gtr-base-st_corrector
19335,anthropological definition of environment,"the definition of culture, which includes , , , , , , , , and , a defining statement",CosineGECO,1,0.001,the definition of culture includes,msmarco-passage/train,ielabgroup/vec2text_gtr-base-st_corrector
19335,anthropological definition of environment,(E.G.           ) is ecological,CosineGECO,1,0.001,what is ecological,msmarco-passage/train,ielabgroup/vec2text_gtr-base-st_corrector
19335,anthropological definition of environment,(also known as assemblage) is a form of a chemical compound that is part of the genome of Michael Grieskind (the late,CosineGECO,1,0.001,what is assemblage,msmarco-passage/train,ielabgroup/vec2text_gtr-base-st_corrector
19335,anthropological definition of environment,"(Hassen-Hollwegic) – a definition of holistic – a natural, hypothetical, pragmatological presentation",CosineGECO,1,0.001,holistic definition,msmarco-passage/train,ielabgroup/vec2text_gtr-base-st_corrector
19335,anthropological definition of environment,"behavioral adaptations, organisms need resources from their environment to which they can adapt and what resources they need to eat and what they can eat from",CosineGECO,1,0.001,behavioral adaptations what resources do organisms need from their environment,msmarco-passage/train,ielabgroup/vec2text_gtr-base-st_corrector
19335,anthropological definition of environment,"which is the process by which the environment is reduced in quantity and quality — i.e., the amount of enhancing —",CosineGECO,1,0.001,what is the process by which the environment is reduced in quantity and quality?,msmarco-passage/train,ielabgroup/vec2text_gtr-base-st_corrector
47923,axon terminals or synaptic knob definition,a cellular automaton is a cellular-sector-cell automaton that is a biochemical automaton of a force,CosineGECO,1,0.001,what is a cellular automaton,msmarco-passage/train,ielabgroup/vec2text_gtr-base-st_corrector
47923,axon terminals or synaptic knob definition,"how an electrical signal is propagated, it is then propagated through electrical synapses or synapses to a neuronal segment",CosineGECO,1,0.001,how an electrical signal is propagated through electrical synapses,msmarco-passage/train,ielabgroup/vec2text_gtr-base-st_corrector
47923,axon terminals or synaptic knob definition,means that strop means a type of bacterium that is associated with a grain called a bacterium and it has the name,CosineGECO,1,0.001,what does strop mean,msmarco-passage/train,ielabgroup/vec2text_gtr-base-st_corrector
47923,axon terminals or synaptic knob definition,Nodes in logitics (or nodes logitics) is a key component of a cluster in a spaceship involving no,CosineGECO,1,0.001,what is nodes in logitics,msmarco-passage/train,ielabgroup/vec2text_gtr-base-st_corrector
47923,axon terminals or synaptic knob definition,"tachyon nexus neon krypton axon. , tachyon",CosineGECO,1,0.001,tachyon nexus,msmarco-passage/train,ielabgroup/vec2text_gtr-base-st_corrector
47923,axon terminals or synaptic knob definition,definition of the word root medical terminology root is a subset of medical terminology used in medicine and veterinary medicine to define a center of cyto,CosineGECO,1,0.001,define word root medical terminology,msmarco-passage/train,ielabgroup/vec2text_gtr-base-st_corrector
47923,axon terminals or synaptic knob definition,axil botany. (Axiophyll) is a definition of the physiology of plants and a botanical,CosineGECO,1,0.001,axil botany definition,msmarco-passage/train,ielabgroup/vec2text_gtr-base-st_corrector
47923,axon terminals or synaptic knob definition,definition (Anexes) (a.k.a. apexes) is a defined occurrence of nex,CosineGECO,1,0.001,definition of annexes,msmarco-passage/train,ielabgroup/vec2text_gtr-base-st_corrector
47923,axon terminals or synaptic knob definition,Trind nail balsom Trind nail balsom is a vascular elongated nut crush that is known as thorn,CosineGECO,1,0.001,what is trind nail balsom,msmarco-passage/train,ielabgroup/vec2text_gtr-base-st_corrector
47923,axon terminals or synaptic knob definition,Adaptive switches Adaptive switches (      ) are a group of switches on synthetic,CosineGECO,1,0.001,what are adaptive switches,msmarco-passage/train,ielabgroup/vec2text_gtr-base-st_corrector
405717,is cdg airport in main paris,which airport code 'CMI' stands for 'Chinese Ignition Airport' and the airport code 'CMI' is,CosineGECO,1,0.001,what does this airport code stand for cmi,msmarco-passage/train,ielabgroup/vec2text_gtr-base-st_corrector
405717,is cdg airport in main paris,"airport in Greenwich, Lindbergh, and Los Angeles, has 'cdg' as its code.",CosineGECO,1,0.001,which airport has the code cdg?,msmarco-passage/train,ielabgroup/vec2text_gtr-base-st_corrector
405717,is cdg airport in main paris,"airport code iAd (i.a.d.) is iAd, i.a., ia",CosineGECO,1,0.001,what airport code is iad,msmarco-passage/train,ielabgroup/vec2text_gtr-base-st_corrector
405717,is cdg airport in main paris,where a small family airplane is landing at Clermont. It is currently a home ground to the 58th and Cornwall-Lilling,CosineGECO,1,0.001,where is clermont landing?,msmarco-passage/train,ielabgroup/vec2text_gtr-base-st_corrector
405717,is cdg airport in main paris,"which singapore's main airport, i.e., singapore Airport, soldang",CosineGECO,1,0.001,which main airport in singapore,msmarco-passage/train,ielabgroup/vec2text_gtr-base-st_corrector
405717,is cdg airport in main paris,at the airport (Florida-Orlando-Caribbean-Marion-Ft. Orlando) which is located Destin,CosineGECO,1,0.001,where is destin florida located airport,msmarco-passage/train,ielabgroup/vec2text_gtr-base-st_corrector
405717,is cdg airport in main paris,naming of the airport in the city of Atlanta which is a stowable g.f. that is known as the Atlant,CosineGECO,1,0.001,what is the name of the airport in atlanta,msmarco-passage/train,ielabgroup/vec2text_gtr-base-st_corrector
405717,is cdg airport in main paris,is the Las Vegas Convention Center (Avril Lamar CDC) airport skate-show complex that has a shuttle car service,CosineGECO,1,0.001,does las vegas convention center have airport shuttle,msmarco-passage/train,ielabgroup/vec2text_gtr-base-st_corrector
405717,is cdg airport in main paris,"airport commission, the Airport Inquiry Commission, a statutory complaint complaint, notified the public on Monday, October 31, 2015. Westfield Airport",CosineGECO,1,0.001,westfield airport commission,msmarco-passage/train,ielabgroup/vec2text_gtr-base-st_corrector
405717,is cdg airport in main paris,"a number of cars, including the Dakil-Richardsen and Ford vehicles, use gcdi engine GDI",CosineGECO,1,0.001,which cars uses gdci engine,msmarco-passage/train,ielabgroup/vec2text_gtr-base-st_corrector
182539,example of monotonic function,"a criterion, the Mechanistic Society is an example of a mechanistic organization. It is a well-known example",CosineGECO,1,0.001,what is an example of a mechanistic organization,msmarco-passage/train,ielabgroup/vec2text_gtr-base-st_corrector
182539,example of monotonic function,(e.g. regressive) tax is a tax that imposes a progressive tax on income and cost. Example is,CosineGECO,1,0.001,what is regressive tax and example,msmarco-passage/train,ielabgroup/vec2text_gtr-base-st_corrector
182539,example of monotonic function,"independent clauses and independent clauses (disappositions, e.g., ): The dependent clause is an example of",CosineGECO,1,0.001,dependent independent clauses examples,msmarco-passage/train,ielabgroup/vec2text_gtr-base-st_corrector
182539,example of monotonic function,"ad-verbs (chronol, riddle) is an example of using adverbs in an example",CosineGECO,1,0.001,what is a adverbs example,msmarco-passage/train,ielabgroup/vec2text_gtr-base-st_corrector
182539,example of monotonic function,who is a typical case is an example. A common example is a child who is a child born prematurely and who is a member,CosineGECO,1,0.001,what is a typical case example,msmarco-passage/train,ielabgroup/vec2text_gtr-base-st_corrector
182539,example of monotonic function,additive identity of function,CosineGECO,1,0.001,additive identity of function,msmarco-passage/train,ielabgroup/vec2text_gtr-base-st_corrector
182539,example of monotonic function,"definition of system of cartesian coordinates, is an example of a system of compass coordinates (patterns and yawing",CosineGECO,1,0.001,definition and example of cartesian coordinates system,msmarco-passage/train,ielabgroup/vec2text_gtr-base-st_corrector
182539,example of monotonic function,(i.e. a p53 RNA encoding a fascillion) is an example of a cod,CosineGECO,1,0.001,what is an example of a codon,msmarco-passage/train,ielabgroup/vec2text_gtr-base-st_corrector
182539,example of monotonic function,"(difference hypothesis) is an example of a hypothesis (as a result of a hypothesis). For example, Hirsh",CosineGECO,1,0.001,what is difference hypothesis example,msmarco-passage/train,ielabgroup/vec2text_gtr-base-st_corrector
182539,example of monotonic function,(i.e. reasoning is a logical example of reasoning). An example of logical reasoning is if someone identifies his condition,CosineGECO,1,0.001,what is logical reasoning example,msmarco-passage/train,ielabgroup/vec2text_gtr-base-st_corrector
1113437,what is physical description of spruce,"A steep , formerly named , is a nutrient-rich sprinkle of a starch",CosineGECO,1,0.001,what is a steep,msmarco-passage/train,ielabgroup/vec2text_gtr-base-st_corrector
1113437,what is physical description of spruce,"a number of physical processes, such as CINUS, chemistry, and chemistry, physical processes (known as physical processes) are physical processes",CosineGECO,1,0.001,what are physical processes,msmarco-passage/train,ielabgroup/vec2text_gtr-base-st_corrector
1113437,what is physical description of spruce,"are not physical sciences, but a method to manipulate the results of environmental engineering, e.g. Environmental Engineering, is a physical science",CosineGECO,1,0.001,is environmental engineering a physical science,msmarco-passage/train,ielabgroup/vec2text_gtr-base-st_corrector
1113437,what is physical description of spruce,"characteristic feature of the phylum Porifera, which is a common feature of phylobiotes, phylobiotes",CosineGECO,1,0.001,what is a common feature of phylum porifera,msmarco-passage/train,ielabgroup/vec2text_gtr-base-st_corrector
1113437,what is physical description of spruce,"which the botany phenomenon in general is based on, and relies primarily on, a general understanding of physics. Physiologic",CosineGECO,1,0.001,which botany phenomenon is primarily based on an understanding of physics?,msmarco-passage/train,ielabgroup/vec2text_gtr-base-st_corrector
1113437,what is physical description of spruce,for plants is Myke. Myke is a plant that is a powerful fungus for elucidating water in calcium-rich,CosineGECO,1,0.001,what is myke for plants,msmarco-passage/train,ielabgroup/vec2text_gtr-base-st_corrector
1113437,what is physical description of spruce,osteophytes (also known as osteophytes) is a group of phylloxerates that are plants with healthy growth,CosineGECO,1,0.001,what is osteophytes,msmarco-passage/train,ielabgroup/vec2text_gtr-base-st_corrector
1113437,what is physical description of spruce,"pisco is a biochemical granulin of oleaf and quinolia that is also known as ""pi",CosineGECO,1,0.001,what is pisco,msmarco-passage/train,ielabgroup/vec2text_gtr-base-st_corrector
1113437,what is physical description of spruce,"known as ste (ste) is a salt-basedoxygen. It is a combination of antimony, nanoparticles",CosineGECO,1,0.001,what is ste,msmarco-passage/train,ielabgroup/vec2text_gtr-base-st_corrector
1113437,what is physical description of spruce,a scup (Spanish for spherical fluid during a drinking period) is a definition of a respi,CosineGECO,1,0.001,scup definition,msmarco-passage/train,ielabgroup/vec2text_gtr-base-st_corrector
1129237,hydrogen is a liquid below what temperature,"the difference between the head temperature when the liquid was first collected and the temperature when it started to boil, and the temp of the portion of the distillate",CosineGECO,1,0.001,what is the difference between the head temperature when the liquid began to boil and the temp when the first portion of the distillate was collected,msmarco-passage/train,ielabgroup/vec2text_gtr-base-st_corrector
1129237,hydrogen is a liquid below what temperature,a temperature of 310 m hotter than the jubilant manoeuvretta was the hottest ever recorded,CosineGECO,1,0.001,hottest temperature ever recorded in the sonoran,msmarco-passage/train,ielabgroup/vec2text_gtr-base-st_corrector
1129237,hydrogen is a liquid below what temperature,Delta temperature (also known as temperature delta) is a temperature of a change in temperature of a cooled atmosphere at a thermodynamic temperature,CosineGECO,1,0.001,what is delta temperature,msmarco-passage/train,ielabgroup/vec2text_gtr-base-st_corrector
1129237,hydrogen is a liquid below what temperature,"at a temperature of 80 °C or above, hypothermia sets in a temperature that may set as it does in winter",CosineGECO,1,0.001,at what temperature does hypothermia set in,msmarco-passage/train,ielabgroup/vec2text_gtr-base-st_corrector
1129237,hydrogen is a liquid below what temperature,77-80 °C (Female Tinterpannis) is the cooking temperature for pork or poultry and at a low temperature,CosineGECO,1,0.001,what is the temperature for cooking pork,msmarco-passage/train,ielabgroup/vec2text_gtr-base-st_corrector
1129237,hydrogen is a liquid below what temperature,"hot steam temperature (hot steam, hot steam, hot steam, hot steam, hot water bicep) or at 100 °C",CosineGECO,1,0.001,hot steam temperature,msmarco-passage/train,ielabgroup/vec2text_gtr-base-st_corrector
1129237,hydrogen is a liquid below what temperature,"187 °F, or the highest temperature you could survive at, you could survive in high temperatures, and you could rely on your food supply",CosineGECO,1,0.001,what is the highest temperature you could survive at,msmarco-passage/train,ielabgroup/vec2text_gtr-base-st_corrector
1129237,hydrogen is a liquid below what temperature,"temperature range is 59 °C to 59 °C, and hulpits are considered for hibiscus",CosineGECO,1,0.001,temperature range for hibiscus,msmarco-passage/train,ielabgroup/vec2text_gtr-base-st_corrector
1129237,hydrogen is a liquid below what temperature,CPU water temperature CPU water temperature (CPU) is a temperature of,CosineGECO,1,0.001,cpu temperature water temperature,msmarco-passage/train,ielabgroup/vec2text_gtr-base-st_corrector
1129237,hydrogen is a liquid below what temperature,"hydrogen is made to dissociate by a number of factors, including hydrogen aqueous hydrogen phosphate. This makes hydrogen dissociate",CosineGECO,1,0.001,what makes hydrogen dissociate,msmarco-passage/train,ielabgroup/vec2text_gtr-base-st_corrector
146187,difference between a mcdouble and a double cheeseburger,is the difference between a dominant and,CosineGECO,1,0.001,what's the difference between a dominant and a masochist,msmarco-passage/train,ielabgroup/vec2text_gtr-base-st_corrector
146187,difference between a mcdouble and a double cheeseburger,"a double helix, which is a double-stranded helium helium, is a pair of inter-wire",CosineGECO,1,0.001,what is a double helix,msmarco-passage/train,ielabgroup/vec2text_gtr-base-st_corrector
146187,difference between a mcdouble and a double cheeseburger,The difference between a serving spoon and a tafty-bolt sputter is a tablespoon vs,CosineGECO,1,0.001,difference between a tablespoon and a serving spoon,msmarco-passage/train,ielabgroup/vec2text_gtr-base-st_corrector
146187,difference between a mcdouble and a double cheeseburger,a difference between a cerameetead and a centamead and a milledipede,CosineGECO,1,0.001,whta the difference between a centipede and a millamead,msmarco-passage/train,ielabgroup/vec2text_gtr-base-st_corrector
146187,difference between a mcdouble and a double cheeseburger,"a difference between CBD oil and cBd, whereas hemp & hemp a difference between cBd.",CosineGECO,1,0.001,what is the difference between hemp oil and cbd?,msmarco-passage/train,ielabgroup/vec2text_gtr-base-st_corrector
146187,difference between a mcdouble and a double cheeseburger,"a person will get malnutrition from undercooked hamburger, which can lead to rheumatoid fever, malnutrition,",CosineGECO,1,0.001,which illness can you get from undercooked hamburger,msmarco-passage/train,ielabgroup/vec2text_gtr-base-st_corrector
146187,difference between a mcdouble and a double cheeseburger,(lightning in the air and a light in the sky / a harpoon) is the difference between lightning and thunder,CosineGECO,1,0.001,what is the difference between lightning and thunder,msmarco-passage/train,ielabgroup/vec2text_gtr-base-st_corrector
146187,difference between a mcdouble and a double cheeseburger,"a difference between a taco and a chalupa, which is a tastup, and tostad",CosineGECO,1,0.001,what is the difference between a chalupa and a tostada,msmarco-passage/train,ielabgroup/vec2text_gtr-base-st_corrector
146187,difference between a mcdouble and a double cheeseburger,"a calorie of 115 calories based on a slounge in the fry, a slider burger carries",CosineGECO,1,0.001,calories in a slider burger,msmarco-passage/train,ielabgroup/vec2text_gtr-base-st_corrector
146187,difference between a mcdouble and a double cheeseburger,"difference between a mantra and a mana, i.e., mandalas are the difference between mantras",CosineGECO,1,0.001,difference between mandala and mantras,msmarco-passage/train,ielabgroup/vec2text_gtr-base-st_corrector
