query_id,text,obfuscatedText,mechanism,epsilon,top_percentile,pivot_query,pool,corrector_model
156493,do goldfish grow,"types of food, goldfish are a food for a high intake of fatty acids such as ruminant grass, cypress",CosineGECO,50,0.001,types of food for goldfish,msmarco-passage/train,ielabgroup/vec2text_gtr-base-st_corrector
156493,do goldfish grow,"the levels of Goldendoodles are different from each other, they are a combination of three types of doodles: golden deluxe (",CosineGECO,50,0.001,what are the different levels of goldendoodles,msmarco-passage/train,ielabgroup/vec2text_gtr-base-st_corrector
156493,do goldfish grow,"largest gold refinery, the Gold Refinery (Golden Concentration and Fluorescence Refinery of Mercantile and a $1",CosineGECO,50,0.001,largest gold refinery,msmarco-passage/train,ielabgroup/vec2text_gtr-base-st_corrector
156493,do goldfish grow,from 0 to 4 m (60 to 270 ft) tall a shark can grow as large as a shark can grow,CosineGECO,50,0.001,how large can a shark grow,msmarco-passage/train,ielabgroup/vec2text_gtr-base-st_corrector
156493,do goldfish grow,"if it is too cold, gold fish will die if they are a bit too cold or if they are in a cold environment",CosineGECO,50,0.001,will gold fish die if its too cold,msmarco-passage/train,ielabgroup/vec2text_gtr-base-st_corrector
156493,do goldfish grow,"things you get when you grow, which grows bigger when you get taller, and cradles, tads, and f",CosineGECO,50,0.001,what grows when you get taller,msmarco-passage/train,ielabgroup/vec2text_gtr-base-st_corrector
156493,do goldfish grow,"is how much light a plant grows, as far as it affects the color of light, i.e., the red/light",CosineGECO,50,0.001,does the color of light affect how much a plant grows?,msmarco-passage/train,ielabgroup/vec2text_gtr-base-st_corrector
156493,do goldfish grow,"a life of 240–240 years, goldfish (Oxygenus cristatus) are a fish with an active energy",CosineGECO,50,0.001,what is the lifespan of a goldfish,msmarco-passage/train,ielabgroup/vec2text_gtr-base-st_corrector
156493,do goldfish grow,"a height of 125 to 125 cm and a length of , the goldfish butterfly tail fishes are a water-flow",CosineGECO,50,0.001,"what is the height,size of a butterfly tail goldfish",msmarco-passage/train,ielabgroup/vec2text_gtr-base-st_corrector
156493,do goldfish grow,"from 0 to 7-8 m in height, Gardenias grow like a big 'Gambinia', and",CosineGECO,50,0.001,how big do gardenias get,msmarco-passage/train,ielabgroup/vec2text_gtr-base-st_corrector
1110199,what is wifi vs bluetooth,Bluetooth usb is a data cd/phono floppy drive and Bluetooth floppy disk that is useful for personal computers,CosineGECO,50,0.001,what is bluetooth usb,msmarco-passage/train,ielabgroup/vec2text_gtr-base-st_corrector
1110199,what is wifi vs bluetooth,"oat bran is a difference between oatmeal and oatmeal, whereas oats and grazing grain are",CosineGECO,50,0.001,difference between oatmeal and oat bran,msmarco-passage/train,ielabgroup/vec2text_gtr-base-st_corrector
1110199,what is wifi vs bluetooth,difference between airway (the air adreneascent and the air axing) and breathing is the difference between lungs,CosineGECO,50,0.001,difference between airway and breathing,msmarco-passage/train,ielabgroup/vec2text_gtr-base-st_corrector
1110199,what is wifi vs bluetooth,"bing (a.k.a. binge) vs. google, the difference between Google and Google is a fact",CosineGECO,50,0.001,what is the difference between google and bing,msmarco-passage/train,ielabgroup/vec2text_gtr-base-st_corrector
1110199,what is wifi vs bluetooth,a difference between what is a 'multiprocessing' and 'multitasking' vs. 'multiprocessing',CosineGECO,50,0.001,what is the difference between multitasking & multiprocessing?,msmarco-passage/train,ielabgroup/vec2text_gtr-base-st_corrector
1110199,what is wifi vs bluetooth,"a history of a wi-fi, and because it is called Wi-Fi, it is referred to as 'wi-",CosineGECO,50,0.001,why is it called wi-fi,msmarco-passage/train,ielabgroup/vec2text_gtr-base-st_corrector
1110199,what is wifi vs bluetooth,Wep/Wap Wep/Wap is a form of wap (electronic mobility) and a bin Laden,CosineGECO,50,0.001,what is wap/wep,msmarco-passage/train,ielabgroup/vec2text_gtr-base-st_corrector
1110199,what is wifi vs bluetooth,difference between a salary (salary vs. adulee vs. a workout) and allowance is,CosineGECO,50,0.001,difference between allowance and salary,msmarco-passage/train,ielabgroup/vec2text_gtr-base-st_corrector
1110199,what is wifi vs bluetooth,the tablet does have Bluetooth (boothplasing) and a couple of synchronization and a touch-screen interface. The bluetooth,CosineGECO,50,0.001,does the tablet have bluetooth,msmarco-passage/train,ielabgroup/vec2text_gtr-base-st_corrector
1110199,what is wifi vs bluetooth,"white fat and wat whey bone, the term bbw ( ) means a brand of boobbelt,",CosineGECO,50,0.001,what do bbw mean,msmarco-passage/train,ielabgroup/vec2text_gtr-base-st_corrector
1063750,why did the us volunterilay enter ww1,event that started WW1 started with the equinoxed wwb-tri-regime of the events of Russia and Germany,CosineGECO,50,0.001,what event started ww1,msmarco-passage/train,ielabgroup/vec2text_gtr-base-st_corrector
1063750,why did the us volunterilay enter ww1,"when the U.S. entered WWI on a writ of war with the United States of America, the United States entered in 1917",CosineGECO,50,0.001,why did the united states entered ww1 in 1917,msmarco-passage/train,ielabgroup/vec2text_gtr-base-st_corrector
1063750,why did the us volunterilay enter ww1,"when the U.S. entered WWI on a writ of war with the United States of America, the United States entered in 1917",CosineGECO,50,0.001,why did the united states entered ww1 in 1917,msmarco-passage/train,ielabgroup/vec2text_gtr-base-st_corrector
1063750,why did the us volunterilay enter ww1,"events that the United States entered World War I, and as a result of the two events, the U.S. was snatched",CosineGECO,50,0.001,what two events was the reasons why the united states entered WW1,msmarco-passage/train,ielabgroup/vec2text_gtr-base-st_corrector
1063750,why did the us volunterilay enter ww1,what a World War 1 private did is that a World War 1 private made a scout and a major in Europe. It,CosineGECO,50,0.001,what did a world war 1 private do,msmarco-passage/train,ielabgroup/vec2text_gtr-base-st_corrector
1063750,why did the us volunterilay enter ww1,"of the Constitution of the United States of America (Bobby & Johns Hopkins), the purpose of the First Continental Congress, was to pass",CosineGECO,50,0.001,what was the purpose of the first continental congress,msmarco-passage/train,ielabgroup/vec2text_gtr-base-st_corrector
1063750,why did the us volunterilay enter ww1,"the role women play in World War 1 (women’s role is sanitiser, sachet, and airstress",CosineGECO,50,0.001,what was women's role in world war 1,msmarco-passage/train,ielabgroup/vec2text_gtr-base-st_corrector
1063750,why did the us volunterilay enter ww1,when the U.S. joined World War 1 and why the U.S. joined when a swathe of hydraven,CosineGECO,50,0.001,when and why did the us join ww1,msmarco-passage/train,ielabgroup/vec2text_gtr-base-st_corrector
1063750,why did the us volunterilay enter ww1,"as a result of the United States Secretary of State's Presidential appeal, the War on drugs was created and the reason why the war on drugs",CosineGECO,50,0.001,for what reason was the war on drugs created,msmarco-passage/train,ielabgroup/vec2text_gtr-base-st_corrector
1063750,why did the us volunterilay enter ww1,because Morse code (Moss code) was used in warfare as a method of telephony and alert communication by the victims,CosineGECO,50,0.001,why was morse code used in warfare,msmarco-passage/train,ielabgroup/vec2text_gtr-base-st_corrector
130510,definition declaratory judgment,"definitions (e.g., HOLDENEV): comparator - comparator is a device that is a periodic aggregate of",CosineGECO,50,0.001,comparator definition,msmarco-passage/train,ielabgroup/vec2text_gtr-base-st_corrector
130510,definition declaratory judgment,(Francis-Doctrine) inevitable discovery doctrine Discovery doctrine is a doctrine defining the occurrence of discovery and the observ,CosineGECO,50,0.001,inevitable discovery doctrine definition,msmarco-passage/train,ielabgroup/vec2text_gtr-base-st_corrector
130510,definition declaratory judgment,"certified public accountant, a certified public accounting practice referred to by the Registrar of Certified Public Accountants, is a publicly certified financial instrument",CosineGECO,50,0.001,certified public accountant define,msmarco-passage/train,ielabgroup/vec2text_gtr-base-st_corrector
130510,definition declaratory judgment,"(Judges of the Court of Appeals) is a term used to describe the judicial process, it is commonly referred to as review",CosineGECO,50,0.001,what is the term judicial review,msmarco-passage/train,ielabgroup/vec2text_gtr-base-st_corrector
130510,definition declaratory judgment,"deemed annulled, a defined term for announcing a judgment of a court of void, a judgment of divorce or annul",CosineGECO,50,0.001,define deemed annulled,msmarco-passage/train,ielabgroup/vec2text_gtr-base-st_corrector
130510,definition declaratory judgment,"definition of a doctrine of precedent, is a doctrine of a sovereign power, e.g., the issuance of a Constitution",CosineGECO,50,0.001,doctrine of precedent definition,msmarco-passage/train,ielabgroup/vec2text_gtr-base-st_corrector
130510,definition declaratory judgment,"definition of doctrine waiver in New Jersey, is a nasutje-subject judicial moratorium on a judica",CosineGECO,50,0.001,definition of doctrine waiver in nj,msmarco-passage/train,ielabgroup/vec2text_gtr-base-st_corrector
130510,definition declaratory judgment,descriptive judgment (decoration of judgment or fecundity of judgment) Definition is a collection of logical images of,CosineGECO,50,0.001,descriptive judgment definition,msmarco-passage/train,ielabgroup/vec2text_gtr-base-st_corrector
130510,definition declaratory judgment,"a delineator is a cartilage that identifies and delineates the atoms of the atoms, known as de",CosineGECO,50,0.001,what is a delineators,msmarco-passage/train,ielabgroup/vec2text_gtr-base-st_corrector
130510,definition declaratory judgment,(also known as a judgment lien) is a lien on the payment of debts resulting from a judgment of a judge of,CosineGECO,50,0.001,what is a judgement lien,msmarco-passage/train,ielabgroup/vec2text_gtr-base-st_corrector
489204,right pelvic pain causes,"caused by a grain-causing organ, a bowel infection, or a knee joint, patients will often experience pelvic floor pain",CosineGECO,50,0.001,what causes pelvic floor pain,msmarco-passage/train,ielabgroup/vec2text_gtr-base-st_corrector
489204,right pelvic pain causes,causes of pelvic phleboliths. They are a symptom of the periglottal limina,CosineGECO,50,0.001,what causes pelvic phleboliths,msmarco-passage/train,ielabgroup/vec2text_gtr-base-st_corrector
489204,right pelvic pain causes,"causes pain on the groin, which is internal rotation of the hip compared to other radial pains on the groin",CosineGECO,50,0.001,what causes pain in the groin with internal rotation of the hip,msmarco-passage/train,ielabgroup/vec2text_gtr-base-st_corrector
489204,right pelvic pain causes,Cause of groin pain are libra bifida (pain on both sides) and genital pain both sides,CosineGECO,50,0.001,cause of groin pain both sides,msmarco-passage/train,ielabgroup/vec2text_gtr-base-st_corrector
489204,right pelvic pain causes,"organ located under the right rib is the Right Rib, which is a rib that is located under the deep femur pancre",CosineGECO,50,0.001,what organ is located under right rib,msmarco-passage/train,ielabgroup/vec2text_gtr-base-st_corrector
489204,right pelvic pain causes,"caused by a urination on the intestine, bladder spasms (or hyphaema) can be caused",CosineGECO,50,0.001,causes for bladder spasms,msmarco-passage/train,ielabgroup/vec2text_gtr-base-st_corrector
489204,right pelvic pain causes,"right leg is a pain symptom consisting of a narcolepsy, a lack of pain sensation, and muscle pain",CosineGECO,50,0.001,right leg pain symptoms,msmarco-passage/train,ielabgroup/vec2text_gtr-base-st_corrector
489204,right pelvic pain causes,"a common cause of pain on the back below the waist, caused by a physical condition, is pain on the left side of the waist just below",CosineGECO,50,0.001,common causes of pain just below the waist in the back on the left side,msmarco-passage/train,ielabgroup/vec2text_gtr-base-st_corrector
489204,right pelvic pain causes,causes pain from a bowel operation or a drood surgery causing pain from the gastrointestinal tract can cause abdominal pain,CosineGECO,50,0.001,causes abdominal pain,msmarco-passage/train,ielabgroup/vec2text_gtr-base-st_corrector
489204,right pelvic pain causes,"cause of pain in the kidney area of men is a result of a wide-scale kidney failure, kidney pain, kidney arthrosis",CosineGECO,50,0.001,causes of kidney area pain in men,msmarco-passage/train,ielabgroup/vec2text_gtr-base-st_corrector
573724,what are the social determinants of health,because of information about a person’s health behaviour and health determinants. Personal health behaviour is a major determinant of health and is,CosineGECO,50,0.001,why is personal health behaviour major health determinants,msmarco-passage/train,ielabgroup/vec2text_gtr-base-st_corrector
573724,what are the social determinants of health,"is the baseline for the 2010 Social Security Retirement and Health and Demography and the Clean Energy Index, Social Security is a social indicator a form of",CosineGECO,50,0.001,is social security an economic indicator,msmarco-passage/train,ielabgroup/vec2text_gtr-base-st_corrector
573724,what are the social determinants of health,"in sociology and sociology, a deviant in sociology (also known as a sociology) is a sociological",CosineGECO,50,0.001,what is a deviant in sociology,msmarco-passage/train,ielabgroup/vec2text_gtr-base-st_corrector
573724,what are the social determinants of health,condition (which is a result of childhood obesity) has been shown to be strongly correlated with a general state of hyperactivity and obesity.,CosineGECO,50,0.001,what condition has been highly correlated to childhood obesity?,msmarco-passage/train,ielabgroup/vec2text_gtr-base-st_corrector
573724,what are the social determinants of health,"today (as a result of social responsibility, social security, social entrepreneurship, and social care) is a social issue today. It is",CosineGECO,50,0.001,what is a social issue today,msmarco-passage/train,ielabgroup/vec2text_gtr-base-st_corrector
573724,what are the social determinants of health,"who are health information leaders, a group of leaders including David A. Navado, James E. Irvine, and Thomas Edison are leaders",CosineGECO,50,0.001,who are health information leaders,msmarco-passage/train,ielabgroup/vec2text_gtr-base-st_corrector
573724,what are the social determinants of health,"Health are shingles, a family of inflammatory sclerosis and bruxism known as the sneezes that invade",CosineGECO,50,0.001,health what are shingles,msmarco-passage/train,ielabgroup/vec2text_gtr-base-st_corrector
573724,what are the social determinants of health,"use of sociology, primary deviance is one of the first sociological criterion in sociology and is identified by socio-psych",CosineGECO,50,0.001,what is primary deviance in sociology,msmarco-passage/train,ielabgroup/vec2text_gtr-base-st_corrector
573724,what are the social determinants of health,Health Partners Health Partners (formerly known as h.com and h.com) is a partner program of health care and services to women and,CosineGECO,50,0.001,what is health partners,msmarco-passage/train,ielabgroup/vec2text_gtr-base-st_corrector
573724,what are the social determinants of health,"which is used to determine if something is a medical necessity (e.g., what is being eat or what is being used for food",CosineGECO,50,0.001,what is used to determine if something is a medical necessity,msmarco-passage/train,ielabgroup/vec2text_gtr-base-st_corrector
168216,does legionella pneumophila cause pneumonia,"as chngae, dilated oesophagus, and coughing, can lung nodules cause coughs",CosineGECO,50,0.001,can lung nodules cause coughing,msmarco-passage/train,ielabgroup/vec2text_gtr-base-st_corrector
168216,does legionella pneumophila cause pneumonia,"symptoms of pneumonia (pneumonia) are the most symptom of a plethora of symptoms, such as a cold, feeling",CosineGECO,50,0.001,pneumonia symptoms,msmarco-passage/train,ielabgroup/vec2text_gtr-base-st_corrector
168216,does legionella pneumophila cause pneumonia,"(pneumonia) is caused by pneumonia, which is a form of infection caused by a bacterial runaway, which is caused by",CosineGECO,50,0.001,what is pneumonia caused by,msmarco-passage/train,ielabgroup/vec2text_gtr-base-st_corrector
168216,does legionella pneumophila cause pneumonia,"in a healthy bowel, a risk of lung disease. Lung diseases, such as pneumococcal disease, are causes",CosineGECO,50,0.001,causes of lung disease,msmarco-passage/train,ielabgroup/vec2text_gtr-base-st_corrector
168216,does legionella pneumophila cause pneumonia,"your chest. In some people, pneumonia causing apnea and drowsiness may cause tightness of the chest during breathing",CosineGECO,50,0.001,does pneumonia cause tightness in your chest,msmarco-passage/train,ielabgroup/vec2text_gtr-base-st_corrector
168216,does legionella pneumophila cause pneumonia,"the classification of pneumonia includes pyococcymi pneumonia, tuberculosis pneumonia, fungal pneumonia, and myco",CosineGECO,50,0.001,"what classification of pneumonia includes pneumocystis pneumonia, fungal pneumonia, and mycobacterium tuberculo",msmarco-passage/train,ielabgroup/vec2text_gtr-base-st_corrector
168216,does legionella pneumophila cause pneumonia,"because fluids, such as pneumonia or diaphragms, are good for pneumonia and are effective in helping a person",CosineGECO,50,0.001,why are fluids good for pneumonia,msmarco-passage/train,ielabgroup/vec2text_gtr-base-st_corrector
168216,does legionella pneumophila cause pneumonia,a combination of pain and neuropenia (phlegm and nausea) causes back and neck pain when pneumonia,CosineGECO,50,0.001,what causes back and neck pain with pneumonia,msmarco-passage/train,ielabgroup/vec2text_gtr-base-st_corrector
168216,does legionella pneumophila cause pneumonia,a cause of kilodysoona (Kilochia) or kilophilonasis,CosineGECO,50,0.001,causes of koilonychia,msmarco-passage/train,ielabgroup/vec2text_gtr-base-st_corrector
168216,does legionella pneumophila cause pneumonia,a result of a bacterial ectopic disorder called pyrroluria. Pyroluria is a cause of the health,CosineGECO,50,0.001,what causes pyroluria,msmarco-passage/train,ielabgroup/vec2text_gtr-base-st_corrector
1133167,how is the weather in jamaica,"weather. With a persistent cold and dry air, the weather of Tamale (Tamale) is a time of 10",CosineGECO,50,0.001,weather of tamale,msmarco-passage/train,ielabgroup/vec2text_gtr-base-st_corrector
1133167,how is the weather in jamaica,"weather. Freeport is a hot, sunny climate with a temperature of 90 - 95 °F on the Monsoon River.",CosineGECO,50,0.001,what's the weather in freeport,msmarco-passage/train,ielabgroup/vec2text_gtr-base-st_corrector
1133167,how is the weather in jamaica,"°C, it's like in Jamaica — the weather is like the rainy season — and that's what it is like.",CosineGECO,50,0.001,what is the weather like in jamaica?,msmarco-passage/train,ielabgroup/vec2text_gtr-base-st_corrector
1133167,how is the weather in jamaica,"is rainy season in jamaica & neaved & shamaritan, summer is the rainy season",CosineGECO,50,0.001,is summer the rainy season in jamaica,msmarco-passage/train,ielabgroup/vec2text_gtr-base-st_corrector
1133167,how is the weather in jamaica,like Tomas Kleinfeld. The weather in Botswana is averaging 0°C (soot) in the cold,CosineGECO,50,0.001,what's the weather like in botswana,msmarco-passage/train,ielabgroup/vec2text_gtr-base-st_corrector
1133167,how is the weather in jamaica,- in jamaica - weather is cycloneic (Fallenic) and temperatures remain cool until rain falls (Fallen,CosineGECO,50,0.001,weather in jamaica,msmarco-passage/train,ielabgroup/vec2text_gtr-base-st_corrector
1133167,how is the weather in jamaica,"the weather in Miami (aka ""Miami"") is like California, and can be sweltering in the dark and hot days.",CosineGECO,50,0.001,what is the weather like in miami,msmarco-passage/train,ielabgroup/vec2text_gtr-base-st_corrector
1133167,how is the weather in jamaica,"weather at BERRAM, TX. BERRAM is a warm, dry winter, and mild snowy weather (Fallout, Texas",CosineGECO,50,0.001,"weather in bertram, tx",msmarco-passage/train,ielabgroup/vec2text_gtr-base-st_corrector
1133167,how is the weather in jamaica,"when it is a good time to travel to Jamaica, and in the early to mid-July, it is a good time",CosineGECO,50,0.001,when is a good time to travel to jamaica,msmarco-passage/train,ielabgroup/vec2text_gtr-base-st_corrector
1133167,how is the weather in jamaica,"°C, it's like in Jamaica — the weather is like the rainy season — and that's what it is like.",CosineGECO,50,0.001,what is the weather like in jamaica?,msmarco-passage/train,ielabgroup/vec2text_gtr-base-st_corrector
527433,types of dysarthria from cerebral palsy,"different types of Pku, namely 'Pu-Pku', 'Pu-Pku' and 'Billiant",CosineGECO,50,0.001,different types of pku,msmarco-passage/train,ielabgroup/vec2text_gtr-base-st_corrector
527433,types of dysarthria from cerebral palsy,"How a person is diagnosed with a cervilocysis (CP), and similar to other diseases, the cerebral palsy works",CosineGECO,50,0.001,how does cerebral palsy work,msmarco-passage/train,ielabgroup/vec2text_gtr-base-st_corrector
527433,types of dysarthria from cerebral palsy,"g.m., c.s.c., diagnostics for carpal tunnel syndrome are performed on the wrist and carpal tunnel movement",CosineGECO,50,0.001,what diagnostics are performed for carpal tunnel syndrome,msmarco-passage/train,ielabgroup/vec2text_gtr-base-st_corrector
527433,types of dysarthria from cerebral palsy,types of pathological fractures: asymptomatic type (intersectional breakage) and a vascular type (disintegration),CosineGECO,50,0.001,types of pathological fractures,msmarco-passage/train,ielabgroup/vec2text_gtr-base-st_corrector
527433,types of dysarthria from cerebral palsy,proliferative endometrial problems (disordered uterine venoms) there are multiple symptoms of disordered,CosineGECO,50,0.001,disordered proliferative endometrium symptoms,msmarco-passage/train,ielabgroup/vec2text_gtr-base-st_corrector
527433,types of dysarthria from cerebral palsy,"is a disorder of crps. This disorder is found to be a neurological disorder, but it is also an",CosineGECO,50,0.001,is crps a neurological disorder,msmarco-passage/train,ielabgroup/vec2text_gtr-base-st_corrector
527433,types of dysarthria from cerebral palsy,cause of cerebral palsy in older people is a combination of a person with a cleft femora and a,CosineGECO,50,0.001,cause of cerebral palsy in older people,msmarco-passage/train,ielabgroup/vec2text_gtr-base-st_corrector
527433,types of dysarthria from cerebral palsy,"types of gait disturbances are the two types of ALS, namely walking or run-along gait (strait impulsions)",CosineGECO,50,0.001,types of gait disturbances,msmarco-passage/train,ielabgroup/vec2text_gtr-base-st_corrector
527433,types of dysarthria from cerebral palsy,"types of spinal cysts, the types of which are: odontary spinal cyst, a spinal osteoporosis, and one",CosineGECO,50,0.001,different types of spinal cysts,msmarco-passage/train,ielabgroup/vec2text_gtr-base-st_corrector
527433,types of dysarthria from cerebral palsy,"chromosome , chromosome , chromosome , is a cerebral palsy disorder",CosineGECO,50,0.001,is cerebral palsy a chromosome disorder,msmarco-passage/train,ielabgroup/vec2text_gtr-base-st_corrector
1037798,who is robert gray,"who's-James robertson is a U.S. Champion, artist, film and film developer and the James Seal",CosineGECO,50,0.001,who is james robertson,msmarco-passage/train,ielabgroup/vec2text_gtr-base-st_corrector
1037798,who is robert gray,who think you are a tony and who you think you are. I think that I am Tony 'Robinson' Csu,CosineGECO,50,0.001,who do you think you are tony robinson,msmarco-passage/train,ielabgroup/vec2text_gtr-base-st_corrector
1037798,who is robert gray,"(2009), after he managed to escape the haunt of Burbank and DreamWorks, Rob Zombie appeared in the movie, ""Get Dead",CosineGECO,50,0.001,what movie did rob zombie,msmarco-passage/train,ielabgroup/vec2text_gtr-base-st_corrector
1037798,who is robert gray,"a man ill with a fugitive bomb snatches, robert Fuller is dead, as is Robert",CosineGECO,50,0.001,is robert fuller dead,msmarco-passage/train,ielabgroup/vec2text_gtr-base-st_corrector
1037798,who is robert gray,"Bob Gaffinch, Laureate of Massachusetts and author of The Bob Gaffinch, known as Rob Grey, is a retired",CosineGECO,50,0.001,who is rob grey,msmarco-passage/train,ielabgroup/vec2text_gtr-base-st_corrector
1037798,who is robert gray,"rick ross rick ross is a rapper, songwriter and producer who is known as Rick Lucs and a YouTube",CosineGECO,50,0.001,who is rick ross,msmarco-passage/train,ielabgroup/vec2text_gtr-base-st_corrector
1037798,who is robert gray,"'Robert Goddard' is a celebrated writer, musician, and futurist who is the home of David Van Dykstra",CosineGECO,50,0.001,who is robert goddard,msmarco-passage/train,ielabgroup/vec2text_gtr-base-st_corrector
1037798,who is robert gray,"(who was Rube Goldberg), a choreographer and a laborer who became a national hero of the ""Masonic",CosineGECO,50,0.001,who was rube goldberg,msmarco-passage/train,ielabgroup/vec2text_gtr-base-st_corrector
1037798,who is robert gray,"year 'Robert Hartman' or 'Robert Harrelson', Robert Hartman was born in 1932 in",CosineGECO,50,0.001,what year was robert hartman born in,msmarco-passage/train,ielabgroup/vec2text_gtr-base-st_corrector
1037798,who is robert gray,of Grey Bennett-Lithcombe-Jonathan Grey Griffin is a human being who is currently the incarnation of Fox,CosineGECO,50,0.001,who is grey griffin,msmarco-passage/train,ielabgroup/vec2text_gtr-base-st_corrector
915593,what types of food can you cook sous vide,"foods that can turn into liquid, are jerks, lard, water, and eggs. These can turn into liquid juicid",CosineGECO,50,0.001,foods that can turn into liquid,msmarco-passage/train,ielabgroup/vec2text_gtr-base-st_corrector
915593,what types of food can you cook sous vide,"what you can eat after a bite of the implant, you can eat a variety of foods such as fried chicken, fried beans",CosineGECO,50,0.001,what can eat after dental implant,msmarco-passage/train,ielabgroup/vec2text_gtr-base-st_corrector
915593,what types of food can you cook sous vide,"foods you can eat in your carry on your bag of food, e.g., ketchup, falcon mushrooms, can",CosineGECO,50,0.001,what food you can take in your carry on,msmarco-passage/train,ielabgroup/vec2text_gtr-base-st_corrector
915593,what types of food can you cook sous vide,"foods you can eat during your pregnancy (e.g., kiwi berries, roasted vegetables, and corn) while you are",CosineGECO,50,0.001,what foods can i eat while breastfeeding,msmarco-passage/train,ielabgroup/vec2text_gtr-base-st_corrector
915593,what types of food can you cook sous vide,inaugurated food. Haute food (a.k.a. Gracie Prissa vitalise pasta),CosineGECO,50,0.001,haute food,msmarco-passage/train,ielabgroup/vec2text_gtr-base-st_corrector
915593,what types of food can you cook sous vide,inaugurated food. Haute food (a.k.a. Gracie Prissa vitalise pasta),CosineGECO,50,0.001,haute food,msmarco-passage/train,ielabgroup/vec2text_gtr-base-st_corrector
915593,what types of food can you cook sous vide,"eat foods that are less than the amount of veg after SG surgery, such as oats, chicken breast, and yogurt,",CosineGECO,50,0.001,foods to eat after vsg surgery,msmarco-passage/train,ielabgroup/vec2text_gtr-base-st_corrector
915593,what types of food can you cook sous vide,"Vegetables that can be dehydrated, such as crucifer cabbage, sour cream, and other vegetables can be dried to minus",CosineGECO,50,0.001,what kind of vegetables can be dehydrated,msmarco-passage/train,ielabgroup/vec2text_gtr-base-st_corrector
915593,what types of food can you cook sous vide,"a time, broilers cook a variety of types of foods ranging from grilled chicken to oats and broilers.",CosineGECO,50,0.001,what types of food does broilers cook?,msmarco-passage/train,ielabgroup/vec2text_gtr-base-st_corrector
915593,what types of food can you cook sous vide,"e.g. rye and nutmeg, salmonella can be found in foods containing salmonella and flavones",CosineGECO,50,0.001,what foods can salmonella be found in,msmarco-passage/train,ielabgroup/vec2text_gtr-base-st_corrector
264014,how long is life cycle of flea,"age of a cat, a scrounging worm, lives on average — between the years of birth and 20-years",CosineGECO,50,0.001,what is the average age a cat lives?,msmarco-passage/train,ielabgroup/vec2text_gtr-base-st_corrector
264014,how long is life cycle of flea,"During a seven-hour ephemeron and interphase, Interphase usually lasts 24 hours and will last for about 20 hours",CosineGECO,50,0.001,how many hours does interphase usually last,msmarco-passage/train,ielabgroup/vec2text_gtr-base-st_corrector
264014,how long is life cycle of flea,"from a mop head to a mop cassa, MRSA can live on a patient's head for up to 30 days",CosineGECO,50,0.001,how long can mrsa live on a mop head,msmarco-passage/train,ielabgroup/vec2text_gtr-base-st_corrector
264014,how long is life cycle of flea,"in a cycle of infestation, the life cycle of fleas (Feas) is divided and begins until they are a clean",CosineGECO,50,0.001,what is the life cycle of fleas,msmarco-passage/train,ielabgroup/vec2text_gtr-base-st_corrector
264014,how long is life cycle of flea,the usual life of an engine (usually a musc of carburettor or a cylinder) runs at an annual average.,CosineGECO,50,0.001,what is the usual life of an engine?,msmarco-passage/train,ielabgroup/vec2text_gtr-base-st_corrector
264014,how long is life cycle of flea,"who is a normal menstrual cycle, or a symmetric cycle, starts at 10  0 days and is",CosineGECO,50,0.001,how many days is a normal menstrual cycle,msmarco-passage/train,ielabgroup/vec2text_gtr-base-st_corrector
264014,how long is life cycle of flea,"from 1 to 76 years old and from 0 to 59 years old, a ant (Ante) lives for the whole",CosineGECO,50,0.001,how long does an ant live for,msmarco-passage/train,ielabgroup/vec2text_gtr-base-st_corrector
264014,how long is life cycle of flea,after using a few and a flea will go away within 8 to 12 hours after using Frontline Plus B and fe,CosineGECO,50,0.001,how long after using frontline plus will fleas b gone,msmarco-passage/train,ielabgroup/vec2text_gtr-base-st_corrector
264014,how long is life cycle of flea,"a coma of 12.5 months, The Flash was in a coma for about 90 minutes long, but a coma",CosineGECO,50,0.001,how long was the flash in a coma,msmarco-passage/train,ielabgroup/vec2text_gtr-base-st_corrector
264014,how long is life cycle of flea,where fleas can jump from a distance of 320 feet to 320 feet (500 to 600 feet) and can fly or itch,CosineGECO,50,0.001,how far can fleas jump,msmarco-passage/train,ielabgroup/vec2text_gtr-base-st_corrector
1121402,what can contour plowing reduce,"fcd pfrd fcd pfd . However, turmeric is good for a good coparnia",CosineGECO,50,0.001,is turmeric good fpr copd,msmarco-passage/train,ielabgroup/vec2text_gtr-base-st_corrector
1121402,what can contour plowing reduce,can adjust the heading on a c90 cwd. You can adjust the heading on a cwd 090,CosineGECO,50,0.001,can you adjust the heading on a c90w,msmarco-passage/train,ielabgroup/vec2text_gtr-base-st_corrector
1121402,what can contour plowing reduce,How to reduce recovery drive is to reduce the drive size. You can reduce the drive to a 1.5-to-1-thousand-mile drive,CosineGECO,50,0.001,how to reduce recovery drive,msmarco-passage/train,ielabgroup/vec2text_gtr-base-st_corrector
1121402,what can contour plowing reduce,you can stop the loss of hair and take a folic acid treatment to stop it and you can stop it when you can eat your vitamin,CosineGECO,50,0.001,what can you do to stop hair loss,msmarco-passage/train,ielabgroup/vec2text_gtr-base-st_corrector
1121402,what can contour plowing reduce,"is revlimid used in CLL. , a re-villidid is used by some GM t owners",CosineGECO,50,0.001,is revlimid used in cll,msmarco-passage/train,ielabgroup/vec2text_gtr-base-st_corrector
1121402,what can contour plowing reduce,Apply a brush and a coat to remove load. Remove oofuses and other soft material. Load shedding is not mandatory anymore,CosineGECO,50,0.001,how to remove load shedding,msmarco-passage/train,ielabgroup/vec2text_gtr-base-st_corrector
1121402,what can contour plowing reduce,"How to mow fine leaf tif bermuda bifadensis if needed, Cut the leaf cleavage",CosineGECO,50,0.001,how to mow fine leaf tif bermuda,msmarco-passage/train,ielabgroup/vec2text_gtr-base-st_corrector
1121402,what can contour plowing reduce,of the original painting of the plowing is in the niolis nianderais on the lower ledge of the Gan,CosineGECO,50,0.001,where is the original plowing in the nivernais painting,msmarco-passage/train,ielabgroup/vec2text_gtr-base-st_corrector
1121402,what can contour plowing reduce,The angle of the clout target (to the ground) is about a 90 m angle to the ground at the roost,CosineGECO,50,0.001,what is the angle of the clout target to the ground,msmarco-passage/train,ielabgroup/vec2text_gtr-base-st_corrector
1121402,what can contour plowing reduce,"process removes carbon dioxide, by a process known as a photoresidation or a gas-based removing of carbon dioxide",CosineGECO,50,0.001,what process removes carbon dioxide,msmarco-passage/train,ielabgroup/vec2text_gtr-base-st_corrector
962179,when was the salvation army founded,"1, 1885, a.d., b.d., Feb. 1, 1886, Greenpeace is founded by Greenpeace",CosineGECO,50,0.001,when was greenpeace founded,msmarco-passage/train,ielabgroup/vec2text_gtr-base-st_corrector
962179,when was the salvation army founded,"a year after the redevelopment of the Access Business programme and the first telephone exchange Southbourne opened, 1895, it was opened in 1956 by",CosineGECO,50,0.001,what year did the first Telephone Exchange Southbourne open,msmarco-passage/train,ielabgroup/vec2text_gtr-base-st_corrector
962179,when was the salvation army founded,"known as the salvation closet, the SCS thrift store, and the United Kingdom, has a total of 1,215 Salvation Army stores.",CosineGECO,50,0.001,how many salvation army stores,msmarco-passage/train,ielabgroup/vec2text_gtr-base-st_corrector
962179,when was the salvation army founded,"year of 19264 and a year of establishing a new business association, APex apex was founded. In 1932",CosineGECO,50,0.001,what year was apex founded,msmarco-passage/train,ielabgroup/vec2text_gtr-base-st_corrector
962179,when was the salvation army founded,the tax year the Hope Credit began in 1892 and it became available for a 2000 tax year by the Consumer Financial Protection Act tax reduction enacted,CosineGECO,50,0.001,what year did the hope tax credit start,msmarco-passage/train,ielabgroup/vec2text_gtr-base-st_corrector
962179,when was the salvation army founded,"1961, the S.C. (Second Bank of Equitable Fees) was established. The sec was established when a royal commission",CosineGECO,50,0.001,when was the sec established,msmarco-passage/train,ielabgroup/vec2text_gtr-base-st_corrector
962179,when was the salvation army founded,"when the Medicare and Medicaid plan was set aside started and in November 1932, beginning a 125-year run of Medicare setting aside and storing",CosineGECO,50,0.001,when did medicare set aside start,msmarco-passage/train,ielabgroup/vec2text_gtr-base-st_corrector
962179,when was the salvation army founded,in the 1860s and 1860s when the first unions were organized (American unions) and other unions are organized (marginal,CosineGECO,50,0.001,when were the first unions organized,msmarco-passage/train,ielabgroup/vec2text_gtr-base-st_corrector
962179,when was the salvation army founded,"month on the month of Carolina (Jobs and Columbines) (February 16), South Carolina (September 16) was founded",CosineGECO,50,0.001,what month was south carolina founded,msmarco-passage/train,ielabgroup/vec2text_gtr-base-st_corrector
962179,when was the salvation army founded,"1694, H.S.B. was founded and is a pioneering American business in Hyperonack Square. Founded in 1916,",CosineGECO,50,0.001,when was hsb founded,msmarco-passage/train,ielabgroup/vec2text_gtr-base-st_corrector
1117099,what is a active margin,SG&A margins SG&A margins are a set of ad equities on the Singaporean market.,CosineGECO,50,0.001,what are sg&a margins?,msmarco-passage/train,ielabgroup/vec2text_gtr-base-st_corrector
1117099,what is a active margin,Active intervention Active intervention (or a 'active intervention') is a powerful channel of therapy that assists patients with a deep-dis,CosineGECO,50,0.001,what is an active intervention,msmarco-passage/train,ielabgroup/vec2text_gtr-base-st_corrector
1117099,what is a active margin,Contribution margin (as a result of accounting accounting) is the ratio of available contribution to available cash at a given accounting room and is commonly,CosineGECO,50,0.001,what is contribution margin in accounting,msmarco-passage/train,ielabgroup/vec2text_gtr-base-st_corrector
1117099,what is a active margin,check your bic card number which is active. This number can be checked on your BISC IC meter or your BISC IC,CosineGECO,50,0.001,how can i check my bic number card is active,msmarco-passage/train,ielabgroup/vec2text_gtr-base-st_corrector
1117099,what is a active margin,"patient is asymptomatic of a disease-causing disease, the patient is externally active – it is a patient with a fluid",CosineGECO,50,0.001,patient is externally active,msmarco-passage/train,ielabgroup/vec2text_gtr-base-st_corrector
1117099,what is a active margin,ActiveMQ (company) ActiveMQ is a reserving communication broker that is a web-based agent agent transaction platform,CosineGECO,50,0.001,what is activemq broker,msmarco-passage/train,ielabgroup/vec2text_gtr-base-st_corrector
1117099,what is a active margin,A marginal (or a m.m.b. or m.d.tract) is a variable of the dividend of,CosineGECO,50,0.001,what is a marginal,msmarco-passage/train,ielabgroup/vec2text_gtr-base-st_corrector
1117099,what is a active margin,", diffusion is",CosineGECO,50,0.001,is diffusion active or passive,msmarco-passage/train,ielabgroup/vec2text_gtr-base-st_corrector
1117099,what is a active margin,active hours setting. Active settings can be set by initiating a 208-day-long process and can be used to set a 208,CosineGECO,50,0.001,active hours setting,msmarco-passage/train,ielabgroup/vec2text_gtr-base-st_corrector
1117099,what is a active margin,"marginal costs (margin costs of a market, a cost of labor, or a cost of surpluses or low-costs",CosineGECO,50,0.001,marginal costs,msmarco-passage/train,ielabgroup/vec2text_gtr-base-st_corrector
148538,difference between rn and bsn,difference between bile adipose (bile adipose) and bile salts (bill,CosineGECO,50,0.001,difference between bile and bile salts,msmarco-passage/train,ielabgroup/vec2text_gtr-base-st_corrector
148538,difference between rn and bsn,a tumor on the bowel (known as a bowel cancer) is the difference between prostate cancer and a neoplasmo,CosineGECO,50,0.001,what is the difference between prostate cancer and bowel cancer,msmarco-passage/train,ielabgroup/vec2text_gtr-base-st_corrector
148538,difference between rn and bsn,"needing to be a registered nurse (RN), a credit nave (RN) or a gbn",CosineGECO,50,0.001,what credits do you need to be a rn,msmarco-passage/train,ielabgroup/vec2text_gtr-base-st_corrector
148538,difference between rn and bsn,"who is an average salary, a 900,000 rn (rn/rn/rn/na",CosineGECO,50,0.001,what is the average salary of an rn,msmarco-passage/train,ielabgroup/vec2text_gtr-base-st_corrector
148538,difference between rn and bsn,the differences between the RNA and RNA atoms in the ryebone structure of the RNA molecule and is a major DNA,CosineGECO,50,0.001,what is the major differences between DNA and RNA,msmarco-passage/train,ielabgroup/vec2text_gtr-base-st_corrector
148538,difference between rn and bsn,cost of the RN/RN program to BSN program and average cost of the RN/RN/BNS program to a fusion program,CosineGECO,50,0.001,average cost of RN to BSN program,msmarco-passage/train,ielabgroup/vec2text_gtr-base-st_corrector
148538,difference between rn and bsn,salary (Bsn) / salary of,CosineGECO,50,0.001,salary bsn,msmarco-passage/train,ielabgroup/vec2text_gtr-base-st_corrector
148538,difference between rn and bsn,a difference between a bn  rsn and a bn  rsn,CosineGECO,50,0.001,what's the difference between an rn and a bsn,msmarco-passage/train,ielabgroup/vec2text_gtr-base-st_corrector
148538,difference between rn and bsn,use a degree in science to become an rn and how to use it to study a rn in nursing,CosineGECO,50,0.001,how to use a degree in science to become a rn,msmarco-passage/train,ielabgroup/vec2text_gtr-base-st_corrector
148538,difference between rn and bsn,"bsn vs rsn or bsn rsn salary difference, if a na",CosineGECO,50,0.001,rn or bsn salary difference,msmarco-passage/train,ielabgroup/vec2text_gtr-base-st_corrector
451602,medicare's definition of mechanical ventilation,"when a person is eligible for Medicare, Medicaid, or a health insurance plan and he or she is a person who uses medicare",CosineGECO,50,0.001,when is a person eligible for medicare,msmarco-passage/train,ielabgroup/vec2text_gtr-base-st_corrector
451602,medicare's definition of mechanical ventilation,cyclical breathing,CosineGECO,50,0.001,cyclical breathing definition,msmarco-passage/train,ielabgroup/vec2text_gtr-base-st_corrector
451602,medicare's definition of mechanical ventilation,"definition of military, medical quarters (a relic of a medical drool of medical procedures for hospitals) are defined medical",CosineGECO,50,0.001,definition of medical quarters for military,msmarco-passage/train,ielabgroup/vec2text_gtr-base-st_corrector
451602,medicare's definition of mechanical ventilation,"is Medicare coverage or Medicare-insurance coverage, or Medicare-insurance coverage or Medicare-neutral insurance coverage. Medicare is insurance",CosineGECO,50,0.001,is medicare insurance coverage,msmarco-passage/train,ielabgroup/vec2text_gtr-base-st_corrector
451602,medicare's definition of mechanical ventilation,"Mechanic energy , or mechanical energy, is a mechanism in the motors of a plant",CosineGECO,50,0.001,what is mechanical engergy,msmarco-passage/train,ielabgroup/vec2text_gtr-base-st_corrector
451602,medicare's definition of mechanical ventilation,a mechanical wave aqueous aquifer. This is a wave that is defined as a wave of water and a question,CosineGECO,50,0.001,what is a mechanical wave aqa definition,msmarco-passage/train,ielabgroup/vec2text_gtr-base-st_corrector
451602,medicare's definition of mechanical ventilation,m behind the medicare number’ meaning,CosineGECO,50,0.001,what does the m behind a medicare number mean,msmarco-passage/train,ielabgroup/vec2text_gtr-base-st_corrector
451602,medicare's definition of mechanical ventilation,medical definition of a fecal effacement - a medical term - is the release of pressure and duration of labor force contraction,CosineGECO,50,0.001,medical definition effacement,msmarco-passage/train,ielabgroup/vec2text_gtr-base-st_corrector
451602,medicare's definition of mechanical ventilation,"a defined macerated skin, a skin cleansing and macerating process of skin and skin scrubbing by the penetration of the serum",CosineGECO,50,0.001,definition of macerated skin,msmarco-passage/train,ielabgroup/vec2text_gtr-base-st_corrector
451602,medicare's definition of mechanical ventilation,definition of CMS. Mechanical ventilation Mechanical ventilation of a pulmonary occlusion and dissipation (ME) is the medical continuity,CosineGECO,50,0.001,cms definition of mechanical ventilation,msmarco-passage/train,ielabgroup/vec2text_gtr-base-st_corrector
359349,how to find the midsegment of a trapezoid,"by finding the frequency distribution from a given distance (i.e.,     ) we find the range",CosineGECO,50,0.001,how do we find the range in a frequency distribution,msmarco-passage/train,ielabgroup/vec2text_gtr-base-st_corrector
359349,how to find the midsegment of a trapezoid,"which an equation is used to measure an unknown angle, you can use a -a--g--a--p-to-",CosineGECO,50,0.001,which equation can you use to measure a unknown angle,msmarco-passage/train,ielabgroup/vec2text_gtr-base-st_corrector
359349,how to find the midsegment of a trapezoid,use arithmetic a-side + a-side + l-a-side to find the length of a triangle,CosineGECO,50,0.001,how to find the length of a triangle,msmarco-passage/train,ielabgroup/vec2text_gtr-base-st_corrector
359349,how to find the midsegment of a trapezoid,cook 1 1/2 oz and heat the pork to a center cut pan in the oven until it is browned and seasoned with lin,CosineGECO,50,0.001,how to cook a center cut pork loin,msmarco-passage/train,ielabgroup/vec2text_gtr-base-st_corrector
359349,how to find the midsegment of a trapezoid,put 'minutes' on the mtps on a MetroCad's cell phone to use as a 920,CosineGECO,50,0.001,how to put minutes on a metropcs phone,msmarco-passage/train,ielabgroup/vec2text_gtr-base-st_corrector
359349,how to find the midsegment of a trapezoid,Get the number from the metric summing the results of the scalars and get the metric scalar: The median,CosineGECO,50,0.001,how to get the median number,msmarco-passage/train,ielabgroup/vec2text_gtr-base-st_corrector
359349,how to find the midsegment of a trapezoid,"is the midrange of numbers, which is a range of numbers from a kinematic number of ANSI 870 to 870",CosineGECO,50,0.001,what is the midrange of numbers,msmarco-passage/train,ielabgroup/vec2text_gtr-base-st_corrector
359349,how to find the midsegment of a trapezoid,start (sootically) using tape diagram diagram. You need to do a logical work and you need to use a tape diagram,CosineGECO,50,0.001,how to do tape diagram,msmarco-passage/train,ielabgroup/vec2text_gtr-base-st_corrector
359349,how to find the midsegment of a trapezoid,a formula             define midpoint,CosineGECO,50,0.001,define midpoint formula,msmarco-passage/train,ielabgroup/vec2text_gtr-base-st_corrector
359349,how to find the midsegment of a trapezoid,"find out by comparing a square and a square: If , triangles are congruent and not",CosineGECO,50,0.001,how to find whether triangle are congruent,msmarco-passage/train,ielabgroup/vec2text_gtr-base-st_corrector
1115776,what is an aml surveillance analyst,Analysis of the results of a crime and the identification of a target such as a forensic analyst is a forensics scientist who is,CosineGECO,50,0.001,what is a forensic analyst,msmarco-passage/train,ielabgroup/vec2text_gtr-base-st_corrector
1115776,what is an aml surveillance analyst,'Lulus Test' -limulus test is a bifocal stumor test that is administered,CosineGECO,50,0.001,what is limulus test,msmarco-passage/train,ielabgroup/vec2text_gtr-base-st_corrector
1115776,what is an aml surveillance analyst,"(about ) is Active surveillance epidemiology, a strand of human immunology and espionage research that the Global Network of Universities",CosineGECO,50,0.001,what is active surveillance epidemiology,msmarco-passage/train,ielabgroup/vec2text_gtr-base-st_corrector
1115776,what is an aml surveillance analyst,"(as a psychologist or a psychologist) a behavior analyst performs behavior analysis to determine what things they do, what they do and what",CosineGECO,50,0.001,what does a behavior analyst do,msmarco-passage/train,ielabgroup/vec2text_gtr-base-st_corrector
1115776,what is an aml surveillance analyst,APt Adjustment APt Adjustment (AMT) is a change in the abrasive and sonic performance.,CosineGECO,50,0.001,what is an amt adjustment,msmarco-passage/train,ielabgroup/vec2text_gtr-base-st_corrector
1115776,what is an aml surveillance analyst,"hris analyst , or hris-analyst, is a team of a high-tech information analyst",CosineGECO,50,0.001,what is a hris analyst,msmarco-passage/train,ielabgroup/vec2text_gtr-base-st_corrector
1115776,what is an aml surveillance analyst,Observation status Observation Status (or Observation) is a high-visibility rating of a member of the Friendship Program,CosineGECO,50,0.001,what is observation status,msmarco-passage/train,ielabgroup/vec2text_gtr-base-st_corrector
1115776,what is an aml surveillance analyst,P&L audit P&L Audit (Sec. 1881) is a business audit of finances by the Priscilla,CosineGECO,50,0.001,what is p&l audit,msmarco-passage/train,ielabgroup/vec2text_gtr-base-st_corrector
1115776,what is an aml surveillance analyst,ambly    o) is the definition,CosineGECO,50,0.001,ambly/o definition,msmarco-passage/train,ielabgroup/vec2text_gtr-base-st_corrector
1115776,what is an aml surveillance analyst,"default ""lt_mule"" is with a coffee %_rft__rft__rft. This",CosineGECO,50,0.001,what is the default lr_mult in caffe,msmarco-passage/train,ielabgroup/vec2text_gtr-base-st_corrector
1112341,what is the daily life of thai people,"American thai kratom thai (or ""American thai thai kanbane"") is",CosineGECO,50,0.001,what is american kratom thai,msmarco-passage/train,ielabgroup/vec2text_gtr-base-st_corrector
1112341,what is the daily life of thai people,"in a part of the world (Morocco, Central Africa, and Japan), termites (Terminae) live in the world",CosineGECO,50,0.001,what part of the world do termites live,msmarco-passage/train,ielabgroup/vec2text_gtr-base-st_corrector
1112341,what is the daily life of thai people,"if you need injections, thailand thaibans are a precaution. Yeast need injections for Thailand",CosineGECO,50,0.001,do i need injections for thailand,msmarco-passage/train,ielabgroup/vec2text_gtr-base-st_corrector
1112341,what is the daily life of thai people,arawak do a lot of things in their spare time and in their spare time they enjoy a lot of Biwikan sw,CosineGECO,50,0.001,what do arawak do in their spare time,msmarco-passage/train,ielabgroup/vec2text_gtr-base-st_corrector
1112341,what is the daily life of thai people,if you are able to tip US Dollars in Thailand and if you are preparing to carry it you can use your tdh,CosineGECO,50,0.001,can i tip in thailand with us dollars,msmarco-passage/train,ielabgroup/vec2text_gtr-base-st_corrector
1112341,what is the daily life of thai people,"a day is a length of 240 to 240 meters on Phobos, ranging from 0 to 2 hours cf.",CosineGECO,50,0.001,what is the length of a day on phobos,msmarco-passage/train,ielabgroup/vec2text_gtr-base-st_corrector
1112341,what is the daily life of thai people,"a definition of telecommuting, i.e. traveling from one office to another while residing at work, telecommunications, internet",CosineGECO,50,0.001,definition of telecommuting,msmarco-passage/train,ielabgroup/vec2text_gtr-base-st_corrector
1112341,what is the daily life of thai people,in China where the tibetans (Tibetan djiangsu and other taians) live,CosineGECO,50,0.001,where in china do tibetans live,msmarco-passage/train,ielabgroup/vec2text_gtr-base-st_corrector
1112341,what is the daily life of thai people,"if there are a risk of cambria lands, Cambodia-Thailand land Laos are safe",CosineGECO,50,0.001,are thailand laos cambodia safe,msmarco-passage/train,ielabgroup/vec2text_gtr-base-st_corrector
1112341,what is the daily life of thai people,in the etiquette of the ancient teak trees (Tea-chests) is a cultural significance. Teak trees,CosineGECO,50,0.001,what is the cultural significance of Teak trees,msmarco-passage/train,ielabgroup/vec2text_gtr-base-st_corrector
131843,definition of a sigmet,Sigmoistosis sigmoistosis is a sclerodiform diverticulosis,CosineGECO,50,0.001,what is sigmoid diverticulosis,msmarco-passage/train,ielabgroup/vec2text_gtr-base-st_corrector
131843,definition of a sigmet,Sig alert Sig alert ( ) is a message on the alert system that is a response to a threat by the Pulse,CosineGECO,50,0.001,what is a sig alert,msmarco-passage/train,ielabgroup/vec2text_gtr-base-st_corrector
131843,definition of a sigmet,"known as Fortamet, is a fungus and a tast. It is an attraction of the Teodrom",CosineGECO,50,0.001,what is fortamet,msmarco-passage/train,ielabgroup/vec2text_gtr-base-st_corrector
131843,definition of a sigmet,swan ganz definition (Wienert Gáz): a swan with a crystalline structure and a performance,CosineGECO,50,0.001,swan ganz definition,msmarco-passage/train,ielabgroup/vec2text_gtr-base-st_corrector
131843,definition of a sigmet,Sigmet (        ): a central and universal symbolism,CosineGECO,50,0.001,define sigmet,msmarco-passage/train,ielabgroup/vec2text_gtr-base-st_corrector
131843,definition of a sigmet,Sigmet (        ): a central and universal symbolism,CosineGECO,50,0.001,define sigmet,msmarco-passage/train,ielabgroup/vec2text_gtr-base-st_corrector
131843,definition of a sigmet,contig (folk physiology) Contig ( ) is a defining and proving conflagration of the,CosineGECO,50,0.001,contig definition,msmarco-passage/train,ielabgroup/vec2text_gtr-base-st_corrector
131843,definition of a sigmet,"Demerit (meanings, admonishments, convictions, a breach of a spirit): Derit",CosineGECO,50,0.001,definition of demerit,msmarco-passage/train,ielabgroup/vec2text_gtr-base-st_corrector
131843,definition of a sigmet,Sonder A sonder () is a comma of lukewarm syllables which means to sheb,CosineGECO,50,0.001,what sonder mean,msmarco-passage/train,ielabgroup/vec2text_gtr-base-st_corrector
131843,definition of a sigmet,"definition of geology (rocks, ice, ice, apex, a tidal chain) by definition sediment",CosineGECO,50,0.001,sediment definition geology,msmarco-passage/train,ielabgroup/vec2text_gtr-base-st_corrector
104861,cost of interior concrete flooring,pay a person a cost of £300.00 (e.g. £300.00) to lay laminate flooring or a,CosineGECO,50,0.001,cost of paying someone to lay laminate flooring,msmarco-passage/train,ielabgroup/vec2text_gtr-base-st_corrector
104861,cost of interior concrete flooring,"of a new design, a new design, a new furniture or a low cost of $600,000 is the average cost interior services",CosineGECO,50,0.001,average cost of interior design services,msmarco-passage/train,ielabgroup/vec2text_gtr-base-st_corrector
104861,cost of interior concrete flooring,"install, i.e. cement cement, concrete cement installation or cement cement bracing, can cost $40–60 U.S.",CosineGECO,50,0.001,concrete cement installation cost,msmarco-passage/train,ielabgroup/vec2text_gtr-base-st_corrector
104861,cost of interior concrete flooring,"cost of $1,500 to $600,000 for internal wall installation or installation of a new internal securing and re-arboring",CosineGECO,50,0.001,cost of internal wall installation,msmarco-passage/train,ielabgroup/vec2text_gtr-base-st_corrector
104861,cost of interior concrete flooring,"in the U.S., interior painting is a new color and personality painting that costs between $125–200 ($ in dollars) or more",CosineGECO,50,0.001,interior painting cost,msmarco-passage/train,ielabgroup/vec2text_gtr-base-st_corrector
104861,cost of interior concrete flooring,"of the cost of a home, a hardwood hardwood floor plan, or a hardwood woodcart, the installation cost is $87,8",CosineGECO,50,0.001,cost of hardwood flooring installed,msmarco-passage/train,ielabgroup/vec2text_gtr-base-st_corrector
104861,cost of interior concrete flooring,of the cost of a concrete floor (marble by $50 per square foot) or a concrete floor (marble by,CosineGECO,50,0.001,cost of concrete floor per square foot,msmarco-passage/train,ielabgroup/vec2text_gtr-base-st_corrector
104861,cost of interior concrete flooring,"(coconut, a linoleum or a water-coated iron linole) vinyl floor costs $",CosineGECO,50,0.001,what does vinyl flooring cost,msmarco-passage/train,ielabgroup/vec2text_gtr-base-st_corrector
104861,cost of interior concrete flooring,(0.25 to $1.25) concrete shingle (coated concrete shingle spherical shards) cost,CosineGECO,50,0.001,concrete shingle cost,msmarco-passage/train,ielabgroup/vec2text_gtr-base-st_corrector
104861,cost of interior concrete flooring,cost of $120-$200 to install floating hardwood floors or 'floating' or 'chopping' a bare-foot wood,CosineGECO,50,0.001,cost to install floating hardwood floors,msmarco-passage/train,ielabgroup/vec2text_gtr-base-st_corrector
833860,what is the most popular food in switzerland,"chocolate, chocolate dipped in a labile, or marasberry, are the most popular chocolate candy",CosineGECO,50,0.001,most popular chocolate candy,msmarco-passage/train,ielabgroup/vec2text_gtr-base-st_corrector
833860,what is the most popular food in switzerland,"the population of the enfranchised country of Switzerland (population: 69,999) and of Switzerland (population:",CosineGECO,50,0.001,what is the population of switzerland,msmarco-passage/train,ielabgroup/vec2text_gtr-base-st_corrector
833860,what is the most popular food in switzerland,temperatures in the fall averaging 0 °C and 0 °F in the days when autumn switzerland is an average,CosineGECO,50,0.001,average temps in the fall switzerland,msmarco-passage/train,ielabgroup/vec2text_gtr-base-st_corrector
833860,what is the most popular food in switzerland,"a high calorie diet, rye ketchup, fried chicken, and lard, the most common foods with listeria",CosineGECO,50,0.001,most common foods with listeria,msmarco-passage/train,ielabgroup/vec2text_gtr-base-st_corrector
833860,what is the most popular food in switzerland,"the name ""Switzerland"" (which is a letter in French but is not pronounced in French) of Switzerland and Montserrat",CosineGECO,50,0.001,what is the name switzerland in french,msmarco-passage/train,ielabgroup/vec2text_gtr-base-st_corrector
833860,what is the most popular food in switzerland,"food, such as wurkraut or swine, is prepared in Switzerland and it has a variety of food chains",CosineGECO,50,0.001,what kind of food is in switzerland,msmarco-passage/train,ielabgroup/vec2text_gtr-base-st_corrector
833860,what is the most popular food in switzerland,"a healthy steamed milk or a healthy vegetable. In reality, it is the most healthy food in the world, as it is now known",CosineGECO,50,0.001,what is the most healthy food in the world,msmarco-passage/train,ielabgroup/vec2text_gtr-base-st_corrector
833860,what is the most popular food in switzerland,"the most popular food in Atlanta, burger gav yucca, fried gelatin, and honey lu",CosineGECO,50,0.001,most popular food in atlanta georgia,msmarco-passage/train,ielabgroup/vec2text_gtr-base-st_corrector
833860,what is the most popular food in switzerland,"what is a favorite dish in France, which is often referred to as French mignon soup, and a dish of francaise",CosineGECO,50,0.001,what is a favorite dish in france,msmarco-passage/train,ielabgroup/vec2text_gtr-base-st_corrector
833860,what is the most popular food in switzerland,"eat the best foods during pregnancy, such as a steamed egg, a steamed egg, and fiber in your ghe",CosineGECO,50,0.001,best foods to eat during pregnancy,msmarco-passage/train,ielabgroup/vec2text_gtr-base-st_corrector
207786,how are some sharks warm blooded,"temperature that is too warm is the temperature at which it is a berth for raw meat, and the temperature at 25-100 °F",CosineGECO,50,0.001,what temperature is too warm for raw meat,msmarco-passage/train,ielabgroup/vec2text_gtr-base-st_corrector
207786,how are some sharks warm blooded,a warm specimen is a hot spot that is a sample of a mixture of pyroxene and glycerol,CosineGECO,50,0.001,what is a warm specimen?,msmarco-passage/train,ielabgroup/vec2text_gtr-base-st_corrector
207786,how are some sharks warm blooded,do human blood attract sharks like,CosineGECO,50,0.001,does human urine attract sharks like blood,msmarco-passage/train,ielabgroup/vec2text_gtr-base-st_corrector
207786,how are some sharks warm blooded,"do not taste good, abrasive, abrasive, and a great American food, sharks do taste good and",CosineGECO,50,0.001,do shark taste good,msmarco-passage/train,ielabgroup/vec2text_gtr-base-st_corrector
207786,how are some sharks warm blooded,"During hypothermia, a group of gastrointestinal feces changes and the blood is taken in during the freezing of the liver",CosineGECO,50,0.001,what happens during hypothermia in the liver,msmarco-passage/train,ielabgroup/vec2text_gtr-base-st_corrector
207786,how are some sharks warm blooded,"of the whale sharks (Whale sabers and whale lions) are the shark predators of predation, today",CosineGECO,50,0.001,what are the whale sharks predators,msmarco-passage/train,ielabgroup/vec2text_gtr-base-st_corrector
207786,how are some sharks warm blooded,hot and cold fomentation meaning hot and cold fomentation is a defining a life span between warm and cold nuclei.,CosineGECO,50,0.001,hot and cold fomentation meaning,msmarco-passage/train,ielabgroup/vec2text_gtr-base-st_corrector
207786,how are some sharks warm blooded,a seahorse are warm blooded or cold-blooded and cold seahorses can be a slightly warmer,CosineGECO,50,0.001,are seahorses warm or cold blooded,msmarco-passage/train,ielabgroup/vec2text_gtr-base-st_corrector
207786,how are some sharks warm blooded,"how the 3 layers of skin regulate body temperature, restraining the body's resuscitate the body and putting the body",CosineGECO,50,0.001,how does the 3 layers of skin regulate body temperature,msmarco-passage/train,ielabgroup/vec2text_gtr-base-st_corrector
207786,how are some sharks warm blooded,"because of their sperm-eating ability, a good food chain and other behavioural information, whale sharks are important as whales are",CosineGECO,50,0.001,why are whale sharks important,msmarco-passage/train,ielabgroup/vec2text_gtr-base-st_corrector
1114819,what is durable medical equipment consist of,"what is inside a rugged laptop is a composed of a load of rugged chipsets, as well as dust, ice, fluid",CosineGECO,50,0.001,what is inside a rugged laptop,msmarco-passage/train,ielabgroup/vec2text_gtr-base-st_corrector
1114819,what is durable medical equipment consist of,modification of medical equipment. Modification of medical equipment (e.g. restraining of parts of medical equipment for insertion of nozzles,CosineGECO,50,0.001,modification of medical equipment,msmarco-passage/train,ielabgroup/vec2text_gtr-base-st_corrector
1114819,what is durable medical equipment consist of,medical designation for a dds and dds. The acronym DDSs stands for Dissector Surgical Disc.,CosineGECO,50,0.001,what does the medical designation dds stand for?,msmarco-passage/train,ielabgroup/vec2text_gtr-base-st_corrector
1114819,what is durable medical equipment consist of,a medical equipment provider’s (health care providers) or medical equipment providers. It is a durable product with a high quality of serviceability,CosineGECO,50,0.001,what is a durable medical equipment providers,msmarco-passage/train,ielabgroup/vec2text_gtr-base-st_corrector
1114819,what is durable medical equipment consist of,"is a cpa cpap specialty, it is durable medical equipment, depending on the quality and reliability of the equipment used and the ability",CosineGECO,50,0.001,is cpap durable medical equipment or speciality,msmarco-passage/train,ielabgroup/vec2text_gtr-base-st_corrector
1114819,what is durable medical equipment consist of,"the types of equipment that are used on a farm, ranging from a plow to a high-efficiency scrubbing machine",CosineGECO,50,0.001,what are the types of equipment used on a farm,msmarco-passage/train,ielabgroup/vec2text_gtr-base-st_corrector
1114819,what is durable medical equipment consist of,"what types of goods are covered by the care based labelling standard (i.e. textiles, textiles, textiles br",CosineGECO,50,0.001,what types of textiles based goods are covered by the care labelling standard,msmarco-passage/train,ielabgroup/vec2text_gtr-base-st_corrector
1114819,what is durable medical equipment consist of,the meaning of the term durable medical equipment (as in a medical diagnostics term) and the meaning of the term 'medical integrity',CosineGECO,50,0.001,what does the term durable medical equipment mean?,msmarco-passage/train,ielabgroup/vec2text_gtr-base-st_corrector
1114819,what is durable medical equipment consist of,what is reusable medical equipment or medical devices is a cost-effective and reusable device that is used in a patient’s life or health,CosineGECO,50,0.001,what is reusable medical equipment,msmarco-passage/train,ielabgroup/vec2text_gtr-base-st_corrector
1114819,what is durable medical equipment consist of,"which are considered adequate first aid supplies are available, such as a 1-2-1-2-A syringe, a disinfectant,",CosineGECO,50,0.001,what are adequate first aid supplies,msmarco-passage/train,ielabgroup/vec2text_gtr-base-st_corrector
183378,exons definition biology,"In cell biology, mitochondria (Madisonae or -membrane) are a class of cells that define biology",CosineGECO,50,0.001,define mitochondria in biology,msmarco-passage/train,ielabgroup/vec2text_gtr-base-st_corrector
183378,exons definition biology,"meaning ""desmosomes"" (dismosomes) is how a cell in a mosene (a gene)",CosineGECO,50,0.001,what does desmosomes mean in,msmarco-passage/train,ielabgroup/vec2text_gtr-base-st_corrector
183378,exons definition biology,"definition in science. In chemistry and physics, ion (ion-cis-particle) are a group of abundant minerals",CosineGECO,50,0.001,ion definition in science,msmarco-passage/train,ielabgroup/vec2text_gtr-base-st_corrector
183378,exons definition biology,(exon) – a cell of a pterodendron (polyne) – defined as the exclusion,CosineGECO,50,0.001,definition of exon,msmarco-passage/train,ielabgroup/vec2text_gtr-base-st_corrector
183378,exons definition biology,"science evolution, a science defined by the equivalence of a phylogeny of animals such as the human branch",CosineGECO,50,0.001,evolution definition science,msmarco-passage/train,ielabgroup/vec2text_gtr-base-st_corrector
183378,exons definition biology,"definition of genesis (biology) - a definition of biology - genis, the adenovirus and the",CosineGECO,50,0.001,genesis definition biology,msmarco-passage/train,ielabgroup/vec2text_gtr-base-st_corrector
183378,exons definition biology,exodus (formerly known as Exodus) is a movement of exodus from the dinosaurs to the mount Sinai. It is,CosineGECO,50,0.001,what is exodus,msmarco-passage/train,ielabgroup/vec2text_gtr-base-st_corrector
183378,exons definition biology,"the definition of synthesis (biochemistry) in biology, synthesis is a chemical co-operation of allosteric organisms and organelles",CosineGECO,50,0.001,synthesis in biology definition,msmarco-passage/train,ielabgroup/vec2text_gtr-base-st_corrector
183378,exons definition biology,active exhalation is the exhalation of oxygen through edema and acoustic vents (during relaxation) defined respiratory,CosineGECO,50,0.001,active exhalation respiratory definition,msmarco-passage/train,ielabgroup/vec2text_gtr-base-st_corrector
183378,exons definition biology,(exoskeleton) - defined as a skeleton of a macroscopic skeleton of exoskeletons,CosineGECO,50,0.001,define exoskeleton,msmarco-passage/train,ielabgroup/vec2text_gtr-base-st_corrector
1106007,define visceral?,"defined as phantasy, the apse of a death or a sensation of a human being; Paracas",CosineGECO,50,0.001,define: phantasy,msmarco-passage/train,ielabgroup/vec2text_gtr-base-st_corrector
1106007,define visceral?,(known as visceral disease) is a disease of the sacroectal bifida which afflic,CosineGECO,50,0.001,what is visceral disease,msmarco-passage/train,ielabgroup/vec2text_gtr-base-st_corrector
1106007,define visceral?,"a sensitivity and retaliation to hypersensitivity, visceral hypersensitivity is a defined apical hypersensitivity or",CosineGECO,50,0.001,visceral hypersensitivity definition,msmarco-passage/train,ielabgroup/vec2text_gtr-base-st_corrector
1106007,define visceral?,"the Norwegian word 'banal', is a norse word meaning 'adjective, norse'.",CosineGECO,50,0.001,what does the norwegian word banal mean?,msmarco-passage/train,ielabgroup/vec2text_gtr-base-st_corrector
1106007,define visceral?,(known as visceral disease) is a disease of the sacroectal bifida which afflic,CosineGECO,50,0.001,what is visceral disease,msmarco-passage/train,ielabgroup/vec2text_gtr-base-st_corrector
1106007,define visceral?,"defined as a “control center,” the visceral control center is a sensitivity of direction and direction of movement of a target’s",CosineGECO,50,0.001,definition of visceral control center,msmarco-passage/train,ielabgroup/vec2text_gtr-base-st_corrector
1106007,define visceral?,"(commonly referred to as somatic pain) is a difference between somatic pain and visceral pain, which is a",CosineGECO,50,0.001,what is difference between somatic and visceral pain,msmarco-passage/train,ielabgroup/vec2text_gtr-base-st_corrector
1106007,define visceral?,"a definition of -vagus nerve, a nerve of -apneas valvation of muscles",CosineGECO,50,0.001,definition of vagus nerve,msmarco-passage/train,ielabgroup/vec2text_gtr-base-st_corrector
1106007,define visceral?,a vocational,CosineGECO,50,0.001,define vocational,msmarco-passage/train,ielabgroup/vec2text_gtr-base-st_corrector
1106007,define visceral?,vesicle (or vesicle) is a vesicle of a ball acetylform,CosineGECO,50,0.001,what is vesicle,msmarco-passage/train,ielabgroup/vec2text_gtr-base-st_corrector
1124210,tracheids are part of _____.,"luarsioilan nerves, they are the languacral nerves, a part of cranial nerve",CosineGECO,50,0.001,what part of cranial nerves are they languilar nerves?,msmarco-passage/train,ielabgroup/vec2text_gtr-base-st_corrector
1124210,tracheids are part of _____.,"System: eye is a part of the system of the eye, along with the intestine, intestine, cynical,",CosineGECO,50,0.001,eye is part of what system,msmarco-passage/train,ielabgroup/vec2text_gtr-base-st_corrector
1124210,tracheids are part of _____.,"trachea and lungs are part of the trachea system, the lungs, the trachea and the endoc",CosineGECO,50,0.001,the lungs and trachea are part of what system,msmarco-passage/train,ielabgroup/vec2text_gtr-base-st_corrector
1124210,tracheids are part of _____.,structures form the floor and the part of the ventricle that forms the walls of the third ventricle and the rest of the atrium-,CosineGECO,50,0.001,which structure forms the floor and part of the walls of the third ventricle,msmarco-passage/train,ielabgroup/vec2text_gtr-base-st_corrector
1124210,tracheids are part of _____.,"the parts of the facial skeleton are the bones, cervix, face, and skeleton, which are left in the ske",CosineGECO,50,0.001,what are the parts of the facial skeleton,msmarco-passage/train,ielabgroup/vec2text_gtr-base-st_corrector
1124210,tracheids are part of _____.,"which are made of , , and . What plays an important role in cell division, though, is because these .",CosineGECO,50,0.001,"__________ play an important role in cell division, and they are made of __________.",msmarco-passage/train,ielabgroup/vec2text_gtr-base-st_corrector
1124210,tracheids are part of _____.,Endotracheal Endotracheal is a neohemeral duct that is passed on the ipsilateral,CosineGECO,50,0.001,what is endotracheal,msmarco-passage/train,ielabgroup/vec2text_gtr-base-st_corrector
1124210,tracheids are part of _____.,"which is the function that makes up the main part of the ribosome, or ribosomal adrenaline.",CosineGECO,50,0.001,what is a function that makes up the main part of the ribosome?,msmarco-passage/train,ielabgroup/vec2text_gtr-base-st_corrector
1124210,tracheids are part of _____.,"of the brain are the part of the brain such as the glia, the occipital lobe, and the e brain",CosineGECO,50,0.001,what are the part of the brain,msmarco-passage/train,ielabgroup/vec2text_gtr-base-st_corrector
1124210,tracheids are part of _____.,common name for trachea (common name for a common resuscitus of uniform gas trachea,CosineGECO,50,0.001,common name for trachea,msmarco-passage/train,ielabgroup/vec2text_gtr-base-st_corrector
490595,rsa definition key,"definition of eisa plan administrator. eisa plan administrator is a program, data, granule, and function administrator defined",CosineGECO,50,0.001,erisa definition of plan administrator,msmarco-passage/train,ielabgroup/vec2text_gtr-base-st_corrector
490595,rsa definition key,Sin of ga ga (Sin ga) is a sinful bond and is a sinful activity,CosineGECO,50,0.001,what is gsa sin,msmarco-passage/train,ielabgroup/vec2text_gtr-base-st_corrector
490595,rsa definition key,"sep ira. sep ira, defined as a definition of how individuals divide their funds",CosineGECO,50,0.001,sep ira definition,msmarco-passage/train,ielabgroup/vec2text_gtr-base-st_corrector
490595,rsa definition key,Medicinal systolic spherical spherical saa stand for the acronym BsA,CosineGECO,50,0.001,what does bsa abbreviation stand for in medical,msmarco-passage/train,ielabgroup/vec2text_gtr-base-st_corrector
490595,rsa definition key,Rnas are RNAs (rhodotyl-nasal acustris) that function,CosineGECO,50,0.001,what are rnas,msmarco-passage/train,ielabgroup/vec2text_gtr-base-st_corrector
490595,rsa definition key,"definition of mrsa, a disease of the macromegalic sarcoma virus, and other infectious disease",CosineGECO,50,0.001,definition of mrsa disease,msmarco-passage/train,ielabgroup/vec2text_gtr-base-st_corrector
490595,rsa definition key,The sa entry in the SAP . It is a list of entries that are present in a document such as a sap entry,CosineGECO,50,0.001,what is an sa entry in sap,msmarco-passage/train,ielabgroup/vec2text_gtr-base-st_corrector
490595,rsa definition key,a rfa is a reabator that sat a molecule and does things that will change the atomic location,CosineGECO,50,0.001,what does an rfa do,msmarco-passage/train,ielabgroup/vec2text_gtr-base-st_corrector
490595,rsa definition key,mSa oil mSa oil is a musculosic adobe oil that is a vegetable oil,CosineGECO,50,0.001,what is msa oil,msmarco-passage/train,ielabgroup/vec2text_gtr-base-st_corrector
490595,rsa definition key,"defining the term roma, formerly Roma, a country of Italy, a defect in the Italian gubernatorial process",CosineGECO,50,0.001,define roma,msmarco-passage/train,ielabgroup/vec2text_gtr-base-st_corrector
1103812,who formed the commonwealth of independent states,"independent living community, a lone living community, defined as independent living in a facility such as a house, a thrift store,",CosineGECO,50,0.001,independent living community definition,msmarco-passage/train,ielabgroup/vec2text_gtr-base-st_corrector
1103812,who formed the commonwealth of independent states,"1, 1956, which is the year of the guam enactment of a national independence, Guam became a guy",CosineGECO,50,0.001,what year guam became a independence,msmarco-passage/train,ielabgroup/vec2text_gtr-base-st_corrector
1103812,who formed the commonwealth of independent states,"(1777) and the European Union (1881) was formed, the European Union was a ratified treaty of the European Union of Europe formed",CosineGECO,50,0.001,what was the european union formed,msmarco-passage/train,ielabgroup/vec2text_gtr-base-st_corrector
1103812,who formed the commonwealth of independent states,"in 1856, the year of the Haitian-Italian reunification and peace effort, the HITCI gained independence,",CosineGECO,50,0.001,what year did the haiti gain independence,msmarco-passage/train,ielabgroup/vec2text_gtr-base-st_corrector
1103812,who formed the commonwealth of independent states,"from the king of France, who (Swiss) gained independence from the king of the Papacy, who in turn gained independence",CosineGECO,50,0.001,who did the swiss gain independence from,msmarco-passage/train,ielabgroup/vec2text_gtr-base-st_corrector
1103812,who formed the commonwealth of independent states,"the year 1791 or 1792, or the year it was given in the United States of America, the Declaration of Independence enacted the document",CosineGECO,50,0.001,what year did the declaration of independence,msmarco-passage/train,ielabgroup/vec2text_gtr-base-st_corrector
1103812,who formed the commonwealth of independent states,"(baron emester and king emester and king savoy) who founded Barnes and Noble, and William",CosineGECO,50,0.001,who founded barnes and noble,msmarco-passage/train,ielabgroup/vec2text_gtr-base-st_corrector
1103812,who formed the commonwealth of independent states,when Canada became an independent country from the United Kingdom (Britain) on 1 July 1891 and a 'Independence Treaty',CosineGECO,50,0.001,when did canada become an independent country from britain,msmarco-passage/train,ielabgroup/vec2text_gtr-base-st_corrector
1103812,who formed the commonwealth of independent states,"creation of a new party, the United States Democratic Party, and a group of descendants created by Edwin McMahon, who created",CosineGECO,50,0.001,who created the democratic party,msmarco-passage/train,ielabgroup/vec2text_gtr-base-st_corrector
1103812,who formed the commonwealth of independent states,called the Battle of '1717 (Battle of the Bards and Scots fought at the American airborne attack) called,CosineGECO,50,0.001,what was the battle of independence called,msmarco-passage/train,ielabgroup/vec2text_gtr-base-st_corrector
87181,causes of left ventricular hypertrophy,causes of hypoparathyroidism (a.k.a. hypoparasthomyeloma) and hypoparat,CosineGECO,50,0.001,causes of hypoparathyroidism,msmarco-passage/train,ielabgroup/vec2text_gtr-base-st_corrector
87181,causes of left ventricular hypertrophy,"oral planus lumosus (or oral lichen dermatitis) causes, a lichen will develop and a new cause",CosineGECO,50,0.001,oral lichen planus causes,msmarco-passage/train,ielabgroup/vec2text_gtr-base-st_corrector
87181,causes of left ventricular hypertrophy,heart problems are a result of the heart problems: cardiac hypertrophy causes heart problems that cause pulmonary oesophageal disease,CosineGECO,50,0.001,cardiac hypertrophy causes what heart problems,msmarco-passage/train,ielabgroup/vec2text_gtr-base-st_corrector
87181,causes of left ventricular hypertrophy,causes epidermoplegia or adenosympathetic verrucosa rosiformis molliform,CosineGECO,50,0.001,what causes epidermodysplasia verruciformis,msmarco-passage/train,ielabgroup/vec2text_gtr-base-st_corrector
87181,causes of left ventricular hypertrophy,causes: Hypertrophy of the ventricular systolic artery (ventricular hematopoieticis) is bilateral,CosineGECO,50,0.001,causes of bilateral ventricular hypertrophy,msmarco-passage/train,ielabgroup/vec2text_gtr-base-st_corrector
87181,causes of left ventricular hypertrophy,"a symptom of a high level of fetoprotein, causes elevated alpha fetoalpha and atropho",CosineGECO,50,0.001,causes of elevated alpha fetoprotein,msmarco-passage/train,ielabgroup/vec2text_gtr-base-st_corrector
87181,causes of left ventricular hypertrophy,"by the use of a steroid, a steroid, or chondrosis is the cause of vertigo.",CosineGECO,50,0.001,cause of vertigo,msmarco-passage/train,ielabgroup/vec2text_gtr-base-st_corrector
87181,causes of left ventricular hypertrophy,"a result of excessive body weight, elevated levels of Ast will cause elevated ASt. Symptomatic astrophy and a progressive autoimmune",CosineGECO,50,0.001,causes for elevated ast level,msmarco-passage/train,ielabgroup/vec2text_gtr-base-st_corrector
87181,causes of left ventricular hypertrophy,"causes (skin sclerosis, lymphoma and a person's aphlogistic disease) of Hodgkin",CosineGECO,50,0.001,causes of Hodgkin's disease,msmarco-passage/train,ielabgroup/vec2text_gtr-base-st_corrector
87181,causes of left ventricular hypertrophy,"a result of re-eating after a food, pvcs will occur if you eat during a post-cardia",CosineGECO,50,0.001,what causes pvcs after eating?,msmarco-passage/train,ielabgroup/vec2text_gtr-base-st_corrector
443396,lps laws definition,"a plc, a Lolc, LLC product. It is a highly rated premium pool for poliocellophany",CosineGECO,50,0.001,what is a pllc?,msmarco-passage/train,ielabgroup/vec2text_gtr-base-st_corrector
443396,lps laws definition,"general LLc (general liquor, a division of equities and insurance), defined as general business of incorporated LLC",CosineGECO,50,0.001,define general llc,msmarco-passage/train,ielabgroup/vec2text_gtr-base-st_corrector
443396,lps laws definition,lpc medical definition lpc is a medical definition of the small derangement and edema in the hands and feet,CosineGECO,50,0.001,lpc definition medical,msmarco-passage/train,ielabgroup/vec2text_gtr-base-st_corrector
443396,lps laws definition,"(tls), a defined definition of a tyron-fascible vehicle (tyron-space",CosineGECO,50,0.001,define tls,msmarco-passage/train,ielabgroup/vec2text_gtr-base-st_corrector
443396,lps laws definition,CPs CPs (also known as plcs) are a family of machine-coded fluids and biochemical systems that feature,CosineGECO,50,0.001,what are plcs,msmarco-passage/train,ielabgroup/vec2text_gtr-base-st_corrector
443396,lps laws definition,(gdp/lsa) is a mortgage on a property and a LDSA mortgage on a mortgage securing,CosineGECO,50,0.001,what is a ldp/gsa in mortgages,msmarco-passage/train,ielabgroup/vec2text_gtr-base-st_corrector
443396,lps laws definition,organization for law enforcement is a 501(c)(3) 501(c)(6) National Association of State and Counties Organization of State,CosineGECO,50,0.001,organization for law enforcement,msmarco-passage/train,ielabgroup/vec2text_gtr-base-st_corrector
443396,lps laws definition,definition of ppp. pp - pp politics - a form of political,CosineGECO,50,0.001,definition of ppp politics,msmarco-passage/train,ielabgroup/vec2text_gtr-base-st_corrector
443396,lps laws definition,"definition by the law firm Lasson & Baron-Lambaugh Legal representative Legal representative, legal representation, is a legal, legal entity",CosineGECO,50,0.001,legal definition  legal representative,msmarco-passage/train,ielabgroup/vec2text_gtr-base-st_corrector
443396,lps laws definition,"a litigator who is a liut-rights lawyer or a liut-rights attorney, property",CosineGECO,50,0.001,what is a property rights lawyers,msmarco-passage/train,ielabgroup/vec2text_gtr-base-st_corrector
1121709,what are the three percenters?,a wholesaler marks up the selling price by quoting the mark-up price at which the seller readily precludes ... 30-40 percent,CosineGECO,50,0.001,A wholesaler usually marks up the selling price by about ________ percent quizlet,msmarco-passage/train,ielabgroup/vec2text_gtr-base-st_corrector
1121709,what are the three percenters?,"a felony, FS3 is a felony in which a person is able to enter a felony in the United States",CosineGECO,50,0.001,what is an f3 felony,msmarco-passage/train,ielabgroup/vec2text_gtr-base-st_corrector
1121709,what are the three percenters?,The Merovingians The Merovingians (also known as the Merovates) were a 17th-century Greek and Roman dyna,CosineGECO,50,0.001,who were the merovingians,msmarco-passage/train,ielabgroup/vec2text_gtr-base-st_corrector
1121709,what are the three percenters?,One-third of the Senate is elected every brains,CosineGECO,50,0.001,One-third of the Senate is elected every brainly,msmarco-passage/train,ielabgroup/vec2text_gtr-base-st_corrector
1121709,what are the three percenters?,", three types of parasites",CosineGECO,50,0.001,what are the three types of parasites,msmarco-passage/train,ielabgroup/vec2text_gtr-base-st_corrector
1121709,what are the three percenters?,", , , , and , the three regions of the ear are the general areas of the ear and can be varying",CosineGECO,50,0.001,what are the three general areas or regions of the ear,msmarco-passage/train,ielabgroup/vec2text_gtr-base-st_corrector
1121709,what are the three percenters?,"of three items, one comma, and three commas (commons) have a comma (about 30).",CosineGECO,50,0.001,how many commas with three items?,msmarco-passage/train,ielabgroup/vec2text_gtr-base-st_corrector
1121709,what are the three percenters?,"you want to know how much money you need to make in your home bank? If the bank reserve increases $500 in credit, it is 3 percent to economy",CosineGECO,50,0.001,"you decide to take $300 out of your piggy bank at home and place it in the bank. if the reserve requirement is 5 percent, how much can your $300 increase the amount of money in the economy?",msmarco-passage/train,ielabgroup/vec2text_gtr-base-st_corrector
1121709,what are the three percenters?,"known as the 3 Rings, the 3 Rings and the 2 Rings are a pair of rings forming a sphere, an energy",CosineGECO,50,0.001,what are the 3 rings,msmarco-passage/train,ielabgroup/vec2text_gtr-base-st_corrector
1121709,what are the three percenters?,"clumsy tenor and a syllable, words count third person, as do three-quarter words, abo",CosineGECO,50,0.001,what words count third person,msmarco-passage/train,ielabgroup/vec2text_gtr-base-st_corrector
87452,causes of military suicide,"a common cause of death, followed by a lower-than-average risk of alcohol and microbial infections, is the most common cause of",CosineGECO,50,0.001,what is the most common cause of death of a child,msmarco-passage/train,ielabgroup/vec2text_gtr-base-st_corrector
87452,causes of military suicide,"as their college students, approximately 900,000 students die of suicide each year, of whom 155,060 die each year after a suicide",CosineGECO,50,0.001,how many college students die of suicide each year,msmarco-passage/train,ielabgroup/vec2text_gtr-base-st_corrector
87452,causes of military suicide,"(Coversea and Coronation) caused Prince death. Prince death, which was a result of a manipulation of his body organ,",CosineGECO,50,0.001,what caused Prince death,msmarco-passage/train,ielabgroup/vec2text_gtr-base-st_corrector
87452,causes of military suicide,(subject to globalization and the autonomy of the Russian Empire) — it was the cause of imperialism. The cause of imperialism.,CosineGECO,50,0.001,what was the cause of imperialism?,msmarco-passage/train,ielabgroup/vec2text_gtr-base-st_corrector
87452,causes of military suicide,"acronym of the Army (U.S. Army T.V.A.O.R., CASCASE, RET acronym for suicide",CosineGECO,50,0.001,army acronym for suicide,msmarco-passage/train,ielabgroup/vec2text_gtr-base-st_corrector
87452,causes of military suicide,Minimum age you can go,CosineGECO,50,0.001,minimum age can you go to the military,msmarco-passage/train,ielabgroup/vec2text_gtr-base-st_corrector
87452,causes of military suicide,"the average salary of a U.S. military soldier, a pay of 880,000",CosineGECO,50,0.001,what is the average salary of a military soldier,msmarco-passage/train,ielabgroup/vec2text_gtr-base-st_corrector
87452,causes of military suicide,the most common problems that are a common problem in the military (e.g. lone lone identifiers) -,CosineGECO,50,0.001,what are the most common problems in the military,msmarco-passage/train,ielabgroup/vec2text_gtr-base-st_corrector
87452,causes of military suicide,"number of military deaths per year by the U.S. Armed Forces (USAFTA) – 1,827 deaths per year –",CosineGECO,50,0.001,number of military deaths per year,msmarco-passage/train,ielabgroup/vec2text_gtr-base-st_corrector
87452,causes of military suicide,"how a military per diem works, per diem, and calculates the cost of meals for the military on a daily basis for the war",CosineGECO,50,0.001,how does military per diem work,msmarco-passage/train,ielabgroup/vec2text_gtr-base-st_corrector
855410,what is theraderm used for,"using a steriloalkenese, Paraldehyde is used for veterinary and veterinary medicine and for food",CosineGECO,50,0.001,what is paraldehyde used for,msmarco-passage/train,ielabgroup/vec2text_gtr-base-st_corrector
855410,what is theraderm used for,"viibryd is used for the treatment of bronchial fibrosis, chromone and alcohol use. This is",CosineGECO,50,0.001,what is viibryd used for,msmarco-passage/train,ielabgroup/vec2text_gtr-base-st_corrector
855410,what is theraderm used for,a thermie            is a thermo,CosineGECO,50,0.001,what is a thermie,msmarco-passage/train,ielabgroup/vec2text_gtr-base-st_corrector
855410,what is theraderm used for,"Sorel is used for a wide variety of uses including safranol, turdle fibre, sodrel,",CosineGECO,50,0.001,what is sorrel used for,msmarco-passage/train,ielabgroup/vec2text_gtr-base-st_corrector
855410,what is theraderm used for,Thermite Thermite (also thyralocybine) is a chemical substance that is a stockp,CosineGECO,50,0.001,what is thermite,msmarco-passage/train,ielabgroup/vec2text_gtr-base-st_corrector
855410,what is theraderm used for,"ham is used for a variety of products, including harrowed flour, mashed potatoes, and honey. Ham is used as",CosineGECO,50,0.001,what is ham used for,msmarco-passage/train,ielabgroup/vec2text_gtr-base-st_corrector
855410,what is theraderm used for,"a benefit of radish – plants that help reduce bruising, faecal germs, and a number of vitamins",CosineGECO,50,0.001,benefits of radish,msmarco-passage/train,ielabgroup/vec2text_gtr-base-st_corrector
855410,what is theraderm used for,"used for a xylem-based medicine, and Xyrem is used for xyrema and other everyday",CosineGECO,50,0.001,what is xyrem used for,msmarco-passage/train,ielabgroup/vec2text_gtr-base-st_corrector
855410,what is theraderm used for,the purpose of a number of ARCs (like vertice-28 and grey-force). This function is the purpose of radius,CosineGECO,50,0.001,what is the purpose of radius,msmarco-passage/train,ielabgroup/vec2text_gtr-base-st_corrector
855410,what is theraderm used for,beam-R conditioning is a conditioning program for improving the ecdystrophy and physiology. Known as BEAM-,CosineGECO,50,0.001,what is beam-r conditioning,msmarco-passage/train,ielabgroup/vec2text_gtr-base-st_corrector
1114646,what is famvir prescribed for,"on the medication of a cyclopazine tablet, Zyloprim is used for the treatment of many diseases such as diabetes",CosineGECO,50,0.001,what is zyloprim used for,msmarco-passage/train,ielabgroup/vec2text_gtr-base-st_corrector
1114646,what is famvir prescribed for,"it is a venom of the medulloprotein, simvistatin does a variety of things to increase the heart",CosineGECO,50,0.001,what does simvistatin do,msmarco-passage/train,ielabgroup/vec2text_gtr-base-st_corrector
1114646,what is famvir prescribed for,"for a dilated fecal clot, Dofetilide or Dofetilide generic is a pharmaceutical drug used",CosineGECO,50,0.001,what is dofetilide generic for,msmarco-passage/train,ielabgroup/vec2text_gtr-base-st_corrector
1114646,what is famvir prescribed for,why it is recommended: 1. prescribe farxxia. 2. prescribe farx because it helps to drive a healthy diet and a physical cala,CosineGECO,50,0.001,why prescribe farxia,msmarco-passage/train,ielabgroup/vec2text_gtr-base-st_corrector
1114646,what is famvir prescribed for,a rifafour medication treats rifaburiensis and rheumatism. This medication is used to treat,CosineGECO,50,0.001,what does rifafour treat,msmarco-passage/train,ielabgroup/vec2text_gtr-base-st_corrector
1114646,what is famvir prescribed for,"vicodin is prescribed for the treatment of a chronic osteodontis, a heart attack and a poliomyelitis",CosineGECO,50,0.001,what is vicodin prescribed for,msmarco-passage/train,ielabgroup/vec2text_gtr-base-st_corrector
1114646,what is famvir prescribed for,"Using a 1 mg capsule, folic acid is used to treat infants or preterms and momomom",CosineGECO,50,0.001,what is folic acid 1mg used for,msmarco-passage/train,ielabgroup/vec2text_gtr-base-st_corrector
1114646,what is famvir prescribed for,SEED Pfetafluoride (sulafed pephrine) is used for a variety of medical applications such as,CosineGECO,50,0.001,what is sudafed pe used for,msmarco-passage/train,ielabgroup/vec2text_gtr-base-st_corrector
1114646,what is famvir prescribed for,-Simvastatin -Simvastatin is used for adolescent and obstructive,CosineGECO,50,0.001,what is simvastatin used for and side effects,msmarco-passage/train,ielabgroup/vec2text_gtr-base-st_corrector
1114646,what is famvir prescribed for,"sulfatrim is used to treat ""S. sulfatrim"" and other types of bacteria, such as bacterial meagre",CosineGECO,50,0.001,what kind of bacteria does sulfatrim treat,msmarco-passage/train,ielabgroup/vec2text_gtr-base-st_corrector
19335,anthropological definition of environment,"defined as anthropomorphism, a division of humanoid anthropomorphism by apoptotic lions",CosineGECO,50,0.001,define anthropomorphism,msmarco-passage/train,ielabgroup/vec2text_gtr-base-st_corrector
19335,anthropological definition of environment,"alogia and avolition. Alogia is the affection, affection, a perception and",CosineGECO,50,0.001,what is avolition and alogia,msmarco-passage/train,ielabgroup/vec2text_gtr-base-st_corrector
19335,anthropological definition of environment,definitions of adobe and adobe adobe (AP) human geography vocabulary vocabulary are the social linguistic,CosineGECO,50,0.001,ap human geography vocabulary definitions,msmarco-passage/train,ielabgroup/vec2text_gtr-base-st_corrector
19335,anthropological definition of environment,(the environment) is a marketing environment (as well as the organizational environment of a consumer organization) and its relationship to the sales and marketing,CosineGECO,50,0.001,what is the marketing environment,msmarco-passage/train,ielabgroup/vec2text_gtr-base-st_corrector
19335,anthropological definition of environment,of a constructed environment is a constructed environment (or a 'Consumed Environment') that is often a vision of emerging,CosineGECO,50,0.001,what is an constructed environment,msmarco-passage/train,ielabgroup/vec2text_gtr-base-st_corrector
19335,anthropological definition of environment,the definition of a hostile work environment (or a work environment for a long period of time in which an employee is not comfortable in the environment,CosineGECO,50,0.001,definition of a hostile work environment,msmarco-passage/train,ielabgroup/vec2text_gtr-base-st_corrector
19335,anthropological definition of environment,environmental science is the definition of mantle – a resiphery of a complex geophysical structure and crust of materials,CosineGECO,50,0.001,environmental science definition of mantle,msmarco-passage/train,ielabgroup/vec2text_gtr-base-st_corrector
19335,anthropological definition of environment,Environmental aspect is a concept.,CosineGECO,50,0.001,what is environmental aspect?,msmarco-passage/train,ielabgroup/vec2text_gtr-base-st_corrector
19335,anthropological definition of environment,"(what is anthropology) is a study of the anthropology of human ancestors, anthropologists, eulogy",CosineGECO,50,0.001,what is anthropology,msmarco-passage/train,ielabgroup/vec2text_gtr-base-st_corrector
19335,anthropological definition of environment,"biology: entropy is a definition of a cell's entropy, the order of events that divide into a queue",CosineGECO,50,0.001,biology definition of entropy,msmarco-passage/train,ielabgroup/vec2text_gtr-base-st_corrector
47923,axon terminals or synaptic knob definition,"medical definition of synaptic knob, a glial apical organ of a gastrointestinal organ, known as synapt",CosineGECO,50,0.001,medical definition of synaptic knob,msmarco-passage/train,ielabgroup/vec2text_gtr-base-st_corrector
47923,axon terminals or synaptic knob definition,(usually terminal,CosineGECO,50,0.001,what is terminal,msmarco-passage/train,ielabgroup/vec2text_gtr-base-st_corrector
47923,axon terminals or synaptic knob definition,"a combination of the T and A LANs, the AV node sits between the A  node. It sits between",CosineGECO,50,0.001,what does the AV node sit between,msmarco-passage/train,ielabgroup/vec2text_gtr-base-st_corrector
47923,axon terminals or synaptic knob definition,(Boyst-Lemaire) symbiont is a morphological definition of a form of unison,CosineGECO,50,0.001,symbiont definition,msmarco-passage/train,ielabgroup/vec2text_gtr-base-st_corrector
47923,axon terminals or synaptic knob definition,children define the autonomic nervous system as a system of sympathetic neurons in their brains that is inactive at a child,CosineGECO,50,0.001,autonomic nervous system definition for kids,msmarco-passage/train,ielabgroup/vec2text_gtr-base-st_corrector
47923,axon terminals or synaptic knob definition,"thorax (a phylogeny of the torso, a lateral axon, a muscle), definition",CosineGECO,50,0.001,definition thorax,msmarco-passage/train,ielabgroup/vec2text_gtr-base-st_corrector
47923,axon terminals or synaptic knob definition,"name for a dichotomous key, which is an alternative name for a lone-hypophysico key,",CosineGECO,50,0.001,what is another name for a dichotomous key,msmarco-passage/train,ielabgroup/vec2text_gtr-base-st_corrector
47923,axon terminals or synaptic knob definition,(chromos) is a chromosome that is one of the,CosineGECO,50,0.001,what is chromos,msmarco-passage/train,ielabgroup/vec2text_gtr-base-st_corrector
47923,axon terminals or synaptic knob definition,What is axillary nodes (apical lymph nodes) is a ductus ryelujoflagellary gland,CosineGECO,50,0.001,what is axillary lymph nodes,msmarco-passage/train,ielabgroup/vec2text_gtr-base-st_corrector
47923,axon terminals or synaptic knob definition,Gordian knot           ) is the married dress,CosineGECO,50,0.001,what is gordian knot,msmarco-passage/train,ielabgroup/vec2text_gtr-base-st_corrector
405717,is cdg airport in main paris,"airline of Cdg, and a subsidiary of the airline GC-DK-Oslau, is Cdg Airlines (",CosineGECO,50,0.001,what airline is cdg,msmarco-passage/train,ielabgroup/vec2text_gtr-base-st_corrector
405717,is cdg airport in main paris,the airport in Indianapolis (I-Anchor 591) and the formerly-situated airport (I-Anchor) in Inpolis,CosineGECO,50,0.001,where is the airport in indianapolis,msmarco-passage/train,ielabgroup/vec2text_gtr-base-st_corrector
405717,is cdg airport in main paris,airport at Lafayette (which is a public airport close to Paris-Loubet International Airport) to Lafayette,CosineGECO,50,0.001,what airport is near lafayette la,msmarco-passage/train,ielabgroup/vec2text_gtr-base-st_corrector
405717,is cdg airport in main paris,"airport is Clt.          , Llantr",CosineGECO,50,0.001,which airport is clt?,msmarco-passage/train,ielabgroup/vec2text_gtr-base-st_corrector
405717,is cdg airport in main paris,"which is the main airport (Eudorph, Schwymburg, , , , ) of the Philadelphia airport",CosineGECO,50,0.001,what is the main airport in philadelphia?,msmarco-passage/train,ielabgroup/vec2text_gtr-base-st_corrector
405717,is cdg airport in main paris,"the airport in the southeastern southeastern sc., Charleston CS, is the home of the Charleston Airfield",CosineGECO,50,0.001,where is the airport in charleston sc,msmarco-passage/train,ielabgroup/vec2text_gtr-base-st_corrector
405717,is cdg airport in main paris,"sa GSA Paris sa GSA sa gi per diem, and a sa gi per",CosineGECO,50,0.001,gsa paris per diem,msmarco-passage/train,ielabgroup/vec2text_gtr-base-st_corrector
405717,is cdg airport in main paris,name of the airport is ord (standing for ord - ord or ord,CosineGECO,50,0.001,what is the airport name of ord stand for,msmarco-passage/train,ielabgroup/vec2text_gtr-base-st_corrector
405717,is cdg airport in main paris,"located at 00:00 U.S. on the small island of Mézienne, Paris Me is the meridian city of France",CosineGECO,50,0.001,where is paris me,msmarco-passage/train,ielabgroup/vec2text_gtr-base-st_corrector
405717,is cdg airport in main paris,georgia International Airport georgia International Airport (formerly Elyston-Georgia Airport) at George,CosineGECO,50,0.001,where is georgetown international airport,msmarco-passage/train,ielabgroup/vec2text_gtr-base-st_corrector
182539,example of monotonic function,Grapheme  is an example of a graph on a gramosymbol and a calve and example,CosineGECO,50,0.001,what is a grapheme definition and example,msmarco-passage/train,ielabgroup/vec2text_gtr-base-st_corrector
182539,example of monotonic function,cost plus incentive fee contract (example: a commingle & a pay ) can be used to describe contract incentives,CosineGECO,50,0.001,cost plus incentive fee contract examples,msmarco-passage/train,ielabgroup/vec2text_gtr-base-st_corrector
182539,example of monotonic function,"describe the different types of nonlinear functions, which are a -function, a -function, a -",CosineGECO,50,0.001,what are the different types of nonlinear functions,msmarco-passage/train,ielabgroup/vec2text_gtr-base-st_corrector
182539,example of monotonic function,"is  and  are examples of ,  is  or  is ,  is",CosineGECO,50,0.001,is or are examples,msmarco-passage/train,ielabgroup/vec2text_gtr-base-st_corrector
182539,example of monotonic function,"(e.g. beans) are an example of legumes, they are examples of legumes such as lobognathones and almond",CosineGECO,50,0.001,what are legumes examples,msmarco-passage/train,ielabgroup/vec2text_gtr-base-st_corrector
182539,example of monotonic function,"examples of real numbers (for a root of 0 and a CI value of 1, 0 and 6) are examples of real",CosineGECO,50,0.001,what are examples of real numbers,msmarco-passage/train,ielabgroup/vec2text_gtr-base-st_corrector
182539,example of monotonic function,a key example of passively acquired immunity is the artificial immunity of a (feeble) adolescent artificially,CosineGECO,50,0.001,what is an example of artificially acquired passive immunity,msmarco-passage/train,ielabgroup/vec2text_gtr-base-st_corrector
182539,example of monotonic function,your dictionary definition of metamorphic a morphic a . Examples are a gyrophony and a,CosineGECO,50,0.001,metamorphic examples your dictionary,msmarco-passage/train,ielabgroup/vec2text_gtr-base-st_corrector
182539,example of monotonic function,what constitutes a rational expression are examples of expressions such as a fraction dividing a rational expression and a corrected cyclod,CosineGECO,50,0.001,what constitutes a rational expression examples,msmarco-passage/train,ielabgroup/vec2text_gtr-base-st_corrector
182539,example of monotonic function,"a scavenger is an example of a scavenger, a collection of arachnids found",CosineGECO,50,0.001,what is an example of a scavenger,msmarco-passage/train,ielabgroup/vec2text_gtr-base-st_corrector
1113437,what is physical description of spruce,The spicules of bone spicules (or spicules) are small spicules present in bone,CosineGECO,50,0.001,what are spicules in bone,msmarco-passage/train,ielabgroup/vec2text_gtr-base-st_corrector
1113437,what is physical description of spruce,"a spline, a spline is a defined spherical definition of a bone in the human",CosineGECO,50,0.001,spline definition,msmarco-passage/train,ielabgroup/vec2text_gtr-base-st_corrector
1113437,what is physical description of spruce,"plunge is a fabled electronic music collection by the band Postock, formerly known as Blood, and now known as",CosineGECO,50,0.001,what is plunge,msmarco-passage/train,ielabgroup/vec2text_gtr-base-st_corrector
1113437,what is physical description of spruce,"What is the structure of a skeleton, a skeleton is a skeleton-like structure whose skeletons",CosineGECO,50,0.001,what kind of structure is a skeleton,msmarco-passage/train,ielabgroup/vec2text_gtr-base-st_corrector
1113437,what is physical description of spruce,what is called a tree covered path (,CosineGECO,50,0.001,What is a tree covered path or road called?,msmarco-passage/train,ielabgroup/vec2text_gtr-base-st_corrector
1113437,what is physical description of spruce,"(the fig tree) meaning ""Pleasad of the trees, the fig tree"" () is a tree that symbolize",CosineGECO,50,0.001,the fig tree meaning,msmarco-passage/train,ielabgroup/vec2text_gtr-base-st_corrector
1113437,what is physical description of spruce,sprix sprix (also known as sprix) is a 3D biosensory device for children. It is,CosineGECO,50,0.001,what is sprix,msmarco-passage/train,ielabgroup/vec2text_gtr-base-st_corrector
1113437,what is physical description of spruce,"symptoms are celiac sprue disease. Patients with this disease can experience a three-month-old symptoms, food allergy, diarrhea",CosineGECO,50,0.001,celiac sprue disease symptoms,msmarco-passage/train,ielabgroup/vec2text_gtr-base-st_corrector
1113437,what is physical description of spruce,"a structure       , how the of leaf photostners affect photosynthesis",CosineGECO,50,0.001,how does the structure featers of a leaf affect photosynthesis,msmarco-passage/train,ielabgroup/vec2text_gtr-base-st_corrector
1113437,what is physical description of spruce,"A steep , formerly named , is a nutrient-rich sprinkle of a starch",CosineGECO,50,0.001,what is a steep,msmarco-passage/train,ielabgroup/vec2text_gtr-base-st_corrector
1129237,hydrogen is a liquid below what temperature,a hand held vaporizer should be set at 89 °C or a cigarette should be set on the battery or a handheld,CosineGECO,50,0.001,what temperature should a hand held vaporizer be set on,msmarco-passage/train,ielabgroup/vec2text_gtr-base-st_corrector
1129237,hydrogen is a liquid below what temperature,core temperature and hold temperature. Core temperature is a hold temperature for a core and a hold temperature for a -88Ji,CosineGECO,50,0.001,core temperature and hold temperature,msmarco-passage/train,ielabgroup/vec2text_gtr-base-st_corrector
1129237,hydrogen is a liquid below what temperature,"what temperature a human being must burn in order for a human being to remain in a human's body, a human being must be",CosineGECO,50,0.001,what must be the temperature for a human being to burn,msmarco-passage/train,ielabgroup/vec2text_gtr-base-st_corrector
1129237,hydrogen is a liquid below what temperature,"of helical sulphur (-polynumeric) and helical sulphur (No), hydrogen is pure",CosineGECO,50,0.001,is hydrogen pure,msmarco-passage/train,ielabgroup/vec2text_gtr-base-st_corrector
1129237,hydrogen is a liquid below what temperature,with the temperature range of 1 to 1 °C (mega- or medium-temperature) on Jupiter or on Jupiter,CosineGECO,50,0.001,what is the temperature range on Jupiter,msmarco-passage/train,ielabgroup/vec2text_gtr-base-st_corrector
1129237,hydrogen is a liquid below what temperature,"unit of Celsius, the freezing temperature of water in the freezing temperatures of water is 0 °F (100 °C) on the planet Mars",CosineGECO,50,0.001,what is the freezing temp of water in celsius,msmarco-passage/train,ielabgroup/vec2text_gtr-base-st_corrector
1129237,hydrogen is a liquid below what temperature,temperature range of halocarbon oil is between 6-aval and   petroleum,CosineGECO,50,0.001,temperature range of halocarbon oil,msmarco-passage/train,ielabgroup/vec2text_gtr-base-st_corrector
1129237,hydrogen is a liquid below what temperature,"temperature. Under 100 °C, magma is in the range of magma evaporation or magma-magma",CosineGECO,50,0.001,what is the temperature range for magma?,msmarco-passage/train,ielabgroup/vec2text_gtr-base-st_corrector
1129237,hydrogen is a liquid below what temperature,", hydrogen peroxide acts as a pressure over oxygen",CosineGECO,50,0.001,what does hydrogen peroxide do under pressure,msmarco-passage/train,ielabgroup/vec2text_gtr-base-st_corrector
1129237,hydrogen is a liquid below what temperature,"Temperature of bleach  240 °C to 230 °C, or a vapor when turned to chlorine, it turns",CosineGECO,50,0.001,what temp does bleach turn to vapor,msmarco-passage/train,ielabgroup/vec2text_gtr-base-st_corrector
146187,difference between a mcdouble and a double cheeseburger,as much as 0.5 to 0.5 g of protein on a McDonald's burger or mcdonalds burger contain,CosineGECO,50,0.001,how much protein does a mcdonalds burger have,msmarco-passage/train,ielabgroup/vec2text_gtr-base-st_corrector
146187,difference between a mcdouble and a double cheeseburger,"difference between Booster is the difference between a repeater and a reloader, i.e., a frequency",CosineGECO,50,0.001,difference between booster and repeater,msmarco-passage/train,ielabgroup/vec2text_gtr-base-st_corrector
146187,difference between a mcdouble and a double cheeseburger,"a difference between DVD+r and r, a difference between DVD-r and r, a difference between DVD-r and",CosineGECO,50,0.001,what the difference between dvd+r and dvd-r,msmarco-passage/train,ielabgroup/vec2text_gtr-base-st_corrector
146187,difference between a mcdouble and a double cheeseburger,a difference between a goldendoodle and a loodle (or labradoodle) is the difference between a goldendoodle,CosineGECO,50,0.001,what is difference between labradoodle and goldendoodle,msmarco-passage/train,ielabgroup/vec2text_gtr-base-st_corrector
146187,difference between a mcdouble and a double cheeseburger,primary difference between a democracy (which is a govt.) and an oligarchy (or a govt.),CosineGECO,50,0.001,what is the primary difference between an oligarchy and a democracy?,msmarco-passage/train,ielabgroup/vec2text_gtr-base-st_corrector
146187,difference between a mcdouble and a double cheeseburger,The distinction between periodically and periodically is a misinterpretation of the condition of a person who is obliging – Until periodically,CosineGECO,50,0.001,difference between occasionally and periodically,msmarco-passage/train,ielabgroup/vec2text_gtr-base-st_corrector
146187,difference between a mcdouble and a double cheeseburger,"types of macronutrients in beef meat, i.e. macronutrients (macronutrients) and dietary supplement",CosineGECO,50,0.001,types of macronutrients in beef,msmarco-passage/train,ielabgroup/vec2text_gtr-base-st_corrector
146187,difference between a mcdouble and a double cheeseburger,"m.m. Mass is the difference between molar and molar systacte, and molar",CosineGECO,50,0.001,what is the difference between between mass and molar,msmarco-passage/train,ielabgroup/vec2text_gtr-base-st_corrector
146187,difference between a mcdouble and a double cheeseburger,difference between a latte (ease coffee) and a macato (ease coffee) and macchito,CosineGECO,50,0.001,what is the difference between a latte and macchiato,msmarco-passage/train,ielabgroup/vec2text_gtr-base-st_corrector
146187,difference between a mcdouble and a double cheeseburger,difference between a coffee (so-called a cappuccino) and a latte (so-acappuc,CosineGECO,50,0.001,difference between a latte and a cappuccino,msmarco-passage/train,ielabgroup/vec2text_gtr-base-st_corrector
