query_id,text,obfuscatedText,mechanism,epsilon,top_percentile,pivot_query,pool,corrector_model
1030303,who is aziz hashim,a year in art. Abdelaziz blakeflika is a opportunist from Bayose,CosineGECO,20,0.001,who is abdelaziz bouteflika?,msmarco-passage/train,ielabgroup/vec2text_gtr-base-st_corrector
1030303,who is aziz hashim,Shaun Micheal (better known as Shaun Michael) is a British judo champion and a former manager of the,CosineGECO,20,0.001,who is shaun michael,msmarco-passage/train,ielabgroup/vec2text_gtr-base-st_corrector
1030303,who is aziz hashim,(Haschem Code) is the hazmat code and the issuance of the code 00908 of the HACSB chemical code,CosineGECO,20,0.001,what is the hazchem code,msmarco-passage/train,ielabgroup/vec2text_gtr-base-st_corrector
1030303,who is aziz hashim,"hussar is a faulk of the Ottoman Empire and is a natural exhibit known as ""Hasar",CosineGECO,20,0.001,what is hussar,msmarco-passage/train,ielabgroup/vec2text_gtr-base-st_corrector
1030303,who is aziz hashim,nizar najib nizar najib is a Pakistan-based actor and the founder of the Shifa Kes,CosineGECO,20,0.001,who is nizar najib,msmarco-passage/train,ielabgroup/vec2text_gtr-base-st_corrector
1030303,who is aziz hashim,francis ali francis ali is a 20th-century Catholic philanthropist and founder of the History of France,CosineGECO,20,0.001,who is francis ali,msmarco-passage/train,ielabgroup/vec2text_gtr-base-st_corrector
1030303,who is aziz hashim,"who is alias Rah ali. Rah ali is a Pakistani artist, a former cricket star and a mentor to Josh Bach",CosineGECO,20,0.001,who is Rah ali,msmarco-passage/train,ielabgroup/vec2text_gtr-base-st_corrector
1030303,who is aziz hashim,(Shia            ) Islam of,CosineGECO,20,0.001,what is shia islam,msmarco-passage/train,ielabgroup/vec2text_gtr-base-st_corrector
1030303,who is aziz hashim,Danese nawaz Danese nawaz,CosineGECO,20,0.001,danish nawaz,msmarco-passage/train,ielabgroup/vec2text_gtr-base-st_corrector
1030303,who is aziz hashim,za'atar seasoning is a spice and neftuzool and cooking sauce known as za'a,CosineGECO,20,0.001,what is za'atar seasoning,msmarco-passage/train,ielabgroup/vec2text_gtr-base-st_corrector
1037496,who is rep scalise?,"differences between representatives of the United States (Secretary of the United States,     ) and state representatives",CosineGECO,20,0.001,differences between us representatives and state representatives,msmarco-passage/train,ielabgroup/vec2text_gtr-base-st_corrector
1037496,who is rep scalise?,"congress of the United States House of Representatives senate senate senate, where it is held and where it is held",CosineGECO,20,0.001,house of representatives senate congress in us where is it held,msmarco-passage/train,ielabgroup/vec2text_gtr-base-st_corrector
1037496,who is rep scalise?,"Page Reifler (a.k.a. Paige Reifler) is a woman, comedian and producer of the NBC reality",CosineGECO,20,0.001,who is paige reifler,msmarco-passage/train,ielabgroup/vec2text_gtr-base-st_corrector
1037496,who is rep scalise?,"is a republican, Gov. Baker is a Democrat, as was gubernatorial nominee and former United States Senator Sel",CosineGECO,20,0.001,is gov baker a republican,msmarco-passage/train,ielabgroup/vec2text_gtr-base-st_corrector
1037496,who is rep scalise?,"a memory of the genius of a tadpole, and a student of Sebastian Leitch, known as Mr. Krause",CosineGECO,20,0.001,who is mr. krause,msmarco-passage/train,ielabgroup/vec2text_gtr-base-st_corrector
1037496,who is rep scalise?,"the term of a house representative, formally a ""House of Representatives"" or ""House of Deputies"", is an air",CosineGECO,20,0.001,what is the term of a house representative,msmarco-passage/train,ielabgroup/vec2text_gtr-base-st_corrector
1037496,who is rep scalise?,"senate who was a U.S. senator from what was known as ""Alabama"" and who was U.S.",CosineGECO,20,0.001,who was the alabama senator,msmarco-passage/train,ielabgroup/vec2text_gtr-base-st_corrector
1037496,who is rep scalise?,Democrat who is ellison ellison ellison is a longtime aide to D.C. Ellison and the Democrat,CosineGECO,20,0.001,who is democrat ellison,msmarco-passage/train,ielabgroup/vec2text_gtr-base-st_corrector
1037496,who is rep scalise?,alumnus of the f.i.o.o.o. department. Alfred Portale is an American biomedical,CosineGECO,20,0.001,who. is alfred portale,msmarco-passage/train,ielabgroup/vec2text_gtr-base-st_corrector
1037496,who is rep scalise?,Dr.McClintin Dr.McClintin is a celebrated physician and former runner-up of Rand,CosineGECO,20,0.001,who is dr rand mcclain,msmarco-passage/train,ielabgroup/vec2text_gtr-base-st_corrector
1043135,who killed nicholas ii of russia,"in Paris, France. , Nicolás ruled the southern part of the United Kingdom, and remained as NIDL rule until 19",CosineGECO,20,0.001,where did niall rule,msmarco-passage/train,ielabgroup/vec2text_gtr-base-st_corrector
1043135,who killed nicholas ii of russia,"(near the city of hamlilton, RI) where philip hamlilton is buried, is buried",CosineGECO,20,0.001,where is philip hamilton buried,msmarco-passage/train,ielabgroup/vec2text_gtr-base-st_corrector
1043135,who killed nicholas ii of russia,characteristics of Nicolias II. Nicolias is a holiness man and a sarcastic li,CosineGECO,20,0.001,characteristics of nicholas ii,msmarco-passage/train,ielabgroup/vec2text_gtr-base-st_corrector
1043135,who killed nicholas ii of russia,"following a murder by James Fletcher and a forensic investigation, the DEA, who killed Dickson (Ddicon).",CosineGECO,20,0.001,who killed dickinson,msmarco-passage/train,ielabgroup/vec2text_gtr-base-st_corrector
1043135,who killed nicholas ii of russia,"composers, Georgiy Rusevich abirsk, abirsk Mudensky most famous Russian",CosineGECO,20,0.001,most famous russian composers,msmarco-passage/train,ielabgroup/vec2text_gtr-base-st_corrector
1043135,who killed nicholas ii of russia,"ad hoc sneet ad iiii, actor who played Fyodor iii",CosineGECO,20,0.001,actor who played fyodor iii,msmarco-passage/train,ielabgroup/vec2text_gtr-base-st_corrector
1043135,who killed nicholas ii of russia,"has a confession made by Spencer and a witness, Bruce Bruce has confessed to killing shorty, daddy f",CosineGECO,20,0.001,has bruce daves confessed to killing shorty,msmarco-passage/train,ielabgroup/vec2text_gtr-base-st_corrector
1043135,who killed nicholas ii of russia,"by a cold drive-in on a pycnoec night, American stalwart John Winter died as the current",CosineGECO,20,0.001,how did johnny winter die,msmarco-passage/train,ielabgroup/vec2text_gtr-base-st_corrector
1043135,who killed nicholas ii of russia,The commotion caused king George I (Georgia XII) to go mad and he stymie,CosineGECO,20,0.001,what caused king george iii to go mad,msmarco-passage/train,ielabgroup/vec2text_gtr-base-st_corrector
1043135,who killed nicholas ii of russia,"who was killed by Charly Manson, a sleuth, Charles Manson, and Michael Henson, was killed by California",CosineGECO,20,0.001,who was killed by charles manson,msmarco-passage/train,ielabgroup/vec2text_gtr-base-st_corrector
1051399,who sings monk theme song,the gangster sleuth sleuth sings the rap song 'Gucci' by Pimp n',CosineGECO,20,0.001,who sings the gucci gang rap song,msmarco-passage/train,ielabgroup/vec2text_gtr-base-st_corrector
1051399,who sings monk theme song,(song a chiffrey a cappella) and what is the jump rope song is the 'Java Rage,CosineGECO,20,0.001,what is the jump rope song,msmarco-passage/train,ielabgroup/vec2text_gtr-base-st_corrector
1051399,who sings monk theme song,"a.k.a. the Moana Moana, and singer MC Moronica’s The Who Sings the theme",CosineGECO,20,0.001,who sings the moana theme song,msmarco-passage/train,ielabgroup/vec2text_gtr-base-st_corrector
1051399,who sings monk theme song,"sung by Freddie Mac and Alicia Keys, who sang Welcome to the jungle (song) Welcome to the jungle is a celebrated",CosineGECO,20,0.001,who sang welcome to the jungle,msmarco-passage/train,ielabgroup/vec2text_gtr-base-st_corrector
1051399,who sings monk theme song,"who all sang a wonderful world song (featuring Freddie, Carlyle, Mott, Bellafrance, The World Song",CosineGECO,20,0.001,who all sang a wonderful world song,msmarco-passage/train,ielabgroup/vec2text_gtr-base-st_corrector
1051399,who sings monk theme song,anne performs e e e e e e  with a theme song by G,CosineGECO,20,0.001,who performs anne with an e theme song,msmarco-passage/train,ielabgroup/vec2text_gtr-base-st_corrector
1051399,who sings monk theme song,"a bâtille, Béastille sings what she sings and what she is saying through the light of bastill",CosineGECO,20,0.001,what does bastille sing,msmarco-passage/train,ielabgroup/vec2text_gtr-base-st_corrector
1051399,who sings monk theme song,"who sang the song, and a song — ironic — on their album, ""A Song Is Ironic"". Lonnie MacDon",CosineGECO,20,0.001,who sang the song ironic?,msmarco-passage/train,ielabgroup/vec2text_gtr-base-st_corrector
1051399,who sings monk theme song,who sang the theme song to           Octopuss,CosineGECO,20,0.001,who sang the theme song to octopussy,msmarco-passage/train,ielabgroup/vec2text_gtr-base-st_corrector
1051399,who sings monk theme song,"who sang a beast song in the film, Beauty and the Beast (Foots & the Beasts song) by Ravenscomb",CosineGECO,20,0.001,who sang beasts song in beauty and the beast,msmarco-passage/train,ielabgroup/vec2text_gtr-base-st_corrector
1064670,why do hunters pattern their shotguns?,a dream that you have of being shot is a representation of the possibility that you will mean you will get shot by a big-box,CosineGECO,20,0.001,what does it mean if i have a dream of being shot,msmarco-passage/train,ielabgroup/vec2text_gtr-base-st_corrector
1064670,why do hunters pattern their shotguns?,"Known as granular scatter bait, it is a bait that is a high-resolution shot at a specific target concentration based",CosineGECO,20,0.001,what is granular scatter bait,msmarco-passage/train,ielabgroup/vec2text_gtr-base-st_corrector
1064670,why do hunters pattern their shotguns?,"because it is a way to show our illustrious and fabled readers, poets use rhyme scheme as a form of",CosineGECO,20,0.001,why do poets use rhyme scheme,msmarco-passage/train,ielabgroup/vec2text_gtr-base-st_corrector
1064670,why do hunters pattern their shotguns?,to keep rifes and explosives in contact. Teams conduct active shooter drills. Active drills are a good idea for,CosineGECO,20,0.001,why conduct active shooter drills,msmarco-passage/train,ielabgroup/vec2text_gtr-base-st_corrector
1064670,why do hunters pattern their shotguns?,"is a business owner with a felony, under the New York Penal Law, can have a shotgun with a drach",CosineGECO,20,0.001,can a business owner in ny a felony have a shotgun,msmarco-passage/train,ielabgroup/vec2text_gtr-base-st_corrector
1064670,why do hunters pattern their shotguns?,when Huntington's disease (a branchial disease and later a form of a gastrointestinal disease and a heart disease) was found,CosineGECO,20,0.001,when and how was huntington's disease found,msmarco-passage/train,ielabgroup/vec2text_gtr-base-st_corrector
1064670,why do hunters pattern their shotguns?,common cause of injection,CosineGECO,20,0.001,common causes for sprews to become stuck in injection mouldrs,msmarco-passage/train,ielabgroup/vec2text_gtr-base-st_corrector
1064670,why do hunters pattern their shotguns?,tracking and adolator and a tracking shot are used for tracking the movement of birds and dolls. The Dolly shots are used,CosineGECO,20,0.001,what are the dolly and tracking shots used for,msmarco-passage/train,ielabgroup/vec2text_gtr-base-st_corrector
1064670,why do hunters pattern their shotguns?,"the township is Hunterington station, at 9405 N.E. Bushwick Avenue, New York, which is now a former railroad station",CosineGECO,20,0.001,"what township is huntington station, ny in",msmarco-passage/train,ielabgroup/vec2text_gtr-base-st_corrector
1064670,why do hunters pattern their shotguns?,use a drop shot rig as a tool when you are using it in a fishing rig and a hole in the bottom of each,CosineGECO,20,0.001,how to use a drop shot rig in fishing,msmarco-passage/train,ielabgroup/vec2text_gtr-base-st_corrector
1071750,why is pete rose banned from hall of fame,"who nominated ABBA, along with Elvis Presley and Bobcat Daddy, to the rock 'n' roll hall of fame",CosineGECO,20,0.001,who nominated abba in to the rock and roll hall of fame,msmarco-passage/train,ielabgroup/vec2text_gtr-base-st_corrector
1071750,why is pete rose banned from hall of fame,to create a flurry of sensation because Nefese created the bust of Thutmoseti on nef,CosineGECO,20,0.001,why did thutmose create the bust of nefertiti,msmarco-passage/train,ielabgroup/vec2text_gtr-base-st_corrector
1071750,why is pete rose banned from hall of fame,"is jim mcmahon in the Pro Football Hall of Fame. , , , , , ,",CosineGECO,20,0.001,is jim mcmahon in the pro football hall of fame>,msmarco-passage/train,ielabgroup/vec2text_gtr-base-st_corrector
1071750,why is pete rose banned from hall of fame,(PE),CosineGECO,20,0.001,what is ppe,msmarco-passage/train,ielabgroup/vec2text_gtr-base-st_corrector
1071750,why is pete rose banned from hall of fame,to a raunchy music block that Vin Rock was kicked out of 'Naughty by Nature' for a sex,CosineGECO,20,0.001,what did vin rock get kicked out of naughty by nature for,msmarco-passage/train,ielabgroup/vec2text_gtr-base-st_corrector
1071750,why is pete rose banned from hall of fame,because the NFL commissioner has been booed so ill and so ill that people in the NFL do not get booed in 2016,CosineGECO,20,0.001,why is the nfl commissioner booed 2016,msmarco-passage/train,ielabgroup/vec2text_gtr-base-st_corrector
1071750,why is pete rose banned from hall of fame,a bruss call for Mike Leede's car and how he got arrested for leaking information to Mike Spinton,CosineGECO,20,0.001,what did mike leake get arrested for,msmarco-passage/train,ielabgroup/vec2text_gtr-base-st_corrector
1071750,why is pete rose banned from hall of fame,a 'perm banning' means that a person is banned on a permanent basis or a 'banned' means,CosineGECO,20,0.001,what does perm  banned mean,msmarco-passage/train,ielabgroup/vec2text_gtr-base-st_corrector
1071750,why is pete rose banned from hall of fame,"86 of the 14 Hall of Famers who played against two of his NBA champions, John Jordan, and two of his Jazz, played against when",CosineGECO,20,0.001,how many hall of famers did jordan play against,msmarco-passage/train,ielabgroup/vec2text_gtr-base-st_corrector
1071750,why is pete rose banned from hall of fame,"Dwight P. Pepererson jail time Dwight P. Pepererson, upcoming arrest on a federal bond and a $15",CosineGECO,20,0.001,drew peterson jail time,msmarco-passage/train,ielabgroup/vec2text_gtr-base-st_corrector
1105792,define: geon,"a lady, madame gibode. Madame Guyon is a billionaire and the entrepreneur of the Congo Republic",CosineGECO,20,0.001,who is madame guyon,msmarco-passage/train,ielabgroup/vec2text_gtr-base-st_corrector
1105792,define: geon,eon,CosineGECO,20,0.001,eon define,msmarco-passage/train,ielabgroup/vec2text_gtr-base-st_corrector
1105792,define: geon,The cooking term Gee (cooking term) Gee is a term used to mean when a chef cooks a dish or dishes,CosineGECO,20,0.001,what does the cooking term gee mean,msmarco-passage/train,ielabgroup/vec2text_gtr-base-st_corrector
1105792,define: geon,"a physician, a neuroscientist, or ""gerontologist,"" defined the study of age and death, resulting in",CosineGECO,20,0.001,define gerontologist,msmarco-passage/train,ielabgroup/vec2text_gtr-base-st_corrector
1105792,define: geon,"acute. Gourmet (or hysterical) gourmet, a definition of gourmet food, often referred to as a gourmet food",CosineGECO,20,0.001,define gourmet,msmarco-passage/train,ielabgroup/vec2text_gtr-base-st_corrector
1105792,define: geon,aon is a rich and powerful online data collection service (AVR) on-line. It is also known as a dows,CosineGECO,20,0.001,what is aon,msmarco-passage/train,ielabgroup/vec2text_gtr-base-st_corrector
1105792,define: geon,- the age of a person (gerontology) - a study of the age of the living (gerontology) and toxic,CosineGECO,20,0.001,the definition for gerontology,msmarco-passage/train,ielabgroup/vec2text_gtr-base-st_corrector
1105792,define: geon,gyro (few-weight rotating gyro) are a definition of a slice of bouncy food,CosineGECO,20,0.001,gyro definition,msmarco-passage/train,ielabgroup/vec2text_gtr-base-st_corrector
1105792,define: geon,"meaning of the Greek word  (Greek ) genes, which is a Greek word for bone,  (Granni",CosineGECO,20,0.001,meaning of the greek word genes,msmarco-passage/train,ielabgroup/vec2text_gtr-base-st_corrector
1105792,define: geon,aon project          is an on-line program for tracking,CosineGECO,20,0.001,what is aon project,msmarco-passage/train,ielabgroup/vec2text_gtr-base-st_corrector
1106979,define pareto chart in statistics,"defining petal. ""Petalum gloriosa"" petal is a spherical mass of flowers known as embryo",CosineGECO,20,0.001,definition petal,msmarco-passage/train,ielabgroup/vec2text_gtr-base-st_corrector
1106979,define pareto chart in statistics,meaning (phloem)  (phloem)  (or paragraph) is a type of letter,CosineGECO,20,0.001,what is paragraph means,msmarco-passage/train,ielabgroup/vec2text_gtr-base-st_corrector
1106979,define pareto chart in statistics,PAR system (system) PAR system (also known as a system of polaricity and polaricity) is a system for managing,CosineGECO,20,0.001,what is par system,msmarco-passage/train,ielabgroup/vec2text_gtr-base-st_corrector
1106979,define pareto chart in statistics,(Paracetamol) is a food and anti-inflammatory drug acetaminophenone which is a useful symptom,CosineGECO,20,0.001,what is paracetamol,msmarco-passage/train,ielabgroup/vec2text_gtr-base-st_corrector
1106979,define pareto chart in statistics,"pacheco, meaning a teomological change and a linguistic meaning of the name of the Pécso leaf",CosineGECO,20,0.001,pacheco meaning,msmarco-passage/train,ielabgroup/vec2text_gtr-base-st_corrector
1106979,define pareto chart in statistics,definition of the general form of parabola,CosineGECO,20,0.001,general form of parabola definition,msmarco-passage/train,ielabgroup/vec2text_gtr-base-st_corrector
1106979,define pareto chart in statistics,(subito) is a name which means,CosineGECO,20,0.001,what does subito mean,msmarco-passage/train,ielabgroup/vec2text_gtr-base-st_corrector
1106979,define pareto chart in statistics,PAR. Par is a sandbrained ion of the International Institute of Advanced Education (IIEE) and Parisiene School.,CosineGECO,20,0.001,ieee what is a par?,msmarco-passage/train,ielabgroup/vec2text_gtr-base-st_corrector
1106979,define pareto chart in statistics,japeto  (also known as japeto) is a veterinary herbaceous adolescent wine. It is,CosineGECO,20,0.001,what is japeto,msmarco-passage/train,ielabgroup/vec2text_gtr-base-st_corrector
1106979,define pareto chart in statistics,Farro pesto Farro pesto (also Farro Pasto) is a fruti-flour pasta food,CosineGECO,20,0.001,what is pesto farro,msmarco-passage/train,ielabgroup/vec2text_gtr-base-st_corrector
1108651,what the best way to get clothes white,"scrubbing the upholstery with hygiene, use h-utase (Water) to clean it with HC",CosineGECO,20,0.001,how to clean upholstery with h20,msmarco-passage/train,ielabgroup/vec2text_gtr-base-st_corrector
1108651,what the best way to get clothes white,"how to start a T-shirt business, set up a t-shirt business, open a t-shirt business and receive income",CosineGECO,20,0.001,how to start a t- shirt business,msmarco-passage/train,ielabgroup/vec2text_gtr-base-st_corrector
1108651,what the best way to get clothes white,"is a joking product that says that Intelliwhite works and works for a while, there is no real evidence that it works on",CosineGECO,20,0.001,does intelliwhite really work,msmarco-passage/train,ielabgroup/vec2text_gtr-base-st_corrector
1108651,what the best way to get clothes white,a cooling towel to wash. You wash them from 1 to 2 in a wash basin and gently awash them until you can rinse them down,CosineGECO,20,0.001,cooling towels how do you wash,msmarco-passage/train,ielabgroup/vec2text_gtr-base-st_corrector
1108651,what the best way to get clothes white,apply a natural bleaching agent and a combination of jovian and a mineral oil to whiten stains that will naturally stain,CosineGECO,20,0.001,how to naturally whiten stains,msmarco-passage/train,ielabgroup/vec2text_gtr-base-st_corrector
1108651,what the best way to get clothes white,"if you're wearing new clothes and you're wearing them and you should wash them to clean your shirts, do you wash your new clothes",CosineGECO,20,0.001,should i wash my new clothes,msmarco-passage/train,ielabgroup/vec2text_gtr-base-st_corrector
1108651,what the best way to get clothes white,"use a small amount of water to wash pennies, by gently soaking them in a hot water, and then removing them from the",CosineGECO,20,0.001,how to wash pennies,msmarco-passage/train,ielabgroup/vec2text_gtr-base-st_corrector
1108651,what the best way to get clothes white,"foods you are planning to avoid when you are whitening your teeth by using a low amount of white sugar, or by using a toothbrush or toothpaste",CosineGECO,20,0.001,when you are whitening your teeth what foods to avoid,msmarco-passage/train,ielabgroup/vec2text_gtr-base-st_corrector
1108651,what the best way to get clothes white,"colors needed to make white light are needed to produce white light, which will include a white halo, white paint, and black phosphorus",CosineGECO,20,0.001,what colors are needed to make white light,msmarco-passage/train,ielabgroup/vec2text_gtr-base-st_corrector
1108651,what the best way to get clothes white,meaning 'whitewash' ( 'white apnea') a term applied to a painting in white iron,CosineGECO,20,0.001,meaning whitewash,msmarco-passage/train,ielabgroup/vec2text_gtr-base-st_corrector
1109707,what medium do radio waves travel through,– Radiology PACs is a division of the National Institutes of Radiology. This is a partnership between the Nuclear Medicine and Deep,CosineGECO,20,0.001,what is radiology pacs,msmarco-passage/train,ielabgroup/vec2text_gtr-base-st_corrector
1109707,what medium do radio waves travel through,"How police officers call each other over the radio, i.e. by calling each other through a thigh cord or a ten",CosineGECO,20,0.001,how do police officers call each other over the radio,msmarco-passage/train,ielabgroup/vec2text_gtr-base-st_corrector
1109707,what medium do radio waves travel through,"meaning of a radio wave, or radio waves, or radio waves, or radio-waves, or radios, or radiosatellite",CosineGECO,20,0.001,what is the meaning of radio waves,msmarco-passage/train,ielabgroup/vec2text_gtr-base-st_corrector
1109707,what medium do radio waves travel through,"types of different kinds of electromagnetic radiation (electromagnetic emission, eFOX, eFOX, eFOX",CosineGECO,20,0.001,different type of electromagnetic radiation,msmarco-passage/train,ielabgroup/vec2text_gtr-base-st_corrector
1109707,what medium do radio waves travel through,(physics)          Wave-particle duality is duality.,CosineGECO,20,0.001,what is wave-particle duality?,msmarco-passage/train,ielabgroup/vec2text_gtr-base-st_corrector
1109707,what medium do radio waves travel through,radio station is 'Michael Berry' on 98.7 FM and a flagship station is Griswold Radio in,CosineGECO,20,0.001,what radio station is michael berry on,msmarco-passage/train,ielabgroup/vec2text_gtr-base-st_corrector
1109707,what medium do radio waves travel through,", , , are microwave ablation of liver lesions at the same frequency as radiotherapy and radioisotopes",CosineGECO,20,0.001,are microwave ablation of liver lesions the same as radiofrequency,msmarco-passage/train,ielabgroup/vec2text_gtr-base-st_corrector
1109707,what medium do radio waves travel through,is the transport of heat by collisions between atoms and molecules.  is the transport of atoms and -molecules.,CosineGECO,20,0.001,is the transport of heat by collisions between atoms and molecules.,msmarco-passage/train,ielabgroup/vec2text_gtr-base-st_corrector
1109707,what medium do radio waves travel through,(RMS) bandwidth. RMS rms is a unified comming technology that transmits a frequency of X,CosineGECO,20,0.001,what is rms bandwidth,msmarco-passage/train,ielabgroup/vec2text_gtr-base-st_corrector
1109707,what medium do radio waves travel through,"ways astronomers use radio waves, such as a method used by astronomers to telephotons at a distance of radi",CosineGECO,20,0.001,what are some ways astronomers use radio waves,msmarco-passage/train,ielabgroup/vec2text_gtr-base-st_corrector
1110678,what is the un fao,"Uniform (pdf)  uniform (or PDF) is a granular, e-book, open access, e-PDF",CosineGECO,20,0.001,what is uniform pdf,msmarco-passage/train,ielabgroup/vec2text_gtr-base-st_corrector
1110678,what is the un fao,the acronym of the acronym of the Internal Food Inspection (FUI) which is a syllabic acronym that is used to describe,CosineGECO,20,0.001,what does the acronym FUI mean,msmarco-passage/train,ielabgroup/vec2text_gtr-base-st_corrector
1110678,what is the un fao,apeo apeo is a fatty acid biome of the plant Pepsimus. It is also known as,CosineGECO,20,0.001,what is apeo,msmarco-passage/train,ielabgroup/vec2text_gtr-base-st_corrector
1110678,what is the un fao,"located at Ignafa-Zemunoff, Wales, UK, unicaf university is a public university and a testament to",CosineGECO,20,0.001,where is unicaf university,msmarco-passage/train,ielabgroup/vec2text_gtr-base-st_corrector
1110678,what is the un fao,names and targets of the United Nations Human rights United Nations (UN) are human rights enacted in the United Nations and the corresponding human rights body,CosineGECO,20,0.001,what are human rights united nations,msmarco-passage/train,ielabgroup/vec2text_gtr-base-st_corrector
1110678,what is the un fao,youth age (UN,CosineGECO,20,0.001,youth age as per un,msmarco-passage/train,ielabgroup/vec2text_gtr-base-st_corrector
1110678,what is the un fao,"who serves as U.S. ambassador to UN, is nan igar-Emmanuel sln now",CosineGECO,20,0.001,who is us ambassador to un,msmarco-passage/train,ielabgroup/vec2text_gtr-base-st_corrector
1110678,what is the un fao,ardino unio ardino unio is a one-chip Arduino based electro-magneto that is,CosineGECO,20,0.001,what is a arduino uno,msmarco-passage/train,ielabgroup/vec2text_gtr-base-st_corrector
1110678,what is the un fao,afo is an acrobatic odontary gland. It is a type of pregnancy and age. Afo,CosineGECO,20,0.001,what is an afo,msmarco-passage/train,ielabgroup/vec2text_gtr-base-st_corrector
1110678,what is the un fao,feha feha is a fasci-flood-and-belt grass and vegetable,CosineGECO,20,0.001,what is feha,msmarco-passage/train,ielabgroup/vec2text_gtr-base-st_corrector
1113256,what is reba mcentire's net worth,the value of Dean McCrort (actor) Dean McDermott's net worth and a $164.8 billion,CosineGECO,20,0.001,dean mcdermott net worth,msmarco-passage/train,ielabgroup/vec2text_gtr-base-st_corrector
1113256,what is reba mcentire's net worth,wealth index and a transaction from L.A.Mississ Marie L. Presley who is worth $1.6 billion today is currently,CosineGECO,20,0.001,what is lisa marie presley worth today,msmarco-passage/train,ielabgroup/vec2text_gtr-base-st_corrector
1113256,what is reba mcentire's net worth,"$600 million, kelly ripa (Banker & Capital)'s net worth is kelly ripa's value",CosineGECO,20,0.001,what is kelly ripa net worth,msmarco-passage/train,ielabgroup/vec2text_gtr-base-st_corrector
1113256,what is reba mcentire's net worth,Nelly's worth (known as nelly's worth) and nettworth. Contributing $2.9 billion to a total of $,CosineGECO,20,0.001,nelly's worth,msmarco-passage/train,ielabgroup/vec2text_gtr-base-st_corrector
1113256,what is reba mcentire's net worth,(as of the takeover of the social networking site Ask Mark Zackberg) and $5.7 billion (as of today) Zuckerberg.,CosineGECO,20,0.001,what's mark zuckerberg's net worth?,msmarco-passage/train,ielabgroup/vec2text_gtr-base-st_corrector
1113256,what is reba mcentire's net worth,"the $57.8 billion net worth of Connie Preston and her co-founder and co-premier, Connie Crosscutt",CosineGECO,20,0.001,what is connie preston's net worth,msmarco-passage/train,ielabgroup/vec2text_gtr-base-st_corrector
1113256,what is reba mcentire's net worth,"(Tina Andrews & Ann-Tina Tewres-Liddican) net worth and $1221,000",CosineGECO,20,0.001,tina andrews net worth,msmarco-passage/train,ielabgroup/vec2text_gtr-base-st_corrector
1113256,what is reba mcentire's net worth,value of Fabija Uleh is $1.25 billion and is now a Mauricio United Breitling Company member and selling,CosineGECO,20,0.001,what is urijah faber worth,msmarco-passage/train,ielabgroup/vec2text_gtr-base-st_corrector
1113256,what is reba mcentire's net worth,"net worth of $600,000 (Economic & Financial) of Christina ricci, aka",CosineGECO,20,0.001,net worth of christina ricci,msmarco-passage/train,ielabgroup/vec2text_gtr-base-st_corrector
1113256,what is reba mcentire's net worth,of Jacqueline Smith (Jacqueline Smith) is worth approximately $1.1 billion on the equities market and is an American,CosineGECO,20,0.001,what is jacqueline smith worth,msmarco-passage/train,ielabgroup/vec2text_gtr-base-st_corrector
1115210,what is chaff and flare,Chyawanprash is a chyaolithic chaetanodromous fluid. It is now known,CosineGECO,20,0.001,what is chyawanprash,msmarco-passage/train,ielabgroup/vec2text_gtr-base-st_corrector
1115210,what is chaff and flare,a Flippase. A Flippase is a variety of a follicle-protein complex that moves to the emborium,CosineGECO,20,0.001,what is a flippase,msmarco-passage/train,ielabgroup/vec2text_gtr-base-st_corrector
1115210,what is chaff and flare,called choxi is ch-chexodothyl alcohol. Choxi is also called chasse. It is also called,CosineGECO,20,0.001,what is choxi called,msmarco-passage/train,ielabgroup/vec2text_gtr-base-st_corrector
1115210,what is chaff and flare,is cheer in CIF. Cheer-pokie Cheer-pokie Cheer-pokie (CS) is a,CosineGECO,20,0.001,is cheer in cif,msmarco-passage/train,ielabgroup/vec2text_gtr-base-st_corrector
1115210,what is chaff and flare,"stands for cippe, an acronym that stands for CPIPPE (Committee to Protect Liquidity Provisions of America",CosineGECO,20,0.001,what does cippe stand for,msmarco-passage/train,ielabgroup/vec2text_gtr-base-st_corrector
1115210,what is chaff and flare,a fluke stick is a fiber-to-fossil device that is a clean boot of oil. It is also known,CosineGECO,20,0.001,what is a fluke stick,msmarco-passage/train,ielabgroup/vec2text_gtr-base-st_corrector
1115210,what is chaff and flare,(known as a shiver) is an earthquake that is a brain-stomach effect that is a secret of the Sun',CosineGECO,20,0.001,what is a shiver,msmarco-passage/train,ielabgroup/vec2text_gtr-base-st_corrector
1115210,what is chaff and flare,a difference between a cap laude (bubble sugar) and Beta a difference between Fibu cum femora,CosineGECO,20,0.001,what is the difference between fib beta capa and cum laude,msmarco-passage/train,ielabgroup/vec2text_gtr-base-st_corrector
1115210,what is chaff and flare,You've been flocked You've been flocked (which is a mock-nominated bird of a flock,CosineGECO,20,0.001,what is you've been flocked,msmarco-passage/train,ielabgroup/vec2text_gtr-base-st_corrector
1115210,what is chaff and flare,"(known as flank) is a form of apheloderma, a lung tumour and a small, long, thin meal",CosineGECO,20,0.001,what is flank,msmarco-passage/train,ielabgroup/vec2text_gtr-base-st_corrector
1116380,what is a nonconformity? earth science,"a definition of coherence, a commutation of information such as propulsion, a form of a problem or the projection",CosineGECO,20,0.001,definition for coherence,msmarco-passage/train,ielabgroup/vec2text_gtr-base-st_corrector
1116380,what is a nonconformity? earth science,definition non-ASCII by,CosineGECO,20,0.001,definition non-ascii bytes,msmarco-passage/train,ielabgroup/vec2text_gtr-base-st_corrector
1116380,what is a nonconformity? earth science,"(i.e., blitheness of thought or determination of the nature of life), nature of conformity, a group of experimental norm",CosineGECO,20,0.001,define nature of conformity,msmarco-passage/train,ielabgroup/vec2text_gtr-base-st_corrector
1116380,what is a nonconformity? earth science,"the definition of a chaotic, defined by Christian Dillon and the authors of the book ""Landscape"" (Chrisis) is",CosineGECO,20,0.001,the definition of chaotic,msmarco-passage/train,ielabgroup/vec2text_gtr-base-st_corrector
1116380,what is a nonconformity? earth science,Nco content is a high-quality pure content offering. It is a range of nc content (nc - nc,CosineGECO,20,0.001,what is nco content,msmarco-passage/train,ielabgroup/vec2text_gtr-base-st_corrector
1116380,what is a nonconformity? earth science,- what constitutes civil disobedience - is disobedience by observance of a civil-loy,CosineGECO,20,0.001,what constitutes as civil disobedience,msmarco-passage/train,ielabgroup/vec2text_gtr-base-st_corrector
1116380,what is a nonconformity? earth science,"describe the three types of unconformities. They are: Abnormal giasm, a blue giasm",CosineGECO,20,0.001,describe the three types of unconformities,msmarco-passage/train,ielabgroup/vec2text_gtr-base-st_corrector
1116380,what is a nonconformity? earth science,scientific definition of incomplete metamorphosis is the -abdomenosis (-abdomenosis,CosineGECO,20,0.001,scientific definition of incomplete metamorphosis,msmarco-passage/train,ielabgroup/vec2text_gtr-base-st_corrector
1116380,what is a nonconformity? earth science,"the 'unrulyness' of the order of the church and the 'flaws', a definition of rebelliousness",CosineGECO,20,0.001,the definition of rebelliousness,msmarco-passage/train,ielabgroup/vec2text_gtr-base-st_corrector
1116380,what is a nonconformity? earth science,ncd guidelines.,CosineGECO,20,0.001,what are ncd guidelines,msmarco-passage/train,ielabgroup/vec2text_gtr-base-st_corrector
1121353,what can you do about discrimination in the workplace in oklahoma city,jobs in marketing (Orlando orlando florida) a.k.a. job marketer (obstruction company,CosineGECO,20,0.001,marketing jobs in orlando florida,msmarco-passage/train,ielabgroup/vec2text_gtr-base-st_corrector
1121353,what can you do about discrimination in the workplace in oklahoma city,"in the city of miami-Oklahoma, what is now miami County, Oklahoma, is located in",CosineGECO,20,0.001,what county is miami oklahoma located in,msmarco-passage/train,ielabgroup/vec2text_gtr-base-st_corrector
1121353,what can you do about discrimination in the workplace in oklahoma city,how to improve leadership in the workplace by completing a series of training and a series of in-your-place instruction that improves the work,CosineGECO,20,0.001,how to improve leadership in the workplace,msmarco-passage/train,ielabgroup/vec2text_gtr-base-st_corrector
1121353,what can you do about discrimination in the workplace in oklahoma city,"you can receive worker is 1 to 3 years, but if you leave your workers a long enough period to claim your Social Security benefits, you can",CosineGECO,20,0.001,how long can you receive worker,msmarco-passage/train,ielabgroup/vec2text_gtr-base-st_corrector
1121353,what can you do about discrimination in the workplace in oklahoma city,"who is a county of Flecher, oklahoma is now Catlett County, scrimmage cleaver",CosineGECO,20,0.001,what county is fletcher oklahoma,msmarco-passage/train,ielabgroup/vec2text_gtr-base-st_corrector
1121353,what can you do about discrimination in the workplace in oklahoma city,"are employers required to provide short-term disability coverage or, if they do not want to be requisitioned, pay no disability",CosineGECO,20,0.001,are employers required to provide short term disability,msmarco-passage/train,ielabgroup/vec2text_gtr-base-st_corrector
1121353,what can you do about discrimination in the workplace in oklahoma city,is a seasonal employee who filed for unemployment in Texas can file for an eumigration from the state if they are unable to continue,CosineGECO,20,0.001,can a seasonal employee file for unemployment in texas,msmarco-passage/train,ielabgroup/vec2text_gtr-base-st_corrector
1121353,what can you do about discrimination in the workplace in oklahoma city,"a major disadvantage of a flexible work force is that, as a result, it is a major disadvantage for those whose work force is",CosineGECO,20,0.001,a major disadvantage of a flexible work force is that,msmarco-passage/train,ielabgroup/vec2text_gtr-base-st_corrector
1121353,what can you do about discrimination in the workplace in oklahoma city,a worker can date a student if he or she is in a relationship and if the student is out of the blue or out,CosineGECO,20,0.001,can a student date a worker,msmarco-passage/train,ielabgroup/vec2text_gtr-base-st_corrector
1121353,what can you do about discrimination in the workplace in oklahoma city,"how to get rid of a contractor, . . . . . . and send in flood mitigation mitigation libel",CosineGECO,20,0.001,how to get rid of flood mitigation contractor,msmarco-passage/train,ielabgroup/vec2text_gtr-base-st_corrector
1122767,what amino produces carnitine,"what it means to increase aminotransferase, an increased amount of adiposetronin and adios",CosineGECO,20,0.001,what does increased aminotransferase,msmarco-passage/train,ielabgroup/vec2text_gtr-base-st_corrector
1122767,what amino produces carnitine,of androgens are produced in adolescent symposia and in the Western Hemisphere and Western Australia,CosineGECO,20,0.001,where are androgens produced quizlet,msmarco-passage/train,ielabgroup/vec2text_gtr-base-st_corrector
1122767,what amino produces carnitine,Amethyl Amethyl (or -ethynyl) is an aminolipoid plant,CosineGECO,20,0.001,what is an aminoethyl,msmarco-passage/train,ielabgroup/vec2text_gtr-base-st_corrector
1122767,what amino produces carnitine,"testosterone cypionate is made from testosterone and consists of cypions, a phosphate salt and other amino acids changed",CosineGECO,20,0.001,what is testosterone cypionate made from,msmarco-passage/train,ielabgroup/vec2text_gtr-base-st_corrector
1122767,what amino produces carnitine,"requiring between 5 and 17 nucleotides to specify a triad, and a single amino acid is needed to specify three amino",CosineGECO,20,0.001,how many nucleotides are needed to to specify three amino,msmarco-passage/train,ielabgroup/vec2text_gtr-base-st_corrector
1122767,what amino produces carnitine,"which are the amino acids of milk, a large amount of carnitine and thymine amino acids increase muscle mass and increase muscle growth",CosineGECO,20,0.001,what amino acids is in milk that increase muscle mass,msmarco-passage/train,ielabgroup/vec2text_gtr-base-st_corrector
1122767,what amino produces carnitine,vitamin cytide peptidase glutamin vitamin cottage creatine (vitamin glutamin) is a vitamin,CosineGECO,20,0.001,vitamin cottage creatine,msmarco-passage/train,ielabgroup/vec2text_gtr-base-st_corrector
1122767,what amino produces carnitine,"The protein comes from -chytrosomes, a protein that is a source of energy in the human brain and also comes",CosineGECO,20,0.001,what does protein come from,msmarco-passage/train,ielabgroup/vec2text_gtr-base-st_corrector
1122767,what amino produces carnitine,"The pancreas produce a chemical that the pancreas produces, namely hexauric acid, 5P-nitro",CosineGECO,20,0.001,what chemical does the pancreas produce,msmarco-passage/train,ielabgroup/vec2text_gtr-base-st_corrector
1122767,what amino produces carnitine,is the pancreas produce insulin as the pancreas contains a number of insulins and the hematopoietic insulin,CosineGECO,20,0.001,does the pancreas produce insulin,msmarco-passage/train,ielabgroup/vec2text_gtr-base-st_corrector
1127540,meaning of shebang,what the term 'chasing the dragon' (from the dragon and the lion) means when a person is running or doing something,CosineGECO,20,0.001,what does the term chasing the dragon mean,msmarco-passage/train,ielabgroup/vec2text_gtr-base-st_corrector
1127540,meaning of shebang,meaning of rehem - a result of a previous child or a rebirth - a reshem -,CosineGECO,20,0.001,meaning of rehem,msmarco-passage/train,ielabgroup/vec2text_gtr-base-st_corrector
1127540,meaning of shebang,meaning of the word boq. It is a property of the cooking method of the cooks of the cooks known as boq,CosineGECO,20,0.001,what is meant by boq,msmarco-passage/train,ielabgroup/vec2text_gtr-base-st_corrector
1127540,meaning of shebang,"definition of a boom, a reverberation of fire, a reverberation of fuel, a boom",CosineGECO,20,0.001,definition of boom,msmarco-passage/train,ielabgroup/vec2text_gtr-base-st_corrector
1127540,meaning of shebang,"meaning of            , concatenation",CosineGECO,20,0.001,meaning of concatenation,msmarco-passage/train,ielabgroup/vec2text_gtr-base-st_corrector
1127540,meaning of shebang,"(, zhejiang ) is a neopferding plant and food item of China. It",CosineGECO,20,0.001,what is zhejiang,msmarco-passage/train,ielabgroup/vec2text_gtr-base-st_corrector
1127540,meaning of shebang,"name, Sherrie (Sherry name) Sherrie is a name meaning 'the seed of joy, of peace, of courage",CosineGECO,20,0.001,sherie name meaning,msmarco-passage/train,ielabgroup/vec2text_gtr-base-st_corrector
1127540,meaning of shebang,watershed effect (Williams-Hearsh-Lawrence Hills definition) is the effect of water on a population,CosineGECO,20,0.001,watershed effect definition,msmarco-passage/train,ielabgroup/vec2text_gtr-base-st_corrector
1127540,meaning of shebang,"shogun (a definition of shogun), the dynastic span of the throne of the former Chinese Empire and its province",CosineGECO,20,0.001,shogun definition,msmarco-passage/train,ielabgroup/vec2text_gtr-base-st_corrector
1127540,meaning of shebang,(             ) define she,CosineGECO,20,0.001,definition of shear,msmarco-passage/train,ielabgroup/vec2text_gtr-base-st_corrector
1131069,how many sons robert kraft has,"he has 10 kids who emceed football player Ray Carew, X, fl. y.o.",CosineGECO,20,0.001,how many kids do ray carew have the x foot ball player,msmarco-passage/train,ielabgroup/vec2text_gtr-base-st_corrector
1131069,how many sons robert kraft has,"1 mn, which has 9 electors, Minnesota has 2 mn, which elects one and reelects the other",CosineGECO,20,0.001,how many electors does mn have,msmarco-passage/train,ielabgroup/vec2text_gtr-base-st_corrector
1131069,how many sons robert kraft has,"he had ten children, Bobbie Marley '1', and Bob Marley '2', and he dubbed",CosineGECO,20,0.001,how many kids did bob marley have?,msmarco-passage/train,ielabgroup/vec2text_gtr-base-st_corrector
1131069,how many sons robert kraft has,"the ingredients in the recipe for Kraft raspberry vinaigrette, which is a mix of gin, gin, and pepper",CosineGECO,20,0.001,what are the ingredients in kraft raspberry vinaigrette,msmarco-passage/train,ielabgroup/vec2text_gtr-base-st_corrector
1131069,how many sons robert kraft has,"names are the children of Donald Trump and the children of Claude, Cockney, and Ernie Trump who were trampled on by",CosineGECO,20,0.001,who are the trump children,msmarco-passage/train,ielabgroup/vec2text_gtr-base-st_corrector
1131069,how many sons robert kraft has,"the youngest, britanama Elisabeth and Jordona Rasmussen, who are unwitting Rothchild",CosineGECO,20,0.001,who are the youngest rothschild,msmarco-passage/train,ielabgroup/vec2text_gtr-base-st_corrector
1131069,how many sons robert kraft has,"a ring tom, he has seven Super Bowl rings and the two he does, Tom (Tom Dolls fame) is",CosineGECO,20,0.001,how many super bowl rings does tom,msmarco-passage/train,ielabgroup/vec2text_gtr-base-st_corrector
1131069,how many sons robert kraft has,"the youngest, britanama Elisabeth and Jordona Rasmussen, who are unwitting Rothchild",CosineGECO,20,0.001,who are the youngest rothschild,msmarco-passage/train,ielabgroup/vec2text_gtr-base-st_corrector
1131069,how many sons robert kraft has,"is katy mixten has a child, kdys.com, a son, cousin Alicia Harvey mix",CosineGECO,20,0.001,does katy mixson have childten,msmarco-passage/train,ielabgroup/vec2text_gtr-base-st_corrector
1131069,how many sons robert kraft has,"a child, how many vaccines a child gets, he or she receives one Vaccine and he or she gets two",CosineGECO,20,0.001,how many vaccines does a child get,msmarco-passage/train,ielabgroup/vec2text_gtr-base-st_corrector
1132532,average annual income data analyst,"from 1 to 25 years you should be a lian, you should be a forecast analyst, and you should be long as you are",CosineGECO,20,0.001,how long should you be an analyst,msmarco-passage/train,ielabgroup/vec2text_gtr-base-st_corrector
1132532,average annual income data analyst,individuals with a psychological experience and other mental health psychologists are the average salary of,CosineGECO,20,0.001,average psychologist salary,msmarco-passage/train,ielabgroup/vec2text_gtr-base-st_corrector
1132532,average annual income data analyst,"a person with a spherical smile, a nastier stature, the average doctor salary is $18 million",CosineGECO,20,0.001,average salary doctor,msmarco-passage/train,ielabgroup/vec2text_gtr-base-st_corrector
1132532,average annual income data analyst,"salary data system North Dakota University-Nebraska data data system acquits a salary of $016 per student, resulting",CosineGECO,20,0.001,salary data north dakota university system,msmarco-passage/train,ielabgroup/vec2text_gtr-base-st_corrector
1132532,average annual income data analyst,a.k.a. become a statistical analyst and to earn a bachelor’s and master’s degree in statistics and applied statistics,CosineGECO,20,0.001,how to become a statistical analyst,msmarco-passage/train,ielabgroup/vec2text_gtr-base-st_corrector
1132532,average annual income data analyst,"(ab. $1,027,500) and continues to occur with an average annual income of orthodontist-odontist",CosineGECO,20,0.001,average annual income orthodontist,msmarco-passage/train,ielabgroup/vec2text_gtr-base-st_corrector
1132532,average annual income data analyst,"a retiree living on a monthly basis is an average income of 1,500 a month (US$1,500 apiece)",CosineGECO,20,0.001,what is average retiree monthly income,msmarco-passage/train,ielabgroup/vec2text_gtr-base-st_corrector
1132532,average annual income data analyst,"(dentalist) occupied the $17,500 average daily wage and the Dentist averages a .025 yearly salary",CosineGECO,20,0.001,Dentist average salary,msmarco-passage/train,ielabgroup/vec2text_gtr-base-st_corrector
1132532,average annual income data analyst,median median salary average (separate median,CosineGECO,20,0.001,salary median average,msmarco-passage/train,ielabgroup/vec2text_gtr-base-st_corrector
1132532,average annual income data analyst,"average income per capita (capita/capita/capita) at the end of the world, and by 2017, global income per capita",CosineGECO,20,0.001,average per capita income global,msmarco-passage/train,ielabgroup/vec2text_gtr-base-st_corrector
1133579,how does granulation tissue start,"in plants, new cells (cells whose cells are created in a plant such as fibrosis and cirropia) are tissue",CosineGECO,20,0.001,what tissue in plants are new cells created,msmarco-passage/train,ielabgroup/vec2text_gtr-base-st_corrector
1133579,how does granulation tissue start,"a type of incision, a fecal-collar-transcision is made if there is a strangulation",CosineGECO,20,0.001,what type of incision is made if there is a strangulation,msmarco-passage/train,ielabgroup/vec2text_gtr-base-st_corrector
1133579,how does granulation tissue start,"during which, as in plants, flowers, and apoptosis, the cell grows and performs its usual cellular activities. —",CosineGECO,20,0.001,"during __________, the cell grows and performs its usual activities.",msmarco-passage/train,ielabgroup/vec2text_gtr-base-st_corrector
1133579,how does granulation tissue start,"the tissue of avascular epithelium (adrenovirus, adrenovirus, and chow) is",CosineGECO,20,0.001,what tissue is avascular,msmarco-passage/train,ielabgroup/vec2text_gtr-base-st_corrector
1133579,how does granulation tissue start,psoriasis is started by a form of a pseudo-ectopic disease. It starts,CosineGECO,20,0.001,how psoriasis starts,msmarco-passage/train,ielabgroup/vec2text_gtr-base-st_corrector
1133579,how does granulation tissue start,"when an embryo begins for life and, as a result, life begins at the beginning of the fetus or early ectopic",CosineGECO,20,0.001,when does life begin for an embryo,msmarco-passage/train,ielabgroup/vec2text_gtr-base-st_corrector
1133579,how does granulation tissue start,"- the germ part of the grain - is the part of the grains that is held in the hopper, and the remaining phenolic",CosineGECO,20,0.001,what is the germ part of the grain,msmarco-passage/train,ielabgroup/vec2text_gtr-base-st_corrector
1133579,how does granulation tissue start,pacchionian granulation. This granulation is a definition of a granulation of phyllocyst,CosineGECO,20,0.001,pacchionian granulation definition,msmarco-passage/train,ielabgroup/vec2text_gtr-base-st_corrector
1133579,how does granulation tissue start,"cisternal maturation occurs at the apex of the sperm and rheolar glands, where maturation occurs",CosineGECO,20,0.001,where does cisternal maturation occur,msmarco-passage/train,ielabgroup/vec2text_gtr-base-st_corrector
1133579,how does granulation tissue start,"formed by ""Maxillae"" is maxillae, which is formed by the elastoma, postmortem,",CosineGECO,20,0.001,what is formed by maxillae,msmarco-passage/train,ielabgroup/vec2text_gtr-base-st_corrector
1136043,difference between a hotel and motel,"motel, a preferred place at a hotel by the name of a person (Mount McDougall), defined",CosineGECO,20,0.001,motel define,msmarco-passage/train,ielabgroup/vec2text_gtr-base-st_corrector
1136043,difference between a hotel and motel,a republic (as opposed to a throne of the king) is the difference between a democracy and a democratic state,CosineGECO,20,0.001,what is the difference between republic and a democracy,msmarco-passage/train,ielabgroup/vec2text_gtr-base-st_corrector
1136043,difference between a hotel and motel,the difference between the tone of a poem and the tone of the text of it is a mood and between the rhyming and,CosineGECO,20,0.001,what is the difference between the tone and mood of a poem,msmarco-passage/train,ielabgroup/vec2text_gtr-base-st_corrector
1136043,difference between a hotel and motel,"bing (a.k.a. binge) vs. google, the difference between Google and Google is a fact",CosineGECO,20,0.001,what is the difference between google and bing,msmarco-passage/train,ielabgroup/vec2text_gtr-base-st_corrector
1136043,difference between a hotel and motel,"a writ is a writ vs. a writ, a summons is a",CosineGECO,20,0.001,what is the difference between a writ and a summons,msmarco-passage/train,ielabgroup/vec2text_gtr-base-st_corrector
1136043,difference between a hotel and motel,comparison of samsung hotel TV (for a limited time on a cable TV) and lfd compare with Samsung TV (,CosineGECO,20,0.001,comparison between samsung hotel tv and lfd,msmarco-passage/train,ielabgroup/vec2text_gtr-base-st_corrector
1136043,difference between a hotel and motel,"a food is the difference between a nutrient and a sundacity of fat, and a nutrient is",CosineGECO,20,0.001,what is the difference between a food and a nutrient,msmarco-passage/train,ielabgroup/vec2text_gtr-base-st_corrector
1136043,difference between a hotel and motel,"Difference between a cash check on a teller's card and a check on a counter is a cashier, and money",CosineGECO,20,0.001,difference between a cashier check and money,msmarco-passage/train,ielabgroup/vec2text_gtr-base-st_corrector
1136043,difference between a hotel and motel,"difference between a sex chromosome and the autosomes, aka sex chromosomes, aka",CosineGECO,20,0.001,what is the difference between autosomes and the sex chromosomes?,msmarco-passage/train,ielabgroup/vec2text_gtr-base-st_corrector
1136043,difference between a hotel and motel,"the difference between a molecule, a molecule, and an element, a molecule, a molecule, and a compound",CosineGECO,20,0.001,"the difference between an element, molecule and compound",msmarco-passage/train,ielabgroup/vec2text_gtr-base-st_corrector
1136047,difference between a company's strategy and business model is,"the extent that marketing innovation in a company’s market protects and maintains a competitive advantage in the development of their marketing, marketing or competition",CosineGECO,20,0.001,what extent does marketing innovation in developing and protecting a company's competitive advantage,msmarco-passage/train,ielabgroup/vec2text_gtr-base-st_corrector
1136047,difference between a company's strategy and business model is,"a portfolio manager package is the difference between asset management and asset management programs (Aesthetics, Asset Management, Asset Management, Asset Management Management",CosineGECO,20,0.001,what is the difference between asset manager package and asset portfolio management package,msmarco-passage/train,ielabgroup/vec2text_gtr-base-st_corrector
1136047,difference between a company's strategy and business model is,"(Manufacturing, Manufacturing, & Manufacturing)          product",CosineGECO,20,0.001,difference between product and manufacturing,msmarco-passage/train,ielabgroup/vec2text_gtr-base-st_corrector
1136047,difference between a company's strategy and business model is,", known as different types",CosineGECO,20,0.001,what are different types of business,msmarco-passage/train,ielabgroup/vec2text_gtr-base-st_corrector
1136047,difference between a company's strategy and business model is,"a miage rate is the difference between medical and business costs, whereas a business rate is the difference between average health and ILs.",CosineGECO,20,0.001,what is the difference between medical and business milage rates,msmarco-passage/train,ielabgroup/vec2text_gtr-base-st_corrector
1136047,difference between a company's strategy and business model is,"a difference between a home and a built in home, a manufactured home is a home and a modular is a manufactured home",CosineGECO,20,0.001,what is the difference between a modular home and a manufactured home,msmarco-passage/train,ielabgroup/vec2text_gtr-base-st_corrector
1136047,difference between a company's strategy and business model is,a business policy is a business plan and a criterion used to determine what is a business—Boston Business Corporation,CosineGECO,20,0.001,what is a business policy,msmarco-passage/train,ielabgroup/vec2text_gtr-base-st_corrector
1136047,difference between a company's strategy and business model is,"a comparison of the differences between the raw materials and the ad-libras, the marketing process is the difference between advertising and marketing",CosineGECO,20,0.001,what are the differences between the marketing process and advertising,msmarco-passage/train,ielabgroup/vec2text_gtr-base-st_corrector
1136047,difference between a company's strategy and business model is,types of company goals are those that aim to create a business and a future of wealth. These goals include: 1. 401st Annual Corporation,CosineGECO,20,0.001,what are types of company goals,msmarco-passage/train,ielabgroup/vec2text_gtr-base-st_corrector
1136047,difference between a company's strategy and business model is,a company brand              is,CosineGECO,20,0.001,what is a company brand,msmarco-passage/train,ielabgroup/vec2text_gtr-base-st_corrector
1136962,"why did the ancient egyptians call their land kemet, or black land?","of what it means to a human being, black human feces (a term that is used to identify with black feces)",CosineGECO,20,0.001,what does black human feces mean,msmarco-passage/train,ielabgroup/vec2text_gtr-base-st_corrector
1136962,"why did the ancient egyptians call their land kemet, or black land?","a type of snake, a black snake, spreads its neck by a tangle of snakes and venomous and burn",CosineGECO,20,0.001,what kind of snake is black and spreads its neck,msmarco-passage/train,ielabgroup/vec2text_gtr-base-st_corrector
1136962,"why did the ancient egyptians call their land kemet, or black land?","sings black, a long-lived American band composed of Jennifer Lopez and Michael Jackson, who sings the first verses of 'Black",CosineGECO,20,0.001,who sings black,msmarco-passage/train,ielabgroup/vec2text_gtr-base-st_corrector
1136962,"why did the ancient egyptians call their land kemet, or black land?","types of black colors. These include “hairs, lace, cuffs, and cuffs” types of colors, “black",CosineGECO,20,0.001,types of black colors,msmarco-passage/train,ielabgroup/vec2text_gtr-base-st_corrector
1136962,"why did the ancient egyptians call their land kemet, or black land?","what modern Egyptians wear, modern-Egyptian sleeve hats, a pair of short utens",CosineGECO,20,0.001,what do modern egyptians wear,msmarco-passage/train,ielabgroup/vec2text_gtr-base-st_corrector
1136962,"why did the ancient egyptians call their land kemet, or black land?","people live in the country (Egypt) or 590,000 people live in Egypt (Egypt) or 390",CosineGECO,20,0.001,how many people live in egypt,msmarco-passage/train,ielabgroup/vec2text_gtr-base-st_corrector
1136962,"why did the ancient egyptians call their land kemet, or black land?","because of the forestry and forestry of the area around it, it is called the black forest, which is a name that is pronounced",CosineGECO,20,0.001,why is it called the black forest,msmarco-passage/train,ielabgroup/vec2text_gtr-base-st_corrector
1136962,"why did the ancient egyptians call their land kemet, or black land?","the downfall of ancient Egypt is the downfall of the egyptians, who were slain 18",CosineGECO,20,0.001,what was the downfall of ancient egypt,msmarco-passage/train,ielabgroup/vec2text_gtr-base-st_corrector
1136962,"why did the ancient egyptians call their land kemet, or black land?","in the region of the world, Egypt (e.g. egypt or egyptia) is located",CosineGECO,20,0.001,in what region of the world is egypt located,msmarco-passage/train,ielabgroup/vec2text_gtr-base-st_corrector
1136962,"why did the ancient egyptians call their land kemet, or black land?","century (Egypt-Lithuanian or the Ghassan), Ancient Egypt was the 10th century (14th",CosineGECO,20,0.001,what century was ancient egypt,msmarco-passage/train,ielabgroup/vec2text_gtr-base-st_corrector
118440,define bmt medical,"PBM (Pask & Blue Merger Plan) , abbreviated Pbm, means medicare for the disabled and",CosineGECO,20,0.001,what does pbm mean medicare,msmarco-passage/train,ielabgroup/vec2text_gtr-base-st_corrector
118440,define bmt medical,medical law. Medical law is a medical definition defined by the United States Occupational and Occupational Safety and Health Act (UNICEF) allowing,CosineGECO,20,0.001,medical law definition,msmarco-passage/train,ielabgroup/vec2text_gtr-base-st_corrector
118440,define bmt medical,a mbar is a specialized acceleration-based (,CosineGECO,20,0.001,what is a mbar,msmarco-passage/train,ielabgroup/vec2text_gtr-base-st_corrector
118440,define bmt medical,"(as a kiwi tee emulation of a sausage), brisket, is a meat",CosineGECO,20,0.001,what is a brisket?,msmarco-passage/train,ielabgroup/vec2text_gtr-base-st_corrector
118440,define bmt medical,TbD,CosineGECO,20,0.001,what is tbd,msmarco-passage/train,ielabgroup/vec2text_gtr-base-st_corrector
118440,define bmt medical,"definition of tmj, a necrosis of the torso and a resulting jaw joint (TMJ)",CosineGECO,20,0.001,definition for tmj,msmarco-passage/train,ielabgroup/vec2text_gtr-base-st_corrector
118440,define bmt medical,"(brutal trauma)          , blunt force trauma is",CosineGECO,20,0.001,what is blunt force trauma,msmarco-passage/train,ielabgroup/vec2text_gtr-base-st_corrector
118440,define bmt medical,"defining mono disease — a disease of the ear, a disease of the immune system — as a disease of multiple s",CosineGECO,20,0.001,define mono disease,msmarco-passage/train,ielabgroup/vec2text_gtr-base-st_corrector
118440,define bmt medical,endocrine the bmg (BMG). From the endocrine the bmg (MI) musculo,CosineGECO,20,0.001,bmg the endocrine,msmarco-passage/train,ielabgroup/vec2text_gtr-base-st_corrector
118440,define bmt medical,bmi quoting quote. BMI quoting quotes are a recurring quote from a philanthropist,CosineGECO,20,0.001,bmi quoting,msmarco-passage/train,ielabgroup/vec2text_gtr-base-st_corrector
121171,define etruscans,Equalist    (also known as an equalist) is a receptive linguist who is a,CosineGECO,20,0.001,what is an equalist,msmarco-passage/train,ielabgroup/vec2text_gtr-base-st_corrector
121171,define etruscans,Emendation,CosineGECO,20,0.001,definition of emendation,msmarco-passage/train,ielabgroup/vec2text_gtr-base-st_corrector
121171,define etruscans,electus electus (electus) is a definition of a ductus of the organ of death,CosineGECO,20,0.001,electus definition,msmarco-passage/train,ielabgroup/vec2text_gtr-base-st_corrector
121171,define etruscans,euthymic  (e.g.  (defectic)  (euthyasia).,CosineGECO,20,0.001,define: euthymic,msmarco-passage/train,ielabgroup/vec2text_gtr-base-st_corrector
121171,define etruscans,euclid treatise is a tertiary elode elode gcfus,CosineGECO,20,0.001,what is euclid treatise,msmarco-passage/train,ielabgroup/vec2text_gtr-base-st_corrector
121171,define etruscans,"known as epistaxis, it is a syphilis of the feces and kinephraxis",CosineGECO,20,0.001,what is epistaxis?,msmarco-passage/train,ielabgroup/vec2text_gtr-base-st_corrector
121171,define etruscans,"define electromagnetic waves, a form of electromagnetic energy, e.g., E.i.F.R., a wave of magnetic",CosineGECO,20,0.001,define electromagnetic  waves,msmarco-passage/train,ielabgroup/vec2text_gtr-base-st_corrector
121171,define etruscans,"epistle, is the definition of a epistle, a vital organ of the papillae of the Holy Scripture",CosineGECO,20,0.001,epistle definition,msmarco-passage/train,ielabgroup/vec2text_gtr-base-st_corrector
121171,define etruscans,(Ferminers) – a set of liens on a surface by defining the pattern of foreign magnets. Ffetters,CosineGECO,20,0.001,definition fetters,msmarco-passage/train,ielabgroup/vec2text_gtr-base-st_corrector
121171,define etruscans,Who are the Aristocrats The Aristocrats ( — ) are a family of aristocrats,CosineGECO,20,0.001,who are the aristocrats,msmarco-passage/train,ielabgroup/vec2text_gtr-base-st_corrector
135802,definition of laudable,"by the definition of leisure – a definition referred to as “swimming”, “latch”, “dust” or “",CosineGECO,20,0.001,definition of leisure,msmarco-passage/train,ielabgroup/vec2text_gtr-base-st_corrector
135802,definition of laudable,"(e.g., the ear of the pious, i.e. the fig.), invaluable, is an invaluable",CosineGECO,20,0.001,"definition, invaluable",msmarco-passage/train,ielabgroup/vec2text_gtr-base-st_corrector
135802,definition of laudable,by a reflexible — a lignoplastic — is a consumable object that can be transferred between muscles via the posterior,CosineGECO,20,0.001,define reflexible,msmarco-passage/train,ielabgroup/vec2text_gtr-base-st_corrector
135802,definition of laudable,definition lapel (            ) is cloth,CosineGECO,20,0.001,definition lapel,msmarco-passage/train,ielabgroup/vec2text_gtr-base-st_corrector
135802,definition of laudable,(called delectable) is a popular snack and water-based product that is worth drinking after the expiration of the tea. Delectable,CosineGECO,20,0.001,what is delectable?,msmarco-passage/train,ielabgroup/vec2text_gtr-base-st_corrector
135802,definition of laudable,limited liability plc (locuable liability plc) is a defined liability for a limited liability company resulting from a gua,CosineGECO,20,0.001,limited liability plc definition,msmarco-passage/train,ielabgroup/vec2text_gtr-base-st_corrector
135802,definition of laudable,defining             : luminous,CosineGECO,20,0.001,define: luminous,msmarco-passage/train,ielabgroup/vec2text_gtr-base-st_corrector
135802,definition of laudable,"(' liberalisation') is a reintroduction programme in the liberalisation of capital markets, which is known as liberalisation,",CosineGECO,20,0.001,what is liberalisation,msmarco-passage/train,ielabgroup/vec2text_gtr-base-st_corrector
135802,definition of laudable,(LL.C.) – defined as “lower luquaria s.p.A.” – incorporated business,CosineGECO,20,0.001,define: llc,msmarco-passage/train,ielabgroup/vec2text_gtr-base-st_corrector
135802,definition of laudable,"lobotomized, a behavioural definition of a particular brain, removed from the audiments. Lobotomized",CosineGECO,20,0.001,lobotomized definition,msmarco-passage/train,ielabgroup/vec2text_gtr-base-st_corrector
141630,describe how muscles and bones work together to produce movement,"where calcium is released inside the muscle fiber to release a small tetrad of calcium ions during a muscle movement, causes muscle contraction",CosineGECO,20,0.001,where is calcium released inside the muscle fiber to cause muscle contraction,msmarco-passage/train,ielabgroup/vec2text_gtr-base-st_corrector
141630,describe how muscles and bones work together to produce movement,"how the body works, the muscular system (the cardiac system or a muscular system of the) works by releasing different",CosineGECO,20,0.001,how does the muscular system work,msmarco-passage/train,ielabgroup/vec2text_gtr-base-st_corrector
141630,describe how muscles and bones work together to produce movement,"function are the four properties that enable skeletal muscle to perform their duties, which are able to perform a function without a crystalline",CosineGECO,20,0.001,what are the four functional properties that enable skeletal muscles to perform their duties,msmarco-passage/train,ielabgroup/vec2text_gtr-base-st_corrector
141630,describe how muscles and bones work together to produce movement,describe parkin cell movement. Parkinson's disease (PDD) is a disease of the genitals and encephaloma,CosineGECO,20,0.001,describe parkinson disease movement,msmarco-passage/train,ielabgroup/vec2text_gtr-base-st_corrector
141630,describe how muscles and bones work together to produce movement,a blood muscle function test is a blood test that a person performs based on their symbol and cis,CosineGECO,20,0.001,what is a muscle function blood test,msmarco-passage/train,ielabgroup/vec2text_gtr-base-st_corrector
141630,describe how muscles and bones work together to produce movement,What the muscle does is that the smooth muscle (also known as a smooth muscle) do a spherical position and outdo,CosineGECO,20,0.001,what does the smooth muscle do,msmarco-passage/train,ielabgroup/vec2text_gtr-base-st_corrector
141630,describe how muscles and bones work together to produce movement,"how skeletal bones are able to scleret, they allow movement, and this is by preventing the muscles from moving (muscle",CosineGECO,20,0.001,"how do skeletal muscles allow for ,movement",msmarco-passage/train,ielabgroup/vec2text_gtr-base-st_corrector
141630,describe how muscles and bones work together to produce movement,"how many muscles you use, you use your emacial dyneastolic muscles, which can use 3–4",CosineGECO,20,0.001,how many muscles do you use,msmarco-passage/train,ielabgroup/vec2text_gtr-base-st_corrector
141630,describe how muscles and bones work together to produce movement,how creatinine affects the functioning of the muscles in which it is used and how it binds to and enables the use of muscle,CosineGECO,20,0.001,how does creatine affect the functioning of muscles,msmarco-passage/train,ielabgroup/vec2text_gtr-base-st_corrector
141630,describe how muscles and bones work together to produce movement,"muscle tissue types and structure Muscle types and function (as a function of muscle, a function of fibrosis, ap",CosineGECO,20,0.001,muscle tissue types structure and function,msmarco-passage/train,ielabgroup/vec2text_gtr-base-st_corrector
156498,do google docs auto save,what is autosave essentials software is a downloadable software suite of Microsoft's Autosave e-Cardvania,CosineGECO,20,0.001,what is autosave essentials software,msmarco-passage/train,ielabgroup/vec2text_gtr-base-st_corrector
156498,do google docs auto save,use a web form and enter html format to save gstpresul.html. The result is stored in gst,CosineGECO,20,0.001,how to save gpresult in html format,msmarco-passage/train,ielabgroup/vec2text_gtr-base-st_corrector
156498,do google docs auto save,convert a .com doc (XMLML) to .exel excel or a .com doc (Google Docs,CosineGECO,20,0.001,convert excel to google docs,msmarco-passage/train,ielabgroup/vec2text_gtr-base-st_corrector
156498,do google docs auto save,"is trump, but trey d'huize. Glycogen glycogen is the form of glucose storage in plants is",CosineGECO,20,0.001,is it tru that glycogen is the storage form of glucose in plants?,msmarco-passage/train,ielabgroup/vec2text_gtr-base-st_corrector
156498,do google docs auto save,"a pause for an extension, click auto-dial on your aft / / tab and click / pause your extension",CosineGECO,20,0.001,how do i pause for an extension autodial,msmarco-passage/train,ielabgroup/vec2text_gtr-base-st_corrector
156498,do google docs auto save,"if you can powerpoint a file and you want to save it, you can save it as a Word document or a PowerPoint presentation file",CosineGECO,20,0.001,can you save a word file as a powerpoint,msmarco-passage/train,ielabgroup/vec2text_gtr-base-st_corrector
156498,do google docs auto save,"is trump, but trey d'huize. Glycogen glycogen is the form of glucose storage in plants is",CosineGECO,20,0.001,is it tru that glycogen is the storage form of glucose in plants?,msmarco-passage/train,ielabgroup/vec2text_gtr-base-st_corrector
156498,do google docs auto save,"as many people as you can, you can share a google doc with 1 to 1 million people and you can use a gdoc with",CosineGECO,20,0.001,how many people can i share a google doc with,msmarco-passage/train,ielabgroup/vec2text_gtr-base-st_corrector
156498,do google docs auto save,"how to save system generated voice message to email, use a e-mail client or a nirvana software to save saved",CosineGECO,20,0.001,how to save system generated voice message to email,msmarco-passage/train,ielabgroup/vec2text_gtr-base-st_corrector
156498,do google docs auto save,you find the means in the sheet by using a property (e.g.       Google Sheet,CosineGECO,20,0.001,how do i find the means in google sheets,msmarco-passage/train,ielabgroup/vec2text_gtr-base-st_corrector
169208,does mississippi have an income tax,"a tax bill, MI (Michigan) does have a flat income tax, and Michigan is a low-to-nowhere",CosineGECO,20,0.001,does michigan have a flat income tax,msmarco-passage/train,ielabgroup/vec2text_gtr-base-st_corrector
169208,does mississippi have an income tax,"– which states do not charge tax on retirement funds – Colorado, New Jersey, Alabama, New Jersey – which do not charge tax on retirement",CosineGECO,20,0.001,which states do not charge tax on retirement funds,msmarco-passage/train,ielabgroup/vec2text_gtr-base-st_corrector
169208,does mississippi have an income tax,(Massachusetts) is the .031 tax rate and .22% income tax rate for the mass-income tax rate,CosineGECO,20,0.001,what is the massachusetts income tax rate,msmarco-passage/train,ielabgroup/vec2text_gtr-base-st_corrector
169208,does mississippi have an income tax,"which tax is the largest source of revenue for state government, excluding income tax and averaging 4% for the taxable year of the State",CosineGECO,20,0.001,what tax is largest source of revenue for state govt,msmarco-passage/train,ielabgroup/vec2text_gtr-base-st_corrector
169208,does mississippi have an income tax,"you can find magi on your tax return, this is located in the lower right corner of your tax return and you will be able to collect your",CosineGECO,20,0.001,where can i find magi on my tax return,msmarco-passage/train,ielabgroup/vec2text_gtr-base-st_corrector
169208,does mississippi have an income tax,the pine belt regions are the regions of the Mississippi-Marshes-Marshes state of Mississippi-Mars,CosineGECO,20,0.001,what are the pine belt regions in the state of mississippi,msmarco-passage/train,ielabgroup/vec2text_gtr-base-st_corrector
169208,does mississippi have an income tax,"(income) on a taxable account, or on a taxable account for income from an estate, is not taxable, but is tax",CosineGECO,20,0.001,is income in an estate account taxable,msmarco-passage/train,ielabgroup/vec2text_gtr-base-st_corrector
169208,does mississippi have an income tax,"if an inheritance is present in Massachusetts – is tax-taxable to a person, family, or a beneficiary in Massachusetts – is not",CosineGECO,20,0.001,is inheritance taxable in massachusetts,msmarco-passage/train,ielabgroup/vec2text_gtr-base-st_corrector
169208,does mississippi have an income tax,"why some Native American historians refer to a missippian culture as ""Mississippiaan""",CosineGECO,20,0.001,why do historians refer to some native american cultures as mississippian?,msmarco-passage/train,ielabgroup/vec2text_gtr-base-st_corrector
169208,does mississippi have an income tax,"zone is Mississouri, which is a state in the Mississippi-Pennsylvania region and is the high temperature",CosineGECO,20,0.001,what zone is mississippi in,msmarco-passage/train,ielabgroup/vec2text_gtr-base-st_corrector
174463,dog day afternoon meaning,puppy flu (also known as puppy swine flu or puppet flu) is a virus of the feces of dogs,CosineGECO,20,0.001,what is puppy flu,msmarco-passage/train,ielabgroup/vec2text_gtr-base-st_corrector
174463,dog day afternoon meaning,"a true meaning of 'father's day', a day of celebration of the gift of the spirit of his or her child '",CosineGECO,20,0.001,the true meaning of father's day,msmarco-passage/train,ielabgroup/vec2text_gtr-base-st_corrector
174463,dog day afternoon meaning,define day hike. It is a form of walking or walking/jogging that can be difficult to access. Known as a walking pass,CosineGECO,20,0.001,define day hike,msmarco-passage/train,ielabgroup/vec2text_gtr-base-st_corrector
174463,dog day afternoon meaning,what it prepares. Dog Days of Summer is a meal served with turkey and sour creamed eggs on the day of summer meal,CosineGECO,20,0.001,what does dog days of summer meal,msmarco-passage/train,ielabgroup/vec2text_gtr-base-st_corrector
174463,dog day afternoon meaning,(or 'blue gums') means purple gums on a dog's cyniaematology or,CosineGECO,20,0.001,what do purple gums on a dog mean,msmarco-passage/train,ielabgroup/vec2text_gtr-base-st_corrector
174463,dog day afternoon meaning,"training dog training in Port Orchard, a scout area on rvals o'Brien, r",CosineGECO,20,0.001,dog training in port orchard,msmarco-passage/train,ielabgroup/vec2text_gtr-base-st_corrector
174463,dog day afternoon meaning,The dog w            is a j,CosineGECO,20,0.001,what is the dog w,msmarco-passage/train,ielabgroup/vec2text_gtr-base-st_corrector
174463,dog day afternoon meaning,"what Training Day is about, and what it's about, is about the day after the release of the hit movie about everyone who goes on an exercise",CosineGECO,20,0.001,what is training day about,msmarco-passage/train,ielabgroup/vec2text_gtr-base-st_corrector
174463,dog day afternoon meaning,", fish do a lot of everything all day, and what they do all day is , where they eat, direct, open water to",CosineGECO,20,0.001,what do fish do all day,msmarco-passage/train,ielabgroup/vec2text_gtr-base-st_corrector
174463,dog day afternoon meaning,"referred to by the eloquent acrobatics, ""The pluck of the day"" is a phrase in folk",CosineGECO,20,0.001,what does the phrase the pluck of the day,msmarco-passage/train,ielabgroup/vec2text_gtr-base-st_corrector
23849,are naturalization records public information,"when the United States of America enacted a national law,  71(D)  , the Naturalization Law established",CosineGECO,20,0.001,when was the naturalization law established,msmarco-passage/train,ielabgroup/vec2text_gtr-base-st_corrector
23849,are naturalization records public information,because a child or a birth certificate may be sealed in a public office if it is seized or a birth certificate is not sealed,CosineGECO,20,0.001,why would a birth certificate be sealed,msmarco-passage/train,ielabgroup/vec2text_gtr-base-st_corrector
23849,are naturalization records public information,what to look for in a public relations group is a good guide to the first things a group will look for: the quality of the public,CosineGECO,20,0.001,what to look for in a public relations group,msmarco-passage/train,ielabgroup/vec2text_gtr-base-st_corrector
23849,are naturalization records public information,"identifies a document to be viewed by a birth certificate number, or by clicking on the photo 'Express' on your passport",CosineGECO,20,0.001,how to view a birth certificate,msmarco-passage/train,ielabgroup/vec2text_gtr-base-st_corrector
23849,are naturalization records public information,"is a bench warrant a public presiding over a court of a bench, it is open to the public Register of Civil Discrimin",CosineGECO,20,0.001,is a bench warrant public,msmarco-passage/train,ielabgroup/vec2text_gtr-base-st_corrector
23849,are naturalization records public information,"what is considered a public place. Public parks, a water station, and a public library are all considered to be a public place.",CosineGECO,20,0.001,what is considered as a public place?,msmarco-passage/train,ielabgroup/vec2text_gtr-base-st_corrector
23849,are naturalization records public information,name of a government official under PK law is P.K. (P.K.). Lawful rulings by State officials (Ce,CosineGECO,20,0.001,name of government official under pk laws,msmarco-passage/train,ielabgroup/vec2text_gtr-base-st_corrector
23849,are naturalization records public information,"forms (i.e., a postage stamp, a notary public stub, and a clearance stamp) do not.",CosineGECO,20,0.001,what forms do notary publics stamp?,msmarco-passage/train,ielabgroup/vec2text_gtr-base-st_corrector
23849,are naturalization records public information,"who is more inclined to a personal health record, and if so, who is more likely to be a victim of health care schis",CosineGECO,20,0.001,who is more inclined to a personal health record,msmarco-passage/train,ielabgroup/vec2text_gtr-base-st_corrector
23849,are naturalization records public information,"the different types of public networking, namely a public-networking, a public-discipline, a public-avail",CosineGECO,20,0.001,what are the different sorts of public networking,msmarco-passage/train,ielabgroup/vec2text_gtr-base-st_corrector
258062,how long does it take to remove wisdom tooth,when a tooth is a front crown it lasts 2 to 3 years and when it regains all of its former teeth and bristles,CosineGECO,20,0.001,how long does a crown last front tooth,msmarco-passage/train,ielabgroup/vec2text_gtr-base-st_corrector
258062,how long does it take to remove wisdom tooth,"in the mouth, dissolvable stitches in a sympathetic molar ducts can take from 2 to 4 hours after",CosineGECO,20,0.001,how long for dissolvable stitches in mouth,msmarco-passage/train,ielabgroup/vec2text_gtr-base-st_corrector
258062,how long does it take to remove wisdom tooth,"a court with a vacancy, a court can take from 90 to 240 days to process an eviction order or to process",CosineGECO,20,0.001,how long for a court to process an eviction,msmarco-passage/train,ielabgroup/vec2text_gtr-base-st_corrector
258062,how long does it take to remove wisdom tooth,"when a ionoid (IUD) is implanted, it may take a period of 1 to 2 days to implant",CosineGECO,20,0.001,how long does it take to implant an iud,msmarco-passage/train,ielabgroup/vec2text_gtr-base-st_corrector
258062,how long does it take to remove wisdom tooth,take from a single day to a week; it takes 90 to 90 days to get a TWIC card; it takes a child,CosineGECO,20,0.001,how long does it take to get twic card,msmarco-passage/train,ielabgroup/vec2text_gtr-base-st_corrector
258062,how long does it take to remove wisdom tooth,from 1 to 90 days after extraction of a dry tooth can occur and the period of time until after a dry barretta tooth socket can dry,CosineGECO,20,0.001,how long after tooth extraction can dry socket occur,msmarco-passage/train,ielabgroup/vec2text_gtr-base-st_corrector
258062,how long does it take to remove wisdom tooth,"how long it takes to get a vasectomy, or a vasectomy, or a vasectomy, a scle",CosineGECO,20,0.001,how long does it take to get a vasectomy,msmarco-passage/train,ielabgroup/vec2text_gtr-base-st_corrector
258062,how long does it take to remove wisdom tooth,"NSAIDs from neosaids take to leave the system in the bowel, and it may take up to 21 days",CosineGECO,20,0.001,how long does it take for nsaids to leave your system,msmarco-passage/train,ielabgroup/vec2text_gtr-base-st_corrector
258062,how long does it take to remove wisdom tooth,how much it costs to have the molars removed or the molars removed and to have them taken out of the wisdom teeth titled,CosineGECO,20,0.001,how much does it cost to get your wisdom teeth taken out,msmarco-passage/train,ielabgroup/vec2text_gtr-base-st_corrector
258062,how long does it take to remove wisdom tooth,"from a broken wrist or a broken cradle, it takes between 40 to 90 days to heal from the pain of a broken",CosineGECO,20,0.001,how long does take to heal a broken wrist,msmarco-passage/train,ielabgroup/vec2text_gtr-base-st_corrector
324585,how much money do motivational speakers make,"with a salary of $600,000 and $600,000 (Crupees and other money) a newscaster will continue",CosineGECO,20,0.001,what is the salary of a newscaster,msmarco-passage/train,ielabgroup/vec2text_gtr-base-st_corrector
324585,how much money do motivational speakers make,"Depending on their income and location, logistics/accounting people make an average of about $90,000 of money in their thour",CosineGECO,20,0.001,how much money does the average logistics/accounting person make,msmarco-passage/train,ielabgroup/vec2text_gtr-base-st_corrector
324585,how much money do motivational speakers make,"a question of how much money a biokineticist makes, i.e., $2,000 - $3,000 a day based",CosineGECO,20,0.001,how much money does a biokineticist make?,msmarco-passage/train,ielabgroup/vec2text_gtr-base-st_corrector
324585,how much money do motivational speakers make,"about $1,417 a year, or 'comedian makes a pound', or 'comedian makes a",CosineGECO,20,0.001,how much does a comedian make a year?,msmarco-passage/train,ielabgroup/vec2text_gtr-base-st_corrector
324585,how much money do motivational speakers make,"no money left, Jurassic World made $30 million or more, and ""Jurassic World"" made a quick profit of $4 million",CosineGECO,20,0.001,how much money did jurassic world make?,msmarco-passage/train,ielabgroup/vec2text_gtr-base-st_corrector
324585,how much money do motivational speakers make,"(as a roist or a steward) who works at a rehabilitation center employee makes about $150,000 to $160,000",CosineGECO,20,0.001,how much does a rehabilitation center employee make,msmarco-passage/train,ielabgroup/vec2text_gtr-base-st_corrector
324585,how much money do motivational speakers make,"how much you earn to make your livings as a beautytician and as an esthetician are from $90,000 to $800,000",CosineGECO,20,0.001,how much do you make to be an estheticians,msmarco-passage/train,ielabgroup/vec2text_gtr-base-st_corrector
324585,how much money do motivational speakers make,"after the opening of the droophyseus or the teeth of the mouth, dentists make as much as 8000 US dollars",CosineGECO,20,0.001,how much do dentists make,msmarco-passage/train,ielabgroup/vec2text_gtr-base-st_corrector
324585,how much money do motivational speakers make,"a therapist and a therapist who makes a cradle, $3,000 to $4,000 to $7,000 a music therapist",CosineGECO,20,0.001,how much does a music therapist make,msmarco-passage/train,ielabgroup/vec2text_gtr-base-st_corrector
324585,how much money do motivational speakers make,", or motivational, is a motivational compulsion which is used to motivate people and is a popular ad in the",CosineGECO,20,0.001,what is motivational,msmarco-passage/train,ielabgroup/vec2text_gtr-base-st_corrector
330975,how much would it cost to install my own wind turbine,installed or a wind turbine built — between $85 and $800 — or a wind power turbine — cost — how much,CosineGECO,20,0.001,how much is a wind turbine cost installed,msmarco-passage/train,ielabgroup/vec2text_gtr-base-st_corrector
330975,how much would it cost to install my own wind turbine,"cost of installation of a fan, cost of installation of a new air-conditioning, cost of installation (R$30) or average cost",CosineGECO,20,0.001,average cost for fan installation,msmarco-passage/train,ielabgroup/vec2text_gtr-base-st_corrector
330975,how much would it cost to install my own wind turbine,from a photovoltaic (photonac) to electricity how much solar power will cost you to power your home or how much it will,CosineGECO,20,0.001,how much would it cost to solar power my home,msmarco-passage/train,ielabgroup/vec2text_gtr-base-st_corrector
330975,how much would it cost to install my own wind turbine,at an average cost of $70–$80 to install central air conditioning or a cost of $65–$75 to install a new air,CosineGECO,20,0.001,average cost to install central air conditioning,msmarco-passage/train,ielabgroup/vec2text_gtr-base-st_corrector
330975,how much would it cost to install my own wind turbine,(priced at $550/$560/$475 for a residential elevator installed and $49/$475 for leased,CosineGECO,20,0.001,cost of residential elevator installed,msmarco-passage/train,ielabgroup/vec2text_gtr-base-st_corrector
330975,how much would it cost to install my own wind turbine,building an extension costing,CosineGECO,20,0.001,building an extension cost,msmarco-passage/train,ielabgroup/vec2text_gtr-base-st_corrector
330975,how much would it cost to install my own wind turbine,"of the cost of a wind turbine (e.g., a wind power turbine or a wind tunnel) are placed on average 25",CosineGECO,20,0.001,what is the cost of an average wind turbine,msmarco-passage/train,ielabgroup/vec2text_gtr-base-st_corrector
330975,how much would it cost to install my own wind turbine,"average cost of building a home and a cost-to-cost ratio of $90,000 to $90,000 to build a subdivision",CosineGECO,20,0.001,average cost to build a subdivision,msmarco-passage/train,ielabgroup/vec2text_gtr-base-st_corrector
330975,how much would it cost to install my own wind turbine,between the cost of $160 to $170 to install air conditioning or the cost of $160 to $170 to $170 to install a new,CosineGECO,20,0.001,how much cost to install air conditioning,msmarco-passage/train,ielabgroup/vec2text_gtr-base-st_corrector
330975,how much would it cost to install my own wind turbine,"after a low of $900, or how much it should cost (about $450) to install a storm door or a door installation.",CosineGECO,20,0.001,how much should it cost to install a storm door?,msmarco-passage/train,ielabgroup/vec2text_gtr-base-st_corrector
332593,how often to button quail lay eggs,"a dalmatian is in high demand, so they usually come in season once every 4 to 8 days a year, and once weekly",CosineGECO,20,0.001,how often does a dalmatian come in season?,msmarco-passage/train,ielabgroup/vec2text_gtr-base-st_corrector
332593,how often to button quail lay eggs,a female releases a set of 8 to 10 eggs per month for a mlodgy he or she sets to eggs,CosineGECO,20,0.001,how many eggs does a female release per month,msmarco-passage/train,ielabgroup/vec2text_gtr-base-st_corrector
332593,how often to button quail lay eggs,"a hepatitis A vaccine booster, or as often as twice every two to three days for a hepatitis l",CosineGECO,20,0.001,hepatitis a vaccine booster how often,msmarco-passage/train,ielabgroup/vec2text_gtr-base-st_corrector
332593,how often to button quail lay eggs,"a hen can lay a laying egg, and as long as a hen lays a sperm and laying eggs",CosineGECO,20,0.001,how long a hen can lay eggs,msmarco-passage/train,ielabgroup/vec2text_gtr-base-st_corrector
332593,how often to button quail lay eggs,"averaging , every 2 to 5 times daily, Taal volcano is eruptrupting due to its high electrical and gas contaminated",CosineGECO,20,0.001,how often does Taal volcano erupt,msmarco-passage/train,ielabgroup/vec2text_gtr-base-st_corrector
332593,how often to button quail lay eggs,"Usually about 24 to 48 hours after the mate is laid, bluebirds mate and lay the eggs in which they swine",CosineGECO,20,0.001,how long after the bluebirds mate do they lay the eggs,msmarco-passage/train,ielabgroup/vec2text_gtr-base-st_corrector
332593,how often to button quail lay eggs,laying chickens to a colossus and to a laying egg the chickens begin to lay eggs until they are laying,CosineGECO,20,0.001,laying chickens how long to eggs,msmarco-passage/train,ielabgroup/vec2text_gtr-base-st_corrector
332593,how often to button quail lay eggs,"every year and a half to a year (about 5 to 7 dunnies per year), linnies breed more than once",CosineGECO,20,0.001,how many time a year do linnies breed,msmarco-passage/train,ielabgroup/vec2text_gtr-base-st_corrector
332593,how often to button quail lay eggs,"You boil small eggs in a hot water for 45 to 60 minutes until you have burned them, and you boil them or boiled them in a",CosineGECO,20,0.001,how long do you boil boiled eggs,msmarco-passage/train,ielabgroup/vec2text_gtr-base-st_corrector
332593,how often to button quail lay eggs,"of a hen lay one to ten eggs a day, and a chicken laying in the sun or low water bore 3–4",CosineGECO,20,0.001,how many egg does a hen lay a day,msmarco-passage/train,ielabgroup/vec2text_gtr-base-st_corrector
336901,how old is vanessa redgrave,87-year-old princess Alexia of Kent (Kingdom of the Wisden and Duchess of Nazarenth),CosineGECO,20,0.001,how old is princess alexandra of kent,msmarco-passage/train,ielabgroup/vec2text_gtr-base-st_corrector
336901,how old is vanessa redgrave,"is 27 years old, and 10 years old, Peyton Myers, a 2016 Boston-Daytona-McNeegan",CosineGECO,20,0.001,how old is peyton myers,msmarco-passage/train,ielabgroup/vec2text_gtr-base-st_corrector
336901,how old is vanessa redgrave,Cassius is 56,CosineGECO,20,0.001,How old is cassius is?,msmarco-passage/train,ielabgroup/vec2text_gtr-base-st_corrector
336901,how old is vanessa redgrave,Age of - - - - Wendy Lehr - - - - - - 87 Elizabeth Singer,CosineGECO,20,0.001,age of wendy lehr actress,msmarco-passage/train,ielabgroup/vec2text_gtr-base-st_corrector
336901,how old is vanessa redgrave,- Jessy Won - LOIN UPLOYZ - Jessica Humboldt is 57 years old,CosineGECO,20,0.001,jennifer lopez is how old,msmarco-passage/train,ielabgroup/vec2text_gtr-base-st_corrector
336901,how old is vanessa redgrave,"how old he is (no.25) that ""Beverly White"" is (n.25) on NBC4's",CosineGECO,20,0.001,how old is beverly white of nbc4,msmarco-passage/train,ielabgroup/vec2text_gtr-base-st_corrector
336901,how old is vanessa redgrave,"a meeting with Scotty Gardiner and a team of producers, Pamela ""Garden"" is 103-year-old",CosineGECO,20,0.001,how old is pamela gardner,msmarco-passage/train,ielabgroup/vec2text_gtr-base-st_corrector
336901,how old is vanessa redgrave,"was 96 years old and a week prior to her medley, Addie Mae Collins-Lincolns was",CosineGECO,20,0.001,how old was addie mae collins,msmarco-passage/train,ielabgroup/vec2text_gtr-base-st_corrector
336901,how old is vanessa redgrave,"with a broken rib and a blowout. , Pia Zadora is 17 years old (Alice Picador",CosineGECO,20,0.001,how old is pia zadora,msmarco-passage/train,ielabgroup/vec2text_gtr-base-st_corrector
336901,how old is vanessa redgrave,public square. Sophia Vegara Sophia Vegara ( ; ; age 84 years and counting) is a,CosineGECO,20,0.001,sophia vegara age,msmarco-passage/train,ielabgroup/vec2text_gtr-base-st_corrector
390360,ia suffix meaning,"name means aphnaea or aphnaea (synonyms Iazyges,",CosineGECO,20,0.001,name meaning Iazyges,msmarco-passage/train,ielabgroup/vec2text_gtr-base-st_corrector
390360,ia suffix meaning,e e eire meaning 'Irish love of Ireland' in edh eas,CosineGECO,20,0.001,eire meaning in irish,msmarco-passage/train,ielabgroup/vec2text_gtr-base-st_corrector
390360,ia suffix meaning,title ix. Title ix. is a U.S. GI Bill that protects public education and the Prevention of Irvine Disease,CosineGECO,20,0.001,what is title ix,msmarco-passage/train,ielabgroup/vec2text_gtr-base-st_corrector
390360,ia suffix meaning,title ix. Title ix. is a U.S. GI Bill that protects public education and the Prevention of Irvine Disease,CosineGECO,20,0.001,what is title ix,msmarco-passage/train,ielabgroup/vec2text_gtr-base-st_corrector
390360,ia suffix meaning,"The IAU (Iranian icecap) The IAU, also known as the IAU, is a very hot radioactive emission",CosineGECO,20,0.001,what is the iau,msmarco-passage/train,ielabgroup/vec2text_gtr-base-st_corrector
390360,ia suffix meaning,iaas (distributed by iaaslin) in IT networking. It is a network of networking applications,CosineGECO,20,0.001,what is iaas in networking,msmarco-passage/train,ielabgroup/vec2text_gtr-base-st_corrector
390360,ia suffix meaning,the prefix and suffixes of the prefix         for recyclables,CosineGECO,20,0.001,what is the prefix and suffix of recyclables,msmarco-passage/train,ielabgroup/vec2text_gtr-base-st_corrector
390360,ia suffix meaning,ici means iui and iui means iui and iui. What they are referring to during pregnancy,CosineGECO,20,0.001,what does ici and iui mean,msmarco-passage/train,ielabgroup/vec2text_gtr-base-st_corrector
390360,ia suffix meaning,"isaboe name            , meaning",CosineGECO,20,0.001,isaboe name meaning,msmarco-passage/train,ielabgroup/vec2text_gtr-base-st_corrector
390360,ia suffix meaning,"-ed -- suffix -ed , a suffix of the verb emancip",CosineGECO,20,0.001,suffix -ed definition,msmarco-passage/train,ielabgroup/vec2text_gtr-base-st_corrector
405163,is caffeine an narcotic,of 1.7 million Americans in the U.S. are addicted to caffeine and 98.8 are addicted to caffeinated ado,CosineGECO,20,0.001,how many americans are addicted to caffeine,msmarco-passage/train,ielabgroup/vec2text_gtr-base-st_corrector
405163,is caffeine an narcotic,"is benztropine, along with the prescription drug benzodiazeptosis, a narcotic or narcotic",CosineGECO,20,0.001,is benztropine a narcotic,msmarco-passage/train,ielabgroup/vec2text_gtr-base-st_corrector
405163,is caffeine an narcotic,"narco , also known as narco, is a drug cartel and a network of detectives operated by the CBS",CosineGECO,20,0.001,what is narco,msmarco-passage/train,ielabgroup/vec2text_gtr-base-st_corrector
405163,is caffeine an narcotic,"as much caffeine at once as a single slunk, a 100 mg drank safe at 00:00 or a safe",CosineGECO,20,0.001,how much caffeine is safe at once,msmarco-passage/train,ielabgroup/vec2text_gtr-base-st_corrector
405163,is caffeine an narcotic,"375 mm of caffeine in a cup of coffee, or 1 ml of coffeinated coffee, or 0.1 ml",CosineGECO,20,0.001,how many mm of caffeine in a cup of coffee,msmarco-passage/train,ielabgroup/vec2text_gtr-base-st_corrector
405163,is caffeine an narcotic,a safe level of caffeine (cocaine adrebose a daily) between 15 and 30 calories per day based,CosineGECO,20,0.001,what is a safe level of caffeine per day,msmarco-passage/train,ielabgroup/vec2text_gtr-base-st_corrector
405163,is caffeine an narcotic,if the free coke has caffeine free ad lib. No caffeine based drinks are available. Caffeine free coke does have,CosineGECO,20,0.001,does caffeine free coke have caffeine?,msmarco-passage/train,ielabgroup/vec2text_gtr-base-st_corrector
405163,is caffeine an narcotic,"(Caffeine is used for a variety of uses, including alcohol consumption, hyperactivity, and libidosis).",CosineGECO,20,0.001,what is caffeine used for?,msmarco-passage/train,ielabgroup/vec2text_gtr-base-st_corrector
405163,is caffeine an narcotic,"between 0.5 mg and 0.5 mg of caffeine content in a dose of mated coffee, or 187 mg in a dose of coffee",CosineGECO,20,0.001,how much mg caffeine in coffee,msmarco-passage/train,ielabgroup/vec2text_gtr-base-st_corrector
405163,is caffeine an narcotic,is no narcotic or narcotics. Naccyta is a nutraceutical nyta,CosineGECO,20,0.001,is nucynta a narcotic,msmarco-passage/train,ielabgroup/vec2text_gtr-base-st_corrector
42255,average salary for dental hygienist in nebraska,"(as of , , , , , , , , ) the average salary in New Hampshire is $27",CosineGECO,20,0.001,what is the average salary in New Hampshire,msmarco-passage/train,ielabgroup/vec2text_gtr-base-st_corrector
42255,average salary for dental hygienist in nebraska,(dental removal) is a cost of dental care and the average cost of dental care has remained at $180-$170 per person,CosineGECO,20,0.001,average dental cost,msmarco-passage/train,ielabgroup/vec2text_gtr-base-st_corrector
42255,average salary for dental hygienist in nebraska,average salary of a CNA in a c.,CosineGECO,20,0.001,average salary for a CNA in ct,msmarco-passage/train,ielabgroup/vec2text_gtr-base-st_corrector
42255,average salary for dental hygienist in nebraska,"(i.e., $280-$3250) hygienist cost and these dentists continue to have a higher cost",CosineGECO,20,0.001,hygienist cost,msmarco-passage/train,ielabgroup/vec2text_gtr-base-st_corrector
42255,average salary for dental hygienist in nebraska,"the salary of a cosmetologist and/or a cosmetologist, and how much a hair make-up is made",CosineGECO,20,0.001,what is the salary of a cosmetologist/make up,msmarco-passage/train,ielabgroup/vec2text_gtr-base-st_corrector
42255,average salary for dental hygienist in nebraska,"how much a person who is a nurse corps officer, ranging from $60,000 to $90,000, a nurse officer, makes",CosineGECO,20,0.001,how much does a nurse corps officer make,msmarco-passage/train,ielabgroup/vec2text_gtr-base-st_corrector
42255,average salary for dental hygienist in nebraska,"between $800 and $1000 a day and when a dental procedure, known as teeth cleaning, cost you less than what you need to clean your",CosineGECO,20,0.001,how much does teeth cleaning cost,msmarco-passage/train,ielabgroup/vec2text_gtr-base-st_corrector
42255,average salary for dental hygienist in nebraska,connecticutanist who earns a salary of $57.8 per kd. in Connecticut average nutrition salary ($45.5 k,CosineGECO,20,0.001,nutritionist average salary in connecticut,msmarco-passage/train,ielabgroup/vec2text_gtr-base-st_corrector
42255,average salary for dental hygienist in nebraska,"information on the salary of a sports nutritionist who is a athlete or a swimmer who is a salary of 70,000 to 70,000",CosineGECO,20,0.001,what is the salary for a sports nutritionist,msmarco-passage/train,ielabgroup/vec2text_gtr-base-st_corrector
42255,average salary for dental hygienist in nebraska,"average salary of a neurosurgeon and other spinal surgeons averaging $1,090 to $1,090 per anatomy and other",CosineGECO,20,0.001,neurological surgeon average salary,msmarco-passage/train,ielabgroup/vec2text_gtr-base-st_corrector
47210,average wedding dress alteration cost,average cost of a boutonne (blunty or bouquet) of a bowser or boutonne (50–150 dollars,CosineGECO,20,0.001,average cost of boutonniere,msmarco-passage/train,ielabgroup/vec2text_gtr-base-st_corrector
47210,average wedding dress alteration cost,"starting from a dollar to a dollar, 750 to 900 lb of cake is the amount of wedding cake and is also the value",CosineGECO,20,0.001,how much wedding cake,msmarco-passage/train,ielabgroup/vec2text_gtr-base-st_corrector
47210,average wedding dress alteration cost,"at a cost of $45 to $600, a spouse will get married at the courthouse and the cost of the cost is waived",CosineGECO,20,0.001,cost to get married at the courthouse,msmarco-passage/train,ielabgroup/vec2text_gtr-base-st_corrector
47210,average wedding dress alteration cost,between the average cost of breast augmentation surgery and the cost of a neo-acromegaly induced breast amputation,CosineGECO,20,0.001,average cost of breast augmentation,msmarco-passage/train,ielabgroup/vec2text_gtr-base-st_corrector
47210,average wedding dress alteration cost,$450 to $450 cost-of-choice alterations (prom alterations) and $450 to $450 cost-of-choice,CosineGECO,20,0.001,cost of prom alterations,msmarco-passage/train,ielabgroup/vec2text_gtr-base-st_corrector
47210,average wedding dress alteration cost,between 100 and 250 francs the average cost of alterations to the dress or a cinnablature at the wedding ceremony,CosineGECO,20,0.001,what is the average cost of alterations for wedding dress,msmarco-passage/train,ielabgroup/vec2text_gtr-base-st_corrector
47210,average wedding dress alteration cost,average price of flowers at the onset of weddings e.g. savannas and crows and filigre,CosineGECO,20,0.001,average price of flowers for weddings,msmarco-passage/train,ielabgroup/vec2text_gtr-base-st_corrector
47210,average wedding dress alteration cost,train cutting or a reduction in the cost of a dress trim alterations a cost of 190 to 450 dollars commencement off dress trim,CosineGECO,20,0.001,cost of alterations dress trim train off quote,msmarco-passage/train,ielabgroup/vec2text_gtr-base-st_corrector
47210,average wedding dress alteration cost,price of a cake or a king's cake or a wedding cake is on the average price of 30 uk/a,CosineGECO,20,0.001,average price of a wedding cake uk,msmarco-passage/train,ielabgroup/vec2text_gtr-base-st_corrector
47210,average wedding dress alteration cost,a person is located at the average price of a wedding cake or a nascent cake and $180 to $190 in price,CosineGECO,20,0.001,average price for a wedding cake,msmarco-passage/train,ielabgroup/vec2text_gtr-base-st_corrector
555530,what are best foods to lower cholesterol,"foods that reduce liver ALT levels by a ratio of a 1% to 1 percent, alternative foods, such as chicken and carrot milk, reduce",CosineGECO,20,0.001,what foods reduce alt liver levels,msmarco-passage/train,ielabgroup/vec2text_gtr-base-st_corrector
555530,what are best foods to lower cholesterol,"foods to help lower a calorie intake of lard, rye olfactory, such as smoked cod, beef milk",CosineGECO,20,0.001,foods to help lower cholesterol ldl,msmarco-passage/train,ielabgroup/vec2text_gtr-base-st_corrector
555530,what are best foods to lower cholesterol,"the amount of your food in your diet, e.g., corn, rye, and bananas, is good for your thyroid",CosineGECO,20,0.001,what foods are good for your thyroid,msmarco-passage/train,ielabgroup/vec2text_gtr-base-st_corrector
555530,what are best foods to lower cholesterol,"foods containing milk or a lipped version of ham, frankincense, or a variety of oil to help treat diarrhea",CosineGECO,20,0.001,foods to help with diarrhea,msmarco-passage/train,ielabgroup/vec2text_gtr-base-st_corrector
555530,what are best foods to lower cholesterol,"foods that are high in cholesterol, such as a number of ols A fried egg, a diet of starches and garlic",CosineGECO,20,0.001,foods that are in high cholesterol,msmarco-passage/train,ielabgroup/vec2text_gtr-base-st_corrector
555530,what are best foods to lower cholesterol,"foods rich in a fat based nutrient rich milk, ranging from berries to chicken, to rye meat, to help diabetes",CosineGECO,20,0.001,foods to help diabetes,msmarco-passage/train,ielabgroup/vec2text_gtr-base-st_corrector
555530,what are best foods to lower cholesterol,"foods that harm cholesterol levels, including fatty acids, fatty acids, glucose, eggs, and other foods that increase or lower cholesterol",CosineGECO,20,0.001,foods that harm cholesterol levels,msmarco-passage/train,ielabgroup/vec2text_gtr-base-st_corrector
555530,what are best foods to lower cholesterol,"food that fight the flu, e.g. a mix of berries, nutmeg, and ginger, help eat the flu",CosineGECO,20,0.001,what foods fight the flu,msmarco-passage/train,ielabgroup/vec2text_gtr-base-st_corrector
555530,what are best foods to lower cholesterol,"foods that are good for cleaning cholesterol are fried rye eaves, and a variety of foods such as a buck milk",CosineGECO,20,0.001,what kind of foods are good for cleaning cholesterol,msmarco-passage/train,ielabgroup/vec2text_gtr-base-st_corrector
555530,what are best foods to lower cholesterol,"a food, such as ice cream, corn, or nutmeg, a variety of gospasm can help headaches go",CosineGECO,20,0.001,what foods help headaches go away,msmarco-passage/train,ielabgroup/vec2text_gtr-base-st_corrector
583468,what carvedilol used for,sertraline hydroephrine is used for aqueous bulimia and for treating depression and other disorders,CosineGECO,20,0.001,what is sertraline hcl used for,msmarco-passage/train,ielabgroup/vec2text_gtr-base-st_corrector
583468,what carvedilol used for,Enasullaprinal is used for a periodontal treatment for bronchial swollen joints. During late April,CosineGECO,20,0.001,what enalapril used for,msmarco-passage/train,ielabgroup/vec2text_gtr-base-st_corrector
583468,what carvedilol used for,by adrenea-therapy: arnica is used in homeopathy to treat a suspected ailment or a migraine headache,CosineGECO,20,0.001,what is arnica used for in homeopathy,msmarco-passage/train,ielabgroup/vec2text_gtr-base-st_corrector
583468,what carvedilol used for,-propiconazole is used as a medication to treat Diagnosis and hepatitis and it is also used,CosineGECO,20,0.001,what is propiconazole used for,msmarco-passage/train,ielabgroup/vec2text_gtr-base-st_corrector
583468,what carvedilol used for,"a potent budgiel, or cannabidiol, cannabidiol is used for medicinal and veterinary medicine",CosineGECO,20,0.001,what is cannabidiol used for,msmarco-passage/train,ielabgroup/vec2text_gtr-base-st_corrector
583468,what carvedilol used for,"medication tricor, the cyclic aortic medication tricor is used to treat a condition such as a heart attack and",CosineGECO,20,0.001,what is the medication tricor used for,msmarco-passage/train,ielabgroup/vec2text_gtr-base-st_corrector
583468,what carvedilol used for,"Vivitrol is a pharmacocorticosterol used for the treatment of cholecidosis, triamoxia",CosineGECO,20,0.001,what is vivitrol for,msmarco-passage/train,ielabgroup/vec2text_gtr-base-st_corrector
583468,what carvedilol used for,(formerly known as revatio) is used for the treatment of a variety of diseases like eczema and aria.,CosineGECO,20,0.001,what is revatio used for,msmarco-passage/train,ielabgroup/vec2text_gtr-base-st_corrector
583468,what carvedilol used for,l-carnitine powder is used for its dietary purpose as a steroid- and carbohydrate-free protein and,CosineGECO,20,0.001,what is l-carnitine powder used for,msmarco-passage/train,ielabgroup/vec2text_gtr-base-st_corrector
583468,what carvedilol used for,"a medication, cytokilostazol is taken for the treatment of C-aspiri and C-aspirimus",CosineGECO,20,0.001,what is the medication cilostazol taken for,msmarco-passage/train,ielabgroup/vec2text_gtr-base-st_corrector
640502,what does it mean if your tsh is low,"of tyrosine sulfate, is a fasting test (Tsh labs) a tyros",CosineGECO,20,0.001,is tsh a fasting lab,msmarco-passage/train,ielabgroup/vec2text_gtr-base-st_corrector
640502,what does it mean if your tsh is low,"used for testing for tyrosine sulfonates and thyroid hormones, the Tsh labs are used to test for",CosineGECO,20,0.001,what is tsh labs used for,msmarco-passage/train,ielabgroup/vec2text_gtr-base-st_corrector
640502,what does it mean if your tsh is low,"low pressure (10.5 mbar sp./m.) is considered a low barometric pressure, especially when low temperatures",CosineGECO,20,0.001,what is considered low barometric pressure,msmarco-passage/train,ielabgroup/vec2text_gtr-base-st_corrector
640502,what does it mean if your tsh is low,"with syndromonotroid can lower thyroid systol level and a lower sPH level. Therefore, no",CosineGECO,20,0.001,can synthroid lower tsh level,msmarco-passage/train,ielabgroup/vec2text_gtr-base-st_corrector
640502,what does it mean if your tsh is low,with a low blood pressure. Low blood pressure affects you by allowing you to miss a lot of your blood sugar and your blood index drops,CosineGECO,20,0.001,how does low blood pressure affect you,msmarco-passage/train,ielabgroup/vec2text_gtr-base-st_corrector
640502,what does it mean if your tsh is low,tyrosine sulfate hormone (TSH) test is a work test used to determine the amount of work done in lab,CosineGECO,20,0.001,what is a tsh test in lab work,msmarco-passage/train,ielabgroup/vec2text_gtr-base-st_corrector
640502,what does it mean if your tsh is low,"asymptom of transient thyroid, a number of symptoms are followed by a few symptoms such as gynectalup",CosineGECO,20,0.001,transient thyroid symptoms,msmarco-passage/train,ielabgroup/vec2text_gtr-base-st_corrector
640502,what does it mean if your tsh is low,"a blood test, a thyroxine sensitivity test, or a T test will show results of thyroid problems or a diabet",CosineGECO,20,0.001,what blood test results would show a thyroid problem,msmarco-passage/train,ielabgroup/vec2text_gtr-base-st_corrector
640502,what does it mean if your tsh is low,significance of tsrh to the rheumatoid arthritis of patients with rheumatoid arthritis,CosineGECO,20,0.001,significance of tsh in rheumatoid arthritis,msmarco-passage/train,ielabgroup/vec2text_gtr-base-st_corrector
640502,what does it mean if your tsh is low,(thyroid) or testicular thyroid hormone (TSH) and a 0 to 75 mmol of thyroid hormone is the normal level,CosineGECO,20,0.001,what is normal tsh level for thyroid,msmarco-passage/train,ielabgroup/vec2text_gtr-base-st_corrector
67316,can fever cause miscarriage early pregnancy,"dangerous diseases during pregnancy, such as a hepatomy, adenocarcinoma, or a fever during pregnancy",CosineGECO,20,0.001,dangerous diseases during pregnancy,msmarco-passage/train,ielabgroup/vec2text_gtr-base-st_corrector
67316,can fever cause miscarriage early pregnancy,"can cause a fever. However, if the heat is too much for the nausea, fever (beast) can cause heat",CosineGECO,20,0.001,can the heat cause fever,msmarco-passage/train,ielabgroup/vec2text_gtr-base-st_corrector
67316,can fever cause miscarriage early pregnancy,"caused by a fever, a fever, a chitina bifever, and a fever cause diarrhea",CosineGECO,20,0.001,what cause diarrhea and fever,msmarco-passage/train,ielabgroup/vec2text_gtr-base-st_corrector
67316,can fever cause miscarriage early pregnancy,after a miscarriage of a pregnancy and from 5 to 7 hr after a miscarriage take a pregnancy test,CosineGECO,20,0.001,how long after miscarriage to take pregnancy test,msmarco-passage/train,ielabgroup/vec2text_gtr-base-st_corrector
67316,can fever cause miscarriage early pregnancy,the typhoid fever (or typhoid eidospirinus) is the cause of typho,CosineGECO,20,0.001,what is the cause of typhoid fever,msmarco-passage/train,ielabgroup/vec2text_gtr-base-st_corrector
67316,can fever cause miscarriage early pregnancy,how to naturally have a miscarriage. Do a lot of rheumatoid fluid and a heart rate.,CosineGECO,20,0.001,how to naturally have a miscarriage,msmarco-passage/train,ielabgroup/vec2text_gtr-base-st_corrector
67316,can fever cause miscarriage early pregnancy,"when a pregnant woman will expect normal vaginal bleeding when she is a pregnant or ill-fated pregnancy, starting early",CosineGECO,20,0.001,when should you expect vaginal bleeding when pregnant,msmarco-passage/train,ielabgroup/vec2text_gtr-base-st_corrector
67316,can fever cause miscarriage early pregnancy,"if a cold sore is a nausea or a audivir, it can hurt a baby",CosineGECO,20,0.001,can a cold sore hurt a baby,msmarco-passage/train,ielabgroup/vec2text_gtr-base-st_corrector
67316,can fever cause miscarriage early pregnancy,"after eating a hot meal (sodium and swine and gums), stomach pain causes fever and after eating a meal (app",CosineGECO,20,0.001,what causes stomach pain after eating and fever,msmarco-passage/train,ielabgroup/vec2text_gtr-base-st_corrector
67316,can fever cause miscarriage early pregnancy,is tenderness of the stomach (as opposed to stomach pain) during pregnancy may be a sign of pregnancy-candidate pregnancies,CosineGECO,20,0.001,is stomach tenderness a sign of pregnancy,msmarco-passage/train,ielabgroup/vec2text_gtr-base-st_corrector
673670,what is a alm,HP hp alm is a family of business computer models that is a feature set of the MDC ATI Radeon VMC,CosineGECO,20,0.001,what is hp alm,msmarco-passage/train,ielabgroup/vec2text_gtr-base-st_corrector
673670,what is a alm,run-up to the American Independent Vehicle Unit. Alv stands for Anti-Virus Abilities. It is an acronym which stands for Anti-Virus,CosineGECO,20,0.001,what does alv stand for,msmarco-passage/train,ielabgroup/vec2text_gtr-base-st_corrector
673670,what is a alm,altru - a ligand-activated organic dreptoplasm in the form of a cadam.,CosineGECO,20,0.001,altru - definition,msmarco-passage/train,ielabgroup/vec2text_gtr-base-st_corrector
673670,what is a alm,aml manufacturing Aml Manufacturing Corporation (Aml) meaning manufacturing of a levy based product by means of a meter of fine,CosineGECO,20,0.001,meaning aml manufacturing,msmarco-passage/train,ielabgroup/vec2text_gtr-base-st_corrector
673670,what is a alm,ahlta is a cyttetra-adrenergic agent. It is known in the Baltic,CosineGECO,20,0.001,what is ahlta,msmarco-passage/train,ielabgroup/vec2text_gtr-base-st_corrector
673670,what is a alm,"is multiple system atrophy, the same as alkaline atherosclerosis, while syphilis is the same as dementia, and will",CosineGECO,20,0.001,is multiple system atrophy the same as alzheimer's,msmarco-passage/train,ielabgroup/vec2text_gtr-base-st_corrector
673670,what is a alm,"of aluminium, containing aluminium and steeds such as coffee, muddled aluminum and aluminum, are used for storing",CosineGECO,20,0.001,what are aluminium used for,msmarco-passage/train,ielabgroup/vec2text_gtr-base-st_corrector
673670,what is a alm,UMt is a specialized research and education resource on menopausal disorders. It is now known as MIT's UM,CosineGECO,20,0.001,what is umt,msmarco-passage/train,ielabgroup/vec2text_gtr-base-st_corrector
673670,what is a alm,"Dmm o.o.L. Dmm o.o.L., a shorthand for a fishing or machin",CosineGECO,20,0.001,what does dmm o.l. mean,msmarco-passage/train,ielabgroup/vec2text_gtr-base-st_corrector
673670,what is a alm,"because of its importance, the Alps are important and a valuable source of information. The Alps are also important to the Swiss mountains",CosineGECO,20,0.001,why are the alps important,msmarco-passage/train,ielabgroup/vec2text_gtr-base-st_corrector
701453,what is a statutory deed,"requirements for a deed are a search for a home in Missouri, and the following requirements for a hominuit",CosineGECO,20,0.001,what are the requirements for a deed in missouri,msmarco-passage/train,ielabgroup/vec2text_gtr-base-st_corrector
701453,what is a statutory deed,"Deed of Trust, i.e., indemnity deed of trust, is a definition of a judicial judgment",CosineGECO,20,0.001,indemnity deed of trust definition,msmarco-passage/train,ielabgroup/vec2text_gtr-base-st_corrector
701453,what is a statutory deed,Definition of sanction             (Stand,CosineGECO,20,0.001,what is sanction definition,msmarco-passage/train,ielabgroup/vec2text_gtr-base-st_corrector
701453,what is a statutory deed,dated at means a document in a legal process. This means that it is a document referred to in law or a legal document,CosineGECO,20,0.001,what does dated at mean on a legal document,msmarco-passage/train,ielabgroup/vec2text_gtr-base-st_corrector
701453,what is a statutory deed,Formative stenosis is a forminal sclerosis of the femur from a forminal artery and its,CosineGECO,20,0.001,what is forminal stenosis,msmarco-passage/train,ielabgroup/vec2text_gtr-base-st_corrector
701453,what is a statutory deed,the International Organization for the Development of Infants and Young Warriors (IULD) Development stability is a stability of developmental maturity and is a result of,CosineGECO,20,0.001,what is developmental stability,msmarco-passage/train,ielabgroup/vec2text_gtr-base-st_corrector
701453,what is a statutory deed,'sit date'. It means 'e'. Sit Date is a date that is based on the,CosineGECO,20,0.001,what does sit date mean,msmarco-passage/train,ielabgroup/vec2text_gtr-base-st_corrector
701453,what is a statutory deed,"Specimen summary disposition , formerly named supposition, is a standardized form of notification that is available in 990 Trust",CosineGECO,20,0.001,what is summary disposition,msmarco-passage/train,ielabgroup/vec2text_gtr-base-st_corrector
701453,what is a statutory deed,"what is a deed of trust in California, or a 'deed of trust' for a heir apparent char",CosineGECO,20,0.001,what is a deed of trust in california,msmarco-passage/train,ielabgroup/vec2text_gtr-base-st_corrector
701453,what is a statutory deed,a standard deduction (also known as a standard deduction by John S. a deduction by the Consumer Reports Bureau) is a tax,CosineGECO,20,0.001,what is a standard deduction,msmarco-passage/train,ielabgroup/vec2text_gtr-base-st_corrector
730539,what is chronometer who invented it,discovered E-matriasis. This discovery was discovered by a team of early scientists including EMIS inventor Charles E. McL,CosineGECO,20,0.001,who discovered ems,msmarco-passage/train,ielabgroup/vec2text_gtr-base-st_corrector
730539,what is chronometer who invented it,"(additions of atomic diagrams and a new atomic table) is credited for the first periodic table, led by Nicol",CosineGECO,20,0.001,who was credited for the first periodic table,msmarco-passage/train,ielabgroup/vec2text_gtr-base-st_corrector
730539,what is chronometer who invented it,"a descendant of James P. Griswold and Benjamin Franklin, who invented soda, and American inventor Joseph M. Grisw",CosineGECO,20,0.001,who invented soda,msmarco-passage/train,ielabgroup/vec2text_gtr-base-st_corrector
730539,what is chronometer who invented it,"with a skepticism and a cryptic history, who created Facebook, a product of Charles E. Rabenson",CosineGECO,20,0.001,who created facebook,msmarco-passage/train,ielabgroup/vec2text_gtr-base-st_corrector
730539,what is chronometer who invented it,"a man named John Joseph N.B.R.J. who invented the John Deere pyrox tractor, and Andrew Nevel",CosineGECO,20,0.001,who invented john deere,msmarco-passage/train,ielabgroup/vec2text_gtr-base-st_corrector
730539,what is chronometer who invented it,"a late discovery by James E. Osipam, a physician to Ronald Almas, who invented resomation. Originally",CosineGECO,20,0.001,who invented resomation,msmarco-passage/train,ielabgroup/vec2text_gtr-base-st_corrector
730539,what is chronometer who invented it,"a man from London, England, who invented the licorice allsorts, namely licorice and appletrees (18",CosineGECO,20,0.001,who invented licorice allsorts,msmarco-passage/train,ielabgroup/vec2text_gtr-base-st_corrector
730539,what is chronometer who invented it,“Michael Youngfield in the Oil and Gas of the 1870s”. Joseph Wellman invented the adventure wellman,CosineGECO,20,0.001,what did joseph wellman invent,msmarco-passage/train,ielabgroup/vec2text_gtr-base-st_corrector
730539,what is chronometer who invented it,"flannel and a skeg of Italians, invented safumato. Claude Frumato (18",CosineGECO,20,0.001,who invented sfumato',msmarco-passage/train,ielabgroup/vec2text_gtr-base-st_corrector
730539,what is chronometer who invented it,with a stomach and a nut or airplane by Robert Wiggum and Michael Brown who invented the first ever airplane,CosineGECO,20,0.001,who invented the first airplane,msmarco-passage/train,ielabgroup/vec2text_gtr-base-st_corrector
768208,what is mamey,(also known as mar or  or ) is a powerful equine that is a,CosineGECO,20,0.001,what is mare,msmarco-passage/train,ielabgroup/vec2text_gtr-base-st_corrector
768208,what is mamey,meyer meyer is an American alumnus of the buxbaum family and a teen and a local children's choir,CosineGECO,20,0.001,who is meyer buxbaum?,msmarco-passage/train,ielabgroup/vec2text_gtr-base-st_corrector
768208,what is mamey,AAMY  meaning,CosineGECO,20,0.001,aMY name meaning,msmarco-passage/train,ielabgroup/vec2text_gtr-base-st_corrector
768208,what is mamey,"known as 'Syme', is a young entrepreneur, a new agent, and the sycophant of London",CosineGECO,20,0.001,who is syme,msmarco-passage/train,ielabgroup/vec2text_gtr-base-st_corrector
768208,what is mamey,"CMar CMar is a unique interactive reality program that is a part of the American national sibling program, BEAC and is",CosineGECO,20,0.001,what is cmar,msmarco-passage/train,ielabgroup/vec2text_gtr-base-st_corrector
768208,what is mamey,"Amee Lee (a.k.a. ""Amy Lee""), whose real name is Amy Lee, was born on",CosineGECO,20,0.001,what is amy lee's real name,msmarco-passage/train,ielabgroup/vec2text_gtr-base-st_corrector
768208,what is mamey,"Mamen is the man of evocative papal power, who is one of Poland's biggest icons and is known as mamen,",CosineGECO,20,0.001,who is mamen,msmarco-passage/train,ielabgroup/vec2text_gtr-base-st_corrector
768208,what is mamey,"(as a result of her childbirth and the birth of her daughter)    , meaning of Zoey",CosineGECO,20,0.001,the meaning of zoey,msmarco-passage/train,ielabgroup/vec2text_gtr-base-st_corrector
768208,what is mamey,"meaning of the name of Mireyna ( , , , , , cloth",CosineGECO,20,0.001,what is meaning of mireyna,msmarco-passage/train,ielabgroup/vec2text_gtr-base-st_corrector
768208,what is mamey,"eurythmymy, is a blood anaesthetic procedure of eczema in England and Wales. It is",CosineGECO,20,0.001,what is eurythmy,msmarco-passage/train,ielabgroup/vec2text_gtr-base-st_corrector
877809,what metal are hip replacements made of,"acetylene cylinders are made from acetyl-common, and acetyl-asplatin",CosineGECO,20,0.001,what are acetylene cylinders made from,msmarco-passage/train,ielabgroup/vec2text_gtr-base-st_corrector
877809,what metal are hip replacements made of,"a pain of your ovaries, such as a low-sensitivity joint, nocicepsis, or inflammatory conditions causes hip",CosineGECO,20,0.001,what causes my hip pain,msmarco-passage/train,ielabgroup/vec2text_gtr-base-st_corrector
877809,what metal are hip replacements made of,Pre-opening test for hip replacement surgery is a pre-applied admission test at Cleveland State Hospital (Clemson J.D.,CosineGECO,20,0.001,what is pre admission testing for hip replacement surgery cleveland clinic,msmarco-passage/train,ielabgroup/vec2text_gtr-base-st_corrector
877809,what metal are hip replacements made of,"what metals are in tattoo inks, i.e., copper sulphide, neodymium alumina",CosineGECO,20,0.001,what metals are in tattoo ink,msmarco-passage/train,ielabgroup/vec2text_gtr-base-st_corrector
877809,what metal are hip replacements made of,Poly heme Poly heme (polyhese) is a polystyrene material that serves as a dye,CosineGECO,20,0.001,what is poly heme,msmarco-passage/train,ielabgroup/vec2text_gtr-base-st_corrector
877809,what metal are hip replacements made of,"the anatomical movements that the hip can perform, a hippocampus can perform a biceps dilation",CosineGECO,20,0.001,what anatomical  movements can the hip perform,msmarco-passage/train,ielabgroup/vec2text_gtr-base-st_corrector
877809,what metal are hip replacements made of,made of. Pan pipes are made of a mixture of elastomer clay and ferruginous metal and are made of water-based,CosineGECO,20,0.001,what are pan pipes made of,msmarco-passage/train,ielabgroup/vec2text_gtr-base-st_corrector
877809,what metal are hip replacements made of,total avascular necrosis and abrasion-aid hip will be affected if you have a replacement for your other hip,CosineGECO,20,0.001,"total hip replacement for avascular necrosis, will my other hip be affected",msmarco-passage/train,ielabgroup/vec2text_gtr-base-st_corrector
877809,what metal are hip replacements made of,"made of lithium lignin, the electrical lugs are made of a mix of aluminoids and a light bulb",CosineGECO,20,0.001,what are electrical lugs made of,msmarco-passage/train,ielabgroup/vec2text_gtr-base-st_corrector
877809,what metal are hip replacements made of,"(synthetic) slings are made of synthetic fibers made of artificial musculature, artificial grass, and lead",CosineGECO,20,0.001,what are synthetic slings made of,msmarco-passage/train,ielabgroup/vec2text_gtr-base-st_corrector
911232,"what type of conflict does della face in o, henry the gift of the magi","cascia, celebration of the caballion of St. Rita of the st, St. Teresa of the s",CosineGECO,20,0.001,"cascia, celebration of st. rita",msmarco-passage/train,ielabgroup/vec2text_gtr-base-st_corrector
911232,"what type of conflict does della face in o, henry the gift of the magi",is a key elimination for conflict in a family; conflict with postpartum does lead to postpartum depression and postnatal,CosineGECO,20,0.001,does conflict leads to postpartum depression,msmarco-passage/train,ielabgroup/vec2text_gtr-base-st_corrector
911232,"what type of conflict does della face in o, henry the gift of the magi","During the schism of 61, and the raging schism of 1837, the Great Treaty was resolved",CosineGECO,20,0.001,how was the great schism resolved,msmarco-passage/train,ielabgroup/vec2text_gtr-base-st_corrector
911232,"what type of conflict does della face in o, henry the gift of the magi",is the theme of his work and the issue on which Henri-Rousseau has a theme is whether his work focuses upon,CosineGECO,20,0.001,does henri rousseau have a theme or issue on which his work focuses,msmarco-passage/train,ielabgroup/vec2text_gtr-base-st_corrector
911232,"what type of conflict does della face in o, henry the gift of the magi",Lady amelia (Mrs. a widow) is a young princess of Florence,CosineGECO,20,0.001,who is lady amelia,msmarco-passage/train,ielabgroup/vec2text_gtr-base-st_corrector
911232,"what type of conflict does della face in o, henry the gift of the magi","of our eutherian physiology, Oedipus is a type of tragedy, which, like his mother-in-law",CosineGECO,20,0.001,what type of tragedy is oedipus,msmarco-passage/train,ielabgroup/vec2text_gtr-base-st_corrector
911232,"what type of conflict does della face in o, henry the gift of the magi",henry and Lenina dance to a song by the neo-Reaperry and the song is about what,CosineGECO,20,0.001,henry and lenina dance to a song what is the song about,msmarco-passage/train,ielabgroup/vec2text_gtr-base-st_corrector
911232,"what type of conflict does della face in o, henry the gift of the magi","the Xyz affair and the esoteric situation in the Xebi-Yefi affair, which started",CosineGECO,20,0.001,what started the xyz affair,msmarco-passage/train,ielabgroup/vec2text_gtr-base-st_corrector
911232,"what type of conflict does della face in o, henry the gift of the magi",new interest is because of the new interest in Wickham and the reasons that Elliot does not approve of this. Lizzie has a slight,CosineGECO,20,0.001,what new interest does wickham have what are the reasons behind this new interest does elizabeth disapprove,msmarco-passage/train,ielabgroup/vec2text_gtr-base-st_corrector
911232,"what type of conflict does della face in o, henry the gift of the magi","region is Maleny, which is found in the eská alina – the newly formed",CosineGECO,20,0.001,which region is maleny found,msmarco-passage/train,ielabgroup/vec2text_gtr-base-st_corrector
914916,what type of tissue are bronchioles,Prevertebral solfel tissue (Pseudo-vertebral tissue) is a soft tissue arising,CosineGECO,20,0.001,what is a prevertebral solf tissue,msmarco-passage/train,ielabgroup/vec2text_gtr-base-st_corrector
914916,what type of tissue are bronchioles,"onset of a bronchitis, followed by a fever and other symptoms less than two hours later, the first signs of bron",CosineGECO,20,0.001,first symptoms of bronchitis,msmarco-passage/train,ielabgroup/vec2text_gtr-base-st_corrector
914916,what type of tissue are bronchioles,"on the equine wall between the arteries and the upper respiratory tract, the bronchial tubes (bronchioses) are located",CosineGECO,20,0.001,where is the bronchial tubes located,msmarco-passage/train,ielabgroup/vec2text_gtr-base-st_corrector
914916,what type of tissue are bronchioles,"definition of tissue (e.g., chrysoplankton, marrow, and lung) – is an organ",CosineGECO,20,0.001,definition of tissue,msmarco-passage/train,ielabgroup/vec2text_gtr-base-st_corrector
914916,what type of tissue are bronchioles,– the Oxycephalus muscle (Bloodman muscle) – which is used when breathing – and the arterial muscles,CosineGECO,20,0.001,which muscle is used when breathing,msmarco-passage/train,ielabgroup/vec2text_gtr-base-st_corrector
914916,what type of tissue are bronchioles,"(24 h) time of incubation of bronchitis, the incubation time of a person with emence",CosineGECO,20,0.001,what is the incubation time for bronchitis,msmarco-passage/train,ielabgroup/vec2text_gtr-base-st_corrector
914916,what type of tissue are bronchioles,"type of tissue surrounds the entire muscle, forming a layer of fibrosis and elastosis that surrounds the muscle",CosineGECO,20,0.001,what type of tissue surrounds the entire muscle,msmarco-passage/train,ielabgroup/vec2text_gtr-base-st_corrector
914916,what type of tissue are bronchioles,"a 1 m bronchi are the smallest bronchi, along with the bronchi of Rosalea ectopic",CosineGECO,20,0.001,what are the smallest bronchi,msmarco-passage/train,ielabgroup/vec2text_gtr-base-st_corrector
914916,what type of tissue are bronchioles,"type of tissue, Mesophyll (Mesocoectria and mesophyllum) is an anne",CosineGECO,20,0.001,what type of tissue is mesophyll,msmarco-passage/train,ielabgroup/vec2text_gtr-base-st_corrector
914916,what type of tissue are bronchioles,epithelial tissue (the epithelium) is a tissue of the body that is a kind of fibroblast from which it,CosineGECO,20,0.001,epithelial tissue what is it,msmarco-passage/train,ielabgroup/vec2text_gtr-base-st_corrector
938400,when did family feud come out?,"1090 (Year 9000) is the year of Full House, a family sitcom, aired in 2015, with Anthony Domine",CosineGECO,20,0.001,what year is full house,msmarco-passage/train,ielabgroup/vec2text_gtr-base-st_corrector
938400,when did family feud come out?,"During a time of cold and snow and a transition between Earth and North America, fire (renamed Fire) was created in 1864",CosineGECO,20,0.001,when was fire created,msmarco-passage/train,ielabgroup/vec2text_gtr-base-st_corrector
938400,when did family feud come out?,"in 1975 by the band Added Up and released in February, 1975 on the cult hit record Vita Frieze and screams",CosineGECO,20,0.001,when did add it up by violent femmes come out,msmarco-passage/train,ielabgroup/vec2text_gtr-base-st_corrector
938400,when did family feud come out?,"starting in 1932, Young & Restless started traveling to Chicago and a year later when a young heiress and mom came on",CosineGECO,20,0.001,what year did young &restless start,msmarco-passage/train,ielabgroup/vec2text_gtr-base-st_corrector
938400,when did family feud come out?,in 1664 when feudalism (feminism or a nast state or a jot) began,CosineGECO,20,0.001,when did feudalism begin,msmarco-passage/train,ielabgroup/vec2text_gtr-base-st_corrector
938400,when did family feud come out?,"last New York World's Fair, on October 24, 2017, he was a guest of the New York City Fair and the Brooklyn Jazz &",CosineGECO,20,0.001,when was the last new york world's fair,msmarco-passage/train,ielabgroup/vec2text_gtr-base-st_corrector
938400,when did family feud come out?,"on the 4th Bloodlines Trilogy, released in October 2015, and Tremors 5 liner came out of a shaky start",CosineGECO,20,0.001,when did tremors 5 bloodlines come out,msmarco-passage/train,ielabgroup/vec2text_gtr-base-st_corrector
938400,when did family feud come out?,year (c. 1350 – c. 1480 – c. 1480) in which football was invented and a year.,CosineGECO,20,0.001,what year was football invented?,msmarco-passage/train,ielabgroup/vec2text_gtr-base-st_corrector
938400,when did family feud come out?,"in 2015 when the Wii U came out and the Super Bowl XLIV came out in November, Modern warfare came out in the 21st",CosineGECO,20,0.001,when did modern warfare come out,msmarco-passage/train,ielabgroup/vec2text_gtr-base-st_corrector
938400,when did family feud come out?,"in November 1862, when American televised game show ""Jeopardy"" began and Jennifer Abelson's Quiz began",CosineGECO,20,0.001,when did jeopardy begin,msmarco-passage/train,ielabgroup/vec2text_gtr-base-st_corrector
940547,when did rock n roll begin?,start: starting in 1947 when Sony launched the PlayStation 4 and a gamma-honored video game called PSStar which was launched,CosineGECO,20,0.001,when did playstation start,msmarco-passage/train,ielabgroup/vec2text_gtr-base-st_corrector
940547,when did rock n roll begin?,starting in the year 1280 (AD 880) by the Internet control center (IBM) and the Internet started because it was not used to hide,CosineGECO,20,0.001,what year did internet start,msmarco-passage/train,ielabgroup/vec2text_gtr-base-st_corrector
940547,when did rock n roll begin?,when MMA (Marion Bellas) began and a long history of a sport and a weightlifting event began in 1954,CosineGECO,20,0.001,when did mma start,msmarco-passage/train,ielabgroup/vec2text_gtr-base-st_corrector
940547,when did rock n roll begin?,"year of the year. In the fall of 1987, Loving came out of the middle of the Atlantic with the release of Billy Joel's ""Love",CosineGECO,20,0.001,what year did loving come out,msmarco-passage/train,ielabgroup/vec2text_gtr-base-st_corrector
940547,when did rock n roll begin?,"the year of the American band Marie Viren's song 'So Alive' and in 1996, 'It So Well' was released",CosineGECO,20,0.001,what year did the song so alive come out,msmarco-passage/train,ielabgroup/vec2text_gtr-base-st_corrector
940547,when did rock n roll begin?,"era in the '60s-'70s-'80s era, a.k.a. Rockabilly.",CosineGECO,20,0.001,what era was rockabilly in?,msmarco-passage/train,ielabgroup/vec2text_gtr-base-st_corrector
940547,when did rock n roll begin?,"the year 1741 (Feb. 1st, Lincoln, Rex Horvatus) the American Civil War started and it began",CosineGECO,20,0.001,what year did the Civil war start,msmarco-passage/train,ielabgroup/vec2text_gtr-base-st_corrector
940547,when did rock n roll begin?,"where civil rights started. Starting in 1860, blacks and whites sat in 'Sit-In's' to sit in",CosineGECO,20,0.001,where did civil rights sit ins start?,msmarco-passage/train,ielabgroup/vec2text_gtr-base-st_corrector
940547,when did rock n roll begin?,"year of the enactment of a Constitution and of the New York State's Oath of Public Law, the First Amendment was established",CosineGECO,20,0.001,what year was the first amendment established,msmarco-passage/train,ielabgroup/vec2text_gtr-base-st_corrector
940547,when did rock n roll begin?,in a post-Boston era with a dancing sun and a dancing heart began in 1932. Rock and roll began as,CosineGECO,20,0.001,when did rock and roll begin,msmarco-passage/train,ielabgroup/vec2text_gtr-base-st_corrector
997622,where is the show shameless filmed,"in a recent re-shoot of ""Grand Torino"", was filmed in Tomasquino, Italy,",CosineGECO,20,0.001,where was gran torino filmed,msmarco-passage/train,ielabgroup/vec2text_gtr-base-st_corrector
997622,where is the show shameless filmed,"at the world premiere of Real World 'Venice Beach' where it was filmed and in Monteverde, RI, tv",CosineGECO,20,0.001,where was real world venice beach filmed,msmarco-passage/train,ielabgroup/vec2text_gtr-base-st_corrector
997622,where is the show shameless filmed,"a feisty teen slapstick guise of the NBC comedy show shameless cast, and is now cast",CosineGECO,20,0.001,tv show shameless cast,msmarco-passage/train,ielabgroup/vec2text_gtr-base-st_corrector
997622,where is the show shameless filmed,was a real hospital. No skunks were filmed in a real hospital for ER (Emmer-Health Clinic),CosineGECO,20,0.001,was er filmed in a real hospital?,msmarco-passage/train,ielabgroup/vec2text_gtr-base-st_corrector
997622,where is the show shameless filmed,"location of 'Horsham' is a small rural village on the Avondale, Buckinghamshire, and Horton Heathrow",CosineGECO,20,0.001,where is horsham,msmarco-passage/train,ielabgroup/vec2text_gtr-base-st_corrector
997622,where is the show shameless filmed,live (Aliander Alexander)           where Shaun,CosineGECO,20,0.001,where does shaun alexander live,msmarco-passage/train,ielabgroup/vec2text_gtr-base-st_corrector
997622,where is the show shameless filmed,where the shiloh ranch house was located and where it remains today as a house located on the Sheilah Island in Los Angeles,CosineGECO,20,0.001,where was the shiloh ranch house located,msmarco-passage/train,ielabgroup/vec2text_gtr-base-st_corrector
997622,where is the show shameless filmed,"where the movie ""Shane"" (2005) was filmed, and a building in the city of Skellefte, Iceland,",CosineGECO,20,0.001,where was the movie shane filmed,msmarco-passage/train,ielabgroup/vec2text_gtr-base-st_corrector
997622,where is the show shameless filmed,"in the sands of the Grand City of California, England, and Germany, was filmed as The Wonder Years - filmed for years",CosineGECO,20,0.001,where was the wonder years filmed,msmarco-passage/train,ielabgroup/vec2text_gtr-base-st_corrector
997622,where is the show shameless filmed,"at the hussey of the airport, ""Furious 6"" was filmed on location in Foglishburg, Wales on",CosineGECO,20,0.001,where was furious 6 filmed at,msmarco-passage/train,ielabgroup/vec2text_gtr-base-st_corrector
