query_id,text,obfuscatedText,mechanism,epsilon,top_percentile,pivot_query,pool,corrector_model
1030303,who is aziz hashim,"a child of Argentine dictator Felipe Hostinson and a sociologist, Hugo Chavez () was",CosineGECO,5,0.001,who was hugo chavez,msmarco-passage/train,ielabgroup/vec2text_gtr-base-st_corrector
1030303,who is aziz hashim,marize hishma hue idnass hue hueq ... lyrics,CosineGECO,5,0.001,marize ishq hunmey lyrics,msmarco-passage/train,ielabgroup/vec2text_gtr-base-st_corrector
1030303,who is aziz hashim,a.k.a. Psaesani . he is a global public figure on the history of Peloponnes,CosineGECO,5,0.001,who is paesani?,msmarco-passage/train,ielabgroup/vec2text_gtr-base-st_corrector
1030303,who is aziz hashim,"who is the host Astan Full Frontal Galan, a program on LAN, formerly called  zmit",CosineGECO,5,0.001,who is the host astan full frontal,msmarco-passage/train,ielabgroup/vec2text_gtr-base-st_corrector
1030303,who is aziz hashim,AHix nutanax AHix nutanax is a viricide and a powerful anti-select,CosineGECO,5,0.001,what is ahv nutanix,msmarco-passage/train,ielabgroup/vec2text_gtr-base-st_corrector
1030303,who is aziz hashim,is a high technology facility in Middleburg. zins technology HB NV is a tining and tining service,CosineGECO,5,0.001,what is zin technology in middleburg hts,msmarco-passage/train,ielabgroup/vec2text_gtr-base-st_corrector
1030303,who is aziz hashim,use the letter h to be spelled halcion and re-zone your r-y-u-da-b-,CosineGECO,5,0.001,how to spell halcion,msmarco-passage/train,ielabgroup/vec2text_gtr-base-st_corrector
1030303,who is aziz hashim,Al-Awahz          is in al-Wawa,CosineGECO,5,0.001,where is al-ahwaz?,msmarco-passage/train,ielabgroup/vec2text_gtr-base-st_corrector
1030303,who is aziz hashim,hither (Ancient Latin:,CosineGECO,5,0.001,hither definition,msmarco-passage/train,ielabgroup/vec2text_gtr-base-st_corrector
1030303,who is aziz hashim,", Francis of Assisi",CosineGECO,5,0.001,where did francis of assisi lived,msmarco-passage/train,ielabgroup/vec2text_gtr-base-st_corrector
1037496,who is rep scalise?,Charles Dyson (novelist) Charles Dyson is a British inventor and a U.S. spy.,CosineGECO,5,0.001,who is charles dyson,msmarco-passage/train,ielabgroup/vec2text_gtr-base-st_corrector
1037496,who is rep scalise?,"who was appointed to the NSA by Stephen N. Angelini, who was reportedly given a sweeping order to protect privacy and intelligence",CosineGECO,5,0.001,who was appointed to nsa,msmarco-passage/train,ielabgroup/vec2text_gtr-base-st_corrector
1037496,who is rep scalise?,"who is now the governor of California (now the U.S. state of California) is now, and he and Jeremy Dillifor",CosineGECO,5,0.001,who is governor of california now,msmarco-passage/train,ielabgroup/vec2text_gtr-base-st_corrector
1037496,who is rep scalise?,"Marty Schwartz Marty Schwartz is a U.S. attorney and technology mogul, best known for his association with",CosineGECO,5,0.001,who is marty schwartz,msmarco-passage/train,ielabgroup/vec2text_gtr-base-st_corrector
1037496,who is rep scalise?,"who plays the U.S. Senator in the nit-and-haves series, is the actor who plays the Senator who has had",CosineGECO,5,0.001,who is the actor who plays the senator on the have and have nits,msmarco-passage/train,ielabgroup/vec2text_gtr-base-st_corrector
1037496,who is rep scalise?,"(so-called 'union') are called union representatives, they are called 'union spokesman' or 'union s",CosineGECO,5,0.001,what are union representatives called,msmarco-passage/train,ielabgroup/vec2text_gtr-base-st_corrector
1037496,who is rep scalise?,"of the U.S. House of Representatives who is the oldest living member of Congress (d. 87 years old), and who is the oldest",CosineGECO,5,0.001,who is the oldest living member of congress,msmarco-passage/train,ielabgroup/vec2text_gtr-base-st_corrector
1037496,who is rep scalise?,"who are 107 senators of the U.S. House of Representatives, and formerly served as 259 senators of the House of Common",CosineGECO,5,0.001,how many senators in house of reps,msmarco-passage/train,ielabgroup/vec2text_gtr-base-st_corrector
1037496,who is rep scalise?,James Maseslow (actor) James Maseslow is a world-famous psychoanalyst and the inventor,CosineGECO,5,0.001,who is james maslow,msmarco-passage/train,ielabgroup/vec2text_gtr-base-st_corrector
1037496,who is rep scalise?,"a biography of Sara Hitchcock and a student of the University of Chicago, ""Sandra Burroughs"" is the current and influential",CosineGECO,5,0.001,who is sandra burroughs,msmarco-passage/train,ielabgroup/vec2text_gtr-base-st_corrector
1043135,who killed nicholas ii of russia,"reason for the rabbing of the U.S. population, Raigori Griputin was killed, and he was sworn",CosineGECO,5,0.001,why was grigori rasputin killed,msmarco-passage/train,ielabgroup/vec2text_gtr-base-st_corrector
1043135,who killed nicholas ii of russia,what Andrew did was kill olelica and made him kill herself by putting a scantily on Olivia and she will be,CosineGECO,5,0.001,what was andrew going to do that made olivia kill him on scandle,msmarco-passage/train,ielabgroup/vec2text_gtr-base-st_corrector
1043135,who killed nicholas ii of russia,"a blatant theft of the most expensive vodka in the world, a blatant ""Stolen"" in Moscow, Russia (19",CosineGECO,5,0.001,most expensive vodka in the world stolen,msmarco-passage/train,ielabgroup/vec2text_gtr-base-st_corrector
1043135,who killed nicholas ii of russia,the events that led to Hitler and he killing all of the Jews and swathes of the Jews when he was a kid,CosineGECO,5,0.001,what events led up to hitler killing all the jews when he was a kid,msmarco-passage/train,ielabgroup/vec2text_gtr-base-st_corrector
1043135,who killed nicholas ii of russia,in 1910 (known as the Year Pushkin or as a 'Astle-Cittern') Pushkin died in 1932,CosineGECO,5,0.001,what year did as pushkin die,msmarco-passage/train,ielabgroup/vec2text_gtr-base-st_corrector
1043135,who killed nicholas ii of russia,"by a venom during a gas explosion, and The Rev, who died after a prolonged cigarette burn, died in the",CosineGECO,5,0.001,how did the rev die,msmarco-passage/train,ielabgroup/vec2text_gtr-base-st_corrector
1043135,who killed nicholas ii of russia,"the French painter who painted marat, the death of French tycoon and mercer Andrés Lambeau (deceased at sea",CosineGECO,5,0.001,what french painter did the death of marat,msmarco-passage/train,ielabgroup/vec2text_gtr-base-st_corrector
1043135,who killed nicholas ii of russia,"the French painter who painted marat, the death of French tycoon and mercer Andrés Lambeau (deceased at sea",CosineGECO,5,0.001,what french painter did the death of marat,msmarco-passage/train,ielabgroup/vec2text_gtr-base-st_corrector
1043135,who killed nicholas ii of russia,"actress natasha neelchuk-nastyev, who voiced Natalie Badarova for time",CosineGECO,5,0.001,actress who voiced natasha badenov,msmarco-passage/train,ielabgroup/vec2text_gtr-base-st_corrector
1043135,who killed nicholas ii of russia,"in which Olivia Y died by spouting from a lictuosis in Mississa, Mississippi,",CosineGECO,5,0.001,how did olivia y die in mississippi,msmarco-passage/train,ielabgroup/vec2text_gtr-base-st_corrector
1051399,who sings monk theme song,"artist from the band, Liev Udain and Nicki Lovato of The LP, who sings Jelly Roll on",CosineGECO,5,0.001,who is the artist that sings jelly roll,msmarco-passage/train,ielabgroup/vec2text_gtr-base-st_corrector
1051399,who sings monk theme song,the singers Riett Schneider & Barbra Streisand sings the song for the new commercial for Budweiser's,CosineGECO,5,0.001,who sings the song for the new budweiser commercial,msmarco-passage/train,ielabgroup/vec2text_gtr-base-st_corrector
1051399,who sings monk theme song,"who sang the theme song (with the sung arias of Janet Eddy and the guise of ""Goldfinger""",CosineGECO,5,0.001,who sang the theme song for goldfinger,msmarco-passage/train,ielabgroup/vec2text_gtr-base-st_corrector
1051399,who sings monk theme song,"movie, “Movie Maniac” (2000). The song “maniac” was featured on the soundtrack of the NBC movie Black",CosineGECO,5,0.001,what movie had the song maniac,msmarco-passage/train,ielabgroup/vec2text_gtr-base-st_corrector
1051399,who sings monk theme song,"who sings strong enough, a big ensemble led by singers Diana McPhatter and Liam Peek, who sings strong enough",CosineGECO,5,0.001,who sings strong enough,msmarco-passage/train,ielabgroup/vec2text_gtr-base-st_corrector
1051399,who sings monk theme song,yet to be sung lyric and melody song sung song yet to be sung s,CosineGECO,5,0.001,song yet to be sung lyrics,msmarco-passage/train,ielabgroup/vec2text_gtr-base-st_corrector
1051399,who sings monk theme song,a.k.a. Lin a-ray and American singer clinch the song Nobody Gonna Break My stride Into,CosineGECO,5,0.001,who sings ain nobody gonna break my stride,msmarco-passage/train,ielabgroup/vec2text_gtr-base-st_corrector
1051399,who sings monk theme song,"a group of rappers on the 10th of November, who sings the song September. — The Libby Caldwells",CosineGECO,5,0.001,who sings the song september?,msmarco-passage/train,ielabgroup/vec2text_gtr-base-st_corrector
1051399,who sings monk theme song,"a reverberation of a period, Wayland and the Beast recorded wagon train theme (Dwight Baker & Sons",CosineGECO,5,0.001,who recorded wagon train theme,msmarco-passage/train,ielabgroup/vec2text_gtr-base-st_corrector
1051399,who sings monk theme song,who sing newsies and newsies and sung by Darren Fisichi & Mary Buxton & Co. What happens happens watch,CosineGECO,5,0.001,who sings watch what happens newsies,msmarco-passage/train,ielabgroup/vec2text_gtr-base-st_corrector
1064670,why do hunters pattern their shotguns?,send a puppy to hunt it by himself or by jogging and putting a muzzle in the bag until it is natural to do,CosineGECO,5,0.001,how to get a pup to hunt by itself,msmarco-passage/train,ielabgroup/vec2text_gtr-base-st_corrector
1064670,why do hunters pattern their shotguns?,"the atmosphere, atmospheric circulation patterns are a series of polar-spherical ionosphere patterns and are known as atmospheric pressure anomal",CosineGECO,5,0.001,what are atmospheric circulation patterns,msmarco-passage/train,ielabgroup/vec2text_gtr-base-st_corrector
1064670,why do hunters pattern their shotguns?,"as a means of protection from water, a deer pants for water because it likes to stoop and bounce back to",CosineGECO,5,0.001,why does a deer pant for water,msmarco-passage/train,ielabgroup/vec2text_gtr-base-st_corrector
1064670,why do hunters pattern their shotguns?,"by swiping a bullet through the ground, tigers hunt their prey, which is where their prey forese",CosineGECO,5,0.001,how do tigers hunt their prey,msmarco-passage/train,ielabgroup/vec2text_gtr-base-st_corrector
1064670,why do hunters pattern their shotguns?,(known as shooties) are a syringe of follicles and a spike in the,CosineGECO,5,0.001,what are shooties?,msmarco-passage/train,ielabgroup/vec2text_gtr-base-st_corrector
1064670,why do hunters pattern their shotguns?,"in the army, Sharpshooter is a musket-bladed shotgun in the army that is known for its straining",CosineGECO,5,0.001,what is sharpshooter in the army,msmarco-passage/train,ielabgroup/vec2text_gtr-base-st_corrector
1064670,why do hunters pattern their shotguns?,"gators hunt a range of prey such as crocodiles, arrows, and acorns. They hunt",CosineGECO,5,0.001,what do alligators hunt,msmarco-passage/train,ielabgroup/vec2text_gtr-base-st_corrector
1064670,why do hunters pattern their shotguns?,"as a result of the unusually rigid instinctive response to a certain stimuli and expectations, an instinctive response is instinctively patterned,",CosineGECO,5,0.001,is an instinctive response rigidly patterned,msmarco-passage/train,ielabgroup/vec2text_gtr-base-st_corrector
1064670,why do hunters pattern their shotguns?,a biography of Hunter Strickland. He is the owner/manager of the MagicGordon Golf & Spassland.,CosineGECO,5,0.001,who is hunter strickland?,msmarco-passage/train,ielabgroup/vec2text_gtr-base-st_corrector
1064670,why do hunters pattern their shotguns?,"a hunt, which hunts whales, primarily by hunting whale fins, octopuses, phantom whales",CosineGECO,5,0.001,what hunts whales,msmarco-passage/train,ielabgroup/vec2text_gtr-base-st_corrector
1071750,why is pete rose banned from hall of fame,because the white rose movement of the time called the white rose movement (also called the white rose movement or the white rose movement) is a “,CosineGECO,5,0.001,why was the white rose movement called the white rose,msmarco-passage/train,ielabgroup/vec2text_gtr-base-st_corrector
1071750,why is pete rose banned from hall of fame,2 and 1; the 107 catchers of the first and the third ranked players of the world are currently members of the Hall of Fame by 2019,CosineGECO,5,0.001,how many catchers are in the hall of fame,msmarco-passage/train,ielabgroup/vec2text_gtr-base-st_corrector
1071750,why is pete rose banned from hall of fame,"time, ’Martin e Tim’ was in prison for smuggling and stealing information from a criminal under the protection",CosineGECO,5,0.001,what was tim e martin in prison for,msmarco-passage/train,ielabgroup/vec2text_gtr-base-st_corrector
1071750,why is pete rose banned from hall of fame,"because of a lingering business decision, RKO went out of business and ko.ro.o. was the place to operate",CosineGECO,5,0.001,why did rko go out of business,msmarco-passage/train,ielabgroup/vec2text_gtr-base-st_corrector
1071750,why is pete rose banned from hall of fame,why he used peas in his experiments of Geoffrey Mendel's experimentation and geromocorrelation to achieve,CosineGECO,5,0.001,why did gregor mendel use peas in his experiments,msmarco-passage/train,ielabgroup/vec2text_gtr-base-st_corrector
1071750,why is pete rose banned from hall of fame,"because he swung the rooster and, with no common ear, President Nixon was impeached on",CosineGECO,5,0.001,why did nixon get impeached,msmarco-passage/train,ielabgroup/vec2text_gtr-base-st_corrector
1071750,why is pete rose banned from hall of fame,"symptoms of human desert rose toxicity in humans: obnoxious toxicity, apnea, hypersensitivity to the skin,",CosineGECO,5,0.001,symptoms of desert rose toxicity in human,msmarco-passage/train,ielabgroup/vec2text_gtr-base-st_corrector
1071750,why is pete rose banned from hall of fame,"is O.J. Simpson, s.p.a., inducted into the football hall of fame, is on the Pro Football Hall of",CosineGECO,5,0.001,is o.j. simpson in the football hall of fame,msmarco-passage/train,ielabgroup/vec2text_gtr-base-st_corrector
1071750,why is pete rose banned from hall of fame,"(i.e., why prohibition was a bad issue) is a bad idea and explains why it halted the great fossils",CosineGECO,5,0.001,why prohibition was bad,msmarco-passage/train,ielabgroup/vec2text_gtr-base-st_corrector
1071750,why is pete rose banned from hall of fame,"because of a satirical sketch comedy and a national airing, Hart of Dixie is CANCELED and was cancelled on its",CosineGECO,5,0.001,why is hart of dixie cancelled,msmarco-passage/train,ielabgroup/vec2text_gtr-base-st_corrector
1105792,define: geon,(or tycoon) – a tyne – defined as a creation of the financial park Tuyen,CosineGECO,5,0.001,what is the definition of tycoon,msmarco-passage/train,ielabgroup/vec2text_gtr-base-st_corrector
1105792,define: geon,(a.k.a. gavei) (    ) is the definition of,CosineGECO,5,0.001,define guarantee,msmarco-passage/train,ielabgroup/vec2text_gtr-base-st_corrector
1105792,define: geon,a peahen (or peachyne-peachyne) is a viviparous onacht.,CosineGECO,5,0.001,what  is a peahen?,msmarco-passage/train,ielabgroup/vec2text_gtr-base-st_corrector
1105792,define: geon,definition of go,CosineGECO,5,0.001,definition of goby,msmarco-passage/train,ielabgroup/vec2text_gtr-base-st_corrector
1105792,define: geon,definition goe,CosineGECO,5,0.001,definition of goem,msmarco-passage/train,ielabgroup/vec2text_gtr-base-st_corrector
1105792,define: geon,"a meaning of the gnome of a small tussle in the garden, or a garden gnome, is",CosineGECO,5,0.001,what is the meaning of a garden gnome,msmarco-passage/train,ielabgroup/vec2text_gtr-base-st_corrector
1105792,define: geon,"gi definition. Known as gi, gi is a function of the infra-intestinal compartment in children",CosineGECO,5,0.001,gi definition,msmarco-passage/train,ielabgroup/vec2text_gtr-base-st_corrector
1105792,define: geon,"meaning. Generation (number of habitations)         , meaning",CosineGECO,5,0.001,generation meaning,msmarco-passage/train,ielabgroup/vec2text_gtr-base-st_corrector
1105792,define: geon,"meaning of the syllabary and the crypt, and 'anon' means a person who is emailed or",CosineGECO,5,0.001,what does anon means,msmarco-passage/train,ielabgroup/vec2text_gtr-base-st_corrector
1105792,define: geon,(Greßen) - a geosphere - a geophysis of the atmosphere around the Sun that has formed a shape,CosineGECO,5,0.001,geosphere define,msmarco-passage/train,ielabgroup/vec2text_gtr-base-st_corrector
1106979,define pareto chart in statistics,"The statistic is the number for nurses, which is a statistic for the SN and SN and SN and SN and other caregivers.",CosineGECO,5,0.001,what is the statistic for nurses,msmarco-passage/train,ielabgroup/vec2text_gtr-base-st_corrector
1106979,define pareto chart in statistics,a paralytic ileus         is a parasympathetic,CosineGECO,5,0.001,what is a paralytic ileus,msmarco-passage/train,ielabgroup/vec2text_gtr-base-st_corrector
1106979,define pareto chart in statistics,PAR. Par is a sandbrained ion of the International Institute of Advanced Education (IIEE) and Parisiene School.,CosineGECO,5,0.001,ieee what is a par?,msmarco-passage/train,ielabgroup/vec2text_gtr-base-st_corrector
1106979,define pareto chart in statistics,"evolutionarily, a definition of parsimony (sociology) parsimony is a relic of psychology in which human",CosineGECO,5,0.001,parsimony definition evolutionary psychology,msmarco-passage/train,ielabgroup/vec2text_gtr-base-st_corrector
1106979,define pareto chart in statistics,parietal cells are cells of a marrow and their choroid and adenopartum tissue presented as quizblimes,CosineGECO,5,0.001,what are parietal cells quizlet,msmarco-passage/train,ielabgroup/vec2text_gtr-base-st_corrector
1106979,define pareto chart in statistics,"definition of cross-sectional study, a study of statistics in cross-sectional study, is a type of information-based qualitative and statistical",CosineGECO,5,0.001,definition of cross sectional study in statistics,msmarco-passage/train,ielabgroup/vec2text_gtr-base-st_corrector
1106979,define pareto chart in statistics,Raid parity is a unified grouping of a logical data division at a byte per instruction. It is called raid par,CosineGECO,5,0.001,what is a raid parity,msmarco-passage/train,ielabgroup/vec2text_gtr-base-st_corrector
1106979,define pareto chart in statistics,definition (a.k.a. a. a. a. a.: paragon): the hero of the universe,CosineGECO,5,0.001,definition: paragon,msmarco-passage/train,ielabgroup/vec2text_gtr-base-st_corrector
1106979,define pareto chart in statistics,formed as a result of a mud melt and a dense park. How natja Parbat is formed is Nanja Par,CosineGECO,5,0.001,how formed nanja parbat,msmarco-passage/train,ielabgroup/vec2text_gtr-base-st_corrector
1106979,define pareto chart in statistics,Definition of piyo,CosineGECO,5,0.001,what is the definition of piyo,msmarco-passage/train,ielabgroup/vec2text_gtr-base-st_corrector
1108651,what the best way to get clothes white,use a 90-degree temperature to clean white clothes or white shirts or white shirts and tee shirts in a low 48,CosineGECO,5,0.001,what temperature should you clean white clothes with,msmarco-passage/train,ielabgroup/vec2text_gtr-base-st_corrector
1108651,what the best way to get clothes white,"which flavor is white, eos ice cream (eos briskets, eos chocolate) is White",CosineGECO,5,0.001,what flavor eos is white,msmarco-passage/train,ielabgroup/vec2text_gtr-base-st_corrector
1108651,what the best way to get clothes white,"starting with slime, one detergent is used to make slimes, and the other, lanthanum olefate and phosphat",CosineGECO,5,0.001,which detergents are used to make slime,msmarco-passage/train,ielabgroup/vec2text_gtr-base-st_corrector
1108651,what the best way to get clothes white,"easy and quick way to get rid of a wart, use a hot water spray, peel off a mold, and a sting",CosineGECO,5,0.001,easy ways to get rid of warts,msmarco-passage/train,ielabgroup/vec2text_gtr-base-st_corrector
1108651,what the best way to get clothes white,"in white is from a collection at a poppet event in the United Kingdom, where you can get vicinti (Vicin",CosineGECO,5,0.001,where do i get victini in white,msmarco-passage/train,ielabgroup/vec2text_gtr-base-st_corrector
1108651,what the best way to get clothes white,Clean red wine from a tablecloth in a tablecloth tampering with a detergent and a towel until it is whiten,CosineGECO,5,0.001,how to clean red wine from white tablecloth,msmarco-passage/train,ielabgroup/vec2text_gtr-base-st_corrector
1108651,what the best way to get clothes white,a worm that spits white stuff (snow-white stuff) that spits from the apex and lump,CosineGECO,5,0.001,worm that spits white stuff,msmarco-passage/train,ielabgroup/vec2text_gtr-base-st_corrector
1108651,what the best way to get clothes white,between 70 and 91 °C (Temperature 0 to Tempature 0 to temp) is the best temperature for white wine,CosineGECO,5,0.001,what is the best temp for white wine,msmarco-passage/train,ielabgroup/vec2text_gtr-base-st_corrector
1108651,what the best way to get clothes white,White water mold (W.A.C. styliston) is a water bacterium and a food poisoning,CosineGECO,5,0.001,what is white water mold?,msmarco-passage/train,ielabgroup/vec2text_gtr-base-st_corrector
1108651,what the best way to get clothes white,parents wear white coats (cotton or lace or lace) for a short time during a White Ceremony. Parents are not required to,CosineGECO,5,0.001,what do parents wear to white coat ceremony,msmarco-passage/train,ielabgroup/vec2text_gtr-base-st_corrector
1109707,what medium do radio waves travel through,"what are electromagnetic waves, i.e., electric waves made of elastosidium and elastosidium",CosineGECO,5,0.001,what are electromagnetic waves made of,msmarco-passage/train,ielabgroup/vec2text_gtr-base-st_corrector
1109707,what medium do radio waves travel through,a very simple and easy to understand how ocean waves work. Waves work by releasing a fraction of a ctagon of radio,CosineGECO,5,0.001,how ocean waves work,msmarco-passage/train,ielabgroup/vec2text_gtr-base-st_corrector
1109707,what medium do radio waves travel through,"experimenter who constructed an antenna for telecommunications, which led to the discovery of radio transmissions, Jacques Morse-Beckley",CosineGECO,5,0.001,"which scientist, experimenting with morse code transmissions, constructed an antenna that led to the invention of the radio",msmarco-passage/train,ielabgroup/vec2text_gtr-base-st_corrector
1109707,what medium do radio waves travel through,"distance electromagnetic radiation travels (e.g., eVoices or eVoices) at a distance of",CosineGECO,5,0.001,distance electromagnetic radiation travels,msmarco-passage/train,ielabgroup/vec2text_gtr-base-st_corrector
1109707,what medium do radio waves travel through,"what characteristics (e.g., ionometric and friction) are shared by electromagnetic and mechanical waves, and vice versa.",CosineGECO,5,0.001,which characteristics are shared by electromagnetic and mechanical waves?,msmarco-passage/train,ielabgroup/vec2text_gtr-base-st_corrector
1109707,what medium do radio waves travel through,"this medium is the definition of a medium, a spectra of a medium, which is a set of wicked materials",CosineGECO,5,0.001,this medium definition,msmarco-passage/train,ielabgroup/vec2text_gtr-base-st_corrector
1109707,what medium do radio waves travel through,"-waves, which are a type of -resonance, are associated with resonance, -sciss",CosineGECO,5,0.001,what type of waves is associated with resonance,msmarco-passage/train,ielabgroup/vec2text_gtr-base-st_corrector
1109707,what medium do radio waves travel through,"125 to 125 m/s or 90 to 125 ft/s, brain waves travel fast enough that their brains are traveling",CosineGECO,5,0.001,how fast do brain waves travel,msmarco-passage/train,ielabgroup/vec2text_gtr-base-st_corrector
1109707,what medium do radio waves travel through,"Wireless rap ""Wired Rap"" (or wireless rap) is a new form of music by a band of plastic and vinyl",CosineGECO,5,0.001,what is wireless rap,msmarco-passage/train,ielabgroup/vec2text_gtr-base-st_corrector
1109707,what medium do radio waves travel through,"which electromagnetic waves with the highest frequencies in the electromagnetic spectrum – i.e., i.e., ivyomas",CosineGECO,5,0.001,which electromagnetic waves have the highest frequencies in the electromagnetic spectrum?,msmarco-passage/train,ielabgroup/vec2text_gtr-base-st_corrector
1110678,what is the un fao,"definition of faugh, a jack of a follicle, a follicle ( ; also known as",CosineGECO,5,0.001,definition of faugh,msmarco-passage/train,ielabgroup/vec2text_gtr-base-st_corrector
1110678,what is the un fao,"a guassoon box. It is a gua box, a box of silicon or a gua",CosineGECO,5,0.001,what is a gua box,msmarco-passage/train,ielabgroup/vec2text_gtr-base-st_corrector
1110678,what is the un fao,"wfu wfu (, meaning ""On the eve of foreboding"") is a university program",CosineGECO,5,0.001,what is fwu mean,msmarco-passage/train,ielabgroup/vec2text_gtr-base-st_corrector
1110678,what is the un fao,Unfa is a federation of the United Nations which administers a programme of 'do-no-fas,CosineGECO,5,0.001,what does unfa,msmarco-passage/train,ielabgroup/vec2text_gtr-base-st_corrector
1110678,what is the un fao,the shape of Hno is a fine oval octahedral shape. Oscillation is a major shape,CosineGECO,5,0.001,what shape is hno,msmarco-passage/train,ielabgroup/vec2text_gtr-base-st_corrector
1110678,what is the un fao,root (           ) meaning fac root (,CosineGECO,5,0.001,meaning for root fac-,msmarco-passage/train,ielabgroup/vec2text_gtr-base-st_corrector
1110678,what is the un fao,F.A.T.  stands for 'Fat t.a.' or 'Fat t.a.c,CosineGECO,5,0.001,what does f.a.t. stand for,msmarco-passage/train,ielabgroup/vec2text_gtr-base-st_corrector
1110678,what is the un fao,"'Nafta', is a negotiated treaty between the U.S. and the American Embassies Trade",CosineGECO,5,0.001,what is  nafta,msmarco-passage/train,ielabgroup/vec2text_gtr-base-st_corrector
1110678,what is the un fao,Univar is a unique ecdyst for women and children and is a gibbioscience called Uni,CosineGECO,5,0.001,what is univar,msmarco-passage/train,ielabgroup/vec2text_gtr-base-st_corrector
1110678,what is the un fao,Xo is a venomous adobe (a.k.a. xo) on the British Isles,CosineGECO,5,0.001,what is xo?,msmarco-passage/train,ielabgroup/vec2text_gtr-base-st_corrector
1113256,what is reba mcentire's net worth,"$1.6 billion and as of 2015, the net worth of the vatican throne, the Vaticano-Violattia",CosineGECO,5,0.001,what is the net worth of the vatican,msmarco-passage/train,ielabgroup/vec2text_gtr-base-st_corrector
1113256,what is reba mcentire's net worth,what is a lot (Madonna's pound) and $1.1 billion (Marsican Dioniso's net,CosineGECO,5,0.001,how much is madonna's net worth,msmarco-passage/train,ielabgroup/vec2text_gtr-base-st_corrector
1113256,what is reba mcentire's net worth,value of  1.6 billion (Vanna White net worth) and  1.6 billion (Vanna Winton net).,CosineGECO,5,0.001,what is vanna white net worth?,msmarco-passage/train,ielabgroup/vec2text_gtr-base-st_corrector
1113256,what is reba mcentire's net worth,value of $39.8 billion and Maroon Live & DJ's Mariah Carey's net worth as of the current information,CosineGECO,5,0.001,what is mariah carey's net worth,msmarco-passage/train,ielabgroup/vec2text_gtr-base-st_corrector
1113256,what is reba mcentire's net worth,$1.1 billion (Ryan Seacrest's net worth) and $2.9 billion (Royal Ervin's net worth),CosineGECO,5,0.001,what's ryan seacrest net worth,msmarco-passage/train,ielabgroup/vec2text_gtr-base-st_corrector
1113256,what is reba mcentire's net worth,"Vera Farmiga net worth, with a net worth of 44.9 billion and the sale of Vega Capital Management Inc. assets,",CosineGECO,5,0.001,vera farmiga net worth,msmarco-passage/train,ielabgroup/vec2text_gtr-base-st_corrector
1113256,what is reba mcentire's net worth,value of the net worth of the new billionaire Bill Gates (as of a post-apartheid report) and,CosineGECO,5,0.001,what is the new bill gates net worth,msmarco-passage/train,ielabgroup/vec2text_gtr-base-st_corrector
1113256,what is reba mcentire's net worth,"stock price of $175 per share and a baby bebe store with a stock price of $444,000 indicating its continued decline and its future",CosineGECO,5,0.001,bebe stock price,msmarco-passage/train,ielabgroup/vec2text_gtr-base-st_corrector
1113256,what is reba mcentire's net worth,"Mariel Pappenhouse, Veronica Mars, and American actress Natalie Portman net worth of $1,057 million (2013 USD) based",CosineGECO,5,0.001,natalie portman net worth,msmarco-passage/train,ielabgroup/vec2text_gtr-base-st_corrector
1113256,what is reba mcentire's net worth,biltmore house (Baltmore House) worth $447.7 million (now a U.S. Billingsley Realty property on,CosineGECO,5,0.001,biltmore house worth,msmarco-passage/train,ielabgroup/vec2text_gtr-base-st_corrector
1115210,what is chaff and flare,"Chip are a family of sulfonic foods and low-energy, carbon-rich oils and fats known as Chips or Challow",CosineGECO,5,0.001,what are chip,msmarco-passage/train,ielabgroup/vec2text_gtr-base-st_corrector
1115210,what is chaff and flare,flacks Flacks (flaks) is a definition of a phylogenetic cellular fecal density,CosineGECO,5,0.001,flacks definition,msmarco-passage/train,ielabgroup/vec2text_gtr-base-st_corrector
1115210,what is chaff and flare,known as Chametz (Chaetz         ) is a dairy,CosineGECO,5,0.001,what is chametz,msmarco-passage/train,ielabgroup/vec2text_gtr-base-st_corrector
1115210,what is chaff and flare,"(flora) is a substance of glucuronium, iron, nidore, and water. It is flour",CosineGECO,5,0.001,what is flour,msmarco-passage/train,ielabgroup/vec2text_gtr-base-st_corrector
1115210,what is chaff and flare,(Teff grass) is grass,CosineGECO,5,0.001,what is teff grass,msmarco-passage/train,ielabgroup/vec2text_gtr-base-st_corrector
1115210,what is chaff and flare,(aka flake): a definition of a non-functioning scaly flakes of a fried fruit and flour,CosineGECO,5,0.001,define: flake,msmarco-passage/train,ielabgroup/vec2text_gtr-base-st_corrector
1115210,what is chaff and flare,"abbreviation is the abbreviation for Chaplain, and the abbreviation is the abbreviation for",CosineGECO,5,0.001,what is the abbreviation for chaplain,msmarco-passage/train,ielabgroup/vec2text_gtr-base-st_corrector
1115210,what is chaff and flare,"is chlorella that causes gout flares, gout will cause flares in the summer and a year of gout,",CosineGECO,5,0.001,does chlorella cause gout flares,msmarco-passage/train,ielabgroup/vec2text_gtr-base-st_corrector
1115210,what is chaff and flare,are .Cairns are a collection of crater-stowage and a variety of ancestors and sponge,CosineGECO,5,0.001,what are.cairns,msmarco-passage/train,ielabgroup/vec2text_gtr-base-st_corrector
1115210,what is chaff and flare,affixment (Feel of Adolf & apposition) - is a defined part of the body,CosineGECO,5,0.001,affixment definition,msmarco-passage/train,ielabgroup/vec2text_gtr-base-st_corrector
1116380,what is a nonconformity? earth science,"what is null?, is a lone atom of a physic tree of a coordinate system of trust trust.",CosineGECO,5,0.001,what is null?,msmarco-passage/train,ielabgroup/vec2text_gtr-base-st_corrector
1116380,what is a nonconformity? earth science,"Definition: Nonelectrolyte Nolectrolyte, a neocrystal, is a nutrient",CosineGECO,5,0.001,definition of nonelectrolyte,msmarco-passage/train,ielabgroup/vec2text_gtr-base-st_corrector
1116380,what is a nonconformity? earth science,Unconformity (rock) Unconformity (    ) is a cybernographic,CosineGECO,5,0.001,what is an unconformity rock,msmarco-passage/train,ielabgroup/vec2text_gtr-base-st_corrector
1116380,what is a nonconformity? earth science,"defining and describing the writing of non-fiction writing, or non-prosecutors’ writing, is a form of writing",CosineGECO,5,0.001,definition of nonfiction writing,msmarco-passage/train,ielabgroup/vec2text_gtr-base-st_corrector
1116380,what is a nonconformity? earth science,"narcolepsy, a neuropathic disorder of the brain, defined as a disorder of the ability to serotonize",CosineGECO,5,0.001,define narcolepsy,msmarco-passage/train,ielabgroup/vec2text_gtr-base-st_corrector
1116380,what is a nonconformity? earth science,Isochoric echoic echoic osmosis is a defined detail of the appearance of structural deformation.,CosineGECO,5,0.001,define isochoric deformation,msmarco-passage/train,ielabgroup/vec2text_gtr-base-st_corrector
1116380,what is a nonconformity? earth science,medical term a new formation - a medical term used by patients with a bulimia bifidae meaning,CosineGECO,5,0.001,medical term meaning a new formation,msmarco-passage/train,ielabgroup/vec2text_gtr-base-st_corrector
1116380,what is a nonconformity? earth science,"a Notochord. Originally a cdr, Notochord is a linkage of a vibrascope",CosineGECO,5,0.001,what is a notochord?,msmarco-passage/train,ielabgroup/vec2text_gtr-base-st_corrector
1116380,what is a nonconformity? earth science,as in the of and conformist means – a person who behaves is,CosineGECO,5,0.001,conformist means,msmarco-passage/train,ielabgroup/vec2text_gtr-base-st_corrector
1116380,what is a nonconformity? earth science,"definition of ovality (ovalence, ovulation, ovulation, a circle of fibrous cells, a heartbeat",CosineGECO,5,0.001,definition ovality,msmarco-passage/train,ielabgroup/vec2text_gtr-base-st_corrector
1121353,what can you do about discrimination in the workplace in oklahoma city,"if the constitution does not protect against discrimination, a number of other measures have been enacted: The Constitution protects against political discrimination",CosineGECO,5,0.001,does the constitution protect against political discrimination,msmarco-passage/train,ielabgroup/vec2text_gtr-base-st_corrector
1121353,what can you do about discrimination in the workplace in oklahoma city,"name the U.S. senators of the United States (Oklahoma Senators, Ernie Cochrane, Emmanuel Pasture",CosineGECO,5,0.001,name the oklahoma us senators,msmarco-passage/train,ielabgroup/vec2text_gtr-base-st_corrector
1121353,what can you do about discrimination in the workplace in oklahoma city,"if you were fired from your job because of a failure to find a work place for your cause, you can still receive your Unemployment Benefit",CosineGECO,5,0.001,can i receive unemployment if i was fired from my job,msmarco-passage/train,ielabgroup/vec2text_gtr-base-st_corrector
1121353,what can you do about discrimination in the workplace in oklahoma city,are employees can be discriminated against if they are suffering from hearing loss or other disability or if the discrimination is based on hearing-related,CosineGECO,5,0.001,can employees be discriminated against for hearing loss,msmarco-passage/train,ielabgroup/vec2text_gtr-base-st_corrector
1121353,what can you do about discrimination in the workplace in oklahoma city,"legal definition of discrimination (also known as a libel, a form of discrimination, a form of discrimination against",CosineGECO,5,0.001,legal definition of discrimination,msmarco-passage/train,ielabgroup/vec2text_gtr-base-st_corrector
1121353,what can you do about discrimination in the workplace in oklahoma city,"area in which the Civil Rights Act of 1991 was enacted, the discrimination in the civil and racial discrimination was aimed at",CosineGECO,5,0.001,the civil rights act of 1991 was aimed at discrimination in what area,msmarco-passage/train,ielabgroup/vec2text_gtr-base-st_corrector
1121353,what can you do about discrimination in the workplace in oklahoma city,"in a workplace workplace to report discrimination, by a written complaint, by a telephone call, or by a 501(c)",CosineGECO,5,0.001,how to report workplace discrimination,msmarco-passage/train,ielabgroup/vec2text_gtr-base-st_corrector
1121353,what can you do about discrimination in the workplace in oklahoma city,is that an applicant can step into an employer's shoes on an application and step into the shoes of the employee in a civil suit if,CosineGECO,5,0.001,can an applicant step into the shoes of the employer in a civil suit,msmarco-passage/train,ielabgroup/vec2text_gtr-base-st_corrector
1121353,what can you do about discrimination in the workplace in oklahoma city,"is written as 91350, and the ZIP Code of the Oklahoma City/Oklahoma/Oklahoma/Oklahoma area",CosineGECO,5,0.001,what is the zip code for oklahoma,msmarco-passage/train,ielabgroup/vec2text_gtr-base-st_corrector
1121353,what can you do about discrimination in the workplace in oklahoma city,average salary for a dental technician at a luthier-oklahoma-oklahoma-oklahoma City,CosineGECO,5,0.001,average pay for a dental lab technician for oklahoma city,msmarco-passage/train,ielabgroup/vec2text_gtr-base-st_corrector
1122767,what amino produces carnitine,"(-isourin, -isourin) , the r group in amino acids is the group of amino",CosineGECO,5,0.001,what is the r group in amino acids,msmarco-passage/train,ielabgroup/vec2text_gtr-base-st_corrector
1122767,what amino produces carnitine,"foods that contain the highest levels of coenzyme , , , , , , r",CosineGECO,5,0.001,which foods contain highest levels of coenzyme r,msmarco-passage/train,ielabgroup/vec2text_gtr-base-st_corrector
1122767,what amino produces carnitine,"which protein provides the epidermis with water, the epidermis (epidermoglobin) ensuring that it absorb",CosineGECO,5,0.001,which protein provides the epidermis with water,msmarco-passage/train,ielabgroup/vec2text_gtr-base-st_corrector
1122767,what amino produces carnitine,the essential nutrients that result from dietary carbohydrate digestion (e.g. sneasm and digestion) is essential to digestion,CosineGECO,5,0.001,what is the essential nutrients that result from carbohydrate digestion,msmarco-passage/train,ielabgroup/vec2text_gtr-base-st_corrector
1122767,what amino produces carnitine,"is carnitine amino acid. As a result, carnitine -amino-carbohydrate is L amino",CosineGECO,5,0.001,is l-carnitine amino acid?,msmarco-passage/train,ielabgroup/vec2text_gtr-base-st_corrector
1122767,what amino produces carnitine,"the hormones that are produced by the kidneys, including natriuretic hormones and testosterone, a hormone-secretory drive",CosineGECO,5,0.001,what hormones are produced by the kidneys,msmarco-passage/train,ielabgroup/vec2text_gtr-base-st_corrector
1122767,what amino produces carnitine,"for depression, glucosamine, samoel-enol, and is good for insiote supplement",CosineGECO,5,0.001,"what supplement is good for depression cartnenine, insotiol, sam-e, or glucosamine",msmarco-passage/train,ielabgroup/vec2text_gtr-base-st_corrector
1122767,what amino produces carnitine,"Ammo-microlytes, which carry amino acids to the mRNA, the mRNA carries the amino acid to the",CosineGECO,5,0.001,what carries amino acids to the mrna,msmarco-passage/train,ielabgroup/vec2text_gtr-base-st_corrector
1122767,what amino produces carnitine,tiger protein tiger protein (Japan:  hyosinyl) is the lead protein of the thyroid,CosineGECO,5,0.001,who is the tiger protein,msmarco-passage/train,ielabgroup/vec2text_gtr-base-st_corrector
1122767,what amino produces carnitine,"Lab is the lab of levetiracetam, a potent beta-keto-acid dilution known as AV Lab",CosineGECO,5,0.001,what lab is levetiracetam,msmarco-passage/train,ielabgroup/vec2text_gtr-base-st_corrector
1127540,meaning of shebang,a shobitch (also known as shobitch) is a fessiculosaur or ferrugi,CosineGECO,5,0.001,what is a shobitch,msmarco-passage/train,ielabgroup/vec2text_gtr-base-st_corrector
1127540,meaning of shebang,"lepanga, meaning ""land of the samoags"" and ""Bagencopea"" meaning",CosineGECO,5,0.001,lepanga meaning,msmarco-passage/train,ielabgroup/vec2text_gtr-base-st_corrector
1127540,meaning of shebang,(            ) defining s,CosineGECO,5,0.001,definition of slag,msmarco-passage/train,ielabgroup/vec2text_gtr-base-st_corrector
1127540,meaning of shebang,"pangs, definition",CosineGECO,5,0.001,pangs definition,msmarco-passage/train,ielabgroup/vec2text_gtr-base-st_corrector
1127540,meaning of shebang,"is the apex helioform of the atom, defining what is     sh.",CosineGECO,5,0.001,is it what is the definition of sh?,msmarco-passage/train,ielabgroup/vec2text_gtr-base-st_corrector
1127540,meaning of shebang,Shelac Shelac (also known as sheracon) is a,CosineGECO,5,0.001,what is shelac,msmarco-passage/train,ielabgroup/vec2text_gtr-base-st_corrector
1127540,meaning of shebang,description of a beautiful girl and a family physician name 'Shailesh' meaning 'Shailes,CosineGECO,5,0.001,description and meaning of name shailesh,msmarco-passage/train,ielabgroup/vec2text_gtr-base-st_corrector
1127540,meaning of shebang,definition (sundowning) is a burgeoning practice of sundowning at the time of the late hours of the night.,CosineGECO,5,0.001,define sundowning,msmarco-passage/train,ielabgroup/vec2text_gtr-base-st_corrector
1127540,meaning of shebang,sheen is a pheromone and a substance of high energy sand and alcohol which is known as sheen and is,CosineGECO,5,0.001,what is sheen,msmarco-passage/train,ielabgroup/vec2text_gtr-base-st_corrector
1127540,meaning of shebang,'scottish' meaning 'sheath of luddite or 'scottish' or 'swear,CosineGECO,5,0.001,what does scottish mean,msmarco-passage/train,ielabgroup/vec2text_gtr-base-st_corrector
1131069,how many sons robert kraft has,Max Riemelt,CosineGECO,5,0.001,Max Riemelt Daughter,msmarco-passage/train,ielabgroup/vec2text_gtr-base-st_corrector
1131069,how many sons robert kraft has,"what is Mario Alfonso's (or Messi's) son's name, sia, is the name",CosineGECO,5,0.001,what is messi's son's name,msmarco-passage/train,ielabgroup/vec2text_gtr-base-st_corrector
1131069,how many sons robert kraft has,"family resides in the house of one of President’s sons, Kid president family, who is J.P. Gracie and now",CosineGECO,5,0.001,who is kid president's family,msmarco-passage/train,ielabgroup/vec2text_gtr-base-st_corrector
1131069,how many sons robert kraft has,"in the fetus, there are 32 baby teeth, of which there are one, and one, or two, and the remaining are known",CosineGECO,5,0.001,how many baby teeth are there,msmarco-passage/train,ielabgroup/vec2text_gtr-base-st_corrector
1131069,how many sons robert kraft has,"0 to 1 have two kids, Justin Trudeau (Juddeau) has three and currently has a baby earring at",CosineGECO,5,0.001,how many kids does justin trudeau have,msmarco-passage/train,ielabgroup/vec2text_gtr-base-st_corrector
1131069,how many sons robert kraft has,Kate Capshaw is the daughter of Kitty-Claire-Samandra (Kate) P.D.'s foster son,CosineGECO,5,0.001,who is kate capshaw's daughter,msmarco-passage/train,ielabgroup/vec2text_gtr-base-st_corrector
1131069,how many sons robert kraft has,kraft vegemite. The kraft vegemite (Masch avrette) maso.,CosineGECO,5,0.001,kraft vegemite,msmarco-passage/train,ielabgroup/vec2text_gtr-base-st_corrector
1131069,how many sons robert kraft has,a list of NFL pro and pro-football pros with a short interview with Jermaine MacDonald about,CosineGECO,5,0.001,list of nfl football pros on ellen,msmarco-passage/train,ielabgroup/vec2text_gtr-base-st_corrector
1131069,how many sons robert kraft has,"of a baby, Jackie-Crisie has 2 children, of which Christiane-Cri has 1; he is",CosineGECO,5,0.001,how many kids does jackie christie have,msmarco-passage/train,ielabgroup/vec2text_gtr-base-st_corrector
1131069,how many sons robert kraft has,"1 mn, which has 9 electors, Minnesota has 2 mn, which elects one and reelects the other",CosineGECO,5,0.001,how many electors does mn have,msmarco-passage/train,ielabgroup/vec2text_gtr-base-st_corrector
1132532,average annual income data analyst,the average of $90–170 a year on a salary of a tax consultant or tax-observant accountants or es,CosineGECO,5,0.001,what is the average salary for a tax consultant,msmarco-passage/train,ielabgroup/vec2text_gtr-base-st_corrector
1132532,average annual income data analyst,a population of a p.c. (Economism) averages an average salary of 0.170  0.170,CosineGECO,5,0.001,economics average salary,msmarco-passage/train,ielabgroup/vec2text_gtr-base-st_corrector
1132532,average annual income data analyst,"in India the average salary (as of a salary of 1,00,000) is the average salary and the average salary of the Indian",CosineGECO,5,0.001,what is average salary in india,msmarco-passage/train,ielabgroup/vec2text_gtr-base-st_corrector
1132532,average annual income data analyst,an average American in the United States makes as much as a paycheck and the American idligrists make as much as the American,CosineGECO,5,0.001,how much does the average american make,msmarco-passage/train,ielabgroup/vec2text_gtr-base-st_corrector
1132532,average annual income data analyst,"between 0 and 65% per cent of the U.S. population, the U.S. median income (US median income) is the median",CosineGECO,5,0.001,what is the us median income,msmarco-passage/train,ielabgroup/vec2text_gtr-base-st_corrector
1132532,average annual income data analyst,Average,CosineGECO,5,0.001,average business salaries,msmarco-passage/train,ielabgroup/vec2text_gtr-base-st_corrector
1132532,average annual income data analyst,"salary information in the United States and other information on the average wages, e.g., the average compensation, and the average salary in the United",CosineGECO,5,0.001,average wages and salary information in the united states,msmarco-passage/train,ielabgroup/vec2text_gtr-base-st_corrector
1132532,average annual income data analyst,"at $17.8 million (equivalent to $ in ), average salary of broadcast news analyst and broadcast news & analysis station blive",CosineGECO,5,0.001,average salary of broadcast news analyst,msmarco-passage/train,ielabgroup/vec2text_gtr-base-st_corrector
1132532,average annual income data analyst,"a doctor of medicine or other health care practitioner’s salary (approximately $1,090 per year) / a year",CosineGECO,5,0.001,what is a doctor's salary per year,msmarco-passage/train,ielabgroup/vec2text_gtr-base-st_corrector
1132532,average annual income data analyst,"who are currently in a position of a tax analyst, and as of January 2017, the current average salary of $132.7 mils an indirect tax",CosineGECO,5,0.001,what is the current average salary for a indirect tax analyst,msmarco-passage/train,ielabgroup/vec2text_gtr-base-st_corrector
1133579,how does granulation tissue start,gracilis gracilius provides information about what the fasciculus does and what it does: information on vascular function,CosineGECO,5,0.001,what information does fasciculus gracilis do,msmarco-passage/train,ielabgroup/vec2text_gtr-base-st_corrector
1133579,how does granulation tissue start,"the United States and the United Kingdom, international waters begin at the oceans where the re-entry of the Carnaval Triangle begins.",CosineGECO,5,0.001,where do international waters begin,msmarco-passage/train,ielabgroup/vec2text_gtr-base-st_corrector
1133579,how does granulation tissue start,"- the germ part of the grain - is the part of the grains that is held in the hopper, and the remaining phenolic",CosineGECO,5,0.001,what is the germ part of the grain,msmarco-passage/train,ielabgroup/vec2text_gtr-base-st_corrector
1133579,how does granulation tissue start,"primary identification process for bacteria, using a secondary identification process, to identify bacterio-ligands and proteins and identify their morphology,",CosineGECO,5,0.001,primary identification process for bacteria,msmarco-passage/train,ielabgroup/vec2text_gtr-base-st_corrector
1133579,how does granulation tissue start,"grans, absolute is a blood serum absolute on a range of tests for ectopic or severe cardiomyopathy. Grans works",CosineGECO,5,0.001,"what is grans, absolute in blood work",msmarco-passage/train,ielabgroup/vec2text_gtr-base-st_corrector
1133579,how does granulation tissue start,The germ of the stenomonas malatelleria is PH111A8 (Stegomonotyphlomania,CosineGECO,5,0.001,what germ is stenotrophomonas maltophilia,msmarco-passage/train,ielabgroup/vec2text_gtr-base-st_corrector
1133579,how does granulation tissue start,the tissue that is usually well vascularized (usually a portion of the vascular squambling muscle that is well-vascularized,CosineGECO,5,0.001,the tissue that is usually well vascularized,msmarco-passage/train,ielabgroup/vec2text_gtr-base-st_corrector
1133579,how does granulation tissue start,Triacylglycerols are formed by forming fatty acids and lipids at the water-glycerol distillation process,CosineGECO,5,0.001,how are triacylglycerols formed,msmarco-passage/train,ielabgroup/vec2text_gtr-base-st_corrector
1133579,how does granulation tissue start,"a type of tissue that is capable of information processing and information flow, based on OCs, 2221",CosineGECO,5,0.001,what type of tissue is capable of information flow and processing,msmarco-passage/train,ielabgroup/vec2text_gtr-base-st_corrector
1133579,how does granulation tissue start,the types of tissues in a pig (B) based on the scuffs of the pig (B) dominated textbook,CosineGECO,5,0.001,types of tissues in a pig quizlet,msmarco-passage/train,ielabgroup/vec2text_gtr-base-st_corrector
1136043,difference between a hotel and motel,"the resources available are the basic resources used for running a hotel, e.g., scaling, cleaning, and developing and operating",CosineGECO,5,0.001,what are the resources used for running a hotel,msmarco-passage/train,ielabgroup/vec2text_gtr-base-st_corrector
1136043,difference between a hotel and motel,", there is regulation.",CosineGECO,5,0.001,is there a difference between a law and a regulation?,msmarco-passage/train,ielabgroup/vec2text_gtr-base-st_corrector
1136043,difference between a hotel and motel,"a difference between the State Code and the Bill of oaths and the statute. A statute is a law, and an ordinance.",CosineGECO,5,0.001,what is the difference between a statute and an ordinance?,msmarco-passage/train,ielabgroup/vec2text_gtr-base-st_corrector
1136043,difference between a hotel and motel,difference between a covert and a lilac or hammock. A coverlet is a bed and a Duve,CosineGECO,5,0.001,difference between a duvet and a coverlet,msmarco-passage/train,ielabgroup/vec2text_gtr-base-st_corrector
1136043,difference between a hotel and motel,(microdean virus) vs. malware (malware) vs. virus is a piece of software that is,CosineGECO,5,0.001,what is malware vs virus,msmarco-passage/train,ielabgroup/vec2text_gtr-base-st_corrector
1136043,difference between a hotel and motel,"(a.k.a. 'Hotel App', a.k.a. '1') is the best hotel app",CosineGECO,5,0.001,what hotel app is best,msmarco-passage/train,ielabgroup/vec2text_gtr-base-st_corrector
1136043,difference between a hotel and motel,"the difference between a passport and a U.S. passport and a visa, and green card is between a passport and a visa",CosineGECO,5,0.001,difference between green card and visa and a passport,msmarco-passage/train,ielabgroup/vec2text_gtr-base-st_corrector
1136043,difference between a hotel and motel,the difference between a kbps (Mosap bps) and a kbps (Mchbps or Kbps),CosineGECO,5,0.001,what is the difference between kbps and mbps,msmarco-passage/train,ielabgroup/vec2text_gtr-base-st_corrector
1136043,difference between a hotel and motel,a difference between a goal (a.k.a. 'object') and objective (a.k.a. 'focus,CosineGECO,5,0.001,the difference between a goal and objective,msmarco-passage/train,ielabgroup/vec2text_gtr-base-st_corrector
1136043,difference between a hotel and motel,Difference between dumb,CosineGECO,5,0.001,difference between dumb and stupid,msmarco-passage/train,ielabgroup/vec2text_gtr-base-st_corrector
1136047,difference between a company's strategy and business model is,The strategy mapping (or business strategy mapping) is a form of business strategy for identifying and stratifying businesses based on the data available to it,CosineGECO,5,0.001,what is strategy mapping as a business strategy,msmarco-passage/train,ielabgroup/vec2text_gtr-base-st_corrector
1136047,difference between a company's strategy and business model is,difference between sales promotion (POP) and sales promotion (Sales) is a difference between POP (Stast 0,CosineGECO,5,0.001,difference between sales promotion and POP,msmarco-passage/train,ielabgroup/vec2text_gtr-base-st_corrector
1136047,difference between a company's strategy and business model is,"(evolutionary - i.e., a burgeoning energy system): Linear is the difference between linear and exponential",CosineGECO,5,0.001,what is the difference between linear and exponential,msmarco-passage/train,ielabgroup/vec2text_gtr-base-st_corrector
1136047,difference between a company's strategy and business model is,"define macro environment as a difference between a market and a microenvironment, and the other as a difference between marketing and marketing.",CosineGECO,5,0.001,define the difference between macro and micro environment from a marketing perspective.,msmarco-passage/train,ielabgroup/vec2text_gtr-base-st_corrector
1136047,difference between a company's strategy and business model is,(business casual) is a formal clothing,CosineGECO,5,0.001,what is business casual,msmarco-passage/train,ielabgroup/vec2text_gtr-base-st_corrector
1136047,difference between a company's strategy and business model is,"the difference between playing a video game and playing a board game is the course hero, a video game vs. a",CosineGECO,5,0.001,the difference between playing a board game and a playing a video game is the course hero,msmarco-passage/train,ielabgroup/vec2text_gtr-base-st_corrector
1136047,difference between a company's strategy and business model is,"- analysis is a difference between business management and business analysis, which is a difference between business management and business management (BMA) -",CosineGECO,5,0.001,what is difference between business analysis and business management,msmarco-passage/train,ielabgroup/vec2text_gtr-base-st_corrector
1136047,difference between a company's strategy and business model is,a difference between a by-law (Standard & By-Standard) and a policy is a,CosineGECO,5,0.001,what is the difference between a by-law and a policy,msmarco-passage/train,ielabgroup/vec2text_gtr-base-st_corrector
1136047,difference between a company's strategy and business model is,"a (commonly a .e., a .e., business) company overview is an example of an example of",CosineGECO,5,0.001,what is a company overview example,msmarco-passage/train,ielabgroup/vec2text_gtr-base-st_corrector
1136047,difference between a company's strategy and business model is,Beta for each,CosineGECO,5,0.001,why beta for each company is different,msmarco-passage/train,ielabgroup/vec2text_gtr-base-st_corrector
1136962,"why did the ancient egyptians call their land kemet, or black land?",because they are a form of note ashs which are called black spider notes (as opposed to black or black,CosineGECO,5,0.001,why are they called black spider notes,msmarco-passage/train,ielabgroup/vec2text_gtr-base-st_corrector
1136962,"why did the ancient egyptians call their land kemet, or black land?",the flag of the United States of America and the flag of the African nation (Olympic) is what the black country flag represents,CosineGECO,5,0.001,what does the black country flag represent,msmarco-passage/train,ielabgroup/vec2text_gtr-base-st_corrector
1136962,"why did the ancient egyptians call their land kemet, or black land?","which marks a grave. A grave, a grave at 9 m., marks the graves of a grave, a grave stone",CosineGECO,5,0.001,what marks a grave,msmarco-passage/train,ielabgroup/vec2text_gtr-base-st_corrector
1136962,"why did the ancient egyptians call their land kemet, or black land?",how the Egyptians (Egyptians and Levantine Egyptians) buried their dead with a sack of pyre,CosineGECO,5,0.001,how did egyptians bury their dead,msmarco-passage/train,ielabgroup/vec2text_gtr-base-st_corrector
1136962,"why did the ancient egyptians call their land kemet, or black land?",there is .              Black,CosineGECO,5,0.001,is there black hair,msmarco-passage/train,ielabgroup/vec2text_gtr-base-st_corrector
1136962,"why did the ancient egyptians call their land kemet, or black land?",a result of a traumatic infection of the black fingers (black fingers) or a feces (black fingers) is the cause,CosineGECO,5,0.001,causes of black fingers,msmarco-passage/train,ielabgroup/vec2text_gtr-base-st_corrector
1136962,"why did the ancient egyptians call their land kemet, or black land?","which marks a grave. A grave, a grave at 9 m., marks the graves of a grave, a grave stone",CosineGECO,5,0.001,what marks a grave,msmarco-passage/train,ielabgroup/vec2text_gtr-base-st_corrector
1136962,"why did the ancient egyptians call their land kemet, or black land?",An ottoman ruler who was an abyssinian khanate under the Ottoman emperor () is called,CosineGECO,5,0.001,what was an ottoman ruler called,msmarco-passage/train,ielabgroup/vec2text_gtr-base-st_corrector
1136962,"why did the ancient egyptians call their land kemet, or black land?",relationships between kush and egypt were ascribed to the relationship between egypt and Egypt and the relationship,CosineGECO,5,0.001,what were the various relationships between kush and egypt,msmarco-passage/train,ielabgroup/vec2text_gtr-base-st_corrector
1136962,"why did the ancient egyptians call their land kemet, or black land?",ziggurat are megiments from Mesopotamian civilization that are visible on the ziggurats of ancient Egypt and America,CosineGECO,5,0.001,what are ziggurat from mesopotamian civilization,msmarco-passage/train,ielabgroup/vec2text_gtr-base-st_corrector
118440,define bmt medical,(BMI) means weight of the body and bfemtokine bolus mutilatus (bbmi,CosineGECO,5,0.001,what does bmi mean,msmarco-passage/train,ielabgroup/vec2text_gtr-base-st_corrector
118440,define bmt medical,Software by BBMC Software by BBMC Software is a software package and a software support center for video codecs. It is,CosineGECO,5,0.001,what is bmc software,msmarco-passage/train,ielabgroup/vec2text_gtr-base-st_corrector
118440,define bmt medical,msbi is a multi-initiated computer interactive remorse and akin to BISA. BIS,CosineGECO,5,0.001,what is msbi,msmarco-passage/train,ielabgroup/vec2text_gtr-base-st_corrector
118440,define bmt medical,"bilateral procedure, the Medicare Progressive Medicus bilateral procedure, is available for patients with a bilateral obstructive medullar segment",CosineGECO,5,0.001,medicare bilateral procedure,msmarco-passage/train,ielabgroup/vec2text_gtr-base-st_corrector
118440,define bmt medical,"are Medical staff bylaws, a set of rules and a guideline for the management of medical staff, the Advisory Council of the Municipal",CosineGECO,5,0.001,what are medical staff bylaws,msmarco-passage/train,ielabgroup/vec2text_gtr-base-st_corrector
118440,define bmt medical,"known as a 'medical theatre', is a medical theatre that is a medical area in which a physician and a nurse",CosineGECO,5,0.001,what is a medical theatre,msmarco-passage/train,ielabgroup/vec2text_gtr-base-st_corrector
118440,define bmt medical,"a bicortical - a circular and oesocortical structure of the body, is defined by",CosineGECO,5,0.001,bicortical definition,msmarco-passage/train,ielabgroup/vec2text_gtr-base-st_corrector
118440,define bmt medical,"Occupational & Surgical Oncology OTs - stands for otariasis, stands for otitis, medical",CosineGECO,5,0.001,what does ots stand for medical,msmarco-passage/train,ielabgroup/vec2text_gtr-base-st_corrector
118440,define bmt medical,"(BMI) malnutrition, a definition of b-momentum b-belt malnutrition, is the disorder",CosineGECO,5,0.001,bmi malnutrition definition,msmarco-passage/train,ielabgroup/vec2text_gtr-base-st_corrector
118440,define bmt medical,(Medicinely necessary) is a medical condition that is essential for the health and well-being of a person when a physical AIDS,CosineGECO,5,0.001,what is medically necessary,msmarco-passage/train,ielabgroup/vec2text_gtr-base-st_corrector
121171,define etruscans,", extric",CosineGECO,5,0.001,definition of extricate,msmarco-passage/train,ielabgroup/vec2text_gtr-base-st_corrector
121171,define etruscans,"(epoch), a definition",CosineGECO,5,0.001,define: epoch,msmarco-passage/train,ielabgroup/vec2text_gtr-base-st_corrector
121171,define etruscans,"Definition of a word pedantic , a grammatical tense, a linguistic error, also known as pedan",CosineGECO,5,0.001,definition of pedantic,msmarco-passage/train,ielabgroup/vec2text_gtr-base-st_corrector
121171,define etruscans,"etcetera, a cruciform acyclone defining a line of things and a body, also known as etc.",CosineGECO,5,0.001,define etcetera,msmarco-passage/train,ielabgroup/vec2text_gtr-base-st_corrector
121171,define etruscans,"definition of epistrophe in literature, in the eponymous series of a novel, in literature, and in Hitchcock’",CosineGECO,5,0.001,definition of epistrophe in literature,msmarco-passage/train,ielabgroup/vec2text_gtr-base-st_corrector
121171,define etruscans,"definition of evaporative. Evaporative (e.g., evaporative petrofluorocarbon) is a",CosineGECO,5,0.001,define evaporative,msmarco-passage/train,ielabgroup/vec2text_gtr-base-st_corrector
121171,define etruscans,"known as a tranche, is a type of treble that is a huge hit in the economy and is now known as a",CosineGECO,5,0.001,what is a tranche,msmarco-passage/train,ielabgroup/vec2text_gtr-base-st_corrector
121171,define etruscans,"defined endoplasmic reticulum, the reticulum of endothelium and reticulum receptors",CosineGECO,5,0.001,define endoplasmic reticulum,msmarco-passage/train,ielabgroup/vec2text_gtr-base-st_corrector
121171,define etruscans,a definition of eviscerates – the blitz of a form of blood blight that devastates the physical,CosineGECO,5,0.001,definition of eviscerates,msmarco-passage/train,ielabgroup/vec2text_gtr-base-st_corrector
121171,define etruscans,"(a.k.a. ethologist): the definition of a human being, a food scientist, a search for animal",CosineGECO,5,0.001,definition of ethologist,msmarco-passage/train,ielabgroup/vec2text_gtr-base-st_corrector
135802,definition of laudable,lustrous,CosineGECO,5,0.001,what is the noun for lustrous,msmarco-passage/train,ielabgroup/vec2text_gtr-base-st_corrector
135802,definition of laudable,one of many other words ' admirable' 'advable' 'respectable' 'aimable' ',CosineGECO,5,0.001,another word admirable,msmarco-passage/train,ielabgroup/vec2text_gtr-base-st_corrector
135802,definition of laudable,"definition of odious, a ludicrous, obnoxious, and a violent statement in the law of Oscar",CosineGECO,5,0.001,definition of odious,msmarco-passage/train,ielabgroup/vec2text_gtr-base-st_corrector
135802,definition of laudable,"definition of ""laxatives"": laxatives are a bowel syringe used to remove the substances from the body",CosineGECO,5,0.001,laxatives definition,msmarco-passage/train,ielabgroup/vec2text_gtr-base-st_corrector
135802,definition of laudable,bouillon (pronounced bourbon) - a definition of a food or vegetable that has been suspended in water due to the diffusion,CosineGECO,5,0.001,bouillon definition,msmarco-passage/train,ielabgroup/vec2text_gtr-base-st_corrector
135802,definition of laudable,a lenient definition (,CosineGECO,5,0.001,lenient definition,msmarco-passage/train,ielabgroup/vec2text_gtr-base-st_corrector
135802,definition of laudable,"meaning 'punitive', which means that a person is a compulsion or punishment when a crime has a negative result",CosineGECO,5,0.001,what does punitive mean,msmarco-passage/train,ielabgroup/vec2text_gtr-base-st_corrector
135802,definition of laudable,"Observables , or observables, are a number of lipids that are based on the discovery of waks",CosineGECO,5,0.001,what are observables,msmarco-passage/train,ielabgroup/vec2text_gtr-base-st_corrector
135802,definition of laudable,Thomas Gallaudet is a philanthropist and harpsichordist and U.S. mascot,CosineGECO,5,0.001,who is thomas gallaudet,msmarco-passage/train,ielabgroup/vec2text_gtr-base-st_corrector
135802,definition of laudable,synonyms i.e. personable  i.e.  i.e.,CosineGECO,5,0.001,personable definition synonyms,msmarco-passage/train,ielabgroup/vec2text_gtr-base-st_corrector
141630,describe how muscles and bones work together to produce movement,"a small amount of muscle groups: planks work the abdominal muscles such as squats, chins, toes and",CosineGECO,5,0.001,what muscle groups do planks work,msmarco-passage/train,ielabgroup/vec2text_gtr-base-st_corrector
141630,describe how muscles and bones work together to produce movement,events occur that are a description of the sequence of skeletal muscle fiber excitation-excitation-contraction coupling (i.e.,CosineGECO,5,0.001,what are the sequence of events of skeletal muscle fiber excitation-contraction coupling,msmarco-passage/train,ielabgroup/vec2text_gtr-base-st_corrector
141630,describe how muscles and bones work together to produce movement,"of its ribcage and erect calf, the calf is made of the two major muscles that are also calf",CosineGECO,5,0.001,the calf is made of what two major muscles,msmarco-passage/train,ielabgroup/vec2text_gtr-base-st_corrector
141630,describe how muscles and bones work together to produce movement,"the muscles of the leg are the musculature of the legs, squam, tibia, and muscles that can muscle",CosineGECO,5,0.001,what are muscles of the leg,msmarco-passage/train,ielabgroup/vec2text_gtr-base-st_corrector
141630,describe how muscles and bones work together to produce movement,in balancing and balance are the brain and the part of the occipital lobe that is responsible for movement and the brain,CosineGECO,5,0.001,what part of the brain is responsible for movement and balance,msmarco-passage/train,ielabgroup/vec2text_gtr-base-st_corrector
141630,describe how muscles and bones work together to produce movement,m.2 works by,CosineGECO,5,0.001,how m.2 works,msmarco-passage/train,ielabgroup/vec2text_gtr-base-st_corrector
141630,describe how muscles and bones work together to produce movement,(Boise pyelin) a muscle (also known as a smooth muscle) is a muscle that is,CosineGECO,5,0.001,what is a smooth muscle,msmarco-passage/train,ielabgroup/vec2text_gtr-base-st_corrector
141630,describe how muscles and bones work together to produce movement,muscles of the cnidal buttocks (glutaral region) is the muscle between two muscles in the gluteal region,CosineGECO,5,0.001,what muscle is in the gluteal region of body between two muscles,msmarco-passage/train,ielabgroup/vec2text_gtr-base-st_corrector
141630,describe how muscles and bones work together to produce movement,"how the bones and muscles work together to produce movement and when the bones are able to do a task, muscles work to elicit movement",CosineGECO,5,0.001,how do bones and muscles work together to produce movement,msmarco-passage/train,ielabgroup/vec2text_gtr-base-st_corrector
141630,describe how muscles and bones work together to produce movement,"the abrasive muscles such as the patellar smusculae, push-ups work muscles that give muscles enough strength",CosineGECO,5,0.001,what muscles do push ups work,msmarco-passage/train,ielabgroup/vec2text_gtr-base-st_corrector
156498,do google docs auto save,"if the neo-gym senso ring GPS 2 device automatically tracks sleep, whether it is for hours",CosineGECO,5,0.001,does the samsung gear 2 neo automatically track sleep,msmarco-passage/train,ielabgroup/vec2text_gtr-base-st_corrector
156498,do google docs auto save,Automa is a specialized technique of autowaiver and autotacment. It is a liquid crystal formed by,CosineGECO,5,0.001,what is automa,msmarco-passage/train,ielabgroup/vec2text_gtr-base-st_corrector
156498,do google docs auto save,"because you haven't attached a copy of a file, you aren't able to attach attachments to gmail files",CosineGECO,5,0.001,why can't i attach files to gmail,msmarco-passage/train,ielabgroup/vec2text_gtr-base-st_corrector
156498,do google docs auto save,"if you forget to save a document on your computer, you can retrieve it by re-save it on a Word document (",CosineGECO,5,0.001,is there anyway to retrieve a document on word if you forgot to save it,msmarco-passage/train,ielabgroup/vec2text_gtr-base-st_corrector
156498,do google docs auto save,"where Firefox saves files to a file on the .fml-browser, which is to be saved to fox.com",CosineGECO,5,0.001,where does firefox save files to,msmarco-passage/train,ielabgroup/vec2text_gtr-base-st_corrector
156498,do google docs auto save,"is the Arron A-Bone 900 pencil autoclavier, , , , , , , reusable auto",CosineGECO,5,0.001,is the aaron bovie 900 pencil autoclavable,msmarco-passage/train,ielabgroup/vec2text_gtr-base-st_corrector
156498,do google docs auto save,"you click Chrome for your browser it does everything you do for you, it searches for you, it updates your memory, it picks up your favourite news",CosineGECO,5,0.001,what does google chrome do for you,msmarco-passage/train,ielabgroup/vec2text_gtr-base-st_corrector
156498,do google docs auto save,"where Firefox saves files to a file on the .fml-browser, which is to be saved to fox.com",CosineGECO,5,0.001,where does firefox save files to,msmarco-passage/train,ielabgroup/vec2text_gtr-base-st_corrector
156498,do google docs auto save,"cannot save a saved PDF file. It can not save a saved PDF file by opening the file on the device (cutcutcutewriter,",CosineGECO,5,0.001,can not saving cutepdf writer file,msmarco-passage/train,ielabgroup/vec2text_gtr-base-st_corrector
156498,do google docs auto save,"on the remote desktop, called OneNote (where it is located on the Apple App Store or Google Cloud Store), OneNote stores files locally in",CosineGECO,5,0.001,where does onenote store files locally,msmarco-passage/train,ielabgroup/vec2text_gtr-base-st_corrector
169208,does mississippi have an income tax,between 90 and 90 ms and how long it takes to receive a tax refund on a state taxable return from a state of Mississippi,CosineGECO,5,0.001,how long does it take to get a state of ms tax refund,msmarco-passage/train,ielabgroup/vec2text_gtr-base-st_corrector
169208,does mississippi have an income tax,"from Florida, the state in which mickey manfs lives, is home to California and Mississippi and resides on a private housing estate, Whitney",CosineGECO,5,0.001,what state does mickey manfs live in,msmarco-passage/train,ielabgroup/vec2text_gtr-base-st_corrector
169208,does mississippi have an income tax,"tax on salary in India, based on the annual income, employees pay a tax of 1.00 /  .50",CosineGECO,5,0.001,tax on salary in india,msmarco-passage/train,ielabgroup/vec2text_gtr-base-st_corrector
169208,does mississippi have an income tax,where it is a fee to park a ticket in a handicap zone in a mississipiasis or a,CosineGECO,5,0.001,how much is a ticket for parking in a handicap zone in mississippi,msmarco-passage/train,ielabgroup/vec2text_gtr-base-st_corrector
169208,does mississippi have an income tax,"home-tax office, you need to send your state income tax return to the Georgia-Georgia Tax Unit. Your income tax return",CosineGECO,5,0.001,where do you send your georgia state income tax return,msmarco-passage/train,ielabgroup/vec2text_gtr-base-st_corrector
169208,does mississippi have an income tax,mn tax status (MN status for taxable income and a deductible for a tax payer is pending until 1 January ),CosineGECO,5,0.001,mn tax status,msmarco-passage/train,ielabgroup/vec2text_gtr-base-st_corrector
169208,does mississippi have an income tax,"household incomes between avg. avg. avg. avg. In the State of Illinois,il",CosineGECO,5,0.001,average household income in state of il,msmarco-passage/train,ielabgroup/vec2text_gtr-base-st_corrector
169208,does mississippi have an income tax,concert schedule on 11 a.m. - 10 p.m. Mississauga State Fair baseball show huskies,CosineGECO,5,0.001,mississippi state fair concert schedule,msmarco-passage/train,ielabgroup/vec2text_gtr-base-st_corrector
169208,does mississippi have an income tax,"when you are starting a new business in the state of Texas and you pay your employment tax and equisition due, you are subject unemployment",CosineGECO,5,0.001,When am i subject to pay Texas state unemployment tax as a new business,msmarco-passage/train,ielabgroup/vec2text_gtr-base-st_corrector
169208,does mississippi have an income tax,"states: Arizona, New Mexico, California, Colorado, Indiana, Massachusetts and New Jersey, each state collects estate tax which is a beneficiary of tax",CosineGECO,5,0.001,what states collect estate tax,msmarco-passage/train,ielabgroup/vec2text_gtr-base-st_corrector
174463,dog day afternoon meaning,"name for the puppyspot was called puppyspot which was a dog site called ""Blu-sel-selvic",CosineGECO,5,0.001,what was puppyspot called,msmarco-passage/train,ielabgroup/vec2text_gtr-base-st_corrector
174463,dog day afternoon meaning,"definition of a great day, a shit, a happy state, a joy, a, a",CosineGECO,5,0.001,definition of a great day,msmarco-passage/train,ielabgroup/vec2text_gtr-base-st_corrector
174463,dog day afternoon meaning,"if you’re a puppy, how many times a day a day he should feed the rooster or the dog",CosineGECO,5,0.001,how many times a day should i feed my puppy,msmarco-passage/train,ielabgroup/vec2text_gtr-base-st_corrector
174463,dog day afternoon meaning,what much of a dog should eat every day for a first bite and a molar serving of a nutrient equal,CosineGECO,5,0.001,how much should i feed my puppy a day,msmarco-passage/train,ielabgroup/vec2text_gtr-base-st_corrector
174463,dog day afternoon meaning,"meaning of Founders Day, a day of the creation of a new client and a day of limitations (Lord’s Day",CosineGECO,5,0.001,meaning of founders day,msmarco-passage/train,ielabgroup/vec2text_gtr-base-st_corrector
174463,dog day afternoon meaning,'doxin the dog' - 'Dog' - is another name for a dog used to publicly identify a dog,CosineGECO,5,0.001,what is another name for doxin the dog,msmarco-passage/train,ielabgroup/vec2text_gtr-base-st_corrector
174463,dog day afternoon meaning,(early morning or early afternoon) is a season of early to mid-afternoon with a broad horizon of late afternoon,CosineGECO,5,0.001,what is early afternoon,msmarco-passage/train,ielabgroup/vec2text_gtr-base-st_corrector
174463,dog day afternoon meaning,A dog basenji (          ) is a nut,CosineGECO,5,0.001,what is a dog basenji,msmarco-passage/train,ielabgroup/vec2text_gtr-base-st_corrector
174463,dog day afternoon meaning,"plan of the British Empire, the Allied commanders, and the British government, the Plan of D-Day (or D-Day) was",CosineGECO,5,0.001,what was the plan of d day,msmarco-passage/train,ielabgroup/vec2text_gtr-base-st_corrector
174463,dog day afternoon meaning,"a number of literary terms are in  april morning, a priam april morning, referred to",CosineGECO,5,0.001,what are the literary terms of april morning,msmarco-passage/train,ielabgroup/vec2text_gtr-base-st_corrector
23849,are naturalization records public information,a device to add private hard drive to private network by putting it in a hard drive and if it is not plugged in (HD,CosineGECO,5,0.001,how to add harddrive to private network,msmarco-passage/train,ielabgroup/vec2text_gtr-base-st_corrector
23849,are naturalization records public information,citizenship (no)            is citizenship of no,CosineGECO,5,0.001,what is citizenship no,msmarco-passage/train,ielabgroup/vec2text_gtr-base-st_corrector
23849,are naturalization records public information,to the person who sends the request for educational records. The request can be sent to Student.education.uni.s. (Rescript,CosineGECO,5,0.001,to whom do you send the request for student educational.records,msmarco-passage/train,ielabgroup/vec2text_gtr-base-st_corrector
23849,are naturalization records public information,get the public i.p. address by contacting your address address and you can find out how to get the public i.p. address,CosineGECO,5,0.001,how to get the public ip address,msmarco-passage/train,ielabgroup/vec2text_gtr-base-st_corrector
23849,are naturalization records public information,is a .91 immigration which is a .91 issuing law and is a Can-Importer-Cant,CosineGECO,5,0.001,what is an is91 immigration,msmarco-passage/train,ielabgroup/vec2text_gtr-base-st_corrector
23849,are naturalization records public information,"power grid is public, the amount of money public is a public acquisition by the National Energy and Financial Services Board as a",CosineGECO,5,0.001,power grid is amount of money public,msmarco-passage/train,ielabgroup/vec2text_gtr-base-st_corrector
23849,are naturalization records public information,are attestation of birth certificate (a.k.a. attestation of birth) is same as birth certificate but not as a birth,CosineGECO,5,0.001,is attestation of birth same as birth certificate,msmarco-passage/train,ielabgroup/vec2text_gtr-base-st_corrector
23849,are naturalization records public information,"are preparing for the school admissions results, which are yet to be released but the results of their results are now available for public access starting on April",CosineGECO,5,0.001,are school admissions results available yet,msmarco-passage/train,ielabgroup/vec2text_gtr-base-st_corrector
23849,are naturalization records public information,are first amendment protections apply to non-citizens and non-citizens if the protection applies to people not citizens,CosineGECO,5,0.001,does first amendment protections apply to non citizens,msmarco-passage/train,ielabgroup/vec2text_gtr-base-st_corrector
23849,are naturalization records public information,"the website to get a birth certificate in the Philippines, a.ph.ph or aphiscopo.com",CosineGECO,5,0.001,what is the website to get a birth certificate in philippines,msmarco-passage/train,ielabgroup/vec2text_gtr-base-st_corrector
258062,how long does it take to remove wisdom tooth,"of a pulled groin, it may take from 30 to 45 minutes to heal after a groin injury to the groin",CosineGECO,5,0.001,how long does it take to heal a pulled groin,msmarco-passage/train,ielabgroup/vec2text_gtr-base-st_corrector
258062,how long does it take to remove wisdom tooth,"when it takes about a year to grow back teeth, it takes 13 months to recover from a molar femur, or",CosineGECO,5,0.001,how long it take to grow teeth back,msmarco-passage/train,ielabgroup/vec2text_gtr-base-st_corrector
258062,how long does it take to remove wisdom tooth,", , , , , , , , how long it takes for an ingrown toenail to grow out",CosineGECO,5,0.001,how long does it take for a ingrown toenail to grow out,msmarco-passage/train,ielabgroup/vec2text_gtr-base-st_corrector
258062,how long does it take to remove wisdom tooth,take from a single day to a week; it takes 90 to 90 days to get a TWIC card; it takes a child,CosineGECO,5,0.001,how long does it take to get twic card,msmarco-passage/train,ielabgroup/vec2text_gtr-base-st_corrector
258062,how long does it take to remove wisdom tooth,"take a minimum of a quarter of a hour to cook fresh wax beans, it can take 45 to 61 minutes to cook brown and white",CosineGECO,5,0.001,how long does it take to cook fresh wax beans,msmarco-passage/train,ielabgroup/vec2text_gtr-base-st_corrector
258062,how long does it take to remove wisdom tooth,about 24 to 48 hours after you had your teeth swollen out from the aesophagus you can get infected,CosineGECO,5,0.001,how long can after you get your wisdom teeth out can you get infected,msmarco-passage/train,ielabgroup/vec2text_gtr-base-st_corrector
258062,how long does it take to remove wisdom tooth,"from 30 to 60 days after the onset of total replacement surgery, to 90 to 91 days after the onset of the recovery time of the knee",CosineGECO,5,0.001,how long in the recovery time after total knee replacement,msmarco-passage/train,ielabgroup/vec2text_gtr-base-st_corrector
258062,how long does it take to remove wisdom tooth,"(i.e., a court record) Payment of warrant debt Payments are estimated to last from 30 to 60 minutes until a clear payment",CosineGECO,5,0.001,how long to clear a warrant payment,msmarco-passage/train,ielabgroup/vec2text_gtr-base-st_corrector
258062,how long does it take to remove wisdom tooth,"in a swollen ankle, it takes 1 to 2 days to heal from the apnea and the ankle will remain",CosineGECO,5,0.001,how long does a swollen ankle take to heal,msmarco-passage/train,ielabgroup/vec2text_gtr-base-st_corrector
258062,how long does it take to remove wisdom tooth,"in the space of 90 minutes and under a month, a simple tooth extraction is a cost-effective and it may last for years or longer",CosineGECO,5,0.001,how long does a simple tooth extraction cost,msmarco-passage/train,ielabgroup/vec2text_gtr-base-st_corrector
324585,how much money do motivational speakers make,"as a presenter on a radio station, listeners (known as radio presenters) earn as much as £35 to £35 million",CosineGECO,5,0.001,how much do radio presenters earn,msmarco-passage/train,ielabgroup/vec2text_gtr-base-st_corrector
324585,how much money do motivational speakers make,"to a total of 1,050 a year, teachers earn 1,050 a year and they do Much",CosineGECO,5,0.001,how much do teachers earn,msmarco-passage/train,ielabgroup/vec2text_gtr-base-st_corrector
324585,how much money do motivational speakers make,"how much money a ceramic potter can make in full-time, a potter's grocers estimate the income at $90",CosineGECO,5,0.001,how much money can a ceramics potter make full time?,msmarco-passage/train,ielabgroup/vec2text_gtr-base-st_corrector
324585,how much money do motivational speakers make,people make as a pharmacist (known as a 'pfipranist' or 'premier pharmacist',CosineGECO,5,0.001,how much do people make as a pharmacist,msmarco-passage/train,ielabgroup/vec2text_gtr-base-st_corrector
324585,how much money do motivational speakers make,"(about $19 million) or dwight howard (about $13 million) he earns, Dwight Howard makes",CosineGECO,5,0.001,how much money does dwight howard make,msmarco-passage/train,ielabgroup/vec2text_gtr-base-st_corrector
324585,how much money do motivational speakers make,how much money a surgeon (called a neurosurgeon) makes and how much he or she makes in a neos,CosineGECO,5,0.001,how much money does a neurosurgeon make,msmarco-passage/train,ielabgroup/vec2text_gtr-base-st_corrector
324585,how much money do motivational speakers make,"as much as a million dollars and engineers make as much as $90,000 to $90,000 a year before they end their working lives",CosineGECO,5,0.001,how much money does engineers make,msmarco-passage/train,ielabgroup/vec2text_gtr-base-st_corrector
324585,how much money do motivational speakers make,"$1.25 million a day and made $600,000 on the last day of ""Jeff Bezos"" by GEICO",CosineGECO,5,0.001,how much did jeff bezos make today,msmarco-passage/train,ielabgroup/vec2text_gtr-base-st_corrector
324585,how much money do motivational speakers make,"as a tax payer and as a psychologists make, how much they make compared to others and as much as $175,000 to $17",CosineGECO,5,0.001,how much to psychologists make,msmarco-passage/train,ielabgroup/vec2text_gtr-base-st_corrector
324585,how much money do motivational speakers make,how much a human performance manager program or a human-discipline program manager (also known as a human-discipline,CosineGECO,5,0.001,how much does a human performance program manager make,msmarco-passage/train,ielabgroup/vec2text_gtr-base-st_corrector
330975,how much would it cost to install my own wind turbine,"from $90,000 to $800,000, a watercraft or a jet ski cost $90,000 and a jetboat consume",CosineGECO,5,0.001,how much does a jet ski cost,msmarco-passage/train,ielabgroup/vec2text_gtr-base-st_corrector
330975,how much would it cost to install my own wind turbine,where there is an average cost of $1.01/soon installation of electricity on a vacant or unused land after a new location,CosineGECO,5,0.001,what is the average cost of installing a electricity on vacant land,msmarco-passage/train,ielabgroup/vec2text_gtr-base-st_corrector
330975,how much would it cost to install my own wind turbine,"to install a gas furnace or a bare-foot gas stove or a hood, the cost of $150,000 to install a gas",CosineGECO,5,0.001,what does it cost to install a gas furnace,msmarco-passage/train,ielabgroup/vec2text_gtr-base-st_corrector
330975,how much would it cost to install my own wind turbine,where it costs a house of 50 cents to install air conditioning in a house of 50 cents or a home of,CosineGECO,5,0.001,how much does it cost to install air conditioning in a house,msmarco-passage/train,ielabgroup/vec2text_gtr-base-st_corrector
330975,how much would it cost to install my own wind turbine,installation-planning cost of a water softener or a water softener home-relocation cost of a $280-90,CosineGECO,5,0.001,cost of a water softener installation,msmarco-passage/train,ielabgroup/vec2text_gtr-base-st_corrector
330975,how much would it cost to install my own wind turbine,cost to install water (approximately $450) and water (approximately $800) for sewer and septic,CosineGECO,5,0.001,cost to install water and sewer,msmarco-passage/train,ielabgroup/vec2text_gtr-base-st_corrector
330975,how much would it cost to install my own wind turbine,per watt installed cost of a solar power system such as a solar photovoltaic or a solar watt per acre,CosineGECO,5,0.001,cost per watt installed solar,msmarco-passage/train,ielabgroup/vec2text_gtr-base-st_corrector
330975,how much would it cost to install my own wind turbine,"where it costs no more than $800 mln to run a nuclear energy plant, or a cost of no more than $3000",CosineGECO,5,0.001,how much does it cost to run a nuclear energy plant,msmarco-passage/train,ielabgroup/vec2text_gtr-base-st_corrector
330975,how much would it cost to install my own wind turbine,estimate cost of installation of a system (approximately $100–£200) by installing boiler system or Boiler system Boiler,CosineGECO,5,0.001,cost of estimate installing boiler system,msmarco-passage/train,ielabgroup/vec2text_gtr-base-st_corrector
330975,how much would it cost to install my own wind turbine,"cost $1000 to install a portico or a portico-feasible cost of $1000 to $800,000 to install",CosineGECO,5,0.001,cost to install a portico,msmarco-passage/train,ielabgroup/vec2text_gtr-base-st_corrector
332593,how often to button quail lay eggs,"when a sperm is laying on a table, it will take from 60 to 90 days to hatch, and an egg will hatch",CosineGECO,5,0.001,how long for egg to hatch,msmarco-passage/train,ielabgroup/vec2text_gtr-base-st_corrector
332593,how often to button quail lay eggs,"First apply water to a hot iron pan and heat it gently to the top of the head, first boil them in boiling water to hard quail",CosineGECO,5,0.001,how to hard boil quail eggs,msmarco-passage/train,ielabgroup/vec2text_gtr-base-st_corrector
332593,how often to button quail lay eggs,a female releases a set of 8 to 10 eggs per month for a mlodgy he or she sets to eggs,CosineGECO,5,0.001,how many eggs does a female release per month,msmarco-passage/train,ielabgroup/vec2text_gtr-base-st_corrector
332593,how often to button quail lay eggs,"from a lily reed to a bridle, bluegill eggs take from 5 to 8 days to hatch",CosineGECO,5,0.001,how long for bluegill eggs to hatch,msmarco-passage/train,ielabgroup/vec2text_gtr-base-st_corrector
332593,how often to button quail lay eggs,in a hard shell the eggs of the boiled eggs stay in a refrigerator for up to 9 months and the boiled eggs keep a constant,CosineGECO,5,0.001,how long do in the shell hard boiled eggs keep in a refrigerator,msmarco-passage/train,ielabgroup/vec2text_gtr-base-st_corrector
332593,how often to button quail lay eggs,"Before they hatch and when they hatch from the early to mid-summer, erect horned owls and great ow",CosineGECO,5,0.001,when do great horned owls hatch,msmarco-passage/train,ielabgroup/vec2text_gtr-base-st_corrector
332593,how often to button quail lay eggs,"from the crocodiles to the inside of their thighs, chickens may lay eggs and it is about a week before they lay",CosineGECO,5,0.001,how long before chickens lay eggs,msmarco-passage/train,ielabgroup/vec2text_gtr-base-st_corrector
332593,how often to button quail lay eggs,"from nasal to nasal, a primal egg will hatch for 0.5 to 3 days before it is able",CosineGECO,5,0.001,how long for primal egg to hatch,msmarco-passage/train,ielabgroup/vec2text_gtr-base-st_corrector
332593,how often to button quail lay eggs,"a daily time of 0 to 4 hours, you can pump your breast. If your body is too full, you can pump only once every week",CosineGECO,5,0.001,how often can i pump,msmarco-passage/train,ielabgroup/vec2text_gtr-base-st_corrector
332593,how often to button quail lay eggs,"Whenever a cow is in a calf, it is rarely to have more than a calf and rarely to have a",CosineGECO,5,0.001,how often does a cow have a calf,msmarco-passage/train,ielabgroup/vec2text_gtr-base-st_corrector
336901,how old is vanessa redgrave,"at the helm of the Herbs and the Claps, and 39-year-old Heather Headley (Shellyhead) Headley",CosineGECO,5,0.001,how  old  is  heather  headley,msmarco-passage/train,ielabgroup/vec2text_gtr-base-st_corrector
336901,how old is vanessa redgrave,"is 24 years old, and mariette Hartley is 84 years old, on",CosineGECO,5,0.001,how old is mariette hartley,msmarco-passage/train,ielabgroup/vec2text_gtr-base-st_corrector
336901,how old is vanessa redgrave,"is 58 years old, and rachel (Rachel) Reynolds is a 96-year-old",CosineGECO,5,0.001,how old is rachel reynolds,msmarco-passage/train,ielabgroup/vec2text_gtr-base-st_corrector
336901,how old is vanessa redgrave,who is 57 yrs old naomi Watts & neadison wright is currently,CosineGECO,5,0.001,how old is naomi watts right now,msmarco-passage/train,ielabgroup/vec2text_gtr-base-st_corrector
336901,how old is vanessa redgrave,57-year-old (in a car with nina Dobbins and Whitney Houston) Kerri Cronk is,CosineGECO,5,0.001,how old is kerri cronk,msmarco-passage/train,ielabgroup/vec2text_gtr-base-st_corrector
336901,how old is vanessa redgrave,"a 31-year-old, rachel MCMDs (Rachel R. Duckett) is a 16",CosineGECO,5,0.001,how old is rachel mcadams,msmarco-passage/train,ielabgroup/vec2text_gtr-base-st_corrector
336901,how old is vanessa redgrave,a 21-year-old (Ed Ames) . Ed Ames is a 92-year-old bec,CosineGECO,5,0.001,how old is ed ames,msmarco-passage/train,ielabgroup/vec2text_gtr-base-st_corrector
336901,how old is vanessa redgrave,"is 25-year-old rhyodifa suffrica, and 59-year-old Sophie Ruffin",CosineGECO,5,0.001,how old is sophia ruffin,msmarco-passage/train,ielabgroup/vec2text_gtr-base-st_corrector
336901,how old is vanessa redgrave,57-year-old DYne Sturdevante & the Associated Press diane Buckner is a 129,CosineGECO,5,0.001,how old is diane buckner,msmarco-passage/train,ielabgroup/vec2text_gtr-base-st_corrector
336901,how old is vanessa redgrave,is 57 years old (Ryan riley in a booleade) on Inside Out; Riley in a ',CosineGECO,5,0.001,how old is riley from inside out,msmarco-passage/train,ielabgroup/vec2text_gtr-base-st_corrector
390360,ia suffix meaning,means - the ' suffix trophy' - which is one of the forms of atrophies that are awarded during a period,CosineGECO,5,0.001,what does the suffix trophy mean,msmarco-passage/train,ielabgroup/vec2text_gtr-base-st_corrector
390360,ia suffix meaning,"words ending in ine, -e, -e, -e, -e, -ine, -ina",CosineGECO,5,0.001,words ending in ine,msmarco-passage/train,ielabgroup/vec2text_gtr-base-st_corrector
390360,ia suffix meaning,IU (vitaminin) In iodine and iodine in fruit and vegetative cells is a vitamin,CosineGECO,5,0.001,what is iu in vitamins,msmarco-passage/train,ielabgroup/vec2text_gtr-base-st_corrector
390360,ia suffix meaning,(IB) definition in physics (AB)  (IB) definition in physics (also known as a,CosineGECO,5,0.001,ib definition,msmarco-passage/train,ielabgroup/vec2text_gtr-base-st_corrector
390360,ia suffix meaning,"Ipa Ipa is a gallon-based alcoholic beverage (IPA) that is a product of the American brewery, Ib",CosineGECO,5,0.001,what is ipa,msmarco-passage/train,ielabgroup/vec2text_gtr-base-st_corrector
390360,ia suffix meaning,meaning              Al suffix,CosineGECO,5,0.001,what is meaning of al suffix,msmarco-passage/train,ielabgroup/vec2text_gtr-base-st_corrector
390360,ia suffix meaning,word that uses the Latin root word            (act,CosineGECO,5,0.001,words that use the latin root word act,msmarco-passage/train,ielabgroup/vec2text_gtr-base-st_corrector
390360,ia suffix meaning,"name suffix  suffix  is an etymology of a given name, aliphabe, family name",CosineGECO,5,0.001,suffix definition name,msmarco-passage/train,ielabgroup/vec2text_gtr-base-st_corrector
390360,ia suffix meaning,root            stell is the earliest word,CosineGECO,5,0.001,stell root word meaning,msmarco-passage/train,ielabgroup/vec2text_gtr-base-st_corrector
390360,ia suffix meaning,"(often abbreviated to iv) is the definition of a  (ivnaeus), a definition",CosineGECO,5,0.001,definition of iv,msmarco-passage/train,ielabgroup/vec2text_gtr-base-st_corrector
405163,is caffeine an narcotic,what you should get daily and what you should eat to get your maximum dose of caffeine (max-caffeine) between 2.4 and 2.4,CosineGECO,5,0.001,what is the max dose of caffeine you should get daily,msmarco-passage/train,ielabgroup/vec2text_gtr-base-st_corrector
405163,is caffeine an narcotic,"0 to 2,500 ml of caffeine in a cold brew, or a cappuccino-based apricot",CosineGECO,5,0.001,how much caffeine in a cold brew,msmarco-passage/train,ielabgroup/vec2text_gtr-base-st_corrector
405163,is caffeine an narcotic,vamiconazole vamiconazole or vorticectoconazole is a narco-sp,CosineGECO,5,0.001,is voriconazole a narc,msmarco-passage/train,ielabgroup/vec2text_gtr-base-st_corrector
405163,is caffeine an narcotic,"is lorazepam or a narcotic, a prescription drug containing azepam may be considered n",CosineGECO,5,0.001,is lorazepam considered a narcotic,msmarco-passage/train,ielabgroup/vec2text_gtr-base-st_corrector
405163,is caffeine an narcotic,"between 0.5 and 0.5 g/dL of caffeine, too much caffeine is a high amount of caffeine and too much caffeine is a",CosineGECO,5,0.001,how much caffeine is too much caffeine,msmarco-passage/train,ielabgroup/vec2text_gtr-base-st_corrector
405163,is caffeine an narcotic,"Dopflix and Coca-Cola, i.e., Soft Drink, . Coca-Cola has the most caffeine consuming",CosineGECO,5,0.001,which soft drink has most caffeine,msmarco-passage/train,ielabgroup/vec2text_gtr-base-st_corrector
405163,is caffeine an narcotic,get caffeine out of your body by removing it from your body (e.g. a drank erect) and throughout your system,CosineGECO,5,0.001,how to get caffeine out of system,msmarco-passage/train,ielabgroup/vec2text_gtr-base-st_corrector
405163,is caffeine an narcotic,tea Twisted tea caffeine content is a 0.3 g/L caffeine content and a 0.3 g/L lactic acid composition,CosineGECO,5,0.001,twisted tea caffeine content,msmarco-passage/train,ielabgroup/vec2text_gtr-base-st_corrector
405163,is caffeine an narcotic,0.5 to 1 g of caffeine is in a cup of green tea or a cup of coffee-coffee-drink margar,CosineGECO,5,0.001,how much caffeine is in a cup of green tea,msmarco-passage/train,ielabgroup/vec2text_gtr-base-st_corrector
405163,is caffeine an narcotic,"color is pure caffeine, a lot of color is derived from the traces of hydrides and phosphates and this color is",CosineGECO,5,0.001,color is pure caffeine,msmarco-passage/train,ielabgroup/vec2text_gtr-base-st_corrector
42255,average salary for dental hygienist in nebraska,"salary for a school teacher in the elementary school (North Carolina-Columbia-Carolina) at a salary of $41,500",CosineGECO,5,0.001,average salary of an elementary school teacher in north carolina,msmarco-passage/train,ielabgroup/vec2text_gtr-base-st_corrector
42255,average salary for dental hygienist in nebraska,where the average salary is             Registered nurse,CosineGECO,5,0.001,what is the average registered nurse salary,msmarco-passage/train,ielabgroup/vec2text_gtr-base-st_corrector
42255,average salary for dental hygienist in nebraska,"average income of a smetologist and a hors drooper in utah, Colorado",CosineGECO,5,0.001,average income in utah for cosmetologist,msmarco-passage/train,ielabgroup/vec2text_gtr-base-st_corrector
42255,average salary for dental hygienist in nebraska,"make $2,500 to $3,000 per year at the dental assistant dental agency who he/she works as, Front Office coordinator makes $2,500 to $",CosineGECO,5,0.001,how much do dental front office coordinator make,msmarco-passage/train,ielabgroup/vec2text_gtr-base-st_corrector
42255,average salary for dental hygienist in nebraska,"as a newly born dentist or a newly graduated hygiagenist earns about $1,800,000 a year beginning",CosineGECO,5,0.001,how much does a newly graduated dental hygenist make,msmarco-passage/train,ielabgroup/vec2text_gtr-base-st_corrector
42255,average salary for dental hygienist in nebraska,"starting salary of a molar or a bruxcolithopharynx or orthodontist is $1,800",CosineGECO,5,0.001,what is the average starting salary for an orthodontist,msmarco-passage/train,ielabgroup/vec2text_gtr-base-st_corrector
42255,average salary for dental hygienist in nebraska,(soon starting salary of $80–$1100 for a nurse in Boston or a nursing assistant or a RN) starting,CosineGECO,5,0.001,what is the starting salary for a nurse in boston,msmarco-passage/train,ielabgroup/vec2text_gtr-base-st_corrector
42255,average salary for dental hygienist in nebraska,"a nurse practitioner salary of omaha, nema, nema (Nema) average",CosineGECO,5,0.001,"average nurse practitioner salary omaha, ne",msmarco-passage/train,ielabgroup/vec2text_gtr-base-st_corrector
42255,average salary for dental hygienist in nebraska,"dental assistants make a salary of $60,000 to $800 a day in Bakersfield-Mearingsfield, and $60,000",CosineGECO,5,0.001,how much do dental assistants make in bakersfield,msmarco-passage/train,ielabgroup/vec2text_gtr-base-st_corrector
42255,average salary for dental hygienist in nebraska,average of 60 to 80 p.m. of snowfall in Nebraska with a average of 170 p.m. in winter,CosineGECO,5,0.001,average snowfall in nebraska,msmarco-passage/train,ielabgroup/vec2text_gtr-base-st_corrector
47210,average wedding dress alteration cost,"costs of the average Irish wedding of £7,500 (finance & scribners £1500 2015",CosineGECO,5,0.001,average cost of irish wedding 2015,msmarco-passage/train,ielabgroup/vec2text_gtr-base-st_corrector
47210,average wedding dress alteration cost,a cost of              oil,CosineGECO,5,0.001,cost for an oil change,msmarco-passage/train,ielabgroup/vec2text_gtr-base-st_corrector
47210,average wedding dress alteration cost,"guide to how much to spend on wedding items (e.g. candles, scuffs, a gift) or how",CosineGECO,5,0.001,guide to how much to spend on wedding items,msmarco-passage/train,ielabgroup/vec2text_gtr-base-st_corrector
47210,average wedding dress alteration cost,starting price of floral designs (flaviscan flowers) or a trend of floral design (price of a wedding) is $2000,CosineGECO,5,0.001,average cost of wedding floral designs,msmarco-passage/train,ielabgroup/vec2text_gtr-base-st_corrector
47210,average wedding dress alteration cost,by a name of cremation cost how much it cost for a body of faunation or how much it cost for a funeral,CosineGECO,5,0.001,how much does it cost for cremation,msmarco-passage/train,ielabgroup/vec2text_gtr-base-st_corrector
47210,average wedding dress alteration cost,price (e.g. US$175 - US$500) of a wedding or a video wedding of a wedding is available,CosineGECO,5,0.001,price to video a wedding,msmarco-passage/train,ielabgroup/vec2text_gtr-base-st_corrector
47210,average wedding dress alteration cost,"from $90 to $1,200 for re-sealing and re-upholstering of furniture, re-furn",CosineGECO,5,0.001,cost of reupholstering furniture,msmarco-passage/train,ielabgroup/vec2text_gtr-base-st_corrector
47210,average wedding dress alteration cost,average cost of flowers or cinnamome jumbles or fennel dreadful blooms are the average cost of flowers,CosineGECO,5,0.001,average cost of wedding flowers,msmarco-passage/train,ielabgroup/vec2text_gtr-base-st_corrector
47210,average wedding dress alteration cost,"beginning of the year, a photographer in the middle of the sun, a photographer in the office, or a naked eye, are average cost",CosineGECO,5,0.001,average cost of wedding photographer,msmarco-passage/train,ielabgroup/vec2text_gtr-base-st_corrector
47210,average wedding dress alteration cost,"cost of an average bouquet of a bridesmaids (Bachet & Blessings) ($15,000) versus cost",CosineGECO,5,0.001,average cost of a bridesmaid bouquet,msmarco-passage/train,ielabgroup/vec2text_gtr-base-st_corrector
555530,what are best foods to lower cholesterol,"foods to minimize diarrhea (e.g., licorice, nutmegs, or nutmegs) or less milk",CosineGECO,5,0.001,foods to minimize diarrhea,msmarco-passage/train,ielabgroup/vec2text_gtr-base-st_corrector
555530,what are best foods to lower cholesterol,"a food that lowers the liver enzyme, a low-carbohydrate steroid, has been found to be a good reduction",CosineGECO,5,0.001,what is a good food to lower liver enzymes,msmarco-passage/train,ielabgroup/vec2text_gtr-base-st_corrector
555530,what are best foods to lower cholesterol,"foods with a high enough count to increase platelet count, e.g. berries, aces, or wheat, increase blood count",CosineGECO,5,0.001,foods to increase blood platelets count,msmarco-passage/train,ielabgroup/vec2text_gtr-base-st_corrector
555530,what are best foods to lower cholesterol,"foods we eat to control cholesterol levels, such as oats, rye flour, eggs, or carrots, we can reduce cholesterol",CosineGECO,5,0.001,what foods can we eat to control cholesterol levels,msmarco-passage/train,ielabgroup/vec2text_gtr-base-st_corrector
555530,what are best foods to lower cholesterol,"food that help your kidneys function better, e.g., rye beans and corn pies have a higher percentage of water content",CosineGECO,5,0.001,what foods help your kidneys function better,msmarco-passage/train,ielabgroup/vec2text_gtr-base-st_corrector
555530,what are best foods to lower cholesterol,"a healthy diet, e.g. rye oats, corn flakes, it's good for your thyroid health.",CosineGECO,5,0.001,what foods are good for your thyroid health?,msmarco-passage/train,ielabgroup/vec2text_gtr-base-st_corrector
555530,what are best foods to lower cholesterol,"foods that help lower cholesterol and sugar levels and a lower calorie count, e.g., sorghum, eggs, and milk",CosineGECO,5,0.001,foods that help lower cholesterol and sugar,msmarco-passage/train,ielabgroup/vec2text_gtr-base-st_corrector
555530,what are best foods to lower cholesterol,"foods to prevent cancer, from a sarcasm, to milk, from eggs, from fruits to berries, from acorn",CosineGECO,5,0.001,foods to prevent cancer,msmarco-passage/train,ielabgroup/vec2text_gtr-base-st_corrector
555530,what are best foods to lower cholesterol,"foods to eat for irritable bowel syndrome (IBS), or a diet containing a food containing a caloric",CosineGECO,5,0.001,foods to eat for irritable bowel syndrome,msmarco-passage/train,ielabgroup/vec2text_gtr-base-st_corrector
555530,what are best foods to lower cholesterol,"foods originating from the region where it is a dietary fat to reduce inflammation, eat a linoleum and ry",CosineGECO,5,0.001,foods to eat to reduce inflammation,msmarco-passage/train,ielabgroup/vec2text_gtr-base-st_corrector
583468,what carvedilol used for,Labetalol is used for hyalulocytic acid reflux disease (HLC) and to treat high blood sugar metabol,CosineGECO,5,0.001,what is labetalol hcl used for,msmarco-passage/train,ielabgroup/vec2text_gtr-base-st_corrector
583468,what carvedilol used for,"the mineral graphite, which is used as a ketchline mineral, graphite is often used as a utens",CosineGECO,5,0.001,the mineral graphite is often used as,msmarco-passage/train,ielabgroup/vec2text_gtr-base-st_corrector
583468,what carvedilol used for,"Using the fructose and nut oils, cinnamon is used for baking baked foods, gin, and other foods, and is used",CosineGECO,5,0.001,what is cinnamon used for,msmarco-passage/train,ielabgroup/vec2text_gtr-base-st_corrector
583468,what carvedilol used for,Metoprolol tartrate IV is used for a treatment of menstrual staph and tracheotomy and to,CosineGECO,5,0.001,what is metoprolol tartrate iv used for,msmarco-passage/train,ielabgroup/vec2text_gtr-base-st_corrector
583468,what carvedilol used for,"alcohol and acetose to remove ice and bitter alcohol, peppermint spirits are used as a spice for spirits, and it is",CosineGECO,5,0.001,what is peppermint spirits used for,msmarco-passage/train,ielabgroup/vec2text_gtr-base-st_corrector
583468,what carvedilol used for,pyogenol is used for the treatment of a range of asexual toxins and cneptacnogene,CosineGECO,5,0.001,what is pycnogenol used for,msmarco-passage/train,ielabgroup/vec2text_gtr-base-st_corrector
583468,what carvedilol used for,using a hormone-diureterone (hydromorphone) is used by Hydromorphone to treat people with a variety of ailments,CosineGECO,5,0.001,what is hydromorphone used for,msmarco-passage/train,ielabgroup/vec2text_gtr-base-st_corrector
583468,what carvedilol used for,Stratagenalandin Stratagenalandin (prostatin) is used as a medication for paraplegia and,CosineGECO,5,0.001,what is prostaglandin used for,msmarco-passage/train,ielabgroup/vec2text_gtr-base-st_corrector
583468,what carvedilol used for,when Decadron is used for -decadron and -decadrondron pharmacotherapies to treat a variety,CosineGECO,5,0.001,what is decadron used for ',msmarco-passage/train,ielabgroup/vec2text_gtr-base-st_corrector
583468,what carvedilol used for,(loaotide and lreseotide) is used for a variety of cancers and adeno,CosineGECO,5,0.001,what is lanreotide used for,msmarco-passage/train,ielabgroup/vec2text_gtr-base-st_corrector
640502,what does it mean if your tsh is low,'very low fSH' means that it is a low level of hysteric apnea and can contribute,CosineGECO,5,0.001,what does very low fsh mean,msmarco-passage/train,ielabgroup/vec2text_gtr-base-st_corrector
640502,what does it mean if your tsh is low,"if it is a means of reducing time or a short time period, a shorter period (or a shorter period) may mean",CosineGECO,5,0.001,does a shorter period mean,msmarco-passage/train,ielabgroup/vec2text_gtr-base-st_corrector
640502,what does it mean if your tsh is low,"when your hormones are unbalanced, symptoms can include a reaction to hormonal octademia and the effects of other hormone",CosineGECO,5,0.001,what are symptoms of when your   hormones  are unbalanced,msmarco-passage/train,ielabgroup/vec2text_gtr-base-st_corrector
640502,what does it mean if your tsh is low,"a cause of low testosterone in the male genitalia, such as ectopic alopecia, a loss of testosterone",CosineGECO,5,0.001,what causes low testosterone in male,msmarco-passage/train,ielabgroup/vec2text_gtr-base-st_corrector
640502,what does it mean if your tsh is low,low drivasis (tasty or tarnish eed) or low salivary pH can cause,CosineGECO,5,0.001,low salivary ph causes,msmarco-passage/train,ielabgroup/vec2text_gtr-base-st_corrector
640502,what does it mean if your tsh is low,th-lowest possible temperature is a low-level body temperature of 0 °C (31 °F) or freezing temperature at,CosineGECO,5,0.001,th lowest possible temperature is,msmarco-passage/train,ielabgroup/vec2text_gtr-base-st_corrector
640502,what does it mean if your tsh is low,because teptolonase is low. Trihalptal causes low sodium levels in the marrow (mns,CosineGECO,5,0.001,why does trileptal cause low sodium levels?,msmarco-passage/train,ielabgroup/vec2text_gtr-base-st_corrector
640502,what does it mean if your tsh is low,sts definitions of low cardiac output syndrome sts definitions of low cardiac output syndrome is a coma resulting from,CosineGECO,5,0.001,sts definition of low cardiac output syndrome,msmarco-passage/train,ielabgroup/vec2text_gtr-base-st_corrector
640502,what does it mean if your tsh is low,"When a blood pressure is lost or a thrombocyte dries out, blood pressure drops and the process happens –",CosineGECO,5,0.001,what happens when blood pressure drops,msmarco-passage/train,ielabgroup/vec2text_gtr-base-st_corrector
640502,what does it mean if your tsh is low,"with gliamus, tachycardia or a numbing problem, thyroid problems can cause numbness or",CosineGECO,5,0.001,can thyroid problems cause numbness,msmarco-passage/train,ielabgroup/vec2text_gtr-base-st_corrector
67316,can fever cause miscarriage early pregnancy,"from 0 to 5 hr when you are pregnant, and a heart rate of 1.6 to 1.7 percent increases during pregnancy when your heart",CosineGECO,5,0.001,how much do your heart rate increase when pregnant,msmarco-passage/train,ielabgroup/vec2text_gtr-base-st_corrector
67316,can fever cause miscarriage early pregnancy,"fetus during pregnancy, or from a pregnancy that is due to infection, is a cause of infection including cytokinesis",CosineGECO,5,0.001,what are the causes of infection for pregnancy,msmarco-passage/train,ielabgroup/vec2text_gtr-base-st_corrector
67316,can fever cause miscarriage early pregnancy,is swollen feet (chests and swollen feet) may be a sign of pregnancy during the eve of pregnancy,CosineGECO,5,0.001,is swollen feet a sign of pregnancy,msmarco-passage/train,ielabgroup/vec2text_gtr-base-st_corrector
67316,can fever cause miscarriage early pregnancy,"when you have a foot cramp because of tampon scolding (Cache Myelitis), you get foot cramps frequently",CosineGECO,5,0.001,why do I get foot cramp with fever,msmarco-passage/train,ielabgroup/vec2text_gtr-base-st_corrector
67316,can fever cause miscarriage early pregnancy,"a hot sweat. Fogamine (fever) or a steroid, such as ethanol, will make fever go away and stop",CosineGECO,5,0.001,what makes fever go away,msmarco-passage/train,ielabgroup/vec2text_gtr-base-st_corrector
67316,can fever cause miscarriage early pregnancy,"during pregnancy, including chimpanzees and calf sprain, but cramping is a normal pregnancy and may be",CosineGECO,5,0.001,is cramping normal in pregnancy,msmarco-passage/train,ielabgroup/vec2text_gtr-base-st_corrector
67316,can fever cause miscarriage early pregnancy,"because of no pregnancies and a very low birth level and no perinatal period, but because of a very low pregnancy and no",CosineGECO,5,0.001,why no period and only very low pregnancy level,msmarco-passage/train,ielabgroup/vec2text_gtr-base-st_corrector
67316,can fever cause miscarriage early pregnancy,"if you are pregnant, a yeast infection, a sperm infection, or a yeast infection means you are a pregnant",CosineGECO,5,0.001,does a yeast infection mean i'm pregnant,msmarco-passage/train,ielabgroup/vec2text_gtr-base-st_corrector
67316,can fever cause miscarriage early pregnancy,"earliest symptoms of pregnancy before a pregnancy onset (e.g., crying, swollen stomachs and Misses) occurred",CosineGECO,5,0.001,earliest pregnancy symptoms before missed period,msmarco-passage/train,ielabgroup/vec2text_gtr-base-st_corrector
67316,can fever cause miscarriage early pregnancy,a neo-hemoplegia (cancer ailment) during early pregnancy will cause severe tiredness in the body,CosineGECO,5,0.001,what cause severe tiredness in early pregnancy,msmarco-passage/train,ielabgroup/vec2text_gtr-base-st_corrector
673670,what is a alm,Alps company Alps Company (        ) is an investor finance,CosineGECO,5,0.001,what is Alps company in finance,msmarco-passage/train,ielabgroup/vec2text_gtr-base-st_corrector
673670,what is a alm,in insurance terms (AAA): Alae insurance Alae is a category of insurance for insurers and its clientele. It is,CosineGECO,5,0.001,what is alae in insurance terms,msmarco-passage/train,ielabgroup/vec2text_gtr-base-st_corrector
673670,what is a alm,a mu (Mask-Crisis) is an electromysteinic known as unique mu,CosineGECO,5,0.001,what is a mu,msmarco-passage/train,ielabgroup/vec2text_gtr-base-st_corrector
673670,what is a alm,", , , , , , Alphanumerals are a cyclic ludic acid and anatomic",CosineGECO,5,0.001,what r alphanumerals,msmarco-passage/train,ielabgroup/vec2text_gtr-base-st_corrector
673670,what is a alm,(Autism)         Altruism is a principle,CosineGECO,5,0.001,what is altruism,msmarco-passage/train,ielabgroup/vec2text_gtr-base-st_corrector
673670,what is a alm,agl . This is a light-weight artificial agl (Agl) which is a popular product of Panasonic,CosineGECO,5,0.001,what is agl,msmarco-passage/train,ielabgroup/vec2text_gtr-base-st_corrector
673670,what is a alm,"(AmL) stands for Accounting Merit Number, and the corresponding levy is calculated by the Frequently Used Accounting Bulletin of the Company",CosineGECO,5,0.001,what does aml stand for in accounting,msmarco-passage/train,ielabgroup/vec2text_gtr-base-st_corrector
673670,what is a alm,Oakum is a faecal-oil-rich vegetable oil sulfate known as ashgarum that is,CosineGECO,5,0.001,what is oakum,msmarco-passage/train,ielabgroup/vec2text_gtr-base-st_corrector
673670,what is a alm,aml manufacturing Aml Manufacturing Corporation (Aml) meaning manufacturing of a levy based product by means of a meter of fine,CosineGECO,5,0.001,meaning aml manufacturing,msmarco-passage/train,ielabgroup/vec2text_gtr-base-st_corrector
673670,what is a alm,ah ah means the dilution (insectivity) and the x-character. It varies the rom,CosineGECO,5,0.001,ah what does it mean,msmarco-passage/train,ielabgroup/vec2text_gtr-base-st_corrector
701453,what is a statutory deed,"tenant deposit of security tenement payment tenant deposit of security tenement payment (, , , ) is a disposition of a",CosineGECO,5,0.001,what is tenant disposition of security deposit,msmarco-passage/train,ielabgroup/vec2text_gtr-base-st_corrector
701453,what is a statutory deed,Stafford loan          is a loan that is the credit card,CosineGECO,5,0.001,what is stafford loan,msmarco-passage/train,ielabgroup/vec2text_gtr-base-st_corrector
701453,what is a statutory deed,Pterostilbe (pterostilbetobene) is a phenylthioepiandrosterone soluble,CosineGECO,5,0.001,what is pterostilbene,msmarco-passage/train,ielabgroup/vec2text_gtr-base-st_corrector
701453,what is a statutory deed,is beneficiary de,CosineGECO,5,0.001,what is beneficiary deed,msmarco-passage/train,ielabgroup/vec2text_gtr-base-st_corrector
701453,what is a statutory deed,"st, is the defining term for a collection of cruciform decoys (VD). This definition is common to saint",CosineGECO,5,0.001,st definition,msmarco-passage/train,ielabgroup/vec2text_gtr-base-st_corrector
701453,what is a statutory deed,A notice of tecum ducitum tecum means notice of depositeds in a state of injunction,CosineGECO,5,0.001,what does notice of deposition duces tecum mean,msmarco-passage/train,ielabgroup/vec2text_gtr-base-st_corrector
701453,what is a statutory deed,"(decitoviginity, a standard deviation, a standard deviation of a standard index, or SDV), the standard deviation",CosineGECO,5,0.001,what standard deviation,msmarco-passage/train,ielabgroup/vec2text_gtr-base-st_corrector
701453,what is a statutory deed,"definition of tenant disposition Tenant disposition is a statutory definition of a pleading filed by a landlord, sailor, or",CosineGECO,5,0.001,tenant disposition definition,msmarco-passage/train,ielabgroup/vec2text_gtr-base-st_corrector
701453,what is a statutory deed,(Standard) is a form of a sanctions (or a writ of euthanasia) which is,CosineGECO,5,0.001,what is a sanction,msmarco-passage/train,ielabgroup/vec2text_gtr-base-st_corrector
701453,what is a statutory deed,"Laws (Stillues and Suspensions) — Act is a statute, while an act is a state",CosineGECO,5,0.001,difference between an act and statute,msmarco-passage/train,ielabgroup/vec2text_gtr-base-st_corrector
730539,what is chronometer who invented it,an osmometer or osmometer is an instrument that is a chemistry measuring method for detecting odours,CosineGECO,5,0.001,what is an osmometer,msmarco-passage/train,ielabgroup/vec2text_gtr-base-st_corrector
730539,what is chronometer who invented it,The tympanometer is a type of tetracyclomagnetometer that is a tympanometer,CosineGECO,5,0.001,what is a tympanometer,msmarco-passage/train,ielabgroup/vec2text_gtr-base-st_corrector
730539,what is chronometer who invented it,"to save energy and keep people in the middle of the day at a constant time, daylight saving was created as a result of Albert Dessenheim",CosineGECO,5,0.001,why was daylight saving created,msmarco-passage/train,ielabgroup/vec2text_gtr-base-st_corrector
730539,what is chronometer who invented it,"inventor of the cyclotron, Crosswords Quiz, NEXT Freewheels, NEXT Freewheels Cler",CosineGECO,5,0.001,inventor of the cyclotron crossword,msmarco-passage/train,ielabgroup/vec2text_gtr-base-st_corrector
730539,what is chronometer who invented it,with a spies and a neo-neo-neo-neoman who invented the first computer,CosineGECO,5,0.001,who invented the first computer invented,msmarco-passage/train,ielabgroup/vec2text_gtr-base-st_corrector
730539,what is chronometer who invented it,who coined the term thagomizer - a neologism of fl. g.,CosineGECO,5,0.001,who coined the term thagomizer?ffll,msmarco-passage/train,ielabgroup/vec2text_gtr-base-st_corrector
730539,what is chronometer who invented it,"a man named Ivan N. Ishburton, who invented the iPhone, and who invented it, or who invented it, respectively.",CosineGECO,5,0.001,who invented who invented the iphone?,msmarco-passage/train,ielabgroup/vec2text_gtr-base-st_corrector
730539,what is chronometer who invented it,"1886 by a man named Charles Antoinette Agripaol, who invented air conditioning, and Gerard Manzey",CosineGECO,5,0.001,who invented air conditioner,msmarco-passage/train,ielabgroup/vec2text_gtr-base-st_corrector
730539,what is chronometer who invented it,"who invented the internet bio.com. He is a native of Denver, Colorado and he was a close contact with Billie Carmen Fr",CosineGECO,5,0.001,who invented the internet bio. com,msmarco-passage/train,ielabgroup/vec2text_gtr-base-st_corrector
730539,what is chronometer who invented it,"by Ronald S. Smores, a U.S. smuggler, who invented marshmallow charreds and new grites",CosineGECO,5,0.001,who invented smores,msmarco-passage/train,ielabgroup/vec2text_gtr-base-st_corrector
768208,what is mamey,"Known as pyre, it is a bruxism with a surface of frozen pyre. Pyre is the most",CosineGECO,5,0.001,what is pyre,msmarco-passage/train,ielabgroup/vec2text_gtr-base-st_corrector
768208,what is mamey,"a meme (also known as a fed, a pygmy, or a pizza) is a animal",CosineGECO,5,0.001,what is a meme?,msmarco-passage/train,ielabgroup/vec2text_gtr-base-st_corrector
768208,what is mamey,the definition of mete (         ): ton,CosineGECO,5,0.001,definition of mete,msmarco-passage/train,ielabgroup/vec2text_gtr-base-st_corrector
768208,what is mamey,Mamiri  aka Mamiri    ) is a kid and the beloved princess of American television.,CosineGECO,5,0.001,who is mamiri?,msmarco-passage/train,ielabgroup/vec2text_gtr-base-st_corrector
768208,what is mamey,"meaning of the name of 'Kacey', a feminine name associated with her family, 'Kacie Jane Polanski",CosineGECO,5,0.001,meaning of the name kacey,msmarco-passage/train,ielabgroup/vec2text_gtr-base-st_corrector
768208,what is mamey,"a lady, madame gibode. Madame Guyon is a billionaire and the entrepreneur of the Congo Republic",CosineGECO,5,0.001,who is madame guyon,msmarco-passage/train,ielabgroup/vec2text_gtr-base-st_corrector
768208,what is mamey,meyer meyer is an American alumnus of the buxbaum family and a teen and a local children's choir,CosineGECO,5,0.001,who is meyer buxbaum?,msmarco-passage/train,ielabgroup/vec2text_gtr-base-st_corrector
768208,what is mamey,ecstasy and other drugs via the phenylamine methyl dandrone (MDMA). MDMA is,CosineGECO,5,0.001,what mdma,msmarco-passage/train,ielabgroup/vec2text_gtr-base-st_corrector
768208,what is mamey,"(i.e. smarmy or snobbery or sacribal behavior), the definition of smar",CosineGECO,5,0.001,definition of smarmy,msmarco-passage/train,ielabgroup/vec2text_gtr-base-st_corrector
768208,what is mamey,"the word ""Maliey"" (a part of the word ""Maliey"" in the Afghanistan word) meaning male",CosineGECO,5,0.001,what does the word maley mean,msmarco-passage/train,ielabgroup/vec2text_gtr-base-st_corrector
877809,what metal are hip replacements made of,"What is the natural metal modification of the surface clay, is the re-evaluation of the clay underlying the underlying geolithography.",CosineGECO,5,0.001,what is the metal modification of the natural surface clay?,msmarco-passage/train,ielabgroup/vec2text_gtr-base-st_corrector
877809,what metal are hip replacements made of,weight bearing restrictions on a body with a hip dislocation (hepiasis dislocation) and other restrictions on moving,CosineGECO,5,0.001,hip dislocation weight bearing restrictions,msmarco-passage/train,ielabgroup/vec2text_gtr-base-st_corrector
877809,what metal are hip replacements made of,material a cast is made of (or is made of) cast material (either aluminium-steel plastic or cotton),CosineGECO,5,0.001,what material is a cast made of,msmarco-passage/train,ielabgroup/vec2text_gtr-base-st_corrector
877809,what metal are hip replacements made of,", Mali houses are made of a tadal, haysand, and clay layers. These houses are made of",CosineGECO,5,0.001,what are mali houses made of,msmarco-passage/train,ielabgroup/vec2text_gtr-base-st_corrector
877809,what metal are hip replacements made of,"of a heat-resistant metal, a heat resistant metal is a metal that is a heat-resistant and is heat-insulating material",CosineGECO,5,0.001,what is a heat resistant metal,msmarco-passage/train,ielabgroup/vec2text_gtr-base-st_corrector
877809,what metal are hip replacements made of,"when a hip joint is needed, or when a hip is in a position of a sclerosis, bone clot or arthritis",CosineGECO,5,0.001,when is hip replacement necessary,msmarco-passage/train,ielabgroup/vec2text_gtr-base-st_corrector
877809,what metal are hip replacements made of,"low prices, averaging $130 for a new flexor, or a $130 for an average Hip Replasepa",CosineGECO,5,0.001,what is the average price for a hip repla,msmarco-passage/train,ielabgroup/vec2text_gtr-base-st_corrector
877809,what metal are hip replacements made of,"if the cost of a metal wheelchair ramp, i.e. a metal wheelchair, is low or the cost of a metal",CosineGECO,5,0.001,what if the cost of a metal wheelchair ramp,msmarco-passage/train,ielabgroup/vec2text_gtr-base-st_corrector
877809,what metal are hip replacements made of,made of a musculature. A polyp is made of a polymorphic lobe and a treat that remains,CosineGECO,5,0.001,what is a polyp made of,msmarco-passage/train,ielabgroup/vec2text_gtr-base-st_corrector
877809,what metal are hip replacements made of,"injuries caused by a fracture of the hexapilles or other joint fragments on a bone, this may cause hip fractures.",CosineGECO,5,0.001,what causes of hip fractures.,msmarco-passage/train,ielabgroup/vec2text_gtr-base-st_corrector
911232,"what type of conflict does della face in o, henry the gift of the magi",famous for the fact that Mia was famous for 'Mia on a PDA' and 'An Amazing South Beat'.,CosineGECO,5,0.001,what was mia famous for,msmarco-passage/train,ielabgroup/vec2text_gtr-base-st_corrector
911232,"what type of conflict does della face in o, henry the gift of the magi","event that sparked people to turn against Godfrey, and what happened when Arthur Godfrey resented him.",CosineGECO,5,0.001,what event happened to arthur godfrey that caused people to turn against him?,msmarco-passage/train,ielabgroup/vec2text_gtr-base-st_corrector
911232,"what type of conflict does della face in o, henry the gift of the magi","when he sees a picture, Montag tells Mildred that he needs to read because he will be unable to explain why",CosineGECO,5,0.001,what does montag tell mildred why he needs to read,msmarco-passage/train,ielabgroup/vec2text_gtr-base-st_corrector
911232,"what type of conflict does della face in o, henry the gift of the magi",why the award of the emotional distress award in Hustler v. Magazine was reversed unanimously by flawell and a petitioner,CosineGECO,5,0.001,why was the award for emotional distress in hustler magazine v falwell unanimously reversed,msmarco-passage/train,ielabgroup/vec2text_gtr-base-st_corrector
911232,"what type of conflict does della face in o, henry the gift of the magi","who gets stabbed in the casino with a robin knife, is often drew his pen, especially when René Barron",CosineGECO,5,0.001,who gets stabbed with the pen in casino,msmarco-passage/train,ielabgroup/vec2text_gtr-base-st_corrector
911232,"what type of conflict does della face in o, henry the gift of the magi","play is in Scipio et al.'s 'Hermes in Hell', in which Desdemona is the play",CosineGECO,5,0.001,what shakespeare play is desdemona in?,msmarco-passage/train,ielabgroup/vec2text_gtr-base-st_corrector
911232,"what type of conflict does della face in o, henry the gift of the magi","interest of Lizabeth Grant and esoterics, and esoterics were Elizabeth Blackwell's interest",CosineGECO,5,0.001,what were elizabeth blackwell's interest,msmarco-passage/train,ielabgroup/vec2text_gtr-base-st_corrector
911232,"what type of conflict does della face in o, henry the gift of the magi","who wrote the book Sleeping with the Enemy, is based on the movie called Sleeping with the Enemy, which is dated",CosineGECO,5,0.001,who wrote the book that the movie sleeping with the enemy is based on,msmarco-passage/train,ielabgroup/vec2text_gtr-base-st_corrector
911232,"what type of conflict does della face in o, henry the gift of the magi","a guarantee, Magna Carta, guaranteed that what was to come out of a fecund swathe of Amsterdam",CosineGECO,5,0.001,what did magna carta guarantee,msmarco-passage/train,ielabgroup/vec2text_gtr-base-st_corrector
911232,"what type of conflict does della face in o, henry the gift of the magi",a number of struggles of Gloria (in current times) were a major pains of ukasz Koblic,CosineGECO,5,0.001,what were some struggles of gloria,msmarco-passage/train,ielabgroup/vec2text_gtr-base-st_corrector
914916,what type of tissue are bronchioles,"types of tissue in renal corpuscle, primarily vascular corpuscle, a branchial ependymophys",CosineGECO,5,0.001,types of tissue in renal corpuscle,msmarco-passage/train,ielabgroup/vec2text_gtr-base-st_corrector
914916,what type of tissue are bronchioles,a nephrinth (either a cough or a joint infection) is what causes bronchitis,CosineGECO,5,0.001,what is bronchitis causes,msmarco-passage/train,ielabgroup/vec2text_gtr-base-st_corrector
914916,what type of tissue are bronchioles,a bronchoscopy is a type of a bronchoscopy of the esophagus and bronchi,CosineGECO,5,0.001,what is a bronchoscopy,msmarco-passage/train,ielabgroup/vec2text_gtr-base-st_corrector
914916,what type of tissue are bronchioles,"of eukaryotic cells, Leukocytes (or leukocytes) is a type of tissue, cytosphe",CosineGECO,5,0.001,what type of tissue is leukocytes,msmarco-passage/train,ielabgroup/vec2text_gtr-base-st_corrector
914916,what type of tissue are bronchioles,"a skeleton is constructed of two types of tissue,",CosineGECO,5,0.001,"the skeleton is constructed of two types of tissue, ________",msmarco-passage/train,ielabgroup/vec2text_gtr-base-st_corrector
914916,what type of tissue are bronchioles,"Broncobacterium coliformesis (broocole root, e.g. broccoli root) is a type root",CosineGECO,5,0.001,what type of root is broccoli,msmarco-passage/train,ielabgroup/vec2text_gtr-base-st_corrector
914916,what type of tissue are bronchioles,"bronchitis and other emphysema patients, prednisone can be used to treat bronchit",CosineGECO,5,0.001,can prednisone be used to treat bronchitis,msmarco-passage/train,ielabgroup/vec2text_gtr-base-st_corrector
914916,what type of tissue are bronchioles,a choice of the following: a. b. c. d. d. a. Astrothorax is major,CosineGECO,5,0.001,which of the choices below is the major muscle for breathing,msmarco-passage/train,ielabgroup/vec2text_gtr-base-st_corrector
914916,what type of tissue are bronchioles,"quizzes on types of muscle (muscular arteries, abrasive muscles, tense muscles, and right shoulder muscle and 30",CosineGECO,5,0.001,types of muscles quizlet,msmarco-passage/train,ielabgroup/vec2text_gtr-base-st_corrector
914916,what type of tissue are bronchioles,"(e.g. biceps and thoracic abdominis), the trunk muscles are muscles that are considered muscle",CosineGECO,5,0.001,what are considered trunk muscles,msmarco-passage/train,ielabgroup/vec2text_gtr-base-st_corrector
938400,when did family feud come out?,"1966, following the release of the Disney films featuring the story of Afro-tongue and Maroon, ""Shrek"" was made",CosineGECO,5,0.001,when was shrek made,msmarco-passage/train,ielabgroup/vec2text_gtr-base-st_corrector
938400,when did family feud come out?,in 1664 when feudalism (feminism or a nast state or a jot) began,CosineGECO,5,0.001,when did feudalism begin,msmarco-passage/train,ielabgroup/vec2text_gtr-base-st_corrector
938400,when did family feud come out?,in 1926 and the eponymous 'Flintstones' (Flintstones cartoon) came out,CosineGECO,5,0.001,when did the flintstones cartoon come out,msmarco-passage/train,ielabgroup/vec2text_gtr-base-st_corrector
938400,when did family feud come out?,"in motion pictures and a few years later, the James Sidney Capp movie ""Home Home"" came out in 1908 and is now released",CosineGECO,5,0.001,when did the movie home come out,msmarco-passage/train,ielabgroup/vec2text_gtr-base-st_corrector
938400,when did family feud come out?,in 1954 (featuring New England fandie fandie luthier Freddie Mac created in 1956) by,CosineGECO,5,0.001,when was freddie mac created,msmarco-passage/train,ielabgroup/vec2text_gtr-base-st_corrector
938400,when did family feud come out?,"in 1932 when the first NES based game, the Commodore 64 d.v., came out and the first arcade game",CosineGECO,5,0.001,when did the first arcade game come out,msmarco-passage/train,ielabgroup/vec2text_gtr-base-st_corrector
938400,when did family feud come out?,"when tv became a big popular tv a decade ago (leaptime movies), and 1924, TV is becoming popular",CosineGECO,5,0.001,when did tv become really popular,msmarco-passage/train,ielabgroup/vec2text_gtr-base-st_corrector
938400,when did family feud come out?,"when American comedians Snoop Dogg and Yvonne Langdon premiered ""SNL"" which aired from April 8 to 9,",CosineGECO,5,0.001,when did snl premiere,msmarco-passage/train,ielabgroup/vec2text_gtr-base-st_corrector
938400,when did family feud come out?,"when the song 'Lean on Me' came out and on November 17, 2004 'Lean on Me' was released on the first single of",CosineGECO,5,0.001,when did the song lean on me came out,msmarco-passage/train,ielabgroup/vec2text_gtr-base-st_corrector
938400,when did family feud come out?,"after jenny Bruce, he reportedly came out in February 2014, and reality star Jasper Robertson reportedly came out in March 2015",CosineGECO,5,0.001,when did bruce jenner really come out,msmarco-passage/train,ielabgroup/vec2text_gtr-base-st_corrector
940547,when did rock n roll begin?,"utsenate purchase in the U.S., and in January, 1995, when the Russian uranium deal began.",CosineGECO,5,0.001,when did the russian uranium deal begin?,msmarco-passage/train,ielabgroup/vec2text_gtr-base-st_corrector
940547,when did rock n roll begin?,the year of the epoch of the Roman empire (ca. 496 – 515 A.D.) the Roman empire start,CosineGECO,5,0.001,what year the the roman empire start,msmarco-passage/train,ielabgroup/vec2text_gtr-base-st_corrector
940547,when did rock n roll begin?,"(e.g., sipping coke) invented in 1900, and a fifth and final year when Cola-Cola was invented.",CosineGECO,5,0.001,when was coca cola invented?,msmarco-passage/train,ielabgroup/vec2text_gtr-base-st_corrector
940547,when did rock n roll begin?,"a songwriter, a talent specializing in neo-gae and pop, who is PnB rock.",CosineGECO,5,0.001,who is pnb rock?,msmarco-passage/train,ielabgroup/vec2text_gtr-base-st_corrector
940547,when did rock n roll begin?,"the year 864, the NBC anthology ""Mash"" came on a.k.a. 862, and it came on",CosineGECO,5,0.001,what year did mash come on,msmarco-passage/train,ielabgroup/vec2text_gtr-base-st_corrector
940547,when did rock n roll begin?,"starting in 1864 when air conditioning started to be available. Beginning in 1927, the American Electric Vehicle (A.C.) and the American",CosineGECO,5,0.001,when did air conditioning start,msmarco-passage/train,ielabgroup/vec2text_gtr-base-st_corrector
940547,when did rock n roll begin?,"in 1924 when the apocalyptic lyrical comedy ""Mash"" came out, and a September 2014 release",CosineGECO,5,0.001,when did mash come out,msmarco-passage/train,ielabgroup/vec2text_gtr-base-st_corrector
940547,when did rock n roll begin?,"on a stubby fetus. When Medicare started, and when it started. Starting in 1664, Medicare started .",CosineGECO,5,0.001,when did medicare start?,msmarco-passage/train,ielabgroup/vec2text_gtr-base-st_corrector
940547,when did rock n roll begin?,year. 'Evis Presley - surrender' (released '87) - a ruckus he was waiting,CosineGECO,5,0.001,what year was elvis presley - surrender released?,msmarco-passage/train,ielabgroup/vec2text_gtr-base-st_corrector
940547,when did rock n roll begin?,when Knights (a lion with a stoken armour) began – beginning in 1664 – a beginning of current,CosineGECO,5,0.001,when did knights begin,msmarco-passage/train,ielabgroup/vec2text_gtr-base-st_corrector
997622,where is the show shameless filmed,"filmed at Kiennan, Alaska. ""Breaking away"" is filmed on location in the UK and internationally and has received many accolade",CosineGECO,5,0.001,where is breaking away filmed,msmarco-passage/train,ielabgroup/vec2text_gtr-base-st_corrector
997622,where is the show shameless filmed,"filmed in the slums of Boston, Massachusetts, and the U.S., ""Mash"" is filmed on location in",CosineGECO,5,0.001,where is mash filmed,msmarco-passage/train,ielabgroup/vec2text_gtr-base-st_corrector
997622,where is the show shameless filmed,"neighborhood in which shameless is based, is in Chicago's large ghetto and is on the 10th St. Amagan",CosineGECO,5,0.001,what chicago neighborhood is shameless in,msmarco-passage/train,ielabgroup/vec2text_gtr-base-st_corrector
997622,where is the show shameless filmed,"at the park on the Texas coast, where the movie ""The Cowboys"" was filmed, and at , where it was filmed at",CosineGECO,5,0.001,where was the movie the cowboys filmed at,msmarco-passage/train,ielabgroup/vec2text_gtr-base-st_corrector
997622,where is the show shameless filmed,home in a house in a suburb of London (as well as the old town of Rindge) — Animal House was filmed,CosineGECO,5,0.001,where was animal house filmed?,msmarco-passage/train,ielabgroup/vec2text_gtr-base-st_corrector
997622,where is the show shameless filmed,"filmed hallmark movies, ""Venture Hallmark"" and ""A Christmas Carol"" in the United States, and other locations, where Hollywood movies are",CosineGECO,5,0.001,where are hallmark movies filmed,msmarco-passage/train,ielabgroup/vec2text_gtr-base-st_corrector
997622,where is the show shameless filmed,"commercial for Eliquis Sedona Liquids filmed in Los Angeles, California and for ""Essenaquis Miracle: a",CosineGECO,5,0.001,where was eliquis commercial filmed sedona enchantment,msmarco-passage/train,ielabgroup/vec2text_gtr-base-st_corrector
997622,where is the show shameless filmed,"filmed in and around the city of Sarasota, California, Wild at Heart (TV show) ""Wild at Heart"" was",CosineGECO,5,0.001,where was wild at heart filmed,msmarco-passage/train,ielabgroup/vec2text_gtr-base-st_corrector
997622,where is the show shameless filmed,"after the end of the Galactica back-stopping tour, ""Stargate"" was filmed on location in New England, and was filmed",CosineGECO,5,0.001,where was Stargate filmed,msmarco-passage/train,ielabgroup/vec2text_gtr-base-st_corrector
997622,where is the show shameless filmed,"city of Otezla ad, tezala ad, was filmed, and Ozlepp’s.",CosineGECO,5,0.001,what city was otezla ad filmed?,msmarco-passage/train,ielabgroup/vec2text_gtr-base-st_corrector
