query_id,text,obfuscatedText,mechanism,epsilon,top_percentile,pivot_query,pool,corrector_model
156493,do goldfish grow,"to Re-Arachnia or Percussive Brutus, fingernails can grow after death and can be",KernelDensityGECO,5,0.001,can fingernails grow after death,msmarco-passage/train,ielabgroup/vec2text_gtr-base-st_corrector
156493,do goldfish grow,of phosphorus (phosphorus parthenoide and phosphorus phosphorus) plays a role in plant growth and how it opens up,KernelDensityGECO,5,0.001,what part does phosphorus play in plant growth,msmarco-passage/train,ielabgroup/vec2text_gtr-base-st_corrector
156493,do goldfish grow,is very strong is 2.4 m. Fish's hearing is as strong as the rate of receptivity to the frog.,KernelDensityGECO,5,0.001,how strong are fish is hearing?,msmarco-passage/train,ielabgroup/vec2text_gtr-base-st_corrector
156493,do goldfish grow,"Yanomami grow, they grow a variety of plants, including roebund rice, arugum (pota",KernelDensityGECO,5,0.001,what do yanomami grow,msmarco-passage/train,ielabgroup/vec2text_gtr-base-st_corrector
156493,do goldfish grow,"4.5 to 4.5 inches big and weighing , the shubunkin goldfish grow a semperferry brook goldfish",KernelDensityGECO,5,0.001,how big do shubunkin goldfish grow,msmarco-passage/train,ielabgroup/vec2text_gtr-base-st_corrector
156493,do goldfish grow,"what type of fish can survive in a pond, i.e., a fish such as ""Arcticus walker",KernelDensityGECO,5,0.001,what type of fish can survive in a pond,msmarco-passage/train,ielabgroup/vec2text_gtr-base-st_corrector
156493,do goldfish grow,is that phosphates/polysers cause algae growth and may not be a cause of change in algae growth and growth in nutrients,KernelDensityGECO,5,0.001,do phosphates cause algae growth,msmarco-passage/train,ielabgroup/vec2text_gtr-base-st_corrector
156493,do goldfish grow,"types of fish food – a type of acorn oil, a type of woody fish, a type of fresh water fish",KernelDensityGECO,5,0.001,types of fish food,msmarco-passage/train,ielabgroup/vec2text_gtr-base-st_corrector
156493,do goldfish grow,"if they do, doctors recommend to prescribe growth hormone to treat patients who grow to a height of . Doctors and medical researchers recommend to grow",KernelDensityGECO,5,0.001,do doctors prescribe growth hormone to grow,msmarco-passage/train,ielabgroup/vec2text_gtr-base-st_corrector
156493,do goldfish grow,"from 0.5 to 1.7 years and a 0.5 to 1.2 years, American silver dollar fish (Seattlefish bovid) live",KernelDensityGECO,5,0.001,how long do silver dollar fish live,msmarco-passage/train,ielabgroup/vec2text_gtr-base-st_corrector
1110199,what is wifi vs bluetooth,"on your computer when you install Bluetooth (Battery Activation) or Windows 98, Bluetooth (Battery) is located in your computer",KernelDensityGECO,5,0.001,where is bluetooth located on my computer,msmarco-passage/train,ielabgroup/vec2text_gtr-base-st_corrector
1110199,what is wifi vs bluetooth,difference between a router (Being a lone lone lone lone lone ocker) and switches,KernelDensityGECO,5,0.001,difference between switches and routers,msmarco-passage/train,ielabgroup/vec2text_gtr-base-st_corrector
1110199,what is wifi vs bluetooth,difference between a a b vs. a b vs. a u c sylla,KernelDensityGECO,5,0.001,difference between usb a and usb b cables,msmarco-passage/train,ielabgroup/vec2text_gtr-base-st_corrector
1110199,what is wifi vs bluetooth,the difference between a folio-carotene diet (a change from a calorie-free diet) and an atkins diet,KernelDensityGECO,5,0.001,what is the difference between a paleo and atkins diet,msmarco-passage/train,ielabgroup/vec2text_gtr-base-st_corrector
1110199,what is wifi vs bluetooth,a difference between the arteries and veins on the surface of the obsids (blood) vs. arteries,KernelDensityGECO,5,0.001,what is the difference between arteries and veins,msmarco-passage/train,ielabgroup/vec2text_gtr-base-st_corrector
1110199,what is wifi vs bluetooth,when WiFi was introduced (fibre connectivity and a delay in announcing a new LAN) and was introduced in 1932 by Henry,KernelDensityGECO,5,0.001,when was wifi introduced,msmarco-passage/train,ielabgroup/vec2text_gtr-base-st_corrector
1110199,what is wifi vs bluetooth,(beta-brain speed) should be . WiFi should be at 160 nshp (or 100 nshp,KernelDensityGECO,5,0.001,what speed should wifi be,msmarco-passage/train,ielabgroup/vec2text_gtr-base-st_corrector
1110199,what is wifi vs bluetooth,pay difference between bachelors (Accounts vs. Earnings) and associates (Accounts vs.,KernelDensityGECO,5,0.001,pay difference bachelors vs associates,msmarco-passage/train,ielabgroup/vec2text_gtr-base-st_corrector
1110199,what is wifi vs bluetooth,difference between bpolar disorder (BPD) and bipolar disorder (BPD) and a difference between tyranny and pulmonary,KernelDensityGECO,5,0.001,difference between bpd and bipolar disorder,msmarco-passage/train,ielabgroup/vec2text_gtr-base-st_corrector
1110199,what is wifi vs bluetooth,default wireless network. Default WiFi network . . . . . . . . . . Automatic WiFi network,KernelDensityGECO,5,0.001,default network wifi,msmarco-passage/train,ielabgroup/vec2text_gtr-base-st_corrector
1063750,why did the us volunterilay enter ww1,"the main purpose of the iii propaganda, i.e., to assemble the public opinion of the US-WWII conflict",KernelDensityGECO,5,0.001,what was the main purpose of wwii propaganda,msmarco-passage/train,ielabgroup/vec2text_gtr-base-st_corrector
1063750,why did the us volunterilay enter ww1,"type of government, Germany was a germany at the time of World War I and at the 613–614 Socialist Duchy of Berlin",KernelDensityGECO,5,0.001,what type of government was germany in ww1,msmarco-passage/train,ielabgroup/vec2text_gtr-base-st_corrector
1063750,why did the us volunterilay enter ww1,for its re-establishment and stability of the economy the Western Reserve was created 1783-1789 (1789-1789) because of this,KernelDensityGECO,5,0.001,why was the Western Reserve created 1783-1789,msmarco-passage/train,ielabgroup/vec2text_gtr-base-st_corrector
1063750,why did the us volunterilay enter ww1,"in the United States, 'Memorial Day', or Memorial Day, is the reason for the observance of the third Sunday after",KernelDensityGECO,5,0.001,what is the reason of memorial day  in the us,msmarco-passage/train,ielabgroup/vec2text_gtr-base-st_corrector
1063750,why did the us volunterilay enter ww1,planes of the type           were used in World War I,KernelDensityGECO,5,0.001,what kind of planes were used in world war i,msmarco-passage/train,ielabgroup/vec2text_gtr-base-st_corrector
1063750,why did the us volunterilay enter ww1,"what African Americans had hope to gain from participation in the war effort, they hope to be able to gain a good deal in the monetary benefits",KernelDensityGECO,5,0.001,what did african americans hope to gain from participation in the war effort,msmarco-passage/train,ielabgroup/vec2text_gtr-base-st_corrector
1063750,why did the us volunterilay enter ww1,"a.m. because of the enlightenment of the Japanese sailor, World War Two took place in the Pacific pac",KernelDensityGECO,5,0.001,why did world war two take place in the pacific,msmarco-passage/train,ielabgroup/vec2text_gtr-base-st_corrector
1063750,why did the us volunterilay enter ww1,"why there was started war in fah, as a result of man’s habitation in the kingdom of arish (",KernelDensityGECO,5,0.001,why was war started in fah,msmarco-passage/train,ielabgroup/vec2text_gtr-base-st_corrector
1063750,why did the us volunterilay enter ww1,"with a number of men killed in world war, 170,000 men, including 191 men, who died in first world war, John Ebols",KernelDensityGECO,5,0.001,how many men killed in first world war,msmarco-passage/train,ielabgroup/vec2text_gtr-base-st_corrector
1063750,why did the us volunterilay enter ww1,"in the wake of the events of the First Republic and the ensuing fighting in Europe, the , , is the first event of the Civil",KernelDensityGECO,5,0.001,what was the first event of the civil war,msmarco-passage/train,ielabgroup/vec2text_gtr-base-st_corrector
130510,definition declaratory judgment,a debit prenotification (Debit Prenotification) is a banknote that is a reminder of the recurrent charges imposed,KernelDensityGECO,5,0.001,what is a debit prenotification,msmarco-passage/train,ielabgroup/vec2text_gtr-base-st_corrector
130510,definition declaratory judgment,is a motion for consent for judgment motion filed or a motion for a judgment issued by a court of pleading before the appropriate attorney,KernelDensityGECO,5,0.001,what is consent motion for judgment filed,msmarco-passage/train,ielabgroup/vec2text_gtr-base-st_corrector
130510,definition declaratory judgment,"defined by U.S. law, the U.S. tax court is the United States court of judicial performance for obstructing",KernelDensityGECO,5,0.001,us tax court definition,msmarco-passage/train,ielabgroup/vec2text_gtr-base-st_corrector
130510,definition declaratory judgment,"it adjudicates, or confirms, what is or is not a correcting order. Adjudicated is a system of judge",KernelDensityGECO,5,0.001,what does adjudicated,msmarco-passage/train,ielabgroup/vec2text_gtr-base-st_corrector
130510,definition declaratory judgment,"definition of devalorization,  is the dispersion of a value through a reanalysis of the financial system",KernelDensityGECO,5,0.001,devalorization definition,msmarco-passage/train,ielabgroup/vec2text_gtr-base-st_corrector
130510,definition declaratory judgment,(passing judgment) Passing judgment is a definition of a judgement given by a court to which a person (judge),KernelDensityGECO,5,0.001,passing judgement definition,msmarco-passage/train,ielabgroup/vec2text_gtr-base-st_corrector
130510,definition declaratory judgment,jaded definition is a dictionary definition of a jaded naivete and blustery judgment in the court,KernelDensityGECO,5,0.001,jaded definition dictionary,msmarco-passage/train,ielabgroup/vec2text_gtr-base-st_corrector
130510,definition declaratory judgment,"a quick deed, a Quick Claim Deed, is an equivalence for the Court of Home Inspectors.",KernelDensityGECO,5,0.001,what is a quick claim deed?,msmarco-passage/train,ielabgroup/vec2text_gtr-base-st_corrector
130510,definition declaratory judgment,(pn.           ): definition of de,KernelDensityGECO,5,0.001,definition for depository,msmarco-passage/train,ielabgroup/vec2text_gtr-base-st_corrector
130510,definition declaratory judgment,public necessity (or obligation to a jury duty) is a public necessity for the ability of people to voluntarily pay for the Judiciary,KernelDensityGECO,5,0.001,what is public necessity for jury duty,msmarco-passage/train,ielabgroup/vec2text_gtr-base-st_corrector
489204,right pelvic pain causes,"a response to a lumbar strain, a vaginal pain, or a vaginal irritation may cause vaginal raw",KernelDensityGECO,5,0.001,what causes vaginal rawness,msmarco-passage/train,ielabgroup/vec2text_gtr-base-st_corrector
489204,right pelvic pain causes,"a pain in the testicle area (e.g., a ball or a cervix) causes the testicle",KernelDensityGECO,5,0.001,what causes pain in the testicle area,msmarco-passage/train,ielabgroup/vec2text_gtr-base-st_corrector
489204,right pelvic pain causes,"a diagnosis of pain caused by a neophysema, arthritis, and other conditions cause severe back pain",KernelDensityGECO,5,0.001,causes of severe back pain,msmarco-passage/train,ielabgroup/vec2text_gtr-base-st_corrector
489204,right pelvic pain causes,"a severe pain in the muscles of the scapula or the musculosis, muscle pain causes the inflammation around the knee",KernelDensityGECO,5,0.001,what causes severe pain in the muscles around the knee,msmarco-passage/train,ielabgroup/vec2text_gtr-base-st_corrector
489204,right pelvic pain causes,a period of menstruation or a fetus causing the ovaries. It is a cause of PCOs,KernelDensityGECO,5,0.001,what causes pcos,msmarco-passage/train,ielabgroup/vec2text_gtr-base-st_corrector
489204,right pelvic pain causes,a knee injury (e.g. a barium sprained by a doctor) would cause your right side to hurt or,KernelDensityGECO,5,0.001,what would cause your right side to hurt,msmarco-passage/train,ielabgroup/vec2text_gtr-base-st_corrector
489204,right pelvic pain causes,"cause of pain in the kidney area of men is a result of a wide-scale kidney failure, kidney pain, kidney arthrosis",KernelDensityGECO,5,0.001,causes of kidney area pain in men,msmarco-passage/train,ielabgroup/vec2text_gtr-base-st_corrector
489204,right pelvic pain causes,"pain in the legs by muscle ache, muscle aches, muscle nasourina, or muscle aches is a cause",KernelDensityGECO,5,0.001,muscle ache in legs causes,msmarco-passage/train,ielabgroup/vec2text_gtr-base-st_corrector
489204,right pelvic pain causes,"a result of a menstrual period, such as ovulation or menstruation, a female body may experience cramping",KernelDensityGECO,5,0.001,what causes menstrual cramping,msmarco-passage/train,ielabgroup/vec2text_gtr-base-st_corrector
489204,right pelvic pain causes,"a result of pain in the stomach such as a pain reliever or a urinaa, the pain occurs in the upper abdomen",KernelDensityGECO,5,0.001,what causes pain in the upper abdomen,msmarco-passage/train,ielabgroup/vec2text_gtr-base-st_corrector
573724,what are the social determinants of health,"is supposedly unhealthy, shame can be a great irritant, and can be used to relieve cholesterol, femoral, and other health",KernelDensityGECO,5,0.001,is shame unhealthy,msmarco-passage/train,ielabgroup/vec2text_gtr-base-st_corrector
573724,what are the social determinants of health,"determinism, environmental determinis",KernelDensityGECO,5,0.001,environmental determinism definition,msmarco-passage/train,ielabgroup/vec2text_gtr-base-st_corrector
573724,what are the social determinants of health,"reason obesity is a major risk factor for cancer and, therefore, is also a citation of many cancer scholars such as Resilient syndrome scholar",KernelDensityGECO,5,0.001,why is obesity a major risk factor for cancer scholar,msmarco-passage/train,ielabgroup/vec2text_gtr-base-st_corrector
573724,what are the social determinants of health,"which is not a factor that influences your environmental choices, food is not a choice based on a combination of dietary choices and environmental impact",KernelDensityGECO,5,0.001,which is not an environmental factor that influences your food choices?,msmarco-passage/train,ielabgroup/vec2text_gtr-base-st_corrector
573724,what are the social determinants of health,"definition of a health science, health science is a mechanism of bio- and bio-chemical properties of the human femur and uter",KernelDensityGECO,5,0.001,health science definition,msmarco-passage/train,ielabgroup/vec2text_gtr-base-st_corrector
573724,what are the social determinants of health,"(your risk factors are called ) are what you can change, and a risk factor you can take to avoid a risk risk called",KernelDensityGECO,5,0.001,what are risk factors you can change called,msmarco-passage/train,ielabgroup/vec2text_gtr-base-st_corrector
573724,what are the social determinants of health,"what factors a person doesn't have control over, if any. People who do not have control are able to be more tolerant of",KernelDensityGECO,5,0.001,what factors does a person not have control over?,msmarco-passage/train,ielabgroup/vec2text_gtr-base-st_corrector
573724,what are the social determinants of health,institutions within COM-CIIhealth that are responsible for health. This includes a country-wide network of carchards and a medical,KernelDensityGECO,5,0.001,institutions within caricom that is responsible for health,msmarco-passage/train,ielabgroup/vec2text_gtr-base-st_corrector
573724,what are the social determinants of health,"a sociology, which influences morals, e.g., the teachings of Martin Luther King Jr. and Carcass Morals",KernelDensityGECO,5,0.001,sociology what influences morals,msmarco-passage/train,ielabgroup/vec2text_gtr-base-st_corrector
573724,what are the social determinants of health,"obtuse, liver disease, or acromegatic diabetes are not related to diet. These include diseases that are based on",KernelDensityGECO,5,0.001,which of the following diseases is not related to diet,msmarco-passage/train,ielabgroup/vec2text_gtr-base-st_corrector
168216,does legionella pneumophila cause pneumonia,bacterial infections of the lungs (e.g. a phlegm or a cigarette smoke infection) present symptoms symptom,KernelDensityGECO,5,0.001,bacterial infection lungs symptoms,msmarco-passage/train,ielabgroup/vec2text_gtr-base-st_corrector
168216,does legionella pneumophila cause pneumonia,a splenic scoliosis or a choroid can cause a lacerated spleen or,KernelDensityGECO,5,0.001,what can cause a lacerated spleen,msmarco-passage/train,ielabgroup/vec2text_gtr-base-st_corrector
168216,does legionella pneumophila cause pneumonia,disease in which lining of the lungs breaks down. It is a disease of bronchopneumonia (TB) or lining,KernelDensityGECO,5,0.001,what is disease where lining of the lungs breaks down?,msmarco-passage/train,ielabgroup/vec2text_gtr-base-st_corrector
168216,does legionella pneumophila cause pneumonia,maa-luna maa-luna or maoa luna is a type of eruption. During geologic,KernelDensityGECO,5,0.001,mauna loa is what type of eruption,msmarco-passage/train,ielabgroup/vec2text_gtr-base-st_corrector
168216,does legionella pneumophila cause pneumonia,"in one county, lithonia  is in land County, land land rhegian",KernelDensityGECO,5,0.001,lithonia is in what county,msmarco-passage/train,ielabgroup/vec2text_gtr-base-st_corrector
168216,does legionella pneumophila cause pneumonia,"where legionnaires disease can be found, a pair of infections in the air of Lasia and the Canaria Desert. It can be",KernelDensityGECO,5,0.001,where can legionnaires disease be found,msmarco-passage/train,ielabgroup/vec2text_gtr-base-st_corrector
168216,does legionella pneumophila cause pneumonia,"common pneumonia during HIV infection, common swine flu flu, commonly known as swine bronchial pneumonia, patients with 2-4",KernelDensityGECO,5,0.001,common pneumonia bacteria during hiv,msmarco-passage/train,ielabgroup/vec2text_gtr-base-st_corrector
168216,does legionella pneumophila cause pneumonia,a cause of fluid on the outside of the lungs by the circulating fluid on the inside of the lungs or on people with a condition,KernelDensityGECO,5,0.001,what causes fluid on the outside of the lungs,msmarco-passage/train,ielabgroup/vec2text_gtr-base-st_corrector
168216,does legionella pneumophila cause pneumonia,"caused by lung melanoma, a melanoma or melanoma choroidecosis.",KernelDensityGECO,5,0.001,cause of lung melanoma,msmarco-passage/train,ielabgroup/vec2text_gtr-base-st_corrector
168216,does legionella pneumophila cause pneumonia,", plenary is what life and landcorps",KernelDensityGECO,5,0.001,what do plenary,msmarco-passage/train,ielabgroup/vec2text_gtr-base-st_corrector
1133167,how is the weather in jamaica,"weather in Europe: netherland has a warm and sunny weather, and in the Netherlands it has a temperature of 60 °C (F",KernelDensityGECO,5,0.001,weather in netherland,msmarco-passage/train,ielabgroup/vec2text_gtr-base-st_corrector
1133167,how is the weather in jamaica,"weather in Manteca, California - sunny day and heavy rain in Manteca, and a 35 °F (Japanese",KernelDensityGECO,5,0.001,"weather in manteca, ca",msmarco-passage/train,ielabgroup/vec2text_gtr-base-st_corrector
1133167,how is the weather in jamaica,"weather (Banos in the tropics, fog, and rain) is at 0 degrees (Thaws in Banos)",KernelDensityGECO,5,0.001,weather in banos,msmarco-passage/train,ielabgroup/vec2text_gtr-base-st_corrector
1133167,how is the weather in jamaica,weather in Houma. Houma is home to a seasonal warm-weather (11 °F) and low-winter snow,KernelDensityGECO,5,0.001,weather in houma,msmarco-passage/train,ielabgroup/vec2text_gtr-base-st_corrector
1133167,how is the weather in jamaica,weather in Havana.,KernelDensityGECO,5,0.001,weather in cuba havana,msmarco-passage/train,ielabgroup/vec2text_gtr-base-st_corrector
1133167,how is the weather in jamaica,"located on the island of Ecuador, Dominica and Monterrey, Jama (Ecuador) is located, where it is now",KernelDensityGECO,5,0.001,"where is jama,ecuador located",msmarco-passage/train,ielabgroup/vec2text_gtr-base-st_corrector
1133167,how is the weather in jamaica,"weather in roselle. The weather in roselle-Sale-Jersey, New Jersey is a -80F",KernelDensityGECO,5,0.001,weather in roselle nj,msmarco-passage/train,ielabgroup/vec2text_gtr-base-st_corrector
1133167,how is the weather in jamaica,"weather in Manteca, California - sunny day and heavy rain in Manteca, and a 35 °F (Japanese",KernelDensityGECO,5,0.001,"weather in manteca, ca",msmarco-passage/train,ielabgroup/vec2text_gtr-base-st_corrector
1133167,how is the weather in jamaica,weather in Barnsley. Barnsley is home to a seasonal cold weather (Fayette Street) and a 0–15 °,KernelDensityGECO,5,0.001,weather in barnsley,msmarco-passage/train,ielabgroup/vec2text_gtr-base-st_corrector
1133167,how is the weather in jamaica,average of 20 - 30 - 30 - 30 - while the weather in Panama is hottest daily,KernelDensityGECO,5,0.001,average weather in panama,msmarco-passage/train,ielabgroup/vec2text_gtr-base-st_corrector
527433,types of dysarthria from cerebral palsy,"– Types of disease are a disease of a patient’s feces, breast cancer, aging, robin disease",KernelDensityGECO,5,0.001,types of disease,msmarco-passage/train,ielabgroup/vec2text_gtr-base-st_corrector
527433,types of dysarthria from cerebral palsy,"palsy, a disease of the pharyngeal marrow and vertebral sclerosis, is a defined disorder",KernelDensityGECO,5,0.001,palsy definition,msmarco-passage/train,ielabgroup/vec2text_gtr-base-st_corrector
527433,types of dysarthria from cerebral palsy,bulbar palsy (Burrilfoss’s syndrome) is a disorder of the pituitary nerves,KernelDensityGECO,5,0.001,what is bulbar palsy,msmarco-passage/train,ielabgroup/vec2text_gtr-base-st_corrector
527433,types of dysarthria from cerebral palsy,a puppy is a sign of symptoms of hip dysplasia and other signs of the condition in a dog that are not fully positioned,KernelDensityGECO,5,0.001,what are signs of hip dysplasia in a puppy,msmarco-passage/train,ielabgroup/vec2text_gtr-base-st_corrector
527433,types of dysarthria from cerebral palsy,"types of capillaries, i.e., the arteries, arteries, and arteries of the brain. Types of capillar",KernelDensityGECO,5,0.001,types of capillaries,msmarco-passage/train,ielabgroup/vec2text_gtr-base-st_corrector
527433,types of dysarthria from cerebral palsy,a symptom of patella malacodia (chondromalacia) and a symptom of chondrosis,KernelDensityGECO,5,0.001,what are the symptoms of chondromalacia patella,msmarco-passage/train,ielabgroup/vec2text_gtr-base-st_corrector
527433,types of dysarthria from cerebral palsy,"types of gout, namely: 1) Acute gout, 2) Arburn gout, and 3) Arthria",KernelDensityGECO,5,0.001,types of gout,msmarco-passage/train,ielabgroup/vec2text_gtr-base-st_corrector
527433,types of dysarthria from cerebral palsy,"a type of cholera-causing disease, cholera carries cholera infections such as tertiary sclerosis and",KernelDensityGECO,5,0.001,what type of diseases does cholera cause,msmarco-passage/train,ielabgroup/vec2text_gtr-base-st_corrector
527433,types of dysarthria from cerebral palsy,the diagnosis of CRF. The diagnosis of CRF is a diagnosis of a condition such as cranial sclerosis or adrenaline.,KernelDensityGECO,5,0.001,what is the diagnosis of crf,msmarco-passage/train,ielabgroup/vec2text_gtr-base-st_corrector
527433,types of dysarthria from cerebral palsy,"axis is cerebral palsy (CPA), and the axis on the left-hand axis is the hemisphere",KernelDensityGECO,5,0.001,what axis is cerebral palsy,msmarco-passage/train,ielabgroup/vec2text_gtr-base-st_corrector
1037798,who is robert gray,"a young man who was a jigsaw in the X-Men, Jean Grey was a jigsaw",KernelDensityGECO,5,0.001,what was jean grey in x men,msmarco-passage/train,ielabgroup/vec2text_gtr-base-st_corrector
1037798,who is robert gray,"a history. Jackie 'Jackie'Robinson played for the Oakland Raiders and Chicago Blackhawks, playing",KernelDensityGECO,5,0.001,who did jackie robinson play for,msmarco-passage/train,ielabgroup/vec2text_gtr-base-st_corrector
1037798,who is robert gray,"Thomas Puckney Thomas Puckney is a British novelist, a pioneer of the United Kingdom, and head of Pinchas-Th",KernelDensityGECO,5,0.001,who is thomas pinckney,msmarco-passage/train,ielabgroup/vec2text_gtr-base-st_corrector
1037798,who is robert gray,conjoint robbery is,KernelDensityGECO,5,0.001,what is conjoint robbery,msmarco-passage/train,ielabgroup/vec2text_gtr-base-st_corrector
1037798,who is robert gray,robber barons (a.k.a. robbers) - a sovereignty under Robert E. Robard,KernelDensityGECO,5,0.001,robber barons definition,msmarco-passage/train,ielabgroup/vec2text_gtr-base-st_corrector
1037798,who is robert gray,"The Movie of Goose Gray (Grand Theatre, 1984) Goose Gray (also known as Goose Gray) was a movie by Orlando Blooms",KernelDensityGECO,5,0.001,what movie was goose gray,msmarco-passage/train,ielabgroup/vec2text_gtr-base-st_corrector
1037798,who is robert gray,robertson and p.a. penzias are the newest NSA man and Arnold Wilmerson and Andrew,KernelDensityGECO,5,0.001,who is arnold penzias and robert wilson,msmarco-passage/train,ielabgroup/vec2text_gtr-base-st_corrector
1037798,who is robert gray,The Robert L. Lowe scandal (ABC-MGM-D) The Rob Lowe scandal was a scandal involving a white secret,KernelDensityGECO,5,0.001,what was the rob lowe scandal,msmarco-passage/train,ielabgroup/vec2text_gtr-base-st_corrector
1037798,who is robert gray,"Gray matter (aka gray matter) is found in the globules of black and white ejectae, where gray matter is found",KernelDensityGECO,5,0.001,where is gray matter found,msmarco-passage/train,ielabgroup/vec2text_gtr-base-st_corrector
1037798,who is robert gray,"on 17 February 2017 and a work by Arnim Silverberg and a work by Edward Grey, Dorian Gray was published in the British Library",KernelDensityGECO,5,0.001,when was dorian gray published,msmarco-passage/train,ielabgroup/vec2text_gtr-base-st_corrector
915593,what types of food can you cook sous vide,"in iodine, iodine (iodine-flour) is one of the foods in rye",KernelDensityGECO,5,0.001,what food is iodine in,msmarco-passage/train,ielabgroup/vec2text_gtr-base-st_corrector
915593,what types of food can you cook sous vide,"nephronea to make a food for your kidneys, a recipe made from milk and water to prepare a low calcium",KernelDensityGECO,5,0.001,what food to make for kidney,msmarco-passage/train,ielabgroup/vec2text_gtr-base-st_corrector
915593,what types of food can you cook sous vide,"sore foods containing a low amount of water, such as a lemon juice or a carrot, are known to relieve muscle soreness",KernelDensityGECO,5,0.001,foods to relieve sore muscles,msmarco-passage/train,ielabgroup/vec2text_gtr-base-st_corrector
915593,what types of food can you cook sous vide,"foods high in lysine cold sorrels, such as lysine lint syrup, cacaberries,",KernelDensityGECO,5,0.001,foods high in lysine cold sores,msmarco-passage/train,ielabgroup/vec2text_gtr-base-st_corrector
915593,what types of food can you cook sous vide,"foods you can eat on a keto diet, such as keto, a pound of wheat, or a drop of bean sprout",KernelDensityGECO,5,0.001,foods you can eat on the keto diet,msmarco-passage/train,ielabgroup/vec2text_gtr-base-st_corrector
915593,what types of food can you cook sous vide,"of silicon, olefin diaphosphate and granules, is found to be the highest silicon in food of 1.7",KernelDensityGECO,5,0.001,what food is highest in silicon,msmarco-passage/train,ielabgroup/vec2text_gtr-base-st_corrector
915593,what types of food can you cook sous vide,"foods on an alkaline diet, such as caloric, kiwi fruit, and nutmeg, you can eat",KernelDensityGECO,5,0.001,what foods can i eat on a alkaline diet,msmarco-passage/train,ielabgroup/vec2text_gtr-base-st_corrector
915593,what types of food can you cook sous vide,"foods of a diet. Calf, roasted vegetables, and eggs, while the name may be latin, can lower blood pressure from blood",KernelDensityGECO,5,0.001,foods that can lower blood pressure,msmarco-passage/train,ielabgroup/vec2text_gtr-base-st_corrector
915593,what types of food can you cook sous vide,"type of food, such as a type 2 bread, carrots, or chardonut cookies, can give you Type 2 diabetes or type",KernelDensityGECO,5,0.001,what types of food can give you type 2 diabetes,msmarco-passage/train,ielabgroup/vec2text_gtr-base-st_corrector
915593,what types of food can you cook sous vide,"a berry nut, or a boiled egg, is a natural food that will lower the blood pressure of meat and poultry in salt",KernelDensityGECO,5,0.001,what is a natural food that will lower blood pressure,msmarco-passage/train,ielabgroup/vec2text_gtr-base-st_corrector
264014,how long is life cycle of flea,"when a mosquito bite is in a crayfish's head, and until 8 to 90 days before they turn to hatch, flea",KernelDensityGECO,5,0.001,how long till flea eggs hatch,msmarco-passage/train,ielabgroup/vec2text_gtr-base-st_corrector
264014,how long is life cycle of flea,"is the life cycle of a flea. The life cycle, beginning at a fea and continuing until a fea",KernelDensityGECO,5,0.001,is the life cycle of a flea?,msmarco-passage/train,ielabgroup/vec2text_gtr-base-st_corrector
264014,how long is life cycle of flea,"From 1 to 32.5 years, a black tetra (also known as a black tetralive fish) will live long",KernelDensityGECO,5,0.001,how long does a black tetra live,msmarco-passage/train,ielabgroup/vec2text_gtr-base-st_corrector
264014,how long is life cycle of flea,a Lunation cycle is a 240- to 240-month cycle and is the length of the cycle after a feign,KernelDensityGECO,5,0.001,how long is a lunation cycle,msmarco-passage/train,ielabgroup/vec2text_gtr-base-st_corrector
264014,how long is life cycle of flea,life span of hemlocks (Hemipiscus hemipium) are a life span of about six to seven years.,KernelDensityGECO,5,0.001,what is the life span for hemlocks,msmarco-passage/train,ielabgroup/vec2text_gtr-base-st_corrector
264014,how long is life cycle of flea,"from a crocodile to a teeth, sea turtles has a life span of 1 to 3.5 years",KernelDensityGECO,5,0.001,how long is a sea turtles life span,msmarco-passage/train,ielabgroup/vec2text_gtr-base-st_corrector
264014,how long is life cycle of flea,a dandelion's life cycle. The life cycle is how a flower grows until it is a clinging,KernelDensityGECO,5,0.001,what is a dandelion's life cycle,msmarco-passage/train,ielabgroup/vec2text_gtr-base-st_corrector
264014,how long is life cycle of flea,(life cycle) Lightning bug life cycle is a cycle of the life cycle of insects and rodents that follow the sunlight-staining effects,KernelDensityGECO,5,0.001,what is lightning bug life cycle,msmarco-passage/train,ielabgroup/vec2text_gtr-base-st_corrector
264014,how long is life cycle of flea,"a coma of 12.5 months, The Flash was in a coma for about 90 minutes long, but a coma",KernelDensityGECO,5,0.001,how long was the flash in a coma,msmarco-passage/train,ielabgroup/vec2text_gtr-base-st_corrector
264014,how long is life cycle of flea,"a mercenary Benz, the lifespan of the Benz-Federcia is 0 to 5 years and 0 to",KernelDensityGECO,5,0.001,what is the lifespan of a mercedes-benz,msmarco-passage/train,ielabgroup/vec2text_gtr-base-st_corrector
1121402,what can contour plowing reduce,benefits (comfrey powder) and a nutrient-rich benefit (comfrey cyperhydrate) for skin,KernelDensityGECO,5,0.001,comfrey powder benefits,msmarco-passage/train,ielabgroup/vec2text_gtr-base-st_corrector
1121402,what can contour plowing reduce,"types of plowing – lowing, the jack plow, the axes, and the types of agribus",KernelDensityGECO,5,0.001,types of plowing,msmarco-passage/train,ielabgroup/vec2text_gtr-base-st_corrector
1121402,what can contour plowing reduce,"effects: cold-whirlpool create a rudimentary effect on the ice core, a temperature rise, and frozen liver",KernelDensityGECO,5,0.001,cold whirlpool effects,msmarco-passage/train,ielabgroup/vec2text_gtr-base-st_corrector
1121402,what can contour plowing reduce,"Reduce fat loss in the face (e.g., calorie-free fats) by reducing the amount of fat that is on the face",KernelDensityGECO,5,0.001,how to reduce face fat,msmarco-passage/train,ielabgroup/vec2text_gtr-base-st_corrector
1121402,what can contour plowing reduce,"what can be done for a receding gum, a treatment to reduce lumbar bronchial and lacrimated gums.",KernelDensityGECO,5,0.001,what can be done for receding gums,msmarco-passage/train,ielabgroup/vec2text_gtr-base-st_corrector
1121402,what can contour plowing reduce,"Known as torque reducer, it is a torsional torque-reducing device that reduces tonnage, torque, and ethylene",KernelDensityGECO,5,0.001,what is torque reducer,msmarco-passage/train,ielabgroup/vec2text_gtr-base-st_corrector
1121402,what can contour plowing reduce,which hormone helps to reduce blood pressure (as compared to the other hormones) by lowering the amount of water excreted in the kidney,KernelDensityGECO,5,0.001,which hormone helps control blood pressure by reducing the amount of water that is excreted through the kidneys?,msmarco-passage/train,ielabgroup/vec2text_gtr-base-st_corrector
1121402,what can contour plowing reduce,"a list of ways to reduce emissions from cars - ways to reduce the amount of diesel, gasoline, and carbon dioxide emissions from auto-fuels",KernelDensityGECO,5,0.001,ways to reduce emissions from cars,msmarco-passage/train,ielabgroup/vec2text_gtr-base-st_corrector
1121402,what can contour plowing reduce,"use as a caloon slough, Caloon Loam is used for a variety of applications including favanite",KernelDensityGECO,5,0.001,what is califon loam used for,msmarco-passage/train,ielabgroup/vec2text_gtr-base-st_corrector
1121402,what can contour plowing reduce,a little bit of sandstone ( crushed sandstone spherically and above) does drain well and can be used to,KernelDensityGECO,5,0.001,does crushed sandstone drain well,msmarco-passage/train,ielabgroup/vec2text_gtr-base-st_corrector
962179,when was the salvation army founded,"year of the World Trade Organization (WIT) and the year of its ensuing meeting, in 1963, the World Trade Organization started and remained",KernelDensityGECO,5,0.001,what year was the world trade organization started,msmarco-passage/train,ielabgroup/vec2text_gtr-base-st_corrector
962179,when was the salvation army founded,"in 1685, the san Gabriel mission built in 1932 and san lvaro Gadriel sailorship",KernelDensityGECO,5,0.001,when was san gabriel mission built,msmarco-passage/train,ielabgroup/vec2text_gtr-base-st_corrector
962179,when was the salvation army founded,in 1885 (Cholet & Clark Commodores - 1886) and 1932 (Chevrolet) was founded,KernelDensityGECO,5,0.001,when was chevrolet founded,msmarco-passage/train,ielabgroup/vec2text_gtr-base-st_corrector
962179,when was the salvation army founded,"1963, Sls., incorporated with the support of the new Slovak community, and incorporated in 1989, Sls. Corporation",KernelDensityGECO,5,0.001,when was sls incorporated,msmarco-passage/train,ielabgroup/vec2text_gtr-base-st_corrector
962179,when was the salvation army founded,"in 1886 and 1887 after a defeat at the hands of the Green Union, the Green Party (United States and Canada) was founded",KernelDensityGECO,5,0.001,when and where was the green party founded,msmarco-passage/train,ielabgroup/vec2text_gtr-base-st_corrector
962179,when was the salvation army founded,1886. The Post-Cereal Cereal Company was founded in 1896. Post-cereal is a growing business in the United States,KernelDensityGECO,5,0.001,when was post cereal founded?,msmarco-passage/train,ielabgroup/vec2text_gtr-base-st_corrector
962179,when was the salvation army founded,"starting in 1786 and the onset of the Great Potato Famine (July 14th, Ireland) the famine started and lasted",KernelDensityGECO,5,0.001,when did the great potato famine start,msmarco-passage/train,ielabgroup/vec2text_gtr-base-st_corrector
962179,when was the salvation army founded,1624 when            Palermo Italy was,KernelDensityGECO,5,0.001,when was palermo italy founded,msmarco-passage/train,ielabgroup/vec2text_gtr-base-st_corrector
962179,when was the salvation army founded,"1895 (Richard L. White heart and John Dimick heart) and on January 2, 1902, Congress established the purple heart and commenced",KernelDensityGECO,5,0.001,when did congress establish the purple heart,msmarco-passage/train,ielabgroup/vec2text_gtr-base-st_corrector
962179,when was the salvation army founded,"in 1961, forming the ead-shaky, ill-fated band WHAM, Wham was formed and formed",KernelDensityGECO,5,0.001,when was wham formed,msmarco-passage/train,ielabgroup/vec2text_gtr-base-st_corrector
1117099,what is a active margin,Margin account A margin account is a form of account-to-asset account that is a form of a trading account of Misc,KernelDensityGECO,5,0.001,what is a margin account,msmarco-passage/train,ielabgroup/vec2text_gtr-base-st_corrector
1117099,what is a active margin,active control (adobeX) Active control is a method of implementing the XML and VBX file management and security controls,KernelDensityGECO,5,0.001,activex control definition,msmarco-passage/train,ielabgroup/vec2text_gtr-base-st_corrector
1117099,what is a active margin,"a defined margin account. Often called restricted margin, it is a form of liquid margin account on a taxable account or a plan",KernelDensityGECO,5,0.001,define restricted margin account,msmarco-passage/train,ielabgroup/vec2text_gtr-base-st_corrector
1117099,what is a active margin,definition of merchandise margin – a margin of a store that is able to cover the sales of its products without the loss of inventory or,KernelDensityGECO,5,0.001,merchandise margin definition,msmarco-passage/train,ielabgroup/vec2text_gtr-base-st_corrector
1117099,what is a active margin,Open booking (or open-book costing) is the cost of a stock item at the end of the year on the open-stock exchange,KernelDensityGECO,5,0.001,what is open book costing,msmarco-passage/train,ielabgroup/vec2text_gtr-base-st_corrector
1117099,what is a active margin,is calculated by calculating profit margin based on a formula – Mercantile % – Mercantile % –,KernelDensityGECO,5,0.001,how is profit margin calculated,msmarco-passage/train,ielabgroup/vec2text_gtr-base-st_corrector
1117099,what is a active margin,"Active bankruptcy , also known as active bankruptcy, is a form of bankruptcy that is a statewide payment of money in trust and other financial",KernelDensityGECO,5,0.001,what is active bankruptcy,msmarco-passage/train,ielabgroup/vec2text_gtr-base-st_corrector
1117099,what is a active margin,"what is called if you are alive or dead (i.e., if you are still alive or alive), or you are alive or dead",KernelDensityGECO,5,0.001,what is it called if you are alive or dead,msmarco-passage/train,ielabgroup/vec2text_gtr-base-st_corrector
1117099,what is a active margin,"Among the monosaccharides, only monosaccharides with soluble monosaccharides -Asc are active",KernelDensityGECO,5,0.001,are all monosaccharides optically active,msmarco-passage/train,ielabgroup/vec2text_gtr-base-st_corrector
1117099,what is a active margin,status inactive. It means that a person's misdemeanor charge or misdemeanor charge or other misdemean,KernelDensityGECO,5,0.001,what does status misdemeanor inactive mean,msmarco-passage/train,ielabgroup/vec2text_gtr-base-st_corrector
148538,difference between rn and bsn,"a genital difference, brangus, a femoris difference, angus, brangus",KernelDensityGECO,5,0.001,"brangus, angus difference",msmarco-passage/train,ielabgroup/vec2text_gtr-base-st_corrector
148538,difference between rn and bsn,the difference between salary of a nurse (salary of 89.000 m.p.) and medical assistant (salary of,KernelDensityGECO,5,0.001,difference between medical assistant and nurse salary,msmarco-passage/train,ielabgroup/vec2text_gtr-base-st_corrector
148538,difference between rn and bsn,difference between revenues (negro net revenue) and net profits (negro net advanced market) vs. profit,KernelDensityGECO,5,0.001,difference between net revenues and net profit,msmarco-passage/train,ielabgroup/vec2text_gtr-base-st_corrector
148538,difference between rn and bsn,a difference between a bn  rsn and a bn  rsn,KernelDensityGECO,5,0.001,what's the difference between an rn and a bsn,msmarco-passage/train,ielabgroup/vec2text_gtr-base-st_corrector
148538,difference between rn and bsn,"highest salaries, e.g., 20 rn a.d. (150,000 rn) for nursing workers",KernelDensityGECO,5,0.001,highest rn salaries,msmarco-passage/train,ielabgroup/vec2text_gtr-base-st_corrector
148538,difference between rn and bsn,"how your life will change, becoming a rn will help you adjust to nursing, med school and medical care and will change your life",KernelDensityGECO,5,0.001,how will becoming an rn change my life,msmarco-passage/train,ielabgroup/vec2text_gtr-base-st_corrector
148538,difference between rn and bsn,"difference between a nursing grant proposal and a nursing project, or a nursing project grant, or a research project is the difference between .",KernelDensityGECO,5,0.001,what is the difference between a nursing project grant proposal and a nursing research grant?,msmarco-passage/train,ielabgroup/vec2text_gtr-base-st_corrector
148538,difference between rn and bsn,"the difference between A0 and B0, which is a difference between A0 (equal to A0) and B0 (af0",KernelDensityGECO,5,0.001,what is the difference between A0 and B0,msmarco-passage/train,ielabgroup/vec2text_gtr-base-st_corrector
148538,difference between rn and bsn,"difference between social bonding theory and social learning theory, i.e., social learning, and between adolastics and social",KernelDensityGECO,5,0.001,differences between social learning theory and social bonding theory,msmarco-passage/train,ielabgroup/vec2text_gtr-base-st_corrector
148538,difference between rn and bsn,"a difference between a realistic and realistic novel (see: ""Anatolian Life in the City of Venice"") and realism fiction",KernelDensityGECO,5,0.001,difference between realism and realistic fiction,msmarco-passage/train,ielabgroup/vec2text_gtr-base-st_corrector
451602,medicare's definition of mechanical ventilation,management committee (definition:,KernelDensityGECO,5,0.001,management committee definition,msmarco-passage/train,ielabgroup/vec2text_gtr-base-st_corrector
451602,medicare's definition of mechanical ventilation,"a deduction for employee payroll tax, Medicare employee deductible, or Medicare deductible, is the amount of a person who is deducted",KernelDensityGECO,5,0.001,what is medicare employee deduction,msmarco-passage/train,ielabgroup/vec2text_gtr-base-st_corrector
451602,medicare's definition of mechanical ventilation,"the muscles that operate the lungs, namely pulmonary muscle, pulmonary bronchial muscle or pulmonary musculosis muscle",KernelDensityGECO,5,0.001,what muscles operate the lungs,msmarco-passage/train,ielabgroup/vec2text_gtr-base-st_corrector
451602,medicare's definition of mechanical ventilation,definition of              :,KernelDensityGECO,5,0.001,definition: meditation,msmarco-passage/train,ielabgroup/vec2text_gtr-base-st_corrector
451602,medicare's definition of mechanical ventilation,(mitral valve disease) is a gastrointestinal disease of the lungs that is a form of trochial sclerosis and is,KernelDensityGECO,5,0.001,what is mitral valve disease,msmarco-passage/train,ielabgroup/vec2text_gtr-base-st_corrector
451602,medicare's definition of mechanical ventilation,Flow Ventilation peak Flow Ventilation peak (peak flow -,KernelDensityGECO,5,0.001,ventilation peak flow,msmarco-passage/train,ielabgroup/vec2text_gtr-base-st_corrector
451602,medicare's definition of mechanical ventilation,where mechanical digestion occurs – such as in the small intestine and the apex of the jaw. This mechanism also occurs within animal,KernelDensityGECO,5,0.001,where does mechanical digestion occur,msmarco-passage/train,ielabgroup/vec2text_gtr-base-st_corrector
451602,medicare's definition of mechanical ventilation,"definition of mechanical motion, is a mechanism (mechanical motors such as a crankshaft, mouse, bicycle, velocipture",KernelDensityGECO,5,0.001,mechanical motion definition,msmarco-passage/train,ielabgroup/vec2text_gtr-base-st_corrector
451602,medicare's definition of mechanical ventilation,"a ventilation system is a system of mechanical ventilation, or mechanical ventilation ventilation, which is a mechanism to keep the pulmonary pressure closed and",KernelDensityGECO,5,0.001,what is a mechanical ventilation system,msmarco-passage/train,ielabgroup/vec2text_gtr-base-st_corrector
451602,medicare's definition of mechanical ventilation,"medical management program, a medical program (medical health program and physiatry and physiotherapy) is a program defined by",KernelDensityGECO,5,0.001,medical management program definition,msmarco-passage/train,ielabgroup/vec2text_gtr-base-st_corrector
359349,how to find the midsegment of a trapezoid,symmetries and determine if a triangle is a right triangle or if it is a right triangle (or the right,KernelDensityGECO,5,0.001,how to figure out if a triangle is a right triangle,msmarco-passage/train,ielabgroup/vec2text_gtr-base-st_corrector
359349,how to find the midsegment of a trapezoid,"get a work on fm 14 cantes by tapping on the editor rook. When you are a working editor, you can",KernelDensityGECO,5,0.001,how do you get editor canges on fm 14 to work,msmarco-passage/train,ielabgroup/vec2text_gtr-base-st_corrector
359349,how to find the midsegment of a trapezoid,"if the sides are a right angle and a right angle, i.e. 2C=2 create a right triangle",KernelDensityGECO,5,0.001,how do you determine if 2 sides create a right triangle,msmarco-passage/train,ielabgroup/vec2text_gtr-base-st_corrector
359349,how to find the midsegment of a trapezoid,"at a pheromonephric artery. ""mid epigastrium"" is a definition of a moment in",KernelDensityGECO,5,0.001,mid epigastrium definition,msmarco-passage/train,ielabgroup/vec2text_gtr-base-st_corrector
359349,how to find the midsegment of a trapezoid,"a way to tell if a triangle is acute, that is, if it is at the same degree as the other angles. It is",KernelDensityGECO,5,0.001,how do you know if a triangle is acute,msmarco-passage/train,ielabgroup/vec2text_gtr-base-st_corrector
359349,how to find the midsegment of a trapezoid,"equivalence problem, find the equivalence point on a titration by adding the equivalence coefficient",KernelDensityGECO,5,0.001,how to find the equivalence point in a titration problem,msmarco-passage/train,ielabgroup/vec2text_gtr-base-st_corrector
359349,how to find the midsegment of a trapezoid,"three measurements of centering are based on three measurements: length, 0 to 0 inches of center, and 0 to 2 inches of body",KernelDensityGECO,5,0.001,what are three measurements of centering,msmarco-passage/train,ielabgroup/vec2text_gtr-base-st_corrector
359349,how to find the midsegment of a trapezoid,expression for centripetal acceleration (       ) to deduce centripetal,KernelDensityGECO,5,0.001,deduce an expression for centripetal acceleration,msmarco-passage/train,ielabgroup/vec2text_gtr-base-st_corrector
359349,how to find the midsegment of a trapezoid,find out if it is a trimester. Take a fetus test and watch the 38th trimester to determine,KernelDensityGECO,5,0.001,how to find out what trimester,msmarco-passage/train,ielabgroup/vec2text_gtr-base-st_corrector
359349,how to find the midsegment of a trapezoid,cost               Mida,KernelDensityGECO,5,0.001,midas alignment cost,msmarco-passage/train,ielabgroup/vec2text_gtr-base-st_corrector
1115776,what is an aml surveillance analyst,"Lbe Engineering, which",KernelDensityGECO,5,0.001,what does lbe engineering stand for,msmarco-passage/train,ielabgroup/vec2text_gtr-base-st_corrector
1115776,what is an aml surveillance analyst,purpose of law enforcement investigation - a statutory function of the U.S. Department of Justice - is to conduct a polic,KernelDensityGECO,5,0.001,define purpose of law enforcement investigation,msmarco-passage/train,ielabgroup/vec2text_gtr-base-st_corrector
1115776,what is an aml surveillance analyst,(artifact analysis) is an analysis,KernelDensityGECO,5,0.001,what is artifact analysis,msmarco-passage/train,ielabgroup/vec2text_gtr-base-st_corrector
1115776,what is an aml surveillance analyst,altru - a ligand-activated organic dreptoplasm in the form of a cadam.,KernelDensityGECO,5,0.001,altru - definition,msmarco-passage/train,ielabgroup/vec2text_gtr-base-st_corrector
1115776,what is an aml surveillance analyst,wnl= wnl= wnl= wnl=,KernelDensityGECO,5,0.001,what does wnl stand for quizlet,msmarco-passage/train,ielabgroup/vec2text_gtr-base-st_corrector
1115776,what is an aml surveillance analyst,of Josiah L. Hodgson. Porter analysis Porter analysis (or analysis of torso) is a mathematical analysis of,KernelDensityGECO,5,0.001,what is porter analysis,msmarco-passage/train,ielabgroup/vec2text_gtr-base-st_corrector
1115776,what is an aml surveillance analyst,a Lentel is a fibrous liquid-liquid A lentel is also known as,KernelDensityGECO,5,0.001,what is a lentel,msmarco-passage/train,ielabgroup/vec2text_gtr-base-st_corrector
1115776,what is an aml surveillance analyst,HP hp alm is a family of business computer models that is a feature set of the MDC ATI Radeon VMC,KernelDensityGECO,5,0.001,what is hp alm,msmarco-passage/train,ielabgroup/vec2text_gtr-base-st_corrector
1115776,what is an aml surveillance analyst,Lab alt Lab (alternative definition: ALT) is a single-labeled biomarker that measures the concentration of antibodies and secondary,KernelDensityGECO,5,0.001,alt lab definition,msmarco-passage/train,ielabgroup/vec2text_gtr-base-st_corrector
1115776,what is an aml surveillance analyst,adl (Adl) is a dietary supplement for low-carbohydrate plants and is a favourite food of beef,KernelDensityGECO,5,0.001,what is adl,msmarco-passage/train,ielabgroup/vec2text_gtr-base-st_corrector
1112341,what is the daily life of thai people,"of the earth, — Temple ( ) or Temple (   ) is located on the hills between downtown Tibet",KernelDensityGECO,5,0.001,where is temple,msmarco-passage/train,ielabgroup/vec2text_gtr-base-st_corrector
1112341,what is the daily life of thai people,", a Vietnamese word for two, is the , , or , for bakachevese",KernelDensityGECO,5,0.001,what is the vietnamese word for two,msmarco-passage/train,ielabgroup/vec2text_gtr-base-st_corrector
1112341,what is the daily life of thai people,Itt Itt (also known as t) is a globular index of multi-dimensional objects. Itt is,KernelDensityGECO,5,0.001,what is itt,msmarco-passage/train,ielabgroup/vec2text_gtr-base-st_corrector
1112341,what is the daily life of thai people,(Roma People) are a people of Italy,KernelDensityGECO,5,0.001,what are roma people,msmarco-passage/train,ielabgroup/vec2text_gtr-base-st_corrector
1112341,what is the daily life of thai people,"armed forces procurement is conducted with the Thailand-Thailand Defense Forces (Thai-Thailand) acquisition technology, procurement",KernelDensityGECO,5,0.001,thailand defense forces procurement,msmarco-passage/train,ielabgroup/vec2text_gtr-base-st_corrector
1112341,what is the daily life of thai people,a normal daily percentage of all social interactions with a person at any given time of the day is 69.7 percent of daily life usage,KernelDensityGECO,5,0.001,what is the normal daily percentage of all social interactions of a person on a day to day usage,msmarco-passage/train,ielabgroup/vec2text_gtr-base-st_corrector
1112341,what is the daily life of thai people,"aged children, Pattaya (Prasadoya) is a country located on TATA, Burkina",KernelDensityGECO,5,0.001,where is pattaya,msmarco-passage/train,ielabgroup/vec2text_gtr-base-st_corrector
1112341,what is the daily life of thai people,A typical day is a physical therapist's day-to-day preparing for work and preparing for a new age and pediatric,KernelDensityGECO,5,0.001,what is a typical day as a pediatric physical therapist,msmarco-passage/train,ielabgroup/vec2text_gtr-base-st_corrector
1112341,what is the daily life of thai people,people (Bangladesh and China) and the Mongolian people (also known as the Mongol peoples) are a people,KernelDensityGECO,5,0.001,who are the mongolian people,msmarco-passage/train,ielabgroup/vec2text_gtr-base-st_corrector
1112341,what is the daily life of thai people,YOGI lifestyle (or Ygi lifestyle) is a lifestyle that enables a person to enjoy a healthy food,KernelDensityGECO,5,0.001,what is a yogi lifestyle,msmarco-passage/train,ielabgroup/vec2text_gtr-base-st_corrector
131843,definition of a sigmet,simony (           ) is the periodic definition,KernelDensityGECO,5,0.001,simony definition,msmarco-passage/train,ielabgroup/vec2text_gtr-base-st_corrector
131843,definition of a sigmet,senokot is a nephthylene and a popular tea ingredient. It is a seleni,KernelDensityGECO,5,0.001,what is senokot,msmarco-passage/train,ielabgroup/vec2text_gtr-base-st_corrector
131843,definition of a sigmet,located in the city of Sziget (S.A.K.S.Z.). Sziget is a waterway in central Switzerland,KernelDensityGECO,5,0.001,where is sziget,msmarco-passage/train,ielabgroup/vec2text_gtr-base-st_corrector
131843,definition of a sigmet,"meaning by sulphide-sodalite. During a time of high energy, sodalite () is a mineral earth",KernelDensityGECO,5,0.001,what is meaning of sodalite,msmarco-passage/train,ielabgroup/vec2text_gtr-base-st_corrector
131843,definition of a sigmet,"definition of “epigram” in literature, the epigram of a novel, as a first-class transjection of a principle",KernelDensityGECO,5,0.001,definition of epigram in literature,msmarco-passage/train,ielabgroup/vec2text_gtr-base-st_corrector
131843,definition of a sigmet,Sinamay hats         is a silver solemnware garment,KernelDensityGECO,5,0.001,what is sinamay hats,msmarco-passage/train,ielabgroup/vec2text_gtr-base-st_corrector
131843,definition of a sigmet,"a gothic frog, known as Sgot, a means of a substance. This word is used when it is added to",KernelDensityGECO,5,0.001,what does sgot mean,msmarco-passage/train,ielabgroup/vec2text_gtr-base-st_corrector
131843,definition of a sigmet,it means “electret”. Electret is an electric form of a tracer which electrifies water in a,KernelDensityGECO,5,0.001,what does electret mean,msmarco-passage/train,ielabgroup/vec2text_gtr-base-st_corrector
131843,definition of a sigmet,"explain why and how we describe sediment, a linchpin of the earth, and because it is a remarkable collection of germs",KernelDensityGECO,5,0.001,why describe sediment,msmarco-passage/train,ielabgroup/vec2text_gtr-base-st_corrector
131843,definition of a sigmet,stet sonnet       is a hentsudo-,KernelDensityGECO,5,0.001,sestet sonnet definition,msmarco-passage/train,ielabgroup/vec2text_gtr-base-st_corrector
104861,cost of interior concrete flooring,"cost of installing a house or a taping or a low-density, low-density, basement, or $100",KernelDensityGECO,5,0.001,cost of installing a basement,msmarco-passage/train,ielabgroup/vec2text_gtr-base-st_corrector
104861,cost of interior concrete flooring,between the cost of a new driveway cranium or re-surfaced concrete floor resurfacing at the average cost of a water,KernelDensityGECO,5,0.001,average cost of concrete driveway resurfacing,msmarco-passage/train,ielabgroup/vec2text_gtr-base-st_corrector
104861,cost of interior concrete flooring,"225 x 165 ft square-foot hardwood, the average price of room is $600 - $600 p.m.",KernelDensityGECO,5,0.001,average price 225 sqft room hardwood,msmarco-passage/train,ielabgroup/vec2text_gtr-base-st_corrector
104861,cost of interior concrete flooring,— about $350 — about $130 — hardwood flooring is a luxuries of wood and is a part of the winter,KernelDensityGECO,5,0.001,how much is hardwood flooring,msmarco-passage/train,ielabgroup/vec2text_gtr-base-st_corrector
104861,cost of interior concrete flooring,"on a hardwood floor, a jolly cactus or a neaver bark, concrete flooring cost $2 to $2",KernelDensityGECO,5,0.001,concrete flooring cost,msmarco-passage/train,ielabgroup/vec2text_gtr-base-st_corrector
104861,cost of interior concrete flooring,between $160 to $170 a year for hardwood floors and the cost of the wood-coated floors is a determining factor in the maintenance,KernelDensityGECO,5,0.001,how much should it cost for hardwood floors,msmarco-passage/train,ielabgroup/vec2text_gtr-base-st_corrector
104861,cost of interior concrete flooring,"of a concrete yard, concrete concrete yard, concrete concrete paving yard, or concrete concrete laying yard cost $40 to $90,000 a",KernelDensityGECO,5,0.001,concrete yards cost,msmarco-passage/train,ielabgroup/vec2text_gtr-base-st_corrector
104861,cost of interior concrete flooring,cost from $350 to $350 (Less Than a Tone) to put your floor down and your floor will remain in your basement,KernelDensityGECO,5,0.001,how much will it cost to put floor down in my basement,msmarco-passage/train,ielabgroup/vec2text_gtr-base-st_corrector
104861,cost of interior concrete flooring,"at a cost of $70,000 - $800,000 - finished concrete floors of bare concrete and concrete walkthroughs can be completed after",KernelDensityGECO,5,0.001,cost of finished concrete floors,msmarco-passage/train,ielabgroup/vec2text_gtr-base-st_corrector
104861,cost of interior concrete flooring,pay between $45 to $600 a piece of money to install French interior doors or $90 to $90 a piece of money to install,KernelDensityGECO,5,0.001,how much to pay to install interior french doors,msmarco-passage/train,ielabgroup/vec2text_gtr-base-st_corrector
833860,what is the most popular food in switzerland,"foods that are considered refreshments (e.g., licious peppers, a relic of a party) are considered to be",KernelDensityGECO,5,0.001,what foods are considered refreshments,msmarco-passage/train,ielabgroup/vec2text_gtr-base-st_corrector
833860,what is the most popular food in switzerland,"a burger, a hot egg roll, and a bacon, Canada is known for food such as chowder and is also known",KernelDensityGECO,5,0.001,canada is known for what food,msmarco-passage/train,ielabgroup/vec2text_gtr-base-st_corrector
833860,what is the most popular food in switzerland,cheese rich in tyrosine. Cheeses may be dipped in tyrosine or gyro-as,KernelDensityGECO,5,0.001,cheese rich in tyrosine,msmarco-passage/train,ielabgroup/vec2text_gtr-base-st_corrector
833860,what is the most popular food in switzerland,"foods that contain a sulfony protein, such as fresh asparagus, quail, and wild turkeys, contain sulfur protein",KernelDensityGECO,5,0.001,foods that contain sulfur protein,msmarco-passage/train,ielabgroup/vec2text_gtr-base-st_corrector
833860,what is the most popular food in switzerland,food from each state in the United States: Alaska - known for its pies and a whey - corn - dark chocolate,KernelDensityGECO,5,0.001,what food is each state known for,msmarco-passage/train,ielabgroup/vec2text_gtr-base-st_corrector
833860,what is the most popular food in switzerland,"food from Sweden, e.g. chicken, chucklodda and birch food, is a food from Swe",KernelDensityGECO,5,0.001,what food is from sweden,msmarco-passage/train,ielabgroup/vec2text_gtr-base-st_corrector
833860,what is the most popular food in switzerland,"what is the staple food of Spain, namely calf, renneto, kiel, or corn, and the stala",KernelDensityGECO,5,0.001,what is the staple food of spain,msmarco-passage/train,ielabgroup/vec2text_gtr-base-st_corrector
833860,what is the most popular food in switzerland,"from where it comes from, Schnitzel (shine-tasted mocktail) comes from in the lendorf",KernelDensityGECO,5,0.001,where does schnitzel come from,msmarco-passage/train,ielabgroup/vec2text_gtr-base-st_corrector
833860,what is the most popular food in switzerland,"Steady things such as carrots, broccoli, and raddock, it can be a diet to eat on brat diet",KernelDensityGECO,5,0.001,what are some of things you can eat on brat diet,msmarco-passage/train,ielabgroup/vec2text_gtr-base-st_corrector
833860,what is the most popular food in switzerland,"foods based on the research. Calf bread, omelets, or whole oats are the best for diabetes in a diabetic",KernelDensityGECO,5,0.001,what foods are best for diabetes,msmarco-passage/train,ielabgroup/vec2text_gtr-base-st_corrector
207786,how are some sharks warm blooded,a meaning that hands are cold - when they are releasing a fluid from their limbs or cling to their torso,KernelDensityGECO,5,0.001,what it means when hands are cold,msmarco-passage/train,ielabgroup/vec2text_gtr-base-st_corrector
207786,how are some sharks warm blooded,"they move by releasing their heads from the tympanic limbs and allowing their heads to move, hammerhead shark",KernelDensityGECO,5,0.001,how do hammerhead sharks move,msmarco-passage/train,ielabgroup/vec2text_gtr-base-st_corrector
207786,how are some sharks warm blooded,"1989, during the 007th shark attack of ""Bethany""s shaman, Belton Hamilton-Bailton attacked",KernelDensityGECO,5,0.001,when was bethany hamilton's shark attack,msmarco-passage/train,ielabgroup/vec2text_gtr-base-st_corrector
207786,how are some sharks warm blooded,"warm waters halt  halt (, , , , , ) is the definition of water flotation in oceans through",KernelDensityGECO,5,0.001,warm waters halt definition,msmarco-passage/train,ielabgroup/vec2text_gtr-base-st_corrector
207786,how are some sharks warm blooded,"What it means is that an animal is a cold blooded animal, often a snared, pig-tailed",KernelDensityGECO,5,0.001,what does it mean what an animal is cold blooded,msmarco-passage/train,ielabgroup/vec2text_gtr-base-st_corrector
207786,how are some sharks warm blooded,", Tiger sharks are carnivores",KernelDensityGECO,5,0.001,are tiger sharks carnivores,msmarco-passage/train,ielabgroup/vec2text_gtr-base-st_corrector
207786,how are some sharks warm blooded,"known as a salmon shark, a salmon shark is a type of savanna granulosa that is a",KernelDensityGECO,5,0.001,what is a salmon shark,msmarco-passage/train,ielabgroup/vec2text_gtr-base-st_corrector
207786,how are some sharks warm blooded,(known as heated mirrors) is a polarised-mirror system of heating air in the windshield and insulating heat in cold,KernelDensityGECO,5,0.001,what is heated mirrors,msmarco-passage/train,ielabgroup/vec2text_gtr-base-st_corrector
207786,how are some sharks warm blooded,(as opposed to a polaris or a kinetics motor) a non-heated windshield is a type of heated,KernelDensityGECO,5,0.001,what is a non heated windshield,msmarco-passage/train,ielabgroup/vec2text_gtr-base-st_corrector
207786,how are some sharks warm blooded,the common shark (L. s. s. savargas) . Common shark is a species of whale known as the,KernelDensityGECO,5,0.001,what is the common shark,msmarco-passage/train,ielabgroup/vec2text_gtr-base-st_corrector
1114819,what is durable medical equipment consist of,(Washington & Wake Forest) mobile production machinery (mobile production machinery) is a vehicle which is a mobile machinery for the production of,KernelDensityGECO,5,0.001,what is production mobile machinery,msmarco-passage/train,ielabgroup/vec2text_gtr-base-st_corrector
1114819,what is durable medical equipment consist of,"what meets medical necessity. This is a result of blending the necessities of medical care (e.g., prescription medication, food and clothing expenses",KernelDensityGECO,5,0.001,what meets medical necessity,msmarco-passage/train,ielabgroup/vec2text_gtr-base-st_corrector
1114819,what is durable medical equipment consist of,"Occupational Occupational Health and Safety Administration (OTS), respiratory equipment is an esoteric unit that is a ventilated tube",KernelDensityGECO,5,0.001,what is respiratory equipment,msmarco-passage/train,ielabgroup/vec2text_gtr-base-st_corrector
1114819,what is durable medical equipment consist of,"if you want to buy equipment for your office, you can buy equipment from your office (http://www.asp.org/business/",KernelDensityGECO,5,0.001,where can i buy equipment for my office,msmarco-passage/train,ielabgroup/vec2text_gtr-base-st_corrector
1114819,what is durable medical equipment consist of,"which weighing scale is used in most office calibration systems, the Medical Mark Scale (Clark scale) is used in a patient being standing",KernelDensityGECO,5,0.001,what weight calibration marking is used on most standing scales in medical offices,msmarco-passage/train,ielabgroup/vec2text_gtr-base-st_corrector
1114819,what is durable medical equipment consist of,"health facility infections, a bacterial infection, a rheumatovirus infection, or a callous infection, patients receive",KernelDensityGECO,5,0.001,health facility infections,msmarco-passage/train,ielabgroup/vec2text_gtr-base-st_corrector
1114819,what is durable medical equipment consist of,What equipment a corporate gym should have is a lift or a clumsy box with a dedicated gravity rack for the work,KernelDensityGECO,5,0.001,what equipment should a corporate gym have,msmarco-passage/train,ielabgroup/vec2text_gtr-base-st_corrector
1114819,what is durable medical equipment consist of,Ethical medical Ethical Medical (also known as aesthetic medical) is a form of a medical surveillance that provides patients with a medical,KernelDensityGECO,5,0.001,what is aesthetic medical,msmarco-passage/train,ielabgroup/vec2text_gtr-base-st_corrector
1114819,what is durable medical equipment consist of,Medic (discipline) Medic ( - a.k.a. medic) is a medical definition of a person,KernelDensityGECO,5,0.001,medic definition,msmarco-passage/train,ielabgroup/vec2text_gtr-base-st_corrector
1114819,what is durable medical equipment consist of,"Humanitarian device Humanitarian device, a use device, a use device, a use device, a used oblause",KernelDensityGECO,5,0.001,humanitarian use device,msmarco-passage/train,ielabgroup/vec2text_gtr-base-st_corrector
183378,exons definition biology,transcription biology is,KernelDensityGECO,5,0.001,transcription definition biology,msmarco-passage/train,ielabgroup/vec2text_gtr-base-st_corrector
183378,exons definition biology,"exogenous (by a phenomenological definition, exogenous) is the proportion of exogenous exogenes in",KernelDensityGECO,5,0.001,exogenous definition,msmarco-passage/train,ielabgroup/vec2text_gtr-base-st_corrector
183378,exons definition biology,"example is an exothermic reaction, which is a reaction of heat and a refracturing gas under an exothermic reaction conditions",KernelDensityGECO,5,0.001,what is an exothermic reaction example,msmarco-passage/train,ielabgroup/vec2text_gtr-base-st_corrector
183378,exons definition biology,"of the evictions, e.g., the evictions, Exclusions are groups of exclusions, which are",KernelDensityGECO,5,0.001,what are exclusions,msmarco-passage/train,ielabgroup/vec2text_gtr-base-st_corrector
183378,exons definition biology,"a variety of cell types (cells, astrobius, cytoskeleton or vertebrae) cell variety defines the structure and function",KernelDensityGECO,5,0.001,variety of cell types definition,msmarco-passage/train,ielabgroup/vec2text_gtr-base-st_corrector
183378,exons definition biology,"medication exclusion medicine Exclusion medicine is a medical definition of a dietary dietary supplement, a steroid, apropos",KernelDensityGECO,5,0.001,exclusion medication medical definition,msmarco-passage/train,ielabgroup/vec2text_gtr-base-st_corrector
183378,exons definition biology,Exalogic Exalogic is a science and technology that focuses on data from human physiology. It is known as exalogic,KernelDensityGECO,5,0.001,what is exalogic,msmarco-passage/train,ielabgroup/vec2text_gtr-base-st_corrector
183378,exons definition biology,"disease (proteins, adenosine, adenosine, adenovirus) are a biological disease definition",KernelDensityGECO,5,0.001,disease definition biology,msmarco-passage/train,ielabgroup/vec2text_gtr-base-st_corrector
183378,exons definition biology,"in biology, a group of organs (cells, marrow, glucose, etc.) define tissue as the tissue",KernelDensityGECO,5,0.001,define tissue in biology,msmarco-passage/train,ielabgroup/vec2text_gtr-base-st_corrector
183378,exons definition biology,(unusual flora and pheasants)  (exotic species)  is the definition of exotic species,KernelDensityGECO,5,0.001,exotic species definition,msmarco-passage/train,ielabgroup/vec2text_gtr-base-st_corrector
1106007,define visceral?,the viability (ability of a person to a test or measure their ability to survive life-span or to operate without significant,KernelDensityGECO,5,0.001,define viability,msmarco-passage/train,ielabgroup/vec2text_gtr-base-st_corrector
1106007,define visceral?,"scourge, a scourge of the human forces defined by the cult of the star-fisted conflag",KernelDensityGECO,5,0.001,scourge define,msmarco-passage/train,ielabgroup/vec2text_gtr-base-st_corrector
1106007,define visceral?,the definition of va (or,KernelDensityGECO,5,0.001,the definition of va,msmarco-passage/train,ielabgroup/vec2text_gtr-base-st_corrector
1106007,define visceral?,"of a subject, 'desensitized' - a definition of a disaffected or horrified comatos",KernelDensityGECO,5,0.001,definition of desensitized,msmarco-passage/train,ielabgroup/vec2text_gtr-base-st_corrector
1106007,define visceral?,"the definition of “hysterical”, a high-quality, esoteric, hysteria of the comedian",KernelDensityGECO,5,0.001,definition of hysterical,msmarco-passage/train,ielabgroup/vec2text_gtr-base-st_corrector
1106007,define visceral?,"eso, or virtual reality using VR headsets, or vrr, meaning a kob with a specific meaning",KernelDensityGECO,5,0.001,eso what vr mean,msmarco-passage/train,ielabgroup/vec2text_gtr-base-st_corrector
1106007,define visceral?,"definition of a feist, a supersonic, or a strange, or a complex, definition, is freaky",KernelDensityGECO,5,0.001,what is the definition of freaky,msmarco-passage/train,ielabgroup/vec2text_gtr-base-st_corrector
1106007,define visceral?,"() – porous, a definition of porous – such as porous minerals, oil, adnia,",KernelDensityGECO,5,0.001,definition of porous,msmarco-passage/train,ielabgroup/vec2text_gtr-base-st_corrector
1106007,define visceral?,"of what was once mainstream, i.e., may have become deviant, was defined as a deviant pop act.",KernelDensityGECO,5,0.001,what was once mainstream may later be defined as deviant.,msmarco-passage/train,ielabgroup/vec2text_gtr-base-st_corrector
1106007,define visceral?,VARIUM VARIUM are a series of electrically charged polarizing particles known as vor. They are a series of high resolution visualization,KernelDensityGECO,5,0.001,what are vor,msmarco-passage/train,ielabgroup/vec2text_gtr-base-st_corrector
1124210,tracheids are part of _____.,"information on how a trachea works, trachea are a pair of tiny hollows that feed into air and dif",KernelDensityGECO,5,0.001,how does a trachea work,msmarco-passage/train,ielabgroup/vec2text_gtr-base-st_corrector
1124210,tracheids are part of _____.,"is Aerolineas a part of delta mainly as part of aerofinancia, delta arcas, delta venus,",KernelDensityGECO,5,0.001,is aerolineas part of delta,msmarco-passage/train,ielabgroup/vec2text_gtr-base-st_corrector
1124210,tracheids are part of _____.,where it is the tragus and the acornus. The tragus is a body band on the Southern Eurocarrier and Ireland,KernelDensityGECO,5,0.001,where is the antitragus,msmarco-passage/train,ielabgroup/vec2text_gtr-base-st_corrector
1124210,tracheids are part of _____.,"the parts make up the large intestine, which consists of intestines, aorta, pelvis, and lateral",KernelDensityGECO,5,0.001,what parts make up the large intestine,msmarco-passage/train,ielabgroup/vec2text_gtr-base-st_corrector
1124210,tracheids are part of _____.,"b. trachea, and c. columnar cuticular. Which lining of these cells can be found in our smooth muscle",KernelDensityGECO,5,0.001,which of the following cells can typically be found lining our trachea? select one: a. cuboidal b. columnar c. reticular d. smooth muscle,msmarco-passage/train,ielabgroup/vec2text_gtr-base-st_corrector
1124210,tracheids are part of _____.,"if the lateral sides of a trapezoid are equal, then if they are equal, it is called . It is",KernelDensityGECO,5,0.001,if the lateral sides of a trapezoid are equal it is called,msmarco-passage/train,ielabgroup/vec2text_gtr-base-st_corrector
1124210,tracheids are part of _____.,"which is a part of the scientific method, i.e., a, b, c, d and a.",KernelDensityGECO,5,0.001,which of the following is part of scientific method?,msmarco-passage/train,ielabgroup/vec2text_gtr-base-st_corrector
1124210,tracheids are part of _____.,name of the tri-angular area within the bladder is the Trigeminal sphincter (the tristridium). The Tri,KernelDensityGECO,5,0.001,what is the name of the triangular area within the bladder,msmarco-passage/train,ielabgroup/vec2text_gtr-base-st_corrector
1124210,tracheids are part of _____.,"which are all accessory organs. Organs with a suppository system (e.g., heart, lungs, and kidney)",KernelDensityGECO,5,0.001,which ones are accessory organs?,msmarco-passage/train,ielabgroup/vec2text_gtr-base-st_corrector
1124210,tracheids are part of _____.,which part of the brain is telencephalon (or telasmaecus troniculata) of the brain,KernelDensityGECO,5,0.001,what part of the brain is telencephalon,msmarco-passage/train,ielabgroup/vec2text_gtr-base-st_corrector
490595,rsa definition key,(gda) to the ratty dyad (RDA). This dyad is the ratty protein,KernelDensityGECO,5,0.001,what is the rda for protein,msmarco-passage/train,ielabgroup/vec2text_gtr-base-st_corrector
490595,rsa definition key,Dsa is a bio-activated adenosine ligase. This is a fungal release of food,KernelDensityGECO,5,0.001,what is dsa,msmarco-passage/train,ielabgroup/vec2text_gtr-base-st_corrector
490595,rsa definition key,rsos is a type of roileron and it means a vegetable. The initials SOSs represent,KernelDensityGECO,5,0.001,what does rsos means,msmarco-passage/train,ielabgroup/vec2text_gtr-base-st_corrector
490595,rsa definition key,rfc rfc is a software intelligence and business management (SAP) phishing. It is also known as RFC,KernelDensityGECO,5,0.001,sap what is rfc,msmarco-passage/train,ielabgroup/vec2text_gtr-base-st_corrector
490595,rsa definition key,(BBSA) means “bossing bag” or “ordinary secretary”. The acronym is a combination of the Association of Business (,KernelDensityGECO,5,0.001,what does bsa mean,msmarco-passage/train,ielabgroup/vec2text_gtr-base-st_corrector
490595,rsa definition key,RSA Passcode RSA (short for rsa syscode) is a password on the Apple Telecommunication,KernelDensityGECO,5,0.001,what is rsa passcode,msmarco-passage/train,ielabgroup/vec2text_gtr-base-st_corrector
490595,rsa definition key,"when RA is a risk of a disease such as a Fetal Distinction. However, RA is always crippling",KernelDensityGECO,5,0.001,is ra always crippling,msmarco-passage/train,ielabgroup/vec2text_gtr-base-st_corrector
490595,rsa definition key,"'Ras' is an acronym which means a redox capacitor and is utilised in mining. Currently, it means",KernelDensityGECO,5,0.001,what's does ras means,msmarco-passage/train,ielabgroup/vec2text_gtr-base-st_corrector
490595,rsa definition key,CSA (common sector) The CSA is a digitised saber-tax and a special economic society.,KernelDensityGECO,5,0.001,what is the csa,msmarco-passage/train,ielabgroup/vec2text_gtr-base-st_corrector
490595,rsa definition key,Sdr (serotony compound rays) or SDR. It is a collection of fats and pigment,KernelDensityGECO,5,0.001,what is sdr,msmarco-passage/train,ielabgroup/vec2text_gtr-base-st_corrector
1103812,who formed the commonwealth of independent states,"when (Nevada) became a state and on January 1, 1864, when (Nevada) veejoyed membership",KernelDensityGECO,5,0.001,when did nevada become a state,msmarco-passage/train,ielabgroup/vec2text_gtr-base-st_corrector
1103812,who formed the commonwealth of independent states,"(Federation of Education Foundations, Inc., e.g. . . . ) education foundations are independently",KernelDensityGECO,5,0.001,are education foundations independently governed,msmarco-passage/train,ielabgroup/vec2text_gtr-base-st_corrector
1103812,who formed the commonwealth of independent states,"was William H. Snowden, esq., Signer of the Declaration, and so did Washington sign the declaration in a joint declaration",KernelDensityGECO,5,0.001,did washington sign the declaration,msmarco-passage/train,ielabgroup/vec2text_gtr-base-st_corrector
1103812,who formed the commonwealth of independent states,"created by a late-arriving U.S. senator, Robert E. Stevens, who created the Federal Reserve System, the Federal Reserve System",KernelDensityGECO,5,0.001,who created the federal reserve system,msmarco-passage/train,ielabgroup/vec2text_gtr-base-st_corrector
1103812,who formed the commonwealth of independent states,The Treaty of Verdun divided the Carolingian Empire into three parts that led to the formation of the primogenitic states of modern,KernelDensityGECO,5,0.001,The Treaty of Verdun divided the Carolingian empire into three parts that formed the precursor states of modern,msmarco-passage/train,ielabgroup/vec2text_gtr-base-st_corrector
1103812,who formed the commonwealth of independent states,e. c. c. c. c. 10) was the year of the US colony of the United Kingdom.,KernelDensityGECO,5,0.001,which year was the usa colony of the uk?,msmarco-passage/train,ielabgroup/vec2text_gtr-base-st_corrector
1103812,who formed the commonwealth of independent states,"who founded the international peace movement, ABOS-LOMS, salom salom jones",KernelDensityGECO,5,0.001,"who founded the international peace movement, absalom jones",msmarco-passage/train,ielabgroup/vec2text_gtr-base-st_corrector
1103812,who formed the commonwealth of independent states,"(Gen. a. a. a. a. jonah), Woolpert founded Woollen, and James Stuart",KernelDensityGECO,5,0.001,who founded woolpert,msmarco-passage/train,ielabgroup/vec2text_gtr-base-st_corrector
1103812,who formed the commonwealth of independent states,(now known as Independent Gemological Labs) is a laboratory that collects and tests rare minerals from the mineral chemistry of Nepal and the,KernelDensityGECO,5,0.001,what is independent gemological laboratories,msmarco-passage/train,ielabgroup/vec2text_gtr-base-st_corrector
1103812,who formed the commonwealth of independent states,by a symbiosis that Australia became a federation by approving the Australian Government's accession on 16,KernelDensityGECO,5,0.001,how did australia become a federation,msmarco-passage/train,ielabgroup/vec2text_gtr-base-st_corrector
87181,causes of left ventricular hypertrophy,ejaculation of eyoo the sex will cause retrograde ediacosmal,KernelDensityGECO,5,0.001,causes for retrograde eyaculation,msmarco-passage/train,ielabgroup/vec2text_gtr-base-st_corrector
87181,causes of left ventricular hypertrophy,(ventricular failure) or ventricular failure (vetrofacial failure) is a condition of the heart that results in a form of diabetes,KernelDensityGECO,5,0.001,what is ventricular failure,msmarco-passage/train,ielabgroup/vec2text_gtr-base-st_corrector
87181,causes of left ventricular hypertrophy,causes of a uric acidogonia (a reaction between individuals with positive cholesterol levels) causes alkaptonuria. These causes result,KernelDensityGECO,5,0.001,causes of alkaptonuria,msmarco-passage/train,ielabgroup/vec2text_gtr-base-st_corrector
87181,causes of left ventricular hypertrophy,"a result of consumption of oxygen, a high blood pressure (HBO) or a high blood pressure is the cause of hypertension and hyper",KernelDensityGECO,5,0.001,causes of hypertension,msmarco-passage/train,ielabgroup/vec2text_gtr-base-st_corrector
87181,causes of left ventricular hypertrophy,cause of uterine hyperplasia (hetero-peritoneal oblation or ovarian cirrhosis),KernelDensityGECO,5,0.001,causes of uterine hyperplasia,msmarco-passage/train,ielabgroup/vec2text_gtr-base-st_corrector
87181,causes of left ventricular hypertrophy,"a twitch or a truncation caused by the human eyeball glume, it may cause your left eye to",KernelDensityGECO,5,0.001,what causes your left eye to twitch,msmarco-passage/train,ielabgroup/vec2text_gtr-base-st_corrector
87181,causes of left ventricular hypertrophy,"causes lactic acidosis, and a combination of lactic acidosis and adoloma, causes",KernelDensityGECO,5,0.001,causes lactic acidosis,msmarco-passage/train,ielabgroup/vec2text_gtr-base-st_corrector
87181,causes of left ventricular hypertrophy,"high amount of dhyospinal ducts. This causes increased LDH, as well as decreased lhoea",KernelDensityGECO,5,0.001,causes of increased ldh,msmarco-passage/train,ielabgroup/vec2text_gtr-base-st_corrector
87181,causes of left ventricular hypertrophy,causes atrial bigeminy. It is a result of a femur emulation and a gastrointestinal artery,KernelDensityGECO,5,0.001,what causes atrial bigeminy,msmarco-passage/train,ielabgroup/vec2text_gtr-base-st_corrector
87181,causes of left ventricular hypertrophy,"The cause of retaining fluid in the pulmonary capillaries is pulmonary artery recontraction, which results from a constant flow of fluids",KernelDensityGECO,5,0.001,what causes retaining fluid in the pulmonary capillaries,msmarco-passage/train,ielabgroup/vec2text_gtr-base-st_corrector
443396,lps laws definition,Legal processing (law) Legal processing is a U.S. state law that is a sweeping legal action by the United States Department of Justice,KernelDensityGECO,5,0.001,what is legal processing,msmarco-passage/train,ielabgroup/vec2text_gtr-base-st_corrector
443396,lps laws definition,(Lms) training lms training is a form of esoteric training that is a shared family of information,KernelDensityGECO,5,0.001,what is lms training,msmarco-passage/train,ielabgroup/vec2text_gtr-base-st_corrector
443396,lps laws definition,Lrsa is a rheumatoid sarcoma that is a unique and powerful health tool in elementary,KernelDensityGECO,5,0.001,what is lrsa,msmarco-passage/train,ielabgroup/vec2text_gtr-base-st_corrector
443396,lps laws definition,"l m stands for Legal Ledger of Mandate or Legal Ledger of Mandate or Legal Ledger of Mandate, definition",KernelDensityGECO,5,0.001,what does lm stand for in legal definition,msmarco-passage/train,ielabgroup/vec2text_gtr-base-st_corrector
443396,lps laws definition,Lie in state     (or lie in state) is a meaning in U.S. law relating to,KernelDensityGECO,5,0.001,what is lie in state mean,msmarco-passage/train,ielabgroup/vec2text_gtr-base-st_corrector
443396,lps laws definition,"LL.C. register On an incorporated entity, an LL.C. register is a lisp register assigned to your business",KernelDensityGECO,5,0.001,what is an llc register,msmarco-passage/train,ielabgroup/vec2text_gtr-base-st_corrector
443396,lps laws definition,(LdP) is a peptide phosphate and free transportable protein program. This is known as ldye,KernelDensityGECO,5,0.001,what is ldp,msmarco-passage/train,ielabgroup/vec2text_gtr-base-st_corrector
443396,lps laws definition,law. Professional liability policy (PPL policy) - is a definition of a liability insurance policy that provides a risk to the asset manager,KernelDensityGECO,5,0.001,professional liability policy definition,msmarco-passage/train,ielabgroup/vec2text_gtr-base-st_corrector
443396,lps laws definition,fiscal law meaning,KernelDensityGECO,5,0.001,fiscal law meaning,msmarco-passage/train,ielabgroup/vec2text_gtr-base-st_corrector
443396,lps laws definition,LP inv are a range of virtual inventory and eps. They are a range of lp based on your car,KernelDensityGECO,5,0.001,what are lp inv,msmarco-passage/train,ielabgroup/vec2text_gtr-base-st_corrector
1121709,what are the three percenters?,Vital 3 (vitamin) Vital 3 is a bile duct that is vital to the heart and a vital factor in the pancre,KernelDensityGECO,5,0.001,what is vital 3,msmarco-passage/train,ielabgroup/vec2text_gtr-base-st_corrector
1121709,what are the three percenters?,"do lobbyists exert influence across the three branches of government, if they so desire. Lobbyists are vested in all three branches",KernelDensityGECO,5,0.001,do lobbyists exert influence among all three branches of government,msmarco-passage/train,ielabgroup/vec2text_gtr-base-st_corrector
1121709,what are the three percenters?,a proper tertiary color is a clear blue-grey with a mixture of red and tertiary colors.,KernelDensityGECO,5,0.001,what is a proper tertiary colors,msmarco-passage/train,ielabgroup/vec2text_gtr-base-st_corrector
1121709,what are the three percenters?,"difference between first and second is the adnoun of a second person, a third person, a twelfth person",KernelDensityGECO,5,0.001,difference between first second and third person,msmarco-passage/train,ielabgroup/vec2text_gtr-base-st_corrector
1121709,what are the three percenters?,one-third is a set of          which represents one member,KernelDensityGECO,5,0.001,one third is a member of which set of numbers,msmarco-passage/train,ielabgroup/vec2text_gtr-base-st_corrector
1121709,what are the three percenters?,"(compared to 85% and 85%, respectively) Job Outlook (job outlook) is a percentage of unemployment and health care that is now known as",KernelDensityGECO,5,0.001,what is job outlook percentage,msmarco-passage/train,ielabgroup/vec2text_gtr-base-st_corrector
1121709,what are the three percenters?,", which describes the three-point, is a term used to describe the angle when a three-point, or a three-qua",KernelDensityGECO,5,0.001,which term describes the point where the three angle,msmarco-passage/train,ielabgroup/vec2text_gtr-base-st_corrector
1121709,what are the three percenters?,"which to compare statistical analysis (e.g., Statistical Statistical Exchange) to compare the percentages of people who are the best a person",KernelDensityGECO,5,0.001,what statistical analysis to compare percentages of people,msmarco-passage/train,ielabgroup/vec2text_gtr-base-st_corrector
1121709,what are the three percenters?,"of 109.9 cents on a loan of one thousand dollars, which is 33 per cent, is one thousand dollars or 1.9 percent of",KernelDensityGECO,5,0.001,what is 1per cent of 33 thousand dollars,msmarco-passage/train,ielabgroup/vec2text_gtr-base-st_corrector
1121709,what are the three percenters?,are the three layers of,KernelDensityGECO,5,0.001,what are the three layers of culture,msmarco-passage/train,ielabgroup/vec2text_gtr-base-st_corrector
87452,causes of military suicide,"number of women serving in the military, with a total of 11,000 women in the armed forces and a 5% women in the armed",KernelDensityGECO,5,0.001,number of women in the military,msmarco-passage/train,ielabgroup/vec2text_gtr-base-st_corrector
87452,causes of military suicide,"c. v. 82. This example is a hypothetical example of symbolic suicide, in which the symbol of canceling died.",KernelDensityGECO,5,0.001,which of the following is an example of symbolic suicide?,msmarco-passage/train,ielabgroup/vec2text_gtr-base-st_corrector
87452,causes of military suicide,"causes of deaths, with Americans causing an elderly age, followed by AIDS, sclerosis, pulmonary obstructive injuries,",KernelDensityGECO,5,0.001,causes of elderly deaths,msmarco-passage/train,ielabgroup/vec2text_gtr-base-st_corrector
87452,causes of military suicide,"causes of WWI. During Powerpoint Presentation, WWI is a cause of wwi-fi swa",KernelDensityGECO,5,0.001,causes of wwi powerpoint,msmarco-passage/train,ielabgroup/vec2text_gtr-base-st_corrector
87452,causes of military suicide,"because, unlike many other people on the planet, suicide awareness is important and provides a context where people who are about to commit suicide will be exposed.",KernelDensityGECO,5,0.001,why is suicide awareness important?,msmarco-passage/train,ielabgroup/vec2text_gtr-base-st_corrector
87452,causes of military suicide,"is a focus on coping with bipolar and bulimia-related illnesses, studies show that elevated suicide risk is associated with eating disorders",KernelDensityGECO,5,0.001,are eating disorders associated with elevated suicide risk,msmarco-passage/train,ielabgroup/vec2text_gtr-base-st_corrector
87452,causes of military suicide,"a single cause in the year 864 of India, 'Sepoy rebellion', aka the sepoy rebellion.",KernelDensityGECO,5,0.001,what was one cause of the sepoy rebellion in india?,msmarco-passage/train,ielabgroup/vec2text_gtr-base-st_corrector
87452,causes of military suicide,what a military agent does (also known as a military agent) is to collect intelligence on persons and do tasks which they do and who they do,KernelDensityGECO,5,0.001,what does military agents do,msmarco-passage/train,ielabgroup/vec2text_gtr-base-st_corrector
87452,causes of military suicide,(Past.           ) military pharmacist,KernelDensityGECO,5,0.001,military pharmacist job pay,msmarco-passage/train,ielabgroup/vec2text_gtr-base-st_corrector
87452,causes of military suicide,"in the United States, and if a crime is committed, suicide in the United States is considered a crime by the United States Supreme Court",KernelDensityGECO,5,0.001,is suicide considered a crime in the united states,msmarco-passage/train,ielabgroup/vec2text_gtr-base-st_corrector
855410,what is theraderm used for,"The triglycerides are used in the body to treat people’s acholesterol, fat, and other lipids",KernelDensityGECO,5,0.001,what is triglycerides used for in the body,msmarco-passage/train,ielabgroup/vec2text_gtr-base-st_corrector
855410,what is theraderm used for,"calometry or calorimetry is used to test the aerobic temperature and temperature of foods and energy after a collision,",KernelDensityGECO,5,0.001,what is calorimetry used for,msmarco-passage/train,ielabgroup/vec2text_gtr-base-st_corrector
855410,what is theraderm used for,Voltaren is used for medicines for the treatment of pneumoephritis and eczema coli syndrome.,KernelDensityGECO,5,0.001,what is voltaren used for?,msmarco-passage/train,ielabgroup/vec2text_gtr-base-st_corrector
855410,what is theraderm used for,"remeron, used to treat impulsive and chronic conditions, remeron is used to treat empiramida,",KernelDensityGECO,5,0.001,remeron is used to treat what,msmarco-passage/train,ielabgroup/vec2text_gtr-base-st_corrector
855410,what is theraderm used for,"reticulum and endoplasmic reticulum are used for recombinant neuroglobulins, a cellular",KernelDensityGECO,5,0.001,what are endoplasmic reticulum used for,msmarco-passage/train,ielabgroup/vec2text_gtr-base-st_corrector
855410,what is theraderm used for,Atropine is used for a long time as a symptom of kryptosis-induced seizures in porous tissues.,KernelDensityGECO,5,0.001,what is atropine used for?,msmarco-passage/train,ielabgroup/vec2text_gtr-base-st_corrector
855410,what is theraderm used for,"pyrite is used for a variety of applications such as a high temperature, blasted earth and mineral fuels, it is used",KernelDensityGECO,5,0.001,what is pyrite used for,msmarco-passage/train,ielabgroup/vec2text_gtr-base-st_corrector
855410,what is theraderm used for,"(seedled with arugula) is used for a variety of vegetables and dairies, Arugula is used as",KernelDensityGECO,5,0.001,what is arugula used for,msmarco-passage/train,ielabgroup/vec2text_gtr-base-st_corrector
855410,what is theraderm used for,"medication remeron, the drug remimedon is used for the treatment of sedative and apnea illnesses",KernelDensityGECO,5,0.001,what is medication remeron used for,msmarco-passage/train,ielabgroup/vec2text_gtr-base-st_corrector
855410,what is theraderm used for,"Duoderm Duoderm is a steroid and a dietary supplement from the brand "" """,KernelDensityGECO,5,0.001,what is duoderm?,msmarco-passage/train,ielabgroup/vec2text_gtr-base-st_corrector
1114646,what is famvir prescribed for,"a prescription of m-Aphroditiac and emphysema, Simvastatin is prescribed",KernelDensityGECO,5,0.001,what is simvastatin prescribed for,msmarco-passage/train,ielabgroup/vec2text_gtr-base-st_corrector
1114646,what is famvir prescribed for,"on a prescription basis, septra is prescribed for the treatment of bronchial sclerosis and dyspnea and other infections",KernelDensityGECO,5,0.001,what is septra prescribed for,msmarco-passage/train,ielabgroup/vec2text_gtr-base-st_corrector
1114646,what is famvir prescribed for,the prescription cymbal is used for the treatment of a comorbid pyema-deficiency.,KernelDensityGECO,5,0.001,what is the prescription cymbal used for?,msmarco-passage/train,ielabgroup/vec2text_gtr-base-st_corrector
1114646,what is famvir prescribed for,"Effient medication Effient (pharmaceutical tablets for the treatment of pharyngeal thrombosis, migraines",KernelDensityGECO,5,0.001,effient medication,msmarco-passage/train,ielabgroup/vec2text_gtr-base-st_corrector
1114646,what is famvir prescribed for,"bactethrim DS treats infections by: During a bactethrim DS infection, it is used to treat",KernelDensityGECO,5,0.001,bactrim ds treats what infections,msmarco-passage/train,ielabgroup/vec2text_gtr-base-st_corrector
1114646,what is famvir prescribed for,the medications acetylcholinesterase and adriadin are used to treat fetal arrhythmias,KernelDensityGECO,5,0.001,what med is used to treat fetal arrhythmias,msmarco-passage/train,ielabgroup/vec2text_gtr-base-st_corrector
1114646,what is famvir prescribed for,medicine for ferrous. This medicine is a pill by Benzethiol and Benzethiol to treat ferrous symptom,KernelDensityGECO,5,0.001,what is this medicine for ferrous,msmarco-passage/train,ielabgroup/vec2text_gtr-base-st_corrector
1114646,what is famvir prescribed for,"a fadolone adolone and a risk of infection, afrin is safe to use",KernelDensityGECO,5,0.001,is afrin safe to use daily,msmarco-passage/train,ielabgroup/vec2text_gtr-base-st_corrector
1114646,what is famvir prescribed for,drug Vizimvi (merchant merchant merchant merchant merchant merchant vivi) and its medications,KernelDensityGECO,5,0.001,medication viberzi,msmarco-passage/train,ielabgroup/vec2text_gtr-base-st_corrector
1114646,what is famvir prescribed for,"glipizide glipizide is prescribed for the treatment of a neurological condition, primarily Parkinson's disease, by the Cy",KernelDensityGECO,5,0.001,what is glipizide prescribed for,msmarco-passage/train,ielabgroup/vec2text_gtr-base-st_corrector
19335,anthropological definition of environment,life course theory and ecological development theory is a theory of life-sensing and life-learning and the management of life and the principles meaning,KernelDensityGECO,5,0.001,what is ecological theory and life course development means,msmarco-passage/train,ielabgroup/vec2text_gtr-base-st_corrector
19335,anthropological definition of environment,definition of atmosphere vs. tone (or atmosphere vs. tones) is a defining and defining factor in the heart of,KernelDensityGECO,5,0.001,definition of tone versus atmosphere,msmarco-passage/train,ielabgroup/vec2text_gtr-base-st_corrector
19335,anthropological definition of environment,operating envir is a maintenance and operating system of the NIST and the NETPA. It is a tool for operating envir,KernelDensityGECO,5,0.001,what is operating envir,msmarco-passage/train,ielabgroup/vec2text_gtr-base-st_corrector
19335,anthropological definition of environment,,KernelDensityGECO,5,0.001,what do abstract means,msmarco-passage/train,ielabgroup/vec2text_gtr-base-st_corrector
19335,anthropological definition of environment,"definition of the environment (naturo-environmental nasty, natural physics, natural structure) of a living being",KernelDensityGECO,5,0.001,definition of natural environment,msmarco-passage/train,ielabgroup/vec2text_gtr-base-st_corrector
19335,anthropological definition of environment,"the most common nebula,  (contemporary antecedents)  (casual antecedent)",KernelDensityGECO,5,0.001,casual antecedents definition,msmarco-passage/train,ielabgroup/vec2text_gtr-base-st_corrector
19335,anthropological definition of environment,(Anachronism) is a kind of anachronism. It is a form of time-of-war or a,KernelDensityGECO,5,0.001,what is an anachronism,msmarco-passage/train,ielabgroup/vec2text_gtr-base-st_corrector
19335,anthropological definition of environment,of Availability of Data - ambient data - is a data-result data that is used to measure information from computer vision data,KernelDensityGECO,5,0.001,what is ambient data,msmarco-passage/train,ielabgroup/vec2text_gtr-base-st_corrector
19335,anthropological definition of environment,"definition ethnography ethnography (sociology) is the sociology of a societal organization and the phenomenology of human history, geography",KernelDensityGECO,5,0.001,ethnography definition sociology,msmarco-passage/train,ielabgroup/vec2text_gtr-base-st_corrector
19335,anthropological definition of environment,a definition of analytical psychology (also known as behavioural psychology or analytic psychology) is a function of determining and analyzing the information,KernelDensityGECO,5,0.001,what is analytical psychology definition,msmarco-passage/train,ielabgroup/vec2text_gtr-base-st_corrector
47923,axon terminals or synaptic knob definition,"is oculomotor or somatic motor neuron, i.e. branchomotor or somatic motor neurons, which will be",KernelDensityGECO,5,0.001,is oculomotor somatic motor or branchial motor neurons,msmarco-passage/train,ielabgroup/vec2text_gtr-base-st_corrector
47923,axon terminals or synaptic knob definition,Entropion  (    ) is a neuropithec disorder that occurs,KernelDensityGECO,5,0.001,what is entropion,msmarco-passage/train,ielabgroup/vec2text_gtr-base-st_corrector
47923,axon terminals or synaptic knob definition,a cat condition known as  kylo thorax (cat nyspheric angular thora,KernelDensityGECO,5,0.001,cat condition known as kylo thorax,msmarco-passage/train,ielabgroup/vec2text_gtr-base-st_corrector
47923,axon terminals or synaptic knob definition,What is a synapse between an axon terminal (axon synapse) and a muscle fiber,KernelDensityGECO,5,0.001,what is a synapse between an axon terminal and muscle fiber,msmarco-passage/train,ielabgroup/vec2text_gtr-base-st_corrector
47923,axon terminals or synaptic knob definition,axis by a definition of            by,KernelDensityGECO,5,0.001,axis definition of axis by,msmarco-passage/train,ielabgroup/vec2text_gtr-base-st_corrector
47923,axon terminals or synaptic knob definition,axis by a definition of            by,KernelDensityGECO,5,0.001,axis definition of axis by,msmarco-passage/train,ielabgroup/vec2text_gtr-base-st_corrector
47923,axon terminals or synaptic knob definition,define a -derangement signal. -derangement signals are a series of femtopathic signals,KernelDensityGECO,5,0.001,define derangement signals,msmarco-passage/train,ielabgroup/vec2text_gtr-base-st_corrector
47923,axon terminals or synaptic knob definition,acciom (axiom). Acciom is a definition of the amorph,KernelDensityGECO,5,0.001,acxiom definition,msmarco-passage/train,ielabgroup/vec2text_gtr-base-st_corrector
47923,axon terminals or synaptic knob definition,means that strop means a type of bacterium that is associated with a grain called a bacterium and it has the name,KernelDensityGECO,5,0.001,what does strop mean,msmarco-passage/train,ielabgroup/vec2text_gtr-base-st_corrector
47923,axon terminals or synaptic knob definition,v-apnea cervix (jugor ganglia) is a nerve of the nervous system which is,KernelDensityGECO,5,0.001,what is vagus nerve,msmarco-passage/train,ielabgroup/vec2text_gtr-base-st_corrector
405717,is cdg airport in main paris,which airport is near the airport of Ftbol Barcelona (Footballpark Barcelona) ft.,KernelDensityGECO,5,0.001,which airport near fc barcelona stadium,msmarco-passage/train,ielabgroup/vec2text_gtr-base-st_corrector
405717,is cdg airport in main paris,"airport is Ams. The airport, formerly a commercial airport, is located at Ams International Airport (AM) stbergh",KernelDensityGECO,5,0.001,which airport  is ams,msmarco-passage/train,ielabgroup/vec2text_gtr-base-st_corrector
405717,is cdg airport in main paris,"on the grounds of the 'Stadlenstad International Airport' in rsted, London, Hungary Stansted Airport is",KernelDensityGECO,5,0.001,where is stansted airport,msmarco-passage/train,ielabgroup/vec2text_gtr-base-st_corrector
405717,is cdg airport in main paris,"at the airport, Cairo Diablo el seljen m.a., the Mediterranean Airport Dead Sea Airport.",KernelDensityGECO,5,0.001,what airport dead sea at,msmarco-passage/train,ielabgroup/vec2text_gtr-base-st_corrector
405717,is cdg airport in main paris,"is open, i.e. Peter-Sabrun airport is open on Monday and Friday. Brussel Airport is open for commercial use",KernelDensityGECO,5,0.001,is brussels airport open,msmarco-passage/train,ielabgroup/vec2text_gtr-base-st_corrector
405717,is cdg airport in main paris,is the nearest airport in Pugli,KernelDensityGECO,5,0.001,what is the nearest airport in puglia,msmarco-passage/train,ielabgroup/vec2text_gtr-base-st_corrector
405717,is cdg airport in main paris,"which is the main airport in the Turks and Caicos, TURKS",KernelDensityGECO,5,0.001,what is the main airport in turks and caicos,msmarco-passage/train,ielabgroup/vec2text_gtr-base-st_corrector
405717,is cdg airport in main paris,on 16 February at the jubilee of the chaumont festival at L'Ouvergne sur l'hiver garden,KernelDensityGECO,5,0.001,when is chaumont sur loire garden festival,msmarco-passage/train,ielabgroup/vec2text_gtr-base-st_corrector
405717,is cdg airport in main paris,"airport osl is a private multi-service airport at Osl, a city of Orlando-Lithuag.",KernelDensityGECO,5,0.001,what airport is osl,msmarco-passage/train,ielabgroup/vec2text_gtr-base-st_corrector
405717,is cdg airport in main paris,"CSgs are acoustic dbsps. They are a large-scale, time-sensitive information capsule on",KernelDensityGECO,5,0.001,what are csgs,msmarco-passage/train,ielabgroup/vec2text_gtr-base-st_corrector
182539,example of monotonic function,"heterotrophic cells (e.g., atrophic cells, apoptotic cells, and living organisms) is an example",KernelDensityGECO,5,0.001,heterotrophic cells example,msmarco-passage/train,ielabgroup/vec2text_gtr-base-st_corrector
182539,example of monotonic function,examples: Logic is a definition of logic and examples are a definition of a logical condition and examples of J.D. Pepper',KernelDensityGECO,5,0.001,logic definition and examples,msmarco-passage/train,ielabgroup/vec2text_gtr-base-st_corrector
182539,example of monotonic function,"a cf. the Logic of the Lovers, which is an example of a good syllogism.",KernelDensityGECO,5,0.001,which is an example of a good syllogism?,msmarco-passage/train,ielabgroup/vec2text_gtr-base-st_corrector
182539,example of monotonic function,eccentric function. (Eccentric function)  (eccentric function) is a function of extra-oblique ventricular valves,KernelDensityGECO,5,0.001,eccentric function,msmarco-passage/train,ielabgroup/vec2text_gtr-base-st_corrector
182539,example of monotonic function,(example): implied power is a power such that,KernelDensityGECO,5,0.001,what is an implied power with example,msmarco-passage/train,ielabgroup/vec2text_gtr-base-st_corrector
182539,example of monotonic function,PLc is an example example on PC. This example is a useful example of a LC that is used by many LC software makers,KernelDensityGECO,5,0.001,what is plc example,msmarco-passage/train,ielabgroup/vec2text_gtr-base-st_corrector
182539,example of monotonic function,(an example of morphological in language is,KernelDensityGECO,5,0.001,what is an example morphological in language,msmarco-passage/train,ielabgroup/vec2text_gtr-base-st_corrector
182539,example of monotonic function,"(e.g., the multinational corporation of a multinational company, a matediahn) is an example of an",KernelDensityGECO,5,0.001,what is an example of a multinational corporation,msmarco-passage/train,ielabgroup/vec2text_gtr-base-st_corrector
182539,example of monotonic function,a good example of a colonized wound (with a bacterium and a nascent skin). This is an example,KernelDensityGECO,5,0.001,an example of a colonized wound,msmarco-passage/train,ielabgroup/vec2text_gtr-base-st_corrector
182539,example of monotonic function,"a pronoun is an example of a verb such as n, n, o, p, n, y",KernelDensityGECO,5,0.001,what is a pronoun examples,msmarco-passage/train,ielabgroup/vec2text_gtr-base-st_corrector
1113437,what is physical description of spruce,"describe how Venus looks, how the radii look, and how the harrowing grass looks, how the harrowing ice flows",KernelDensityGECO,5,0.001,describe how venus look,msmarco-passage/train,ielabgroup/vec2text_gtr-base-st_corrector
1113437,what is physical description of spruce,what is called a tree covered path (,KernelDensityGECO,5,0.001,What is a tree covered path or road called?,msmarco-passage/train,ielabgroup/vec2text_gtr-base-st_corrector
1113437,what is physical description of spruce,Shea tree Shea tree ( ) is a tree of the agroecologyta a (also known as,KernelDensityGECO,5,0.001,what is shea tree,msmarco-passage/train,ielabgroup/vec2text_gtr-base-st_corrector
1113437,what is physical description of spruce,"with pine trees are strong, not only for their strong branches, but also for their good flora and mowing, they are also strong",KernelDensityGECO,5,0.001,are pine trees strong,msmarco-passage/train,ielabgroup/vec2text_gtr-base-st_corrector
1113437,what is physical description of spruce,axial sp sp is a special chromosomal adrift (Cs) ion ax,KernelDensityGECO,5,0.001,what is axial sp,msmarco-passage/train,ielabgroup/vec2text_gtr-base-st_corrector
1113437,what is physical description of spruce,sprang (explosive) sprang is a widely discovered and cherished skew. It is known as Sprang,KernelDensityGECO,5,0.001,what is sprang,msmarco-passage/train,ielabgroup/vec2text_gtr-base-st_corrector
1113437,what is physical description of spruce,"a number of physical processes, e.g., AHA, chemistry, chemistry, and encapsulation, are physical processes",KernelDensityGECO,5,0.001,which are physical processes,msmarco-passage/train,ielabgroup/vec2text_gtr-base-st_corrector
1113437,what is physical description of spruce,"define coarse pepper, a type of apeseed granule forming a sand solvate forming .",KernelDensityGECO,5,0.001,define coarse pepper,msmarco-passage/train,ielabgroup/vec2text_gtr-base-st_corrector
1113437,what is physical description of spruce,"(formerly the GOSA Gectaminosa Museum) has the spruce goose, a museum of the s",KernelDensityGECO,5,0.001,what museum has the spruce goose,msmarco-passage/train,ielabgroup/vec2text_gtr-base-st_corrector
1113437,what is physical description of spruce,a sparse definition of texture (e.g. psinteromix and spiky bits) is a texture,KernelDensityGECO,5,0.001,sparse texture definition,msmarco-passage/train,ielabgroup/vec2text_gtr-base-st_corrector
1129237,hydrogen is a liquid below what temperature,"at 84 °C (about 240 °F) as oxygen becomes liquid, it reaches a temperature where liquid oxygen will vapor",KernelDensityGECO,5,0.001,at what temperature does oxygen become liquid,msmarco-passage/train,ielabgroup/vec2text_gtr-base-st_corrector
1129237,hydrogen is a liquid below what temperature,"(l=100 °C) , the boiling temperature is the boiling temperature, and the temperature after the water vapor is boiled.",KernelDensityGECO,5,0.001,what is the boiling temperature?,msmarco-passage/train,ielabgroup/vec2text_gtr-base-st_corrector
1129237,hydrogen is a liquid below what temperature,"temperature of 59 °C compared to the average temperature of Houston, Texas and 59 °C houston averages",KernelDensityGECO,5,0.001,average temperature in houston tx,msmarco-passage/train,ielabgroup/vec2text_gtr-base-st_corrector
1129237,hydrogen is a liquid below what temperature,", because hydrogen bonding is an intermol",KernelDensityGECO,5,0.001,why is hydrogen bonding an intermolecular,msmarco-passage/train,ielabgroup/vec2text_gtr-base-st_corrector
1129237,hydrogen is a liquid below what temperature,"temperature in hyattsville (80 °F, 115 °C, 115 °F) and winters are hot",KernelDensityGECO,5,0.001,temperature in hyattsville,msmarco-passage/train,ielabgroup/vec2text_gtr-base-st_corrector
1129237,hydrogen is a liquid below what temperature,"lower than normal body temperature (Body temperature, body fat, body restraining swells, body temperature, body temperature, body",KernelDensityGECO,5,0.001,lower than normal body temperature,msmarco-passage/train,ielabgroup/vec2text_gtr-base-st_corrector
1129237,hydrogen is a liquid below what temperature,temperature of water vapor in clouds varies between 30 °C (diameter swollen) and 119 °C,KernelDensityGECO,5,0.001,temperature of water vapor in clouds,msmarco-passage/train,ielabgroup/vec2text_gtr-base-st_corrector
1129237,hydrogen is a liquid below what temperature,"temperature range within which life survives, such as atria, fish, insects, and humans below   survive",KernelDensityGECO,5,0.001,temperature range within which life survives,msmarco-passage/train,ielabgroup/vec2text_gtr-base-st_corrector
1129237,hydrogen is a liquid below what temperature,"(definition): hydrogen (a form of hydrogen, a group of hydrogen, hydrogen, a hydrogen, a hydrogen, flavon",KernelDensityGECO,5,0.001,define hydrogen,msmarco-passage/train,ielabgroup/vec2text_gtr-base-st_corrector
1129237,hydrogen is a liquid below what temperature,a recommended minimum temperature (depending on the food quality of the APHI refrigerators) for which it is safe to heat leftovers or cooking,KernelDensityGECO,5,0.001,what is the minimum recommended safe temperature to heat leftovers,msmarco-passage/train,ielabgroup/vec2text_gtr-base-st_corrector
146187,difference between a mcdouble and a double cheeseburger,the difference between a glacier (or a icefield) and a glacier (or a froshfield or,KernelDensityGECO,5,0.001,what is the difference between an icefield and a glacier,msmarco-passage/train,ielabgroup/vec2text_gtr-base-st_corrector
146187,difference between a mcdouble and a double cheeseburger,difference between hyperbole - a person specializing in a subject - and lying - a person saying 'Lying,KernelDensityGECO,5,0.001,difference between hyperbole and lying?,msmarco-passage/train,ielabgroup/vec2text_gtr-base-st_corrector
146187,difference between a mcdouble and a double cheeseburger,— what's a difference between a liquor and a kin to the word — freedom and liberty.,KernelDensityGECO,5,0.001,what is the difference between liberty & freedom?,msmarco-passage/train,ielabgroup/vec2text_gtr-base-st_corrector
146187,difference between a mcdouble and a double cheeseburger,calories of medium sized McDonald's scald fries (McDougals scalds) and a 113,KernelDensityGECO,5,0.001,calories medium mcdonald's fries,msmarco-passage/train,ielabgroup/vec2text_gtr-base-st_corrector
146187,difference between a mcdouble and a double cheeseburger,is the difference between a dominant and,KernelDensityGECO,5,0.001,what's the difference between a dominant and a masochist,msmarco-passage/train,ielabgroup/vec2text_gtr-base-st_corrector
146187,difference between a mcdouble and a double cheeseburger,"food in Mccallister's. Foods in Mccallister include a variety of roast turkey, jerky, a serving of pumpkin",KernelDensityGECO,5,0.001,foods in mcallister,msmarco-passage/train,ielabgroup/vec2text_gtr-base-st_corrector
146187,difference between a mcdouble and a double cheeseburger,"a difference between calories and kilojoules, whereas kilojoules (kilosynthesis)",KernelDensityGECO,5,0.001,what's the difference between calories and kilojoules,msmarco-passage/train,ielabgroup/vec2text_gtr-base-st_corrector
146187,difference between a mcdouble and a double cheeseburger,"the difference between rolled oats (soyacle slurry of corn) and oatmeal, rolled oats.",KernelDensityGECO,5,0.001,what is the difference between rolled oats and oatmeal?,msmarco-passage/train,ielabgroup/vec2text_gtr-base-st_corrector
146187,difference between a mcdouble and a double cheeseburger,difference between deputy U.S. marshal (detached from U.S. marshal) and marshal (marshal) is,KernelDensityGECO,5,0.001,difference between deputy us marshal and marshal,msmarco-passage/train,ielabgroup/vec2text_gtr-base-st_corrector
146187,difference between a mcdouble and a double cheeseburger,a difference between mb (macro-machine-capable) and bb (mbo) or gb,KernelDensityGECO,5,0.001,what is the difference between mb and gb,msmarco-passage/train,ielabgroup/vec2text_gtr-base-st_corrector
