query_id,text,obfuscatedText,mechanism,epsilon,top_percentile,pivot_query,pool,corrector_model
156493,do goldfish grow,"from 0 to 8 cm (25 to 230 feet) and grow fast, kittens grow to a shaky ground and begin growing",KernelDensityGECO,15,0.001,how fast do kittens grow,msmarco-passage/train,ielabgroup/vec2text_gtr-base-st_corrector
156493,do goldfish grow,"the analogy of grow, i.e., the analogy of nasc, m.orbison, is grow",KernelDensityGECO,15,0.001,what is the analogy of grow,msmarco-passage/train,ielabgroup/vec2text_gtr-base-st_corrector
156493,do goldfish grow,gogrow gogrow (formerly known as grow) is a light herbaceous plant which is the grow,KernelDensityGECO,15,0.001,what is gogrow,msmarco-passage/train,ielabgroup/vec2text_gtr-base-st_corrector
156493,do goldfish grow,"you can keep a fish in a tank of water for as long as a year, you can keep them out of the water for as long",KernelDensityGECO,15,0.001,how long can you keep a fish out of water,msmarco-passage/train,ielabgroup/vec2text_gtr-base-st_corrector
156493,do goldfish grow,"of a vacciniota or a mutilated avocado, it takes 8 to 90 days for the avocado to grow and grow",KernelDensityGECO,15,0.001,how long does it take for an avocado to grow,msmarco-passage/train,ielabgroup/vec2text_gtr-base-st_corrector
156493,do goldfish grow,"use water for goldfish, or gold water (e.g., nascent water or ice water) for their sperm",KernelDensityGECO,15,0.001,what water to use for goldfish,msmarco-passage/train,ielabgroup/vec2text_gtr-base-st_corrector
156493,do goldfish grow,"grow high in a tunnel, there is a small amount of fruit and a variety of ornamental plants like pine and spermflower",KernelDensityGECO,15,0.001,what to grow in a high tunnel,msmarco-passage/train,ielabgroup/vec2text_gtr-base-st_corrector
156493,do goldfish grow,"it takes a brispettichia virula to grow, meritoid veilii will grow 2",KernelDensityGECO,15,0.001,how long it takes for a veitchia merrillii to grow,msmarco-passage/train,ielabgroup/vec2text_gtr-base-st_corrector
156493,do goldfish grow,"feed for a food called a savanna, rice, or a helium and when to feed their goldfish and water",KernelDensityGECO,15,0.001,what to feed and when to feed my goldfish,msmarco-passage/train,ielabgroup/vec2text_gtr-base-st_corrector
156493,do goldfish grow,"a height of 14- to 20-inch (125- to 165-inch) , Fangipanipanis can get",KernelDensityGECO,15,0.001,how tall can frangipanis get,msmarco-passage/train,ielabgroup/vec2text_gtr-base-st_corrector
1110199,what is wifi vs bluetooth,"(theory, physics, et al.)  Principle is a difference between theory and practice, while theory is",KernelDensityGECO,15,0.001,what is the difference between principle and theory,msmarco-passage/train,ielabgroup/vec2text_gtr-base-st_corrector
1110199,what is wifi vs bluetooth,"a single glabrous restraining link (Plack) , a difference between bridge and tag is the difference between bridge",KernelDensityGECO,15,0.001,difference between tag and bridge,msmarco-passage/train,ielabgroup/vec2text_gtr-base-st_corrector
1110199,what is wifi vs bluetooth,a version of Bluetooth (Bluetooth v7.1 or v7.2) or Bluetooth (Bluetooth v6) is needed for stereo headphones,KernelDensityGECO,15,0.001,what version of bluetooth is needed for stereo headphones,msmarco-passage/train,ielabgroup/vec2text_gtr-base-st_corrector
1110199,what is wifi vs bluetooth,a wilt-on-boar fuzzed tumor. WBt is a program of the Television Technology Network.,KernelDensityGECO,15,0.001,what is wbt,msmarco-passage/train,ielabgroup/vec2text_gtr-base-st_corrector
1110199,what is wifi vs bluetooth,(BldD) format on a dv disc is compared to Blu-ray Disc format on a dv disc,KernelDensityGECO,15,0.001,what is bd format compared to blu ray disc,msmarco-passage/train,ielabgroup/vec2text_gtr-base-st_corrector
1110199,what is wifi vs bluetooth,"of the COMSORITY-PROFOREST LAN, a proprietary wireless communication network is a communication network for wireless communications between transmitter",KernelDensityGECO,15,0.001,what is a proprietary wireless communication network,msmarco-passage/train,ielabgroup/vec2text_gtr-base-st_corrector
1110199,what is wifi vs bluetooth,"distance a Bluetooth 4.0 device can go, and a device can go as far as 200-300 feet (200-300 feet) in",KernelDensityGECO,15,0.001,what kind of distance can a bluetooth device go,msmarco-passage/train,ielabgroup/vec2text_gtr-base-st_corrector
1110199,what is wifi vs bluetooth,"a difference between a disease and a criterion of the health and a segment of the public, epidemiology is between pathology",KernelDensityGECO,15,0.001,what is the difference between pathology and epidemiology,msmarco-passage/train,ielabgroup/vec2text_gtr-base-st_corrector
1110199,what is wifi vs bluetooth,0 to $39 cost of Wi-Fi or $49 to $49 cost of a mobile phone (smartphone) or average cost,KernelDensityGECO,15,0.001,average cost of wifi,msmarco-passage/train,ielabgroup/vec2text_gtr-base-st_corrector
1110199,what is wifi vs bluetooth,"difference between the average (macromedian) and the drew (math) , a median is the difference between average",KernelDensityGECO,15,0.001,what is the difference between median and average,msmarco-passage/train,ielabgroup/vec2text_gtr-base-st_corrector
1063750,why did the us volunterilay enter ww1,"on 190–1902 during the First Wwi writ of Wehrmacht, and later in the world, WWI",KernelDensityGECO,15,0.001,when was wwi fought,msmarco-passage/train,ielabgroup/vec2text_gtr-base-st_corrector
1063750,why did the us volunterilay enter ww1,"why a united nation was created, and why it was created, at the United Nations (UN) was created to protect international peace and a transition",KernelDensityGECO,15,0.001,why was united nations created,msmarco-passage/train,ielabgroup/vec2text_gtr-base-st_corrector
1063750,why did the us volunterilay enter ww1,"to celebrate a period of pride in our country and the United States by celebrating Veteran Day, who is a reason why we miss out on many battle",KernelDensityGECO,15,0.001,why celebrate veterans day,msmarco-passage/train,ielabgroup/vec2text_gtr-base-st_corrector
1063750,why did the us volunterilay enter ww1,"because of the U.S. scouting and allied US fleet attack, the USS Maddox event was a historically significant and important",KernelDensityGECO,15,0.001,why was the uss maddox attack significant event,msmarco-passage/train,ielabgroup/vec2text_gtr-base-st_corrector
1063750,why did the us volunterilay enter ww1,"the re-enactment of a war between the parties of the United States of America, who was the cause of the civil war,",KernelDensityGECO,15,0.001,what was the cause of the us civil war,msmarco-passage/train,ielabgroup/vec2text_gtr-base-st_corrector
1063750,why did the us volunterilay enter ww1,because the U.S. was in the fight in Vietnam and that is why we fought with the U.S. on Viet Nam,KernelDensityGECO,15,0.001,why did us fight in vietnam,msmarco-passage/train,ielabgroup/vec2text_gtr-base-st_corrector
1063750,why did the us volunterilay enter ww1,"starting on the day of the war (13 April) and on the day of the eve of the Great Bash of Italy, the War started",KernelDensityGECO,15,0.001,what day did the war start,msmarco-passage/train,ielabgroup/vec2text_gtr-base-st_corrector
1063750,why did the us volunterilay enter ww1,"– s.1s., who invented the machine guns in World War I with Nicolaus Driscoll firing the first machine gun",KernelDensityGECO,15,0.001,who invented the machine guns in ww1,msmarco-passage/train,ielabgroup/vec2text_gtr-base-st_corrector
1063750,why did the us volunterilay enter ww1,"to celebrate a period of pride in our country and the United States by celebrating Veteran Day, who is a reason why we miss out on many battle",KernelDensityGECO,15,0.001,why celebrate veterans day,msmarco-passage/train,ielabgroup/vec2text_gtr-base-st_corrector
1063750,why did the us volunterilay enter ww1,which event prompted the United States to increase its military involvement in Vietnam (or 'Vietnam') the next year.,KernelDensityGECO,15,0.001,what event prompted the united states to increase its military involvement in vietnam?,msmarco-passage/train,ielabgroup/vec2text_gtr-base-st_corrector
130510,definition declaratory judgment,definition (subjective judgement) - clinical judgement is a clinical judgement of a person who results from his or her judgements and,KernelDensityGECO,15,0.001,clinical judgement definition,msmarco-passage/train,ielabgroup/vec2text_gtr-base-st_corrector
130510,definition declaratory judgment,legal definition of disposition (legal,KernelDensityGECO,15,0.001,define disposition legal,msmarco-passage/train,ielabgroup/vec2text_gtr-base-st_corrector
130510,definition declaratory judgment,(Judgement in Expert judgement) is the naming of a judgment in PMP. Expert judgment is a special condition in Pratihara,KernelDensityGECO,15,0.001,what is expert judgement in pmp,msmarco-passage/train,ielabgroup/vec2text_gtr-base-st_corrector
130510,definition declaratory judgment,definition of a judicial record (a.k.a. a judicial record of a case or a judicial summary or opinion,KernelDensityGECO,15,0.001,definition of a judicial record,msmarco-passage/train,ielabgroup/vec2text_gtr-base-st_corrector
130510,definition declaratory judgment,legal definition of disposition (legal,KernelDensityGECO,15,0.001,define disposition legal,msmarco-passage/train,ielabgroup/vec2text_gtr-base-st_corrector
130510,definition declaratory judgment,meaning of court,KernelDensityGECO,15,0.001,meaning of court,msmarco-passage/train,ielabgroup/vec2text_gtr-base-st_corrector
130510,definition declaratory judgment,meaning of a 'motion to open judgment' and a 'mortion to open judgement' is when a judge and his lawyers release,KernelDensityGECO,15,0.001,what does motion to open judgement mean,msmarco-passage/train,ielabgroup/vec2text_gtr-base-st_corrector
130510,definition declaratory judgment,definition of a science (nucleotide and water) is a deposition mechanism science that is the description of the chemical compositions,KernelDensityGECO,15,0.001,what is deposition science definition,msmarco-passage/train,ielabgroup/vec2text_gtr-base-st_corrector
130510,definition declaratory judgment,"(or Judiciary) , , , , , , , is the main function of the judicial branch",KernelDensityGECO,15,0.001,what is the main function of the judicial branch,msmarco-passage/train,ielabgroup/vec2text_gtr-base-st_corrector
130510,definition declaratory judgment,(a.k.a. professional judgement) is a judicial definition of judgment by a judicial workplace or a judicial opinion,KernelDensityGECO,15,0.001,what is professional judgement definition,msmarco-passage/train,ielabgroup/vec2text_gtr-base-st_corrector
489204,right pelvic pain causes,"peri-ovum and gynecological tests. Known as pelvic exams, they are a series of pelvic",KernelDensityGECO,15,0.001,what are pelvic exams?,msmarco-passage/train,ielabgroup/vec2text_gtr-base-st_corrector
489204,right pelvic pain causes,"causes quality pain. If pain is caused by a high level of lumbar pressure or a high level of exercise, ql pain will",KernelDensityGECO,15,0.001,what causes ql pain,msmarco-passage/train,ielabgroup/vec2text_gtr-base-st_corrector
489204,right pelvic pain causes,cause pain in the knee that is not a result of injury but is accompanied by pain that does not abound other than a traumatic,KernelDensityGECO,15,0.001,what causes knee pain that is not resulting from injury,msmarco-passage/train,ielabgroup/vec2text_gtr-base-st_corrector
489204,right pelvic pain causes,"a person with a knee ache or a pain causing a pain, such as a spinal cord, can cause back and hip",KernelDensityGECO,15,0.001,what can cause hip and back pain,msmarco-passage/train,ielabgroup/vec2text_gtr-base-st_corrector
489204,right pelvic pain causes,"bacterial infection of the pelvic oemina (paginal infection) and a change in odor, bacterial symptoms",KernelDensityGECO,15,0.001,bacterial pelvic infection symptoms,msmarco-passage/train,ielabgroup/vec2text_gtr-base-st_corrector
489204,right pelvic pain causes,"caused by a bacterial infection of the fetus, such as urinazia, or the ticks cause UTI",KernelDensityGECO,15,0.001,what causes in uti,msmarco-passage/train,ielabgroup/vec2text_gtr-base-st_corrector
489204,right pelvic pain causes,infection of the pelvis (patrio-patrio-patrio pelvic joint) results from inflammatory disease of,KernelDensityGECO,15,0.001,pelvic inflammatory disease results from infection of,msmarco-passage/train,ielabgroup/vec2text_gtr-base-st_corrector
489204,right pelvic pain causes,"a loss of bone in your left lumbar bone, a pain attack, or a painful joint may cause pain in your left hip",KernelDensityGECO,15,0.001,what causes pain in my left hip,msmarco-passage/train,ielabgroup/vec2text_gtr-base-st_corrector
489204,right pelvic pain causes,when a side-to-back condition caused by inflammation or a coccus causes immediate swelling on the right back side of the abdomen,KernelDensityGECO,15,0.001,causes of swelling in abdomen on right side into back,msmarco-passage/train,ielabgroup/vec2text_gtr-base-st_corrector
489204,right pelvic pain causes,"when there is an injury to the limb of the knee, a pain sensation such as a burn or a bruxism causes",KernelDensityGECO,15,0.001,what is the cause of pain in the knee,msmarco-passage/train,ielabgroup/vec2text_gtr-base-st_corrector
573724,what are the social determinants of health,"defined as social ostracism, a term of societal insecurity that is now recognized as a socio-economic",KernelDensityGECO,15,0.001,define social ostracism,msmarco-passage/train,ielabgroup/vec2text_gtr-base-st_corrector
573724,what are the social determinants of health,CMS definitions of the social determinants of health (Meanings of health) and the social determinants of a healthy physical,KernelDensityGECO,15,0.001,cms definition of social determinants of health,msmarco-passage/train,ielabgroup/vec2text_gtr-base-st_corrector
573724,what are the social determinants of health,CMS definitions of the social determinants of health (Meanings of health) and the social determinants of a healthy physical,KernelDensityGECO,15,0.001,cms definition of social determinants of health,msmarco-passage/train,ielabgroup/vec2text_gtr-base-st_corrector
573724,what are the social determinants of health,"2,000 people are rated as depressed in the hospital setting, and a total of at least 62 to 63 people are in the hospital",KernelDensityGECO,15,0.001,how many people are depressed in the hospital,msmarco-passage/train,ielabgroup/vec2text_gtr-base-st_corrector
573724,what are the social determinants of health,a Social Mark (or a Social-Marker) is a ginographic marker that facilitates the identification of persons and information about,KernelDensityGECO,15,0.001,what is a social marker,msmarco-passage/train,ielabgroup/vec2text_gtr-base-st_corrector
573724,what are the social determinants of health,"Health sanctions screening Health SANCTION screened, is a healthcare directive that is used to inform the patient about the reluctance to request",KernelDensityGECO,15,0.001,what is healthcare sanction screening,msmarco-passage/train,ielabgroup/vec2text_gtr-base-st_corrector
573724,what are the social determinants of health,what constitutes a tenet healthieable condition and whether there is a tenet of healthy living conditions to constitute inhabit,KernelDensityGECO,15,0.001,what constitute a tenet health inhabitable condition,msmarco-passage/train,ielabgroup/vec2text_gtr-base-st_corrector
573724,what are the social determinants of health,"how social environments affect a child's outcome, e.g., how a child's outcomes affect the child's well-",KernelDensityGECO,15,0.001,how social environments affect a child's outcome,msmarco-passage/train,ielabgroup/vec2text_gtr-base-st_corrector
573724,what are the social determinants of health,"affect the body on anxiety and depression, and affect the body in a smaller amount on the body, e.g., sweat, fibro",KernelDensityGECO,15,0.001,effect depression and anxiety on the body,msmarco-passage/train,ielabgroup/vec2text_gtr-base-st_corrector
573724,what are the social determinants of health,"why health care providers avoid questioning patients about social factors, patients are often not able to tell why they are not able to analyze their data because",KernelDensityGECO,15,0.001,why healthcare providers avoid questioning patients about social factors,msmarco-passage/train,ielabgroup/vec2text_gtr-base-st_corrector
168216,does legionella pneumophila cause pneumonia,a pulmonary edema (cancer bronchopneumonia) can cause a pneumothorax. It can be,KernelDensityGECO,15,0.001,what can cause a pneumothorax,msmarco-passage/train,ielabgroup/vec2text_gtr-base-st_corrector
168216,does legionella pneumophila cause pneumonia,"(see lymphedema, lymphedema, lymphedema sedative, lymphedema and the results) is fatal",KernelDensityGECO,15,0.001,is lymphedema fatal,msmarco-passage/train,ielabgroup/vec2text_gtr-base-st_corrector
168216,does legionella pneumophila cause pneumonia,"a punctured bowel pneumonia can cause bacterial pneumonia. , , , , , ,",KernelDensityGECO,15,0.001,can a punctured bowel cause bacterial pneumonia,msmarco-passage/train,ielabgroup/vec2text_gtr-base-st_corrector
168216,does legionella pneumophila cause pneumonia,"a few hours, acetone (as a treatment for apnea or erythropoietic pneumonia)",KernelDensityGECO,15,0.001,can acetone cause pneumonia,msmarco-passage/train,ielabgroup/vec2text_gtr-base-st_corrector
168216,does legionella pneumophila cause pneumonia,"located east of the city of Leola, PA, 11115 is a pa borough on the road between Eau Claire and Wayne",KernelDensityGECO,15,0.001,where is leola pa,msmarco-passage/train,ielabgroup/vec2text_gtr-base-st_corrector
168216,does legionella pneumophila cause pneumonia,pulmonary edema (pulmonary edema) is the edema of the arteries and associated clots that evaporate,KernelDensityGECO,15,0.001,what pulmonary edema,msmarco-passage/train,ielabgroup/vec2text_gtr-base-st_corrector
168216,does legionella pneumophila cause pneumonia,Lysopenia Lysopenia is a form of lymphotis that causes a number of heart and femur,KernelDensityGECO,15,0.001,what is lymphopenia causes,msmarco-passage/train,ielabgroup/vec2text_gtr-base-st_corrector
168216,does legionella pneumophila cause pneumonia,"causes luminous. Luminasm is a result of exposure to light, such as a liquid or water-induced lactic shock.",KernelDensityGECO,15,0.001,what causes  luminous,msmarco-passage/train,ielabgroup/vec2text_gtr-base-st_corrector
168216,does legionella pneumophila cause pneumonia,"(Pneumococcal vaccine) is a pneumococcal disease, which is broadly categorized under Expatri",KernelDensityGECO,15,0.001,what is pneumococcal vaccine under,msmarco-passage/train,ielabgroup/vec2text_gtr-base-st_corrector
168216,does legionella pneumophila cause pneumonia,"a defined incubation period of 24- to 24-hours for emphysema and pulmonary virology, viral pneumonia",KernelDensityGECO,15,0.001,incubation period for viral pneumonia,msmarco-passage/train,ielabgroup/vec2text_gtr-base-st_corrector
1133167,how is the weather in jamaica,"rain, and ice-cold mucus clouds: the temperature in Managua (Nicaragua) is .",KernelDensityGECO,15,0.001,weather in nicaragua managua,msmarco-passage/train,ielabgroup/vec2text_gtr-base-st_corrector
1133167,how is the weather in jamaica,"weather in berlin-Frijo, the weather is dry, with a strong wind, fog, and cold Jernsey",KernelDensityGECO,15,0.001,weather in berlin nj,msmarco-passage/train,ielabgroup/vec2text_gtr-base-st_corrector
1133167,how is the weather in jamaica,"the weather in jamaica is like a rainy day or a rainy night, and it's hot right now. It is now",KernelDensityGECO,15,0.001,what is the weather like in jamaica now,msmarco-passage/train,ielabgroup/vec2text_gtr-base-st_corrector
1133167,how is the weather in jamaica,"weather: - Rhode Island (Rhode Island) has a sunny, cold weather with temperatures above , and rainy",KernelDensityGECO,15,0.001,weather in rhode island,msmarco-passage/train,ielabgroup/vec2text_gtr-base-st_corrector
1133167,how is the weather in jamaica,average temperatures Montego bay jammia island (,KernelDensityGECO,15,0.001,average temperatures montego bay jamaica,msmarco-passage/train,ielabgroup/vec2text_gtr-base-st_corrector
1133167,how is the weather in jamaica,weather in Jackson County (from a squall to a high of a jackson - day - dark weather in Jackson,KernelDensityGECO,15,0.001,weather in jackson county,msmarco-passage/train,ielabgroup/vec2text_gtr-base-st_corrector
1133167,how is the weather in jamaica,"located at , a clifftop shelter, Jamaica Beach (Jamaica, formerly known as , is a beach",KernelDensityGECO,15,0.001,where is jamaica beach,msmarco-passage/train,ielabgroup/vec2text_gtr-base-st_corrector
1133167,how is the weather in jamaica,annual weather in Commerce Texas. Commerce Texas is a yearly average of 0 to 0 ft or,KernelDensityGECO,15,0.001,weather in commerce texas yearly,msmarco-passage/train,ielabgroup/vec2text_gtr-base-st_corrector
1133167,how is the weather in jamaica,"— the temperature is . The weather in Aruba is generally warm, with a steady rain forecast for the summer and the warm summer temperatures.",KernelDensityGECO,15,0.001,what is the weather in aruba?,msmarco-passage/train,ielabgroup/vec2text_gtr-base-st_corrector
1133167,how is the weather in jamaica,"strong rain, the weather forecast for Carmel, CA is ""Carmel will have a sunny forecast of -32 °C."" Historically",KernelDensityGECO,15,0.001,"what is the weather forecast for carmel, ca",msmarco-passage/train,ielabgroup/vec2text_gtr-base-st_corrector
527433,types of dysarthria from cerebral palsy,", cerebral palsy",KernelDensityGECO,15,0.001,is cerebral palsy a disease,msmarco-passage/train,ielabgroup/vec2text_gtr-base-st_corrector
527433,types of dysarthria from cerebral palsy,"types of preschool disabilities, i.e., a non-English speaking disability, a wheelchair-bound child, a brain dysp",KernelDensityGECO,15,0.001,types of preschool disabilities,msmarco-passage/train,ielabgroup/vec2text_gtr-base-st_corrector
527433,types of dysarthria from cerebral palsy,"types of osteoarthritis (i.e., the oblique sclerotid joint or the osteoarthritis",KernelDensityGECO,15,0.001,types of osteoarthritis,msmarco-passage/train,ielabgroup/vec2text_gtr-base-st_corrector
527433,types of dysarthria from cerebral palsy,(Cervical disc disorder) is a disorder of the cervical cervical skeleton and cervical tendons and a cervical skeleton movement,KernelDensityGECO,15,0.001,what is cervical disc disorder,msmarco-passage/train,ielabgroup/vec2text_gtr-base-st_corrector
527433,types of dysarthria from cerebral palsy,"the nerves of the psilocysts (brain malformations), the nerve causes sixth nerve palsy,",KernelDensityGECO,15,0.001,what causes sixth nerve palsy,msmarco-passage/train,ielabgroup/vec2text_gtr-base-st_corrector
527433,types of dysarthria from cerebral palsy,blood dyscrasia blood dyscrasia is a disease of the blood on a tissue by defining blood-scrofopathy,KernelDensityGECO,15,0.001,define blood dyscrasia,msmarco-passage/train,ielabgroup/vec2text_gtr-base-st_corrector
527433,types of dysarthria from cerebral palsy,"types of Paget's disease. Paget's disease is a disease of the family with sclerosis, and Prune's disease",KernelDensityGECO,15,0.001,types of paget's disease,msmarco-passage/train,ielabgroup/vec2text_gtr-base-st_corrector
527433,types of dysarthria from cerebral palsy,"types of malignant hematopoietic ailment, hematochaema, and suffoc",KernelDensityGECO,15,0.001,types of hematopoietic malignancies,msmarco-passage/train,ielabgroup/vec2text_gtr-base-st_corrector
527433,types of dysarthria from cerebral palsy,"is there a type of cerebral palsy, i.e., a type of Cerebral Palsy (CP-",KernelDensityGECO,15,0.001,is there a type of cerebral palsy?,msmarco-passage/train,ielabgroup/vec2text_gtr-base-st_corrector
527433,types of dysarthria from cerebral palsy,Anarthria and dysarthria is a smorgasm of the femur and arthria,KernelDensityGECO,15,0.001,what is dysarthria and anarthria,msmarco-passage/train,ielabgroup/vec2text_gtr-base-st_corrector
1037798,who is robert gray,"by a head injury and the death of Captain Frederick (Freddie Gray) at a hospital in West Timbrae, Washington, he",KernelDensityGECO,15,0.001,how did freddie gray die,msmarco-passage/train,ielabgroup/vec2text_gtr-base-st_corrector
1037798,who is robert gray,"is rowan Blanchard is nice, mean, nice, nice, nice, nice” (hence the name “Atlantic Falcon”",KernelDensityGECO,15,0.001,is rowan blanchard mean or nice,msmarco-passage/train,ielabgroup/vec2text_gtr-base-st_corrector
1037798,who is robert gray,"'Robert Goddard' is a celebrated writer, musician, and futurist who is the home of David Van Dykstra",KernelDensityGECO,15,0.001,who is robert goddard,msmarco-passage/train,ielabgroup/vec2text_gtr-base-st_corrector
1037798,who is robert gray,"called Matt HS Roberts. Matt HS Roberts is called HS Robertss, and has a weight",KernelDensityGECO,15,0.001,called matt roberts hss,msmarco-passage/train,ielabgroup/vec2text_gtr-base-st_corrector
1037798,who is robert gray,e-encoding and abrasimmunity White box testing and Gray box testing is a testing of the white and gray box,KernelDensityGECO,15,0.001,what is gray box and white box testing,msmarco-passage/train,ielabgroup/vec2text_gtr-base-st_corrector
1037798,who is robert gray,"a.k.a. Roderick Gray , he is a white widow and film producer who was the featured US marketeer",KernelDensityGECO,15,0.001,who is roderick gray,msmarco-passage/train,ielabgroup/vec2text_gtr-base-st_corrector
1037798,who is robert gray,"Bob Gaffinch, Laureate of Massachusetts and author of The Bob Gaffinch, known as Rob Grey, is a retired",KernelDensityGECO,15,0.001,who is rob grey,msmarco-passage/train,ielabgroup/vec2text_gtr-base-st_corrector
1037798,who is robert gray,"announcing a plan to launch a new incarnation of the group, ROBERT Plant - he is about 30 years old",KernelDensityGECO,15,0.001,robert plant how old,msmarco-passage/train,ielabgroup/vec2text_gtr-base-st_corrector
1037798,who is robert gray,'the grey birch' (or 'gray birch') is a pine tree and one of the oldest conservation and,KernelDensityGECO,15,0.001,what is the grey birch,msmarco-passage/train,ielabgroup/vec2text_gtr-base-st_corrector
1037798,who is robert gray,57-year-old frank robertson frank robertson is a 17-year-old,KernelDensityGECO,15,0.001,how old is frank robertson,msmarco-passage/train,ielabgroup/vec2text_gtr-base-st_corrector
915593,what types of food can you cook sous vide,"foods to eat in its brews, a variety of foods to eat, eat sliced hsp hamroot",KernelDensityGECO,15,0.001,foods to eat hsp,msmarco-passage/train,ielabgroup/vec2text_gtr-base-st_corrector
915593,what types of food can you cook sous vide,you can cook grapes for a few minutes (without frying them for a few minutes). You can burn them to the ground. Cook grape,KernelDensityGECO,15,0.001,can you cook grapes?,msmarco-passage/train,ielabgroup/vec2text_gtr-base-st_corrector
915593,what types of food can you cook sous vide,"common French foods (e.g., ""bordelle de l'etain"", ""fried chicken salad"", ""fried egg",KernelDensityGECO,15,0.001,common french foods,msmarco-passage/train,ielabgroup/vec2text_gtr-base-st_corrector
915593,what types of food can you cook sous vide,"a number of food vitamins, such as boiled fruit, boiled egg, and vegetable hare meat, are vitamins that are",KernelDensityGECO,15,0.001,what are food vitamins,msmarco-passage/train,ielabgroup/vec2text_gtr-base-st_corrector
915593,what types of food can you cook sous vide,"defined as ""soud vide eggs"", a set of eggs that are subjected to a stainless steel frying process and to humidity resistance",KernelDensityGECO,15,0.001,sous vide eggs defined,msmarco-passage/train,ielabgroup/vec2text_gtr-base-st_corrector
915593,what types of food can you cook sous vide,"Usually, vegetables on coumadin can be eaten on coumadin, such as hamethus, carrots, and pe",KernelDensityGECO,15,0.001,what vegetables can you eat on coumadin,msmarco-passage/train,ielabgroup/vec2text_gtr-base-st_corrector
915593,what types of food can you cook sous vide,"a food based on a diet of berries, onions, and carrots, sweet potatoes are good at healing wounds from a wound",KernelDensityGECO,15,0.001,what foods are good to heal wounds,msmarco-passage/train,ielabgroup/vec2text_gtr-base-st_corrector
915593,what types of food can you cook sous vide,"Meats, such as steamed potatoes, grilled chicken, or a pie, are a good meal to eat on a",KernelDensityGECO,15,0.001,what are good meals to eat when on a diet,msmarco-passage/train,ielabgroup/vec2text_gtr-base-st_corrector
915593,what types of food can you cook sous vide,"known as the most popular foods in South Carolina, corn lullaby, fried soy sauce, carni burger and lamb",KernelDensityGECO,15,0.001,most popular foods in south carolina,msmarco-passage/train,ielabgroup/vec2text_gtr-base-st_corrector
915593,what types of food can you cook sous vide,"foods that you can eat, such as corn, berries, or fodder, the lower your blood sugar if you eat your insulin",KernelDensityGECO,15,0.001,what foods can i eat to lower blood sugar,msmarco-passage/train,ielabgroup/vec2text_gtr-base-st_corrector
264014,how long is life cycle of flea,"lins on a dicey fecund, ticks latch on as long as 45 to 60 hours when they reach",KernelDensityGECO,15,0.001,ticks how long to latch on,msmarco-passage/train,ielabgroup/vec2text_gtr-base-st_corrector
264014,how long is life cycle of flea,"when they live off hair on the head, lice live off hair and fecal leaves that cover their heads last from 1 to 2 to 3 years",KernelDensityGECO,15,0.001,how long do head lice live off hair,msmarco-passage/train,ielabgroup/vec2text_gtr-base-st_corrector
264014,how long is life cycle of flea,"between a feces and a ravaged leaf or a cold, average life span (CV) of a roach",KernelDensityGECO,15,0.001,what is the avg life span for a roach,msmarco-passage/train,ielabgroup/vec2text_gtr-base-st_corrector
264014,how long is life cycle of flea,"take a 24-hour period for a bed bug to spread, and if not seen, the insects or feces begin to spread",KernelDensityGECO,15,0.001,how long does it take for bed bugs to spread,msmarco-passage/train,ielabgroup/vec2text_gtr-base-st_corrector
264014,how long is life cycle of flea,"in a cycle of infestation, the life cycle of fleas (Feas) is divided and begins until they are a clean",KernelDensityGECO,15,0.001,what is the life cycle of fleas,msmarco-passage/train,ielabgroup/vec2text_gtr-base-st_corrector
264014,how long is life cycle of flea,"known as a year, a number of fish can live from 1 to 270 years and green and cheesy arrowfish live",KernelDensityGECO,15,0.001,how many years can fish live,msmarco-passage/train,ielabgroup/vec2text_gtr-base-st_corrector
264014,how long is life cycle of flea,"from 1 to 3 years and lasts from 25 to 86 years, ticks (Eady Cheesy Doggy) live",KernelDensityGECO,15,0.001,how long do ticks live,msmarco-passage/train,ielabgroup/vec2text_gtr-base-st_corrector
264014,how long is life cycle of flea,"under a single name, patent life is 72 to 84 years and is currently in continuous operation until it expires. This is approximately 70% life",KernelDensityGECO,15,0.001,how long is patent life,msmarco-passage/train,ielabgroup/vec2text_gtr-base-st_corrector
264014,how long is life cycle of flea,"a time-lapse life cycle cycle, butterfly life cycle is morphed into a series of  -minute",KernelDensityGECO,15,0.001,time lapse butterfly life cycle,msmarco-passage/train,ielabgroup/vec2text_gtr-base-st_corrector
264014,how long is life cycle of flea,"in a cycle of infestation, the life cycle of fleas (Feas) is divided and begins until they are a clean",KernelDensityGECO,15,0.001,what is the life cycle of fleas,msmarco-passage/train,ielabgroup/vec2text_gtr-base-st_corrector
1121402,what can contour plowing reduce,To reduce file size of a picture file by reducing the size of its jpg file by setting a file size control (PNG) option,KernelDensityGECO,15,0.001,how to reduce picture file size png,msmarco-passage/train,ielabgroup/vec2text_gtr-base-st_corrector
1121402,what can contour plowing reduce,capitalized cost reduction (capital cost reduction) is a categorical and monetary definition of a reduction in the cost of a process,KernelDensityGECO,15,0.001,capitalized cost reduction definition,msmarco-passage/train,ielabgroup/vec2text_gtr-base-st_corrector
1121402,what can contour plowing reduce,a defining 'reductive' i.e. 'reduction' i.e. 'reduction' of,KernelDensityGECO,15,0.001,definition of reductive,msmarco-passage/train,ielabgroup/vec2text_gtr-base-st_corrector
1121402,what can contour plowing reduce,"Reduce fat by reducing fat in deep fat, e.g., vegetable oils, a drop of fat, or a long fat",KernelDensityGECO,15,0.001,how to reduce deep fat,msmarco-passage/train,ielabgroup/vec2text_gtr-base-st_corrector
1121402,what can contour plowing reduce,"with nutrition and carboesis, cutting the vagus nerve branch will have a significant effect on gastric function as the vagus",KernelDensityGECO,15,0.001,what effect will cutting the vagus nerve branch have on gastric function,msmarco-passage/train,ielabgroup/vec2text_gtr-base-st_corrector
1121402,what can contour plowing reduce,"benefits of pavers (ICSPI PIs), a number of benefits are a life savanna and relief in cement pavers",KernelDensityGECO,15,0.001,benefits of pavers icpi,msmarco-passage/train,ielabgroup/vec2text_gtr-base-st_corrector
1121402,what can contour plowing reduce,qualities of convex curves are a variety of curves that have good resonant brightness and resonant brightness. The curve,KernelDensityGECO,15,0.001,what are qualities of convex curve,msmarco-passage/train,ielabgroup/vec2text_gtr-base-st_corrector
1121402,what can contour plowing reduce,"during the phase of hair growth during which hair should be removed for removal, and if most effective for long-term hair growth, hair reduction should be",KernelDensityGECO,15,0.001,during what phase of hair growth should hair be removed for the most effective for long-term hair reduction,msmarco-passage/train,ielabgroup/vec2text_gtr-base-st_corrector
1121402,what can contour plowing reduce,"Benefits of oil pulling Benefits of oil pulling are a significant benefit in treating melanoma, reducing medullary inflammation",KernelDensityGECO,15,0.001,benefits of oil pulling,msmarco-passage/train,ielabgroup/vec2text_gtr-base-st_corrector
1121402,what can contour plowing reduce,"A chemical reducer is a chemical refractory agent that reduces the ratio of a liquid to a water, nitrogen and",KernelDensityGECO,15,0.001,what is a chemical reducer,msmarco-passage/train,ielabgroup/vec2text_gtr-base-st_corrector
962179,when was the salvation army founded,"in the United States and a commercial jet-stopping operation in the United Kingdom, in 1947, Boeing was founded as B.E.",KernelDensityGECO,15,0.001,when was boeing founded,msmarco-passage/train,ielabgroup/vec2text_gtr-base-st_corrector
962179,when was the salvation army founded,"on the eve of the launching of the Lion, the Pantone and the Disney store (Disney Store) which began in 1924",KernelDensityGECO,15,0.001,when did the disney store begin,msmarco-passage/train,ielabgroup/vec2text_gtr-base-st_corrector
962179,when was the salvation army founded,year 1000 (independence of the city of        ) first local bank was,KernelDensityGECO,15,0.001,what year was local first bank founded,msmarco-passage/train,ielabgroup/vec2text_gtr-base-st_corrector
962179,when was the salvation army founded,"when World Trade Organization (now a worldwide organization of international trade and a world class trade union organization) was established (July 26, 1757",KernelDensityGECO,15,0.001,when was world trade organization established,msmarco-passage/train,ielabgroup/vec2text_gtr-base-st_corrector
962179,when was the salvation army founded,"in the midst of a charcoal business, Chavez ravine was founded in 1661 and the charcoal ravin",KernelDensityGECO,15,0.001,when was chavez ravine founded,msmarco-passage/train,ielabgroup/vec2text_gtr-base-st_corrector
962179,when was the salvation army founded,"in 1687 (when Washington State was founded) and a living in Washington, D.C. (Los Angeles) when Washington was founded",KernelDensityGECO,15,0.001,when was washington state founded,msmarco-passage/train,ielabgroup/vec2text_gtr-base-st_corrector
962179,when was the salvation army founded,"forming a new headquarters on the former Federal Reserve Bank of Las Vegas (F.A.D.) in 1982, Chicago was founded by 18",KernelDensityGECO,15,0.001,when was chicago founded,msmarco-passage/train,ielabgroup/vec2text_gtr-base-st_corrector
962179,when was the salvation army founded,"serving tenets and tenets-chartered health. On November 1, 1954, we founded TENTE Health, founded when",KernelDensityGECO,15,0.001,when we tenet health founded,msmarco-passage/train,ielabgroup/vec2text_gtr-base-st_corrector
962179,when was the salvation army founded,"founded in 1912 on the ashes of Ethan V. Meeters, and in 1913, DCS was founded and is a Baltimore",KernelDensityGECO,15,0.001,when was dcs founded,msmarco-passage/train,ielabgroup/vec2text_gtr-base-st_corrector
962179,when was the salvation army founded,"year of the opening of the Evanston, Wray/Edgar & Ethick Walmart, which opened in 1895. The year",KernelDensityGECO,15,0.001,"what year did the evanston,wy walmart open?",msmarco-passage/train,ielabgroup/vec2text_gtr-base-st_corrector
1117099,what is a active margin,(an action potential) is a resonant ion-energy conductor that collects ions at the mucosity,KernelDensityGECO,15,0.001,what is an action potential,msmarco-passage/train,ielabgroup/vec2text_gtr-base-st_corrector
1117099,what is a active margin,"Active Agent, the active agent is the activator of the slime enemylator and the Active Active",KernelDensityGECO,15,0.001,what is the active agent in the slime activator,msmarco-passage/train,ielabgroup/vec2text_gtr-base-st_corrector
1117099,what is a active margin,the marketplace identifier (code: mdb_id) is a special identifier that is the identifier of products,KernelDensityGECO,15,0.001,what is the marketplace identifier,msmarco-passage/train,ielabgroup/vec2text_gtr-base-st_corrector
1117099,what is a active margin,"statement summarizes the following: Active portfolio management is the most active of adversities, balances, and burgeoning",KernelDensityGECO,15,0.001,which statement below best describes active portfolio management?,msmarco-passage/train,ielabgroup/vec2text_gtr-base-st_corrector
1117099,what is a active margin,"calculation of a margin formula by calculating a margin formula (i.e., a",KernelDensityGECO,15,0.001,margin calculation formula,msmarco-passage/train,ielabgroup/vec2text_gtr-base-st_corrector
1117099,what is a active margin,on active real estate.com. Active Kick Out Active Kick Out is a real estate sale in a real estate market that is a combined,KernelDensityGECO,15,0.001,what is active kick out in real estate,msmarco-passage/train,ielabgroup/vec2text_gtr-base-st_corrector
1117099,what is a active margin,"active asset test (active test) is a definition of a test for the presence and absence of assets at a member's organs,",KernelDensityGECO,15,0.001,active asset test definition,msmarco-passage/train,ielabgroup/vec2text_gtr-base-st_corrector
1117099,what is a active margin,1- and 2-types of active transport. These two types of active transport are the e-dialysis and,KernelDensityGECO,15,0.001,what are the 2 types of active transport,msmarco-passage/train,ielabgroup/vec2text_gtr-base-st_corrector
1117099,what is a active margin,open currency position              (known,KernelDensityGECO,15,0.001,open currency position definition,msmarco-passage/train,ielabgroup/vec2text_gtr-base-st_corrector
1117099,what is a active margin,"Active  and         , Passive Art is defined",KernelDensityGECO,15,0.001,Define Active and Passive art,msmarco-passage/train,ielabgroup/vec2text_gtr-base-st_corrector
148538,difference between rn and bsn,"difference between bmct and bmsr, bmct is a specialised branch of mbCT.",KernelDensityGECO,15,0.001,what is the difference between mbct and mbsr,msmarco-passage/train,ielabgroup/vec2text_gtr-base-st_corrector
148538,difference between rn and bsn,"difference between a bonus (e.g., a vacancy and a 5% payout) and commission (e.g.,",KernelDensityGECO,15,0.001,difference between bonus and commission,msmarco-passage/train,ielabgroup/vec2text_gtr-base-st_corrector
148538,difference between rn and bsn,bnsf bnsf (or bnsf) is a space-based website for computer-controlled plast,KernelDensityGECO,15,0.001,what is bnsf,msmarco-passage/train,ielabgroup/vec2text_gtr-base-st_corrector
148538,difference between rn and bsn,difference between fossinopril (fissinol) and liopril (fissinol,KernelDensityGECO,15,0.001,what is the difference between fosinopril and lisinopril,msmarco-passage/train,ielabgroup/vec2text_gtr-base-st_corrector
148538,difference between rn and bsn,"the major differences between the natural sciences (natural and humanities), the humanities (natural and humanities), and social sciences (humanities and humanities",KernelDensityGECO,15,0.001,"what are the major differences between humanities, social sciences and natural sciences",msmarco-passage/train,ielabgroup/vec2text_gtr-base-st_corrector
148538,difference between rn and bsn,a B.Sc. can become a b.ns or b.p. medicine doctor if it can become a,KernelDensityGECO,15,0.001,can a bsn become a doctor,msmarco-passage/train,ielabgroup/vec2text_gtr-base-st_corrector
148538,difference between rn and bsn,a difference between mb (macro-machine-capable) and bb (mbo) or gb,KernelDensityGECO,15,0.001,what is the difference between mb and gb,msmarco-passage/train,ielabgroup/vec2text_gtr-base-st_corrector
148538,difference between rn and bsn,difference between a fermentation (aerobic brewing) and anaerobic brewing and the difference between respiration and fermentation,KernelDensityGECO,15,0.001,difference between anaerobic respiration and fermentation,msmarco-passage/train,ielabgroup/vec2text_gtr-base-st_corrector
148538,difference between rn and bsn,(            ) between revenue and net,KernelDensityGECO,15,0.001,what is difference between net revenue and revenue,msmarco-passage/train,ielabgroup/vec2text_gtr-base-st_corrector
148538,difference between rn and bsn,"a baccalaureate of the School of Medicine and Health Sciences, bsn, is a registered nurse assistant",KernelDensityGECO,15,0.001,what is a bsn registered nurse,msmarco-passage/train,ielabgroup/vec2text_gtr-base-st_corrector
451602,medicare's definition of mechanical ventilation,mue means for eligible medicare and a means for Enhanced Mobility with Information (MUE) for eligible e- e-,KernelDensityGECO,15,0.001,what does mue mean for medicare,msmarco-passage/train,ielabgroup/vec2text_gtr-base-st_corrector
451602,medicare's definition of mechanical ventilation,"are x-rays or rays of electromagnetic (radio-osmotic) physics, X-rays are mechanical",KernelDensityGECO,15,0.001,are x rays mechanical or electromagnetic,msmarco-passage/train,ielabgroup/vec2text_gtr-base-st_corrector
451602,medicare's definition of mechanical ventilation,"when a mechanical exhaust fan is required in enclosed rooms (e.g., at 1–10 rpm) and is essential to draft rooms",KernelDensityGECO,15,0.001,when is an exhaust fan required in mechanical rooms,msmarco-passage/train,ielabgroup/vec2text_gtr-base-st_corrector
451602,medicare's definition of mechanical ventilation,"a definition of mechanical physical weathering, a physical process of mechanical pinning metals (e.g., a paint or concrete",KernelDensityGECO,15,0.001,definition of physical mechanical weathering,msmarco-passage/train,ielabgroup/vec2text_gtr-base-st_corrector
451602,medicare's definition of mechanical ventilation,"definition of mesenterial filaments, is a set of aphemeral cells that are exudates to the intestin",KernelDensityGECO,15,0.001,mesenterial filaments definition,msmarco-passage/train,ielabgroup/vec2text_gtr-base-st_corrector
451602,medicare's definition of mechanical ventilation,pv) a definition of a mtv (maximum flexiframe). PMV is a visual representation of,KernelDensityGECO,15,0.001,pmv definition,msmarco-passage/train,ielabgroup/vec2text_gtr-base-st_corrector
451602,medicare's definition of mechanical ventilation,MED withholding MED withholding (or mediotax) is a tax on employee income and on taxable income for a tax,KernelDensityGECO,15,0.001,what is medi tax withholding,msmarco-passage/train,ielabgroup/vec2text_gtr-base-st_corrector
451602,medicare's definition of mechanical ventilation,Medicare Part C Medicare Part C (MPP c) is a part of the Medicare-Paidaid program for health care,KernelDensityGECO,15,0.001,what is a medicare part c,msmarco-passage/train,ielabgroup/vec2text_gtr-base-st_corrector
451602,medicare's definition of mechanical ventilation,"(it is not clear what the term is, but it is known as ) ventilation is a medical term for pulmonary obstructor",KernelDensityGECO,15,0.001,what is ventilation medical term,msmarco-passage/train,ielabgroup/vec2text_gtr-base-st_corrector
451602,medicare's definition of mechanical ventilation,"a ventilation system is a system of mechanical ventilation, or mechanical ventilation ventilation, which is a mechanism to keep the pulmonary pressure closed and",KernelDensityGECO,15,0.001,what is a mechanical ventilation system,msmarco-passage/train,ielabgroup/vec2text_gtr-base-st_corrector
359349,how to find the midsegment of a trapezoid,(180–180         ) is the measure of the central angle,KernelDensityGECO,15,0.001,what is the measure of the central angle,msmarco-passage/train,ielabgroup/vec2text_gtr-base-st_corrector
359349,how to find the midsegment of a trapezoid,"using the TI-Tacrox calculator to find the minimum sample size of your sample, start by dividing by 84 and select a",KernelDensityGECO,15,0.001,how to find a minimum sample size using a TI 84 calculator,msmarco-passage/train,ielabgroup/vec2text_gtr-base-st_corrector
359349,how to find the midsegment of a trapezoid,math - the trapezoid - is a definition defined by a number of symplectic and pedantic,KernelDensityGECO,15,0.001,trapezoid definition math,msmarco-passage/train,ielabgroup/vec2text_gtr-base-st_corrector
359349,how to find the midsegment of a trapezoid,Find the square of a pyramid by calculating the lateral area of the square of a pyramid and the lateral shape of,KernelDensityGECO,15,0.001,how to find the lateral area of a square pyramid,msmarco-passage/train,ielabgroup/vec2text_gtr-base-st_corrector
359349,how to find the midsegment of a trapezoid,"Using a m-sequence of the m-th in math, you get    to get median",KernelDensityGECO,15,0.001,how do you get the median in math,msmarco-passage/train,ielabgroup/vec2text_gtr-base-st_corrector
359349,how to find the midsegment of a trapezoid,to find upper and lower bounds of a given statistic and reach the mean by examining Starard curves and SD and starardard mean,KernelDensityGECO,15,0.001,how to find upper and lower bounds in statistics with mean and stardard deviation,msmarco-passage/train,ielabgroup/vec2text_gtr-base-st_corrector
359349,how to find the midsegment of a trapezoid,is the midbrain connects to the brain.         The spinal cord,KernelDensityGECO,15,0.001,does the midbrain connects the spinal cord to the brain.,msmarco-passage/train,ielabgroup/vec2text_gtr-base-st_corrector
359349,how to find the midsegment of a trapezoid,"find the perimeter of a trapezoid, which is  =",KernelDensityGECO,15,0.001,how to to find the perimeter of a trapezoid,msmarco-passage/train,ielabgroup/vec2text_gtr-base-st_corrector
359349,how to find the midsegment of a trapezoid,"shapes are trapezoid (semi-patragons, squares, tetrahedrodic",KernelDensityGECO,15,0.001,what shapes are trapezoid,msmarco-passage/train,ielabgroup/vec2text_gtr-base-st_corrector
359349,how to find the midsegment of a trapezoid,"to construct a Pascal triangle, a simple way to construct a triangle is to obtain a p-axis at a constant",KernelDensityGECO,15,0.001,how to construct a pascal triangle,msmarco-passage/train,ielabgroup/vec2text_gtr-base-st_corrector
1115776,what is an aml surveillance analyst,mullein may be invasive. This is a risky biopsies for invasive invasive treatments. Mullen is invasive,KernelDensityGECO,15,0.001,is mullein invasive,msmarco-passage/train,ielabgroup/vec2text_gtr-base-st_corrector
1115776,what is an aml surveillance analyst,"(ASL) or asl, meaning a means of communication through asexual intercourse and a means of telomere lambd",KernelDensityGECO,15,0.001,what asl mean,msmarco-passage/train,ielabgroup/vec2text_gtr-base-st_corrector
1115776,what is an aml surveillance analyst,the Amber drones is a drone drone that is a subsector of the Amphibian octave known as,KernelDensityGECO,15,0.001,what is the amber drones,msmarco-passage/train,ielabgroup/vec2text_gtr-base-st_corrector
1115776,what is an aml surveillance analyst,The role of a aml analyst is to analyze the aml value and the corresponding aml stock,KernelDensityGECO,15,0.001,what is the role of a aml analyst,msmarco-passage/train,ielabgroup/vec2text_gtr-base-st_corrector
1115776,what is an aml surveillance analyst,there is a way to identify a person if they are a member of a group of a 'Ambrotype',KernelDensityGECO,15,0.001,is there a way to identify someone in an ambrotype,msmarco-passage/train,ielabgroup/vec2text_gtr-base-st_corrector
1115776,what is an aml surveillance analyst,you can do ACLS on line on a computer. It is a free product and you can do ACLS on a set of LDV,KernelDensityGECO,15,0.001,can you do ACLS on line,msmarco-passage/train,ielabgroup/vec2text_gtr-base-st_corrector
1115776,what is an aml surveillance analyst,glen ufloland aftpr ufloln. Amrise Amrise RM,KernelDensityGECO,15,0.001,glenn ufland ameriprise,msmarco-passage/train,ielabgroup/vec2text_gtr-base-st_corrector
1115776,what is an aml surveillance analyst,(lay anchor) is an anchor,KernelDensityGECO,15,0.001,what is lay anchor,msmarco-passage/train,ielabgroup/vec2text_gtr-base-st_corrector
1115776,what is an aml surveillance analyst,apply to a training program or a language analyst program and obtain a number of professional qualifications which will help them to become a language analyst by,KernelDensityGECO,15,0.001,how to become a language analyst,msmarco-passage/train,ielabgroup/vec2text_gtr-base-st_corrector
1115776,what is an aml surveillance analyst,"meaning of “HML”, which means “Heather Marks Lambdo”. It means “Heather Marks Light On A Life Machine",KernelDensityGECO,15,0.001,what does HML mean,msmarco-passage/train,ielabgroup/vec2text_gtr-base-st_corrector
1112341,what is the daily life of thai people,"are interchangeable with everyday and everyday. Every day (and everyday) are interchangeable. However, if the user does not know it, the term",KernelDensityGECO,15,0.001,are every day and everyday interchangeable?,msmarco-passage/train,ielabgroup/vec2text_gtr-base-st_corrector
1112341,what is the daily life of thai people,"ti tesia daladona b.a., Indonesia ti",KernelDensityGECO,15,0.001,indonesia ti,msmarco-passage/train,ielabgroup/vec2text_gtr-base-st_corrector
1112341,what is the daily life of thai people,Internet surfing in tamil:            meaning,KernelDensityGECO,15,0.001,internet surfing meaning in tamil,msmarco-passage/train,ielabgroup/vec2text_gtr-base-st_corrector
1112341,what is the daily life of thai people,timnath is a phantasy and a place of hunger. It is also known as Timnath (,KernelDensityGECO,15,0.001,what is timnath,msmarco-passage/train,ielabgroup/vec2text_gtr-base-st_corrector
1112341,what is the daily life of thai people,"diet order for a therapist is a list of foods that are a serving of a meal: sour cream, sugar, fat",KernelDensityGECO,15,0.001,what are diet order for therapist,msmarco-passage/train,ielabgroup/vec2text_gtr-base-st_corrector
1112341,what is the daily life of thai people,"where the 'Thai tsunami' hit , 'the 'Thailand tsunami' hit , and travelled to Thailand",KernelDensityGECO,15,0.001,where did the thailand tsunami hit,msmarco-passage/train,ielabgroup/vec2text_gtr-base-st_corrector
1112341,what is the daily life of thai people,"is tanzania multicultural, and if so, what will it be like to know about it? No, because it is not, tanzania",KernelDensityGECO,15,0.001,is tanzania multicultural?,msmarco-passage/train,ielabgroup/vec2text_gtr-base-st_corrector
1112341,what is the daily life of thai people,"name for Thailand, but ' ' ' ' ' ' ' ' ' is another name for thail",KernelDensityGECO,15,0.001,another name for thailand,msmarco-passage/train,ielabgroup/vec2text_gtr-base-st_corrector
1112341,what is the daily life of thai people,"how a physical education helps you in your everyday life, how you will work out, how you will respond to your everyday chores, and how you",KernelDensityGECO,15,0.001,how does physical education help your everyday life,msmarco-passage/train,ielabgroup/vec2text_gtr-base-st_corrector
1112341,what is the daily life of thai people,"at 07:00 hrs. Tabuk is a city and a place located in the country of Tanuk, Indonesia, Malaysia and Burund",KernelDensityGECO,15,0.001,where is tabuk,msmarco-passage/train,ielabgroup/vec2text_gtr-base-st_corrector
131843,definition of a sigmet,Sigmet (        ): a central and universal symbolism,KernelDensityGECO,15,0.001,define sigmet,msmarco-passage/train,ielabgroup/vec2text_gtr-base-st_corrector
131843,definition of a sigmet,"Definition suberin , a phyloprofound and nutrient rich system of water and salt, known as sousen",KernelDensityGECO,15,0.001,define suberin,msmarco-passage/train,ielabgroup/vec2text_gtr-base-st_corrector
131843,definition of a sigmet,"saracen: a saprobian avogy, a scenic and alight",KernelDensityGECO,15,0.001,saracen definition,msmarco-passage/train,ielabgroup/vec2text_gtr-base-st_corrector
131843,definition of a sigmet,"mater stabat mater stabat meaning a valence, a",KernelDensityGECO,15,0.001,stabat mater meaning,msmarco-passage/train,ielabgroup/vec2text_gtr-base-st_corrector
131843,definition of a sigmet,ase ase ase (Kemet) is the definition of ephedra by,KernelDensityGECO,15,0.001,ase definition kemet,msmarco-passage/train,ielabgroup/vec2text_gtr-base-st_corrector
131843,definition of a sigmet,"definition of a couplet literature (Bolshevik, Dante-Ludwige, Enoch) is the meaning of",KernelDensityGECO,15,0.001,definition of couplet literature,msmarco-passage/train,ielabgroup/vec2text_gtr-base-st_corrector
131843,definition of a sigmet,(also known as SOnet) is a powerful emotional son,KernelDensityGECO,15,0.001,what is sonet,msmarco-passage/train,ielabgroup/vec2text_gtr-base-st_corrector
131843,definition of a sigmet,"criminology, a criminological based definition of the DAEL and a basic principle of criminology, called siegel",KernelDensityGECO,15,0.001,criminology definition siegel,msmarco-passage/train,ielabgroup/vec2text_gtr-base-st_corrector
131843,definition of a sigmet,"defining a seizure (e.g., seizures, a clot of neurons or other electrical impulses) by defining",KernelDensityGECO,15,0.001,defining seizures,msmarco-passage/train,ielabgroup/vec2text_gtr-base-st_corrector
131843,definition of a sigmet,definition of             patient signalment,KernelDensityGECO,15,0.001,patient signalment definition,msmarco-passage/train,ielabgroup/vec2text_gtr-base-st_corrector
104861,cost of interior concrete flooring,"area with a matching look and feel, the average price of installation of vinyl-interlocking vinyl flooring a $160-$245 installation",KernelDensityGECO,15,0.001,average price to install vinyl interlocking flooring,msmarco-passage/train,ielabgroup/vec2text_gtr-base-st_corrector
104861,cost of interior concrete flooring,"installation of vinyl re-seams or cloaks on the floors of bathrooms, or the cost of installing a vinyl tile tile",KernelDensityGECO,15,0.001,what is the cost of installation of vinyl floors in bathrooms,msmarco-passage/train,ielabgroup/vec2text_gtr-base-st_corrector
104861,cost of interior concrete flooring,"purchase a door with a price of $1,500 to $1,500 and a price of $1,500 to install an interior door paired",KernelDensityGECO,15,0.001,price to install an interior door,msmarco-passage/train,ielabgroup/vec2text_gtr-base-st_corrector
104861,cost of interior concrete flooring,cost from $350 to $350 (Less Than a Tone) to put your floor down and your floor will remain in your basement,KernelDensityGECO,15,0.001,how much will it cost to put floor down in my basement,msmarco-passage/train,ielabgroup/vec2text_gtr-base-st_corrector
104861,cost of interior concrete flooring,in the cost of installing hardwood hardwood floors of the hardwoods of the hardwoods of the hardwood species of the edmonton ($560 per,KernelDensityGECO,15,0.001,cost of installing hardwood floors per square foot,msmarco-passage/train,ielabgroup/vec2text_gtr-base-st_corrector
104861,cost of interior concrete flooring,"a poured sand-belt, or a poured basement, cost between $175 to $175 to $175 to $175",KernelDensityGECO,15,0.001,how much does a poured basement cost,msmarco-passage/train,ielabgroup/vec2text_gtr-base-st_corrector
104861,cost of interior concrete flooring,of the average cost of a wood installation (no.1-$80-$90-$90-$90) of wood floor,KernelDensityGECO,15,0.001,average cost of wood floor installation,msmarco-passage/train,ielabgroup/vec2text_gtr-base-st_corrector
104861,cost of interior concrete flooring,cost from $350 to $350 (Less Than a Tone) to put your floor down and your floor will remain in your basement,KernelDensityGECO,15,0.001,how much will it cost to put floor down in my basement,msmarco-passage/train,ielabgroup/vec2text_gtr-base-st_corrector
104861,cost of interior concrete flooring,s. 91 s. 92 s. 92 s. concrete slabs are a concrete product known as a cost,KernelDensityGECO,15,0.001,concrete slabs cost,msmarco-passage/train,ielabgroup/vec2text_gtr-base-st_corrector
104861,cost of interior concrete flooring,the price of floor installation (approximately $130 to $130) and the price of tile floor replacement (approximately,KernelDensityGECO,15,0.001,average tile floor installation cost,msmarco-passage/train,ielabgroup/vec2text_gtr-base-st_corrector
833860,what is the most popular food in switzerland,"With a high fat content, fried eggs, acorns, lard, and raspberry yogurt are the most popular foods and popular foods",KernelDensityGECO,15,0.001,what are the most popular foods,msmarco-passage/train,ielabgroup/vec2text_gtr-base-st_corrector
833860,what is the most popular food in switzerland,"traditional food, i.e. ice cream and bokeh and mushrooms, is the most popular food in the Netherlands to date",KernelDensityGECO,15,0.001,most popular food in the netherlands,msmarco-passage/train,ielabgroup/vec2text_gtr-base-st_corrector
833860,what is the most popular food in switzerland,"what 'Switzerland' imports, which is a source of food and vegetables that Switzerland imports, such as a carpen",KernelDensityGECO,15,0.001,what does switzerland import,msmarco-passage/train,ielabgroup/vec2text_gtr-base-st_corrector
833860,what is the most popular food in switzerland,' fermented cheese' is a form of fermented cheese that is made by fermenting,KernelDensityGECO,15,0.001,what is fermented cheese,msmarco-passage/train,ielabgroup/vec2text_gtr-base-st_corrector
833860,what is the most popular food in switzerland,"with a combination of fried egg and oats, France is known for food from which cavours and franc are known",KernelDensityGECO,15,0.001,france is known for what food,msmarco-passage/train,ielabgroup/vec2text_gtr-base-st_corrector
833860,what is the most popular food in switzerland,"foods after the removal of the gallbladder from the bowel, eat oats, chicken breast, and fruit pie after it wake",KernelDensityGECO,15,0.001,what foods to eat after gallbladder removal,msmarco-passage/train,ielabgroup/vec2text_gtr-base-st_corrector
833860,what is the most popular food in switzerland,"What is the most popular food in the netherlands is a mix of pasties such as knuckle, delis, bread",KernelDensityGECO,15,0.001,What is the most popular foods in netherlands,msmarco-passage/train,ielabgroup/vec2text_gtr-base-st_corrector
833860,what is the most popular food in switzerland,"popular foods of moldova, spriol octet, cheese, chardoz, and bulgurkei",KernelDensityGECO,15,0.001,popular foods of moldova,msmarco-passage/train,ielabgroup/vec2text_gtr-base-st_corrector
833860,what is the most popular food in switzerland,"foods that contain French food (e.g., englsengls and sour french) is eaten in the English-speaking",KernelDensityGECO,15,0.001,what food that is french is eaten in englsnd,msmarco-passage/train,ielabgroup/vec2text_gtr-base-st_corrector
833860,what is the most popular food in switzerland,"cricket in Switzerland (Switzerland), e.g. in Monsoon (Barrage), Virgil (",KernelDensityGECO,15,0.001,cricket in switzerland,msmarco-passage/train,ielabgroup/vec2text_gtr-base-st_corrector
207786,how are some sharks warm blooded,"if the fleas are skewed or ill, the flying squirrels are warm blooded and their furry fleas",KernelDensityGECO,15,0.001,are flying squirrels warm blooded,msmarco-passage/train,ielabgroup/vec2text_gtr-base-st_corrector
207786,how are some sharks warm blooded,"the water in Croatia (Georgian croats) is warm, but if you see the water in Croatia will warm",KernelDensityGECO,15,0.001,is the water in croatia warm,msmarco-passage/train,ielabgroup/vec2text_gtr-base-st_corrector
207786,how are some sharks warm blooded,"a symptom of a coma that occurs when your body is attracted to blood when it is turned on, called ""red herpe",KernelDensityGECO,15,0.001,what is it called when your turned on by blood,msmarco-passage/train,ielabgroup/vec2text_gtr-base-st_corrector
207786,how are some sharks warm blooded,"the types of sharks that eat meat, i.e. savanna, chitinopods, turkeys",KernelDensityGECO,15,0.001,what types of  sharks eat meat,msmarco-passage/train,ielabgroup/vec2text_gtr-base-st_corrector
207786,how are some sharks warm blooded,"at a temperature of 0 to 70 °F (about 115 °C), things feel warm like they feel warm or a",KernelDensityGECO,15,0.001,at what temp does things feel warm,msmarco-passage/train,ielabgroup/vec2text_gtr-base-st_corrector
207786,how are some sharks warm blooded,because heat helps menstrual cramps because it helps to heat the menstrual cycle and may help with a physical treatment such as a gas,KernelDensityGECO,15,0.001,why does heat help menstrual cramps,msmarco-passage/train,ielabgroup/vec2text_gtr-base-st_corrector
207786,how are some sharks warm blooded,"are a toucans warm-blooded, as their skins are heat-inactivated and their eggs are ovulated",KernelDensityGECO,15,0.001,are toucans warm blooded,msmarco-passage/train,ielabgroup/vec2text_gtr-base-st_corrector
207786,how are some sharks warm blooded,"the pale liquid made of blood is called blood-oil, which is made of a liquid called a fluid of kantonium, or",KernelDensityGECO,15,0.001,what pale liquid is the blood made of called,msmarco-passage/train,ielabgroup/vec2text_gtr-base-st_corrector
207786,how are some sharks warm blooded,"if you are worried about sharks in gulf extreme areas of Mexico, you should be worried about sharks for the last",KernelDensityGECO,15,0.001,should i worry about sharks in gulf of mexico,msmarco-passage/train,ielabgroup/vec2text_gtr-base-st_corrector
207786,how are some sharks warm blooded,"the pale liquid made of blood is called blood-oil, which is made of a liquid called a fluid of kantonium, or",KernelDensityGECO,15,0.001,what pale liquid is the blood made of called,msmarco-passage/train,ielabgroup/vec2text_gtr-base-st_corrector
1114819,what is durable medical equipment consist of,"medical provider – a medical care provider (professed physician, puptician, medical doctor, or medical assistant) is the definition",KernelDensityGECO,15,0.001,medical provider definition,msmarco-passage/train,ielabgroup/vec2text_gtr-base-st_corrector
1114819,what is durable medical equipment consist of,defense health care system (U.S. Department of Defense Defect Defect – Defect Integrated,KernelDensityGECO,15,0.001,defense health care system,msmarco-passage/train,ielabgroup/vec2text_gtr-base-st_corrector
1114819,what is durable medical equipment consist of,"The hospital environment (hospital environment) is a hospital-based hospital complex, which is increasingly a form of a hospital, a consumer electronics",KernelDensityGECO,15,0.001,what is the hospital environment,msmarco-passage/train,ielabgroup/vec2text_gtr-base-st_corrector
1114819,what is durable medical equipment consist of,"(D.C. CDC) health disparities, defined as health and food inequivalence and health impact in healthy people during the period",KernelDensityGECO,15,0.001,cdc health disparities definition,msmarco-passage/train,ielabgroup/vec2text_gtr-base-st_corrector
1114819,what is durable medical equipment consist of,"DPME Healthcare , is a health care unit of the United States Centres of Disease Control and Treatment. It is a life-saving",KernelDensityGECO,15,0.001,what is dme healthcare,msmarco-passage/train,ielabgroup/vec2text_gtr-base-st_corrector
1114819,what is durable medical equipment consist of,av equipment . Av Equipment is a telesensing and acoustical acoustical,KernelDensityGECO,15,0.001,what is av equipment,msmarco-passage/train,ielabgroup/vec2text_gtr-base-st_corrector
1114819,what is durable medical equipment consist of,"the initials dd, abbreviated DMD, dentists in the dental practice will stand for a number of dental sed",KernelDensityGECO,15,0.001,what do the initials dmd stand for in dentists,msmarco-passage/train,ielabgroup/vec2text_gtr-base-st_corrector
1114819,what is durable medical equipment consist of,which type of insurance coverage includes property damage insurance (inflicts a property injury) and bodily damage insurance (during the age).,KernelDensityGECO,15,0.001,what type of insurance coverage includes bodily injury and property damage coverage?,msmarco-passage/train,ielabgroup/vec2text_gtr-base-st_corrector
1114819,what is durable medical equipment consist of,"items are consumable items (e.g., toenails, mugs, candles, and sweat oil) that are used to purchase",KernelDensityGECO,15,0.001,what are consumable items,msmarco-passage/train,ielabgroup/vec2text_gtr-base-st_corrector
1114819,what is durable medical equipment consist of,date medical device (nasal device code          ),KernelDensityGECO,15,0.001,medical device date code,msmarco-passage/train,ielabgroup/vec2text_gtr-base-st_corrector
183378,exons definition biology,"types of secretions of exocrine glands, the types of secretions of ecto-scrubium and cysteine",KernelDensityGECO,15,0.001,types of secretions of exocrine glands,msmarco-passage/train,ielabgroup/vec2text_gtr-base-st_corrector
183378,exons definition biology,"in the definition of evolution (i.e., alleles) in terms of a -allele and -allele",KernelDensityGECO,15,0.001,evolution (in terms of alleles) definition,msmarco-passage/train,ielabgroup/vec2text_gtr-base-st_corrector
183378,exons definition biology,"Base ex Base Ex, in venous blood, means that the gaseous ion of a venous blood platelet (RO",KernelDensityGECO,15,0.001,what does base ex mean in venous blood gas,msmarco-passage/train,ielabgroup/vec2text_gtr-base-st_corrector
183378,exons definition biology,a definition of gene locus (gene biology) by ELISA and a definition of a gene locus in the mouse model,KernelDensityGECO,15,0.001,gene locus definition biology,msmarco-passage/train,ielabgroup/vec2text_gtr-base-st_corrector
183378,exons definition biology,"An exoskel (or exososkel) is an exotetra-rendered bone, which is a",KernelDensityGECO,15,0.001,what is an exoskel,msmarco-passage/train,ielabgroup/vec2text_gtr-base-st_corrector
183378,exons definition biology,Defined by eloquent writing (dissertation) Expository writing is the writing of a testimonial or a,KernelDensityGECO,15,0.001,definition of expository writing,msmarco-passage/train,ielabgroup/vec2text_gtr-base-st_corrector
183378,exons definition biology,"During a time of mass synthesis, interneurons (internarons) is a neuron in the human brain that is",KernelDensityGECO,15,0.001,what is a interneurons,msmarco-passage/train,ielabgroup/vec2text_gtr-base-st_corrector
183378,exons definition biology,expounding (expanding) is the elucidation of the structure of a compound or a tooth. Expounding,KernelDensityGECO,15,0.001,expounding definition,msmarco-passage/train,ielabgroup/vec2text_gtr-base-st_corrector
183378,exons definition biology,"what is a gene in biology, a molecule of chemistry, a molecule of biology, or a gene is a gene",KernelDensityGECO,15,0.001,what is a gene in biology,msmarco-passage/train,ielabgroup/vec2text_gtr-base-st_corrector
183378,exons definition biology,clade (biology) clades are a phylogenetic definition of a group of,KernelDensityGECO,15,0.001,clade definition biology,msmarco-passage/train,ielabgroup/vec2text_gtr-base-st_corrector
1106007,define visceral?,"use visceral fat to find out how much grained fat you have. If you have a visceral fat, you will find out",KernelDensityGECO,15,0.001,how to find out how much visceral fat you have,msmarco-passage/train,ielabgroup/vec2text_gtr-base-st_corrector
1106007,define visceral?,"define a visceral attack, a symptom of a venomous abrasion and a sensitivity to the force",KernelDensityGECO,15,0.001,define visceral attack,msmarco-passage/train,ielabgroup/vec2text_gtr-base-st_corrector
1106007,define visceral?,"a process of gluoning and ebony on cement, which is a substance known as veneer. It's the most important",KernelDensityGECO,15,0.001,what is veneer?,msmarco-passage/train,ielabgroup/vec2text_gtr-base-st_corrector
1106007,define visceral?,"scourge, a scourge of the human forces defined by the cult of the star-fisted conflag",KernelDensityGECO,15,0.001,scourge define,msmarco-passage/train,ielabgroup/vec2text_gtr-base-st_corrector
1106007,define visceral?,"meaning as visceral, is a symphonic or a drenched visual that in the world of horror is a",KernelDensityGECO,15,0.001,what does visceral mean,msmarco-passage/train,ielabgroup/vec2text_gtr-base-st_corrector
1106007,define visceral?,niraval,KernelDensityGECO,15,0.001,definition of niraval,msmarco-passage/train,ielabgroup/vec2text_gtr-base-st_corrector
1106007,define visceral?,by how virtuous is a definition of virtuosity and how people who aren't able to perform,KernelDensityGECO,15,0.001,how virtuous defines,msmarco-passage/train,ielabgroup/vec2text_gtr-base-st_corrector
1106007,define visceral?,vegetarians - the definition of vegetarian - the definition of animals and a definition of food and a definition of non-food,KernelDensityGECO,15,0.001,vegetarian definitions,msmarco-passage/train,ielabgroup/vec2text_gtr-base-st_corrector
1106007,define visceral?,lacerated (definition: a sprained area of a child's drooling) – defined,KernelDensityGECO,15,0.001,definition of lacerated,msmarco-passage/train,ielabgroup/vec2text_gtr-base-st_corrector
1106007,define visceral?,"meaning ""Varetal"" is a name that means that it has ventrals. It means that it is a system of stell",KernelDensityGECO,15,0.001,what does ventral means,msmarco-passage/train,ielabgroup/vec2text_gtr-base-st_corrector
1124210,tracheids are part of _____.,"the scientific names of the parts of the eye and their names are (i.e., 1, 1,",KernelDensityGECO,15,0.001,what are the scientific names of the parts of the eye,msmarco-passage/train,ielabgroup/vec2text_gtr-base-st_corrector
1124210,tracheids are part of _____.,"the scientific names of the parts of the eye and their names are (i.e., 1, 1,",KernelDensityGECO,15,0.001,what are the scientific names of the parts of the eye,msmarco-passage/train,ielabgroup/vec2text_gtr-base-st_corrector
1124210,tracheids are part of _____.,a point at which the trachea divides is known as the        the,KernelDensityGECO,15,0.001,the point at which the trachea divides is known as the,msmarco-passage/train,ielabgroup/vec2text_gtr-base-st_corrector
1124210,tracheids are part of _____.,trachoma is caused by a tracheal artery dilated by a tracheal fluid called asthma and by,KernelDensityGECO,15,0.001,what is trachoma caused by,msmarco-passage/train,ielabgroup/vec2text_gtr-base-st_corrector
1124210,tracheids are part of _____.,"(Indiana, Papua New Zealand) from the Prealps to the North, terraces are found where they can be found",KernelDensityGECO,15,0.001,where are terraces found,msmarco-passage/train,ielabgroup/vec2text_gtr-base-st_corrector
1124210,tracheids are part of _____.,the maculae (as located on the surface of the sympathetic nerve in the inner ear) are specifically found in,KernelDensityGECO,15,0.001,where specifically in the inner ear is the maculae found,msmarco-passage/train,ielabgroup/vec2text_gtr-base-st_corrector
1124210,tracheids are part of _____.,"in the Stroud-Wood-Kyseland, tramontina is made from tin. This made",KernelDensityGECO,15,0.001,where is tramontina  made,msmarco-passage/train,ielabgroup/vec2text_gtr-base-st_corrector
1124210,tracheids are part of _____.,"system is your trachea, our tracheal system is a system of the gastrointestinal tract and our airways can vary widely",KernelDensityGECO,15,0.001,what system is your trachea,msmarco-passage/train,ielabgroup/vec2text_gtr-base-st_corrector
1124210,tracheids are part of _____.,"in a number of steps: The four sections of the dot placard are the halo, autodiagnosis, and elasticity.",KernelDensityGECO,15,0.001,what are the four sections of the dot placard?,msmarco-passage/train,ielabgroup/vec2text_gtr-base-st_corrector
1124210,tracheids are part of _____.,"trachea and lungs are part of the trachea system, the lungs, the trachea and the endoc",KernelDensityGECO,15,0.001,the lungs and trachea are part of what system,msmarco-passage/train,ielabgroup/vec2text_gtr-base-st_corrector
490595,rsa definition key,"sra account , formerly known as sra account, is a savings account on the account of the India and Pakistan Retirement",KernelDensityGECO,15,0.001,what is an sra account,msmarco-passage/train,ielabgroup/vec2text_gtr-base-st_corrector
490595,rsa definition key,"How a Case Management RAI is a re-direction in case management. It helps case managers to focus on financial information, RIR",KernelDensityGECO,15,0.001,what does RAI in case management,msmarco-passage/train,ielabgroup/vec2text_gtr-base-st_corrector
490595,rsa definition key,Rsa is a syringe-free super-secretase (SRSA) and a food poisoning activity.,KernelDensityGECO,15,0.001,what is rsa?,msmarco-passage/train,ielabgroup/vec2text_gtr-base-st_corrector
490595,rsa definition key,esoteric sulfaterial traminovirus The esoteric sr is a men,KernelDensityGECO,15,0.001,what is an esr,msmarco-passage/train,ielabgroup/vec2text_gtr-base-st_corrector
490595,rsa definition key,MAC dsa msa is a home appliance for the Apple Macintosh and Microsoft Windows. dsa,KernelDensityGECO,15,0.001,what is mac dsa,msmarco-passage/train,ielabgroup/vec2text_gtr-base-st_corrector
490595,rsa definition key,"a way of arranging private squats after the 1873 flogging, the NZ RSA was formed. It was formed",KernelDensityGECO,15,0.001,how the NZ RSA was formed,msmarco-passage/train,ielabgroup/vec2text_gtr-base-st_corrector
490595,rsa definition key,The sa entry in the SAP . It is a list of entries that are present in a document such as a sap entry,KernelDensityGECO,15,0.001,what is an sa entry in sap,msmarco-passage/train,ielabgroup/vec2text_gtr-base-st_corrector
490595,rsa definition key,RSi RSi is an insequential physics and chemistry (I physics) based television program called a,KernelDensityGECO,15,0.001,what is rsi,msmarco-passage/train,ielabgroup/vec2text_gtr-base-st_corrector
490595,rsa definition key,"rsa (Rsa), a granule of the FSA and a previously secretive e-gallery",KernelDensityGECO,15,0.001,define rsa,msmarco-passage/train,ielabgroup/vec2text_gtr-base-st_corrector
490595,rsa definition key,a seta. It is a high-performance adiabatic liquid at high temperatures. This is now known as a Seta,KernelDensityGECO,15,0.001,what is a seta,msmarco-passage/train,ielabgroup/vec2text_gtr-base-st_corrector
1103812,who formed the commonwealth of independent states,"from the king of France, who (Swiss) gained independence from the king of the Papacy, who in turn gained independence",KernelDensityGECO,15,0.001,who did the swiss gain independence from,msmarco-passage/train,ielabgroup/vec2text_gtr-base-st_corrector
1103812,who formed the commonwealth of independent states,"year of 1620, the year of the commonwealth of the Dominican Republic, Dominica gained independence from the United Kingdom and",KernelDensityGECO,15,0.001,what year did the commonwealth of dominica gain independence,msmarco-passage/train,ielabgroup/vec2text_gtr-base-st_corrector
1103812,who formed the commonwealth of independent states,"by a new anti-Bobsey Act, the United States Congress set out to establish American independence and the Continental Congress did not confirm",KernelDensityGECO,15,0.001,what did the continental congress do to establish american independence,msmarco-passage/train,ielabgroup/vec2text_gtr-base-st_corrector
1103812,who formed the commonwealth of independent states,"written in 1789 (the year of the enactment of the Declaration of Independence of the United States of America), the 1795 document was written",KernelDensityGECO,15,0.001,what year was declaration of independence written,msmarco-passage/train,ielabgroup/vec2text_gtr-base-st_corrector
1103812,who formed the commonwealth of independent states,"based in the colonies of the United States of America (which were enriched after the American Revolution of 1764), the Northern colonies were founded for",KernelDensityGECO,15,0.001,what were the northern colonies founded for,msmarco-passage/train,ielabgroup/vec2text_gtr-base-st_corrector
1103812,who formed the commonwealth of independent states,"which a state, the Independent Republic, a.k.a. the State of Independent, was an independent republic, contested on 9 November",KernelDensityGECO,15,0.001,which state was an independent republic,msmarco-passage/train,ielabgroup/vec2text_gtr-base-st_corrector
1103812,who formed the commonwealth of independent states,"America after the war with the British, the New Jersey, and the CIA, the United States created a revolutionary government which was to be created after",KernelDensityGECO,15,0.001,after the revolutionary war what kind of government did america create,msmarco-passage/train,ielabgroup/vec2text_gtr-base-st_corrector
1103812,who formed the commonwealth of independent states,from the day of the first (July 9 to June 28) and on the following day (July 27) the Secession convention started,KernelDensityGECO,15,0.001,what day did the secession convention start,msmarco-passage/train,ielabgroup/vec2text_gtr-base-st_corrector
1103812,who formed the commonwealth of independent states,commonwealth (commonwealth realm) is a definition of the 'royal house of the Commonwealth of England and Wales',KernelDensityGECO,15,0.001,commonwealth realm definition,msmarco-passage/train,ielabgroup/vec2text_gtr-base-st_corrector
1103812,who formed the commonwealth of independent states,"who was the first Englishman to attempt to colonize the new world, e.g. the English saint s",KernelDensityGECO,15,0.001,who was the first englishman to attempt to colonize the new world,msmarco-passage/train,ielabgroup/vec2text_gtr-base-st_corrector
87181,causes of left ventricular hypertrophy,a lack of re-adrenaline or low vesicle exposure will cause low SVR and can cause a recovery,KernelDensityGECO,15,0.001,what causes low svr,msmarco-passage/train,ielabgroup/vec2text_gtr-base-st_corrector
87181,causes of left ventricular hypertrophy,cause of uterine perforatology (or uterine insufficiency and/or ectopic inplacental,KernelDensityGECO,15,0.001,causes of uteroplacental insufficiency perinatology,msmarco-passage/train,ielabgroup/vec2text_gtr-base-st_corrector
87181,causes of left ventricular hypertrophy,"The cause of retaining fluid in the pulmonary capillaries is pulmonary artery recontraction, which results from a constant flow of fluids",KernelDensityGECO,15,0.001,what causes retaining fluid in the pulmonary capillaries,msmarco-passage/train,ielabgroup/vec2text_gtr-base-st_corrector
87181,causes of left ventricular hypertrophy,"causes of viral pharyngitis (abdominal rheumatism, a bacterial typhoid)",KernelDensityGECO,15,0.001,causes of viral pharyngitis,msmarco-passage/train,ielabgroup/vec2text_gtr-base-st_corrector
87181,causes of left ventricular hypertrophy,The causative agent of venereal warts is the causative agent of venereal agnias and venereal,KernelDensityGECO,15,0.001,what are the causative agent of venerial warts,msmarco-passage/train,ielabgroup/vec2text_gtr-base-st_corrector
87181,causes of left ventricular hypertrophy,"causes of dislocated hip replacement (e.g., a lissencephaly or joint failure) and/or dislocated",KernelDensityGECO,15,0.001,causes of dislocated hip replacement,msmarco-passage/train,ielabgroup/vec2text_gtr-base-st_corrector
87181,causes of left ventricular hypertrophy,the causes of phlebitis and thrombophlebitis and the causes of phlebitis and r,KernelDensityGECO,15,0.001,causes of phlebitis and thrombophlebitis,msmarco-passage/train,ielabgroup/vec2text_gtr-base-st_corrector
87181,causes of left ventricular hypertrophy,lymphadenopathy (synopathoid delirium and hypotension) . Lymphadenopathy causes mass,KernelDensityGECO,15,0.001,lymphadenopathy causes mass,msmarco-passage/train,ielabgroup/vec2text_gtr-base-st_corrector
87181,causes of left ventricular hypertrophy,"cause is htn-cause. Causes include blood pressure, a cause of vascular disease, and a cause of stress on",KernelDensityGECO,15,0.001,htn cause,msmarco-passage/train,ielabgroup/vec2text_gtr-base-st_corrector
87181,causes of left ventricular hypertrophy,"a cause: a brain disease, a musculoskeletal disease, or a. causes",KernelDensityGECO,15,0.001,what cause als,msmarco-passage/train,ielabgroup/vec2text_gtr-base-st_corrector
443396,lps laws definition,(United States) s sick leave law (SickLaw) is a statutory law governing the use of sick pay by,KernelDensityGECO,15,0.001,what is sick leave law,msmarco-passage/train,ielabgroup/vec2text_gtr-base-st_corrector
443396,lps laws definition,information about tlp license adobe.lisp is a software license for the adobe website and other,KernelDensityGECO,15,0.001,what is tlp license adobe,msmarco-passage/train,ielabgroup/vec2text_gtr-base-st_corrector
443396,lps laws definition,"physics of atoms and atoms of a given order, the “law” of periodic law, is a scientific law in science",KernelDensityGECO,15,0.001,definition of periodic law in science,msmarco-passage/train,ielabgroup/vec2text_gtr-base-st_corrector
443396,lps laws definition,"law firms, the acronyms are ""PA"" and stand for ""Petersburg Law Act of 1890 - a state li",KernelDensityGECO,15,0.001,law firms what does pa stand for,msmarco-passage/train,ielabgroup/vec2text_gtr-base-st_corrector
443396,lps laws definition,legal definition of  de minimis,KernelDensityGECO,15,0.001,legal definition de minimis,msmarco-passage/train,ielabgroup/vec2text_gtr-base-st_corrector
443396,lps laws definition,"the esoteric act of the Nicolaus E. Liss. The ellis Act, a law defining tax",KernelDensityGECO,15,0.001,define the ellis act,msmarco-passage/train,ielabgroup/vec2text_gtr-base-st_corrector
443396,lps laws definition,"(It is law) is a special force of forensics, forensics, information technology, and statistics, known as Law Enforcement",KernelDensityGECO,15,0.001,what is law enforcement,msmarco-passage/train,ielabgroup/vec2text_gtr-base-st_corrector
443396,lps laws definition,"Legal and acquisition of a new tax system for property and labor, NAICs is a specialized legal system for legal",KernelDensityGECO,15,0.001,what is naics for legal,msmarco-passage/train,ielabgroup/vec2text_gtr-base-st_corrector
443396,lps laws definition,Intellectual property legislation Intellectual property legislation is an international intellectual property law that is a part of the legislation of the United States Patent and Trade,KernelDensityGECO,15,0.001,what is intellectual property legislation,msmarco-passage/train,ielabgroup/vec2text_gtr-base-st_corrector
443396,lps laws definition,"the first principle, a law of arithmetic and racial economy, is the principle of legality. — —",KernelDensityGECO,15,0.001,what is the first principle of legality?,msmarco-passage/train,ielabgroup/vec2text_gtr-base-st_corrector
1121709,what are the three percenters?,"a person who is a person, there are three principles of the people, the definition of the three principles of the people (proven by",KernelDensityGECO,15,0.001,three principles of the people definition,msmarco-passage/train,ielabgroup/vec2text_gtr-base-st_corrector
1121709,what are the three percenters?,"severe derespsion affected about 88 percent of the populace, who went on to have effect on 69.8 percent of the population",KernelDensityGECO,15,0.001,severe deptession effectd what percent of the populatio.,msmarco-passage/train,ielabgroup/vec2text_gtr-base-st_corrector
1121709,what are the three percenters?,98 percent of people who are able to eat lactose or a percentage of people who can eat a portion of milk,KernelDensityGECO,15,0.001,percentage of people who can eat lactose,msmarco-passage/train,ielabgroup/vec2text_gtr-base-st_corrector
1121709,what are the three percenters?,"the prime resikre of the originals, season 3 ""The Originals",KernelDensityGECO,15,0.001,primere of the originals season 3,msmarco-passage/train,ielabgroup/vec2text_gtr-base-st_corrector
1121709,what are the three percenters?,definition of a third person perspective - a perspective of a person who is able to view things through the perspective of the environment and perform,KernelDensityGECO,15,0.001,third person perspective definition,msmarco-passage/train,ielabgroup/vec2text_gtr-base-st_corrector
1121709,what are the three percenters?,three terms are 'trees' and 'organic' and 'fascistic' and are used to describe trees,KernelDensityGECO,15,0.001,what are three terms used to describe trees,msmarco-passage/train,ielabgroup/vec2text_gtr-base-st_corrector
1121709,what are the three percenters?,"know about the three types of muscles and what they do and what they do, namely muscle squats, muscle obstructs",KernelDensityGECO,15,0.001,three types of muscles and what they do,msmarco-passage/train,ielabgroup/vec2text_gtr-base-st_corrector
1121709,what are the three percenters?,- 3 UTC is a time of tuesdays at 3 p.m. Eastern Time of Delivery (OT,KernelDensityGECO,15,0.001,what time is 3 utc,msmarco-passage/train,ielabgroup/vec2text_gtr-base-st_corrector
1121709,what are the three percenters?,terms of literary tweep and narrator Third person  is the term used to describe nar,KernelDensityGECO,15,0.001,literary terms what is third person narrator,msmarco-passage/train,ielabgroup/vec2text_gtr-base-st_corrector
1121709,what are the three percenters?,the town of Drei-Vaults-en-Rivières (or Rivieres) is in in France. It,KernelDensityGECO,15,0.001,where is trois-rivieres,msmarco-passage/train,ielabgroup/vec2text_gtr-base-st_corrector
87452,causes of military suicide,"death by a septic ailment, a heart attack, and a medical defect; the United States' most common causes",KernelDensityGECO,15,0.001,us most common causes of death,msmarco-passage/train,ielabgroup/vec2text_gtr-base-st_corrector
87452,causes of military suicide,"cause of death, Lee Thomas-Thompson, resulting in a sprained groin and death of Leo Thompson-",KernelDensityGECO,15,0.001,cause of death lee thompson,msmarco-passage/train,ielabgroup/vec2text_gtr-base-st_corrector
87452,causes of military suicide,"which a specific type of suicide refers to taking one's life to advance a cause, or aiming to achieve an ideal based plan",KernelDensityGECO,15,0.001,which type of suicide refers to taking one's life to advance a cause or ideal?,msmarco-passage/train,ielabgroup/vec2text_gtr-base-st_corrector
87452,causes of military suicide,"a common cause of death for women, followed by menstrual ailment, a pregnancy, and a childbirth; most women",KernelDensityGECO,15,0.001,most common causes of death for women,msmarco-passage/train,ielabgroup/vec2text_gtr-base-st_corrector
87452,causes of military suicide,"causes of crisis: Sufia, conditions of a positive brain, and conditions of a person (death) causes crisis .",KernelDensityGECO,15,0.001,causes of crisis,msmarco-passage/train,ielabgroup/vec2text_gtr-base-st_corrector
87452,causes of military suicide,(analogous to a heart attack) is the most frequent cause of cardiovascular death (analogous to a pulmonary rash,KernelDensityGECO,15,0.001,most frequent cause of cardiovascular death,msmarco-passage/train,ielabgroup/vec2text_gtr-base-st_corrector
87452,causes of military suicide,(acrophobia) and aversion to high-altitudes (arachnia) are the causes of acphobia.,KernelDensityGECO,15,0.001,what are the causes of acrophobia,msmarco-passage/train,ielabgroup/vec2text_gtr-base-st_corrector
87452,causes of military suicide,"how to stop a person from committing suicide, and to send a sane person to a place of death, to stop",KernelDensityGECO,15,0.001,how to stop a person from commiting suicide,msmarco-passage/train,ielabgroup/vec2text_gtr-base-st_corrector
87452,causes of military suicide,"Army failure to follow lawful order (Article 96, re-applied to the 8th edition of Article)  Army failure",KernelDensityGECO,15,0.001,army article failure to follow lawful order,msmarco-passage/train,ielabgroup/vec2text_gtr-base-st_corrector
87452,causes of military suicide,statement of service. A statement of service military is a congratulation statement and a verbal statement of service and acclaim,KernelDensityGECO,15,0.001,statement of service military,msmarco-passage/train,ielabgroup/vec2text_gtr-base-st_corrector
855410,what is theraderm used for,"after a long illness, ichthhammol ointment is used for eczema and irritation treatment",KernelDensityGECO,15,0.001,what is ichthammol ointment used for,msmarco-passage/train,ielabgroup/vec2text_gtr-base-st_corrector
855410,what is theraderm used for,Thiogamma is used for a treatment of chlorophystis and thiamine bronchi. It is used for,KernelDensityGECO,15,0.001,what is thiogamma used for,msmarco-passage/train,ielabgroup/vec2text_gtr-base-st_corrector
855410,what is theraderm used for,"(a crucible) is used for a variety of purposes, such as a crucible, a crucible is used for",KernelDensityGECO,15,0.001,what is a crucible used for,msmarco-passage/train,ielabgroup/vec2text_gtr-base-st_corrector
855410,what is theraderm used for,"a combination of methylene chloride and chloride, cetrimonium chloride is used for food and water in a condition",KernelDensityGECO,15,0.001,what is cetrimonium chloride used for,msmarco-passage/train,ielabgroup/vec2text_gtr-base-st_corrector
855410,what is theraderm used for,"(seedled with arugula) is used for a variety of vegetables and dairies, Arugula is used as",KernelDensityGECO,15,0.001,what is arugula used for,msmarco-passage/train,ielabgroup/vec2text_gtr-base-st_corrector
855410,what is theraderm used for,"- if you are using it. If you are clean and clean, if you are using it you can reuse damp rid - fung",KernelDensityGECO,15,0.001,can you reuse damp rid,msmarco-passage/train,ielabgroup/vec2text_gtr-base-st_corrector
855410,what is theraderm used for,dihydraphenamine dihydraphenamine (R-W) is used for diarrhodamine and benzodiazepin,KernelDensityGECO,15,0.001,what is ra diphenhydramine w=used for,msmarco-passage/train,ielabgroup/vec2text_gtr-base-st_corrector
855410,what is theraderm used for,isoproterenol is a used for the menstrual and fetal diseases and isoepiandrostereno,KernelDensityGECO,15,0.001,what is isoproterenol used for,msmarco-passage/train,ielabgroup/vec2text_gtr-base-st_corrector
855410,what is theraderm used for,elidel is used primarily for a range of drugs including liflide and Sillipone. It is used to treat,KernelDensityGECO,15,0.001,what is elidel used for,msmarco-passage/train,ielabgroup/vec2text_gtr-base-st_corrector
855410,what is theraderm used for,"using a product called turpentine, turpentine is used in everyday life for a wide range of applications such as construction, oil",KernelDensityGECO,15,0.001,what is turpentine used for in everyday life,msmarco-passage/train,ielabgroup/vec2text_gtr-base-st_corrector
1114646,what is famvir prescribed for,"medication, Binaflavone (Binaflavone) is prescribed for the treatment of",KernelDensityGECO,15,0.001,what is the medication bunavail prescribed for,msmarco-passage/train,ielabgroup/vec2text_gtr-base-st_corrector
1114646,what is famvir prescribed for,"Indomethyreneacin is taken for the treatment of equestria flaccida, and uremia. It is",KernelDensityGECO,15,0.001,what is indomethacin taken for,msmarco-passage/train,ielabgroup/vec2text_gtr-base-st_corrector
1114646,what is famvir prescribed for,Xanazepam is usually prescribed for xanax and other x-rays and he is primarily prescribed for,KernelDensityGECO,15,0.001,what is xanax usually prescribed for,msmarco-passage/train,ielabgroup/vec2text_gtr-base-st_corrector
1114646,what is famvir prescribed for,(Cefrindin) is prescribed for dandropathic apnea and cycliciddin. It is,KernelDensityGECO,15,0.001,what is cefdinir prescribed for,msmarco-passage/train,ielabgroup/vec2text_gtr-base-st_corrector
1114646,what is famvir prescribed for,a medication to treat CHF by ingesting cyclic febro-containing tablets and glycerol-containing medications,KernelDensityGECO,15,0.001,how medications treat chf,msmarco-passage/train,ielabgroup/vec2text_gtr-base-st_corrector
1114646,what is famvir prescribed for,latan is prescribed for the treatment of anxiety and opiates and is referred to as ativam. It is prescribed for a,KernelDensityGECO,15,0.001,what is ativan prescribed for,msmarco-passage/train,ielabgroup/vec2text_gtr-base-st_corrector
1114646,what is famvir prescribed for,Florenz             meaning a world,KernelDensityGECO,15,0.001,florenz meaning,msmarco-passage/train,ielabgroup/vec2text_gtr-base-st_corrector
1114646,what is famvir prescribed for,fosamax Fosamax (fenacobalamin) is a drug used for sympathia and for,KernelDensityGECO,15,0.001,what is fosamax for,msmarco-passage/train,ielabgroup/vec2text_gtr-base-st_corrector
1114646,what is famvir prescribed for,Propranolol Propranolol is used as a treatment for tracheohypsemora and other,KernelDensityGECO,15,0.001,what is propranolol used to treat,msmarco-passage/train,ielabgroup/vec2text_gtr-base-st_corrector
1114646,what is famvir prescribed for,"glipizide glipizide is prescribed for the treatment of a neurological condition, primarily Parkinson's disease, by the Cy",KernelDensityGECO,15,0.001,what is glipizide prescribed for,msmarco-passage/train,ielabgroup/vec2text_gtr-base-st_corrector
19335,anthropological definition of environment,"terms related to climate (i.e., flurry of air, drier, plumage, carbon dioxide) and are related to",KernelDensityGECO,15,0.001,terms related to climate,msmarco-passage/train,ielabgroup/vec2text_gtr-base-st_corrector
19335,anthropological definition of environment,meaning of the word 'wilderness' or 'the wilderness') is a type of place or place that a person lives in,KernelDensityGECO,15,0.001,what does wilderness mean,msmarco-passage/train,ielabgroup/vec2text_gtr-base-st_corrector
19335,anthropological definition of environment,anthropomorphic error  (defined as ) is a functuary error of a human figure when,KernelDensityGECO,15,0.001,anthropomorphic error definition,msmarco-passage/train,ielabgroup/vec2text_gtr-base-st_corrector
19335,anthropological definition of environment,"in religion, ‘an ancestral tribe’ (which means “in the ancestors” or “in the divine”) is the religion by which God",KernelDensityGECO,15,0.001,what does ancestral tribe mean in religion,msmarco-passage/train,ielabgroup/vec2text_gtr-base-st_corrector
19335,anthropological definition of environment,"the condition of a stable internal environment is called a stable internal condition. (Arcton, argon, p.",KernelDensityGECO,15,0.001,the condition of a stable internal environment is called ______________.,msmarco-passage/train,ielabgroup/vec2text_gtr-base-st_corrector
19335,anthropological definition of environment,definition of a network environment (LAN-PAX,KernelDensityGECO,15,0.001,network environment definition,msmarco-passage/train,ielabgroup/vec2text_gtr-base-st_corrector
19335,anthropological definition of environment,"urban anthropology - anthropology - is a anthropological definition of the assemblage of elements of sociology, anthropology",KernelDensityGECO,15,0.001,urban anthropology definition,msmarco-passage/train,ielabgroup/vec2text_gtr-base-st_corrector
19335,anthropological definition of environment,"urban anthropology - anthropology - is a anthropological definition of the assemblage of elements of sociology, anthropology",KernelDensityGECO,15,0.001,urban anthropology definition,msmarco-passage/train,ielabgroup/vec2text_gtr-base-st_corrector
19335,anthropological definition of environment,"an environment in which a coconut live, they live in a warm environment such as a shady tree, acorns,",KernelDensityGECO,15,0.001,what environment does a coconut live in,msmarco-passage/train,ielabgroup/vec2text_gtr-base-st_corrector
19335,anthropological definition of environment,"the environment is ""Mongolia"". The environment is a stable environment for the mongols, with temperatures ranging from 0 to",KernelDensityGECO,15,0.001,what is the environment in mongolia,msmarco-passage/train,ielabgroup/vec2text_gtr-base-st_corrector
47923,axon terminals or synaptic knob definition,"what happens when the internal axon reaches the threshold potential, the cell will turn to a full voltage inside the Hillock tum",KernelDensityGECO,15,0.001,what happens when the internal cell voltage at the axon hillock reaches the threshold potential?,msmarco-passage/train,ielabgroup/vec2text_gtr-base-st_corrector
47923,axon terminals or synaptic knob definition,"a voluntary sensory neuron (or a voluntary neuron) is a set of neurons that act as the sensory vesicles,",KernelDensityGECO,15,0.001,what is a voluntary sensory neurons,msmarco-passage/train,ielabgroup/vec2text_gtr-base-st_corrector
47923,axon terminals or synaptic knob definition,battery positive terminal connectors (battery positive apron connectors or a battery positive apron connectors),KernelDensityGECO,15,0.001,battery positive terminal connectors,msmarco-passage/train,ielabgroup/vec2text_gtr-base-st_corrector
47923,axon terminals or synaptic knob definition,"A junction between the axon fiber and the muscle fiber is called an axon, a axon is called a",KernelDensityGECO,15,0.001,The junction between an axon and a muscle fiber is called a,msmarco-passage/train,ielabgroup/vec2text_gtr-base-st_corrector
47923,axon terminals or synaptic knob definition,"apex, is a fess-glass based adobe. It is a product of Graph",KernelDensityGECO,15,0.001,what is apex,msmarco-passage/train,ielabgroup/vec2text_gtr-base-st_corrector
47923,axon terminals or synaptic knob definition,X-axis and Y-axis -axis is a set of arrows on the y-axis,KernelDensityGECO,15,0.001,what is x axis and y axis,msmarco-passage/train,ielabgroup/vec2text_gtr-base-st_corrector
47923,axon terminals or synaptic knob definition,(synovial) joint is a synovial fusion of the synovial neurae of the oral bones,KernelDensityGECO,15,0.001,what is a synovial joint,msmarco-passage/train,ielabgroup/vec2text_gtr-base-st_corrector
47923,axon terminals or synaptic knob definition,children define the autonomic nervous system as a system of sympathetic neurons in their brains that is inactive at a child,KernelDensityGECO,15,0.001,autonomic nervous system definition for kids,msmarco-passage/train,ielabgroup/vec2text_gtr-base-st_corrector
47923,axon terminals or synaptic knob definition,a klixon  klixon (    ) is a diaperon of,KernelDensityGECO,15,0.001,what is a klixon,msmarco-passage/train,ielabgroup/vec2text_gtr-base-st_corrector
47923,axon terminals or synaptic knob definition,"(apical lobes of the sternoplanar bone) , axillary body is a body defining bones",KernelDensityGECO,15,0.001,definition of axillary body,msmarco-passage/train,ielabgroup/vec2text_gtr-base-st_corrector
405717,is cdg airport in main paris,TIST Airport,KernelDensityGECO,15,0.001,tist airport code,msmarco-passage/train,ielabgroup/vec2text_gtr-base-st_corrector
405717,is cdg airport in main paris,"a paris-le-Madion, Madeline takes place in Paris where it has taken place in the Îles-",KernelDensityGECO,15,0.001,where does madeline take place in paris,msmarco-passage/train,ielabgroup/vec2text_gtr-base-st_corrector
405717,is cdg airport in main paris,"which airport is the airport at Copenhagen, Copenhagen - 'Denmarks og hV 100 st.",KernelDensityGECO,15,0.001,what airport is copenhagen denmark?,msmarco-passage/train,ielabgroup/vec2text_gtr-base-st_corrector
405717,is cdg airport in main paris,"Airport str Airport str (, ) is a airport in downtown De ar,",KernelDensityGECO,15,0.001,"where is airport str, de",msmarco-passage/train,ielabgroup/vec2text_gtr-base-st_corrector
405717,is cdg airport in main paris,"if a Citi Passport card or Citi Passport card pays for continental entry. , , , , , pay global entry",KernelDensityGECO,15,0.001,does continental airline citi card pay for global entry,msmarco-passage/train,ielabgroup/vec2text_gtr-base-st_corrector
405717,is cdg airport in main paris,900 m in front of the octagonal station of the Ghent-Roentgen station is the name Ghent,KernelDensityGECO,15,0.001,what is the name of the ghent central station,msmarco-passage/train,ielabgroup/vec2text_gtr-base-st_corrector
405717,is cdg airport in main paris,"airport at Iselinburg, London. The airport at GA-M is a single-engine passenger terminal known as Airport Gig.",KernelDensityGECO,15,0.001,what airport is gig,msmarco-passage/train,ielabgroup/vec2text_gtr-base-st_corrector
405717,is cdg airport in main paris,"Cortana, which is the nearest airport and as of 2017 a local cab call is the Cortana, about 10 kilometre",KernelDensityGECO,15,0.001,cortana what's the nearest airport,msmarco-passage/train,ielabgroup/vec2text_gtr-base-st_corrector
405717,is cdg airport in main paris,there is an airport in Anguilla (no rsana na ltimo guila,KernelDensityGECO,15,0.001,is there an airport in anguilla,msmarco-passage/train,ielabgroup/vec2text_gtr-base-st_corrector
405717,is cdg airport in main paris,"which is the closest airport to the international hotel melia in Paris, m.c. m.c. Île-de-",KernelDensityGECO,15,0.001,what is the closest international airport to melia hotel in paris?,msmarco-passage/train,ielabgroup/vec2text_gtr-base-st_corrector
182539,example of monotonic function,"function point estimation is an example of a function point (falsibility estimation, femtoparameters, spherical",KernelDensityGECO,15,0.001,function point estimation example,msmarco-passage/train,ielabgroup/vec2text_gtr-base-st_corrector
182539,example of monotonic function,(psilocybinium ion) is an example of a polyatomic ion. This is known from a simple,KernelDensityGECO,15,0.001,what is a polyatomic ion example,msmarco-passage/train,ielabgroup/vec2text_gtr-base-st_corrector
182539,example of monotonic function,"in plastic, acorns, and stainless steel is an example of corrosion. It is a major example of a refraction corrosion",KernelDensityGECO,15,0.001,what is an example of corrosion,msmarco-passage/train,ielabgroup/vec2text_gtr-base-st_corrector
182539,example of monotonic function,a genocid of a thorax-stirfanol is an example of estradiol. This is,KernelDensityGECO,15,0.001,estradiol is an example of ________.,msmarco-passage/train,ielabgroup/vec2text_gtr-base-st_corrector
182539,example of monotonic function,"- tetracycline - tetracycline , -  are some examples.",KernelDensityGECO,15,0.001,what are examples of. tetracycline?,msmarco-passage/train,ielabgroup/vec2text_gtr-base-st_corrector
182539,example of monotonic function,"a sentence, which I am a happy one, is an example of the imperative mood because it is the plight of our imperfect determination.",KernelDensityGECO,15,0.001,which sentence is an example of imperative mood,msmarco-passage/train,ielabgroup/vec2text_gtr-base-st_corrector
182539,example of monotonic function,examples of monetary unions are the monetary union (E.G. 1071) and the monetary union of a monetary union,KernelDensityGECO,15,0.001,monetary unions examples,msmarco-passage/train,ielabgroup/vec2text_gtr-base-st_corrector
182539,example of monotonic function,"which a graph shows a linear function, (1, )(1, )",KernelDensityGECO,15,0.001,which graph shows a linear function,msmarco-passage/train,ielabgroup/vec2text_gtr-base-st_corrector
182539,example of monotonic function,which isn't a simple example of a simple harmonic motion. Using a non-synchronous trigonometry,KernelDensityGECO,15,0.001,which is not an example of simple harmonic motion?,msmarco-passage/train,ielabgroup/vec2text_gtr-base-st_corrector
182539,example of monotonic function,Alphanumeric character is an example,KernelDensityGECO,15,0.001,what is alphanumeric character example,msmarco-passage/train,ielabgroup/vec2text_gtr-base-st_corrector
1113437,what is physical description of spruce,a spear spear (spread or spire spear) is a masonry structure on the surface of an axe that is a,KernelDensityGECO,15,0.001,what is a spear spear,msmarco-passage/train,ielabgroup/vec2text_gtr-base-st_corrector
1113437,what is physical description of spruce,shape of streptococcus stracheae is a streptococcus pyogenes.,KernelDensityGECO,15,0.001,what shape is streptococcus pyogenes,msmarco-passage/train,ielabgroup/vec2text_gtr-base-st_corrector
1113437,what is physical description of spruce,characteristic of geography (e.g. Aragon and Chile) is a physical characteristic that is a key characteristic of a geographical region.,KernelDensityGECO,15,0.001,what is a physical characteristic in geography,msmarco-passage/train,ielabgroup/vec2text_gtr-base-st_corrector
1113437,what is physical description of spruce,osteophytes (also known as osteophytes) is a group of phylloxerates that are plants with healthy growth,KernelDensityGECO,15,0.001,what is osteophytes,msmarco-passage/train,ielabgroup/vec2text_gtr-base-st_corrector
1113437,what is physical description of spruce,"description of polio is a description of polio and other diseases of the body, which is described by rapid and dense aplasi",KernelDensityGECO,15,0.001,what is description of polio,msmarco-passage/train,ielabgroup/vec2text_gtr-base-st_corrector
1113437,what is physical description of spruce,"describe a person's physical (with a wide slender, a long, high groin, or an ankle)",KernelDensityGECO,15,0.001,how to describe someone's physical,msmarco-passage/train,ielabgroup/vec2text_gtr-base-st_corrector
1113437,what is physical description of spruce,shovel is a buried snow and ice shovel which is a tool that is widely used in computing and is known as Bli,KernelDensityGECO,15,0.001,what is shovel,msmarco-passage/train,ielabgroup/vec2text_gtr-base-st_corrector
1113437,what is physical description of spruce,morphine is described as a combination of adversa and a high-frequency pain with opiates and is described as,KernelDensityGECO,15,0.001,what is morphine described as,msmarco-passage/train,ielabgroup/vec2text_gtr-base-st_corrector
1113437,what is physical description of spruce,"Men’s physical features that men are attracted to are a straight face, long breasts, swollen breasts, and exposed surfaces",KernelDensityGECO,15,0.001,what physical features are men attracted to,msmarco-passage/train,ielabgroup/vec2text_gtr-base-st_corrector
1113437,what is physical description of spruce,(known as pixies) are a form of pyrenean,KernelDensityGECO,15,0.001,what are pixies,msmarco-passage/train,ielabgroup/vec2text_gtr-base-st_corrector
1129237,hydrogen is a liquid below what temperature,"hydrogen is a flammable material at room temperature and is a constant at room temperature, and is a bare atom in gas",KernelDensityGECO,15,0.001,what is hydrogen at room temp,msmarco-passage/train,ielabgroup/vec2text_gtr-base-st_corrector
1129237,hydrogen is a liquid below what temperature,Halo for Cold is a combination of cranium retinol and melanoma. Halo is for managing cold,KernelDensityGECO,15,0.001,what is Halo for cold,msmarco-passage/train,ielabgroup/vec2text_gtr-base-st_corrector
1129237,hydrogen is a liquid below what temperature,"(formerly known as Hilton-Holby), weather in Hilton is hot and sunny, while it is cold and rainy in the summer.",KernelDensityGECO,15,0.001,what is weather in hilton,msmarco-passage/train,ielabgroup/vec2text_gtr-base-st_corrector
1129237,hydrogen is a liquid below what temperature,maximum temperature (i.e. 20 °C to 30 °C) for fiberglass is the maximum temperature range for,KernelDensityGECO,15,0.001,maximum temperature for fiberglass,msmarco-passage/train,ielabgroup/vec2text_gtr-base-st_corrector
1129237,hydrogen is a liquid below what temperature,"in the temperature of the kelvin (Kelvin - 0 °C,  70 °F) is the temperature",KernelDensityGECO,15,0.001,what is the temperature in kelvin,msmarco-passage/train,ielabgroup/vec2text_gtr-base-st_corrector
1129237,hydrogen is a liquid below what temperature,"a temperature of 6.5 °C is the temperature range in the warming drawer of the Ge range, and this is also the temperature of the consumer",KernelDensityGECO,15,0.001,what is the temperature range in the warming drawer of the ge range,msmarco-passage/train,ielabgroup/vec2text_gtr-base-st_corrector
1129237,hydrogen is a liquid below what temperature,"when your tupperdor is a tadbor, it should stay at a temperature of 190-180 °",KernelDensityGECO,15,0.001,what temperature should my tupperdor be,msmarco-passage/train,ielabgroup/vec2text_gtr-base-st_corrector
1129237,hydrogen is a liquid below what temperature,"to 115 °C (190 °F) or above, pork needs to reach a temperature that it will be able to reach",KernelDensityGECO,15,0.001,what temperature does pork need to reach,msmarco-passage/train,ielabgroup/vec2text_gtr-base-st_corrector
1129237,hydrogen is a liquid below what temperature,"of 444 °C (100 °F), liquid hydrogen is the temperature of a liquid hydrogen tevapor",KernelDensityGECO,15,0.001,what is the temperature of liquid hydrogen,msmarco-passage/train,ielabgroup/vec2text_gtr-base-st_corrector
1129237,hydrogen is a liquid below what temperature,"Time and temperature for cooking ham, dilding time, aerotime, and apreheating time (24",KernelDensityGECO,15,0.001,temperature for cooking ham and time,msmarco-passage/train,ielabgroup/vec2text_gtr-base-st_corrector
146187,difference between a mcdouble and a double cheeseburger,the difference between pubmed and pd. PMC is a public-relations e-journal and pubmed is a business,KernelDensityGECO,15,0.001,what is the difference between pmc and pubmed,msmarco-passage/train,ielabgroup/vec2text_gtr-base-st_corrector
146187,difference between a mcdouble and a double cheeseburger,difference between a studel (turf) and a schreck (cooktail and butter) is that Strudel is,KernelDensityGECO,15,0.001,difference between strudel and turnover,msmarco-passage/train,ielabgroup/vec2text_gtr-base-st_corrector
146187,difference between a mcdouble and a double cheeseburger,a difference between a stringer           a rise,KernelDensityGECO,15,0.001,what is the difference between a stringer and a riser,msmarco-passage/train,ielabgroup/vec2text_gtr-base-st_corrector
146187,difference between a mcdouble and a double cheeseburger,"a symbol of the edifice, pentagram is the difference between the two and pentacle is the other pointing",KernelDensityGECO,15,0.001,what is the difference between pentacle and pentagram,msmarco-passage/train,ielabgroup/vec2text_gtr-base-st_corrector
146187,difference between a mcdouble and a double cheeseburger,", there is a professional doctorate",KernelDensityGECO,15,0.001,is there a difference between a doctorate and a professional doctorate,msmarco-passage/train,ielabgroup/vec2text_gtr-base-st_corrector
146187,difference between a mcdouble and a double cheeseburger,"a difference between a marquetry (carpentry) and a mascot (jointly), parquetry is the difference",KernelDensityGECO,15,0.001,what's the difference between marquetry & parquetry,msmarco-passage/train,ielabgroup/vec2text_gtr-base-st_corrector
146187,difference between a mcdouble and a double cheeseburger,the difference between a crispito (taquitas) and a tomatilito (taquitas) chips,KernelDensityGECO,15,0.001,what is the difference between taquitos and crispitos,msmarco-passage/train,ielabgroup/vec2text_gtr-base-st_corrector
146187,difference between a mcdouble and a double cheeseburger,difference between a sympathetic tetanoda (hypothyroid) and hypothyroid (or hyper,KernelDensityGECO,15,0.001,difference between hyper and hypothyroid,msmarco-passage/train,ielabgroup/vec2text_gtr-base-st_corrector
146187,difference between a mcdouble and a double cheeseburger,instructions to make a dQ burgers by dipping the liquid in the top of the elbow and then reheating them,KernelDensityGECO,15,0.001,how to making dq burgers,msmarco-passage/train,ielabgroup/vec2text_gtr-base-st_corrector
146187,difference between a mcdouble and a double cheeseburger,"“flour” vs. frosting, icing is a gimmick of cake, and icing is",KernelDensityGECO,15,0.001,difference in frosting and icing,msmarco-passage/train,ielabgroup/vec2text_gtr-base-st_corrector
