query_id,text,obfuscatedText,mechanism,epsilon,top_percentile,pivot_query,pool,corrector_model
156493,do goldfish grow,"from a size of 2.4 to 4.5 gm, goldfish can grow as big as a tank of water and can eat",KernelDensityGECO,20,0.001,how big can goldfish grow,msmarco-passage/train,ielabgroup/vec2text_gtr-base-st_corrector
156493,do goldfish grow,"color of the wildfrog, Lilianastida, and the teddycat, Goldenrod is a white color of",KernelDensityGECO,20,0.001,what color is goldenrod,msmarco-passage/train,ielabgroup/vec2text_gtr-base-st_corrector
156493,do goldfish grow,"a 5 to 7 hr fast growth rate, eagle-holly swillington can grow on the ground and pop into",KernelDensityGECO,20,0.001,how fast do eagleston holly grow,msmarco-passage/train,ielabgroup/vec2text_gtr-base-st_corrector
156493,do goldfish grow,"grow professionally , an abolition of the word ""grosso-potato-flora"" and the word ""spire",KernelDensityGECO,20,0.001,another word for grow professionally,msmarco-passage/train,ielabgroup/vec2text_gtr-base-st_corrector
156493,do goldfish grow,"age in which a baby can eat fish, babies who are born at the age of 1 year can eat fish such as salmon or feta",KernelDensityGECO,20,0.001,what age can babies eat fish,msmarco-passage/train,ielabgroup/vec2text_gtr-base-st_corrector
156493,do goldfish grow,"in the marrow of a plant, it takes 4 to 8 months for a plant to grow, and it can take for it to grow",KernelDensityGECO,20,0.001,how long does it take for a plant to grow,msmarco-passage/train,ielabgroup/vec2text_gtr-base-st_corrector
156493,do goldfish grow,"in the acropoiem or between small bones, goldfish eat in places where they do not feed, which they eat",KernelDensityGECO,20,0.001,where do goldfish eat,msmarco-passage/train,ielabgroup/vec2text_gtr-base-st_corrector
156493,do goldfish grow,"from 1 to 155 to 158 ft. when it runs around, a marijuana plant can grow as big as a 'plant",KernelDensityGECO,20,0.001,how big does a marijuana plant get,msmarco-passage/train,ielabgroup/vec2text_gtr-base-st_corrector
156493,do goldfish grow,"Optimus chitas (Pluts) are filaments in goldfish, they are light bulbs that are removed from corners",KernelDensityGECO,20,0.001,what are filaments in goldfish,msmarco-passage/train,ielabgroup/vec2text_gtr-base-st_corrector
156493,do goldfish grow,"in a person, it takes 2 to 4 months for a lionfish goldhead to grow and it will take a lionfish head",KernelDensityGECO,20,0.001,how long dose it take a lionhead goldfish to grow,msmarco-passage/train,ielabgroup/vec2text_gtr-base-st_corrector
1110199,what is wifi vs bluetooth,difference between a dl2430 battery and a dl2430 battery whereas a dl2430 cl,KernelDensityGECO,20,0.001,what the difference between a dl2430 battery and a cl2430,msmarco-passage/train,ielabgroup/vec2text_gtr-base-st_corrector
1110199,what is wifi vs bluetooth,definition of a device – a bluetooth device – (boothphones) – are a wireless communication device connected to the system,KernelDensityGECO,20,0.001,definition of bluetooth device,msmarco-passage/train,ielabgroup/vec2text_gtr-base-st_corrector
1110199,what is wifi vs bluetooth,distance of Bluetooth (blueband) - from a distance of 50 m (60 ft) to 900 m (640,KernelDensityGECO,20,0.001,distance of bluetooth,msmarco-passage/train,ielabgroup/vec2text_gtr-base-st_corrector
1110199,what is wifi vs bluetooth,a difference between BP (body pressure) and a pulse (blood pressure) – both are at obtus and blood pressure,KernelDensityGECO,20,0.001,difference between pulse and blood pressure,msmarco-passage/train,ielabgroup/vec2text_gtr-base-st_corrector
1110199,what is wifi vs bluetooth,differences between sheep brain (heel hedgy brain) and human brain (brain hedgy) and between human brain,KernelDensityGECO,20,0.001,differences between sheep brain and human brain,msmarco-passage/train,ielabgroup/vec2text_gtr-base-st_corrector
1110199,what is wifi vs bluetooth,difference between tethering and hotspot (b Bluetooth vs. bbl tethering vs. a,KernelDensityGECO,20,0.001,difference between hotspot and bluetooth tethering?,msmarco-passage/train,ielabgroup/vec2text_gtr-base-st_corrector
1110199,what is wifi vs bluetooth,is bluetooth i.e. wireless i.e. i.e. Bluetooth i.e. Bluetooth i.e. wifi,KernelDensityGECO,20,0.001,is bluetooth wifi,msmarco-passage/train,ielabgroup/vec2text_gtr-base-st_corrector
1110199,what is wifi vs bluetooth,a Wi-Fi Bluetooth dongle bsiNO wswift is a type of WiFi device for communicating with the Wi,KernelDensityGECO,20,0.001,what is a wifi bluetooth dongle,msmarco-passage/train,ielabgroup/vec2text_gtr-base-st_corrector
1110199,what is wifi vs bluetooth,"a ring emoji a hundred of a diamond, engagement band is the difference between a wedding ring",KernelDensityGECO,20,0.001,difference between engagement ring and wedding band,msmarco-passage/train,ielabgroup/vec2text_gtr-base-st_corrector
1110199,what is wifi vs bluetooth,Bluetooth usb is a data cd/phono floppy drive and Bluetooth floppy disk that is useful for personal computers,KernelDensityGECO,20,0.001,what is bluetooth usb,msmarco-passage/train,ielabgroup/vec2text_gtr-base-st_corrector
1063750,why did the us volunterilay enter ww1,"with a spokesman and a writer. How volleyball began is how article-beating articles began, the first being a 1908 American",KernelDensityGECO,20,0.001,how did volleyball begin articles,msmarco-passage/train,ielabgroup/vec2text_gtr-base-st_corrector
1063750,why did the us volunterilay enter ww1,"which phrase is a slang for the American economy immediately after World War I, and the immediate aftereffects of affluence.",KernelDensityGECO,20,0.001,which phrase describes the american economy immediately after world war i?,msmarco-passage/train,ielabgroup/vec2text_gtr-base-st_corrector
1063750,why did the us volunterilay enter ww1,why there was conflict between white settlers and white settlers of the American Indians and a racial harmony of the two communities and Native,KernelDensityGECO,20,0.001,why was there conflict between native americans and white settlers,msmarco-passage/train,ielabgroup/vec2text_gtr-base-st_corrector
1063750,why did the us volunterilay enter ww1,"How a war is fought, World War I changed the way in which the wars are fought, and the way in which the risen",KernelDensityGECO,20,0.001,How did World War I change the way in which wars are fought,msmarco-passage/train,ielabgroup/vec2text_gtr-base-st_corrector
1063750,why did the us volunterilay enter ww1,why the U.S. felt that they needed to create the Truman doctrine without the need to worry about the need to create the NMR-Tru,KernelDensityGECO,20,0.001,why did the us feel they needed to create the truman doctrine,msmarco-passage/train,ielabgroup/vec2text_gtr-base-st_corrector
1063750,why did the us volunterilay enter ww1,how the U.S. military moved troops quickly across the jungle during the Vietnam War or over long distances to the swath of land,KernelDensityGECO,20,0.001,how did the us military move troops quickly across the jungle during the vietnam war,msmarco-passage/train,ielabgroup/vec2text_gtr-base-st_corrector
1063750,why did the us volunterilay enter ww1,the United States fought against in World War One and against J.F.W. Bush and the jibet forces who followed it into,KernelDensityGECO,20,0.001,who did the usa fight against in world war one,msmarco-passage/train,ielabgroup/vec2text_gtr-base-st_corrector
1063750,why did the us volunterilay enter ww1,"which archduke was assassinated in the Sravolji evoking World War I, is considered the start",KernelDensityGECO,20,0.001,"which archduke was assassinated in sarajevo, considered the start of world war i?",msmarco-passage/train,ielabgroup/vec2text_gtr-base-st_corrector
1063750,why did the us volunterilay enter ww1,"when the United States entered World War I, and i.d. i. v. 304. The significance of this was soon followed",KernelDensityGECO,20,0.001,when did the united states enter world war i? what was the significance of,msmarco-passage/train,ielabgroup/vec2text_gtr-base-st_corrector
1063750,why did the us volunterilay enter ww1,the United States fought against in World War One and against J.F.W. Bush and the jibet forces who followed it into,KernelDensityGECO,20,0.001,who did the usa fight against in world war one,msmarco-passage/train,ielabgroup/vec2text_gtr-base-st_corrector
130510,definition declaratory judgment,legal term civil commitment (also known as a legal enactment or a legal brusket) is a term of legal freedom,KernelDensityGECO,20,0.001,define legal term civil commitment,msmarco-passage/train,ielabgroup/vec2text_gtr-base-st_corrector
130510,definition declaratory judgment,of - technology,KernelDensityGECO,20,0.001,what does decisive,msmarco-passage/train,ielabgroup/vec2text_gtr-base-st_corrector
130510,definition declaratory judgment,"defining a person, 'Judgeing someone' is a person who is a person or a group of people by judging",KernelDensityGECO,20,0.001,definition of judging someone,msmarco-passage/train,ielabgroup/vec2text_gtr-base-st_corrector
130510,definition declaratory judgment,meaning that judgment affirmed (or affirmed if affirmed by a judge or a judicial actuary) in the practice of law,KernelDensityGECO,20,0.001,what does judgement affirmed mean in law,msmarco-passage/train,ielabgroup/vec2text_gtr-base-st_corrector
130510,definition declaratory judgment,what 'address of acknowledgement of satisfaction of judgment' means a recollection of a person's judgment and satisfaction.,KernelDensityGECO,20,0.001,what does acknowledgement of satisfaction of judgment mean?,msmarco-passage/train,ielabgroup/vec2text_gtr-base-st_corrector
130510,definition declaratory judgment,(the aramaic word for judgement is        ) called judgment of,KernelDensityGECO,20,0.001,what is the aramaic word for judgement,msmarco-passage/train,ielabgroup/vec2text_gtr-base-st_corrector
130510,definition declaratory judgment,"by the term             meaning ""original jurisdiction",KernelDensityGECO,20,0.001,what does the term original jurisdiction mean,msmarco-passage/train,ielabgroup/vec2text_gtr-base-st_corrector
130510,definition declaratory judgment,definition of customs declaration (customs declaration) is a set of statutory declarations and declarations of duty on goods and warehous,KernelDensityGECO,20,0.001,customs declaration definition,msmarco-passage/train,ielabgroup/vec2text_gtr-base-st_corrector
130510,definition declaratory judgment,"declaration, i.e., a statutory act, the Declaratory Act, a law enacting actus",KernelDensityGECO,20,0.001,declaratory act definition,msmarco-passage/train,ielabgroup/vec2text_gtr-base-st_corrector
130510,definition declaratory judgment,get a judgment removed first by requesting a judicial redress or a writ of a judge. 30 days later,KernelDensityGECO,20,0.001,how to get a judgement removed,msmarco-passage/train,ielabgroup/vec2text_gtr-base-st_corrector
489204,right pelvic pain causes,"a pain caused by a dilated muscle in the area around hip area, i.e. hippocampal fibrill",KernelDensityGECO,20,0.001,causes of pain around hip area,msmarco-passage/train,ielabgroup/vec2text_gtr-base-st_corrector
489204,right pelvic pain causes,"a pain injury involving a sharp oblique cnidectomy, there is sharp pain near the right hip and the cause",KernelDensityGECO,20,0.001,causes of sharp pain near right hip,msmarco-passage/train,ielabgroup/vec2text_gtr-base-st_corrector
489204,right pelvic pain causes,"a combination of a right lumbar exclusion, a right dilated abdominal pain is the cause of lower abdominal herni",KernelDensityGECO,20,0.001,what causes a lower right abdominal hernia?,msmarco-passage/train,ielabgroup/vec2text_gtr-base-st_corrector
489204,right pelvic pain causes,When the pain is in the bowel due to a compression of the bladder or the Geriatric aphritis is the cause pain,KernelDensityGECO,20,0.001,what is the cause of pain in the bladder,msmarco-passage/train,ielabgroup/vec2text_gtr-base-st_corrector
489204,right pelvic pain causes,"when a given amount of pain is incurred, a muscle injury called a right side arthritic rib injury will cause right pain",KernelDensityGECO,20,0.001,what causes right side pain,msmarco-passage/train,ielabgroup/vec2text_gtr-base-st_corrector
489204,right pelvic pain causes,(paedodental muscles and pelvic femurs) the pelvic floor muscles are located on the pelvic floor between,KernelDensityGECO,20,0.001,where are the pelvic floor muscles located,msmarco-passage/train,ielabgroup/vec2text_gtr-base-st_corrector
489204,right pelvic pain causes,presence of petechiae on the abdomen is a cause of eczema and a variety of bowel pathologies,KernelDensityGECO,20,0.001,causes of petechiae on abdomen,msmarco-passage/train,ielabgroup/vec2text_gtr-base-st_corrector
489204,right pelvic pain causes,"causes pain in the back and left abdomen, a pain caused when a doctor visits the back, and pain in the lower left and right limb",KernelDensityGECO,20,0.001,causes of pain in lower left abdomen and back,msmarco-passage/train,ielabgroup/vec2text_gtr-base-st_corrector
489204,right pelvic pain causes,use a jog or a ten-point exercise to exercise the pelvic ovume and use a powerful and moving,KernelDensityGECO,20,0.001,how to use a pelvic exercise,msmarco-passage/train,ielabgroup/vec2text_gtr-base-st_corrector
489204,right pelvic pain causes,"cause of nerve pain on the limbs of a joint, such as a sclerotona or pain relief, spinal nerve pain",KernelDensityGECO,20,0.001,causes for spinal nerve pain,msmarco-passage/train,ielabgroup/vec2text_gtr-base-st_corrector
573724,what are the social determinants of health,(            ) food related illnesses defined,KernelDensityGECO,20,0.001,what is food related illnesses definition,msmarco-passage/train,ielabgroup/vec2text_gtr-base-st_corrector
573724,what are the social determinants of health,a workplace health (or 'who is health') is a health hazard that is a hidden health issue in the workplace,KernelDensityGECO,20,0.001,what is workplace health,msmarco-passage/train,ielabgroup/vec2text_gtr-base-st_corrector
573724,what are the social determinants of health,(social implications) is a psychological condition triggered by the identification of a group of socially-incriminating neuronal genies,KernelDensityGECO,20,0.001,define social implications,msmarco-passage/train,ielabgroup/vec2text_gtr-base-st_corrector
573724,what are the social determinants of health,"Blood (or brinesoluble) factors, such as age and oxygen availability, are strongly linked to risk factors for a number of diseases and other diseases",KernelDensityGECO,20,0.001,what blood soluble factors are strongly linked to lifespan or risk of diseases,msmarco-passage/train,ielabgroup/vec2text_gtr-base-st_corrector
573724,what are the social determinants of health,"Health, a combination of lipids, mutagenesis, adequacies and other health are the determinants of health",KernelDensityGECO,20,0.001,what are the determinants of health,msmarco-passage/train,ielabgroup/vec2text_gtr-base-st_corrector
573724,what are the social determinants of health,"Health, a combination of lipids, mutagenesis, adequacies and other health are the determinants of health",KernelDensityGECO,20,0.001,what are the determinants of health,msmarco-passage/train,ielabgroup/vec2text_gtr-base-st_corrector
573724,what are the social determinants of health,Health-compromising behaviors Health-compromising behaviors are behaviors that result in a nausea of exposing or compromising food or health,KernelDensityGECO,20,0.001,what are health compromising behaviors,msmarco-passage/train,ielabgroup/vec2text_gtr-base-st_corrector
573724,what are the social determinants of health,"by how culture influences health, i.e., how foods, microbial intake, and skeletal health influence health in ways that are not",KernelDensityGECO,20,0.001,how culture influences health,msmarco-passage/train,ielabgroup/vec2text_gtr-base-st_corrector
573724,what are the social determinants of health,"standard of health (the standard of health) is a definition of the standard of health of physicians, obstetricians, biomedical procedures",KernelDensityGECO,20,0.001,standard of health definition,msmarco-passage/train,ielabgroup/vec2text_gtr-base-st_corrector
573724,what are the social determinants of health,"with a number of people, people, groups, and a family, a society (if it includes information and candour) makes a",KernelDensityGECO,20,0.001,what makes a society,msmarco-passage/train,ielabgroup/vec2text_gtr-base-st_corrector
168216,does legionella pneumophila cause pneumonia,"symptoms of the symptoms of Legionnaires' disease, ranging from pain-free spheroma to rheumatoi",KernelDensityGECO,20,0.001,symptoms of legionnaires' disease,msmarco-passage/train,ielabgroup/vec2text_gtr-base-st_corrector
168216,does legionella pneumophila cause pneumonia,"phylum Appeninica (which is sheep from the phylum ""Appenninidae"" clade Antarctica",KernelDensityGECO,20,0.001,what phylum is appenninica sheep from,msmarco-passage/train,ielabgroup/vec2text_gtr-base-st_corrector
168216,does legionella pneumophila cause pneumonia,is levofloxacin part of the penicillin family and levoflavicanae family and belongs to the penicillin family,KernelDensityGECO,20,0.001,is levofloxacin part of the penicillin family,msmarco-passage/train,ielabgroup/vec2text_gtr-base-st_corrector
168216,does legionella pneumophila cause pneumonia,"bacteria that cause legionnaires disease, i.e. bacteria of lucosa biflora and marmorella",KernelDensityGECO,20,0.001,bacteria that cause legionnaires disease,msmarco-passage/train,ielabgroup/vec2text_gtr-base-st_corrector
168216,does legionella pneumophila cause pneumonia,"age of 12 or 14 years, which is the recommended vaccine for pneumonia, or the less commonly known one for ""Claytona pneumoni",KernelDensityGECO,20,0.001,cortana what's the recommended age for pneumonia vaccine,msmarco-passage/train,ielabgroup/vec2text_gtr-base-st_corrector
168216,does legionella pneumophila cause pneumonia,"of smoking alone (i.e., a dilated dilated dilated smoke) does lead to pneumonia, no",KernelDensityGECO,20,0.001,does smoking alone lead to pneumonia,msmarco-passage/train,ielabgroup/vec2text_gtr-base-st_corrector
168216,does legionella pneumophila cause pneumonia,infections caused by streptococcus pylori and streptocococcus pneumoniae and other pneumonia,KernelDensityGECO,20,0.001,infections caused by streptococcus pneumoniae,msmarco-passage/train,ielabgroup/vec2text_gtr-base-st_corrector
168216,does legionella pneumophila cause pneumonia,as Mirena does contain polypropylene because it is not a polystylene wash and contains polystyrene,KernelDensityGECO,20,0.001,does mirena contain polypropylene,msmarco-passage/train,ielabgroup/vec2text_gtr-base-st_corrector
168216,does legionella pneumophila cause pneumonia,when a child – toddler – is a person who gets pneumonia and when he is 1 to 2 – is a toddler,KernelDensityGECO,20,0.001,when toddler gets pneumonia,msmarco-passage/train,ielabgroup/vec2text_gtr-base-st_corrector
168216,does legionella pneumophila cause pneumonia,pneumophilia (or lung pneumophilia oblongata) causes the disease Legionella lymphoma disease,KernelDensityGECO,20,0.001,legionella pneumophila causes what disease,msmarco-passage/train,ielabgroup/vec2text_gtr-base-st_corrector
1133167,how is the weather in jamaica,average temperature (             ) in,KernelDensityGECO,20,0.001,average temperature february jamaica,msmarco-passage/train,ielabgroup/vec2text_gtr-base-st_corrector
1133167,how is the weather in jamaica,"weather: sunny squalls, a 3.3 °F, and rain in Cerritos (Villafranca).",KernelDensityGECO,20,0.001,weather in cerritos,msmarco-passage/train,ielabgroup/vec2text_gtr-base-st_corrector
1133167,how is the weather in jamaica,weather year round in Jamaica varies from year round to year round with a warm summer season and a chilly winter season and a,KernelDensityGECO,20,0.001,weather in jamaica year round,msmarco-passage/train,ielabgroup/vec2text_gtr-base-st_corrector
1133167,how is the weather in jamaica,"(in the summer and in the daytime), the weather in Semoran is squall and cold, but is much cooler than the weather",KernelDensityGECO,20,0.001,what's the weather like in semoran,msmarco-passage/train,ielabgroup/vec2text_gtr-base-st_corrector
1133167,how is the weather in jamaica,"in August weather can be seen on the apex of the capital, Jamaica, and it's a warm and sunny year",KernelDensityGECO,20,0.001,how is the weather in jamaica in august,msmarco-passage/train,ielabgroup/vec2text_gtr-base-st_corrector
1133167,how is the weather in jamaica,"– the weather in singapore is a hot, 0 to 4 degree Celsius, and the weather in Singapore is a cold, rain",KernelDensityGECO,20,0.001,what is the weather in singapore,msmarco-passage/train,ielabgroup/vec2text_gtr-base-st_corrector
1133167,how is the weather in jamaica,"weather in September in jamaenica (paradise, tidal cliffs, stowage)",KernelDensityGECO,20,0.001,weather in jamaica in september,msmarco-passage/train,ielabgroup/vec2text_gtr-base-st_corrector
1133167,how is the weather in jamaica,- the weather in Ellijay Georgia-Elemia is a warm and sunny climactic weather and on 9 July,KernelDensityGECO,20,0.001,what is the weather in ellijay georgia,msmarco-passage/train,ielabgroup/vec2text_gtr-base-st_corrector
1133167,how is the weather in jamaica,"the temperature in Florida (a.k.a. ""Florida""). The weather is generally warm on the open continent and cooler on the cold",KernelDensityGECO,20,0.001,what's the weather in florida,msmarco-passage/train,ielabgroup/vec2text_gtr-base-st_corrector
1133167,how is the weather in jamaica,in — the weather is jamaic in the tephra (block rains) and it is cold in the tephra (,KernelDensityGECO,20,0.001,how is the weather in jamaica in,msmarco-passage/train,ielabgroup/vec2text_gtr-base-st_corrector
527433,types of dysarthria from cerebral palsy,"ailment, cypse palsy, and other cerebral palsy personality life expectancy of 24–30 years,",KernelDensityGECO,20,0.001,cerebral palsy life expectancy,msmarco-passage/train,ielabgroup/vec2text_gtr-base-st_corrector
527433,types of dysarthria from cerebral palsy,"types of Mirizzi syndrome (i.e., a syndrome with a mirizzi-sis, or a gait disorder",KernelDensityGECO,20,0.001,mirizzi syndrome types,msmarco-passage/train,ielabgroup/vec2text_gtr-base-st_corrector
527433,types of dysarthria from cerebral palsy,cervonia craniosis Cervonia craniosis (Center cervical dystonia) is a neurological disorder,KernelDensityGECO,20,0.001,what is cervical dystonia,msmarco-passage/train,ielabgroup/vec2text_gtr-base-st_corrector
527433,types of dysarthria from cerebral palsy,"the types of palsy, the first one, Bryo-sympathetic cholined sclerosis, and the second",KernelDensityGECO,20,0.001,types of palsy,msmarco-passage/train,ielabgroup/vec2text_gtr-base-st_corrector
527433,types of dysarthria from cerebral palsy,common diseases. Extensive zoster zooid ectopic zooid protozoan,KernelDensityGECO,20,0.001,common protozoan diseases,msmarco-passage/train,ielabgroup/vec2text_gtr-base-st_corrector
527433,types of dysarthria from cerebral palsy,difference between arrhythmias and dysrhythmias is between arhythmias and a dyschodi,KernelDensityGECO,20,0.001,difference between arrhythmias and dysrhythmias,msmarco-passage/train,ielabgroup/vec2text_gtr-base-st_corrector
527433,types of dysarthria from cerebral palsy,"types of heart rhythms, i.e., the types of Alopecia nervosa, Alkali syndrome and Heart Disorder",KernelDensityGECO,20,0.001,types of heart rhythm disorders,msmarco-passage/train,ielabgroup/vec2text_gtr-base-st_corrector
527433,types of dysarthria from cerebral palsy,Anarthria and dysarthria is a smorgasm of the femur and arthria,KernelDensityGECO,20,0.001,what is dysarthria and anarthria,msmarco-passage/train,ielabgroup/vec2text_gtr-base-st_corrector
527433,types of dysarthria from cerebral palsy,"the different types of Physical Scholarship (typically a sprain, abrasion, a spline, a scholarship",KernelDensityGECO,20,0.001,different types of physical scholarship,msmarco-passage/train,ielabgroup/vec2text_gtr-base-st_corrector
527433,types of dysarthria from cerebral palsy,there is a type of arthritis (or arthritis of the rheumatoid rations or arthritis of the joints,KernelDensityGECO,20,0.001,what kinds of arthritis is there,msmarco-passage/train,ielabgroup/vec2text_gtr-base-st_corrector
1037798,who is robert gray,"Bob Gaffinch, Laureate of Massachusetts and author of The Bob Gaffinch, known as Rob Grey, is a retired",KernelDensityGECO,20,0.001,who is rob grey,msmarco-passage/train,ielabgroup/vec2text_gtr-base-st_corrector
1037798,who is robert gray,"a.k.a. Prof. Robert Serpell, is a hamstermouth-based author and professor at Sanford Academy",KernelDensityGECO,20,0.001,who is prof. robert serpell?,msmarco-passage/train,ielabgroup/vec2text_gtr-base-st_corrector
1037798,who is robert gray,"BGB BGB is an American video game player and a former member of Mattias White House and creator of the Facebook group, .",KernelDensityGECO,20,0.001,who is bgb,msmarco-passage/train,ielabgroup/vec2text_gtr-base-st_corrector
1037798,who is robert gray,"a child and a pregnant woman, Karstina Kourdah Kardashian, or “Robert” Karsthian",KernelDensityGECO,20,0.001,who is robert kardashian,msmarco-passage/train,ielabgroup/vec2text_gtr-base-st_corrector
1037798,who is robert gray,Robins is retiring,KernelDensityGECO,20,0.001,is robin roberts retiring,msmarco-passage/train,ielabgroup/vec2text_gtr-base-st_corrector
1037798,who is robert gray,"current incarnation of Jay Garrick, a super-hero, a former Cryptologist, and Jason Garrick.",KernelDensityGECO,20,0.001,who is jay garrick?,msmarco-passage/train,ielabgroup/vec2text_gtr-base-st_corrector
1037798,who is robert gray,is grey scale on printer,KernelDensityGECO,20,0.001,what is grey scale on printer,msmarco-passage/train,ielabgroup/vec2text_gtr-base-st_corrector
1037798,who is robert gray,"john gray john gray is a British emeritus, administrator, producer and broadcaster, also known as John Lambert, who is",KernelDensityGECO,20,0.001,what is john gray,msmarco-passage/train,ielabgroup/vec2text_gtr-base-st_corrector
1037798,who is robert gray,Rob Quint (actor) Rob Quist is a former apsidy-photon-board star and Michigan,KernelDensityGECO,20,0.001,who is rob quist,msmarco-passage/train,ielabgroup/vec2text_gtr-base-st_corrector
1037798,who is robert gray,"BIA king, Jack Robin, who was a Charlottesville, Georgian, bird-watching and historian of the future Robertson Bird",KernelDensityGECO,20,0.001,who was jackie robin,msmarco-passage/train,ielabgroup/vec2text_gtr-base-st_corrector
915593,what types of food can you cook sous vide,can be done is canned vegetable soup soup can be a soup soup wormed in a plastic cylinder or a soup soup called,KernelDensityGECO,20,0.001,can done vegetable soup be canned,msmarco-passage/train,ielabgroup/vec2text_gtr-base-st_corrector
915593,what types of food can you cook sous vide,"types of food categories are classified as a category of food and are categorized as a category of healthy food products, nutrient rich, dessert",KernelDensityGECO,20,0.001,types of food categories,msmarco-passage/train,ielabgroup/vec2text_gtr-base-st_corrector
915593,what types of food can you cook sous vide,"foods known to lower blood pressure, e.g., a pound of roasted wheat, a pound of oats",KernelDensityGECO,20,0.001,foods known to lower blood pressure,msmarco-passage/train,ielabgroup/vec2text_gtr-base-st_corrector
915593,what types of food can you cook sous vide,"foods of a diet. Calf, roasted vegetables, and eggs, while the name may be latin, can lower blood pressure from blood",KernelDensityGECO,20,0.001,foods that can lower blood pressure,msmarco-passage/train,ielabgroup/vec2text_gtr-base-st_corrector
915593,what types of food can you cook sous vide,"foods made with vinegar, a veg-based sauce, is made with meats, agar, or egg yolks baked in baking",KernelDensityGECO,20,0.001,what food is made with vinegar,msmarco-passage/train,ielabgroup/vec2text_gtr-base-st_corrector
915593,what types of food can you cook sous vide,"if you want, is you can blend vegetable soup (soup) in a blender or blender on a blender that will do fine",KernelDensityGECO,20,0.001,can I do vegetable soup in a blender,msmarco-passage/train,ielabgroup/vec2text_gtr-base-st_corrector
915593,what types of food can you cook sous vide,"foods that you can eat, such as corn, berries, or fodder, the lower your blood sugar if you eat your insulin",KernelDensityGECO,20,0.001,what foods can i eat to lower blood sugar,msmarco-passage/train,ielabgroup/vec2text_gtr-base-st_corrector
915593,what types of food can you cook sous vide,"foods that are not considered potentially hazardous, e.g., calamari, bouillon, eggs, are not considered potentially hazardous food",KernelDensityGECO,20,0.001,what foods are not considered potentially hazardous food,msmarco-passage/train,ielabgroup/vec2text_gtr-base-st_corrector
915593,what types of food can you cook sous vide,a duration of 1 to 60 minutes on a sous vide steak to a sour-soac grill or a stainless steel,KernelDensityGECO,20,0.001,how long does it take to sous vide a steak,msmarco-passage/train,ielabgroup/vec2text_gtr-base-st_corrector
915593,what types of food can you cook sous vide,"important food in venezuela, they are: savoa creme cones, chicken burgers, rami",KernelDensityGECO,20,0.001,important food in venezuela,msmarco-passage/train,ielabgroup/vec2text_gtr-base-st_corrector
264014,how long is life cycle of flea,"starting with a single worm infestation, a flea is a life cycle of 8 to 14 years and a life cycle continues until",KernelDensityGECO,20,0.001,how long is a flea life cycle,msmarco-passage/train,ielabgroup/vec2text_gtr-base-st_corrector
264014,how long is life cycle of flea,"when symptoms start after a tick bite on the skin of a dog or a lymphoma, it starts 2 to 24 months after",KernelDensityGECO,20,0.001,how long after tick bite do symptoms start,msmarco-passage/train,ielabgroup/vec2text_gtr-base-st_corrector
264014,how long is life cycle of flea,"as a result of a long lifespan of a brain tissue, brain cells typically live from 1 to 52.5 years and are typically left half healthy",KernelDensityGECO,20,0.001,how long do brain cells typically live,msmarco-passage/train,ielabgroup/vec2text_gtr-base-st_corrector
264014,how long is life cycle of flea,"starting with a single worm infestation, a flea is a life cycle of 8 to 14 years and a life cycle continues until",KernelDensityGECO,20,0.001,how long is a flea life cycle,msmarco-passage/train,ielabgroup/vec2text_gtr-base-st_corrector
264014,how long is life cycle of flea,from 1 to 8 days (from atop to atop their abdomen) a ladybug's life cycle is a 30- to 36,KernelDensityGECO,20,0.001,how long is a ladybug's life cycle,msmarco-passage/train,ielabgroup/vec2text_gtr-base-st_corrector
264014,how long is life cycle of flea,of a fly (fly or phiba) are needed to hatch a fly larva (female) to 30 days,KernelDensityGECO,20,0.001,how many days required to hatch a fly larva,msmarco-passage/train,ielabgroup/vec2text_gtr-base-st_corrector
264014,how long is life cycle of flea,"in a cycle of infestation, the life cycle of fleas (Feas) is divided and begins until they are a clean",KernelDensityGECO,20,0.001,what is the life cycle of fleas,msmarco-passage/train,ielabgroup/vec2text_gtr-base-st_corrector
264014,how long is life cycle of flea,"when a whirlpool runs from 24 to 45 minutes long, and when a whirl is blown away it will last",KernelDensityGECO,20,0.001,how long does a whirlpool last,msmarco-passage/train,ielabgroup/vec2text_gtr-base-st_corrector
264014,how long is life cycle of flea,Half-life (anticholine and valproylthiamin)  Depakte is a constant of a drug,KernelDensityGECO,20,0.001,what is half life of depakote,msmarco-passage/train,ielabgroup/vec2text_gtr-base-st_corrector
264014,how long is life cycle of flea,"after a pet fetus or a cockroach, 48 to 48 hours after a bite, flea bites or after",KernelDensityGECO,20,0.001,how long after flea bites,msmarco-passage/train,ielabgroup/vec2text_gtr-base-st_corrector
1121402,what can contour plowing reduce,"To reduce pore, remove a shave of a cleansed material. To minimize pore, remove a scalp oil or a",KernelDensityGECO,20,0.001,how to reduce pore,msmarco-passage/train,ielabgroup/vec2text_gtr-base-st_corrector
1121402,what can contour plowing reduce,"Ways to decrease creatinine are a way to decrease glucosinogen, bile acids, or insulating your body",KernelDensityGECO,20,0.001,ways to decrease creatinine,msmarco-passage/train,ielabgroup/vec2text_gtr-base-st_corrector
1121402,what can contour plowing reduce,contractor due to low filtering. The average cop for condenser is $2000 – $2000 for air-condenser and $2,KernelDensityGECO,20,0.001,average cop for condenser,msmarco-passage/train,ielabgroup/vec2text_gtr-base-st_corrector
1121402,what can contour plowing reduce,a dietary nutrient that reduces blood pressure naturally. This reduces blood pressure by taking olefin and dihydrox,KernelDensityGECO,20,0.001,what reduces blood pressure naturally,msmarco-passage/train,ielabgroup/vec2text_gtr-base-st_corrector
1121402,what can contour plowing reduce,instructions to cut down continuous hinge and dislodge trays between the handles. Use a large lid (1.25 inch) to cut down,KernelDensityGECO,20,0.001,instructions on how to cut down continuous hinge,msmarco-passage/train,ielabgroup/vec2text_gtr-base-st_corrector
1121402,what can contour plowing reduce,Cosmetic contouring (or contouring) is a method of examining facial features of a cosmetic or cosmopolitan lipopoly,KernelDensityGECO,20,0.001,what is cosmetic contouring,msmarco-passage/train,ielabgroup/vec2text_gtr-base-st_corrector
1121402,what can contour plowing reduce,"purpose of re-section (or re-aspartment or re-operations), the purpose of wedge resection",KernelDensityGECO,20,0.001,purpose of wedge resection,msmarco-passage/train,ielabgroup/vec2text_gtr-base-st_corrector
1121402,what can contour plowing reduce,weld symbol (containment)  contour means an obverse which is sounded by the weld,KernelDensityGECO,20,0.001,weld symbols what does contour mean,msmarco-passage/train,ielabgroup/vec2text_gtr-base-st_corrector
1121402,what can contour plowing reduce,weight-lifting for COPD. Weight-lifting and exercise to help with post-acute copulcoid pulmonary dyst,KernelDensityGECO,20,0.001,weight lifting for copd,msmarco-passage/train,ielabgroup/vec2text_gtr-base-st_corrector
1121402,what can contour plowing reduce,"weight loss regimens, a diet containing a range of products that work, a heartache that works, and a diet containing",KernelDensityGECO,20,0.001,weight loss regimens that work,msmarco-passage/train,ielabgroup/vec2text_gtr-base-st_corrector
962179,when was the salvation army founded,"in 1690 (e.g. 1790) by Jean Girard and a pioneer of modern technology, ground bass was invented and is an available",KernelDensityGECO,20,0.001,when was ground bass invented,msmarco-passage/train,ielabgroup/vec2text_gtr-base-st_corrector
962179,when was the salvation army founded,in 1787. St.Petersburg (Florida) is founded in Florida on the eve of the christening of,KernelDensityGECO,20,0.001,when was st. petersburg founded in florida,msmarco-passage/train,ielabgroup/vec2text_gtr-base-st_corrector
962179,when was the salvation army founded,"founded in Saratoga, Vermont, United States, as a labor charity, the Salvation Army was established, where salvation army came to be",KernelDensityGECO,20,0.001,where was the salvation army established,msmarco-passage/train,ielabgroup/vec2text_gtr-base-st_corrector
962179,when was the salvation army founded,"(1864) when the California Cause was founded as a union movement in the U.S.A. on February 15 in Los Angeles, California,",KernelDensityGECO,20,0.001,when was the union cause founded in california,msmarco-passage/train,ielabgroup/vec2text_gtr-base-st_corrector
962179,when was the salvation army founded,"year of the ACU saga, established in 1932. Secu established the Security Service (Secu) based in New York City",KernelDensityGECO,20,0.001,what year was secu established,msmarco-passage/train,ielabgroup/vec2text_gtr-base-st_corrector
962179,when was the salvation army founded,the tax year the Hope Credit began in 1892 and it became available for a 2000 tax year by the Consumer Financial Protection Act tax reduction enacted,KernelDensityGECO,20,0.001,what year did the hope tax credit start,msmarco-passage/train,ielabgroup/vec2text_gtr-base-st_corrector
962179,when was the salvation army founded,"year (i.e., 1961) for the manufacture of tools for the Seman Tools Corporation, and in 1895, Craftsman was established",KernelDensityGECO,20,0.001,what year was craftsman tools established,msmarco-passage/train,ielabgroup/vec2text_gtr-base-st_corrector
962179,when was the salvation army founded,"year of the enactment of a Constitution and of the New York State's Oath of Public Law, the First Amendment was established",KernelDensityGECO,20,0.001,what year was the first amendment established,msmarco-passage/train,ielabgroup/vec2text_gtr-base-st_corrector
962179,when was the salvation army founded,"of the empires of the Roman empire (Georgia, c. 672 – c. 224 BC) was founded",KernelDensityGECO,20,0.001,when was the roman empire founded,msmarco-passage/train,ielabgroup/vec2text_gtr-base-st_corrector
962179,when was the salvation army founded,"1864 with the enactment of the Social Security and American Express Treaty (Suscept-Alin) on December 1, the Welfare",KernelDensityGECO,20,0.001,when did the welfare act begin,msmarco-passage/train,ielabgroup/vec2text_gtr-base-st_corrector
1117099,what is a active margin,(Mostostyl & margin & margin) – markup is a difference between margin,KernelDensityGECO,20,0.001,difference between margin and markup,msmarco-passage/train,ielabgroup/vec2text_gtr-base-st_corrector
1117099,what is a active margin,(known as margins) are the amount of padding on the keyboards that make typing more precise and less prone to errors when typing a product,KernelDensityGECO,20,0.001,what are margins when it comes to typing,msmarco-passage/train,ielabgroup/vec2text_gtr-base-st_corrector
1117099,what is a active margin,"what is the profit margin (i.e., $600–800% profit for the casino or $600–800% profit for the other casino",KernelDensityGECO,20,0.001,what is the profit margin for a casino,msmarco-passage/train,ielabgroup/vec2text_gtr-base-st_corrector
1117099,what is a active margin,1- and 2-types of active transport. These two types of active transport are the e-dialysis and,KernelDensityGECO,20,0.001,what are the 2 types of active transport,msmarco-passage/train,ielabgroup/vec2text_gtr-base-st_corrector
1117099,what is a active margin,"a force-and-force gradient between a velocity and a nerve, an action potential (or spike) is an action potential",KernelDensityGECO,20,0.001,what is an action potential or spike,msmarco-passage/train,ielabgroup/vec2text_gtr-base-st_corrector
1117099,what is a active margin,"defined as an active intruder, is a trump or other intruder who is a form of re-entry of",KernelDensityGECO,20,0.001,definition of an active intruder,msmarco-passage/train,ielabgroup/vec2text_gtr-base-st_corrector
1117099,what is a active margin,open wound margins (scars) means that it has a syringe at the opening of the tibia or tissue,KernelDensityGECO,20,0.001,what does open wound margins mean,msmarco-passage/train,ielabgroup/vec2text_gtr-base-st_corrector
1117099,what is a active margin,"the difference between simple diffusion (dialects, ions, a process of a moving organ) and active transport (simple",KernelDensityGECO,20,0.001,difference between simple diffusion and active transport,msmarco-passage/train,ielabgroup/vec2text_gtr-base-st_corrector
1117099,what is a active margin,"ad-dod, what you use Active Directory, why you use it, and why you're a supporter of your friends",KernelDensityGECO,20,0.001,what is active directory and why would you use it?,msmarco-passage/train,ielabgroup/vec2text_gtr-base-st_corrector
1117099,what is a active margin,"system with a marginal cost system (marginal cost system), a system of cost-benefit cost-benefit",KernelDensityGECO,20,0.001,marginal cost system,msmarco-passage/train,ielabgroup/vec2text_gtr-base-st_corrector
148538,difference between rn and bsn,"difference between a nurse anaesthetist and a nurse narist, which is an anaesthesiologist assistant",KernelDensityGECO,20,0.001,whats the difference between nurse anesthetist and anesthesiologist assistant,msmarco-passage/train,ielabgroup/vec2text_gtr-base-st_corrector
148538,difference between rn and bsn,A.D. Nursing aas is a combination nursing and adnuol bne. It is a,KernelDensityGECO,20,0.001,what is nursing adn aas,msmarco-passage/train,ielabgroup/vec2text_gtr-base-st_corrector
148538,difference between rn and bsn,difference between loin and sirloin (the difference between lion and liquour and liquour on a lamb,KernelDensityGECO,20,0.001,difference between loin and sirloin,msmarco-passage/train,ielabgroup/vec2text_gtr-base-st_corrector
148538,difference between rn and bsn,"difference between a profit and a revenue – a company s rood, – and net profit –",KernelDensityGECO,20,0.001,difference between net profit and revenue,msmarco-passage/train,ielabgroup/vec2text_gtr-base-st_corrector
148538,difference between rn and bsn,"a difference between style of citations mla citation and n citation, b citation and a p APA",KernelDensityGECO,20,0.001,difference b/n apa and mla style of citation,msmarco-passage/train,ielabgroup/vec2text_gtr-base-st_corrector
148538,difference between rn and bsn,there is an internship versus,KernelDensityGECO,20,0.001,is there a difference between a job and an internship,msmarco-passage/train,ielabgroup/vec2text_gtr-base-st_corrector
148538,difference between rn and bsn,"purification differences between human and bovine albumin, i.e., human and bovine molluscs, and albumin",KernelDensityGECO,20,0.001,purification differences between human and bovine albumin,msmarco-passage/train,ielabgroup/vec2text_gtr-base-st_corrector
148538,difference between rn and bsn,"bsn vs rsn or bsn rsn salary difference, if a na",KernelDensityGECO,20,0.001,rn or bsn salary difference,msmarco-passage/train,ielabgroup/vec2text_gtr-base-st_corrector
148538,difference between rn and bsn,Muscle kinase (Rna) is a difference between RNA and DNA and the nucleus is a difference between,KernelDensityGECO,20,0.001,what is the difference between DNA and rna,msmarco-passage/train,ielabgroup/vec2text_gtr-base-st_corrector
148538,difference between rn and bsn,difference between a b.a. (or a BS) and a ba' (or a b.s.),KernelDensityGECO,20,0.001,what is the difference between a ba and a bs?,msmarco-passage/train,ielabgroup/vec2text_gtr-base-st_corrector
451602,medicare's definition of mechanical ventilation,definition of CMS. Mechanical ventilation Mechanical ventilation of a pulmonary occlusion and dissipation (ME) is the medical continuity,KernelDensityGECO,20,0.001,cms definition of mechanical ventilation,msmarco-passage/train,ielabgroup/vec2text_gtr-base-st_corrector
451602,medicare's definition of mechanical ventilation,breathing mouse – formerly known as Microsoft Breathing Mouse – is a mouse that is a small mouse that moves and rests on,KernelDensityGECO,20,0.001,what is breathing mouse,msmarco-passage/train,ielabgroup/vec2text_gtr-base-st_corrector
451602,medicare's definition of mechanical ventilation,is a mechanically obstructed technique of widening or a narrowing blood vessel to a vesicle.,KernelDensityGECO,20,0.001,is a technique of mechanically widening a narrowed or obstructed blood vessel.,msmarco-passage/train,ielabgroup/vec2text_gtr-base-st_corrector
451602,medicare's definition of mechanical ventilation,types of medical restraints (descriptions of medical conditions and a description of the medical consequences) and sensory restraints (chro,KernelDensityGECO,20,0.001,types of medical restraints description,msmarco-passage/train,ielabgroup/vec2text_gtr-base-st_corrector
451602,medicare's definition of mechanical ventilation,"(known as a medical home or a home-do-home) is a home, a home for the care of the health",KernelDensityGECO,20,0.001,what is a medical home,msmarco-passage/train,ielabgroup/vec2text_gtr-base-st_corrector
451602,medicare's definition of mechanical ventilation,definition of CMS. Mechanical ventilation Mechanical ventilation of a pulmonary occlusion and dissipation (ME) is the medical continuity,KernelDensityGECO,20,0.001,cms definition of mechanical ventilation,msmarco-passage/train,ielabgroup/vec2text_gtr-base-st_corrector
451602,medicare's definition of mechanical ventilation,"mitochondrial symptoms, myopathies results in a number of symptoms including pain, apnea, cellular dysfunction, and peripheral",KernelDensityGECO,20,0.001,mitochondrial myopathies symptoms,msmarco-passage/train,ielabgroup/vec2text_gtr-base-st_corrector
451602,medicare's definition of mechanical ventilation,AWV awvy awvy is a multi-million-dollar medicare and pre-infector health care,KernelDensityGECO,20,0.001,what is an awv medicare,msmarco-passage/train,ielabgroup/vec2text_gtr-base-st_corrector
451602,medicare's definition of mechanical ventilation,definition of cardiorespiratory cardiopulmonary edema and a condition of enduring and sustaining oxygen through end-of-heart,KernelDensityGECO,20,0.001,definition of cardiorespiratory endurance,msmarco-passage/train,ielabgroup/vec2text_gtr-base-st_corrector
451602,medicare's definition of mechanical ventilation,"use of medical marijuana – the medical meaning of a substance, i.e., microbial meaning of a plant, underdog",KernelDensityGECO,20,0.001,medical use meaning of marijuana,msmarco-passage/train,ielabgroup/vec2text_gtr-base-st_corrector
359349,how to find the midsegment of a trapezoid,"identify and solve linear angles by solving a problem (i.e., a pair of angles) and removing the -axis",KernelDensityGECO,20,0.001,how to solve linear angles,msmarco-passage/train,ielabgroup/vec2text_gtr-base-st_corrector
359349,how to find the midsegment of a trapezoid,"a    , an orthocenter of a triangle (or     )",KernelDensityGECO,20,0.001,what is an orthocenter of a triangle,msmarco-passage/train,ielabgroup/vec2text_gtr-base-st_corrector
359349,how to find the midsegment of a trapezoid,calculate octagon sides by dividing by a,KernelDensityGECO,20,0.001,how to calculate octagon sides,msmarco-passage/train,ielabgroup/vec2text_gtr-base-st_corrector
359349,how to find the midsegment of a trapezoid,a tpn can be given through a tetrachloride to midline and if it can be given through,KernelDensityGECO,20,0.001,can tpn be given through a midline,msmarco-passage/train,ielabgroup/vec2text_gtr-base-st_corrector
359349,how to find the midsegment of a trapezoid,"in a sentence should be a comma in the middle however, and it is not as if a comma indicated",KernelDensityGECO,20,0.001,where should a comma be placed in a sentence with the word however in the middle,msmarco-passage/train,ielabgroup/vec2text_gtr-base-st_corrector
359349,how to find the midsegment of a trapezoid,"equivalence problem, find the equivalence point on a titration by adding the equivalence coefficient",KernelDensityGECO,20,0.001,how to find the equivalence point in a titration problem,msmarco-passage/train,ielabgroup/vec2text_gtr-base-st_corrector
359349,how to find the midsegment of a trapezoid,calculate the angle of a given triangle            two,KernelDensityGECO,20,0.001,calculate angle of triangle given two sides,msmarco-passage/train,ielabgroup/vec2text_gtr-base-st_corrector
359349,how to find the midsegment of a trapezoid,"find the center point of a circle, by dividing its apical width by  =  =",KernelDensityGECO,20,0.001,how to find the center point of a circle,msmarco-passage/train,ielabgroup/vec2text_gtr-base-st_corrector
359349,how to find the midsegment of a trapezoid,figure out latitude and longitude by using a telegraph and a longitude .com or .38-123-123,KernelDensityGECO,20,0.001,how to figure out longitude and latitude,msmarco-passage/train,ielabgroup/vec2text_gtr-base-st_corrector
359349,how to find the midsegment of a trapezoid,You find the area of a parallelogram by multiplying its squamiform by its squamiform A (10948,KernelDensityGECO,20,0.001,how to find an area of a parallelogram,msmarco-passage/train,ielabgroup/vec2text_gtr-base-st_corrector
1115776,what is an aml surveillance analyst,a job at the U.S. Department of Information and Security explains that an intelligence analyst does analysis and aims to find out exactly what happens,KernelDensityGECO,20,0.001,what exactly does an intelligence analyst do/,msmarco-passage/train,ielabgroup/vec2text_gtr-base-st_corrector
1115776,what is an aml surveillance analyst,"aegl, defined purpose by aegl, is the purpose of aegl performance and its ability to produce English",KernelDensityGECO,20,0.001,aegl definition purpose,msmarco-passage/train,ielabgroup/vec2text_gtr-base-st_corrector
1115776,what is an aml surveillance analyst,usel. Usel is a LAN memory and user interface feature of the HSD  i.,KernelDensityGECO,20,0.001,what is usel?,msmarco-passage/train,ielabgroup/vec2text_gtr-base-st_corrector
1115776,what is an aml surveillance analyst,"cml (Cherry Poison & Liquidity). CML is a small scale, interactive entertainment studio based on",KernelDensityGECO,20,0.001,what is cml?,msmarco-passage/train,ielabgroup/vec2text_gtr-base-st_corrector
1115776,what is an aml surveillance analyst,Avery Lovelle Avery Lovelle (who is currently ABL ptl.) is a famous detective and a life,KernelDensityGECO,20,0.001,who is avery pll,msmarco-passage/train,ielabgroup/vec2text_gtr-base-st_corrector
1115776,what is an aml surveillance analyst,Am baker (patronic oven) Am baker is a reality television series producer and a maker of pizza. It is also known,KernelDensityGECO,20,0.001,what is am baker,msmarco-passage/train,ielabgroup/vec2text_gtr-base-st_corrector
1115776,what is an aml surveillance analyst,Monitoring and Assessment (early year) Monitoring and Assessment is a level of assessment and observation that is based on the learning experiences of children in middle,KernelDensityGECO,20,0.001,what is monitoring and assessment in early years,msmarco-passage/train,ielabgroup/vec2text_gtr-base-st_corrector
1115776,what is an aml surveillance analyst,typical analysis of seawater is a complex analysis of cypherical trace-polymerology that can be used to identify typical sea,KernelDensityGECO,20,0.001,typical analysis of seawater,msmarco-passage/train,ielabgroup/vec2text_gtr-base-st_corrector
1115776,what is an aml surveillance analyst,"information on iBm agentless monitoring, i.e. community name is the agentless monitoring signature which means that in iBm",KernelDensityGECO,20,0.001,what is meant by community name in ibm agentless monitoring,msmarco-passage/train,ielabgroup/vec2text_gtr-base-st_corrector
1115776,what is an aml surveillance analyst,The role of a aml analyst is to analyze the aml value and the corresponding aml stock,KernelDensityGECO,20,0.001,what is the role of a aml analyst,msmarco-passage/train,ielabgroup/vec2text_gtr-base-st_corrector
1112341,what is the daily life of thai people,"(Asia, adoleptic tshomism or thomistic thought) is a thought of mind",KernelDensityGECO,20,0.001,what is thomistic thought,msmarco-passage/train,ielabgroup/vec2text_gtr-base-st_corrector
1112341,what is the daily life of thai people,Som in Thailand Som in Thai (Thai: ) is a thalassic water cream and the principal harbor of,KernelDensityGECO,20,0.001,what is som in thailand,msmarco-passage/train,ielabgroup/vec2text_gtr-base-st_corrector
1112341,what is the daily life of thai people,Throughm Throughm is a microbial anthropomorphic molecule known as THUREM. It is a part of the Atlas,KernelDensityGECO,20,0.001,what is thrum,msmarco-passage/train,ielabgroup/vec2text_gtr-base-st_corrector
1112341,what is the daily life of thai people,tk (Takini Kick) is a killer killer visuals collection for the Wii U and the Xbox. Originally known as,KernelDensityGECO,20,0.001,what is tk?,msmarco-passage/train,ielabgroup/vec2text_gtr-base-st_corrector
1112341,what is the daily life of thai people,"born in Vietnam, you can live in Australia as long as 10.5 years and you can live in Thailand as long as you can thai",KernelDensityGECO,20,0.001,born in australia how long can i live in thailand,msmarco-passage/train,ielabgroup/vec2text_gtr-base-st_corrector
1112341,what is the daily life of thai people,"time on a map, kobhgadays, and Saturdays. Time in ukhta is 06:00",KernelDensityGECO,20,0.001,time in ukhta,msmarco-passage/train,ielabgroup/vec2text_gtr-base-st_corrector
1112341,what is the daily life of thai people,edtpa tasks are a set of e-tasks and e-basis tasks.,KernelDensityGECO,20,0.001,what are edtpa tasks,msmarco-passage/train,ielabgroup/vec2text_gtr-base-st_corrector
1112341,what is the daily life of thai people,"function are bodily functions (known as bodily functions) and are a breakdown of bodily functions such as bowel function, removing sweating",KernelDensityGECO,20,0.001,what are bodily functions,msmarco-passage/train,ielabgroup/vec2text_gtr-base-st_corrector
1112341,what is the daily life of thai people,"What daily life was for colonial people (commonly a daily day-to-day routine of working, eating tea, and water sports",KernelDensityGECO,20,0.001,what was daily life for colonial people,msmarco-passage/train,ielabgroup/vec2text_gtr-base-st_corrector
1112341,what is the daily life of thai people,average life span of 0–1 years in China and the average life expectancy of 0–1 year in China is the average Laochen,KernelDensityGECO,20,0.001,average life span in china,msmarco-passage/train,ielabgroup/vec2text_gtr-base-st_corrector
131843,definition of a sigmet,"term symbolism – a definition of what a person, a sign, or a sign of what it is, is a",KernelDensityGECO,20,0.001,what is the definition of  term symbolism,msmarco-passage/train,ielabgroup/vec2text_gtr-base-st_corrector
131843,definition of a sigmet,"defined by a number of adolescents: ""the savant"" is the person who possesses the ability to sense brain",KernelDensityGECO,20,0.001,define the savant,msmarco-passage/train,ielabgroup/vec2text_gtr-base-st_corrector
131843,definition of a sigmet,,KernelDensityGECO,20,0.001,what does subside mean,msmarco-passage/train,ielabgroup/vec2text_gtr-base-st_corrector
131843,definition of a sigmet,symploce           is a descriptive literary,KernelDensityGECO,20,0.001,symploce literary definition,msmarco-passage/train,ielabgroup/vec2text_gtr-base-st_corrector
131843,definition of a sigmet,"medical definitions by a sterile aorta, stenting is the medical term of a blood stain and disposition",KernelDensityGECO,20,0.001,stenting medical definition,msmarco-passage/train,ielabgroup/vec2text_gtr-base-st_corrector
131843,definition of a sigmet,"in the field of kryptonite, cogent, is a definite and complex definition of the chemical agent coccus",KernelDensityGECO,20,0.001,define cogent,msmarco-passage/train,ielabgroup/vec2text_gtr-base-st_corrector
131843,definition of a sigmet,(known as subguard) is a small piece of wormkit and a filtration device for detecting and removing leakage from,KernelDensityGECO,20,0.001,what is subguard,msmarco-passage/train,ielabgroup/vec2text_gtr-base-st_corrector
131843,definition of a sigmet,simony (           ) is the periodic definition,KernelDensityGECO,20,0.001,simony definition,msmarco-passage/train,ielabgroup/vec2text_gtr-base-st_corrector
131843,definition of a sigmet,", known as",KernelDensityGECO,20,0.001,what is serpent,msmarco-passage/train,ielabgroup/vec2text_gtr-base-st_corrector
131843,definition of a sigmet,"defining semetism, a form of neo-Arythmaeism, animism, religion",KernelDensityGECO,20,0.001,define semetism,msmarco-passage/train,ielabgroup/vec2text_gtr-base-st_corrector
104861,cost of interior concrete flooring,"established U.S. design and design firm, the Interior Design design has a neo-costly average of $750 per room",KernelDensityGECO,20,0.001,average interior design fee,msmarco-passage/train,ielabgroup/vec2text_gtr-base-st_corrector
104861,cost of interior concrete flooring,"cost of leveling room by using a conventional foundation (e.g., linolearn wood foundation) and $600",KernelDensityGECO,20,0.001,cost of leveling room with conventional foundation,msmarco-passage/train,ielabgroup/vec2text_gtr-base-st_corrector
104861,cost of interior concrete flooring,cost of $450 to remove and install a driveway and remove a driveway and remove a driveway and remove a driveway and a drivetrain,KernelDensityGECO,20,0.001,cost to remove and install concrete driveway,msmarco-passage/train,ielabgroup/vec2text_gtr-base-st_corrector
104861,cost of interior concrete flooring,"in the United States and the world, interior designers get paid between $18 and $18 a week and in the rest of the world they receive",KernelDensityGECO,20,0.001,how much do interior designers get paid,msmarco-passage/train,ielabgroup/vec2text_gtr-base-st_corrector
104861,cost of interior concrete flooring,"you can be sure of the price by using a figure concrete pricing, i.e. $3.60–$3.90 to calculate concrete pricing",KernelDensityGECO,20,0.001,how to figure concrete pricing,msmarco-passage/train,ielabgroup/vec2text_gtr-base-st_corrector
104861,cost of interior concrete flooring,average $2.50 to $2.50 a year to fix a cut-in cut-out on a hardwood floor to fix its fractures,KernelDensityGECO,20,0.001,average cost to fix a cut out in hardwood floors,msmarco-passage/train,ielabgroup/vec2text_gtr-base-st_corrector
104861,cost of interior concrete flooring,the price of floor installation (approximately $130 to $130) and the price of tile floor replacement (approximately,KernelDensityGECO,20,0.001,average tile floor installation cost,msmarco-passage/train,ielabgroup/vec2text_gtr-base-st_corrector
104861,cost of interior concrete flooring,"cost from $1,500 to $1,500 a.m. (grey cladding) concrete garage floor or garage floor can cost less than",KernelDensityGECO,20,0.001,concrete garage floor cost,msmarco-passage/train,ielabgroup/vec2text_gtr-base-st_corrector
104861,cost of interior concrete flooring,pouring of concrete (c. $5–60 US dollars) or laying of concrete (c. $30–40 US dollars) to open basements,KernelDensityGECO,20,0.001,cost of pouring concrete basement,msmarco-passage/train,ielabgroup/vec2text_gtr-base-st_corrector
104861,cost of interior concrete flooring,cost of 50 to 700 lbs. of concrete or 1 to 2 lbs. of concrete called full load,KernelDensityGECO,20,0.001,cost of full load of concrete,msmarco-passage/train,ielabgroup/vec2text_gtr-base-st_corrector
833860,what is the most popular food in switzerland,"What the French eat (flood, oats, a meat, a chicken, or a biscuit)",KernelDensityGECO,20,0.001,what food do the french eat,msmarco-passage/train,ielabgroup/vec2text_gtr-base-st_corrector
833860,what is the most popular food in switzerland,schnitzel and schnitzel is a sardine and pâtin and pasta dish of noodles and,KernelDensityGECO,20,0.001,what is schnitzel and noodles,msmarco-passage/train,ielabgroup/vec2text_gtr-base-st_corrector
833860,what is the most popular food in switzerland,"the most popular female names of the swiss group (Swiss,   ,",KernelDensityGECO,20,0.001,most popular swiss female names,msmarco-passage/train,ielabgroup/vec2text_gtr-base-st_corrector
833860,what is the most popular food in switzerland,"swaddle, ice cream, and animal fats Trick food is a favorite food and is a favorite snack of Chef Kenneth",KernelDensityGECO,20,0.001,what is trick favorite food,msmarco-passage/train,ielabgroup/vec2text_gtr-base-st_corrector
833860,what is the most popular food in switzerland,"Schweiniger is a brawnitzer with vegetables, wurf, and calf. These are all contained in Braunschw",KernelDensityGECO,20,0.001,what is in braunschweiger,msmarco-passage/train,ielabgroup/vec2text_gtr-base-st_corrector
833860,what is the most popular food in switzerland,"in Italy, the foods they eat in the city they visit: they eat ad hoc, bread, butter, omegy",KernelDensityGECO,20,0.001,what foods do they eat in italy,msmarco-passage/train,ielabgroup/vec2text_gtr-base-st_corrector
833860,what is the most popular food in switzerland,"longest tunnel in Switzerland, the Montenegro-Rossia-Bundesstraße and the longest in Switzerland,",KernelDensityGECO,20,0.001,longest tunnel in switzerland,msmarco-passage/train,ielabgroup/vec2text_gtr-base-st_corrector
833860,what is the most popular food in switzerland,"what food finland is most well-known for, along with eggs, stouts, and a recipe for molasses",KernelDensityGECO,20,0.001,what food is finland known for,msmarco-passage/train,ielabgroup/vec2text_gtr-base-st_corrector
833860,what is the most popular food in switzerland,'Ireland food' (Ireland food) ' ' ' ' ' ' ' ry,KernelDensityGECO,20,0.001,ireland food,msmarco-passage/train,ielabgroup/vec2text_gtr-base-st_corrector
833860,what is the most popular food in switzerland,"types of food you will find in Norway, e.g. norfolk (candies), salmon and wheat, you will find",KernelDensityGECO,20,0.001,what types of food do you find in norway,msmarco-passage/train,ielabgroup/vec2text_gtr-base-st_corrector
207786,how are some sharks warm blooded,"During hypothermia, a group of gastrointestinal feces changes and the blood is taken in during the freezing of the liver",KernelDensityGECO,20,0.001,what happens during hypothermia in the liver,msmarco-passage/train,ielabgroup/vec2text_gtr-base-st_corrector
207786,how are some sharks warm blooded,"(Anatomy), the study of sharks (Brills, et al.) is called . This study is called",KernelDensityGECO,20,0.001,what is the study of sharks called,msmarco-passage/train,ielabgroup/vec2text_gtr-base-st_corrector
207786,how are some sharks warm blooded,"lizards are cold blooded, as a range of limbs such as a rappa are cold blooded",KernelDensityGECO,20,0.001,are Lizards cold blooded,msmarco-passage/train,ielabgroup/vec2text_gtr-base-st_corrector
207786,how are some sharks warm blooded,"is spitting blood, you can spit out your lungs and suck up your blood. You can cause drowning in the",KernelDensityGECO,20,0.001,can drowning cause.you to spit up blood,msmarco-passage/train,ielabgroup/vec2text_gtr-base-st_corrector
207786,how are some sharks warm blooded,"(c. 850 m) is what is the smallest shark, or small shark, ""S. praetorius shal",KernelDensityGECO,20,0.001,what is the smallest shark,msmarco-passage/train,ielabgroup/vec2text_gtr-base-st_corrector
207786,how are some sharks warm blooded,"(sharks, ice sharks, and ice sharks) are predators, a group of predation sharks",KernelDensityGECO,20,0.001,what are sharks predators,msmarco-passage/train,ielabgroup/vec2text_gtr-base-st_corrector
207786,how are some sharks warm blooded,What the difference between a person who is in hot blooded and a person who is in cold blooded is between cold and hot blood,KernelDensityGECO,20,0.001,what is the difference between hot blooded and cold blooded in people,msmarco-passage/train,ielabgroup/vec2text_gtr-base-st_corrector
207786,how are some sharks warm blooded,"your skin is neutral (i.e. your skin is warm or cool), a neutral blend, a neutral bleacher, a cool facial",KernelDensityGECO,20,0.001,"is your skin neutral, cool or warm",msmarco-passage/train,ielabgroup/vec2text_gtr-base-st_corrector
207786,how are some sharks warm blooded,"can be heated. In order to reduce the effects of heat, ensure can be drained with a hot oil, lard, hot drinks",KernelDensityGECO,20,0.001,can ensure be heated,msmarco-passage/train,ielabgroup/vec2text_gtr-base-st_corrector
207786,how are some sharks warm blooded,"in cold blood where evil is presented, i.e., in the open, in the closed areas of the Mansouri, lies",KernelDensityGECO,20,0.001,in cold blood where evil is presented,msmarco-passage/train,ielabgroup/vec2text_gtr-base-st_corrector
1114819,what is durable medical equipment consist of,delinquent medical records - medical records - is the delinquent status of a medical condition or a medical classification discovered by,KernelDensityGECO,20,0.001,delinquent medical records definition,msmarco-passage/train,ielabgroup/vec2text_gtr-base-st_corrector
1114819,what is durable medical equipment consist of,"operations which use recovery items, operatives/crews will need to use the recovery item in addition to their own basic issue – a",KernelDensityGECO,20,0.001,which recovery operation requires operators/crews to use their basic issue items an additional,msmarco-passage/train,ielabgroup/vec2text_gtr-base-st_corrector
1114819,what is durable medical equipment consist of,"which machine is used to repair structural damage on a vehicle, a vehicle body, a car, or a soft metal scuff",KernelDensityGECO,20,0.001,what machine is used to repair structural damage on a vehicle,msmarco-passage/train,ielabgroup/vec2text_gtr-base-st_corrector
1114819,what is durable medical equipment consist of,a medical equipment provider’s (health care providers) or medical equipment providers. It is a durable product with a high quality of serviceability,KernelDensityGECO,20,0.001,what is a durable medical equipment providers,msmarco-passage/train,ielabgroup/vec2text_gtr-base-st_corrector
1114819,what is durable medical equipment consist of,"one capability of the Combat support hospital is a . It is a critical support facility for the coordination of medical care, suicide prevention, terrorism",KernelDensityGECO,20,0.001,what is one capability of combat support hospital,msmarco-passage/train,ielabgroup/vec2text_gtr-base-st_corrector
1114819,what is durable medical equipment consist of,"of durable medical equipment (Medicinal Equipment or DUTY medical equipment) is a medical device that is durable, a medium to which the contaminants",KernelDensityGECO,20,0.001,what is durable medical equipment,msmarco-passage/train,ielabgroup/vec2text_gtr-base-st_corrector
1114819,what is durable medical equipment consist of,the meaning of the term durable medical equipment (as in a medical diagnostics term) and the meaning of the term 'medical integrity',KernelDensityGECO,20,0.001,what does the term durable medical equipment mean?,msmarco-passage/train,ielabgroup/vec2text_gtr-base-st_corrector
1114819,what is durable medical equipment consist of,a medical equipment provider’s (health care providers) or medical equipment providers. It is a durable product with a high quality of serviceability,KernelDensityGECO,20,0.001,what is a durable medical equipment providers,msmarco-passage/train,ielabgroup/vec2text_gtr-base-st_corrector
1114819,what is durable medical equipment consist of,"which a sanitation device (MSD) is used for the storage of granules and microbial data, while the storage systems are",KernelDensityGECO,20,0.001,which type of sanitation device (msd) is used solely for the storage of,msmarco-passage/train,ielabgroup/vec2text_gtr-base-st_corrector
1114819,what is durable medical equipment consist of,"splints, infected medical equipment, for a few months, are splints durable medical equipment. Currently",KernelDensityGECO,20,0.001,are splints durable medical equipment?,msmarco-passage/train,ielabgroup/vec2text_gtr-base-st_corrector
183378,exons definition biology,Exotonoxin Exotonoxin (exotonotoxin) is a bacteriological,KernelDensityGECO,20,0.001,what is exotoxin,msmarco-passage/train,ielabgroup/vec2text_gtr-base-st_corrector
183378,exons definition biology,"what is around axons. Around axons, a tissue is surrounded by cells and axons nearby",KernelDensityGECO,20,0.001,what is around axons,msmarco-passage/train,ielabgroup/vec2text_gtr-base-st_corrector
183378,exons definition biology,biology (Wfx-Gfx-Gfx) A gland is a mechanism of forming fat clouds within a tissue defined by,KernelDensityGECO,20,0.001,define gland biology,msmarco-passage/train,ielabgroup/vec2text_gtr-base-st_corrector
183378,exons definition biology,(exclusionary criteria)) means,KernelDensityGECO,20,0.001,exclusionary criteria meaning,msmarco-passage/train,ielabgroup/vec2text_gtr-base-st_corrector
183378,exons definition biology,Xenotransplantation (biotransplantation),KernelDensityGECO,20,0.001,xenotransplantation definition,msmarco-passage/train,ielabgroup/vec2text_gtr-base-st_corrector
183378,exons definition biology,"(non-equivalent) amino acids in a cell of a biological cell, biology defines genes. Genes are the group of genes",KernelDensityGECO,20,0.001,biology genes definition,msmarco-passage/train,ielabgroup/vec2text_gtr-base-st_corrector
183378,exons definition biology,"definition of Circulatory System (biology) Circulatory Systems are a system of vascular organs, a tissue, an oxy",KernelDensityGECO,20,0.001,Circulatory System definition biology,msmarco-passage/train,ielabgroup/vec2text_gtr-base-st_corrector
183378,exons definition biology,in biology. Incubation period Incubation periods are the time between the formation of a vascular or a  of,KernelDensityGECO,20,0.001,incubation period definition biology,msmarco-passage/train,ielabgroup/vec2text_gtr-base-st_corrector
183378,exons definition biology,the process of exon (E-NCDNA). Exon (E-NCDNA) is the process by which a cell extracts and ex,KernelDensityGECO,20,0.001,what is the process of exon,msmarco-passage/train,ielabgroup/vec2text_gtr-base-st_corrector
183378,exons definition biology,root bio root () is a definition of the apex of a plant and a bioprotein defined by RNA and RNA,KernelDensityGECO,20,0.001,root bio definition,msmarco-passage/train,ielabgroup/vec2text_gtr-base-st_corrector
1106007,define visceral?,"defining petal. ""Petalum gloriosa"" petal is a spherical mass of flowers known as embryo",KernelDensityGECO,20,0.001,definition petal,msmarco-passage/train,ielabgroup/vec2text_gtr-base-st_corrector
1106007,define visceral?,"visceral leishmaniasis case definition Visceral leishmaniasis, a maniac femorissa",KernelDensityGECO,20,0.001,visceral leishmaniasis case definition,msmarco-passage/train,ielabgroup/vec2text_gtr-base-st_corrector
1106007,define visceral?,defined eye glaucoma Eye vergence (eye glaucoma or biceps) is a neurological condition.,KernelDensityGECO,20,0.001,define eye vergence,msmarco-passage/train,ielabgroup/vec2text_gtr-base-st_corrector
1106007,define visceral?,"(e.g., Michael Torrucciossy), torturous – torturing is a type of torture of human",KernelDensityGECO,20,0.001,define torturous,msmarco-passage/train,ielabgroup/vec2text_gtr-base-st_corrector
1106007,define visceral?,(a definition of a scalar)  a scalar is a scalar of the sine-s,KernelDensityGECO,20,0.001,definition of a scalar,msmarco-passage/train,ielabgroup/vec2text_gtr-base-st_corrector
1106007,define visceral?,"(e.g., Robert L. Lavender) definition of ravishing, a form of a stunning, enigmatic park",KernelDensityGECO,20,0.001,definition of ravishing,msmarco-passage/train,ielabgroup/vec2text_gtr-base-st_corrector
1106007,define visceral?,"define a visceral attack, a symptom of a venomous abrasion and a sensitivity to the force",KernelDensityGECO,20,0.001,define visceral attack,msmarco-passage/train,ielabgroup/vec2text_gtr-base-st_corrector
1106007,define visceral?,(i.e. vindictive) – a wilful and vindictive behavior in a court of law – by,KernelDensityGECO,20,0.001,vindictive definition,msmarco-passage/train,ielabgroup/vec2text_gtr-base-st_corrector
1106007,define visceral?,"definition of 'radical.' 'radiotsis', a root of a pseudo",KernelDensityGECO,20,0.001,definition of radical.,msmarco-passage/train,ielabgroup/vec2text_gtr-base-st_corrector
1106007,define visceral?,"defined as a “control center,” the visceral control center is a sensitivity of direction and direction of movement of a target’s",KernelDensityGECO,20,0.001,definition of visceral control center,msmarco-passage/train,ielabgroup/vec2text_gtr-base-st_corrector
1124210,tracheids are part of _____.,"which part of a DNA clone (dialect, ephemeral DNA, RNA) carries genetic information",KernelDensityGECO,20,0.001,what part of dna carries genetic information,msmarco-passage/train,ielabgroup/vec2text_gtr-base-st_corrector
1124210,tracheids are part of _____.,"a part of the body, the body makes platelets. http://www.meds.com/health/studies/body-part-",KernelDensityGECO,20,0.001,what part of the body makes platelets site:webmd.com,msmarco-passage/train,ielabgroup/vec2text_gtr-base-st_corrector
1124210,tracheids are part of _____.,Trabeculae  (also trabeculae) is a bacteriaceae of the family,KernelDensityGECO,20,0.001,what is trabeculae,msmarco-passage/train,ielabgroup/vec2text_gtr-base-st_corrector
1124210,tracheids are part of _____.,"the structure, which is the trachea, prohibits food from passing into the trachea and subsequently into the trachea",KernelDensityGECO,20,0.001,which structure prohibits food from passing into the trachea,msmarco-passage/train,ielabgroup/vec2text_gtr-base-st_corrector
1124210,tracheids are part of _____.,cartilage forms a trachea in shape (tracheocephalus tracheum) and is round to erect,KernelDensityGECO,20,0.001,what shape does cartilage form in trachea,msmarco-passage/train,ielabgroup/vec2text_gtr-base-st_corrector
1124210,tracheids are part of _____.,"system is the main parts of the excretory system, the ectoteres, the poopys, the bowel",KernelDensityGECO,20,0.001,what is the main parts of the excretory system,msmarco-passage/train,ielabgroup/vec2text_gtr-base-st_corrector
1124210,tracheids are part of _____.,"a syringe of toxins and alcohols, is traced within hepatitis (hepatitis hepati",KernelDensityGECO,20,0.001,what is traced within a hepatitis,msmarco-passage/train,ielabgroup/vec2text_gtr-base-st_corrector
1124210,tracheids are part of _____.,"System – e.g., blood and blood in the blood column and a heart and a pulmonary system – is part body",KernelDensityGECO,20,0.001,blood is part of what body system,msmarco-passage/train,ielabgroup/vec2text_gtr-base-st_corrector
1124210,tracheids are part of _____.,"of the lungs, the snecta, ribcta and the liver, the trachea is part organ",KernelDensityGECO,20,0.001,"the lungs , trachea is what part of the organ",msmarco-passage/train,ielabgroup/vec2text_gtr-base-st_corrector
1124210,tracheids are part of _____.,"in the genus  (Eutrochestidae) are terrestrial humanoid: Humanoid, gen",KernelDensityGECO,20,0.001,what genus are terrestrial humanoid,msmarco-passage/train,ielabgroup/vec2text_gtr-base-st_corrector
490595,rsa definition key,by the acronym RR (Rare - Rarry - rar stands for Accounting Accounting for the Comptroller of Appropriations,KernelDensityGECO,20,0.001,what does rar stand for in accounting,msmarco-passage/train,ielabgroup/vec2text_gtr-base-st_corrector
490595,rsa definition key,"definition of fressa, the adversity of adversity and the avalanche of claires",KernelDensityGECO,20,0.001,definition of fresa,msmarco-passage/train,ielabgroup/vec2text_gtr-base-st_corrector
490595,rsa definition key,r. c. l.a. when forming an LLC. Standing r.c. means to levy a portion,KernelDensityGECO,20,0.001,what does standing ra mean for llc,msmarco-passage/train,ielabgroup/vec2text_gtr-base-st_corrector
490595,rsa definition key,Rsa is a unique anti-terrorist and forensic medicine abrasion device. It is a microfecal,KernelDensityGECO,20,0.001,what is rsa,msmarco-passage/train,ielabgroup/vec2text_gtr-base-st_corrector
490595,rsa definition key,Rair navba Rair navba (captiva navba) - a shipping service of SAS Air.,KernelDensityGECO,20,0.001,navair rba definition,msmarco-passage/train,ielabgroup/vec2text_gtr-base-st_corrector
490595,rsa definition key,"'What Really Stands to Do?', and 'NRA' 'Nash American Rifle Association' '",KernelDensityGECO,20,0.001,what nra really stands for,msmarco-passage/train,ielabgroup/vec2text_gtr-base-st_corrector
490595,rsa definition key,medical terminology is the RBA (Rab-Alfa-Alfa-Alfa-bulb). This acronym,KernelDensityGECO,20,0.001,what is the medical terminology for rba,msmarco-passage/train,ielabgroup/vec2text_gtr-base-st_corrector
490595,rsa definition key,why people should use a limited-use FSA and to use a limited-use FSA to reduce the risk of a financial,KernelDensityGECO,20,0.001,why use a limited use fsa,msmarco-passage/train,ielabgroup/vec2text_gtr-base-st_corrector
490595,rsa definition key,Sgrna is a symfocal RNA of the neukaryotic chromosomes,KernelDensityGECO,20,0.001,what is sgrna,msmarco-passage/train,ielabgroup/vec2text_gtr-base-st_corrector
490595,rsa definition key,RSMa account rmsa is an account that is a monthly acclaim (RMS) service that sends money back,KernelDensityGECO,20,0.001,what is an rmsa account,msmarco-passage/train,ielabgroup/vec2text_gtr-base-st_corrector
1103812,who formed the commonwealth of independent states,"eminent English philanthropist and civil servant, William Willingham, who founded Cambridge-Cambridgeshire (founded 18",KernelDensityGECO,20,0.001,who founded willingham cambridgeshire,msmarco-passage/train,ielabgroup/vec2text_gtr-base-st_corrector
1103812,who formed the commonwealth of independent states,"whose writing is called the five men who wrote the Declaration of Independence, enunciated by President John Kerry, Senators Charles Benard and Thomas",KernelDensityGECO,20,0.001,who where the five men who wrote the declaration of independence,msmarco-passage/train,ielabgroup/vec2text_gtr-base-st_corrector
1103812,who formed the commonwealth of independent states,is a satire and musings on satire and satire – 'The Independent satire' is,KernelDensityGECO,20,0.001,is the independent satire,msmarco-passage/train,ielabgroup/vec2text_gtr-base-st_corrector
1103812,who formed the commonwealth of independent states,1895 (Boholia-Lithuania-Barca-Brazil) and on 1 January 1788 Bermud gained,KernelDensityGECO,20,0.001,when did bermuda gain independence,msmarco-passage/train,ielabgroup/vec2text_gtr-base-st_corrector
1103812,who formed the commonwealth of independent states,(Japan:          ) are the commonweal,KernelDensityGECO,20,0.001,what are the commonwealth islands?,msmarco-passage/train,ielabgroup/vec2text_gtr-base-st_corrector
1103812,who formed the commonwealth of independent states,"who founded the international peace movement, ABOS-LOMS, salom salom jones",KernelDensityGECO,20,0.001,"who founded the international peace movement, absalom jones",msmarco-passage/train,ielabgroup/vec2text_gtr-base-st_corrector
1103812,who formed the commonwealth of independent states,"explorer and explorer, A.C.P. Tromley, who found Plymouth and seized it from the British. They found",KernelDensityGECO,20,0.001,who found plymouth,msmarco-passage/train,ielabgroup/vec2text_gtr-base-st_corrector
1103812,who formed the commonwealth of independent states,"in 1864 and the victorious and ill-fated, Mead Johnson, founded in 1872. Mead Johns",KernelDensityGECO,20,0.001,when was mead johnson founded,msmarco-passage/train,ielabgroup/vec2text_gtr-base-st_corrector
1103812,who formed the commonwealth of independent states,in 1832 (Folklorish & Irish roads) when Ireland (Ireland) was founded,KernelDensityGECO,20,0.001,when was ireland founded,msmarco-passage/train,ielabgroup/vec2text_gtr-base-st_corrector
1103812,who formed the commonwealth of independent states,"historical figure, John Carthage (b. 1801), who did not sign the declaration of independence as a protest to President John F. Kennedy",KernelDensityGECO,20,0.001,what historical figure did not sign declaration of independence?,msmarco-passage/train,ielabgroup/vec2text_gtr-base-st_corrector
87181,causes of left ventricular hypertrophy,Velopharyngeal insufficiency velopharyngeal insufficiency is a medical condition of the female,KernelDensityGECO,20,0.001,what is velopharyngeal insufficiency,msmarco-passage/train,ielabgroup/vec2text_gtr-base-st_corrector
87181,causes of left ventricular hypertrophy,"pleural effusion in adults after cholecystectomy, and other causes such as cleft cholinecys",KernelDensityGECO,20,0.001,causes of pleural effusion in adults after cholecystectomy,msmarco-passage/train,ielabgroup/vec2text_gtr-base-st_corrector
87181,causes of left ventricular hypertrophy,The cause of ventricular hypertrophy is a combination of a decrease in the causation and/or a rise in aerobic fats,KernelDensityGECO,20,0.001,what is the cause of ventricular hypertrophy,msmarco-passage/train,ielabgroup/vec2text_gtr-base-st_corrector
87181,causes of left ventricular hypertrophy,Causes of elevation include fatty liotate arthropathy (flt LC). Symptoms of elevation include heart,KernelDensityGECO,20,0.001,causes of lft elevation,msmarco-passage/train,ielabgroup/vec2text_gtr-base-st_corrector
87181,causes of left ventricular hypertrophy,"causes of steatorrhea disorder, or Staatorrhea, which is a disorder of the fecal intestin",KernelDensityGECO,20,0.001,causes of steatorrhea disorder,msmarco-passage/train,ielabgroup/vec2text_gtr-base-st_corrector
87181,causes of left ventricular hypertrophy,causes of left-axis deviation. The left axis is a result of a period of time (excess deviations,KernelDensityGECO,20,0.001,causes of left axis deviation,msmarco-passage/train,ielabgroup/vec2text_gtr-base-st_corrector
87181,causes of left ventricular hypertrophy,"a body is eating foods containing lectin. This is a cause of chronic inflammation, i.e. food that causes the bite",KernelDensityGECO,20,0.001,what are the cause of eating lectin food,msmarco-passage/train,ielabgroup/vec2text_gtr-base-st_corrector
87181,causes of left ventricular hypertrophy,causes: Hypertrophy of the ventricular systolic artery (ventricular hematopoieticis) is bilateral,KernelDensityGECO,20,0.001,causes of bilateral ventricular hypertrophy,msmarco-passage/train,ielabgroup/vec2text_gtr-base-st_corrector
87181,causes of left ventricular hypertrophy,causes of TTP. Causes of TTP include tracheosis and tracheosis. Throat disease causes,KernelDensityGECO,20,0.001,causes of ttp,msmarco-passage/train,ielabgroup/vec2text_gtr-base-st_corrector
87181,causes of left ventricular hypertrophy,Cause: Intramuscular lipoma is a musculo-muscular musculoedema based intramus,KernelDensityGECO,20,0.001,intramuscular lipoma causes,msmarco-passage/train,ielabgroup/vec2text_gtr-base-st_corrector
443396,lps laws definition,"definition of labor relations act, a set of laws and resensing of the employment and human rights Act (the resen",KernelDensityGECO,20,0.001,labour relations act definition,msmarco-passage/train,ielabgroup/vec2text_gtr-base-st_corrector
443396,lps laws definition,Training lms,KernelDensityGECO,20,0.001,what is training lms,msmarco-passage/train,ielabgroup/vec2text_gtr-base-st_corrector
443396,lps laws definition,ls is a file system for the Apple Macintosh and i-OS. ls is a popular car rich,KernelDensityGECO,20,0.001,what is ls,msmarco-passage/train,ielabgroup/vec2text_gtr-base-st_corrector
443396,lps laws definition,Rco Legal pS. It is a legal PPS of ICO in the United States. This is a special notice for upcoming,KernelDensityGECO,20,0.001,what is rco legal ps,msmarco-passage/train,ielabgroup/vec2text_gtr-base-st_corrector
443396,lps laws definition,what lpns do. They are a lonesotherapy and perform tasks to resuscitate the health care,KernelDensityGECO,20,0.001,what do lpns do,msmarco-passage/train,ielabgroup/vec2text_gtr-base-st_corrector
443396,lps laws definition,the Lofu-Farber-Pearce Program (Lfp Program). It is a program for family planning and reeducation,KernelDensityGECO,20,0.001,what is the lfp program,msmarco-passage/train,ielabgroup/vec2text_gtr-base-st_corrector
443396,lps laws definition,"simple definition of a ""layman's"" definition. A layman's is a phylogenetic and computational definition of",KernelDensityGECO,20,0.001,layman's definition,msmarco-passage/train,ielabgroup/vec2text_gtr-base-st_corrector
443396,lps laws definition,medical law. Medical law is a medical definition defined by the United States Occupational and Occupational Safety and Health Act (UNICEF) allowing,KernelDensityGECO,20,0.001,medical law definition,msmarco-passage/train,ielabgroup/vec2text_gtr-base-st_corrector
443396,lps laws definition,a LOSA is a low-lightning Electronic Object Detector (LOSA). LOSA is a,KernelDensityGECO,20,0.001,what is a LOSA,msmarco-passage/train,ielabgroup/vec2text_gtr-base-st_corrector
443396,lps laws definition,(policy) policies (           ) are,KernelDensityGECO,20,0.001,policies definition,msmarco-passage/train,ielabgroup/vec2text_gtr-base-st_corrector
1121709,what are the three percenters?,"history, who made up the Triple Entente, a symbiosis made up by Carles, Antonio, Roberto Brunucc",KernelDensityGECO,20,0.001,who made up the triple entente,msmarco-passage/train,ielabgroup/vec2text_gtr-base-st_corrector
1121709,what are the three percenters?,"of a group of people with a living with a disassociative disability, 85 percent of the United States is transgender",KernelDensityGECO,20,0.001,what percent of the united states is transgender,msmarco-passage/train,ielabgroup/vec2text_gtr-base-st_corrector
1121709,what are the three percenters?,dTp3 vaccine dTp3 is a vaccine that is a new vaccine for the protection of Distinctionary Complex,KernelDensityGECO,20,0.001,what is dtp3 vaccine,msmarco-passage/train,ielabgroup/vec2text_gtr-base-st_corrector
1121709,what are the three percenters?,Triple entente is a definition of,KernelDensityGECO,20,0.001,triple entente definition,msmarco-passage/train,ielabgroup/vec2text_gtr-base-st_corrector
1121709,what are the three percenters?,History of the Big Three and the Reagan-Sadden War (1916–16) The Triple Alliance was a statewide alliance of alliance,KernelDensityGECO,20,0.001,what was the triple alliance,msmarco-passage/train,ielabgroup/vec2text_gtr-base-st_corrector
1121709,what are the three percenters?,"Approximately 60 percent of fat (fecal fat, fat fat with a high percentage of fat-free fat) is water, or 8 percent",KernelDensityGECO,20,0.001,what percentage of fat is water,msmarco-passage/train,ielabgroup/vec2text_gtr-base-st_corrector
1121709,what are the three percenters?,"3t is a definition of the adipose-globulin atom of silicon and hydrogen, commonly known as 3t.",KernelDensityGECO,20,0.001,define 3t,msmarco-passage/train,ielabgroup/vec2text_gtr-base-st_corrector
1121709,what are the three percenters?,"of Dolphin. Dockers (manion) Dockers is a global corporation leader, a former jerry and a famous mori",KernelDensityGECO,20,0.001,who is dockers,msmarco-passage/train,ielabgroup/vec2text_gtr-base-st_corrector
1121709,what are the three percenters?,"responsibilities of the three branches of the United States government, the three branches are to assemble and maintain the responsibilities of the Congressional Tracts",KernelDensityGECO,20,0.001,what are the responsibilities of the three branches of the united states government,msmarco-passage/train,ielabgroup/vec2text_gtr-base-st_corrector
1121709,what are the three percenters?,"meaning the three-religious apocalypse of Giza, and the three Ruffians symbolize the three who rule.",KernelDensityGECO,20,0.001,what do the three ruffians symbolize?,msmarco-passage/train,ielabgroup/vec2text_gtr-base-st_corrector
87452,causes of military suicide,causes coffin lowry syndrome. It is a disease that results in a femora-aortic coffin-aor,KernelDensityGECO,20,0.001,what causes coffin lowry syndrome,msmarco-passage/train,ielabgroup/vec2text_gtr-base-st_corrector
87452,causes of military suicide,"a DOD civilian, a person who is a part of the military and is a subject of exception to the uniform of the DoD",KernelDensityGECO,20,0.001,what is a dod civilian,msmarco-passage/train,ielabgroup/vec2text_gtr-base-st_corrector
87452,causes of military suicide,statement of service. A statement of service military is a congratulation statement and a verbal statement of service and acclaim,KernelDensityGECO,20,0.001,statement of service military,msmarco-passage/train,ielabgroup/vec2text_gtr-base-st_corrector
87452,causes of military suicide,"death by a septic ailment, a heart attack, and a medical defect; the United States' most common causes",KernelDensityGECO,20,0.001,us most common causes of death,msmarco-passage/train,ielabgroup/vec2text_gtr-base-st_corrector
87452,causes of military suicide,"main cause of aboriginal death, as a result of overpopulation, ghetto consumption, mutilation and human welfare",KernelDensityGECO,20,0.001,main cause of aboriginal death,msmarco-passage/train,ielabgroup/vec2text_gtr-base-st_corrector
87452,causes of military suicide,"(during the eve of the death of a child) what is considered emergency leave in the military, and it’s considered leave.",KernelDensityGECO,20,0.001,what is considered emergency leave in the military?,msmarco-passage/train,ielabgroup/vec2text_gtr-base-st_corrector
87452,causes of military suicide,"the causes of the sudanian civil war, Sudan-Sudan war (Sudan-Soviet War) is the result of joint",KernelDensityGECO,20,0.001,causes of sudan civil war,msmarco-passage/train,ielabgroup/vec2text_gtr-base-st_corrector
87452,causes of military suicide,"depression is caused by a sedative switch, triggered by certain stimuli, such as valvation and alcohol, and is caused by",KernelDensityGECO,20,0.001,depression is caused by what,msmarco-passage/train,ielabgroup/vec2text_gtr-base-st_corrector
87452,causes of military suicide,"for a reason that Brahms parents are not a generation of children and are often left in limbo, they kill themselves when they commit",KernelDensityGECO,20,0.001,why do brahms parents kill themselves,msmarco-passage/train,ielabgroup/vec2text_gtr-base-st_corrector
87452,causes of military suicide,"who was a physician-assisted doctor associated with the 'Peter Paluschian Suicide Movement', et al",KernelDensityGECO,20,0.001,which doctor was associated with the physician-assisted suicide movement?,msmarco-passage/train,ielabgroup/vec2text_gtr-base-st_corrector
855410,what is theraderm used for,tetrabenazine is used as a bronchospheric and aqueous solution for Tomatoe,KernelDensityGECO,20,0.001,what is tetrabenazine used for,msmarco-passage/train,ielabgroup/vec2text_gtr-base-st_corrector
855410,what is theraderm used for,Thiamincone is used for a variety of uses such as ethyl-carbohydrates and Dimethicon,KernelDensityGECO,20,0.001,what is dimethicone used for,msmarco-passage/train,ielabgroup/vec2text_gtr-base-st_corrector
855410,what is theraderm used for,originally used for Soda-Soda-Soda-Coated Soda® arsenite is used for respiratory diseases by,KernelDensityGECO,20,0.001,what is sodum arsenite originally used for,msmarco-passage/train,ielabgroup/vec2text_gtr-base-st_corrector
855410,what is theraderm used for,"uses of the Thermite reaction are the use of a thermocrystallite, a hot ores, a",KernelDensityGECO,20,0.001,uses of thermite reaction,msmarco-passage/train,ielabgroup/vec2text_gtr-base-st_corrector
855410,what is theraderm used for,"applications using helium. Using it for physics, euthane, and bouncing, helium is used.",KernelDensityGECO,20,0.001,what applications is helium used for.,msmarco-passage/train,ielabgroup/vec2text_gtr-base-st_corrector
855410,what is theraderm used for,Diluryl disulfide Diluryl disulfide (methyl dithiide) is a chemical compound that uses for,KernelDensityGECO,20,0.001,what is dimethyl disulfide uses,msmarco-passage/train,ielabgroup/vec2text_gtr-base-st_corrector
855410,what is theraderm used for,"benefits of tarragon, a melanoma, a cure for cancer, and a healthier diet. Benefits include blood",KernelDensityGECO,20,0.001,benefits of tarragon,msmarco-passage/train,ielabgroup/vec2text_gtr-base-st_corrector
855410,what is theraderm used for,Tectrisenq is used primarily for the treatment of teramic disorders and bronchial fever and is also used to treat,KernelDensityGECO,20,0.001,what is tecentriq used for,msmarco-passage/train,ielabgroup/vec2text_gtr-base-st_corrector
855410,what is theraderm used for,"By using a combination of hydroxyl and hydroxyl acids, Astatine is used. Astatine is used as a",KernelDensityGECO,20,0.001,how is astatine used,msmarco-passage/train,ielabgroup/vec2text_gtr-base-st_corrector
855410,what is theraderm used for,Tetrachintal Tetrachintal is used for a high amount of meds known as trencel used to treat pulmonary cancer and to,KernelDensityGECO,20,0.001,what is trental used for,msmarco-passage/train,ielabgroup/vec2text_gtr-base-st_corrector
1114646,what is famvir prescribed for,vylar medication vylar (Vylar erythracites) is a medication of pharma,KernelDensityGECO,20,0.001,what is vylar medication,msmarco-passage/train,ielabgroup/vec2text_gtr-base-st_corrector
1114646,what is famvir prescribed for,"a hot insulant, take a naloxamine (Naloxacin) for two hours to fever. Take",KernelDensityGECO,20,0.001,what do you take for a fever,msmarco-passage/train,ielabgroup/vec2text_gtr-base-st_corrector
1114646,what is famvir prescribed for,"family medical. The family medical insurance and a medical clinic, a.k.a. Family Health Care, a.k.a.",KernelDensityGECO,20,0.001,family medical,msmarco-passage/train,ielabgroup/vec2text_gtr-base-st_corrector
1114646,what is famvir prescribed for,"a prescribed medication, m.aegabaphthyramine (migraemia) is a medication used to treat",KernelDensityGECO,20,0.001,what is a prescribed migraine medication,msmarco-passage/train,ielabgroup/vec2text_gtr-base-st_corrector
1114646,what is famvir prescribed for,"Originally used as a treatment for obstructive uloric, uloric is used to treat and treat a number",KernelDensityGECO,20,0.001,what is uloric used to treat,msmarco-passage/train,ielabgroup/vec2text_gtr-base-st_corrector
1114646,what is famvir prescribed for,"Using a combination of syphilis and valdomycin, syphilia is used to treat sy",KernelDensityGECO,20,0.001,what is used to treat syphilis,msmarco-passage/train,ielabgroup/vec2text_gtr-base-st_corrector
1114646,what is famvir prescribed for,The painkiller Viromo (Vedovaso) is used to treat thyroedema and asia pain,KernelDensityGECO,20,0.001,what is the painkiller viromo used for,msmarco-passage/train,ielabgroup/vec2text_gtr-base-st_corrector
1114646,what is famvir prescribed for,"a nascent adrenergic medication, trimipramine (or trimequiminase) is used",KernelDensityGECO,20,0.001,what is trimipramine used for,msmarco-passage/train,ielabgroup/vec2text_gtr-base-st_corrector
1114646,what is famvir prescribed for,Xanazepam is usually prescribed for xanax and other x-rays and he is primarily prescribed for,KernelDensityGECO,20,0.001,what is xanax usually prescribed for,msmarco-passage/train,ielabgroup/vec2text_gtr-base-st_corrector
1114646,what is famvir prescribed for,fenofebrate fenofebrate (fenibrate) is a sedative used by s,KernelDensityGECO,20,0.001,what is fenofibrate used f,msmarco-passage/train,ielabgroup/vec2text_gtr-base-st_corrector
19335,anthropological definition of environment,defined as arid geography. Arid geography is the climatic haze of water containing a dissolved water lithology and,KernelDensityGECO,20,0.001,arid geography definition,msmarco-passage/train,ielabgroup/vec2text_gtr-base-st_corrector
19335,anthropological definition of environment,definition of anec,KernelDensityGECO,20,0.001,definition of anecdotal,msmarco-passage/train,ielabgroup/vec2text_gtr-base-st_corrector
19335,anthropological definition of environment,"(Ancient Ecclesiastical Gesture of the state of Washington) is spirituality Aboriginal spirituality, which is",KernelDensityGECO,20,0.001,what is aboriginal spirituality,msmarco-passage/train,ielabgroup/vec2text_gtr-base-st_corrector
19335,anthropological definition of environment,what it means to interpret the environment dictate-view-view (a.k.a. environment perspective) is a form of high-,KernelDensityGECO,20,0.001,what does environment-dictate perspective mean,msmarco-passage/train,ielabgroup/vec2text_gtr-base-st_corrector
19335,anthropological definition of environment,"types of organizational environments – one that resembles a change-driven organization, one that resembles change-driven organization, and organizational hierarchy",KernelDensityGECO,20,0.001,types of organizational environments,msmarco-passage/train,ielabgroup/vec2text_gtr-base-st_corrector
19335,anthropological definition of environment,"meaning “community” in zoology, which refers to the community of animals and the community of zoodogs and",KernelDensityGECO,20,0.001,what does community mean in zoology,msmarco-passage/train,ielabgroup/vec2text_gtr-base-st_corrector
19335,anthropological definition of environment,defined as arid geography. Arid geography is the climatic haze of water containing a dissolved water lithology and,KernelDensityGECO,20,0.001,arid geography definition,msmarco-passage/train,ielabgroup/vec2text_gtr-base-st_corrector
19335,anthropological definition of environment,environment definition of negative feedback (e.g. a negative feedback environment) is the effect of body structures and organs that are not stable in environment,KernelDensityGECO,20,0.001,negative feedback environment definition,msmarco-passage/train,ielabgroup/vec2text_gtr-base-st_corrector
19335,anthropological definition of environment,"team environment - meaning a team environment - is a place of a person working in a corporate environment, not just at the office",KernelDensityGECO,20,0.001,team environment meaning,msmarco-passage/train,ielabgroup/vec2text_gtr-base-st_corrector
19335,anthropological definition of environment,pseudoscientific and fascist movements. Ecocentrism Ecocentrism () is a definition of a societal group of,KernelDensityGECO,20,0.001,ecocentrism definition,msmarco-passage/train,ielabgroup/vec2text_gtr-base-st_corrector
47923,axon terminals or synaptic knob definition,the  aux knobs work as a hum-pot and function as a hum-pot when the listener's,KernelDensityGECO,20,0.001,what do the aux knobs work as,msmarco-passage/train,ielabgroup/vec2text_gtr-base-st_corrector
47923,axon terminals or synaptic knob definition,"definition of a system of organs and fats (e.g., ganglia, oxoelectrode)",KernelDensityGECO,20,0.001,definition of glands,msmarco-passage/train,ielabgroup/vec2text_gtr-base-st_corrector
47923,axon terminals or synaptic knob definition,(Varanthema ventral) are a set of bones and organs of the valvular cord through the ventral bone definition,KernelDensityGECO,20,0.001,ventral cord definition,msmarco-passage/train,ielabgroup/vec2text_gtr-base-st_corrector
47923,axon terminals or synaptic knob definition,which is the junction between an axon terminal (axon ) and the next axon terminal (a neuron,KernelDensityGECO,20,0.001,what isthe junction between an axon terminal and the next neuron,msmarco-passage/train,ielabgroup/vec2text_gtr-base-st_corrector
47923,axon terminals or synaptic knob definition,"medical definition of synaptic knob, a glial apical organ of a gastrointestinal organ, known as synapt",KernelDensityGECO,20,0.001,medical definition of synaptic knob,msmarco-passage/train,ielabgroup/vec2text_gtr-base-st_corrector
47923,axon terminals or synaptic knob definition,aptosynaptic membrane - a definition of postsynaptic membrane - is a definition of the neuron,KernelDensityGECO,20,0.001,postsynaptic membrane definition,msmarco-passage/train,ielabgroup/vec2text_gtr-base-st_corrector
47923,axon terminals or synaptic knob definition,axes (or raxes) as a means of obtaining heaven and gypsies. ARANCES,KernelDensityGECO,20,0.001,araxes meaning,msmarco-passage/train,ielabgroup/vec2text_gtr-base-st_corrector
47923,axon terminals or synaptic knob definition,axis,KernelDensityGECO,20,0.001,what is meaning of axis eye,msmarco-passage/train,ielabgroup/vec2text_gtr-base-st_corrector
47923,axon terminals or synaptic knob definition,"types of axons innervate voluntary skeletal muscle fibers, which axons the axon of leg",KernelDensityGECO,20,0.001,what type of axon innervates voluntary skeletal muscle fibers in leg,msmarco-passage/train,ielabgroup/vec2text_gtr-base-st_corrector
47923,axon terminals or synaptic knob definition,Axis synovial Axis synovial (also known as axis) is a synaptic axis of muscles,KernelDensityGECO,20,0.001,what is axis synovial,msmarco-passage/train,ielabgroup/vec2text_gtr-base-st_corrector
405717,is cdg airport in main paris,iquitos Airport iquitos (iquilino iquilino) is an airport,KernelDensityGECO,20,0.001,where is iquitos airport,msmarco-passage/train,ielabgroup/vec2text_gtr-base-st_corrector
405717,is cdg airport in main paris,"the airport that serves Ghent, Belgium, Rooster-Johannes-Geeland-Gaben-U",KernelDensityGECO,20,0.001,"what airport serves ghent, belgium",msmarco-passage/train,ielabgroup/vec2text_gtr-base-st_corrector
405717,is cdg airport in main paris,"paau airport paau ( , formerly paau International Airport) is located in",KernelDensityGECO,20,0.001,where is palau airport located,msmarco-passage/train,ielabgroup/vec2text_gtr-base-st_corrector
405717,is cdg airport in main paris,"airport at Capd., which is close to Cape Cod, and the airport at St. John & St. Michael, which is close to Harbor",KernelDensityGECO,20,0.001,what airport is close to cape cod,msmarco-passage/train,ielabgroup/vec2text_gtr-base-st_corrector
405717,is cdg airport in main paris,"airport to Antigua d'Argento y Santa Luca, which flies into St. John PT Airport.",KernelDensityGECO,20,0.001,what airport goes into st john antigua?,msmarco-passage/train,ielabgroup/vec2text_gtr-base-st_corrector
405717,is cdg airport in main paris,"home of the local live show, Cgx, is located in Central Isthmus of California. It is visited by Canadians, Laguna Hills",KernelDensityGECO,20,0.001,where is cgx,msmarco-passage/train,ielabgroup/vec2text_gtr-base-st_corrector
405717,is cdg airport in main paris,"from 1 to 5 airports, of which about 100 (Oconus and Oconus a.k.a. 5) accept global access",KernelDensityGECO,20,0.001,how many oconus airports accept global access,msmarco-passage/train,ielabgroup/vec2text_gtr-base-st_corrector
405717,is cdg airport in main paris,charlotte can wait hours at 96 st. in paris and Charlotte-Bully street can wait hours at charlotte,KernelDensityGECO,20,0.001,paris can wait hours in charlotte,msmarco-passage/train,ielabgroup/vec2text_gtr-base-st_corrector
405717,is cdg airport in main paris,"which is the main airport in the Turks and Caicos, TURKS",KernelDensityGECO,20,0.001,what is the main airport in turks and caicos,msmarco-passage/train,ielabgroup/vec2text_gtr-base-st_corrector
405717,is cdg airport in main paris,name of the airport is ord (standing for ord - ord or ord,KernelDensityGECO,20,0.001,what is the airport name of ord stand for,msmarco-passage/train,ielabgroup/vec2text_gtr-base-st_corrector
182539,example of monotonic function,"1992 and 2014 are examples of the highest examples of inflation, a doubling of the rate of inflation and a significant increase in wages and benefits received",KernelDensityGECO,20,0.001,highest examples of inflation,msmarco-passage/train,ielabgroup/vec2text_gtr-base-st_corrector
182539,example of monotonic function,a direct example of a bridging and a direct example of a nebula. They are examples of an intrusion,KernelDensityGECO,20,0.001,which is an example of an intrusion,msmarco-passage/train,ielabgroup/vec2text_gtr-base-st_corrector
182539,example of monotonic function,examples of instantaneous speed are a cyclohelix-spheroidal spherohelix and a fast,KernelDensityGECO,20,0.001,examples of instantaneous speed,msmarco-passage/train,ielabgroup/vec2text_gtr-base-st_corrector
182539,example of monotonic function,"price, examples include: The Fischer S index provides a price index for stocks, fischers, fischers with values of 1 gau",KernelDensityGECO,20,0.001,fischer s price index examples,msmarco-passage/train,ielabgroup/vec2text_gtr-base-st_corrector
182539,example of monotonic function,"functions of monocytes (Monocytes) are their function and determine whether they are able to ingest antigens, bile",KernelDensityGECO,20,0.001,what are functions of monocytes,msmarco-passage/train,ielabgroup/vec2text_gtr-base-st_corrector
182539,example of monotonic function,type of procedure that is an example of an extirpation is a typical example of an exocercologic extir,KernelDensityGECO,20,0.001,what type of procedure is an example of an example of an extirpation,msmarco-passage/train,ielabgroup/vec2text_gtr-base-st_corrector
182539,example of monotonic function,"in plastic, acorns, and stainless steel is an example of corrosion. It is a major example of a refraction corrosion",KernelDensityGECO,20,0.001,what is an example of corrosion,msmarco-passage/train,ielabgroup/vec2text_gtr-base-st_corrector
182539,example of monotonic function,"a census data is an example of , which is a data of people and their encumbrances, which is an example of",KernelDensityGECO,20,0.001,census data is an example of,msmarco-passage/train,ielabgroup/vec2text_gtr-base-st_corrector
182539,example of monotonic function,(infinite tense and dative      ) is an example of infini,KernelDensityGECO,20,0.001,what is an infinitive examples,msmarco-passage/train,ielabgroup/vec2text_gtr-base-st_corrector
182539,example of monotonic function,"An example is a man from the University of Texas, who is a liberal and a hard-line example of an extremist who is",KernelDensityGECO,20,0.001,what is an example of an extremist,msmarco-passage/train,ielabgroup/vec2text_gtr-base-st_corrector
1113437,what is physical description of spruce,plume  (known as  plume) is a system of chiropodioid and low energy,KernelDensityGECO,20,0.001,what is plume,msmarco-passage/train,ielabgroup/vec2text_gtr-base-st_corrector
1113437,what is physical description of spruce,stands for ELEc (Ed) and  stands for  (Ed). Spark Spark is a water fitness class in the Pe,KernelDensityGECO,20,0.001,what does spark stand for in pe,msmarco-passage/train,ielabgroup/vec2text_gtr-base-st_corrector
1113437,what is physical description of spruce,"a number of physical processes, such as CINUS, chemistry, and chemistry, physical processes (known as physical processes) are physical processes",KernelDensityGECO,20,0.001,what are physical processes,msmarco-passage/train,ielabgroup/vec2text_gtr-base-st_corrector
1113437,what is physical description of spruce,define tree diagram math (a.k.a. math-d.a. math-d. math-d. math-d. maths,KernelDensityGECO,20,0.001,define tree diagram math,msmarco-passage/train,ielabgroup/vec2text_gtr-base-st_corrector
1113437,what is physical description of spruce,(By-Season 84:01-08) Physical planning Physical Planning is a method of planning and determining the pathology,KernelDensityGECO,20,0.001,what is physical planning,msmarco-passage/train,ielabgroup/vec2text_gtr-base-st_corrector
1113437,what is physical description of spruce,"chemical formula and chemistry is the chemical formula of a molecule, sphene is a chemical formula and a phenylene",KernelDensityGECO,20,0.001,what is chemical formula and sphene,msmarco-passage/train,ielabgroup/vec2text_gtr-base-st_corrector
1113437,what is physical description of spruce,"by being a solid ice, they are figs, and are a great model of how figs are shaped in the stomach",KernelDensityGECO,20,0.001,how are figs,msmarco-passage/train,ielabgroup/vec2text_gtr-base-st_corrector
1113437,what is physical description of spruce,describe texture of seaweed (a.k.a. schotony-feel) by describing the texture of vegetables,KernelDensityGECO,20,0.001,describe texture of seaweed,msmarco-passage/train,ielabgroup/vec2text_gtr-base-st_corrector
1113437,what is physical description of spruce,shape of streptococcus stracheae is a streptococcus pyogenes.,KernelDensityGECO,20,0.001,what shape is streptococcus pyogenes,msmarco-passage/train,ielabgroup/vec2text_gtr-base-st_corrector
1113437,what is physical description of spruce,Physical vapour deposition Physical Vapour Deposition is a chemical ionogas or a liquid carbon,KernelDensityGECO,20,0.001,what is physical vapour deposition,msmarco-passage/train,ielabgroup/vec2text_gtr-base-st_corrector
1129237,hydrogen is a liquid below what temperature,"temperature at altitude (e.g.,          )",KernelDensityGECO,20,0.001,temperature at altitude,msmarco-passage/train,ielabgroup/vec2text_gtr-base-st_corrector
1129237,hydrogen is a liquid below what temperature,"(between 212 and 212 °C) is the freezing point of jet fuel, or the freezing point of hydrogen ionide reactants",KernelDensityGECO,20,0.001,what is the freezing point for jet fuel,msmarco-passage/train,ielabgroup/vec2text_gtr-base-st_corrector
1129237,hydrogen is a liquid below what temperature,because your body temperature is low compared to your body temperature (Arnia or a low birth rate) or your body temperature is low,KernelDensityGECO,20,0.001,why is my body temperature low,msmarco-passage/train,ielabgroup/vec2text_gtr-base-st_corrector
1129237,hydrogen is a liquid below what temperature,m minimum cold. Temperature m Minimum m  :  :  : TCSs,KernelDensityGECO,20,0.001,minimum temperature tcs cold,msmarco-passage/train,ielabgroup/vec2text_gtr-base-st_corrector
1129237,hydrogen is a liquid below what temperature,"a water temperature that is too hot, should be at the optimum temp, or between 170 °C and 24 °F too hot",KernelDensityGECO,20,0.001,what water temp is too hot,msmarco-passage/train,ielabgroup/vec2text_gtr-base-st_corrector
1129237,hydrogen is a liquid below what temperature,temperature at a temperature of 85 °F (350 °C) or 850 °F (burned temperatures) is known for,KernelDensityGECO,20,0.001,what temperature for cannabis,msmarco-passage/train,ielabgroup/vec2text_gtr-base-st_corrector
1129237,hydrogen is a liquid below what temperature,"explain the relationship between kelvin (K) and kelvin i.a. i.e. temperature of a substance,",KernelDensityGECO,20,0.001,explain the relationship between the kelvin temperature of a substance,msmarco-passage/train,ielabgroup/vec2text_gtr-base-st_corrector
1129237,hydrogen is a liquid below what temperature,th-lowest possible temperature is a low-level body temperature of 0 °C (31 °F) or freezing temperature at,KernelDensityGECO,20,0.001,th lowest possible temperature is,msmarco-passage/train,ielabgroup/vec2text_gtr-base-st_corrector
1129237,hydrogen is a liquid below what temperature,"temperature at which water boils on the moon (earth, water, sulphur, or water boiling water) is 10 °",KernelDensityGECO,20,0.001,what temperature does water boil on the moon,msmarco-passage/train,ielabgroup/vec2text_gtr-base-st_corrector
1129237,hydrogen is a liquid below what temperature,"a.m. to 115 °F. Internal temperature to cook a ham, or ham, or teemon",KernelDensityGECO,20,0.001,what internal temp to cook ham,msmarco-passage/train,ielabgroup/vec2text_gtr-base-st_corrector
146187,difference between a mcdouble and a double cheeseburger,"a difference between the gridded hemisphere on the ground,  - magma - and  lava",KernelDensityGECO,20,0.001,what is the difference between magma and lava ] ],msmarco-passage/train,ielabgroup/vec2text_gtr-base-st_corrector
146187,difference between a mcdouble and a double cheeseburger,properties of the moonlight. A meteorite is a difference between a trophobism and a meteorite is a,KernelDensityGECO,20,0.001,what is difference between a meteor and meteorite,msmarco-passage/train,ielabgroup/vec2text_gtr-base-st_corrector
146187,difference between a mcdouble and a double cheeseburger,a difference between mb (macro-machine-capable) and bb (mbo) or gb,KernelDensityGECO,20,0.001,what is the difference between mb and gb,msmarco-passage/train,ielabgroup/vec2text_gtr-base-st_corrector
146187,difference between a mcdouble and a double cheeseburger,difference between  ml and  cl.  ml (or  cl) is a difference,KernelDensityGECO,20,0.001,difference between cl and ml,msmarco-passage/train,ielabgroup/vec2text_gtr-base-st_corrector
146187,difference between a mcdouble and a double cheeseburger,calories (2.86 g/l) at the Burger King Double Junior and a serving of the Texas Howeburger in downtown California,KernelDensityGECO,20,0.001,calories in whataburger double junior,msmarco-passage/train,ielabgroup/vec2text_gtr-base-st_corrector
146187,difference between a mcdouble and a double cheeseburger,a 'vegan' and a 'vegan'. The difference between vegan and 'vegetarian' and the ',KernelDensityGECO,20,0.001,what's the diff between vegetarian and.vegan,msmarco-passage/train,ielabgroup/vec2text_gtr-base-st_corrector
146187,difference between a mcdouble and a double cheeseburger,"differences between McAvoy and McMafia, McAvoy is a difference between the accents of Stewart and Moose",KernelDensityGECO,20,0.001,differences in between mcavoy or stewart],msmarco-passage/train,ielabgroup/vec2text_gtr-base-st_corrector
146187,difference between a mcdouble and a double cheeseburger,difference between cocoa butter (cocoa butter) and cocoa starch (cocoa butter) — aka chocolate,KernelDensityGECO,20,0.001,difference between cocoa and cocoa butter,msmarco-passage/train,ielabgroup/vec2text_gtr-base-st_corrector
146187,difference between a mcdouble and a double cheeseburger,"calorie burgers in a McDonald's restaurant topped with a McDonald's cheeseburger, McQueens, burger",KernelDensityGECO,20,0.001,mcdonalds calories cheeseburgers,msmarco-passage/train,ielabgroup/vec2text_gtr-base-st_corrector
146187,difference between a mcdouble and a double cheeseburger,a difference between a law (or a rule) and a regulation (or a force of regulation) — a rule,KernelDensityGECO,20,0.001,what's the difference between a rule and a regulation,msmarco-passage/train,ielabgroup/vec2text_gtr-base-st_corrector
