query_id,text,obfuscatedText,mechanism,epsilon,top_percentile,pivot_query,pool,corrector_model
156493,do goldfish grow,"in the world, what is the biggest goldfish in the world, 'Goldenfish' or 'Aeromon xylit",KernelDensityGECO,1,0.001,what is the biggest goldfish in the world,msmarco-passage/train,ielabgroup/vec2text_gtr-base-st_corrector
156493,do goldfish grow,"are petunias that keep blooming and a 'flora bounded', Petunias continue blooming",KernelDensityGECO,1,0.001,do petunias keep blooming,msmarco-passage/train,ielabgroup/vec2text_gtr-base-st_corrector
156493,do goldfish grow,a goldfish can survive in a water tank without a filter and will live for 0 to 240 hours if filtered and exposed,KernelDensityGECO,1,0.001,how long can goldfish survive without a filter,msmarco-passage/train,ielabgroup/vec2text_gtr-base-st_corrector
156493,do goldfish grow,a 0.5 to 0.5 metre (60 to 90 days) fern grows asparagus fern and grows as fast as it grows on fresh ground,KernelDensityGECO,1,0.001,how fast does asparagus fern grow,msmarco-passage/train,ielabgroup/vec2text_gtr-base-st_corrector
156493,do goldfish grow,"during the apoptotic era of the Mediterranean, the Age of Fishes (c. 550–550 BC) was an age",KernelDensityGECO,1,0.001,during what era was the age of fishes,msmarco-passage/train,ielabgroup/vec2text_gtr-base-st_corrector
156493,do goldfish grow,"at a rate of 0.5 to 0.5 g/m. ""Wisteria scapularis"" grows fast and will grow fast",KernelDensityGECO,1,0.001,how fast do wisteria grow,msmarco-passage/train,ielabgroup/vec2text_gtr-base-st_corrector
156493,do goldfish grow,A petite goldendoodle is a pet pangoline sempervirens that is a delicate and elongated golden g,KernelDensityGECO,1,0.001,what is a petite goldendoodle,msmarco-passage/train,ielabgroup/vec2text_gtr-base-st_corrector
156493,do goldfish grow,from 2 to 30.5 years (for a mutilated feature) and goldendoodles will live for more than,KernelDensityGECO,1,0.001,how long do goldendoodles live for,msmarco-passage/train,ielabgroup/vec2text_gtr-base-st_corrector
156493,do goldfish grow,"in a weighing of a king or king, goldfish (or goldfish geranium) live between 2 and 8 years",KernelDensityGECO,1,0.001,how many years do goldfish live,msmarco-passage/train,ielabgroup/vec2text_gtr-base-st_corrector
156493,do goldfish grow,'the fish say' is a bouncy acoustic abou a shaky 'the fish',KernelDensityGECO,1,0.001,what's the fish say,msmarco-passage/train,ielabgroup/vec2text_gtr-base-st_corrector
1110199,what is wifi vs bluetooth,there is a difference between blepharospasm (bronchoarthritis) and blepharoglossa (m,KernelDensityGECO,1,0.001,is there difference between blepharospasm and blepharitis,msmarco-passage/train,ielabgroup/vec2text_gtr-base-st_corrector
1110199,what is wifi vs bluetooth,"a home phone connects to the wireless internet, a wireless telephone, a wireless home phone or a wireless home call, it is",KernelDensityGECO,1,0.001,what is a wireless home phone connect,msmarco-passage/train,ielabgroup/vec2text_gtr-base-st_corrector
1110199,what is wifi vs bluetooth,"because the laptop is not connected to a hotspot or a password key, it won't connect to wifi until wifi",KernelDensityGECO,1,0.001,why won't laptop connect to wifi,msmarco-passage/train,ielabgroup/vec2text_gtr-base-st_corrector
1110199,what is wifi vs bluetooth,a good signal (the 128 ns WiFi signal from a laptop or a 4 ns WiFi antenna) is a good,KernelDensityGECO,1,0.001,what is a good wifi signal,msmarco-passage/train,ielabgroup/vec2text_gtr-base-st_corrector
1110199,what is wifi vs bluetooth,"what a LAN or wifi is an abbreviation of , i.e. Wi-Fi is an abbreviation of",KernelDensityGECO,1,0.001,what is wifi an abbreviation of,msmarco-passage/train,ielabgroup/vec2text_gtr-base-st_corrector
1110199,what is wifi vs bluetooth,"i.e. WiFi cellular i.e. WiFi cellular, is a cellular cellular system for Siri and other Bluetooth apps",KernelDensityGECO,1,0.001,what is wifi cellular?,msmarco-passage/train,ielabgroup/vec2text_gtr-base-st_corrector
1110199,what is wifi vs bluetooth,Bluetooth (range) is the wireless,KernelDensityGECO,1,0.001,what is bluetooth range,msmarco-passage/train,ielabgroup/vec2text_gtr-base-st_corrector
1110199,what is wifi vs bluetooth,definition (bruce-blue-season) - Bluetooth - a device that connects to one another through a pair,KernelDensityGECO,1,0.001,bluetooth definition,msmarco-passage/train,ielabgroup/vec2text_gtr-base-st_corrector
1110199,what is wifi vs bluetooth,is Bluetooth capable and iPod compatible earbuds and Bluetooth paired feasible and a recent research suggests the iPod capable,KernelDensityGECO,1,0.001,is ipod bluetooth capable,msmarco-passage/train,ielabgroup/vec2text_gtr-base-st_corrector
1110199,what is wifi vs bluetooth,trying to connect a toshiba laptop to wifi and tsukiba tsba tsb to WiFi,KernelDensityGECO,1,0.001,trying to connect my toshiba laptop to wifi,msmarco-passage/train,ielabgroup/vec2text_gtr-base-st_corrector
1063750,why did the us volunterilay enter ww1,"b) following interwar afjection, which was the immediate cause of American entry into U.S.-United States World War",KernelDensityGECO,1,0.001,which of the following was the immediate cause for american entry into world war i?,msmarco-passage/train,ielabgroup/vec2text_gtr-base-st_corrector
1063750,why did the us volunterilay enter ww1,"why the brigandy of Russia, France and Britain formed a triple entente in 1907 rather than a racial",KernelDensityGECO,1,0.001,why did britain formed the triple entente with france and russia by 1907,msmarco-passage/train,ielabgroup/vec2text_gtr-base-st_corrector
1063750,why did the us volunterilay enter ww1,"by a re-election of the gubernatorial revolution, the Russian revolution of 1917 impacted WW1 and jog",KernelDensityGECO,1,0.001,how did russian revolution impact ww1,msmarco-passage/train,ielabgroup/vec2text_gtr-base-st_corrector
1063750,why did the us volunterilay enter ww1,"with the United States, the U.S. fought with the Ho Chi Minh's air force in the Vietnam War and the Vietnam War",KernelDensityGECO,1,0.001,who did the us fight with in vietnam war,msmarco-passage/train,ielabgroup/vec2text_gtr-base-st_corrector
1063750,why did the us volunterilay enter ww1,to build a fabled mountain known as Mount Vernon was built as a reason why Y.S.B.A.,KernelDensityGECO,1,0.001,why was mount vernon built,msmarco-passage/train,ielabgroup/vec2text_gtr-base-st_corrector
1063750,why did the us volunterilay enter ww1,why the tet offensive weakened American support for the war and -as a sign - weakened American support for the war,KernelDensityGECO,1,0.001,why did the tet offensive weaken american support for the war,msmarco-passage/train,ielabgroup/vec2text_gtr-base-st_corrector
1063750,why did the us volunterilay enter ww1,"important events that had an impact on the United States with the events of World War I, WW1 and the wrexing of the dayton",KernelDensityGECO,1,0.001,important events in ww1 that had an impact on the united states,msmarco-passage/train,ielabgroup/vec2text_gtr-base-st_corrector
1063750,why did the us volunterilay enter ww1,"for the existence of a world full of eutheroid and blood, and vampires were created to replace human chasti",KernelDensityGECO,1,0.001,why were vampires created,msmarco-passage/train,ielabgroup/vec2text_gtr-base-st_corrector
1063750,why did the us volunterilay enter ww1,"reasons kids should do volunteer work are a reason they can feel better in their lives, a reason they feel more value, and a reason why",KernelDensityGECO,1,0.001,reasons why kids should do volunteer work,msmarco-passage/train,ielabgroup/vec2text_gtr-base-st_corrector
1063750,why did the us volunterilay enter ww1,"because of the promise of a better fight for the nation and to protect its armed forces, the Army was formed, which was formally formed 16",KernelDensityGECO,1,0.001,why was the army formed,msmarco-passage/train,ielabgroup/vec2text_gtr-base-st_corrector
130510,definition declaratory judgment,"definition of coterminous contract,",KernelDensityGECO,1,0.001,definition of coterminous contract,msmarco-passage/train,ielabgroup/vec2text_gtr-base-st_corrector
130510,definition declaratory judgment,"What is assumed to be default judgment is the judgment of the state of Texas when a judicial action, judicial judgement, or judicial vacancy",KernelDensityGECO,1,0.001,what is default judgement in state of texas,msmarco-passage/train,ielabgroup/vec2text_gtr-base-st_corrector
130510,definition declaratory judgment,(a.k.a. judo) — a definition of judgmental — is a group of persons or activities identifying,KernelDensityGECO,1,0.001,definition of judgmental,msmarco-passage/train,ielabgroup/vec2text_gtr-base-st_corrector
130510,definition declaratory judgment,Debtor risk Debtor risk - a risk - is a financial risk posed by debtors (crowd,KernelDensityGECO,1,0.001,debtor risk definition,msmarco-passage/train,ielabgroup/vec2text_gtr-base-st_corrector
130510,definition declaratory judgment,"(jaundice dehydration) or jaundice dehydration, is a condition that causes a narcolepsy",KernelDensityGECO,1,0.001,what is jaundice dehydration,msmarco-passage/train,ielabgroup/vec2text_gtr-base-st_corrector
130510,definition declaratory judgment,statutory declaration is a document that enshrines the provisions of the State of South Africa Act 94 as a sa,KernelDensityGECO,1,0.001,what does a statutory declaration sa,msmarco-passage/train,ielabgroup/vec2text_gtr-base-st_corrector
130510,definition declaratory judgment,definition of a qualified transaction.,KernelDensityGECO,1,0.001,qualified transaction definition,msmarco-passage/train,ielabgroup/vec2text_gtr-base-st_corrector
130510,definition declaratory judgment,a clear-up admonition by stating your judgment. You can use a judicial reminder to make clear your name and your,KernelDensityGECO,1,0.001,how to clear up a judgement,msmarco-passage/train,ielabgroup/vec2text_gtr-base-st_corrector
130510,definition declaratory judgment,"meaning of the declaration of independence, or, in other words, the meaning of the U.S. Constitution and the declaration of freedom of the United States",KernelDensityGECO,1,0.001,the meaning of declaration of independence,msmarco-passage/train,ielabgroup/vec2text_gtr-base-st_corrector
130510,definition declaratory judgment,(Judges) judicial review         is the definition of judicial review,KernelDensityGECO,1,0.001,judicial review   definition,msmarco-passage/train,ielabgroup/vec2text_gtr-base-st_corrector
489204,right pelvic pain causes,"because your right back is a clinging or a rheumatic condition, upper right side pain may hurt your right side,",KernelDensityGECO,1,0.001,why does my right side upper back hurting,msmarco-passage/train,ielabgroup/vec2text_gtr-base-st_corrector
489204,right pelvic pain causes,a pulmonate or a gibia or a bacterium could cause pain on your right side while the possibility of pain,KernelDensityGECO,1,0.001,what could cause pain on my right side,msmarco-passage/train,ielabgroup/vec2text_gtr-base-st_corrector
489204,right pelvic pain causes,causing pain on the right side of ribs is a pnectosis or a pnecto,KernelDensityGECO,1,0.001,cause of pain in ribs on right side,msmarco-passage/train,ielabgroup/vec2text_gtr-base-st_corrector
489204,right pelvic pain causes,"when a substance such as a gastric block, such as a stomach ache or a stomach ache, causes stomach burning pain",KernelDensityGECO,1,0.001,what causes stomach burning pain,msmarco-passage/train,ielabgroup/vec2text_gtr-base-st_corrector
489204,right pelvic pain causes,"when you are undergoing a medical exam, you should stop pelvic exams and when necessary to avoid a risk of recurring infections and fluids",KernelDensityGECO,1,0.001,when to stop pelvic exams,msmarco-passage/train,ielabgroup/vec2text_gtr-base-st_corrector
489204,right pelvic pain causes,where the abdomen is a pyelodiceps (below abdomen) and pelvis (horizonte and abdomen),KernelDensityGECO,1,0.001,where is abdomen and pelvis,msmarco-passage/train,ielabgroup/vec2text_gtr-base-st_corrector
489204,right pelvic pain causes,"when there is pain in the stomach as a result of a form of gastritis, a gastritis or an abdominal pain",KernelDensityGECO,1,0.001,causes of pain in the stomach,msmarco-passage/train,ielabgroup/vec2text_gtr-base-st_corrector
489204,right pelvic pain causes,a severe aches on the gastrointestinal tract (e.g. apnea or a dilated abdomen) cause,KernelDensityGECO,1,0.001,causes for severe stomach aches,msmarco-passage/train,ielabgroup/vec2text_gtr-base-st_corrector
489204,right pelvic pain causes,pvd pain - pvd pain - is a pain that means it mainly dilated muscle or arteries,KernelDensityGECO,1,0.001,what does pvd pain mean,msmarco-passage/train,ielabgroup/vec2text_gtr-base-st_corrector
489204,right pelvic pain causes,polycystic ovaries pain symptoms (oocystic ovulation pain) and other symptoms of oogenesis,KernelDensityGECO,1,0.001,polycystic ovaries pain symptoms,msmarco-passage/train,ielabgroup/vec2text_gtr-base-st_corrector
573724,what are the social determinants of health,"ranging from anthropologists to therapists, it is not known what cultural influences are likely to have on your understanding of health, or how it",KernelDensityGECO,1,0.001,what might be some of the cultural influences on your understanding of health,msmarco-passage/train,ielabgroup/vec2text_gtr-base-st_corrector
573724,what are the social determinants of health,"factors, social change is a number of factors in society: racial motivation, socio-economic change, and chthono-",KernelDensityGECO,1,0.001,what are the factors social change ?,msmarco-passage/train,ielabgroup/vec2text_gtr-base-st_corrector
573724,what are the social determinants of health,"information on trends in healthcare trends for vulnerable populations, which are vulnerable population demographics and are expected to be able to access better health care and treatment options",KernelDensityGECO,1,0.001,what are healthcare trends for vulnerable populations,msmarco-passage/train,ielabgroup/vec2text_gtr-base-st_corrector
573724,what are the social determinants of health,"definition of a health science, health science is a mechanism of bio- and bio-chemical properties of the human femur and uter",KernelDensityGECO,1,0.001,health science definition,msmarco-passage/train,ielabgroup/vec2text_gtr-base-st_corrector
573724,what are the social determinants of health,"functions of social competition – i.e., promotion of a person's emotions, chess, alcohol, and success in life",KernelDensityGECO,1,0.001,functions of social competition,msmarco-passage/train,ielabgroup/vec2text_gtr-base-st_corrector
573724,what are the social determinants of health,"defined as social deficits – a number of deficits who suffer from a deficit of apprehension, disability, and birth control",KernelDensityGECO,1,0.001,define social deficits,msmarco-passage/train,ielabgroup/vec2text_gtr-base-st_corrector
573724,what are the social determinants of health,"a systemic disease (e.g., a joint disease, a physical disease, or a neurological disease) is a disease",KernelDensityGECO,1,0.001,what is a systemic disease,msmarco-passage/train,ielabgroup/vec2text_gtr-base-st_corrector
573724,what are the social determinants of health,(also known as social merit) is social,KernelDensityGECO,1,0.001,what is social merit,msmarco-passage/train,ielabgroup/vec2text_gtr-base-st_corrector
573724,what are the social determinants of health,"a defined qualified social worker in health care (e.g., health services, child care and home safety) who determines how home care is",KernelDensityGECO,1,0.001,what defines qualified social worker in home health care,msmarco-passage/train,ielabgroup/vec2text_gtr-base-st_corrector
573724,what are the social determinants of health,"effects of bad nutrition and poor mental health, as well as the effects of foods and e-gyne levels of calorie and mental health",KernelDensityGECO,1,0.001,effects of bad nutrition and poor mental health,msmarco-passage/train,ielabgroup/vec2text_gtr-base-st_corrector
168216,does legionella pneumophila cause pneumonia,cause of lung abscess. It is a result of a bronchosarcoma or a methicillin,KernelDensityGECO,1,0.001,cause of lung abscess,msmarco-passage/train,ielabgroup/vec2text_gtr-base-st_corrector
168216,does legionella pneumophila cause pneumonia,"(see lymphedema, lymphedema, lymphedema sedative, lymphedema and the results) is fatal",KernelDensityGECO,1,0.001,is lymphedema fatal,msmarco-passage/train,ielabgroup/vec2text_gtr-base-st_corrector
168216,does legionella pneumophila cause pneumonia,causes during a period of eukaryota and bronchospasm. This is a cause of leukopeni,KernelDensityGECO,1,0.001,causes of leukopenia,msmarco-passage/train,ielabgroup/vec2text_gtr-base-st_corrector
168216,does legionella pneumophila cause pneumonia,labored breathing is a cause of breathing problems (e.g. breathing due to a pulmonary ailment) or breathing,KernelDensityGECO,1,0.001,labored breathing causes,msmarco-passage/train,ielabgroup/vec2text_gtr-base-st_corrector
168216,does legionella pneumophila cause pneumonia,causes of glioblastoma and glioblastoma neoselective glioma,KernelDensityGECO,1,0.001,causes of glioblastoma,msmarco-passage/train,ielabgroup/vec2text_gtr-base-st_corrector
168216,does legionella pneumophila cause pneumonia,(Eufamyosa oligomyosa) causes a histolytic disease of Entamoeba,KernelDensityGECO,1,0.001,what disease does entamoeba histolytica cause,msmarco-passage/train,ielabgroup/vec2text_gtr-base-st_corrector
168216,does legionella pneumophila cause pneumonia,"in the United States, which is attributed to pneumonia, followed by 63 deaths in the United States caused by two million Americans with heart attacks.",KernelDensityGECO,1,0.001,how many deaths in the united states are caused by pneumonia?,msmarco-passage/train,ielabgroup/vec2text_gtr-base-st_corrector
168216,does legionella pneumophila cause pneumonia,when pneumonia (infection of the lungs and bronchial symphysema) requires hospitalization and should be hospital,KernelDensityGECO,1,0.001,when does pneumonia require hospitalization,msmarco-passage/train,ielabgroup/vec2text_gtr-base-st_corrector
168216,does legionella pneumophila cause pneumonia,ispropranol Propranol (phranolonedolonedol or a form of fever) may,KernelDensityGECO,1,0.001,does propranolol cause cough,msmarco-passage/train,ielabgroup/vec2text_gtr-base-st_corrector
168216,does legionella pneumophila cause pneumonia,can xarelto cause lymphoma and atopic lobuloma due to the fact that xarelto,KernelDensityGECO,1,0.001,can xarelto cause lymphoma,msmarco-passage/train,ielabgroup/vec2text_gtr-base-st_corrector
1133167,how is the weather in jamaica,"the home of the city of Niceville, Florida. The weather is warm in the rainy season, but the temperature swells to .",KernelDensityGECO,1,0.001,"what is the weather in niceville, fl.",msmarco-passage/train,ielabgroup/vec2text_gtr-base-st_corrector
1133167,how is the weather in jamaica,"weather in Nantucket is a .0 °C, with hot rain throughout Nantucket, and cold rain throughout",KernelDensityGECO,1,0.001,weather in nantucket,msmarco-passage/train,ielabgroup/vec2text_gtr-base-st_corrector
1133167,how is the weather in jamaica,weather averaged miami miami miami miami miami m,KernelDensityGECO,1,0.001,weather average miami,msmarco-passage/train,ielabgroup/vec2text_gtr-base-st_corrector
1133167,how is the weather in jamaica,"current weather conditions on the Grand Cayman island of Cayman Cayman, e.g., hot air, cold crystal rains",KernelDensityGECO,1,0.001,current weather in grand cayman islands,msmarco-passage/train,ielabgroup/vec2text_gtr-base-st_corrector
1133167,how is the weather in jamaica,weather in Galaxies.,KernelDensityGECO,1,0.001,weather in galax,msmarco-passage/train,ielabgroup/vec2text_gtr-base-st_corrector
1133167,how is the weather in jamaica,"weather. Weather in Awagaam (AFAM) is a light breeze, with temperatures from 18 °C to 20",KernelDensityGECO,1,0.001,weather in agawam,msmarco-passage/train,ielabgroup/vec2text_gtr-base-st_corrector
1133167,how is the weather in jamaica,"temperature in the Dominican Republic is 115 - 100 degrees C, and can be seen during the warm and dry seasons of ""Dominican Republic",KernelDensityGECO,1,0.001,what is the temperature in dominican republic,msmarco-passage/train,ielabgroup/vec2text_gtr-base-st_corrector
1133167,how is the weather in jamaica,(Jordan) is averaging between 0 °C and 82 °C and the average temperature of the residents of the Jordan,KernelDensityGECO,1,0.001,what is the average temperature in jordan,msmarco-passage/train,ielabgroup/vec2text_gtr-base-st_corrector
1133167,how is the weather in jamaica,"hurricane-resistant rain. Weather at Port Everglades is primarily a summer weather, but temperatures range from 0 to 0 °C",KernelDensityGECO,1,0.001,weather in port everglades,msmarco-passage/train,ielabgroup/vec2text_gtr-base-st_corrector
1133167,how is the weather in jamaica,the weather in Orlando (Orlando fl. octaneol) (October 30 - fl.),KernelDensityGECO,1,0.001,what the weather in orlando fl,msmarco-passage/train,ielabgroup/vec2text_gtr-base-st_corrector
527433,types of dysarthria from cerebral palsy,"physiological disease is an example of a number of biological diseases and can include muscular dystrophy, e.g., bladder homoeos",KernelDensityGECO,1,0.001,physiological disease examples,msmarco-passage/train,ielabgroup/vec2text_gtr-base-st_corrector
527433,types of dysarthria from cerebral palsy,"axis is cerebral palsy (CPA), and the axis on the left-hand axis is the hemisphere",KernelDensityGECO,1,0.001,what axis is cerebral palsy,msmarco-passage/train,ielabgroup/vec2text_gtr-base-st_corrector
527433,types of dysarthria from cerebral palsy,"the types of palsy, the first one, Bryo-sympathetic cholined sclerosis, and the second",KernelDensityGECO,1,0.001,types of palsy,msmarco-passage/train,ielabgroup/vec2text_gtr-base-st_corrector
527433,types of dysarthria from cerebral palsy,disease that starts with a p-apnea (e.g. psilocytic nerve damage and diabetes,KernelDensityGECO,1,0.001,disease that starts with a p nerve damage,msmarco-passage/train,ielabgroup/vec2text_gtr-base-st_corrector
527433,types of dysarthria from cerebral palsy,"types of self harm - one of which is a form of self-injury, a form of stab cutting, a facial",KernelDensityGECO,1,0.001,types of self harm,msmarco-passage/train,ielabgroup/vec2text_gtr-base-st_corrector
527433,types of dysarthria from cerebral palsy,"types of malignant hematopoietic ailment, hematochaema, and suffoc",KernelDensityGECO,1,0.001,types of hematopoietic malignancies,msmarco-passage/train,ielabgroup/vec2text_gtr-base-st_corrector
527433,types of dysarthria from cerebral palsy,"causes dysuria in children as a result of a combination of slaughter, anti-slaughter, and epile",KernelDensityGECO,1,0.001,causes of dysuria in children,msmarco-passage/train,ielabgroup/vec2text_gtr-base-st_corrector
527433,types of dysarthria from cerebral palsy,which is a type of a           paralysis.,KernelDensityGECO,1,0.001,which of these is a type of paralysis?,msmarco-passage/train,ielabgroup/vec2text_gtr-base-st_corrector
527433,types of dysarthria from cerebral palsy,a diagnosis of preterm labor-cervical dilation (also called cervical cervical dilation or preterm labor-cervical dilation),KernelDensityGECO,1,0.001,what diagnosis for preterm cervical dilation labor,msmarco-passage/train,ielabgroup/vec2text_gtr-base-st_corrector
527433,types of dysarthria from cerebral palsy,"patients with cerebral palsy and other cerebral palsy disorders can be cured, as of the 2010 medical trial and a future diagnosis of",KernelDensityGECO,1,0.001,can cerebral palsy patients be cured,msmarco-passage/train,ielabgroup/vec2text_gtr-base-st_corrector
1037798,who is robert gray,robi number. The robi number is 731 and the PI-MAC-I identifier is a part number for access,KernelDensityGECO,1,0.001,robi number,msmarco-passage/train,ielabgroup/vec2text_gtr-base-st_corrector
1037798,who is robert gray,Gary klutt Gary klutt is a U.S. based musician and-winning,KernelDensityGECO,1,0.001,who is gary klutt,msmarco-passage/train,ielabgroup/vec2text_gtr-base-st_corrector
1037798,who is robert gray,"(Mayday, 1998), Curt Culp played a big role in the shows ""Robert Robin Cook and The Playfield Show",KernelDensityGECO,1,0.001,what shows did robert culp play in,msmarco-passage/train,ielabgroup/vec2text_gtr-base-st_corrector
1037798,who is robert gray,"F. R. robinson F. R. robinson, known as Frank Rood, is a composer and hedgehog",KernelDensityGECO,1,0.001,who is frank robinson,msmarco-passage/train,ielabgroup/vec2text_gtr-base-st_corrector
1037798,who is robert gray,city of Robert E. Lee         born and in Louisiana state,KernelDensityGECO,1,0.001,where was robert e. lee born city & state,msmarco-passage/train,ielabgroup/vec2text_gtr-base-st_corrector
1037798,who is robert gray,"'Robert' Thomas Roberts' partner is Nicola Mercer. Roberts' partner is Cameron Blossom, formerly",KernelDensityGECO,1,0.001,who is thomas roberts partner,msmarco-passage/train,ielabgroup/vec2text_gtr-base-st_corrector
1037798,who is robert gray,robby () is a definition of the acrobatic syllables (  ) and assign,KernelDensityGECO,1,0.001,robby definition,msmarco-passage/train,ielabgroup/vec2text_gtr-base-st_corrector
1037798,who is robert gray,"played 'Bob' in the dramedy ""Rocky afield"" and 'Robbie Donnell' played Rocky in",KernelDensityGECO,1,0.001,who played bob in rocky,msmarco-passage/train,ielabgroup/vec2text_gtr-base-st_corrector
1037798,who is robert gray,", Robert M. Lafette",KernelDensityGECO,1,0.001,what did robert m la follette do,msmarco-passage/train,ielabgroup/vec2text_gtr-base-st_corrector
1037798,who is robert gray,"niote luta esame robert redford movie, Nick Nolte,",KernelDensityGECO,1,0.001,nick nolte robert redford movie,msmarco-passage/train,ielabgroup/vec2text_gtr-base-st_corrector
915593,what types of food can you cook sous vide,"which vegetables can't be frozen (e.g., celery, broccoli, harveberries, frozen peaches) can be refroz",KernelDensityGECO,1,0.001,which veggies can't be refrozen,msmarco-passage/train,ielabgroup/vec2text_gtr-base-st_corrector
915593,what types of food can you cook sous vide,"foods, especially racquets, delirium, or spitting food, you will salivate when your eyes and legs are saliva",KernelDensityGECO,1,0.001,what foods cause you to salivate,msmarco-passage/train,ielabgroup/vec2text_gtr-base-st_corrector
915593,what types of food can you cook sous vide,"eat more of a stack of chicken, fish, or peas to eat after you stop eating meat and the number of meat will grow",KernelDensityGECO,1,0.001,what to eat more of when you stop eating meat,msmarco-passage/train,ielabgroup/vec2text_gtr-base-st_corrector
915593,what types of food can you cook sous vide,"types of foods a diabetic person can eat, such as a fruit, a plant, or a sugar can eat, can",KernelDensityGECO,1,0.001,what type of foods  a diabetic person can eat,msmarco-passage/train,ielabgroup/vec2text_gtr-base-st_corrector
915593,what types of food can you cook sous vide,"(torch foods), injerible foods, and egg whites (cranberries) are perishable foods that are a surviv",KernelDensityGECO,1,0.001,what are perishable foods,msmarco-passage/train,ielabgroup/vec2text_gtr-base-st_corrector
915593,what types of food can you cook sous vide,"foods you should choose milady, so that you can choose from a variety of types of foods like mashed potatoes, a cleans",KernelDensityGECO,1,0.001,what types of foods should you choose milady,msmarco-passage/train,ielabgroup/vec2text_gtr-base-st_corrector
915593,what types of food can you cook sous vide,"a list of foods that contain salmonella such as rosetta, arachnia, chocolate, and eggs that have",KernelDensityGECO,1,0.001,list of foods that have salmonella,msmarco-passage/train,ielabgroup/vec2text_gtr-base-st_corrector
915593,what types of food can you cook sous vide,"from being a bare-root food, coconuts are a type of food such as acorn, baking soda, or acorn",KernelDensityGECO,1,0.001,what type of food are coconuts,msmarco-passage/train,ielabgroup/vec2text_gtr-base-st_corrector
915593,what types of food can you cook sous vide,a list of foods you should eat that you can eat if you have colitis (e.g. sloppy coli),KernelDensityGECO,1,0.001,list of foods to eat if you have colitis,msmarco-passage/train,ielabgroup/vec2text_gtr-base-st_corrector
915593,what types of food can you cook sous vide,"a variety of foods you can eat when your wisdom teeth are cut out, such as ice cream or gheese you can",KernelDensityGECO,1,0.001,things you can eat when you get your wisdom teeth cut out,msmarco-passage/train,ielabgroup/vec2text_gtr-base-st_corrector
264014,how long is life cycle of flea,0.5 to 1 hour to drown fleas (leaf czema) or feces (leaf ),KernelDensityGECO,1,0.001,how long to drown fleas,msmarco-passage/train,ielabgroup/vec2text_gtr-base-st_corrector
264014,how long is life cycle of flea,"when a molecular fossil is left in their legs, about 90 minutes for maggots to turn into flies or",KernelDensityGECO,1,0.001,how long for maggots to turn into flies,msmarco-passage/train,ielabgroup/vec2text_gtr-base-st_corrector
264014,how long is life cycle of flea,mmA and mED3 and for a total of 90 days it stays in the body in the DMX system and it stays,KernelDensityGECO,1,0.001,how long does mdma stay in your system for,msmarco-passage/train,ielabgroup/vec2text_gtr-base-st_corrector
264014,how long is life cycle of flea,what is the life cycle of Japanese beetles (Japanese nihiba ukiba) and begins,KernelDensityGECO,1,0.001,what is the life cycle of japanese beetles,msmarco-passage/train,ielabgroup/vec2text_gtr-base-st_corrector
264014,how long is life cycle of flea,"From 1 to 32.5 years, a black tetra (also known as a black tetralive fish) will live long",KernelDensityGECO,1,0.001,how long does a black tetra live,msmarco-passage/train,ielabgroup/vec2text_gtr-base-st_corrector
264014,how long is life cycle of flea,"(blood jolt) after a bite from a mosquito, the idia bite lasts for 2 to 24 hours",KernelDensityGECO,1,0.001,how long does a mosquito bite last,msmarco-passage/train,ielabgroup/vec2text_gtr-base-st_corrector
264014,how long is life cycle of flea,(0–5 m in a sneeze) is the life span of a yellow fly (generally 2 to 4 years),KernelDensityGECO,1,0.001,what is the life span of a yellow fly,msmarco-passage/train,ielabgroup/vec2text_gtr-base-st_corrector
264014,how long is life cycle of flea,"as a musculature or a body fibres, it takes about 4 hours for a human body to decompose",KernelDensityGECO,1,0.001,how long does it take for a human body to decompose,msmarco-passage/train,ielabgroup/vec2text_gtr-base-st_corrector
264014,how long is life cycle of flea,from a flies flies live and last from about 2 to 3.5 years. They are known as .P.I.A,KernelDensityGECO,1,0.001,how long do flies.live,msmarco-passage/train,ielabgroup/vec2text_gtr-base-st_corrector
264014,how long is life cycle of flea,"from a hair clot to a hair sock, and 7-9 minutes later, hair grows quickly and can fill the scalp and shoulders",KernelDensityGECO,1,0.001,how quickly does hair grow,msmarco-passage/train,ielabgroup/vec2text_gtr-base-st_corrector
1121402,what can contour plowing reduce,purpose of a planing hull - a plan hull - is to provide a long-range exercise for cutting and insulation.,KernelDensityGECO,1,0.001,what is the purpose of a planing hull?,msmarco-passage/train,ielabgroup/vec2text_gtr-base-st_corrector
1121402,what can contour plowing reduce,"reduce catalytic converters and catalytic gaskets, i.e., a decrease in horsepower is 1-2",KernelDensityGECO,1,0.001,decrease horsepower with catalytic converters,msmarco-passage/train,ielabgroup/vec2text_gtr-base-st_corrector
1121402,what can contour plowing reduce,"a thinning and sloughing process, the Kiwi Fruit kiwi is involved in fruit thinning and reducing",KernelDensityGECO,1,0.001,what is involved in kiwi fruit thinning,msmarco-passage/train,ielabgroup/vec2text_gtr-base-st_corrector
1121402,what can contour plowing reduce,"is a lot of clr, clrr works and does work. It is a real sounding",KernelDensityGECO,1,0.001,does clr really work,msmarco-passage/train,ielabgroup/vec2text_gtr-base-st_corrector
1121402,what can contour plowing reduce,purpose of a coelom. This is a technique for the ecclesiology of the chiolons.,KernelDensityGECO,1,0.001,what is the purpose of a coelom?,msmarco-passage/train,ielabgroup/vec2text_gtr-base-st_corrector
1121402,what can contour plowing reduce,prepare a baseboard by dipping carefully over the floor and putting it in a low angle. This is a key way to cope base,KernelDensityGECO,1,0.001,how to cope baseboard,msmarco-passage/train,ielabgroup/vec2text_gtr-base-st_corrector
1121402,what can contour plowing reduce,"is percussion, acoustic drainage and aural capillaries can treat postural atelectasis with a combination",KernelDensityGECO,1,0.001,can postural drainage and percussion treat atelectasis,msmarco-passage/train,ielabgroup/vec2text_gtr-base-st_corrector
1121402,what can contour plowing reduce,"take a long, and remove a moist water droplet that irritates your chin wattle. Other remedies include",KernelDensityGECO,1,0.001,how to get rid of your chin wattle,msmarco-passage/train,ielabgroup/vec2text_gtr-base-st_corrector
1121402,what can contour plowing reduce,"the following items of equipment are used to prevent blood clots from forming, a) the equipment used to slow down blood clotting",KernelDensityGECO,1,0.001,which of the following pieces of equipment is used to prevent the formation of blood clots,msmarco-passage/train,ielabgroup/vec2text_gtr-base-st_corrector
1121402,what can contour plowing reduce,"factors are used in calculating the principal limit, and the criterion used in calculating it is based on factors such as the principal limit",KernelDensityGECO,1,0.001,what factors are used in calculating the principal limit,msmarco-passage/train,ielabgroup/vec2text_gtr-base-st_corrector
962179,when was the salvation army founded,"known as the salvation closet, the SCS thrift store, and the United Kingdom, has a total of 1,215 Salvation Army stores.",KernelDensityGECO,1,0.001,how many salvation army stores,msmarco-passage/train,ielabgroup/vec2text_gtr-base-st_corrector
962179,when was the salvation army founded,"starting in 1932 when the rand became a federal government policy and the Superannuation started, the Rand began. On February 1, 2015",KernelDensityGECO,1,0.001,when did the rand start,msmarco-passage/train,ielabgroup/vec2text_gtr-base-st_corrector
962179,when was the salvation army founded,"when Amazon was created (January 1, 1923) and launched the first store in history, a store containing a selection of books from Amazon",KernelDensityGECO,1,0.001,when was amazon first store created,msmarco-passage/train,ielabgroup/vec2text_gtr-base-st_corrector
962179,when was the salvation army founded,"1664 and in 1786, a new organization, a.k.a. Shang, was founded in sancho state",KernelDensityGECO,1,0.001,when was shang founded,msmarco-passage/train,ielabgroup/vec2text_gtr-base-st_corrector
962179,when was the salvation army founded,"in 1916 and honoring the memory of a comrade named Thomas Campbell, a.k.a. Mopar, was founded in 17",KernelDensityGECO,1,0.001,when was mopar founded,msmarco-passage/train,ielabgroup/vec2text_gtr-base-st_corrector
962179,when was the salvation army founded,the year the military draft in the United States of America started (1696) and the enlistment of the US Air Force and Ironman,KernelDensityGECO,1,0.001,what year did the military draft start in the usa,msmarco-passage/train,ielabgroup/vec2text_gtr-base-st_corrector
962179,when was the salvation army founded,"1607, ltimo Texada (Texaco) was founded, and in 1864, when ltim",KernelDensityGECO,1,0.001,when was texaco founded,msmarco-passage/train,ielabgroup/vec2text_gtr-base-st_corrector
962179,when was the salvation army founded,"established in 1956, the Seed Scholarship was established, establishing a new $20,000 brit grant and enabling the early birth of James Thornton",KernelDensityGECO,1,0.001,when was the seed scholarship established,msmarco-passage/train,ielabgroup/vec2text_gtr-base-st_corrector
962179,when was the salvation army founded,the year the Food Bank of Canada (        ) was introduced to Canada 1957,KernelDensityGECO,1,0.001,what year was it when the food bank was introduced to canada,msmarco-passage/train,ielabgroup/vec2text_gtr-base-st_corrector
962179,when was the salvation army founded,"in 1664, when Germany was founded (Germany is a German state with a prelates, lordship and strong constitutions",KernelDensityGECO,1,0.001,when was germany founded,msmarco-passage/train,ielabgroup/vec2text_gtr-base-st_corrector
1117099,what is a active margin,definition of counteractive (a.k.a. -activation) is a nutrient that is effective against most of its properties,KernelDensityGECO,1,0.001,definition of counteractive,msmarco-passage/train,ielabgroup/vec2text_gtr-base-st_corrector
1117099,what is a active margin,"(i.e., incremental marginal expenditure) is an incremental expenditure mechanism that is a program of action on the cost of food and other accumulated",KernelDensityGECO,1,0.001,what is marginal incremental expenditure,msmarco-passage/train,ielabgroup/vec2text_gtr-base-st_corrector
1117099,what is a active margin,Active trace control Active Traction Control is a control system on the NISLAN TSX-series and NEISSMAN 510/,KernelDensityGECO,1,0.001,what is active trace control nissan,msmarco-passage/train,ielabgroup/vec2text_gtr-base-st_corrector
1117099,what is a active margin,"(currently referred to as a higher margin of safety), it means that there is a higher safety margin which means that more a safety",KernelDensityGECO,1,0.001,what does a higher margin of safety mean,msmarco-passage/train,ielabgroup/vec2text_gtr-base-st_corrector
1117099,what is a active margin,"Activated power seats Activated power seats, also known as active seats, are a power seat with a 5,000 m2 tail",KernelDensityGECO,1,0.001,what are active power seats,msmarco-passage/train,ielabgroup/vec2text_gtr-base-st_corrector
1117099,what is a active margin,a 0% difference between profit margin (manufacturing) and product margin (production margins) are a difference between gross and product margin,KernelDensityGECO,1,0.001,difference between gross margin and product margin,msmarco-passage/train,ielabgroup/vec2text_gtr-base-st_corrector
1117099,what is a active margin,Activx control Activx control (a.k.a. adwfd) is a control of web pages and interactive,KernelDensityGECO,1,0.001,what is activex controls,msmarco-passage/train,ielabgroup/vec2text_gtr-base-st_corrector
1117099,what is a active margin,An overactive pancreas is a pancreatic adipose tissue that is over-active or over-active in energy,KernelDensityGECO,1,0.001,what is an overactive pancreas,msmarco-passage/train,ielabgroup/vec2text_gtr-base-st_corrector
1117099,what is a active margin,"'unreactive', 'unreactive geology' is a geology that means that a rock does not have significant meaning",KernelDensityGECO,1,0.001,what does unreactive geology mean,msmarco-passage/train,ielabgroup/vec2text_gtr-base-st_corrector
1117099,what is a active margin,has marks defined,KernelDensityGECO,1,0.001,has marks definition,msmarco-passage/train,ielabgroup/vec2text_gtr-base-st_corrector
148538,difference between rn and bsn,differences between adrenaline and noradrenaline (norephrine rhodosomus),KernelDensityGECO,1,0.001,differences between noradrenaline and dopamine,msmarco-passage/train,ielabgroup/vec2text_gtr-base-st_corrector
148538,difference between rn and bsn,difference between a hormone (organoid and adrenocycline) and prostaglandins is between a hormones,KernelDensityGECO,1,0.001,what is the difference between prostaglandins and hormones,msmarco-passage/train,ielabgroup/vec2text_gtr-base-st_corrector
148538,difference between rn and bsn,Difference between rDNA nucleotide and nucleotide dnase nucleotide nucleot,KernelDensityGECO,1,0.001,difference between dna nucleotide from rna nucleotide,msmarco-passage/train,ielabgroup/vec2text_gtr-base-st_corrector
148538,difference between rn and bsn,between training (employees and adobecs) and orientation (training) – orientation is a difference,KernelDensityGECO,1,0.001,difference between orientation and training,msmarco-passage/train,ielabgroup/vec2text_gtr-base-st_corrector
148538,difference between rn and bsn,difference between nvarchar n varchar n varchar is a difference between n varchar n varchar,KernelDensityGECO,1,0.001,difference between varchar nvarchar,msmarco-passage/train,ielabgroup/vec2text_gtr-base-st_corrector
148538,difference between rn and bsn,difference between bpolar disorder (BPD) and bipolar disorder (BPD) and a difference between tyranny and pulmonary,KernelDensityGECO,1,0.001,difference between bpd and bipolar disorder,msmarco-passage/train,ielabgroup/vec2text_gtr-base-st_corrector
148538,difference between rn and bsn,between 0 to 450 nm at the avg. cost of bsn program (Base of Medical Cost,KernelDensityGECO,1,0.001,avergae cost of bsn program,msmarco-passage/train,ielabgroup/vec2text_gtr-base-st_corrector
148538,difference between rn and bsn,"a difference between fillet and radius is the difference between fillet (e.g., 1 g/l of",KernelDensityGECO,1,0.001,difference between fillet and radius,msmarco-passage/train,ielabgroup/vec2text_gtr-base-st_corrector
148538,difference between rn and bsn,"is a practical nurse ranked higher in status than a rn, a RN is considered more so than a cn",KernelDensityGECO,1,0.001,is a practical nurse higher in status than an rn,msmarco-passage/train,ielabgroup/vec2text_gtr-base-st_corrector
148538,difference between rn and bsn,"(based on the medical school and nursing school), different titles (Autumn - Associate Nurse, Visiting Nurse, Secretary - Nurse",KernelDensityGECO,1,0.001,what are the different nurse titles,msmarco-passage/train,ielabgroup/vec2text_gtr-base-st_corrector
451602,medicare's definition of mechanical ventilation,age requirement minimum requirements (Meganschaft Requirements) (Medicare Requirements) (Meganschaft Requirements,KernelDensityGECO,1,0.001,medicare minimum age requirements,msmarco-passage/train,ielabgroup/vec2text_gtr-base-st_corrector
451602,medicare's definition of mechanical ventilation,"the definition of Medicare Part C, a definition of Medicare Part C, a definition of a medical care compendium and medicare",KernelDensityGECO,1,0.001,what is the definition of medicare part c,msmarco-passage/train,ielabgroup/vec2text_gtr-base-st_corrector
451602,medicare's definition of mechanical ventilation,information about the induction air ventilation system. Air induction system Air induction system is a ventilation system that enables a vacuum to discharge from,KernelDensityGECO,1,0.001,what is a ventilation air induction system,msmarco-passage/train,ielabgroup/vec2text_gtr-base-st_corrector
451602,medicare's definition of mechanical ventilation,MANifold vacuum       is a vacuum manifold for helical sheave,KernelDensityGECO,1,0.001,what is manifold vacuum,msmarco-passage/train,ielabgroup/vec2text_gtr-base-st_corrector
451602,medicare's definition of mechanical ventilation,"Medicare for all , formerly known as Medicare for All, is a re-enrollment for everyone and everyone who",KernelDensityGECO,1,0.001,what is medicare for all,msmarco-passage/train,ielabgroup/vec2text_gtr-base-st_corrector
451602,medicare's definition of mechanical ventilation,"for the use of a pneumatic actuator to actuate mechanical fluids such as a pneumatic door pump, it is used to achieve",KernelDensityGECO,1,0.001,what is a pneumatic actuator used for,msmarco-passage/train,ielabgroup/vec2text_gtr-base-st_corrector
451602,medicare's definition of mechanical ventilation,"covered under a . . . . . . , . , , and Medicare is covered A",KernelDensityGECO,1,0.001,what is covered under medicare a,msmarco-passage/train,ielabgroup/vec2text_gtr-base-st_corrector
451602,medicare's definition of mechanical ventilation,"program, Medicare Spend Medicare Spend is a philanthropy account that is used for millions of eligible-members.",KernelDensityGECO,1,0.001,what is medicare spend?,msmarco-passage/train,ielabgroup/vec2text_gtr-base-st_corrector
451602,medicare's definition of mechanical ventilation,mcv (medicine) mcv is a medical definition of a venous aplasia in the abdominal cavity,KernelDensityGECO,1,0.001,mcv medical definition,msmarco-passage/train,ielabgroup/vec2text_gtr-base-st_corrector
451602,medicare's definition of mechanical ventilation,active exhalation is the exhalation of oxygen through edema and acoustic vents (during relaxation) defined respiratory,KernelDensityGECO,1,0.001,active exhalation respiratory definition,msmarco-passage/train,ielabgroup/vec2text_gtr-base-st_corrector
359349,how to find the midsegment of a trapezoid,"Find a spring angle at a given m.m. of a given direction and a given height, and calculate angle = 2.88",KernelDensityGECO,1,0.001,how to find spring angle,msmarco-passage/train,ielabgroup/vec2text_gtr-base-st_corrector
359349,how to find the midsegment of a trapezoid,"to find the absolute value of a vertice – i.e.,",KernelDensityGECO,1,0.001,how to find the vertex of an absolute value,msmarco-passage/train,ielabgroup/vec2text_gtr-base-st_corrector
359349,how to find the midsegment of a trapezoid,"which point the center of a triangle lies on the edge of the triangle, the edge of the triangle is a spherical angle",KernelDensityGECO,1,0.001,which center point of a triangle lies on the edge of the triangle,msmarco-passage/train,ielabgroup/vec2text_gtr-base-st_corrector
359349,how to find the midsegment of a trapezoid,"the middle lobe of the lungs, where the middle lobe of the lung is in the lungs, can be assessed with an intervention",KernelDensityGECO,1,0.001,where can the middle lobe of the lung be assessed,msmarco-passage/train,ielabgroup/vec2text_gtr-base-st_corrector
359349,how to find the midsegment of a trapezoid,"a trapezoid, a trapezoid has 6 to 8 parallel lines, whereas a mahogany’s",KernelDensityGECO,1,0.001,how many parallel lines are in a trapezoid,msmarco-passage/train,ielabgroup/vec2text_gtr-base-st_corrector
359349,how to find the midsegment of a trapezoid,"by using a .ACCP. To find the length of an array in your access, you will find the .ACCP. or",KernelDensityGECO,1,0.001,how do you find the length of an array in access,msmarco-passage/train,ielabgroup/vec2text_gtr-base-st_corrector
359349,how to find the midsegment of a trapezoid,use directions and set a point (1:4:4:5) on an epoch to construct a segment. This is how to construct,KernelDensityGECO,1,0.001,directions on how to construct a segment,msmarco-passage/train,ielabgroup/vec2text_gtr-base-st_corrector
359349,how to find the midsegment of a trapezoid,calculate azimuth. This is by finding a /a /a /a /a /a /a,KernelDensityGECO,1,0.001,how to find azimuth,msmarco-passage/train,ielabgroup/vec2text_gtr-base-st_corrector
359349,how to find the midsegment of a trapezoid,calculate gene linkage distance. Linkage distance is calculated by estimating a length of a gene (Eleutheromycin nova,KernelDensityGECO,1,0.001,calculate gene linkage distance,msmarco-passage/train,ielabgroup/vec2text_gtr-base-st_corrector
359349,how to find the midsegment of a trapezoid,a median (mathematical term) or mean (mathematical term) is the mean of the numbers of the last and final,KernelDensityGECO,1,0.001,what median in math mean,msmarco-passage/train,ielabgroup/vec2text_gtr-base-st_corrector
1115776,what is an aml surveillance analyst,"by definition, linear-analytic – a linear analysis of a complex equivalence between asymmetric and a",KernelDensityGECO,1,0.001,define linear-analytic,msmarco-passage/train,ielabgroup/vec2text_gtr-base-st_corrector
1115776,what is an aml surveillance analyst,a flexible lom is a form of a flexible phlodroma that can be placed in positions until it is fully,KernelDensityGECO,1,0.001,what is a flexible lom,msmarco-passage/train,ielabgroup/vec2text_gtr-base-st_corrector
1115776,what is an aml surveillance analyst,of analysis services is Analysis Services (or 'analysis') which is a cost-benefit management and information technology service provider in the U.,KernelDensityGECO,1,0.001,what is analysis services,msmarco-passage/train,ielabgroup/vec2text_gtr-base-st_corrector
1115776,what is an aml surveillance analyst,"types of diagnostic assessments for students of ELL. They include: ECG diagnostic assessments, e.g., actuarial relap",KernelDensityGECO,1,0.001,types of diagnostic assessments for ell students,msmarco-passage/train,ielabgroup/vec2text_gtr-base-st_corrector
1115776,what is an aml surveillance analyst,"U.S. Army criminal investigation command U.S. Army COMMONSECTION (CHECK 01001) investigating judicial inquiries,",KernelDensityGECO,1,0.001,us army criminal investigations command,msmarco-passage/train,ielabgroup/vec2text_gtr-base-st_corrector
1115776,what is an aml surveillance analyst,Airwatch agent Airwatch agent (commonly known as Airwatch agent) is a manned intelligence and eviction watch which is a,KernelDensityGECO,1,0.001,what is airwatch agent,msmarco-passage/train,ielabgroup/vec2text_gtr-base-st_corrector
1115776,what is an aml surveillance analyst,"is the government watching us, . . . . . . .The Government Watch Us to make sure we are not dangerous",KernelDensityGECO,1,0.001,is the government watching us,msmarco-passage/train,ielabgroup/vec2text_gtr-base-st_corrector
1115776,what is an aml surveillance analyst,AFpam AFpam is an ad libido-based scan machine at the Central Military Academy (AMVAN,KernelDensityGECO,1,0.001,what is an afpam,msmarco-passage/train,ielabgroup/vec2text_gtr-base-st_corrector
1115776,what is an aml surveillance analyst,lowest observed level of adverse effect aesoel (LOA): a low level of observed effect defined to measure bodily fluid,KernelDensityGECO,1,0.001,lowest observed adverse effect level (loael) definition,msmarco-passage/train,ielabgroup/vec2text_gtr-base-st_corrector
1115776,what is an aml surveillance analyst,Analysis (anova statistical analysis) Analysis (anova statistical analysis) is a statistical analysis of the ectopic skew of the,KernelDensityGECO,1,0.001,what is anova statistical analysis,msmarco-passage/train,ielabgroup/vec2text_gtr-base-st_corrector
1112341,what is the daily life of thai people,"tawa paratha tawa is a gharana karnataka. It provides essential food item,",KernelDensityGECO,1,0.001,what is tawa paratha,msmarco-passage/train,ielabgroup/vec2text_gtr-base-st_corrector
1112341,what is the daily life of thai people,"which is the traditional clothing in Thailand, i.e. thai python, masked shirts, mas",KernelDensityGECO,1,0.001,what is the traditional clothes in thailand,msmarco-passage/train,ielabgroup/vec2text_gtr-base-st_corrector
1112341,what is the daily life of thai people,"In a variety of foods, Wheat Thins () is a wheat flour containing phenolics, monso",KernelDensityGECO,1,0.001,what is in wheat thins,msmarco-passage/train,ielabgroup/vec2text_gtr-base-st_corrector
1112341,what is the daily life of thai people,activities of daily living is the daily activities of living (daily ad danse ad bolshe) of everyday,KernelDensityGECO,1,0.001,activities of daily living definition,msmarco-passage/train,ielabgroup/vec2text_gtr-base-st_corrector
1112341,what is the daily life of thai people,"who lives in the Tennessee-Cambridge wraith chasers, team members live with family and friends on a ten-factor",KernelDensityGECO,1,0.001,which team member lives in tennessee wraith chasers,msmarco-passage/train,ielabgroup/vec2text_gtr-base-st_corrector
1112341,what is the daily life of thai people,Tritus of chick Tritus of chick (abbreviated to TCH) is a hyperactive television,KernelDensityGECO,1,0.001,what is tch,msmarco-passage/train,ielabgroup/vec2text_gtr-base-st_corrector
1112341,what is the daily life of thai people,Won sen pad woon sen pad (Thai    ) is a Thai,KernelDensityGECO,1,0.001,what is woon sen pad thai,msmarco-passage/train,ielabgroup/vec2text_gtr-base-st_corrector
1112341,what is the daily life of thai people,"a day is a length of 240 to 240 meters on Phobos, ranging from 0 to 2 hours cf.",KernelDensityGECO,1,0.001,what is the length of a day on phobos,msmarco-passage/train,ielabgroup/vec2text_gtr-base-st_corrector
1112341,what is the daily life of thai people,kothrangavathai kothrangavathai (    ) is the English word,KernelDensityGECO,1,0.001,what is koththavarangai in english,msmarco-passage/train,ielabgroup/vec2text_gtr-base-st_corrector
1112341,what is the daily life of thai people,podcast daily (live & blogging podcast) The Daily Podcast is a satirical podcast of the CP & Podcast,KernelDensityGECO,1,0.001,podcast the daily,msmarco-passage/train,ielabgroup/vec2text_gtr-base-st_corrector
131843,definition of a sigmet,a gem that represents you september,KernelDensityGECO,1,0.001,what gem represents you september,msmarco-passage/train,ielabgroup/vec2text_gtr-base-st_corrector
131843,definition of a sigmet,Sixt (         ) is a special alphaarth,KernelDensityGECO,1,0.001,what is sixt,msmarco-passage/train,ielabgroup/vec2text_gtr-base-st_corrector
131843,definition of a sigmet,(Socratic seminar)  is a case study of intellectual,KernelDensityGECO,1,0.001,socratic seminar definition,msmarco-passage/train,ielabgroup/vec2text_gtr-base-st_corrector
131843,definition of a sigmet,Sieve member are a class of video-on-a-tube devices used for their dimensional security. The sieve member definition is based,KernelDensityGECO,1,0.001,sieve tube member definition,msmarco-passage/train,ielabgroup/vec2text_gtr-base-st_corrector
131843,definition of a sigmet,"strategen, a strata-chytoma (the strata of   meaning",KernelDensityGECO,1,0.001,strategen meaning,msmarco-passage/train,ielabgroup/vec2text_gtr-base-st_corrector
131843,definition of a sigmet,(1 p.m. p.m. ionose birch) is a serigraph art which is art,KernelDensityGECO,1,0.001,what is a serigraph art,msmarco-passage/train,ielabgroup/vec2text_gtr-base-st_corrector
131843,definition of a sigmet,(           ) a definition of gestured,KernelDensityGECO,1,0.001,definition of gestured,msmarco-passage/train,ielabgroup/vec2text_gtr-base-st_corrector
131843,definition of a sigmet,"definition of gibe, a defining of the defining power of the ecubed, ecubed, ecubed",KernelDensityGECO,1,0.001,definition of gibe,msmarco-passage/train,ielabgroup/vec2text_gtr-base-st_corrector
131843,definition of a sigmet,"sagru, a staple in the skin and coating of foodstuffs. This definition, known as sagru, plasm",KernelDensityGECO,1,0.001,definition sagru,msmarco-passage/train,ielabgroup/vec2text_gtr-base-st_corrector
131843,definition of a sigmet,"signed integer , a signed , a , , , , , defined as",KernelDensityGECO,1,0.001,signed integer define,msmarco-passage/train,ielabgroup/vec2text_gtr-base-st_corrector
104861,cost of interior concrete flooring,"poured concrete or carport at a cost of $1,500 to $2,500 ($ in ) or carport at a cost of $ in",KernelDensityGECO,1,0.001,cost of poured concrete for carport,msmarco-passage/train,ielabgroup/vec2text_gtr-base-st_corrector
104861,cost of interior concrete flooring,"with an average cost of $600–$4000 to install cement floor on a solid lain or cement plaza in Ontario, Ontario",KernelDensityGECO,1,0.001,average cost to install cement floor in ontario,msmarco-passage/train,ielabgroup/vec2text_gtr-base-st_corrector
104861,cost of interior concrete flooring,approximate installation cost of $500/m $500/m professional installation of inground or inground inground pools,KernelDensityGECO,1,0.001,approximate cost for professional installation of inground pools,msmarco-passage/train,ielabgroup/vec2text_gtr-base-st_corrector
104861,cost of interior concrete flooring,at an average cost of $24 to $34 for a driveway or a driveway of cement based natural gas or semiconcrete cement,KernelDensityGECO,1,0.001,average cost for cement driveway,msmarco-passage/train,ielabgroup/vec2text_gtr-base-st_corrector
104861,cost of interior concrete flooring,between $1000 to $1000 a concrete slab or a garage garage slab or a graze of cement may cost or be,KernelDensityGECO,1,0.001,how much does a garage concrete slab cost,msmarco-passage/train,ielabgroup/vec2text_gtr-base-st_corrector
104861,cost of interior concrete flooring,"average cost of 1–10  (feet value of $20,000–$50) of concrete columns or  (mas",KernelDensityGECO,1,0.001,average cost of concrete columns,msmarco-passage/train,ielabgroup/vec2text_gtr-base-st_corrector
104861,cost of interior concrete flooring,"of a natural stone or apex, the typical price of a concrete patio or a concrete brew is about $700",KernelDensityGECO,1,0.001,what is the typical price of a concrete patio,msmarco-passage/train,ielabgroup/vec2text_gtr-base-st_corrector
104861,cost of interior concrete flooring,in the woods or a choice of a crimson wood: the cost is $130 to $130 to install hardwood floors and the,KernelDensityGECO,1,0.001,what is cost to install hardwood floors,msmarco-passage/train,ielabgroup/vec2text_gtr-base-st_corrector
104861,cost of interior concrete flooring,"installation price per yard, known as a concrete installation, a concrete potting arrangement or a cyprus or a yard",KernelDensityGECO,1,0.001,concrete installation cost per yard,msmarco-passage/train,ielabgroup/vec2text_gtr-base-st_corrector
104861,cost of interior concrete flooring,"remove a re-surface and a new re-surface and cost $1,500 to $2,000 to replace garage floor and/or remove",KernelDensityGECO,1,0.001,cost to remove and replace garage floor,msmarco-passage/train,ielabgroup/vec2text_gtr-base-st_corrector
833860,what is the most popular food in switzerland,"foods that contain protein, such as ghetto beans, a nutmeg, and a chicken, these foods contain protein",KernelDensityGECO,1,0.001,what are the foods that contain protein,msmarco-passage/train,ielabgroup/vec2text_gtr-base-st_corrector
833860,what is the most popular food in switzerland,"is a style called 'strategy' in which scenes are painted on houses in Switzerland, mainly in the Wapenssche Graf",KernelDensityGECO,1,0.001,what is the name of the style where scenes are painted on houses in switzerland,msmarco-passage/train,ielabgroup/vec2text_gtr-base-st_corrector
833860,what is the most popular food in switzerland,"type of food such as dark ice, dal dough, or starch, dilud can have a vitamin D",KernelDensityGECO,1,0.001,what type of food have vitamin d,msmarco-passage/train,ielabgroup/vec2text_gtr-base-st_corrector
833860,what is the most popular food in switzerland,"a list of food containing a gram of protein, e.g. turkey, chicken, goat cheese, honey, avocado have protein",KernelDensityGECO,1,0.001,list of food with grams of protein,msmarco-passage/train,ielabgroup/vec2text_gtr-base-st_corrector
833860,what is the most popular food in switzerland,"Traditionally, kilo chutu and pama bola are the traditional food of the Guatemala",KernelDensityGECO,1,0.001,what is the traditional food of guatemala,msmarco-passage/train,ielabgroup/vec2text_gtr-base-st_corrector
833860,what is the most popular food in switzerland,"salaries for a waiter in Switzerland, who averages at 3,000 swaps (Montreal average) and who is expected",KernelDensityGECO,1,0.001,what is average salary for waiters in switzerland,msmarco-passage/train,ielabgroup/vec2text_gtr-base-st_corrector
833860,what is the most popular food in switzerland,"list of types and how they are known, e.g. cheese cheese, swine cheese, rye flour",KernelDensityGECO,1,0.001,list different types of cheese,msmarco-passage/train,ielabgroup/vec2text_gtr-base-st_corrector
833860,what is the most popular food in switzerland,"the most popular food in Spain, cranberries, liquine, mushy cheese and a range of macaroni",KernelDensityGECO,1,0.001,most popular food in spain,msmarco-passage/train,ielabgroup/vec2text_gtr-base-st_corrector
833860,what is the most popular food in switzerland,"– cereal, nut, starch, and erythra – are the four food groups of the elf food in Christmas St",KernelDensityGECO,1,0.001,what are the four food groups in elf,msmarco-passage/train,ielabgroup/vec2text_gtr-base-st_corrector
833860,what is the most popular food in switzerland,meaning of the swathe of red and wilty furs and wolf's flag stands as the flag of Switzerland meaning,KernelDensityGECO,1,0.001,what is the meaning of switzerland flag,msmarco-passage/train,ielabgroup/vec2text_gtr-base-st_corrector
207786,how are some sharks warm blooded,"this gene, semin, and a gene, saliva, do blood, lymph, and edema, and a few other RNA",KernelDensityGECO,1,0.001,"what gene do blood, saliva, and semin",msmarco-passage/train,ielabgroup/vec2text_gtr-base-st_corrector
207786,how are some sharks warm blooded,"blood, the ice in the cold water is told to put a warm water test in the tube for a long time until the salt is dry",KernelDensityGECO,1,0.001,what blood test do you have to put the tube in warm water,msmarco-passage/train,ielabgroup/vec2text_gtr-base-st_corrector
207786,how are some sharks warm blooded,"if humans are able to be cold blooded, a human body can be cloned with cold-blooded blood",KernelDensityGECO,1,0.001,can humans be cold blooded,msmarco-passage/train,ielabgroup/vec2text_gtr-base-st_corrector
207786,how are some sharks warm blooded,"no spontaneous process is possible in which heat is , , , , , ,  is",KernelDensityGECO,1,0.001,no spontaneous process is possible in which heat is,msmarco-passage/train,ielabgroup/vec2text_gtr-base-st_corrector
207786,how are some sharks warm blooded,"causes warm in LE. This is caused by a warm environment, such as rheumatic vapor, a hot environment, and seizures",KernelDensityGECO,1,0.001,what causes warm in le,msmarco-passage/train,ielabgroup/vec2text_gtr-base-st_corrector
207786,how are some sharks warm blooded,a water wave (quadrilateral velocities at a 400 m water point) is a shallow wave of water,KernelDensityGECO,1,0.001,what is a shallow water wave,msmarco-passage/train,ielabgroup/vec2text_gtr-base-st_corrector
207786,how are some sharks warm blooded,"how they work: warm and cold fronts work, and a cold front sends a strong ray of sunlight into the equat",KernelDensityGECO,1,0.001,how do cold and warm fronts work,msmarco-passage/train,ielabgroup/vec2text_gtr-base-st_corrector
207786,how are some sharks warm blooded,"(usually a sonic filter). Sharks can hear anything from sharks' ear, which is a gamma wave that",KernelDensityGECO,1,0.001,what can sharks hear with,msmarco-passage/train,ielabgroup/vec2text_gtr-base-st_corrector
207786,how are some sharks warm blooded,"0.5 to 50 °C (100 to 200 °F), hot water is warm water, or hot water is a hot water in",KernelDensityGECO,1,0.001,how hot is warm water,msmarco-passage/train,ielabgroup/vec2text_gtr-base-st_corrector
207786,how are some sharks warm blooded,"when your body is hot or sleepy during a night, a high concentration of drool left under your arms can cause sweat",KernelDensityGECO,1,0.001,what causes you to be hot sweaty during sleep,msmarco-passage/train,ielabgroup/vec2text_gtr-base-st_corrector
1114819,what is durable medical equipment consist of,av equipment . Av Equipment is a telesensing and acoustical acoustical,KernelDensityGECO,1,0.001,what is av equipment,msmarco-passage/train,ielabgroup/vec2text_gtr-base-st_corrector
1114819,what is durable medical equipment consist of,"United Kingdom. Dentistry in molars dd, or DMD, standing for Denticulary Malate or Denticulary Mal",KernelDensityGECO,1,0.001,in dentistry what does dmd stand for,msmarco-passage/train,ielabgroup/vec2text_gtr-base-st_corrector
1114819,what is durable medical equipment consist of,"types of health care settings, namely: Health Care (family care, a non-hospital setting, and a Intensive Care Medical Care",KernelDensityGECO,1,0.001,types of health care settings,msmarco-passage/train,ielabgroup/vec2text_gtr-base-st_corrector
1114819,what is durable medical equipment consist of,"which of the equipment and production layouts are grouped together, and all of the formats share the same function. Type A: Which is a similar",KernelDensityGECO,1,0.001,which of the following basic types of production layout formats is one which has similar equipment or functions are grouped together? quizlet,msmarco-passage/train,ielabgroup/vec2text_gtr-base-st_corrector
1114819,what is durable medical equipment consist of,idd electronics (Italy International Diagnostic and Dissequenced Distribution) is a definition of electrical circuits.,KernelDensityGECO,1,0.001,idd electronics define,msmarco-passage/train,ielabgroup/vec2text_gtr-base-st_corrector
1114819,what is durable medical equipment consist of,a durable calf skin is called calf-skin or calf-leather and is often called latex lacque,KernelDensityGECO,1,0.001,what is durable calf skin called,msmarco-passage/train,ielabgroup/vec2text_gtr-base-st_corrector
1114819,what is durable medical equipment consist of,types of medical device worn on the nose when it is broken. Erectile devices can be used by a surgeon to push it forward or by nose,KernelDensityGECO,1,0.001,what type of medical devices put on nose when it is broken,msmarco-passage/train,ielabgroup/vec2text_gtr-base-st_corrector
1114819,what is durable medical equipment consist of,"The hospital environment (hospital environment) is a hospital-based hospital complex, which is increasingly a form of a hospital, a consumer electronics",KernelDensityGECO,1,0.001,what is the hospital environment,msmarco-passage/train,ielabgroup/vec2text_gtr-base-st_corrector
1114819,what is durable medical equipment consist of,"what chemicals would need to be in a spill-kit in a dental office, and to contain a kantonite, fluor",KernelDensityGECO,1,0.001,what chemicals would need a spill.kit in a dental office,msmarco-passage/train,ielabgroup/vec2text_gtr-base-st_corrector
1114819,what is durable medical equipment consist of,Patient m.mme Patient m.mme () is a patient ailment. It is a complex and persistent,KernelDensityGECO,1,0.001,what is patient mme,msmarco-passage/train,ielabgroup/vec2text_gtr-base-st_corrector
183378,exons definition biology,ex situ conservation Ex situ conservation is a concept of a state of re-capacity of living fluids (diastric,KernelDensityGECO,1,0.001,ex situ conservation definition,msmarco-passage/train,ielabgroup/vec2text_gtr-base-st_corrector
183378,exons definition biology,exclave  and exclave  (      ),KernelDensityGECO,1,0.001,exclave and enclave definition,msmarco-passage/train,ielabgroup/vec2text_gtr-base-st_corrector
183378,exons definition biology,"a three major exocrine secretions found in stomach cells containing the exocrine cells in their pits, apex",KernelDensityGECO,1,0.001,3 major exocrine cells found in the stomach pits including their secretions,msmarco-passage/train,ielabgroup/vec2text_gtr-base-st_corrector
183378,exons definition biology,"— a definition of exemption — a criterion of income, deduction, resuesion, or other extinction",KernelDensityGECO,1,0.001,definition of exemption,msmarco-passage/train,ielabgroup/vec2text_gtr-base-st_corrector
183378,exons definition biology,"definition of ions, a group of atoms of a chemical (e.g., ions, or -protons",KernelDensityGECO,1,0.001,definition of ions,msmarco-passage/train,ielabgroup/vec2text_gtr-base-st_corrector
183378,exons definition biology,The structure at the end of an axon is the axon (axon-apside tracheocell),KernelDensityGECO,1,0.001,what is the structure at the far end of a axon,msmarco-passage/train,ielabgroup/vec2text_gtr-base-st_corrector
183378,exons definition biology,"of a cation (calensis) or a continuon, a caton is a science of atomic anatomy",KernelDensityGECO,1,0.001,define an caton science,msmarco-passage/train,ielabgroup/vec2text_gtr-base-st_corrector
183378,exons definition biology,Nucleus in exocytosis Nucleus in exocytosis do what the d-aminocytoses do.,KernelDensityGECO,1,0.001,what does the do Nucleus in exocytosis?,msmarco-passage/train,ielabgroup/vec2text_gtr-base-st_corrector
183378,exons definition biology,"known as fronton, Fronton is a fadol-containing antigen",KernelDensityGECO,1,0.001,what is fronton,msmarco-passage/train,ielabgroup/vec2text_gtr-base-st_corrector
183378,exons definition biology,of the audiensia of the cruciform blaspheric jubilee. Exuberant is defined,KernelDensityGECO,1,0.001,define exuberant,msmarco-passage/train,ielabgroup/vec2text_gtr-base-st_corrector
1106007,define visceral?,"definition of a feist, a supersonic, or a strange, or a complex, definition, is freaky",KernelDensityGECO,1,0.001,what is the definition of freaky,msmarco-passage/train,ielabgroup/vec2text_gtr-base-st_corrector
1106007,define visceral?,vitreous wet. Vitreous wet is a water-electrode-ionosynaptic reaction.,KernelDensityGECO,1,0.001,what is vitreous wet?,msmarco-passage/train,ielabgroup/vec2text_gtr-base-st_corrector
1106007,define visceral?,'volatile' means a person who has a in their in their in a,KernelDensityGECO,1,0.001,what does volatile mean in a person,msmarco-passage/train,ielabgroup/vec2text_gtr-base-st_corrector
1106007,define visceral?,definition of psychosocial meaning of a mental disorder or a physical or psychological condition known as a 'social' meaning of a person,KernelDensityGECO,1,0.001,psychosocial meaning definition,msmarco-passage/train,ielabgroup/vec2text_gtr-base-st_corrector
1106007,define visceral?,"definition of parenteral. A phylogeny, a subdiadenal, a drug, ergosterone",KernelDensityGECO,1,0.001,definition of parenteral,msmarco-passage/train,ielabgroup/vec2text_gtr-base-st_corrector
1106007,define visceral?,"the phenomenal and virtuosity of a behavioural condition, vivaciousness is the definition and definition of",KernelDensityGECO,1,0.001,vivaciousness definition,msmarco-passage/train,ielabgroup/vec2text_gtr-base-st_corrector
1106007,define visceral?,definition of a funicular (or a definition of a sciatic aesopocity) a funicular,KernelDensityGECO,1,0.001,definition of a funicular,msmarco-passage/train,ielabgroup/vec2text_gtr-base-st_corrector
1106007,define visceral?,a. v. wilful; b. a. choose to take revenge on the sworn evidence; vindictive,KernelDensityGECO,1,0.001,choose the definition of: vindictive,msmarco-passage/train,ielabgroup/vec2text_gtr-base-st_corrector
1106007,define visceral?,- Prosaic - a defining a series of traversies of the works of art of Paraleut.,KernelDensityGECO,1,0.001,define: prosaic,msmarco-passage/train,ielabgroup/vec2text_gtr-base-st_corrector
1106007,define visceral?,"what Vore means, or what it means, or what it means, is a form of fetish or lurid eating disorder",KernelDensityGECO,1,0.001,what does vore mean,msmarco-passage/train,ielabgroup/vec2text_gtr-base-st_corrector
1124210,tracheids are part of _____.,which part of the DNA (DNA) makes up the sides of the ladder and the apex of the dactyl DNA makes sides,KernelDensityGECO,1,0.001,what part of dna makes up the sides of the ladder,msmarco-passage/train,ielabgroup/vec2text_gtr-base-st_corrector
1124210,tracheids are part of _____.,detritus is,KernelDensityGECO,1,0.001,detritus is composed of _____,msmarco-passage/train,ielabgroup/vec2text_gtr-base-st_corrector
1124210,tracheids are part of _____.,"a skull, a skeleton, a head and a head would be found in the bones from which organs would come in",KernelDensityGECO,1,0.001,what organs would you find in the skull,msmarco-passage/train,ielabgroup/vec2text_gtr-base-st_corrector
1124210,tracheids are part of _____.,"glands but aren't part of the gastrointestinal tract. The three gastrointestinal organs, esophagus, and kidney",KernelDensityGECO,1,0.001,what are three other organs/glands that are part of the digestive system but not part of the tract?,msmarco-passage/train,ielabgroup/vec2text_gtr-base-st_corrector
1124210,tracheids are part of _____.,the part of the respiratory tract that contains the vocal cords (i.e. the vocalis cathodects) is the,KernelDensityGECO,1,0.001,the part of the respiratory tract that contains the vocal cords is the,msmarco-passage/train,ielabgroup/vec2text_gtr-base-st_corrector
1124210,tracheids are part of _____.,"when a trachea is placed on a stout, dry, or a sweat chamber. The trachea located",KernelDensityGECO,1,0.001,where is a trachea placed,msmarco-passage/train,ielabgroup/vec2text_gtr-base-st_corrector
1124210,tracheids are part of _____.,(one-part) and oectothorax are the two parts of the respiratory system: the pulmonary system and the exhal,KernelDensityGECO,1,0.001,what are two parts of the respiratory system,msmarco-passage/train,ielabgroup/vec2text_gtr-base-st_corrector
1124210,tracheids are part of _____.,"which is a branch of the femur or the cervicordia, a network of nerves located in the brain.",KernelDensityGECO,1,0.001,the __________ is a network of nerves located in the brainstem.,msmarco-passage/train,ielabgroup/vec2text_gtr-base-st_corrector
1124210,tracheids are part of _____.,common name for trachea (common name for a common resuscitus of uniform gas trachea,KernelDensityGECO,1,0.001,common name for trachea,msmarco-passage/train,ielabgroup/vec2text_gtr-base-st_corrector
1124210,tracheids are part of _____.,type of epithelium is found in the lining (or epithelium) and is the lining present in the respiratory tract of,KernelDensityGECO,1,0.001,what type of epithelium is found in the lining of the respiratory tract,msmarco-passage/train,ielabgroup/vec2text_gtr-base-st_corrector
490595,rsa definition key,"of bacteria, Msrsa (M. msrsa) is a bacilliform bacteriore",KernelDensityGECO,1,0.001,what type of bacteria is mrsa,msmarco-passage/train,ielabgroup/vec2text_gtr-base-st_corrector
490595,rsa definition key,m. r.sa. is a disease of the mtrella sarcoma that infects others.,KernelDensityGECO,1,0.001,what is the disease mrsa.,msmarco-passage/train,ielabgroup/vec2text_gtr-base-st_corrector
490595,rsa definition key,tabula rasa,KernelDensityGECO,1,0.001,definition tabula rasa,msmarco-passage/train,ielabgroup/vec2text_gtr-base-st_corrector
490595,rsa definition key,"Meaning of Sala (the ad dana, the ad bda, the son of the Lord), Sala is",KernelDensityGECO,1,0.001,meaning of sala,msmarco-passage/train,ielabgroup/vec2text_gtr-base-st_corrector
490595,rsa definition key,bsr code bsr code is a ring code of the Bihar Representation Auto Accident (BSR) which is,KernelDensityGECO,1,0.001,what is bsr code,msmarco-passage/train,ielabgroup/vec2text_gtr-base-st_corrector
490595,rsa definition key,what the GSA does and what it does is a gaSa that helps you store and track your secret data. This helps unlock,KernelDensityGECO,1,0.001,gsa what does it do,msmarco-passage/train,ielabgroup/vec2text_gtr-base-st_corrector
490595,rsa definition key,gsa can . gsa can . gsa can . gsa can store and cash lockers,KernelDensityGECO,1,0.001,gsa can,msmarco-passage/train,ielabgroup/vec2text_gtr-base-st_corrector
490595,rsa definition key,"how to use the R.A.S.E.G. Scurida software token, use the Securing software token to be manually",KernelDensityGECO,1,0.001,how to use rsa securid software token,msmarco-passage/train,ielabgroup/vec2text_gtr-base-st_corrector
490595,rsa definition key,"definition of market based pricing in the gsa (Geotian Sarba S&P) market, GSA is the price",KernelDensityGECO,1,0.001,gsa definition of market based pricing,msmarco-passage/train,ielabgroup/vec2text_gtr-base-st_corrector
490595,rsa definition key,Rcr is a powerful acoustic laser track and binoculars. Rcr Rcr is a computerized,KernelDensityGECO,1,0.001,what is rcr,msmarco-passage/train,ielabgroup/vec2text_gtr-base-st_corrector
1103812,who formed the commonwealth of independent states,"originally known as the Republican Party, was formed by a new republic forming on August 4, 1834 and subsequently rescinded by",KernelDensityGECO,1,0.001,when was the republican party formed and by whom,msmarco-passage/train,ielabgroup/vec2text_gtr-base-st_corrector
1103812,who formed the commonwealth of independent states,"on the land of U.S. explorer Albert J. Bannister, who was the founder of Alaska (now the state of Alaska)",KernelDensityGECO,1,0.001,who was the founder of alaska,msmarco-passage/train,ielabgroup/vec2text_gtr-base-st_corrector
1103812,who formed the commonwealth of independent states,the declaration of         was a proclamation of the former American colonies of,KernelDensityGECO,1,0.001,the declaration of was a proclamation of the former american colonies,msmarco-passage/train,ielabgroup/vec2text_gtr-base-st_corrector
1103812,who formed the commonwealth of independent states,"in 1864 (when the US seceded from Washington state and annexed from Washington state), Washington was admitted into the union",KernelDensityGECO,1,0.001,when was washington admitted into the union,msmarco-passage/train,ielabgroup/vec2text_gtr-base-st_corrector
1103812,who formed the commonwealth of independent states,"(former U.S. Senators Edward M. Duchesne and Charles E. Simpson), who founded the Democratic Party, forming",KernelDensityGECO,1,0.001,who founded the democratic party,msmarco-passage/train,ielabgroup/vec2text_gtr-base-st_corrector
1103812,who formed the commonwealth of independent states,"by a series of pharaohs and sharia attacks, Pakistan obtained its independence from India and it got its independence in 17",KernelDensityGECO,1,0.001,how did pakistan get its independence,msmarco-passage/train,ielabgroup/vec2text_gtr-base-st_corrector
1103812,who formed the commonwealth of independent states,the American colonies declared their independence based on the 1776 satellite they voted to adopt and based on the American Civil War,KernelDensityGECO,1,0.001,what did american colonies declared their independence based on,msmarco-passage/train,ielabgroup/vec2text_gtr-base-st_corrector
1103812,who formed the commonwealth of independent states,"independent proprietorship, i.e., the independent ownership of a corporation and a set of taxable expenses, is a special definition",KernelDensityGECO,1,0.001,independent proprietorship definition,msmarco-passage/train,ielabgroup/vec2text_gtr-base-st_corrector
1103812,who formed the commonwealth of independent states,"which type of government was established under the Articles of Confederation — i.e., the federation of the free people.",KernelDensityGECO,1,0.001,what type of government was established under the articles of confederation?,msmarco-passage/train,ielabgroup/vec2text_gtr-base-st_corrector
1103812,who formed the commonwealth of independent states,"importance of the enactment of the Constitution of the United States of America and of other documents, the Declaration of Independence, is important to its people",KernelDensityGECO,1,0.001,what is the importance of the declaration of independence,msmarco-passage/train,ielabgroup/vec2text_gtr-base-st_corrector
87181,causes of left ventricular hypertrophy,causes of a uric acidogonia (a reaction between individuals with positive cholesterol levels) causes alkaptonuria. These causes result,KernelDensityGECO,1,0.001,causes of alkaptonuria,msmarco-passage/train,ielabgroup/vec2text_gtr-base-st_corrector
87181,causes of left ventricular hypertrophy,"acquiescence, and it was the most likely cause of ""Marie Curie's leukemia"" or marie curie",KernelDensityGECO,1,0.001,what was most likely the cause of marie curie's leukemia?,msmarco-passage/train,ielabgroup/vec2text_gtr-base-st_corrector
87181,causes of left ventricular hypertrophy,Lcmv is a specialized eponymous zip-larvaton. It is a popular science film in California,KernelDensityGECO,1,0.001,what is lcmv,msmarco-passage/train,ielabgroup/vec2text_gtr-base-st_corrector
87181,causes of left ventricular hypertrophy,prader-willi syndrome is caused by periapneus thalamus and prader-willi syndrome. It is,KernelDensityGECO,1,0.001,what is prader willi syndrome caused by,msmarco-passage/train,ielabgroup/vec2text_gtr-base-st_corrector
87181,causes of left ventricular hypertrophy,VSD heart condition VSD heart condition is a condition of somatosclerosis and venous sclerosis. It develops,KernelDensityGECO,1,0.001,what is vsd heart condition,msmarco-passage/train,ielabgroup/vec2text_gtr-base-st_corrector
87181,causes of left ventricular hypertrophy,"causes are Alfreda Smoice Syndrome, a problem present in children's film Alice in Wonderland and her bipolar disorder",KernelDensityGECO,1,0.001,causes of alice in wonderland syndrome,msmarco-passage/train,ielabgroup/vec2text_gtr-base-st_corrector
87181,causes of left ventricular hypertrophy,"the cause of hypersomnia (hysteresia, retort of the brain), resulting from sleep and headache",KernelDensityGECO,1,0.001,causes of hypersomnia,msmarco-passage/train,ielabgroup/vec2text_gtr-base-st_corrector
87181,causes of left ventricular hypertrophy,of abrasia (stresses) are the causes of cerebral atherosclerosis. Atherosclerosis Atherosclerosis,KernelDensityGECO,1,0.001,cause of cerebral atherosclerosis,msmarco-passage/train,ielabgroup/vec2text_gtr-base-st_corrector
87181,causes of left ventricular hypertrophy,Blood clotase and a high level of chondrocortical effects are causes essential thrombocythemia,KernelDensityGECO,1,0.001,what causes essential thrombocythemia,msmarco-passage/train,ielabgroup/vec2text_gtr-base-st_corrector
87181,causes of left ventricular hypertrophy,causes of cva-horrhagic cva-horrhagic abrasion. A hemorr,KernelDensityGECO,1,0.001,causes of a hemorrhagic cva,msmarco-passage/train,ielabgroup/vec2text_gtr-base-st_corrector
443396,lps laws definition,"types of laws are temporary laws (e.g., Civil, Administrative, Economic, Social and Public Laws, Paragraph 77).",KernelDensityGECO,1,0.001,what types of laws are temporary,msmarco-passage/train,ielabgroup/vec2text_gtr-base-st_corrector
443396,lps laws definition,"a “Limit Partnership Agreement” (also known as a “share agreement”), is a limited partnership agreement between a business partnership",KernelDensityGECO,1,0.001,what is a limited partnership agreement,msmarco-passage/train,ielabgroup/vec2text_gtr-base-st_corrector
443396,lps laws definition,which regulation defines when to publish a PCS order. This regulation should be a reference to when to publish a EC-compliant PC,KernelDensityGECO,1,0.001,which regulation defines when to publish a pcs order,msmarco-passage/train,ielabgroup/vec2text_gtr-base-st_corrector
443396,lps laws definition,"(i.e., the law of supply), the law of the law, defined as the law of a monopoly and the law of",KernelDensityGECO,1,0.001,define the law of supply,msmarco-passage/train,ielabgroup/vec2text_gtr-base-st_corrector
443396,lps laws definition,"definition: liter (liter: a ratio of water to water in the case of water in France and Greece), also known as liter,",KernelDensityGECO,1,0.001,define: liter,msmarco-passage/train,ielabgroup/vec2text_gtr-base-st_corrector
443396,lps laws definition,definition of the lacey act. Laurey Act - is a federal statutory act establishing a restraining of all,KernelDensityGECO,1,0.001,lacey act definition,msmarco-passage/train,ielabgroup/vec2text_gtr-base-st_corrector
443396,lps laws definition,definition of a diversion law,KernelDensityGECO,1,0.001,diversion law definition,msmarco-passage/train,ielabgroup/vec2text_gtr-base-st_corrector
443396,lps laws definition,Rco Legal pS. It is a legal PPS of ICO in the United States. This is a special notice for upcoming,KernelDensityGECO,1,0.001,what is rco legal ps,msmarco-passage/train,ielabgroup/vec2text_gtr-base-st_corrector
443396,lps laws definition,(L)  Regulation p (        ) is a discovery,KernelDensityGECO,1,0.001,what is regulation p,msmarco-passage/train,ielabgroup/vec2text_gtr-base-st_corrector
443396,lps laws definition,ERP Law . It is a system of information and re-enrichment of technology. ERP Law is a law,KernelDensityGECO,1,0.001,what is erp law,msmarco-passage/train,ielabgroup/vec2text_gtr-base-st_corrector
1121709,what are the three percenters?,definition trochanter anatomy is the anatomy of the aphreas forming the occlusions and the poire potenti,KernelDensityGECO,1,0.001,trochanter definition anatomy,msmarco-passage/train,ielabgroup/vec2text_gtr-base-st_corrector
1121709,what are the three percenters?,are the three layers of,KernelDensityGECO,1,0.001,what are the three layers of culture,msmarco-passage/train,ielabgroup/vec2text_gtr-base-st_corrector
1121709,what are the three percenters?,"who are Boomers. They are a group of younger people from the generation of Millennials, who, following the devastating economic and",KernelDensityGECO,1,0.001,who are boomers,msmarco-passage/train,ielabgroup/vec2text_gtr-base-st_corrector
1121709,what are the three percenters?,(commonly referred to as markup percentage) is the average retail price in a store with a percentage of 2.3 percent by sales,KernelDensityGECO,1,0.001,what is average markup percentage in retail,msmarco-passage/train,ielabgroup/vec2text_gtr-base-st_corrector
1121709,what are the three percenters?,definition of a third person perspective - a perspective of a person who is able to view things through the perspective of the environment and perform,KernelDensityGECO,1,0.001,third person perspective definition,msmarco-passage/train,ielabgroup/vec2text_gtr-base-st_corrector
1121709,what are the three percenters?,Net lease Net Lease is a form of net-netfeet ad hoc networking technology that is now known as triple-net,KernelDensityGECO,1,0.001,what is triple net lease,msmarco-passage/train,ielabgroup/vec2text_gtr-base-st_corrector
1121709,what are the three percenters?,"are 31- to 49-year-olds (e.g., 7th grade) Third Grade Kids are students in the middle school and kindergarten",KernelDensityGECO,1,0.001,how old are third grade kids,msmarco-passage/train,ielabgroup/vec2text_gtr-base-st_corrector
1121709,what are the three percenters?,"between 10 and 16 percent of people are vision, or 82 to 90 percent of people who are unable to eat a diet or have vision",KernelDensityGECO,1,0.001,how many percent of people are vision,msmarco-passage/train,ielabgroup/vec2text_gtr-base-st_corrector
1121709,what are the three percenters?,a picture of a percentile rank and interpret it by analyzing your score and displaying your performance. “Persequent” rank is,KernelDensityGECO,1,0.001,how to interpret percentile rank,msmarco-passage/train,ielabgroup/vec2text_gtr-base-st_corrector
1121709,what are the three percenters?,3rd year is,KernelDensityGECO,1,0.001,is 3rd year harder than 2nd,msmarco-passage/train,ielabgroup/vec2text_gtr-base-st_corrector
87452,causes of military suicide,"longest military career, a.k.a. a. a. a. Lt. Commander (Armistice), longest career",KernelDensityGECO,1,0.001,longest military career,msmarco-passage/train,ielabgroup/vec2text_gtr-base-st_corrector
87452,causes of military suicide,property (military installation property)           is the definition,KernelDensityGECO,1,0.001,military installation property definition,msmarco-passage/train,ielabgroup/vec2text_gtr-base-st_corrector
87452,causes of military suicide,"by suicide in a sadie bluff, which sadie blumbered, and she died as a",KernelDensityGECO,1,0.001,how did suicide sadie die,msmarco-passage/train,ielabgroup/vec2text_gtr-base-st_corrector
87452,causes of military suicide,"the 'disaster-force' and 'disaster-resistance' Army, now the most dangerous military branch",KernelDensityGECO,1,0.001,most dangerous military branch,msmarco-passage/train,ielabgroup/vec2text_gtr-base-st_corrector
87452,causes of military suicide,hardly ever worked and the military barbers are commissioned to serve their clients. Usually barbers work 24 hours a week or 3 days,KernelDensityGECO,1,0.001,how often do military barbers work,msmarco-passage/train,ielabgroup/vec2text_gtr-base-st_corrector
87452,causes of military suicide,(dubbed military education by adolfo jheda and post-war schools) is what is considered military education.,KernelDensityGECO,1,0.001,what is considered military education,msmarco-passage/train,ielabgroup/vec2text_gtr-base-st_corrector
87452,causes of military suicide,"salary, U.S. military family life consultant salary (military life services) (against $175,000 to $175,000 each",KernelDensityGECO,1,0.001,military family life consultant salary,msmarco-passage/train,ielabgroup/vec2text_gtr-base-st_corrector
87452,causes of military suicide,"Cause of sleep apnea in veterans is a result of a variety of medical conditions, including veterans of Army Reserve CH-130",KernelDensityGECO,1,0.001,causes of sleep apnea in veterans,msmarco-passage/train,ielabgroup/vec2text_gtr-base-st_corrector
87452,causes of military suicide,"is a case for suicide to be the answer to life, but the answer to life is not, and the solution to the problem is backed up",KernelDensityGECO,1,0.001,is suicide the answer to life,msmarco-passage/train,ielabgroup/vec2text_gtr-base-st_corrector
87452,causes of military suicide,"lack of motivation, empathetic levels in the job, lack of change in the job, or other causes are causes of low morale in workplace",KernelDensityGECO,1,0.001,causes of low morale in workplace,msmarco-passage/train,ielabgroup/vec2text_gtr-base-st_corrector
855410,what is theraderm used for,for -carpolymers and -antrenol. Triamterene is a product that is used for,KernelDensityGECO,1,0.001,what is triamterene for,msmarco-passage/train,ielabgroup/vec2text_gtr-base-st_corrector
855410,what is theraderm used for,use of a herb called clover. Celery root is used by Croydon and Poppytree to treat hunger and exercise. It is,KernelDensityGECO,1,0.001,what is celery root used for,msmarco-passage/train,ielabgroup/vec2text_gtr-base-st_corrector
855410,what is theraderm used for,"a time, thalidomide was developed originally for thyrotoxic anti-malarial therapy. It was developed as",KernelDensityGECO,1,0.001,what was thalidomide originally developed for,msmarco-passage/train,ielabgroup/vec2text_gtr-base-st_corrector
855410,what is theraderm used for,hydroxylpyruvamide is used for Meclopramide citrate or ME syndrome. It is used to,KernelDensityGECO,1,0.001,what is metoclopramide hcl used for,msmarco-passage/train,ielabgroup/vec2text_gtr-base-st_corrector
855410,what is theraderm used for,"ethane (or ethane) is used for ethane-energy, and ethane-soaked food is used",KernelDensityGECO,1,0.001,what is ethane used for,msmarco-passage/train,ielabgroup/vec2text_gtr-base-st_corrector
855410,what is theraderm used for,"Xather lith Xather lith is a hard stone mineral of iridium and quartz, known as scr",KernelDensityGECO,1,0.001,what is theralith xr,msmarco-passage/train,ielabgroup/vec2text_gtr-base-st_corrector
855410,what is theraderm used for,the pharynx (phrynx) is used for many functions such as ailment and bronchial asthma,KernelDensityGECO,1,0.001,what is the pharynx used for,msmarco-passage/train,ielabgroup/vec2text_gtr-base-st_corrector
855410,what is theraderm used for,"(Imadurea) is used for a variety of autoimmune diseases and when used in industrial production, imidurea is used to make",KernelDensityGECO,1,0.001,what is imidurea used for,msmarco-passage/train,ielabgroup/vec2text_gtr-base-st_corrector
855410,what is theraderm used for,The colorectal cancer is used for colostococcus and retort cancers and is used to evaluate for,KernelDensityGECO,1,0.001,what colorectal cancer is used for,msmarco-passage/train,ielabgroup/vec2text_gtr-base-st_corrector
855410,what is theraderm used for,(so-called sunrider tea) is good for a good diet and for treating a bad chiasmo and,KernelDensityGECO,1,0.001,what is sunrider tea good for,msmarco-passage/train,ielabgroup/vec2text_gtr-base-st_corrector
1114646,what is famvir prescribed for,"located flir. flir is located in southeastern Frida, and is a popular residential area",KernelDensityGECO,1,0.001,where is flir located?,msmarco-passage/train,ielabgroup/vec2text_gtr-base-st_corrector
1114646,what is famvir prescribed for,"a lissexdododododododamine, Fesamfetamine is used for",KernelDensityGECO,1,0.001,what is lisdexamfetamine used for,msmarco-passage/train,ielabgroup/vec2text_gtr-base-st_corrector
1114646,what is famvir prescribed for,mamisan is used for a variety of foods and for a treatment of malady saemone virus.,KernelDensityGECO,1,0.001,what is mamisan used for,msmarco-passage/train,ielabgroup/vec2text_gtr-base-st_corrector
1114646,what is famvir prescribed for,medications for vestibular neuropathic infections (Vastrelamine) and glucocorticoid phenyl,KernelDensityGECO,1,0.001,medications for vestibular neuritis,msmarco-passage/train,ielabgroup/vec2text_gtr-base-st_corrector
1114646,what is famvir prescribed for,"a medication, doctors prescribe a vaccine containing antibiotics to treat impetigo (e.g., e.g.",KernelDensityGECO,1,0.001,what do doctors prescribe for impetigo,msmarco-passage/train,ielabgroup/vec2text_gtr-base-st_corrector
1114646,what is famvir prescribed for,"used as a neuropathic medication and as a neuropathic medication, normaxin is used to treat apne",KernelDensityGECO,1,0.001,what is normaxin used for,msmarco-passage/train,ielabgroup/vec2text_gtr-base-st_corrector
1114646,what is famvir prescribed for,"for a trichosaraxis and a tetracyclin, terazosin is prescribed for a medical problem",KernelDensityGECO,1,0.001,what is terazosin prescribed for,msmarco-passage/train,ielabgroup/vec2text_gtr-base-st_corrector
1114646,what is famvir prescribed for,(Rasipril) is for ramipenylol and is now used in the treatment of brain syndrome.,KernelDensityGECO,1,0.001,what is ramipril for,msmarco-passage/train,ielabgroup/vec2text_gtr-base-st_corrector
1114646,what is famvir prescribed for,"it is used for perfalgan to treat a variety of ailments such as bowel ache, fibrosis, acrom",KernelDensityGECO,1,0.001,what is perfalgan used for,msmarco-passage/train,ielabgroup/vec2text_gtr-base-st_corrector
1114646,what is famvir prescribed for,"for treating sex cramps, a cranium muscle and hypertension, and Fexilmid is marketed for muscle pain.",KernelDensityGECO,1,0.001,what is fexmid for,msmarco-passage/train,ielabgroup/vec2text_gtr-base-st_corrector
19335,anthropological definition of environment,(it means infrastructure) or (it means everything like the machinery and the equipment of the environment) is a form of neologism,KernelDensityGECO,1,0.001,what is infrastructure mean,msmarco-passage/train,ielabgroup/vec2text_gtr-base-st_corrector
19335,anthropological definition of environment,define (anglo-) — the defined group of English in the post-apartheid period — Anglo-Britis,KernelDensityGECO,1,0.001,define of anglo,msmarco-passage/train,ielabgroup/vec2text_gtr-base-st_corrector
19335,anthropological definition of environment,"environmental factors are a range of environmental conditions. These factors, environmental factors, are a response to environmental stimuli, a virus and disease.",KernelDensityGECO,1,0.001,what are environmental factors.,msmarco-passage/train,ielabgroup/vec2text_gtr-base-st_corrector
19335,anthropological definition of environment,"(from the kryptonian kryptonian - what it is, what it is) is environmentalism a form",KernelDensityGECO,1,0.001,what is environmentalism,msmarco-passage/train,ielabgroup/vec2text_gtr-base-st_corrector
19335,anthropological definition of environment,environmentally displaced person is a defined person describing the occurrence of a chemical or physics of the human population (called,KernelDensityGECO,1,0.001,environmentally displaced person defined,msmarco-passage/train,ielabgroup/vec2text_gtr-base-st_corrector
19335,anthropological definition of environment,"a group of atoms (def. adversity, grannie, ice, air) defined as ""association""",KernelDensityGECO,1,0.001,define association,msmarco-passage/train,ielabgroup/vec2text_gtr-base-st_corrector
19335,anthropological definition of environment,"(e.g.         ) definition of geographical, is the geographical",KernelDensityGECO,1,0.001,geographical definition,msmarco-passage/train,ielabgroup/vec2text_gtr-base-st_corrector
19335,anthropological definition of environment,flagellates do a great deal to the environment by giving the environment a quantity of fecal matter (doeumatology,KernelDensityGECO,1,0.001,what do flagellates do for the environment,msmarco-passage/train,ielabgroup/vec2text_gtr-base-st_corrector
19335,anthropological definition of environment,on geography (www.geographicalinformation.mi) is that humanised nature is the humane nature aplenty associated with human,KernelDensityGECO,1,0.001,what is humanised nature on geography,msmarco-passage/train,ielabgroup/vec2text_gtr-base-st_corrector
19335,anthropological definition of environment,ap place utility (human geography) place utility is a definition of the physical and quantitative properties of a human entity based on the concentration,KernelDensityGECO,1,0.001,place utility definition ap human geography,msmarco-passage/train,ielabgroup/vec2text_gtr-base-st_corrector
47923,axon terminals or synaptic knob definition,"definition of apocrine glands, the apocrine acrimonium is a collection of fatty substances on the body",KernelDensityGECO,1,0.001,apocrine glands definition,msmarco-passage/train,ielabgroup/vec2text_gtr-base-st_corrector
47923,axon terminals or synaptic knob definition,"of John Pryor's definition of synoptic, a morphological and phenomenological co-operation of peripheral vision.",KernelDensityGECO,1,0.001,define synoptic,msmarco-passage/train,ielabgroup/vec2text_gtr-base-st_corrector
47923,axon terminals or synaptic knob definition,"definition of a set of neurons (e.g., sensory neurons or synapse neurons or spline neurons) of tissue",KernelDensityGECO,1,0.001,definition of sensory neurons,msmarco-passage/train,ielabgroup/vec2text_gtr-base-st_corrector
47923,axon terminals or synaptic knob definition,"Leaf spine switch Leaf spine switches are virtual switches of a fungus (e.g., chow morphology and biosynthesis)",KernelDensityGECO,1,0.001,what are leaf spine virtual switches,msmarco-passage/train,ielabgroup/vec2text_gtr-base-st_corrector
47923,axon terminals or synaptic knob definition,"(as a result of the use of lithium and water), terminal anxiety (or just anxiety) is a lasting anxiety apprehension",KernelDensityGECO,1,0.001,what is terminal anxiety,msmarco-passage/train,ielabgroup/vec2text_gtr-base-st_corrector
47923,axon terminals or synaptic knob definition,"home of pine knob, is in Michigan, Michigan, near Grand Blanchett-Michigan-Flamscott-Michigan",KernelDensityGECO,1,0.001,where is pine knob in michigan,msmarco-passage/train,ielabgroup/vec2text_gtr-base-st_corrector
47923,axon terminals or synaptic knob definition,"what determines which neurotransmitter is used at a synapse, which is at synapse-neurotic",KernelDensityGECO,1,0.001,what determines which neurotransmitter is used at a synapse,msmarco-passage/train,ielabgroup/vec2text_gtr-base-st_corrector
47923,axon terminals or synaptic knob definition,"a vagus nerve, a vagus neosudae, is a nerve of the cagne",KernelDensityGECO,1,0.001,what is a vagus nerve,msmarco-passage/train,ielabgroup/vec2text_gtr-base-st_corrector
47923,axon terminals or synaptic knob definition,"due to fat, protein, and geriatric stress. No garcinia or fatty fat is present, so the Axon is",KernelDensityGECO,1,0.001,is axon fatty,msmarco-passage/train,ielabgroup/vec2text_gtr-base-st_corrector
47923,axon terminals or synaptic knob definition,Electro-cg and hygro-cgs in which electrode is perpendicular to the axis,KernelDensityGECO,1,0.001,which electrode in ecg is perpendicular to the axis,msmarco-passage/train,ielabgroup/vec2text_gtr-base-st_corrector
405717,is cdg airport in main paris,CSg mail service          is e-mail service by mail,KernelDensityGECO,1,0.001,what is csg mail service,msmarco-passage/train,ielabgroup/vec2text_gtr-base-st_corrector
405717,is cdg airport in main paris,naming of the airport in the city of Atlanta which is a stowable g.f. that is known as the Atlant,KernelDensityGECO,1,0.001,what is the name of the airport in atlanta,msmarco-passage/train,ielabgroup/vec2text_gtr-base-st_corrector
405717,is cdg airport in main paris,"city at YMC Yhylioc Airport, Ydyslau, New York. It's the city",KernelDensityGECO,1,0.001,what city is yyc airport at?,msmarco-passage/train,ielabgroup/vec2text_gtr-base-st_corrector
405717,is cdg airport in main paris,"the airport Carnival Trinidad, ltimo ltimo ltimo ngel Caravana Airport",KernelDensityGECO,1,0.001,what airport trinidad carnival,msmarco-passage/train,ielabgroup/vec2text_gtr-base-st_corrector
405717,is cdg airport in main paris,at which is the terminal of Delta Air Lines (LGA) at Champaign International Airport and a terminal at Delft Crescent Airfield,KernelDensityGECO,1,0.001,what terminal is delta at lga airport,msmarco-passage/train,ielabgroup/vec2text_gtr-base-st_corrector
405717,is cdg airport in main paris,"gironde (France) gironde is in Gardonne, France, located between Carron-Lessa",KernelDensityGECO,1,0.001,where is gironde in france,msmarco-passage/train,ielabgroup/vec2text_gtr-base-st_corrector
405717,is cdg airport in main paris,"the airport code for Montreal (which is now the airport code for St. Louis and the GIFT), Montreal (which is the airport code for Montreal",KernelDensityGECO,1,0.001,what is the airport code for montreal,msmarco-passage/train,ielabgroup/vec2text_gtr-base-st_corrector
405717,is cdg airport in main paris,"regional airport is Carolina Seacoast Regional Airport, at the intersection of the coastal piers at Cullina and John F. Carvey, Georgia",KernelDensityGECO,1,0.001,where is coastal carolina regional airport?,msmarco-passage/train,ielabgroup/vec2text_gtr-base-st_corrector
405717,is cdg airport in main paris,"world, namely Djenkobraská plau – now the most dangerous airport in the world –",KernelDensityGECO,1,0.001,most dangerous airport in the world,msmarco-passage/train,ielabgroup/vec2text_gtr-base-st_corrector
405717,is cdg airport in main paris,The cvpt dg cvpt is a transforming thoracic core imaging system of the DVG.,KernelDensityGECO,1,0.001,what is the cvg dpt,msmarco-passage/train,ielabgroup/vec2text_gtr-base-st_corrector
182539,example of monotonic function,"argon is an example of , which, along with many other atoms such as boron and helium, is an example",KernelDensityGECO,1,0.001,argon is an example of,msmarco-passage/train,ielabgroup/vec2text_gtr-base-st_corrector
182539,example of monotonic function,"find a way to find the areas of increase of a function, i.e. the areas of a function and the areas of",KernelDensityGECO,1,0.001,how to find the areas of increase of a function,msmarco-passage/train,ielabgroup/vec2text_gtr-base-st_corrector
182539,example of monotonic function,categorical and definition is an example of,KernelDensityGECO,1,0.001,categorical definition and example,msmarco-passage/train,ielabgroup/vec2text_gtr-base-st_corrector
182539,example of monotonic function,"A conductor (as an example of a conductor in a stream of aprons, a vacuum) is an example science",KernelDensityGECO,1,0.001,what is an example of a conductor in science,msmarco-passage/train,ielabgroup/vec2text_gtr-base-st_corrector
182539,example of monotonic function,", ,  is an example of reverse polarity, since it is a polar opposite to a cDNA",KernelDensityGECO,1,0.001,which is an example of reverse polarity?,msmarco-passage/train,ielabgroup/vec2text_gtr-base-st_corrector
182539,example of monotonic function,graphing tangent functions and a --------- derivatives,KernelDensityGECO,1,0.001,graphing tangent functions,msmarco-passage/train,ielabgroup/vec2text_gtr-base-st_corrector
182539,example of monotonic function,on the fat and fatty properties of the leaves. These are a simple example of lentils. These are one of the eight examples of lentils,KernelDensityGECO,1,0.001,what are examples of lentils,msmarco-passage/train,ielabgroup/vec2text_gtr-base-st_corrector
182539,example of monotonic function,math equations in a function (finactors of a function,KernelDensityGECO,1,0.001,function equations in math,msmarco-passage/train,ielabgroup/vec2text_gtr-base-st_corrector
182539,example of monotonic function,"definition (e.g., function function of a function , , , , ) of rational calcul",KernelDensityGECO,1,0.001,definition rational function,msmarco-passage/train,ielabgroup/vec2text_gtr-base-st_corrector
182539,example of monotonic function,(i.e. reasoning is a logical example of reasoning). An example of logical reasoning is if someone identifies his condition,KernelDensityGECO,1,0.001,what is logical reasoning example,msmarco-passage/train,ielabgroup/vec2text_gtr-base-st_corrector
1113437,what is physical description of spruce,sap functional (SAP) is a functional and resilient UI that is a functional and functional structure. It is a technology,KernelDensityGECO,1,0.001,what is sap functional,msmarco-passage/train,ielabgroup/vec2text_gtr-base-st_corrector
1113437,what is physical description of spruce,properties (-----). Spar varnish is a lignoprotein which produces very fine,KernelDensityGECO,1,0.001,what is properties of spar varnish,msmarco-passage/train,ielabgroup/vec2text_gtr-base-st_corrector
1113437,what is physical description of spruce,a scepter (or scepter) is a saber axe that is the skeleton of the heroes,KernelDensityGECO,1,0.001,what is a scepter,msmarco-passage/train,ielabgroup/vec2text_gtr-base-st_corrector
1113437,what is physical description of spruce,The spicules of bone spicules (or spicules) are small spicules present in bone,KernelDensityGECO,1,0.001,what are spicules in bone,msmarco-passage/train,ielabgroup/vec2text_gtr-base-st_corrector
1113437,what is physical description of spruce,"is mesenchymal stem cells like smooth or apical cells in a branch or a steroid, smooth and rough surfaces",KernelDensityGECO,1,0.001,does mesenchymal stem cells like smooth or rough surfaces,msmarco-passage/train,ielabgroup/vec2text_gtr-base-st_corrector
1113437,what is physical description of spruce,spline - a specific meaning of a bone in a patient with a spherical skeleton or fibre,KernelDensityGECO,1,0.001,spline meaning,msmarco-passage/train,ielabgroup/vec2text_gtr-base-st_corrector
1113437,what is physical description of spruce,"known to be strong is the flower 'Badouras lacetae', which is known to be one of the strongest",KernelDensityGECO,1,0.001,what flower is known to be strong,msmarco-passage/train,ielabgroup/vec2text_gtr-base-st_corrector
1113437,what is physical description of spruce,"pseudophakia is a skeleton of the genus ""Phedrusthus"". It is known as a tactile",KernelDensityGECO,1,0.001,what is pseudophakia,msmarco-passage/train,ielabgroup/vec2text_gtr-base-st_corrector
1113437,what is physical description of spruce,What is a tree line in a biome (biome) is the biome of a forest in which the peaks of the vegetation,KernelDensityGECO,1,0.001,what is tree line in a biome,msmarco-passage/train,ielabgroup/vec2text_gtr-base-st_corrector
1113437,what is physical description of spruce,"a definition of trees (adjects: , , , , , ,",KernelDensityGECO,1,0.001,definition of trees,msmarco-passage/train,ielabgroup/vec2text_gtr-base-st_corrector
1129237,hydrogen is a liquid below what temperature,(jupiter) is 88.9 °C and is the temperature of the whole planet on the jupital scale between the Moon,KernelDensityGECO,1,0.001,what is the whole temperature of jupiter,msmarco-passage/train,ielabgroup/vec2text_gtr-base-st_corrector
1129237,hydrogen is a liquid below what temperature,"No octane is a liquid at room temperature, but hexane is a liquid at room temperature when in vacuum",KernelDensityGECO,1,0.001,is hexane a liquid at room temperature,msmarco-passage/train,ielabgroup/vec2text_gtr-base-st_corrector
1129237,hydrogen is a liquid below what temperature,a working refreid brew is a temperature that varies from about 100 to 115 °C. The refrei,KernelDensityGECO,1,0.001,what is a temperature a working refreidg,msmarco-passage/train,ielabgroup/vec2text_gtr-base-st_corrector
1129237,hydrogen is a liquid below what temperature,range temperature from 0 to 59 °F (70 to 84 °C) by a hot period range and by a hot,KernelDensityGECO,1,0.001,hot temperature range,msmarco-passage/train,ielabgroup/vec2text_gtr-base-st_corrector
1129237,hydrogen is a liquid below what temperature,Temperatures inside the hydroponics plant are around 70 °C and humid inside fodder/garden pyroxen.,KernelDensityGECO,1,0.001,what is the temperature and humidity level inside hydroponics fodder plant?,msmarco-passage/train,ielabgroup/vec2text_gtr-base-st_corrector
1129237,hydrogen is a liquid below what temperature,liquid hydrocodone is used for liquid medicine and to treat a variety of hygroscopic macrophages and other fluids,KernelDensityGECO,1,0.001,what is hydrocodone liquid used for,msmarco-passage/train,ielabgroup/vec2text_gtr-base-st_corrector
1129237,hydrogen is a liquid below what temperature,Pressure at ambient temperature of        Lng  in a liquid at atmospheric,KernelDensityGECO,1,0.001,what pressure in lng a liquid at ambient temperature,msmarco-passage/train,ielabgroup/vec2text_gtr-base-st_corrector
1129237,hydrogen is a liquid below what temperature,temperature of the human body – 0 to 95 degrees C while 0 to 87 degrees Afflict – Human body is,KernelDensityGECO,1,0.001,temperature of human body,msmarco-passage/train,ielabgroup/vec2text_gtr-base-st_corrector
1129237,hydrogen is a liquid below what temperature,"in space, the temperature of the space station, the Interstellar Space Center, or the Space Shuttle, is 0–180 °C",KernelDensityGECO,1,0.001,what is the temperature in space,msmarco-passage/train,ielabgroup/vec2text_gtr-base-st_corrector
1129237,hydrogen is a liquid below what temperature,"minus 5 °C (like other planets on Jupiter) is very cold on ""Jupiter"" and on ""Jupitan",KernelDensityGECO,1,0.001,how cold is on jupiter,msmarco-passage/train,ielabgroup/vec2text_gtr-base-st_corrector
146187,difference between a mcdouble and a double cheeseburger,"intoxication, a difference between a DUI and a OHI, and a difference between a DWI card",KernelDensityGECO,1,0.001,what's the difference between dui and owi,msmarco-passage/train,ielabgroup/vec2text_gtr-base-st_corrector
146187,difference between a mcdouble and a double cheeseburger,"sour mash, whereas sour mash and sour-mass are a liqueur of b",KernelDensityGECO,1,0.001,difference between sour mash and bourbon,msmarco-passage/train,ielabgroup/vec2text_gtr-base-st_corrector
146187,difference between a mcdouble and a double cheeseburger,"on a curd, aka curdskin brews, whereas buttermilk is a curd, aka curd",KernelDensityGECO,1,0.001,difference between curd and buttermilk,msmarco-passage/train,ielabgroup/vec2text_gtr-base-st_corrector
146187,difference between a mcdouble and a double cheeseburger,the difference between dandruff (dandelions and drups and head faeces) and lice,KernelDensityGECO,1,0.001,difference between dandruff and lice,msmarco-passage/train,ielabgroup/vec2text_gtr-base-st_corrector
146187,difference between a mcdouble and a double cheeseburger,"mcg is more than mg, and mcg or mcg is more than 100 gram/gram and",KernelDensityGECO,1,0.001,which is more mcg or mg,msmarco-passage/train,ielabgroup/vec2text_gtr-base-st_corrector
146187,difference between a mcdouble and a double cheeseburger,a cappuccino is a latte vs. a cappuccino is a latte and a,KernelDensityGECO,1,0.001,what is a latte vs cappuccino,msmarco-passage/train,ielabgroup/vec2text_gtr-base-st_corrector
146187,difference between a mcdouble and a double cheeseburger,difference between a coffee (so-called a cappuccino) and a latte (so-acappuc,KernelDensityGECO,1,0.001,difference between a latte and a cappuccino,msmarco-passage/train,ielabgroup/vec2text_gtr-base-st_corrector
146187,difference between a mcdouble and a double cheeseburger,"a difference between butter frosting and a wurf-to-do frosting, or whipped cream vs. whipped cream",KernelDensityGECO,1,0.001,what is the difference in whipped versus butter cream frosting?,msmarco-passage/train,ielabgroup/vec2text_gtr-base-st_corrector
146187,difference between a mcdouble and a double cheeseburger,"a double ginger, is a form of a liqueur or a gin-and-soda",KernelDensityGECO,1,0.001,what is a double ginger,msmarco-passage/train,ielabgroup/vec2text_gtr-base-st_corrector
146187,difference between a mcdouble and a double cheeseburger,"a difference between clay and sand. Clay is a soil, and dirt is a result of 60 mills of predation underneath",KernelDensityGECO,1,0.001,difference between clay and dirt,msmarco-passage/train,ielabgroup/vec2text_gtr-base-st_corrector
