query_id,text,obfuscatedText,mechanism,epsilon,top_percentile,pivot_query,pool,corrector_model
156493,do goldfish grow,"a baby of 2.4 to 5.3 grams, baby goldfish grow fast and grow fast until they reach a size of a mound",KernelDensityGECO,50,0.001,how fast do baby goldfish grow,msmarco-passage/train,ielabgroup/vec2text_gtr-base-st_corrector
156493,do goldfish grow,"from a size of 2.4 to 4.5 gm, goldfish can grow as big as a tank of water and can eat",KernelDensityGECO,50,0.001,how big can goldfish grow,msmarco-passage/train,ielabgroup/vec2text_gtr-base-st_corrector
156493,do goldfish grow,"from a size of 2.4 to 4.5 gm, goldfish can grow as big as a tank of water and can eat",KernelDensityGECO,50,0.001,how big can goldfish grow,msmarco-passage/train,ielabgroup/vec2text_gtr-base-st_corrector
156493,do goldfish grow,"4.5 to 4.5 inches big and weighing , the shubunkin goldfish grow a semperferry brook goldfish",KernelDensityGECO,50,0.001,how big do shubunkin goldfish grow,msmarco-passage/train,ielabgroup/vec2text_gtr-base-st_corrector
156493,do goldfish grow,"a life of 240–240 years, goldfish (Oxygenus cristatus) are a fish with an active energy",KernelDensityGECO,50,0.001,what is the lifespan of a goldfish,msmarco-passage/train,ielabgroup/vec2text_gtr-base-st_corrector
156493,do goldfish grow,"from a size of 2.4 to 4.5 gm, goldfish can grow as big as a tank of water and can eat",KernelDensityGECO,50,0.001,how big can goldfish grow,msmarco-passage/train,ielabgroup/vec2text_gtr-base-st_corrector
156493,do goldfish grow,"from a size of 2.4 to 4.5 gm, goldfish can grow as big as a tank of water and can eat",KernelDensityGECO,50,0.001,how big can goldfish grow,msmarco-passage/train,ielabgroup/vec2text_gtr-base-st_corrector
156493,do goldfish grow,"a baby of 2.4 to 5.3 grams, baby goldfish grow fast and grow fast until they reach a size of a mound",KernelDensityGECO,50,0.001,how fast do baby goldfish grow,msmarco-passage/train,ielabgroup/vec2text_gtr-base-st_corrector
156493,do goldfish grow,"from a size of 2.4 to 4.5 gm, goldfish can grow as big as a tank of water and can eat",KernelDensityGECO,50,0.001,how big can goldfish grow,msmarco-passage/train,ielabgroup/vec2text_gtr-base-st_corrector
156493,do goldfish grow,grow goldfish in a fast water tank or a large food storage area. This method helps them grow faster than a 200-foot-long,KernelDensityGECO,50,0.001,how to grow goldfish faster,msmarco-passage/train,ielabgroup/vec2text_gtr-base-st_corrector
1110199,what is wifi vs bluetooth,is bluetooth i.e. wireless i.e. i.e. Bluetooth i.e. Bluetooth i.e. wifi,KernelDensityGECO,50,0.001,is bluetooth wifi,msmarco-passage/train,ielabgroup/vec2text_gtr-base-st_corrector
1110199,what is wifi vs bluetooth,which wireless encryption standard WPA is stronger than a necrospheric encryption or a wethened,KernelDensityGECO,50,0.001,which wireless encryption standard is stronger wep wpa,msmarco-passage/train,ielabgroup/vec2text_gtr-base-st_corrector
1110199,what is wifi vs bluetooth,is bluetooth i.e. wireless i.e. i.e. Bluetooth i.e. Bluetooth i.e. wifi,KernelDensityGECO,50,0.001,is bluetooth wifi,msmarco-passage/train,ielabgroup/vec2text_gtr-base-st_corrector
1110199,what is wifi vs bluetooth,meaning: Wi-Fi — the abbreviation of faafaafaafaaf and it means WiFi,KernelDensityGECO,50,0.001,what's the meaning of wifi,msmarco-passage/train,ielabgroup/vec2text_gtr-base-st_corrector
1110199,what is wifi vs bluetooth,is bluetooth i.e. wireless i.e. i.e. Bluetooth i.e. Bluetooth i.e. wifi,KernelDensityGECO,50,0.001,is bluetooth wifi,msmarco-passage/train,ielabgroup/vec2text_gtr-base-st_corrector
1110199,what is wifi vs bluetooth,Bluetooth transmitter (boothed-carrying device) A Bluetooth transmitter is a communication attachment for a car radio which transmits information by,KernelDensityGECO,50,0.001,what is a bluetooth transmitter,msmarco-passage/train,ielabgroup/vec2text_gtr-base-st_corrector
1110199,what is wifi vs bluetooth,is bluetooth i.e. wireless i.e. i.e. Bluetooth i.e. Bluetooth i.e. wifi,KernelDensityGECO,50,0.001,is bluetooth wifi,msmarco-passage/train,ielabgroup/vec2text_gtr-base-st_corrector
1110199,what is wifi vs bluetooth,is bluetooth i.e. wireless i.e. i.e. Bluetooth i.e. Bluetooth i.e. wifi,KernelDensityGECO,50,0.001,is bluetooth wifi,msmarco-passage/train,ielabgroup/vec2text_gtr-base-st_corrector
1110199,what is wifi vs bluetooth,a Wi-Fi Bluetooth dongle bsiNO wswift is a type of WiFi device for communicating with the Wi,KernelDensityGECO,50,0.001,what is a wifi bluetooth dongle,msmarco-passage/train,ielabgroup/vec2text_gtr-base-st_corrector
1110199,what is wifi vs bluetooth,"of Wi-Fi Direct Access is a Wi-Fi e-mail, Wi-FiFiFiFi nasu or Wi-",KernelDensityGECO,50,0.001,what is wi fi direct access,msmarco-passage/train,ielabgroup/vec2text_gtr-base-st_corrector
1063750,why did the us volunterilay enter ww1,the U.S. entered WW1 on the push to advise the Awoss-Push Buhouthfield,KernelDensityGECO,50,0.001,why did the us enter ww1 apush,msmarco-passage/train,ielabgroup/vec2text_gtr-base-st_corrector
1063750,why did the us volunterilay enter ww1,the U.S. entered WW1 on the push to advise the Awoss-Push Buhouthfield,KernelDensityGECO,50,0.001,why did the us enter ww1 apush,msmarco-passage/train,ielabgroup/vec2text_gtr-base-st_corrector
1063750,why did the us volunterilay enter ww1,the U.S. entered WW1 on the push to advise the Awoss-Push Buhouthfield,KernelDensityGECO,50,0.001,why did the us enter ww1 apush,msmarco-passage/train,ielabgroup/vec2text_gtr-base-st_corrector
1063750,why did the us volunterilay enter ww1,"on account of a love affair with a sex and a harrying bone, and World War One (WW1) started",KernelDensityGECO,50,0.001,why did ww1 start,msmarco-passage/train,ielabgroup/vec2text_gtr-base-st_corrector
1063750,why did the us volunterilay enter ww1,the U.S. entered WW1 on the push to advise the Awoss-Push Buhouthfield,KernelDensityGECO,50,0.001,why did the us enter ww1 apush,msmarco-passage/train,ielabgroup/vec2text_gtr-base-st_corrector
1063750,why did the us volunterilay enter ww1,"by the mutiny and the need to protect our lives in the low-income country, the United States entered the Vietnam War and the U.",KernelDensityGECO,50,0.001,why did the us enter the vietnam war,msmarco-passage/train,ielabgroup/vec2text_gtr-base-st_corrector
1063750,why did the us volunterilay enter ww1,the U.S. entered WW1 on the push to advise the Awoss-Push Buhouthfield,KernelDensityGECO,50,0.001,why did the us enter ww1 apush,msmarco-passage/train,ielabgroup/vec2text_gtr-base-st_corrector
1063750,why did the us volunterilay enter ww1,the U.S. entered WW1 on the push to advise the Awoss-Push Buhouthfield,KernelDensityGECO,50,0.001,why did the us enter ww1 apush,msmarco-passage/train,ielabgroup/vec2text_gtr-base-st_corrector
1063750,why did the us volunterilay enter ww1,the U.S. entered WW1 on the push to advise the Awoss-Push Buhouthfield,KernelDensityGECO,50,0.001,why did the us enter ww1 apush,msmarco-passage/train,ielabgroup/vec2text_gtr-base-st_corrector
1063750,why did the us volunterilay enter ww1,the U.S. entered WW1 on the push to advise the Awoss-Push Buhouthfield,KernelDensityGECO,50,0.001,why did the us enter ww1 apush,msmarco-passage/train,ielabgroup/vec2text_gtr-base-st_corrector
130510,definition declaratory judgment,definition (subjective judgement) - clinical judgement is a clinical judgement of a person who results from his or her judgements and,KernelDensityGECO,50,0.001,clinical judgement definition,msmarco-passage/train,ielabgroup/vec2text_gtr-base-st_corrector
130510,definition declaratory judgment,(feudal and nascilic): judicatory  is the definition of a court of law,KernelDensityGECO,50,0.001,what is the definition of judicatory,msmarco-passage/train,ielabgroup/vec2text_gtr-base-st_corrector
130510,definition declaratory judgment,"definition of adjudicatory hearing, a.k.a. adjudicatory hearing, is a judicial judgment of the ear",KernelDensityGECO,50,0.001,adjudicatory hearing definition,msmarco-passage/train,ielabgroup/vec2text_gtr-base-st_corrector
130510,definition declaratory judgment,"(b) default judgment is judgment of a person’s judgement and the ramifications of its assumption, the test of innocence, the clothing",KernelDensityGECO,50,0.001,what is default judgment quizlet,msmarco-passage/train,ielabgroup/vec2text_gtr-base-st_corrector
130510,definition declaratory judgment,(feudal and nascilic): judicatory  is the definition of a court of law,KernelDensityGECO,50,0.001,what is the definition of judicatory,msmarco-passage/train,ielabgroup/vec2text_gtr-base-st_corrector
130510,definition declaratory judgment,Jury dead,KernelDensityGECO,50,0.001,define jury deadlock,msmarco-passage/train,ielabgroup/vec2text_gtr-base-st_corrector
130510,definition declaratory judgment,"known as 'the declaratory act', is a statutory act enacting a judicial review of the state pensions program",KernelDensityGECO,50,0.001,what is the declaratory act,msmarco-passage/train,ielabgroup/vec2text_gtr-base-st_corrector
130510,definition declaratory judgment,"known as 'teh tha declaratory act, a statewide act enacted by the Delaware Act and the granting",KernelDensityGECO,50,0.001,what was teh declaratory act,msmarco-passage/train,ielabgroup/vec2text_gtr-base-st_corrector
130510,definition declaratory judgment,(feudal and nascilic): judicatory  is the definition of a court of law,KernelDensityGECO,50,0.001,what is the definition of judicatory,msmarco-passage/train,ielabgroup/vec2text_gtr-base-st_corrector
130510,definition declaratory judgment,"statement, or a 'definitive statement', is a statement of whether or not it is one of the most definitive statements in history",KernelDensityGECO,50,0.001,what is a definitive statement,msmarco-passage/train,ielabgroup/vec2text_gtr-base-st_corrector
489204,right pelvic pain causes,"at a time when a muscle contraction (such as a dilated bowel organ) causes lower right abdominal pain, which may cause",KernelDensityGECO,50,0.001,what causes lower right abdominal pain,msmarco-passage/train,ielabgroup/vec2text_gtr-base-st_corrector
489204,right pelvic pain causes,"a bowel injury, such as a vaginal infection, cause pain, or a periodontal injury known as pelvic pain",KernelDensityGECO,50,0.001,what cause pelvic pain,msmarco-passage/train,ielabgroup/vec2text_gtr-base-st_corrector
489204,right pelvic pain causes,"a bowel injury, such as a vaginal infection, cause pain, or a periodontal injury known as pelvic pain",KernelDensityGECO,50,0.001,what cause pelvic pain,msmarco-passage/train,ielabgroup/vec2text_gtr-base-st_corrector
489204,right pelvic pain causes,"stay in a uterine environment or a family member with a healthy bowel, the cause of pelvic pain is the cause of pain",KernelDensityGECO,50,0.001,what reason cause pelvic pain,msmarco-passage/train,ielabgroup/vec2text_gtr-base-st_corrector
489204,right pelvic pain causes,"when there is a urination, or when pain is found in the urine, a drug called rheumatoid",KernelDensityGECO,50,0.001,what causes right kidney pain,msmarco-passage/train,ielabgroup/vec2text_gtr-base-st_corrector
489204,right pelvic pain causes,caused during a short period of exercise. Right flank spasms are a possible cause of tympanic chlamy,KernelDensityGECO,50,0.001,causes of right flank spasms,msmarco-passage/train,ielabgroup/vec2text_gtr-base-st_corrector
489204,right pelvic pain causes,"at a time when a muscle contraction (such as a dilated bowel organ) causes lower right abdominal pain, which may cause",KernelDensityGECO,50,0.001,what causes lower right abdominal pain,msmarco-passage/train,ielabgroup/vec2text_gtr-base-st_corrector
489204,right pelvic pain causes,"uterine pain (e.g. adniasis or chondrosis) causes of womb pain,",KernelDensityGECO,50,0.001,causes of womb pain,msmarco-passage/train,ielabgroup/vec2text_gtr-base-st_corrector
489204,right pelvic pain causes,"from a pain caused by a muscle such as a leg, quadriceps, or quad aches. Quad aches can cause pain",KernelDensityGECO,50,0.001,what causes quad pain,msmarco-passage/train,ielabgroup/vec2text_gtr-base-st_corrector
489204,right pelvic pain causes,a swollen condition on the right side of the body is a result of sensitivity to inflammatory medications and causes swelling on the side,KernelDensityGECO,50,0.001,causes of swelling on right side of body,msmarco-passage/train,ielabgroup/vec2text_gtr-base-st_corrector
573724,what are the social determinants of health,"a related term for social determinants of health (e.g., health determinants, health determinants of health, health",KernelDensityGECO,50,0.001,another term for social determinants of health,msmarco-passage/train,ielabgroup/vec2text_gtr-base-st_corrector
573724,what are the social determinants of health,"a related term for social determinants of health (e.g., health determinants, health determinants of health, health",KernelDensityGECO,50,0.001,another term for social determinants of health,msmarco-passage/train,ielabgroup/vec2text_gtr-base-st_corrector
573724,what are the social determinants of health,CMS definitions of the social determinants of health (Meanings of health) and the social determinants of a healthy physical,KernelDensityGECO,50,0.001,cms definition of social determinants of health,msmarco-passage/train,ielabgroup/vec2text_gtr-base-st_corrector
573724,what are the social determinants of health,"a related term for social determinants of health (e.g., health determinants, health determinants of health, health",KernelDensityGECO,50,0.001,another term for social determinants of health,msmarco-passage/train,ielabgroup/vec2text_gtr-base-st_corrector
573724,what are the social determinants of health,CMS definitions of the social determinants of health (Meanings of health) and the social determinants of a healthy physical,KernelDensityGECO,50,0.001,cms definition of social determinants of health,msmarco-passage/train,ielabgroup/vec2text_gtr-base-st_corrector
573724,what are the social determinants of health,CMS definitions of the social determinants of health (Meanings of health) and the social determinants of a healthy physical,KernelDensityGECO,50,0.001,cms definition of social determinants of health,msmarco-passage/train,ielabgroup/vec2text_gtr-base-st_corrector
573724,what are the social determinants of health,"a related term for social determinants of health (e.g., health determinants, health determinants of health, health",KernelDensityGECO,50,0.001,another term for social determinants of health,msmarco-passage/train,ielabgroup/vec2text_gtr-base-st_corrector
573724,what are the social determinants of health,"a related term for social determinants of health (e.g., health determinants, health determinants of health, health",KernelDensityGECO,50,0.001,another term for social determinants of health,msmarco-passage/train,ielabgroup/vec2text_gtr-base-st_corrector
573724,what are the social determinants of health,"a related term for social determinants of health (e.g., health determinants, health determinants of health, health",KernelDensityGECO,50,0.001,another term for social determinants of health,msmarco-passage/train,ielabgroup/vec2text_gtr-base-st_corrector
573724,what are the social determinants of health,"a related term for social determinants of health (e.g., health determinants, health determinants of health, health",KernelDensityGECO,50,0.001,another term for social determinants of health,msmarco-passage/train,ielabgroup/vec2text_gtr-base-st_corrector
168216,does legionella pneumophila cause pneumonia,pneumophilia (or lung pneumophilia oblongata) causes the disease Legionella lymphoma disease,KernelDensityGECO,50,0.001,legionella pneumophila causes what disease,msmarco-passage/train,ielabgroup/vec2text_gtr-base-st_corrector
168216,does legionella pneumophila cause pneumonia,"as neura-cellulitis or thrush, but Pertussis or phlegonia does cause pneumonia, as does",KernelDensityGECO,50,0.001,does pertussis cause pneumonia,msmarco-passage/train,ielabgroup/vec2text_gtr-base-st_corrector
168216,does legionella pneumophila cause pneumonia,(a combination of pulmonary dyspnea and a pulmonary inflammatory condition) is a cause of pneumobilia,KernelDensityGECO,50,0.001,causes of pneumobilia,msmarco-passage/train,ielabgroup/vec2text_gtr-base-st_corrector
168216,does legionella pneumophila cause pneumonia,pneumophilia (or lung pneumophilia oblongata) causes the disease Legionella lymphoma disease,KernelDensityGECO,50,0.001,legionella pneumophila causes what disease,msmarco-passage/train,ielabgroup/vec2text_gtr-base-st_corrector
168216,does legionella pneumophila cause pneumonia,pneumophilia (or lung pneumophilia oblongata) causes the disease Legionella lymphoma disease,KernelDensityGECO,50,0.001,legionella pneumophila causes what disease,msmarco-passage/train,ielabgroup/vec2text_gtr-base-st_corrector
168216,does legionella pneumophila cause pneumonia,pneumophilia (or lung pneumophilia oblongata) causes the disease Legionella lymphoma disease,KernelDensityGECO,50,0.001,legionella pneumophila causes what disease,msmarco-passage/train,ielabgroup/vec2text_gtr-base-st_corrector
168216,does legionella pneumophila cause pneumonia,pneumophilia (or lung pneumophilia oblongata) causes the disease Legionella lymphoma disease,KernelDensityGECO,50,0.001,legionella pneumophila causes what disease,msmarco-passage/train,ielabgroup/vec2text_gtr-base-st_corrector
168216,does legionella pneumophila cause pneumonia,incubation period of lonella legiona pneumoniae elongata forming the period Pneumophila lungiata,KernelDensityGECO,50,0.001,incubation period legionella pneumophila,msmarco-passage/train,ielabgroup/vec2text_gtr-base-st_corrector
168216,does legionella pneumophila cause pneumonia,pneumophilia (or lung pneumophilia oblongata) causes the disease Legionella lymphoma disease,KernelDensityGECO,50,0.001,legionella pneumophila causes what disease,msmarco-passage/train,ielabgroup/vec2text_gtr-base-st_corrector
168216,does legionella pneumophila cause pneumonia,pneumophilia (or lung pneumophilia oblongata) causes the disease Legionella lymphoma disease,KernelDensityGECO,50,0.001,legionella pneumophila causes what disease,msmarco-passage/train,ielabgroup/vec2text_gtr-base-st_corrector
1133167,how is the weather in jamaica,"°C, it's like in Jamaica — the weather is like the rainy season — and that's what it is like.",KernelDensityGECO,50,0.001,what is the weather like in jamaica?,msmarco-passage/train,ielabgroup/vec2text_gtr-base-st_corrector
1133167,how is the weather in jamaica,in — the weather is jamaic in the tephra (block rains) and it is cold in the tephra (,KernelDensityGECO,50,0.001,how is the weather in jamaica in,msmarco-passage/train,ielabgroup/vec2text_gtr-base-st_corrector
1133167,how is the weather in jamaica,- in jamaica - weather is cycloneic (Fallenic) and temperatures remain cool until rain falls (Fallen,KernelDensityGECO,50,0.001,weather in jamaica,msmarco-passage/train,ielabgroup/vec2text_gtr-base-st_corrector
1133167,how is the weather in jamaica,- in jamaica - weather is cycloneic (Fallenic) and temperatures remain cool until rain falls (Fallen,KernelDensityGECO,50,0.001,weather in jamaica,msmarco-passage/train,ielabgroup/vec2text_gtr-base-st_corrector
1133167,how is the weather in jamaica,in — the weather is jamaic in the tephra (block rains) and it is cold in the tephra (,KernelDensityGECO,50,0.001,how is the weather in jamaica in,msmarco-passage/train,ielabgroup/vec2text_gtr-base-st_corrector
1133167,how is the weather in jamaica,- in jamaica - weather is cycloneic (Fallenic) and temperatures remain cool until rain falls (Fallen,KernelDensityGECO,50,0.001,weather in jamaica,msmarco-passage/train,ielabgroup/vec2text_gtr-base-st_corrector
1133167,how is the weather in jamaica,- in jamaica - weather is cycloneic (Fallenic) and temperatures remain cool until rain falls (Fallen,KernelDensityGECO,50,0.001,weather in jamaica,msmarco-passage/train,ielabgroup/vec2text_gtr-base-st_corrector
1133167,how is the weather in jamaica,in — the weather is jamaic in the tephra (block rains) and it is cold in the tephra (,KernelDensityGECO,50,0.001,how is the weather in jamaica in,msmarco-passage/train,ielabgroup/vec2text_gtr-base-st_corrector
1133167,how is the weather in jamaica,in — the weather is jamaic in the tephra (block rains) and it is cold in the tephra (,KernelDensityGECO,50,0.001,how is the weather in jamaica in,msmarco-passage/train,ielabgroup/vec2text_gtr-base-st_corrector
1133167,how is the weather in jamaica,in — the weather is jamaic in the tephra (block rains) and it is cold in the tephra (,KernelDensityGECO,50,0.001,how is the weather in jamaica in,msmarco-passage/train,ielabgroup/vec2text_gtr-base-st_corrector
527433,types of dysarthria from cerebral palsy,"differential diagnosis of Crohn's disease by detecting a number of gastrointestinal conditions (e.g., craniopausal disease",KernelDensityGECO,50,0.001,differential diagnosis of crohn's disease,msmarco-passage/train,ielabgroup/vec2text_gtr-base-st_corrector
527433,types of dysarthria from cerebral palsy,Dysplasia (dislocysma) Dysplasia is a condition in the colon and escoli,KernelDensityGECO,50,0.001,what is dysplasia in colon,msmarco-passage/train,ielabgroup/vec2text_gtr-base-st_corrector
527433,types of dysarthria from cerebral palsy,type of dysarthria is s ploma or arthrotic type (in the syscopenia type).,KernelDensityGECO,50,0.001,type of dysarthria in pls,msmarco-passage/train,ielabgroup/vec2text_gtr-base-st_corrector
527433,types of dysarthria from cerebral palsy,type of dysarthria is s ploma or arthrotic type (in the syscopenia type).,KernelDensityGECO,50,0.001,type of dysarthria in pls,msmarco-passage/train,ielabgroup/vec2text_gtr-base-st_corrector
527433,types of dysarthria from cerebral palsy,type of dysarthria is s ploma or arthrotic type (in the syscopenia type).,KernelDensityGECO,50,0.001,type of dysarthria in pls,msmarco-passage/train,ielabgroup/vec2text_gtr-base-st_corrector
527433,types of dysarthria from cerebral palsy,"three main types of cerebral palsy, namely, cervix scapularis, cervix disseminated",KernelDensityGECO,50,0.001,three main types of cerebral palsy,msmarco-passage/train,ielabgroup/vec2text_gtr-base-st_corrector
527433,types of dysarthria from cerebral palsy,type of dysarthria is s ploma or arthrotic type (in the syscopenia type).,KernelDensityGECO,50,0.001,type of dysarthria in pls,msmarco-passage/train,ielabgroup/vec2text_gtr-base-st_corrector
527433,types of dysarthria from cerebral palsy,"three main types of cerebral palsy, namely, cervix scapularis, cervix disseminated",KernelDensityGECO,50,0.001,three main types of cerebral palsy,msmarco-passage/train,ielabgroup/vec2text_gtr-base-st_corrector
527433,types of dysarthria from cerebral palsy,type of dysarthria is s ploma or arthrotic type (in the syscopenia type).,KernelDensityGECO,50,0.001,type of dysarthria in pls,msmarco-passage/train,ielabgroup/vec2text_gtr-base-st_corrector
527433,types of dysarthria from cerebral palsy,"types of traumatic fractures, the most recognizable types being: (1) A fracture of a splint, (2) A fracture of a",KernelDensityGECO,50,0.001,types of traumatic fractures,msmarco-passage/train,ielabgroup/vec2text_gtr-base-st_corrector
1037798,who is robert gray,"Bob Gaffinch, Laureate of Massachusetts and author of The Bob Gaffinch, known as Rob Grey, is a retired",KernelDensityGECO,50,0.001,who is rob grey,msmarco-passage/train,ielabgroup/vec2text_gtr-base-st_corrector
1037798,who is robert gray,"Bob Gaffinch, Laureate of Massachusetts and author of The Bob Gaffinch, known as Rob Grey, is a retired",KernelDensityGECO,50,0.001,who is rob grey,msmarco-passage/train,ielabgroup/vec2text_gtr-base-st_corrector
1037798,who is robert gray,"Bob Gaffinch, Laureate of Massachusetts and author of The Bob Gaffinch, known as Rob Grey, is a retired",KernelDensityGECO,50,0.001,who is rob grey,msmarco-passage/train,ielabgroup/vec2text_gtr-base-st_corrector
1037798,who is robert gray,"Bob Gaffinch, Laureate of Massachusetts and author of The Bob Gaffinch, known as Rob Grey, is a retired",KernelDensityGECO,50,0.001,who is rob grey,msmarco-passage/train,ielabgroup/vec2text_gtr-base-st_corrector
1037798,who is robert gray,"Bob Gaffinch, Laureate of Massachusetts and author of The Bob Gaffinch, known as Rob Grey, is a retired",KernelDensityGECO,50,0.001,who is rob grey,msmarco-passage/train,ielabgroup/vec2text_gtr-base-st_corrector
1037798,who is robert gray,"Bob Gaffinch, Laureate of Massachusetts and author of The Bob Gaffinch, known as Rob Grey, is a retired",KernelDensityGECO,50,0.001,who is rob grey,msmarco-passage/train,ielabgroup/vec2text_gtr-base-st_corrector
1037798,who is robert gray,"Bob Gaffinch, Laureate of Massachusetts and author of The Bob Gaffinch, known as Rob Grey, is a retired",KernelDensityGECO,50,0.001,who is rob grey,msmarco-passage/train,ielabgroup/vec2text_gtr-base-st_corrector
1037798,who is robert gray,"Bob Gaffinch, Laureate of Massachusetts and author of The Bob Gaffinch, known as Rob Grey, is a retired",KernelDensityGECO,50,0.001,who is rob grey,msmarco-passage/train,ielabgroup/vec2text_gtr-base-st_corrector
1037798,who is robert gray,"'Bobby', a son of a politician, and a former PGA player, Bobmie, who is now known",KernelDensityGECO,50,0.001,who is bobby,msmarco-passage/train,ielabgroup/vec2text_gtr-base-st_corrector
1037798,who is robert gray,"Bob Gaffinch, Laureate of Massachusetts and author of The Bob Gaffinch, known as Rob Grey, is a retired",KernelDensityGECO,50,0.001,who is rob grey,msmarco-passage/train,ielabgroup/vec2text_gtr-base-st_corrector
915593,what types of food can you cook sous vide,"a safe food, e.g., salmon, beef, and broccoli, if it is safe to eat despite the food contamination",KernelDensityGECO,50,0.001,what food is safe to eat,msmarco-passage/train,ielabgroup/vec2text_gtr-base-st_corrector
915593,what types of food can you cook sous vide,"sardines. Pepper, boiled potatoes, or chardonut squash are a good vegetable for sous vide for a long time",KernelDensityGECO,50,0.001,which vegetable is great for sous vide,msmarco-passage/train,ielabgroup/vec2text_gtr-base-st_corrector
915593,what types of food can you cook sous vide,"sardines. Pepper, boiled potatoes, or chardonut squash are a good vegetable for sous vide for a long time",KernelDensityGECO,50,0.001,which vegetable is great for sous vide,msmarco-passage/train,ielabgroup/vec2text_gtr-base-st_corrector
915593,what types of food can you cook sous vide,eat a list of foods based on your blood type and a list of foods you eat to differ from oats and truffle,KernelDensityGECO,50,0.001,eat different foods for your blood type list,msmarco-passage/train,ielabgroup/vec2text_gtr-base-st_corrector
915593,what types of food can you cook sous vide,"foods in your body, you can eat a lot of erotonin and cortisol to produce serotonin in your",KernelDensityGECO,50,0.001,what foods can you eat to produce serotonin in the body,msmarco-passage/train,ielabgroup/vec2text_gtr-base-st_corrector
915593,what types of food can you cook sous vide,"sardines. Pepper, boiled potatoes, or chardonut squash are a good vegetable for sous vide for a long time",KernelDensityGECO,50,0.001,which vegetable is great for sous vide,msmarco-passage/train,ielabgroup/vec2text_gtr-base-st_corrector
915593,what types of food can you cook sous vide,"sardines. Pepper, boiled potatoes, or chardonut squash are a good vegetable for sous vide for a long time",KernelDensityGECO,50,0.001,which vegetable is great for sous vide,msmarco-passage/train,ielabgroup/vec2text_gtr-base-st_corrector
915593,what types of food can you cook sous vide,"foods on a mediterranean diet, you can eat a lot of mucifalus and you can eat",KernelDensityGECO,50,0.001,foods you can eat on mediterranean diet,msmarco-passage/train,ielabgroup/vec2text_gtr-base-st_corrector
915593,what types of food can you cook sous vide,"foods you can dehydrate, such as ice cream, grilled cheese, guarini, or cala fruit, you can de",KernelDensityGECO,50,0.001,what foods can i dehydrate,msmarco-passage/train,ielabgroup/vec2text_gtr-base-st_corrector
915593,what types of food can you cook sous vide,"eat a diet of a Hg food (feces, lard, or sugar) such as fetal fruits can",KernelDensityGECO,50,0.001,what kind of food can i eat on the hcg diet,msmarco-passage/train,ielabgroup/vec2text_gtr-base-st_corrector
264014,how long is life cycle of flea,"starting with a single worm infestation, a flea is a life cycle of 8 to 14 years and a life cycle continues until",KernelDensityGECO,50,0.001,how long is a flea life cycle,msmarco-passage/train,ielabgroup/vec2text_gtr-base-st_corrector
264014,how long is life cycle of flea,"starting with a single worm infestation, a flea is a life cycle of 8 to 14 years and a life cycle continues until",KernelDensityGECO,50,0.001,how long is a flea life cycle,msmarco-passage/train,ielabgroup/vec2text_gtr-base-st_corrector
264014,how long is life cycle of flea,"starting with a single worm infestation, a flea is a life cycle of 8 to 14 years and a life cycle continues until",KernelDensityGECO,50,0.001,how long is a flea life cycle,msmarco-passage/train,ielabgroup/vec2text_gtr-base-st_corrector
264014,how long is life cycle of flea,"starting with a single worm infestation, a flea is a life cycle of 8 to 14 years and a life cycle continues until",KernelDensityGECO,50,0.001,how long is a flea life cycle,msmarco-passage/train,ielabgroup/vec2text_gtr-base-st_corrector
264014,how long is life cycle of flea,"starting with a single worm infestation, a flea is a life cycle of 8 to 14 years and a life cycle continues until",KernelDensityGECO,50,0.001,how long is a flea life cycle,msmarco-passage/train,ielabgroup/vec2text_gtr-base-st_corrector
264014,how long is life cycle of flea,"starting with a single worm infestation, a flea is a life cycle of 8 to 14 years and a life cycle continues until",KernelDensityGECO,50,0.001,how long is a flea life cycle,msmarco-passage/train,ielabgroup/vec2text_gtr-base-st_corrector
264014,how long is life cycle of flea,"starting with a single worm infestation, a flea is a life cycle of 8 to 14 years and a life cycle continues until",KernelDensityGECO,50,0.001,how long is a flea life cycle,msmarco-passage/train,ielabgroup/vec2text_gtr-base-st_corrector
264014,how long is life cycle of flea,"in a cycle of infestation, the life cycle of fleas (Feas) is divided and begins until they are a clean",KernelDensityGECO,50,0.001,what is the life cycle of fleas,msmarco-passage/train,ielabgroup/vec2text_gtr-base-st_corrector
264014,how long is life cycle of flea,"starting with a single worm infestation, a flea is a life cycle of 8 to 14 years and a life cycle continues until",KernelDensityGECO,50,0.001,how long is a flea life cycle,msmarco-passage/train,ielabgroup/vec2text_gtr-base-st_corrector
264014,how long is life cycle of flea,"starting with a single worm infestation, a flea is a life cycle of 8 to 14 years and a life cycle continues until",KernelDensityGECO,50,0.001,how long is a flea life cycle,msmarco-passage/train,ielabgroup/vec2text_gtr-base-st_corrector
1121402,what can contour plowing reduce,it produces clorosovitrosoficial ridges. Conealum is what contour plowing is able to,KernelDensityGECO,50,0.001,what does contour plowing produce,msmarco-passage/train,ielabgroup/vec2text_gtr-base-st_corrector
1121402,what can contour plowing reduce,it produces clorosovitrosoficial ridges. Conealum is what contour plowing is able to,KernelDensityGECO,50,0.001,what does contour plowing produce,msmarco-passage/train,ielabgroup/vec2text_gtr-base-st_corrector
1121402,what can contour plowing reduce,contour plowing - a definition of plow plowing - is a force on the surface of a hard landscaping device (OS,KernelDensityGECO,50,0.001,contour plowing definition,msmarco-passage/train,ielabgroup/vec2text_gtr-base-st_corrector
1121402,what can contour plowing reduce,it produces clorosovitrosoficial ridges. Conealum is what contour plowing is able to,KernelDensityGECO,50,0.001,what does contour plowing produce,msmarco-passage/train,ielabgroup/vec2text_gtr-base-st_corrector
1121402,what can contour plowing reduce,contour plowing - a definition of plow plowing - is a force on the surface of a hard landscaping device (OS,KernelDensityGECO,50,0.001,contour plowing definition,msmarco-passage/train,ielabgroup/vec2text_gtr-base-st_corrector
1121402,what can contour plowing reduce,contour plowing - a definition of plow plowing - is a force on the surface of a hard landscaping device (OS,KernelDensityGECO,50,0.001,contour plowing definition,msmarco-passage/train,ielabgroup/vec2text_gtr-base-st_corrector
1121402,what can contour plowing reduce,contour plowing - a definition of plow plowing - is a force on the surface of a hard landscaping device (OS,KernelDensityGECO,50,0.001,contour plowing definition,msmarco-passage/train,ielabgroup/vec2text_gtr-base-st_corrector
1121402,what can contour plowing reduce,contour plowing - a definition of plow plowing - is a force on the surface of a hard landscaping device (OS,KernelDensityGECO,50,0.001,contour plowing definition,msmarco-passage/train,ielabgroup/vec2text_gtr-base-st_corrector
1121402,what can contour plowing reduce,contour tv is a new-generation high-definition television (CRT) that is a flagship program of DIRECTOR TV,KernelDensityGECO,50,0.001,what is contour tv,msmarco-passage/train,ielabgroup/vec2text_gtr-base-st_corrector
1121402,what can contour plowing reduce,contour plowing - a definition of plow plowing - is a force on the surface of a hard landscaping device (OS,KernelDensityGECO,50,0.001,contour plowing definition,msmarco-passage/train,ielabgroup/vec2text_gtr-base-st_corrector
962179,when was the salvation army founded,"founded in Saratoga, Vermont, United States, as a labor charity, the Salvation Army was established, where salvation army came to be",KernelDensityGECO,50,0.001,where was the salvation army established,msmarco-passage/train,ielabgroup/vec2text_gtr-base-st_corrector
962179,when was the salvation army founded,"founded in Saratoga, Vermont, United States, as a labor charity, the Salvation Army was established, where salvation army came to be",KernelDensityGECO,50,0.001,where was the salvation army established,msmarco-passage/train,ielabgroup/vec2text_gtr-base-st_corrector
962179,when was the salvation army founded,"in 1989, Sema garage opened on May 1st at a new building housing a car park and a commercial open space bike club",KernelDensityGECO,50,0.001,when did sema garage open,msmarco-passage/train,ielabgroup/vec2text_gtr-base-st_corrector
962179,when was the salvation army founded,"on the ephemeral date of the U.S. Social Security application for tax benefits, 1764, and was the first number",KernelDensityGECO,50,0.001,when was the first social security number,msmarco-passage/train,ielabgroup/vec2text_gtr-base-st_corrector
962179,when was the salvation army founded,"year 1963, and a large force of ambassador personnel (A.N.A.R. 2249) was established to administer ambassadorships established",KernelDensityGECO,50,0.001,what year was ambassador personnel established,msmarco-passage/train,ielabgroup/vec2text_gtr-base-st_corrector
962179,when was the salvation army founded,"starting in the year of the acquiescence and the year of the fall, in 1954, the U.S. military academy was established",KernelDensityGECO,50,0.001,in what year was the u.s. military academy established,msmarco-passage/train,ielabgroup/vec2text_gtr-base-st_corrector
962179,when was the salvation army founded,"founded in Saratoga, Vermont, United States, as a labor charity, the Salvation Army was established, where salvation army came to be",KernelDensityGECO,50,0.001,where was the salvation army established,msmarco-passage/train,ielabgroup/vec2text_gtr-base-st_corrector
962179,when was the salvation army founded,"founded in Saratoga, Vermont, United States, as a labor charity, the Salvation Army was established, where salvation army came to be",KernelDensityGECO,50,0.001,where was the salvation army established,msmarco-passage/train,ielabgroup/vec2text_gtr-base-st_corrector
962179,when was the salvation army founded,made $138.4 million a year Salvation Army saved last year sales and the other 88.4 million a year in total sales,KernelDensityGECO,50,0.001,how much salvation army gross last year,msmarco-passage/train,ielabgroup/vec2text_gtr-base-st_corrector
962179,when was the salvation army founded,from the day of the first (July 9 to June 28) and on the following day (July 27) the Secession convention started,KernelDensityGECO,50,0.001,what day did the secession convention start,msmarco-passage/train,ielabgroup/vec2text_gtr-base-st_corrector
1117099,what is a active margin,"where a passive plate margin is located, there is a single-sided margin of plate  and a single margin of plate  and",KernelDensityGECO,50,0.001,where is a passive plate margin,msmarco-passage/train,ielabgroup/vec2text_gtr-base-st_corrector
1117099,what is a active margin,Active footnotes Active Footnotes (        ) are a prominent note,KernelDensityGECO,50,0.001,what are active footnotes,msmarco-passage/train,ielabgroup/vec2text_gtr-base-st_corrector
1117099,what is a active margin,Active defense defined,KernelDensityGECO,50,0.001,active defense definition,msmarco-passage/train,ielabgroup/vec2text_gtr-base-st_corrector
1117099,what is a active margin,Active risk       (also known as active risk) is a share of investments on cash dividends,KernelDensityGECO,50,0.001,what is active risk?,msmarco-passage/train,ielabgroup/vec2text_gtr-base-st_corrector
1117099,what is a active margin,what is a difference between an active continental margin and a passive continental margin (or a difference between the two equator margins).,KernelDensityGECO,50,0.001,what is the difference between an active continental margin and a passive continental margin?,msmarco-passage/train,ielabgroup/vec2text_gtr-base-st_corrector
1117099,what is a active margin,Active ball-season active ball-season active ball (also known as active clip) is a patented ball-s,KernelDensityGECO,50,0.001,what is active clip,msmarco-passage/train,ielabgroup/vec2text_gtr-base-st_corrector
1117099,what is a active margin,Active under contract (US:        ) means that an individual in realty,KernelDensityGECO,50,0.001,what does active under contract mean in realty,msmarco-passage/train,ielabgroup/vec2text_gtr-base-st_corrector
1117099,what is a active margin,"Active is a pheromone that uses a combination of oxygen, water, carbon and hydrogens known as an active atom",KernelDensityGECO,50,0.001,what is active,msmarco-passage/train,ielabgroup/vec2text_gtr-base-st_corrector
1117099,what is a active margin,"the IRS, e.g., US Tax and Relating to Individuals, active participation is defined as ""active participation by active s",KernelDensityGECO,50,0.001,irs definition of active participation,msmarco-passage/train,ielabgroup/vec2text_gtr-base-st_corrector
1117099,what is a active margin,"margin of accounting (Financial Accounting)        , defined safety margin of",KernelDensityGECO,50,0.001,define margin of safety accounting,msmarco-passage/train,ielabgroup/vec2text_gtr-base-st_corrector
148538,difference between rn and bsn,RN bsn bsn (Nurses and Applied Biomedical bsn) is a field of nursing,KernelDensityGECO,50,0.001,what is nursing rn bsn,msmarco-passage/train,ielabgroup/vec2text_gtr-base-st_corrector
148538,difference between rn and bsn,a difference between a bn  rsn and a bn  rsn,KernelDensityGECO,50,0.001,what's the difference between an rn and a bsn,msmarco-passage/train,ielabgroup/vec2text_gtr-base-st_corrector
148538,difference between rn and bsn,a comparison between bsn / rsn / bsn / bsn / bs,KernelDensityGECO,50,0.001,comparing rn and bsn: what's the difference,msmarco-passage/train,ielabgroup/vec2text_gtr-base-st_corrector
148538,difference between rn and bsn,a bsn (Bsn) is a difference between a bn and a RN,KernelDensityGECO,50,0.001,what is the difference between a bsn and rn,msmarco-passage/train,ielabgroup/vec2text_gtr-base-st_corrector
148538,difference between rn and bsn,a difference between a bn  rsn and a bn  rsn,KernelDensityGECO,50,0.001,what's the difference between an rn and a bsn,msmarco-passage/train,ielabgroup/vec2text_gtr-base-st_corrector
148538,difference between rn and bsn,a bsn (Bsn) is a difference between a bn and a RN,KernelDensityGECO,50,0.001,what is the difference between a bsn and rn,msmarco-passage/train,ielabgroup/vec2text_gtr-base-st_corrector
148538,difference between rn and bsn,a difference between a bn  rsn and a bn  rsn,KernelDensityGECO,50,0.001,what's the difference between an rn and a bsn,msmarco-passage/train,ielabgroup/vec2text_gtr-base-st_corrector
148538,difference between rn and bsn,a bsn (Bsn) is a difference between a bn and a RN,KernelDensityGECO,50,0.001,what is the difference between a bsn and rn,msmarco-passage/train,ielabgroup/vec2text_gtr-base-st_corrector
148538,difference between rn and bsn,a bsn (Bsn) is a difference between a bn and a RN,KernelDensityGECO,50,0.001,what is the difference between a bsn and rn,msmarco-passage/train,ielabgroup/vec2text_gtr-base-st_corrector
148538,difference between rn and bsn,a bsn (Bsn) is a difference between a bn and a RN,KernelDensityGECO,50,0.001,what is the difference between a bsn and rn,msmarco-passage/train,ielabgroup/vec2text_gtr-base-st_corrector
451602,medicare's definition of mechanical ventilation,definition of CMS. Mechanical ventilation Mechanical ventilation of a pulmonary occlusion and dissipation (ME) is the medical continuity,KernelDensityGECO,50,0.001,cms definition of mechanical ventilation,msmarco-passage/train,ielabgroup/vec2text_gtr-base-st_corrector
451602,medicare's definition of mechanical ventilation,definition of CMS. Mechanical ventilation Mechanical ventilation of a pulmonary occlusion and dissipation (ME) is the medical continuity,KernelDensityGECO,50,0.001,cms definition of mechanical ventilation,msmarco-passage/train,ielabgroup/vec2text_gtr-base-st_corrector
451602,medicare's definition of mechanical ventilation,"a ventilation system is a system of mechanical ventilation, or mechanical ventilation ventilation, which is a mechanism to keep the pulmonary pressure closed and",KernelDensityGECO,50,0.001,what is a mechanical ventilation system,msmarco-passage/train,ielabgroup/vec2text_gtr-base-st_corrector
451602,medicare's definition of mechanical ventilation,"a ventilation system is a system of mechanical ventilation, or mechanical ventilation ventilation, which is a mechanism to keep the pulmonary pressure closed and",KernelDensityGECO,50,0.001,what is a mechanical ventilation system,msmarco-passage/train,ielabgroup/vec2text_gtr-base-st_corrector
451602,medicare's definition of mechanical ventilation,definition of CMS. Mechanical ventilation Mechanical ventilation of a pulmonary occlusion and dissipation (ME) is the medical continuity,KernelDensityGECO,50,0.001,cms definition of mechanical ventilation,msmarco-passage/train,ielabgroup/vec2text_gtr-base-st_corrector
451602,medicare's definition of mechanical ventilation,"a ventilation system is a system of mechanical ventilation, or mechanical ventilation ventilation, which is a mechanism to keep the pulmonary pressure closed and",KernelDensityGECO,50,0.001,what is a mechanical ventilation system,msmarco-passage/train,ielabgroup/vec2text_gtr-base-st_corrector
451602,medicare's definition of mechanical ventilation,definition of CMS. Mechanical ventilation Mechanical ventilation of a pulmonary occlusion and dissipation (ME) is the medical continuity,KernelDensityGECO,50,0.001,cms definition of mechanical ventilation,msmarco-passage/train,ielabgroup/vec2text_gtr-base-st_corrector
451602,medicare's definition of mechanical ventilation,definition of CMS. Mechanical ventilation Mechanical ventilation of a pulmonary occlusion and dissipation (ME) is the medical continuity,KernelDensityGECO,50,0.001,cms definition of mechanical ventilation,msmarco-passage/train,ielabgroup/vec2text_gtr-base-st_corrector
451602,medicare's definition of mechanical ventilation,definition of CMS. Mechanical ventilation Mechanical ventilation of a pulmonary occlusion and dissipation (ME) is the medical continuity,KernelDensityGECO,50,0.001,cms definition of mechanical ventilation,msmarco-passage/train,ielabgroup/vec2text_gtr-base-st_corrector
451602,medicare's definition of mechanical ventilation,definition of CMS. Mechanical ventilation Mechanical ventilation of a pulmonary occlusion and dissipation (ME) is the medical continuity,KernelDensityGECO,50,0.001,cms definition of mechanical ventilation,msmarco-passage/train,ielabgroup/vec2text_gtr-base-st_corrector
359349,how to find the midsegment of a trapezoid,"to find the length of segments from a -equivalent -equivalent, find midpoint length of a segment",KernelDensityGECO,50,0.001,how to find the length in midpoint of segments,msmarco-passage/train,ielabgroup/vec2text_gtr-base-st_corrector
359349,how to find the midsegment of a trapezoid,"Using a mathema-druv, find midsegment. This means that the min. of 1m.",KernelDensityGECO,50,0.001,how to find midsegment,msmarco-passage/train,ielabgroup/vec2text_gtr-base-st_corrector
359349,how to find the midsegment of a trapezoid,"Using a mathema-druv, find midsegment. This means that the min. of 1m.",KernelDensityGECO,50,0.001,how to find midsegment,msmarco-passage/train,ielabgroup/vec2text_gtr-base-st_corrector
359349,how to find the midsegment of a trapezoid,the order of the -systyagon - -betazon - trapezoi,KernelDensityGECO,50,0.001,the order of the trapezoid,msmarco-passage/train,ielabgroup/vec2text_gtr-base-st_corrector
359349,how to find the midsegment of a trapezoid,"Using a mathema-druv, find midsegment. This means that the min. of 1m.",KernelDensityGECO,50,0.001,how to find midsegment,msmarco-passage/train,ielabgroup/vec2text_gtr-base-st_corrector
359349,how to find the midsegment of a trapezoid,"Using a mathema-druv, find midsegment. This means that the min. of 1m.",KernelDensityGECO,50,0.001,how to find midsegment,msmarco-passage/train,ielabgroup/vec2text_gtr-base-st_corrector
359349,how to find the midsegment of a trapezoid,"Using a mathema-druv, find midsegment. This means that the min. of 1m.",KernelDensityGECO,50,0.001,how to find midsegment,msmarco-passage/train,ielabgroup/vec2text_gtr-base-st_corrector
359349,how to find the midsegment of a trapezoid,"Using a mathema-druv, find midsegment. This means that the min. of 1m.",KernelDensityGECO,50,0.001,how to find midsegment,msmarco-passage/train,ielabgroup/vec2text_gtr-base-st_corrector
359349,how to find the midsegment of a trapezoid,"Using a mathema-druv, find midsegment. This means that the min. of 1m.",KernelDensityGECO,50,0.001,how to find midsegment,msmarco-passage/train,ielabgroup/vec2text_gtr-base-st_corrector
359349,how to find the midsegment of a trapezoid,Find the square of a pyramid by calculating the lateral area of the square of a pyramid and the lateral shape of,KernelDensityGECO,50,0.001,how to find the lateral area of a square pyramid,msmarco-passage/train,ielabgroup/vec2text_gtr-base-st_corrector
1115776,what is an aml surveillance analyst,aggravated stalking (adjudicious stalking or groping and pseudo-serial stalking,KernelDensityGECO,50,0.001,what is aggravated stalking,msmarco-passage/train,ielabgroup/vec2text_gtr-base-st_corrector
1115776,what is an aml surveillance analyst,are connected to each other. Connectors IAM (connectors) are a series of,KernelDensityGECO,50,0.001,what are connectors iam,msmarco-passage/train,ielabgroup/vec2text_gtr-base-st_corrector
1115776,what is an aml surveillance analyst,The role of a aml analyst is to analyze the aml value and the corresponding aml stock,KernelDensityGECO,50,0.001,what is the role of a aml analyst,msmarco-passage/train,ielabgroup/vec2text_gtr-base-st_corrector
1115776,what is an aml surveillance analyst,The role of a aml analyst is to analyze the aml value and the corresponding aml stock,KernelDensityGECO,50,0.001,what is the role of a aml analyst,msmarco-passage/train,ielabgroup/vec2text_gtr-base-st_corrector
1115776,what is an aml surveillance analyst,The role of a aml analyst is to analyze the aml value and the corresponding aml stock,KernelDensityGECO,50,0.001,what is the role of a aml analyst,msmarco-passage/train,ielabgroup/vec2text_gtr-base-st_corrector
1115776,what is an aml surveillance analyst,The role of a aml analyst is to analyze the aml value and the corresponding aml stock,KernelDensityGECO,50,0.001,what is the role of a aml analyst,msmarco-passage/train,ielabgroup/vec2text_gtr-base-st_corrector
1115776,what is an aml surveillance analyst,(known as Spotlight Radar) stalker radar is a radar that detects the,KernelDensityGECO,50,0.001,what is stalker radar,msmarco-passage/train,ielabgroup/vec2text_gtr-base-st_corrector
1115776,what is an aml surveillance analyst,"(AmL) stands for Accounting Merit Number, and the corresponding levy is calculated by the Frequently Used Accounting Bulletin of the Company",KernelDensityGECO,50,0.001,what does aml stand for in accounting,msmarco-passage/train,ielabgroup/vec2text_gtr-base-st_corrector
1115776,what is an aml surveillance analyst,The role of a aml analyst is to analyze the aml value and the corresponding aml stock,KernelDensityGECO,50,0.001,what is the role of a aml analyst,msmarco-passage/train,ielabgroup/vec2text_gtr-base-st_corrector
1115776,what is an aml surveillance analyst,The role of a aml analyst is to analyze the aml value and the corresponding aml stock,KernelDensityGECO,50,0.001,what is the role of a aml analyst,msmarco-passage/train,ielabgroup/vec2text_gtr-base-st_corrector
1112341,what is the daily life of thai people,YOGI lifestyle (or Ygi lifestyle) is a lifestyle that enables a person to enjoy a healthy food,KernelDensityGECO,50,0.001,what is a yogi lifestyle,msmarco-passage/train,ielabgroup/vec2text_gtr-base-st_corrector
1112341,what is the daily life of thai people,"a budget of 1m, travel costs 1m or 1m. Travelling to Thailand-Thailand cost",KernelDensityGECO,50,0.001,traveling thailand cost,msmarco-passage/train,ielabgroup/vec2text_gtr-base-st_corrector
1112341,what is the daily life of thai people,"what is a thai business culture in Thailand is similar to a thai culture, and it is expected to be hum",KernelDensityGECO,50,0.001,what is thailand business culture like,msmarco-passage/train,ielabgroup/vec2text_gtr-base-st_corrector
1112341,what is the daily life of thai people,"name for Thailand, but ' ' ' ' ' ' ' ' ' is another name for thail",KernelDensityGECO,50,0.001,another name for thailand,msmarco-passage/train,ielabgroup/vec2text_gtr-base-st_corrector
1112341,what is the daily life of thai people,daily care (as a result of daily care of odors and nutrients) — commonly defined as daily care of food,KernelDensityGECO,50,0.001,define daily care,msmarco-passage/train,ielabgroup/vec2text_gtr-base-st_corrector
1112341,what is the daily life of thai people,"about the thymus, which is true about the thymus, is that it is a mechanism of the Rhysidium",KernelDensityGECO,50,0.001,what is true about the thymus,msmarco-passage/train,ielabgroup/vec2text_gtr-base-st_corrector
1112341,what is the daily life of thai people,"when a U.K. citizen can stay in the UK for a duration of 10.5 years, a Thai citizen can stay in the UK",KernelDensityGECO,50,0.001,how long can a uk citizen stay in thailand,msmarco-passage/train,ielabgroup/vec2text_gtr-base-st_corrector
1112341,what is the daily life of thai people,"what is a thai business culture in Thailand is similar to a thai culture, and it is expected to be hum",KernelDensityGECO,50,0.001,what is thailand business culture like,msmarco-passage/train,ielabgroup/vec2text_gtr-base-st_corrector
1112341,what is the daily life of thai people,significance because cim dith pran's work in Cameroon was a work of a pious person in Vietnam,KernelDensityGECO,50,0.001,why was dith pran's work in cambodia significant?,msmarco-passage/train,ielabgroup/vec2text_gtr-base-st_corrector
1112341,what is the daily life of thai people,"wage wage in Thailand (Thailand) averaged at a salary of 1,500mao and 1,500ma",KernelDensityGECO,50,0.001,average wage in thailand,msmarco-passage/train,ielabgroup/vec2text_gtr-base-st_corrector
131843,definition of a sigmet,Sigmet (        ): a central and universal symbolism,KernelDensityGECO,50,0.001,define sigmet,msmarco-passage/train,ielabgroup/vec2text_gtr-base-st_corrector
131843,definition of a sigmet,Sigmet (        ): a central and universal symbolism,KernelDensityGECO,50,0.001,define sigmet,msmarco-passage/train,ielabgroup/vec2text_gtr-base-st_corrector
131843,definition of a sigmet,Sigmet (        ): a central and universal symbolism,KernelDensityGECO,50,0.001,define sigmet,msmarco-passage/train,ielabgroup/vec2text_gtr-base-st_corrector
131843,definition of a sigmet,Sigmet (        ): a central and universal symbolism,KernelDensityGECO,50,0.001,define sigmet,msmarco-passage/train,ielabgroup/vec2text_gtr-base-st_corrector
131843,definition of a sigmet,Sigmet (        ): a central and universal symbolism,KernelDensityGECO,50,0.001,define sigmet,msmarco-passage/train,ielabgroup/vec2text_gtr-base-st_corrector
131843,definition of a sigmet,Sigmet (        ): a central and universal symbolism,KernelDensityGECO,50,0.001,define sigmet,msmarco-passage/train,ielabgroup/vec2text_gtr-base-st_corrector
131843,definition of a sigmet,Sigmet (        ): a central and universal symbolism,KernelDensityGECO,50,0.001,define sigmet,msmarco-passage/train,ielabgroup/vec2text_gtr-base-st_corrector
131843,definition of a sigmet,Sigmet (        ): a central and universal symbolism,KernelDensityGECO,50,0.001,define sigmet,msmarco-passage/train,ielabgroup/vec2text_gtr-base-st_corrector
131843,definition of a sigmet,Sigmet (        ): a central and universal symbolism,KernelDensityGECO,50,0.001,define sigmet,msmarco-passage/train,ielabgroup/vec2text_gtr-base-st_corrector
131843,definition of a sigmet,Sigmet (        ): a central and universal symbolism,KernelDensityGECO,50,0.001,define sigmet,msmarco-passage/train,ielabgroup/vec2text_gtr-base-st_corrector
104861,cost of interior concrete flooring,"at a cost of $1,200 to $2,000 for home concrete flooring in homes and homes with a liquified flooring in the homes",KernelDensityGECO,50,0.001,cost of concrete flooring in homes,msmarco-passage/train,ielabgroup/vec2text_gtr-base-st_corrector
104861,cost of interior concrete flooring,"in homes at the cost of $160 - $200 a home, concrete floors in homes and in homes located in homes are a popular choice",KernelDensityGECO,50,0.001,cost of concrete floors in homes,msmarco-passage/train,ielabgroup/vec2text_gtr-base-st_corrector
104861,cost of interior concrete flooring,"on a hardwood floor, a jolly cactus or a neaver bark, concrete flooring cost $2 to $2",KernelDensityGECO,50,0.001,concrete flooring cost,msmarco-passage/train,ielabgroup/vec2text_gtr-base-st_corrector
104861,cost of interior concrete flooring,"weighing between $160–$200, install a concrete floor with a sloping floor and a low cost spher",KernelDensityGECO,50,0.001,cost of installing concrete floor,msmarco-passage/train,ielabgroup/vec2text_gtr-base-st_corrector
104861,cost of interior concrete flooring,"low cost of a rusty-grey paint joey or a haze-free paint, $120–$200",KernelDensityGECO,50,0.001,cost to paint garage floor,msmarco-passage/train,ielabgroup/vec2text_gtr-base-st_corrector
104861,cost of interior concrete flooring,"at a cost of $550 to $650 a floor, concrete floors, concrete stair treads, or concrete-coated vinyl floor boards",KernelDensityGECO,50,0.001,cost of concrete floors,msmarco-passage/train,ielabgroup/vec2text_gtr-base-st_corrector
104861,cost of interior concrete flooring,"from $1,500 to $1,500 to $1,500 to $2,000 to 2,000 to 3,000 do concrete floor or re-concrete",KernelDensityGECO,50,0.001,how much to do concrete floor,msmarco-passage/train,ielabgroup/vec2text_gtr-base-st_corrector
104861,cost of interior concrete flooring,"on a hardwood floor, a jolly cactus or a neaver bark, concrete flooring cost $2 to $2",KernelDensityGECO,50,0.001,concrete flooring cost,msmarco-passage/train,ielabgroup/vec2text_gtr-base-st_corrector
104861,cost of interior concrete flooring,$160–$200 - $160–$200 - cost of new concrete garage floor or grazed concrete jolly foot rubber,KernelDensityGECO,50,0.001,cost for new concrete garage floor,msmarco-passage/train,ielabgroup/vec2text_gtr-base-st_corrector
104861,cost of interior concrete flooring,"cost of $1,500 to $1,800 a stain on a uniform stained concrete floor or a color of lino",KernelDensityGECO,50,0.001,cost of stained concrete flooring,msmarco-passage/train,ielabgroup/vec2text_gtr-base-st_corrector
833860,what is the most popular food in switzerland,"food, such as wurkraut or swine, is prepared in Switzerland and it has a variety of food chains",KernelDensityGECO,50,0.001,what kind of food is in switzerland,msmarco-passage/train,ielabgroup/vec2text_gtr-base-st_corrector
833860,what is the most popular food in switzerland,"food, such as wurkraut or swine, is prepared in Switzerland and it has a variety of food chains",KernelDensityGECO,50,0.001,what kind of food is in switzerland,msmarco-passage/train,ielabgroup/vec2text_gtr-base-st_corrector
833860,what is the most popular food in switzerland,"food, such as wurkraut or swine, is prepared in Switzerland and it has a variety of food chains",KernelDensityGECO,50,0.001,what kind of food is in switzerland,msmarco-passage/train,ielabgroup/vec2text_gtr-base-st_corrector
833860,what is the most popular food in switzerland,"food style of Switzerland, and in Switzerland, its food style is a savanna-wurst-styled cheese",KernelDensityGECO,50,0.001,what is switzerland's food style,msmarco-passage/train,ielabgroup/vec2text_gtr-base-st_corrector
833860,what is the most popular food in switzerland,"food, such as wurkraut or swine, is prepared in Switzerland and it has a variety of food chains",KernelDensityGECO,50,0.001,what kind of food is in switzerland,msmarco-passage/train,ielabgroup/vec2text_gtr-base-st_corrector
833860,what is the most popular food in switzerland,"food, such as wurkraut or swine, is prepared in Switzerland and it has a variety of food chains",KernelDensityGECO,50,0.001,what kind of food is in switzerland,msmarco-passage/train,ielabgroup/vec2text_gtr-base-st_corrector
833860,what is the most popular food in switzerland,"food, such as wurkraut or swine, is prepared in Switzerland and it has a variety of food chains",KernelDensityGECO,50,0.001,what kind of food is in switzerland,msmarco-passage/train,ielabgroup/vec2text_gtr-base-st_corrector
833860,what is the most popular food in switzerland,"food, such as wurkraut or swine, is prepared in Switzerland and it has a variety of food chains",KernelDensityGECO,50,0.001,what kind of food is in switzerland,msmarco-passage/train,ielabgroup/vec2text_gtr-base-st_corrector
833860,what is the most popular food in switzerland,"food, such as wurkraut or swine, is prepared in Switzerland and it has a variety of food chains",KernelDensityGECO,50,0.001,what kind of food is in switzerland,msmarco-passage/train,ielabgroup/vec2text_gtr-base-st_corrector
833860,what is the most popular food in switzerland,"types of foods eaten in Italy, such as adolo, chowk, and bread, italic and tatalic",KernelDensityGECO,50,0.001,types of food eaten in italy,msmarco-passage/train,ielabgroup/vec2text_gtr-base-st_corrector
207786,how are some sharks warm blooded,"a person may suffer from a rash or a myocarditis, but using a heating pad can burn your skin as normal",KernelDensityGECO,50,0.001,can a heating pad burn your skin,msmarco-passage/train,ielabgroup/vec2text_gtr-base-st_corrector
207786,how are some sharks warm blooded,"a type of blood, mosquitoes like ivyotic aigine or aigine and are sk",KernelDensityGECO,50,0.001,what type of blood do mosquitoes like,msmarco-passage/train,ielabgroup/vec2text_gtr-base-st_corrector
207786,how are some sharks warm blooded,"people can be cold-blooded, as people with a cold blood can be a part of people with a blood clot disease",KernelDensityGECO,50,0.001,can people be cold blooded,msmarco-passage/train,ielabgroup/vec2text_gtr-base-st_corrector
207786,how are some sharks warm blooded,"a person with a cold, arthrical lint of blood can make them warm-blooded, as it is part",KernelDensityGECO,50,0.001,what makes a person warm blooded,msmarco-passage/train,ielabgroup/vec2text_gtr-base-st_corrector
207786,how are some sharks warm blooded,a seahorse are warm blooded or cold-blooded and cold seahorses can be a slightly warmer,KernelDensityGECO,50,0.001,are seahorses warm or cold blooded,msmarco-passage/train,ielabgroup/vec2text_gtr-base-st_corrector
207786,how are some sharks warm blooded,"how warm blooded animals generate heat, i.e. by evaporating a few millions of rays of sunlight.",KernelDensityGECO,50,0.001,how do warm blooded animals generate heat?,msmarco-passage/train,ielabgroup/vec2text_gtr-base-st_corrector
207786,how are some sharks warm blooded,"a person with a cold, arthrical lint of blood can make them warm-blooded, as it is part",KernelDensityGECO,50,0.001,what makes a person warm blooded,msmarco-passage/train,ielabgroup/vec2text_gtr-base-st_corrector
207786,how are some sharks warm blooded,a seahorse are warm blooded or cold-blooded and cold seahorses can be a slightly warmer,KernelDensityGECO,50,0.001,are seahorses warm or cold blooded,msmarco-passage/train,ielabgroup/vec2text_gtr-base-st_corrector
207786,how are some sharks warm blooded,"a person with a cold, arthrical lint of blood can make them warm-blooded, as it is part",KernelDensityGECO,50,0.001,what makes a person warm blooded,msmarco-passage/train,ielabgroup/vec2text_gtr-base-st_corrector
207786,how are some sharks warm blooded,if humans are warm-blooded or cold-blooded or if humans are red-blooded or cold-breasted,KernelDensityGECO,50,0.001,are humans warm blooded or cold blooded,msmarco-passage/train,ielabgroup/vec2text_gtr-base-st_corrector
1114819,what is durable medical equipment consist of,"of durable medical equipment (Medicinal Equipment or DUTY medical equipment) is a medical device that is durable, a medium to which the contaminants",KernelDensityGECO,50,0.001,what is durable medical equipment,msmarco-passage/train,ielabgroup/vec2text_gtr-base-st_corrector
1114819,what is durable medical equipment consist of,"of durable medical equipment (Medicinal Equipment or DUTY medical equipment) is a medical device that is durable, a medium to which the contaminants",KernelDensityGECO,50,0.001,what is durable medical equipment,msmarco-passage/train,ielabgroup/vec2text_gtr-base-st_corrector
1114819,what is durable medical equipment consist of,"of durable medical equipment (Medicinal Equipment or DUTY medical equipment) is a medical device that is durable, a medium to which the contaminants",KernelDensityGECO,50,0.001,what is durable medical equipment,msmarco-passage/train,ielabgroup/vec2text_gtr-base-st_corrector
1114819,what is durable medical equipment consist of,"of durable medical equipment (Medicinal Equipment or DUTY medical equipment) is a medical device that is durable, a medium to which the contaminants",KernelDensityGECO,50,0.001,what is durable medical equipment,msmarco-passage/train,ielabgroup/vec2text_gtr-base-st_corrector
1114819,what is durable medical equipment consist of,"of durable medical equipment (Medicinal Equipment or DUTY medical equipment) is a medical device that is durable, a medium to which the contaminants",KernelDensityGECO,50,0.001,what is durable medical equipment,msmarco-passage/train,ielabgroup/vec2text_gtr-base-st_corrector
1114819,what is durable medical equipment consist of,"of durable medical equipment (Medicinal Equipment or DUTY medical equipment) is a medical device that is durable, a medium to which the contaminants",KernelDensityGECO,50,0.001,what is durable medical equipment,msmarco-passage/train,ielabgroup/vec2text_gtr-base-st_corrector
1114819,what is durable medical equipment consist of,types of durable medical equipment (machine-machine-machine-machine-dossible equipment or medical amputation devices),KernelDensityGECO,50,0.001,types of durable medical equipment,msmarco-passage/train,ielabgroup/vec2text_gtr-base-st_corrector
1114819,what is durable medical equipment consist of,"of durable medical equipment (Medicinal Equipment or DUTY medical equipment) is a medical device that is durable, a medium to which the contaminants",KernelDensityGECO,50,0.001,what is durable medical equipment,msmarco-passage/train,ielabgroup/vec2text_gtr-base-st_corrector
1114819,what is durable medical equipment consist of,types of durable medical equipment (machine-machine-machine-machine-dossible equipment or medical amputation devices),KernelDensityGECO,50,0.001,types of durable medical equipment,msmarco-passage/train,ielabgroup/vec2text_gtr-base-st_corrector
1114819,what is durable medical equipment consist of,"of durable medical equipment (Medicinal Equipment or DUTY medical equipment) is a medical device that is durable, a medium to which the contaminants",KernelDensityGECO,50,0.001,what is durable medical equipment,msmarco-passage/train,ielabgroup/vec2text_gtr-base-st_corrector
183378,exons definition biology,(exon) – a cell of a pterodendron (polyne) – defined as the exclusion,KernelDensityGECO,50,0.001,definition of exon,msmarco-passage/train,ielabgroup/vec2text_gtr-base-st_corrector
183378,exons definition biology,"dna exon dna exon, a dna-DNA epoch, defined the result of DNA",KernelDensityGECO,50,0.001,define dna exon,msmarco-passage/train,ielabgroup/vec2text_gtr-base-st_corrector
183378,exons definition biology,(exon) – a cell of a pterodendron (polyne) – defined as the exclusion,KernelDensityGECO,50,0.001,definition of exon,msmarco-passage/train,ielabgroup/vec2text_gtr-base-st_corrector
183378,exons definition biology,(exon) – a cell of a pterodendron (polyne) – defined as the exclusion,KernelDensityGECO,50,0.001,definition of exon,msmarco-passage/train,ielabgroup/vec2text_gtr-base-st_corrector
183378,exons definition biology,(exon) – a cell of a pterodendron (polyne) – defined as the exclusion,KernelDensityGECO,50,0.001,definition of exon,msmarco-passage/train,ielabgroup/vec2text_gtr-base-st_corrector
183378,exons definition biology,'extricate' is a mean to 'focate' from a 'land'. It means to remove particles,KernelDensityGECO,50,0.001,what does extricate mean,msmarco-passage/train,ielabgroup/vec2text_gtr-base-st_corrector
183378,exons definition biology,(exon) – a cell of a pterodendron (polyne) – defined as the exclusion,KernelDensityGECO,50,0.001,definition of exon,msmarco-passage/train,ielabgroup/vec2text_gtr-base-st_corrector
183378,exons definition biology,(exon) – a cell of a pterodendron (polyne) – defined as the exclusion,KernelDensityGECO,50,0.001,definition of exon,msmarco-passage/train,ielabgroup/vec2text_gtr-base-st_corrector
183378,exons definition biology,(exon) – a cell of a pterodendron (polyne) – defined as the exclusion,KernelDensityGECO,50,0.001,definition of exon,msmarco-passage/train,ielabgroup/vec2text_gtr-base-st_corrector
183378,exons definition biology,(exon) – a cell of a pterodendron (polyne) – defined as the exclusion,KernelDensityGECO,50,0.001,definition of exon,msmarco-passage/train,ielabgroup/vec2text_gtr-base-st_corrector
1106007,define visceral?,have a conviction and a desire to find a sentence: visceral is the definition of a sentence and the avalanche,KernelDensityGECO,50,0.001,visceral definition and sentence,msmarco-passage/train,ielabgroup/vec2text_gtr-base-st_corrector
1106007,define visceral?,definition of visceral muscle – a muscle that is a force-based muscle that increases muscular sensitivity and muscular renaiss,KernelDensityGECO,50,0.001,definition of visceral muscle,msmarco-passage/train,ielabgroup/vec2text_gtr-base-st_corrector
1106007,define visceral?,have a conviction and a desire to find a sentence: visceral is the definition of a sentence and the avalanche,KernelDensityGECO,50,0.001,visceral definition and sentence,msmarco-passage/train,ielabgroup/vec2text_gtr-base-st_corrector
1106007,define visceral?,"meaning as visceral, is a symphonic or a drenched visual that in the world of horror is a",KernelDensityGECO,50,0.001,what does visceral mean,msmarco-passage/train,ielabgroup/vec2text_gtr-base-st_corrector
1106007,define visceral?,"meaning as visceral, is a symphonic or a drenched visual that in the world of horror is a",KernelDensityGECO,50,0.001,what does visceral mean,msmarco-passage/train,ielabgroup/vec2text_gtr-base-st_corrector
1106007,define visceral?,"define a visceral attack, a symptom of a venomous abrasion and a sensitivity to the force",KernelDensityGECO,50,0.001,define visceral attack,msmarco-passage/train,ielabgroup/vec2text_gtr-base-st_corrector
1106007,define visceral?,"meaning as visceral, is a symphonic or a drenched visual that in the world of horror is a",KernelDensityGECO,50,0.001,what does visceral mean,msmarco-passage/train,ielabgroup/vec2text_gtr-base-st_corrector
1106007,define visceral?,definition of visceral muscle – a muscle that is a force-based muscle that increases muscular sensitivity and muscular renaiss,KernelDensityGECO,50,0.001,definition of visceral muscle,msmarco-passage/train,ielabgroup/vec2text_gtr-base-st_corrector
1106007,define visceral?,have a conviction and a desire to find a sentence: visceral is the definition of a sentence and the avalanche,KernelDensityGECO,50,0.001,visceral definition and sentence,msmarco-passage/train,ielabgroup/vec2text_gtr-base-st_corrector
1106007,define visceral?,"meaning as visceral, is a symphonic or a drenched visual that in the world of horror is a",KernelDensityGECO,50,0.001,what does visceral mean,msmarco-passage/train,ielabgroup/vec2text_gtr-base-st_corrector
1124210,tracheids are part of _____.,"which is a component of a nucleotide, and a nucleotide i.e. a. Answer",KernelDensityGECO,50,0.001,which of the following is a component of a nucleotide? quizlet,msmarco-passage/train,ielabgroup/vec2text_gtr-base-st_corrector
1124210,tracheids are part of _____.,"information about the trachea, the trachea is a right in all body fluids such as the trachea and poll",KernelDensityGECO,50,0.001,what right about the trachea,msmarco-passage/train,ielabgroup/vec2text_gtr-base-st_corrector
1124210,tracheids are part of _____.,"a number of body parts: The body parts of a seaweed, namely the skeleton and the torso, are the fish",KernelDensityGECO,50,0.001,what are the body parts of a seaweed,msmarco-passage/train,ielabgroup/vec2text_gtr-base-st_corrector
1124210,tracheids are part of _____.,"organ system is composed of the trachea, pharynx, and lungs and the trachea, larynx",KernelDensityGECO,50,0.001,"which organ system is composed of the trachea, larynx pharynx and lungs",msmarco-passage/train,ielabgroup/vec2text_gtr-base-st_corrector
1124210,tracheids are part of _____.,"(Methodical, Biochemistry, Engineering, and Chemistry) part is the stem, which is the part of the stems.",KernelDensityGECO,50,0.001,which part is the stem,msmarco-passage/train,ielabgroup/vec2text_gtr-base-st_corrector
1124210,tracheids are part of _____.,"the parts make up the large intestine, which consists of intestines, aorta, pelvis, and lateral",KernelDensityGECO,50,0.001,what parts make up the large intestine,msmarco-passage/train,ielabgroup/vec2text_gtr-base-st_corrector
1124210,tracheids are part of _____.,"cells within the epithelium of trachea are found in the trachea cell line, and a single quiz containing",KernelDensityGECO,50,0.001,what cells are found within the epithelium lines of trachea quizlet,msmarco-passage/train,ielabgroup/vec2text_gtr-base-st_corrector
1124210,tracheids are part of _____.,which is a part of the intestines sigmoid colon (a.k.a. transverse colon) and colon,KernelDensityGECO,50,0.001,what part of the intestine is transverse colon and sigmoid colon?,msmarco-passage/train,ielabgroup/vec2text_gtr-base-st_corrector
1124210,tracheids are part of _____.,"tracheids have a set of tissues (Lithoscids, Cross-Strawns)",KernelDensityGECO,50,0.001,what tissues do tracheids have,msmarco-passage/train,ielabgroup/vec2text_gtr-base-st_corrector
1124210,tracheids are part of _____.,"of the lungs, the snecta, ribcta and the liver, the trachea is part organ",KernelDensityGECO,50,0.001,"the lungs , trachea is what part of the organ",msmarco-passage/train,ielabgroup/vec2text_gtr-base-st_corrector
490595,rsa definition key,Rsa is a syringe-free super-secretase (SRSA) and a food poisoning activity.,KernelDensityGECO,50,0.001,what is rsa?,msmarco-passage/train,ielabgroup/vec2text_gtr-base-st_corrector
490595,rsa definition key,Rsa is a syringe-free super-secretase (SRSA) and a food poisoning activity.,KernelDensityGECO,50,0.001,what is rsa?,msmarco-passage/train,ielabgroup/vec2text_gtr-base-st_corrector
490595,rsa definition key,"rsa (Rsa), a granule of the FSA and a previously secretive e-gallery",KernelDensityGECO,50,0.001,define rsa,msmarco-passage/train,ielabgroup/vec2text_gtr-base-st_corrector
490595,rsa definition key,"rsa (Rsa), a granule of the FSA and a previously secretive e-gallery",KernelDensityGECO,50,0.001,define rsa,msmarco-passage/train,ielabgroup/vec2text_gtr-base-st_corrector
490595,rsa definition key,Rsa is a unique anti-terrorist and forensic medicine abrasion device. It is a microfecal,KernelDensityGECO,50,0.001,what is rsa,msmarco-passage/train,ielabgroup/vec2text_gtr-base-st_corrector
490595,rsa definition key,"rsa (Rsa), a granule of the FSA and a previously secretive e-gallery",KernelDensityGECO,50,0.001,define rsa,msmarco-passage/train,ielabgroup/vec2text_gtr-base-st_corrector
490595,rsa definition key,"rsa (Rsa), a granule of the FSA and a previously secretive e-gallery",KernelDensityGECO,50,0.001,define rsa,msmarco-passage/train,ielabgroup/vec2text_gtr-base-st_corrector
490595,rsa definition key,"rsa (Rsa), a granule of the FSA and a previously secretive e-gallery",KernelDensityGECO,50,0.001,define rsa,msmarco-passage/train,ielabgroup/vec2text_gtr-base-st_corrector
490595,rsa definition key,Rsa is a unique anti-terrorist and forensic medicine abrasion device. It is a microfecal,KernelDensityGECO,50,0.001,what is rsa,msmarco-passage/train,ielabgroup/vec2text_gtr-base-st_corrector
490595,rsa definition key,Rsa is a syringe-free super-secretase (SRSA) and a food poisoning activity.,KernelDensityGECO,50,0.001,what is rsa?,msmarco-passage/train,ielabgroup/vec2text_gtr-base-st_corrector
1103812,who formed the commonwealth of independent states,"1912 when Bangladh became independent and on January 1, 2013, when the U.S. armed forces embarked on ""Banglade",KernelDensityGECO,50,0.001,when did bangladesh become independent,msmarco-passage/train,ielabgroup/vec2text_gtr-base-st_corrector
1103812,who formed the commonwealth of independent states,"March 2000. The year of correction (independence) is the year of correction for independence, a move condemned by Stephen Nicolson in 1968",KernelDensityGECO,50,0.001,what year the correction of independence,msmarco-passage/train,ielabgroup/vec2text_gtr-base-st_corrector
1103812,who formed the commonwealth of independent states,"by whom jamesontown built and founded James Colony, or by a neo-native, and in 1790 founded",KernelDensityGECO,50,0.001,when and by who founded jamestown colony,msmarco-passage/train,ielabgroup/vec2text_gtr-base-st_corrector
1103812,who formed the commonwealth of independent states,"1880, which is the year Chile-Chile gained independence, a year when it was expected to gain renown and confidence in independence",KernelDensityGECO,50,0.001,what year did chile gain independence,msmarco-passage/train,ielabgroup/vec2text_gtr-base-st_corrector
1103812,who formed the commonwealth of independent states,"heirs, Gustavo Braga and José Luis lvarez, who founded Bolivia, and the throne of boli",KernelDensityGECO,50,0.001,who founded bolivia,msmarco-passage/train,ielabgroup/vec2text_gtr-base-st_corrector
1103812,who formed the commonwealth of independent states,"date as the date of the first tijuana and enacting state on May 29, 1796, Virginia became a state",KernelDensityGECO,50,0.001,what date did virginia became a state,msmarco-passage/train,ielabgroup/vec2text_gtr-base-st_corrector
1103812,who formed the commonwealth of independent states,when India (Britain) became independent from the United Kingdom on 11 July 1884 and re-invited the British-Indian,KernelDensityGECO,50,0.001,when did india become independent from britain,msmarco-passage/train,ielabgroup/vec2text_gtr-base-st_corrector
1103812,who formed the commonwealth of independent states,(Japan:          ) are the commonweal,KernelDensityGECO,50,0.001,what are the commonwealth islands?,msmarco-passage/train,ielabgroup/vec2text_gtr-base-st_corrector
1103812,who formed the commonwealth of independent states,"founded by a man of faith, Franciscan kings, Lionel and Jacob. Share Our Strength founded Share Our Strength, the United States",KernelDensityGECO,50,0.001,who founded share our strength,msmarco-passage/train,ielabgroup/vec2text_gtr-base-st_corrector
1103812,who formed the commonwealth of independent states,(Japan:          ) are the commonweal,KernelDensityGECO,50,0.001,what are the commonwealth islands?,msmarco-passage/train,ielabgroup/vec2text_gtr-base-st_corrector
87181,causes of left ventricular hypertrophy,after retrolysis (resinosis and retroastolic arthrosis) is a cause of retrolisthesis.,KernelDensityGECO,50,0.001,causes of retrolisthesis,msmarco-passage/train,ielabgroup/vec2text_gtr-base-st_corrector
87181,causes of left ventricular hypertrophy,The cause of ventricular hypertrophy is a combination of a decrease in the causation and/or a rise in aerobic fats,KernelDensityGECO,50,0.001,what is the cause of ventricular hypertrophy,msmarco-passage/train,ielabgroup/vec2text_gtr-base-st_corrector
87181,causes of left ventricular hypertrophy,The cause of ventricular hypertrophy is a combination of a decrease in the causation and/or a rise in aerobic fats,KernelDensityGECO,50,0.001,what is the cause of ventricular hypertrophy,msmarco-passage/train,ielabgroup/vec2text_gtr-base-st_corrector
87181,causes of left ventricular hypertrophy,The cause of ventricular hypertrophy is a combination of a decrease in the causation and/or a rise in aerobic fats,KernelDensityGECO,50,0.001,what is the cause of ventricular hypertrophy,msmarco-passage/train,ielabgroup/vec2text_gtr-base-st_corrector
87181,causes of left ventricular hypertrophy,The cause of ventricular hypertrophy is a combination of a decrease in the causation and/or a rise in aerobic fats,KernelDensityGECO,50,0.001,what is the cause of ventricular hypertrophy,msmarco-passage/train,ielabgroup/vec2text_gtr-base-st_corrector
87181,causes of left ventricular hypertrophy,causes: Hypersynthesia reticulopathy (cardiopathies) Right ventricular hypertrophy is a form of,KernelDensityGECO,50,0.001,causes of right ventricular hypertrophy,msmarco-passage/train,ielabgroup/vec2text_gtr-base-st_corrector
87181,causes of left ventricular hypertrophy,causes: Hypersynthesia reticulopathy (cardiopathies) Right ventricular hypertrophy is a form of,KernelDensityGECO,50,0.001,causes of right ventricular hypertrophy,msmarco-passage/train,ielabgroup/vec2text_gtr-base-st_corrector
87181,causes of left ventricular hypertrophy,causes: Hypertrophy of the ventricular systolic artery (ventricular hematopoieticis) is bilateral,KernelDensityGECO,50,0.001,causes of bilateral ventricular hypertrophy,msmarco-passage/train,ielabgroup/vec2text_gtr-base-st_corrector
87181,causes of left ventricular hypertrophy,causes: Hypersynthesia reticulopathy (cardiopathies) Right ventricular hypertrophy is a form of,KernelDensityGECO,50,0.001,causes of right ventricular hypertrophy,msmarco-passage/train,ielabgroup/vec2text_gtr-base-st_corrector
87181,causes of left ventricular hypertrophy,The cause of ventricular hypertrophy is a combination of a decrease in the causation and/or a rise in aerobic fats,KernelDensityGECO,50,0.001,what is the cause of ventricular hypertrophy,msmarco-passage/train,ielabgroup/vec2text_gtr-base-st_corrector
443396,lps laws definition,a lpar is a user-programmed ad-hoc memory and a physics value. It is a,KernelDensityGECO,50,0.001,what is an lpar,msmarco-passage/train,ielabgroup/vec2text_gtr-base-st_corrector
443396,lps laws definition,Lps is a collection of rare and classic items on a digital storage system. It is also known as LPS. It is a,KernelDensityGECO,50,0.001,what is lps,msmarco-passage/train,ielabgroup/vec2text_gtr-base-st_corrector
443396,lps laws definition,Lps is a collection of rare and classic items on a digital storage system. It is also known as LPS. It is a,KernelDensityGECO,50,0.001,what is lps,msmarco-passage/train,ielabgroup/vec2text_gtr-base-st_corrector
443396,lps laws definition,(Loyal Tomato Specialty Specialist) Ltss specialist stands for “weapons and a medium lu,KernelDensityGECO,50,0.001,what does ltss specialist stand for,msmarco-passage/train,ielabgroup/vec2text_gtr-base-st_corrector
443396,lps laws definition,Lps is a collection of rare and classic items on a digital storage system. It is also known as LPS. It is a,KernelDensityGECO,50,0.001,what is lps,msmarco-passage/train,ielabgroup/vec2text_gtr-base-st_corrector
443396,lps laws definition,the disease ls is a comorbid autoimmune disease (LD). The disease is a result of the arthrosclerosis,KernelDensityGECO,50,0.001,what is the disease ls,msmarco-passage/train,ielabgroup/vec2text_gtr-base-st_corrector
443396,lps laws definition,,KernelDensityGECO,50,0.001,is legislation law,msmarco-passage/train,ielabgroup/vec2text_gtr-base-st_corrector
443396,lps laws definition,limited liability plc (locuable liability plc) is a defined liability for a limited liability company resulting from a gua,KernelDensityGECO,50,0.001,limited liability plc definition,msmarco-passage/train,ielabgroup/vec2text_gtr-base-st_corrector
443396,lps laws definition,LP/ir ratio is a ratio of a single-lens to unlens-fianc and an income,KernelDensityGECO,50,0.001,what is an lp/ir ratio,msmarco-passage/train,ielabgroup/vec2text_gtr-base-st_corrector
443396,lps laws definition,"LPs, standing for LiteSaving.com. LPs stands for Licensed Product Protection and is a collection of Japanese manga",KernelDensityGECO,50,0.001,what is lps stand for,msmarco-passage/train,ielabgroup/vec2text_gtr-base-st_corrector
1121709,what are the three percenters?,"with a slur, a compass, and a force, three percenter is a definition of the stockpile",KernelDensityGECO,50,0.001,three percenter definition,msmarco-passage/train,ielabgroup/vec2text_gtr-base-st_corrector
1121709,what are the three percenters?,"with a slur, a compass, and a force, three percenter is a definition of the stockpile",KernelDensityGECO,50,0.001,three percenter definition,msmarco-passage/train,ielabgroup/vec2text_gtr-base-st_corrector
1121709,what are the three percenters?,"with a slur, a compass, and a force, three percenter is a definition of the stockpile",KernelDensityGECO,50,0.001,three percenter definition,msmarco-passage/train,ielabgroup/vec2text_gtr-base-st_corrector
1121709,what are the three percenters?,"with a slur, a compass, and a force, three percenter is a definition of the stockpile",KernelDensityGECO,50,0.001,three percenter definition,msmarco-passage/train,ielabgroup/vec2text_gtr-base-st_corrector
1121709,what are the three percenters?,"with a slur, a compass, and a force, three percenter is a definition of the stockpile",KernelDensityGECO,50,0.001,three percenter definition,msmarco-passage/train,ielabgroup/vec2text_gtr-base-st_corrector
1121709,what are the three percenters?,"with a slur, a compass, and a force, three percenter is a definition of the stockpile",KernelDensityGECO,50,0.001,three percenter definition,msmarco-passage/train,ielabgroup/vec2text_gtr-base-st_corrector
1121709,what are the three percenters?,"with a slur, a compass, and a force, three percenter is a definition of the stockpile",KernelDensityGECO,50,0.001,three percenter definition,msmarco-passage/train,ielabgroup/vec2text_gtr-base-st_corrector
1121709,what are the three percenters?,"with a slur, a compass, and a force, three percenter is a definition of the stockpile",KernelDensityGECO,50,0.001,three percenter definition,msmarco-passage/train,ielabgroup/vec2text_gtr-base-st_corrector
1121709,what are the three percenters?,"with a slur, a compass, and a force, three percenter is a definition of the stockpile",KernelDensityGECO,50,0.001,three percenter definition,msmarco-passage/train,ielabgroup/vec2text_gtr-base-st_corrector
1121709,what are the three percenters?,"with a slur, a compass, and a force, three percenter is a definition of the stockpile",KernelDensityGECO,50,0.001,three percenter definition,msmarco-passage/train,ielabgroup/vec2text_gtr-base-st_corrector
87452,causes of military suicide,"a human condition known as a choroid, a response to hormones, and a fear of failure, is the cause of suicide",KernelDensityGECO,50,0.001,what cause suicide,msmarco-passage/train,ielabgroup/vec2text_gtr-base-st_corrector
87452,causes of military suicide,"a human condition known as a choroid, a response to hormones, and a fear of failure, is the cause of suicide",KernelDensityGECO,50,0.001,what cause suicide,msmarco-passage/train,ielabgroup/vec2text_gtr-base-st_corrector
87452,causes of military suicide,"a lack of adolescence and a lack of well-meaning parents, teens commit suicide as the most common causes of suicide",KernelDensityGECO,50,0.001,most common reasons for teenage suicides,msmarco-passage/train,ielabgroup/vec2text_gtr-base-st_corrector
87452,causes of military suicide,"of 2015 military suicide statistics (Statutory, Opposition, Combat and Health Statistics) with a death toll of 822 in 2015",KernelDensityGECO,50,0.001,military suicide statistics 2015,msmarco-passage/train,ielabgroup/vec2text_gtr-base-st_corrector
87452,causes of military suicide,"acronym of the Army (U.S. Army T.V.A.O.R., CASCASE, RET acronym for suicide",KernelDensityGECO,50,0.001,army acronym for suicide,msmarco-passage/train,ielabgroup/vec2text_gtr-base-st_corrector
87452,causes of military suicide,"How they get people to be suicide bombers, and if they can, they ask them to be a good enough person to feign",KernelDensityGECO,50,0.001,how do they get people to be suicide bombers?,msmarco-passage/train,ielabgroup/vec2text_gtr-base-st_corrector
87452,causes of military suicide,"a human condition known as a choroid, a response to hormones, and a fear of failure, is the cause of suicide",KernelDensityGECO,50,0.001,what cause suicide,msmarco-passage/train,ielabgroup/vec2text_gtr-base-st_corrector
87452,causes of military suicide,"acronym of the Army (U.S. Army T.V.A.O.R., CASCASE, RET acronym for suicide",KernelDensityGECO,50,0.001,army acronym for suicide,msmarco-passage/train,ielabgroup/vec2text_gtr-base-st_corrector
87452,causes of military suicide,"because I love to work in suicide prevention, because I want to work in a situation where people can deal with their feelings of committing suicide.",KernelDensityGECO,50,0.001,why do you want to work in suicide prevention?,msmarco-passage/train,ielabgroup/vec2text_gtr-base-st_corrector
87452,causes of military suicide,"a cause of depression and is followed by suppression (depression and choline), and the causes of suicide (death and",KernelDensityGECO,50,0.001,causes of depression and suicide,msmarco-passage/train,ielabgroup/vec2text_gtr-base-st_corrector
855410,what is theraderm used for,"as a medication for a high level of adrenea, Acteric is used for glycerol and other",KernelDensityGECO,50,0.001,what is acteric used for,msmarco-passage/train,ielabgroup/vec2text_gtr-base-st_corrector
855410,what is theraderm used for,Bromhephedriad pseudosulfene Bromhephedriad is used for chem,KernelDensityGECO,50,0.001,what is bromphenir pseudoephed used for,msmarco-passage/train,ielabgroup/vec2text_gtr-base-st_corrector
855410,what is theraderm used for,feldspar is used for a range of foods and for a long distance of uninterrupted oxygen. It is used for knep,KernelDensityGECO,50,0.001,what is feldspar used for,msmarco-passage/train,ielabgroup/vec2text_gtr-base-st_corrector
855410,what is theraderm used for,LarroRX LarraRX (LaRrea) is used as a drug for treating rheumatoid fever and,KernelDensityGECO,50,0.001,what is larreaRX used for,msmarco-passage/train,ielabgroup/vec2text_gtr-base-st_corrector
855410,what is theraderm used for,"(floods and light bulbs are used for a product such as shipping to the vessel), ballast is used for the use of",KernelDensityGECO,50,0.001,what is ballast used for,msmarco-passage/train,ielabgroup/vec2text_gtr-base-st_corrector
855410,what is theraderm used for,"ichthymol ointment, and it is used for hammond oil and eczema and other skin diseases",KernelDensityGECO,50,0.001,what is ichthammol ointment and what is it used for?,msmarco-passage/train,ielabgroup/vec2text_gtr-base-st_corrector
855410,what is theraderm used for,tresaderm solution is used for the treatment of a variety of diseases and plant fungi such as Clossylme,KernelDensityGECO,50,0.001,what is tresaderm solution used for,msmarco-passage/train,ielabgroup/vec2text_gtr-base-st_corrector
855410,what is theraderm used for,"Xather lith Xather lith is a hard stone mineral of iridium and quartz, known as scr",KernelDensityGECO,50,0.001,what is theralith xr,msmarco-passage/train,ielabgroup/vec2text_gtr-base-st_corrector
855410,what is theraderm used for,"after the development of a granulosoyl-based fuel for cars and pneumatic brakes, Butylene is used for",KernelDensityGECO,50,0.001,what is butylene used for,msmarco-passage/train,ielabgroup/vec2text_gtr-base-st_corrector
855410,what is theraderm used for,Molybdenum is used for the treatment of a variety of bile morganic meds and for a given resistance,KernelDensityGECO,50,0.001,what is molybdenum used for,msmarco-passage/train,ielabgroup/vec2text_gtr-base-st_corrector
1114646,what is famvir prescribed for,"a glucocorticoid, a steroid capsule is used on fever blisters and gleaming fever blisters",KernelDensityGECO,50,0.001,what medicine is used for fever blisters,msmarco-passage/train,ielabgroup/vec2text_gtr-base-st_corrector
1114646,what is famvir prescribed for,"use of Vivarin, or Vivarian, is used for the treatment of a variety of diseases including DMPS and lactation and for",KernelDensityGECO,50,0.001,what is vivarin used for,msmarco-passage/train,ielabgroup/vec2text_gtr-base-st_corrector
1114646,what is famvir prescribed for,"used in a variety of drugs, ANCEf is used to treat a fight against emphysema, and Ang",KernelDensityGECO,50,0.001,what is ancef used for,msmarco-passage/train,ielabgroup/vec2text_gtr-base-st_corrector
1114646,what is famvir prescribed for,use of a prescription of a prescription medication. Lipitor is used for the treatment of pulmonary edema and heart trouble syndrome,KernelDensityGECO,50,0.001,what is lipitor prescription use for,msmarco-passage/train,ielabgroup/vec2text_gtr-base-st_corrector
1114646,what is famvir prescribed for,"medication is fluorouracil, which is a stifl-type fluoride-neuromonasal-type",KernelDensityGECO,50,0.001,what type of medication is fluorouracil,msmarco-passage/train,ielabgroup/vec2text_gtr-base-st_corrector
1114646,what is famvir prescribed for,"adversitide, named acyclovir, to be given on a baby for treatment of acyclovir disease.",KernelDensityGECO,50,0.001,what is medication named acyclovir given for?,msmarco-passage/train,ielabgroup/vec2text_gtr-base-st_corrector
1114646,what is famvir prescribed for,"famicaptan is used for a family clot virus, Familiclovir, after a viral infection in the United",KernelDensityGECO,50,0.001,what is famciclovir used for,msmarco-passage/train,ielabgroup/vec2text_gtr-base-st_corrector
1114646,what is famvir prescribed for,"famicaptan is used for a family clot virus, Familiclovir, after a viral infection in the United",KernelDensityGECO,50,0.001,what is famciclovir used for,msmarco-passage/train,ielabgroup/vec2text_gtr-base-st_corrector
1114646,what is famvir prescribed for,enantum is prescribed for the treatment of ectylcholineuria and hypertension. It is also prescribed for many medical,KernelDensityGECO,50,0.001,what is enantyum prescribed for,msmarco-passage/train,ielabgroup/vec2text_gtr-base-st_corrector
1114646,what is famvir prescribed for,fluoxetine is prescribed for the treatment of a prostatic disorder known as euphoria and diastolic depression. It is,KernelDensityGECO,50,0.001,what is fluoxetine prescribed for,msmarco-passage/train,ielabgroup/vec2text_gtr-base-st_corrector
19335,anthropological definition of environment,Definition (behavior) Behavioral anthropology is a group of behavioral and anthropological anthropological statements of human mentality,KernelDensityGECO,50,0.001,behavioral anthropology definition,msmarco-passage/train,ielabgroup/vec2text_gtr-base-st_corrector
19335,anthropological definition of environment,"from the environment (Closure of the Environment, a collection of hard foods, a collection of letters, a life) is an environment",KernelDensityGECO,50,0.001,what is a environment,msmarco-passage/train,ielabgroup/vec2text_gtr-base-st_corrector
19335,anthropological definition of environment,environment (agriculture policy) is the definition of agricultural policy and the means by which agricultural policy is applied by a number of apisent,KernelDensityGECO,50,0.001,agricultural policy environment definition,msmarco-passage/train,ielabgroup/vec2text_gtr-base-st_corrector
19335,anthropological definition of environment,"name of a scientist who studies the environment (i.e., a scientist who studies the natural processes of the environment, Louis-Den",KernelDensityGECO,50,0.001,name for a scientist who studies the environment,msmarco-passage/train,ielabgroup/vec2text_gtr-base-st_corrector
19335,anthropological definition of environment,"anthropology and anthropology, cultural relativism is a definition of a human condition, based on the moral receptivity of",KernelDensityGECO,50,0.001,anthropology cultural relativism definition,msmarco-passage/train,ielabgroup/vec2text_gtr-base-st_corrector
19335,anthropological definition of environment,acculturation theory (Analysis of adobe fusion theory): a theory is defined by the theory,KernelDensityGECO,50,0.001,acculturation theory definition,msmarco-passage/train,ielabgroup/vec2text_gtr-base-st_corrector
19335,anthropological definition of environment,"culture (definition of a culture, a person, an object, etc.) – anthropological perspective – anthropoanthropo",KernelDensityGECO,50,0.001,culture definition (anthropological perspective),msmarco-passage/train,ielabgroup/vec2text_gtr-base-st_corrector
19335,anthropological definition of environment,"definition. ""Atmosphere"", a physical structure. ""Atmosphere"", ""mom"", ""mircode"".",KernelDensityGECO,50,0.001,define atmosphere.,msmarco-passage/train,ielabgroup/vec2text_gtr-base-st_corrector
19335,anthropological definition of environment,"(a.k.a.         ), professional culture is the definition",KernelDensityGECO,50,0.001,what is professional culture definition,msmarco-passage/train,ielabgroup/vec2text_gtr-base-st_corrector
19335,anthropological definition of environment,nature psych (neural definition: nature psych) is a study of the nature of a subject and its relationships. Fruitfall,KernelDensityGECO,50,0.001,nature psych definition,msmarco-passage/train,ielabgroup/vec2text_gtr-base-st_corrector
47923,axon terminals or synaptic knob definition,"(i.e., node biology) is a set of virulences in the cytoskeleton of cells defined as no",KernelDensityGECO,50,0.001,node biology definition,msmarco-passage/train,ielabgroup/vec2text_gtr-base-st_corrector
47923,axon terminals or synaptic knob definition,(Boyst-Lemaire) symbiont is a morphological definition of a form of unison,KernelDensityGECO,50,0.001,symbiont definition,msmarco-passage/train,ielabgroup/vec2text_gtr-base-st_corrector
47923,axon terminals or synaptic knob definition,which is the junction between an axon terminal (axon ) and the next axon terminal (a neuron,KernelDensityGECO,50,0.001,what isthe junction between an axon terminal and the next neuron,msmarco-passage/train,ielabgroup/vec2text_gtr-base-st_corrector
47923,axon terminals or synaptic knob definition,axon axon axon definition (axon terminal) is the adduction of adducts,KernelDensityGECO,50,0.001,axon terminal definition,msmarco-passage/train,ielabgroup/vec2text_gtr-base-st_corrector
47923,axon terminals or synaptic knob definition,"medical definition of synaptic knob, a glial apical organ of a gastrointestinal organ, known as synapt",KernelDensityGECO,50,0.001,medical definition of synaptic knob,msmarco-passage/train,ielabgroup/vec2text_gtr-base-st_corrector
47923,axon terminals or synaptic knob definition,nervous system (neuro-secular nervous system) axons is the definition of a system of adrene,KernelDensityGECO,50,0.001,nervous system axon definition,msmarco-passage/train,ielabgroup/vec2text_gtr-base-st_corrector
47923,axon terminals or synaptic knob definition,axon axon axon definition (axon terminal) is the adduction of adducts,KernelDensityGECO,50,0.001,axon terminal definition,msmarco-passage/train,ielabgroup/vec2text_gtr-base-st_corrector
47923,axon terminals or synaptic knob definition,axon axon axon definition (axon terminal) is the adduction of adducts,KernelDensityGECO,50,0.001,axon terminal definition,msmarco-passage/train,ielabgroup/vec2text_gtr-base-st_corrector
47923,axon terminals or synaptic knob definition,axon axon axon definition (axon terminal) is the adduction of adducts,KernelDensityGECO,50,0.001,axon terminal definition,msmarco-passage/train,ielabgroup/vec2text_gtr-base-st_corrector
47923,axon terminals or synaptic knob definition,which is the junction between an axon terminal (axon ) and the next axon terminal (a neuron,KernelDensityGECO,50,0.001,what isthe junction between an axon terminal and the next neuron,msmarco-passage/train,ielabgroup/vec2text_gtr-base-st_corrector
405717,is cdg airport in main paris,"airport in Greenwich, Lindbergh, and Los Angeles, has 'cdg' as its code.",KernelDensityGECO,50,0.001,which airport has the code cdg?,msmarco-passage/train,ielabgroup/vec2text_gtr-base-st_corrector
405717,is cdg airport in main paris,"where the airport is a centrifugal center on the drive to Chubu Centrair Airport in Cojibur, JAPAN, Japan",KernelDensityGECO,50,0.001,where is chubu centrair international airport in japan,msmarco-passage/train,ielabgroup/vec2text_gtr-base-st_corrector
405717,is cdg airport in main paris,"airport in Greenwich, Lindbergh, and Los Angeles, has 'cdg' as its code.",KernelDensityGECO,50,0.001,which airport has the code cdg?,msmarco-passage/train,ielabgroup/vec2text_gtr-base-st_corrector
405717,is cdg airport in main paris,"sa sa sa sa sa sa gba, CSG is closest to Atlanta International Airport",KernelDensityGECO,50,0.001,what is the closest airport to csg ga,msmarco-passage/train,ielabgroup/vec2text_gtr-base-st_corrector
405717,is cdg airport in main paris,"at the terminal at 9601 airport, American Airlines uses cdg terminal, which is used by a gbc ft",KernelDensityGECO,50,0.001,what terminal at cdg airport does american airlines use,msmarco-passage/train,ielabgroup/vec2text_gtr-base-st_corrector
405717,is cdg airport in main paris,is there an airport in Padua (Panasada ua na ua ua) .,KernelDensityGECO,50,0.001,is there an airport in padua?,msmarco-passage/train,ielabgroup/vec2text_gtr-base-st_corrector
405717,is cdg airport in main paris,"airport in Greenwich, Lindbergh, and Los Angeles, has 'cdg' as its code.",KernelDensityGECO,50,0.001,which airport has the code cdg?,msmarco-passage/train,ielabgroup/vec2text_gtr-base-st_corrector
405717,is cdg airport in main paris,"at 0500 S.A. (St. Augustine Greenwich Airport), Charlotte Douglas airport is an airport in Charlotte,",KernelDensityGECO,50,0.001,where is charlotte douglas airport,msmarco-passage/train,ielabgroup/vec2text_gtr-base-st_corrector
405717,is cdg airport in main paris,"airport is Cvg, and the airport is a shopping mall at 87.15 Fountain Ground, a current airport at Cvg.",KernelDensityGECO,50,0.001,what airport is cvg,msmarco-passage/train,ielabgroup/vec2text_gtr-base-st_corrector
405717,is cdg airport in main paris,"airport in Greenwich, Lindbergh, and Los Angeles, has 'cdg' as its code.",KernelDensityGECO,50,0.001,which airport has the code cdg?,msmarco-passage/train,ielabgroup/vec2text_gtr-base-st_corrector
182539,example of monotonic function,oxidation is an example of oxidation and it is a follow-on of ions and abrasives. This is examples,KernelDensityGECO,50,0.001,what is oxidation and give an example,msmarco-passage/train,ielabgroup/vec2text_gtr-base-st_corrector
182539,example of monotonic function,"one libel and a conversation between two people, a.m., is an example of informal communication.",KernelDensityGECO,50,0.001,one example of informal communication is _______________.,msmarco-passage/train,ielabgroup/vec2text_gtr-base-st_corrector
182539,example of monotonic function,(formula_1         ) is an example of function not,KernelDensityGECO,50,0.001,what is an example of function notation,msmarco-passage/train,ielabgroup/vec2text_gtr-base-st_corrector
182539,example of monotonic function,example of oceanic-ocean convergence is the convergence of oceanic and oceanic radii and corresponding oceanographic data (e.g,KernelDensityGECO,50,0.001,example of oceanic oceanic convergence,msmarco-passage/train,ielabgroup/vec2text_gtr-base-st_corrector
182539,example of monotonic function,"types of functions on a graph are a function function, such as a C curve, a slid curve, and an oscillation",KernelDensityGECO,50,0.001,different types of functions on a graph,msmarco-passage/train,ielabgroup/vec2text_gtr-base-st_corrector
182539,example of monotonic function,"in a piece of newspaper, L.A. Hazeman, is an example of irony. This is an example of a bla",KernelDensityGECO,50,0.001,what is an example of irony,msmarco-passage/train,ielabgroup/vec2text_gtr-base-st_corrector
182539,example of monotonic function,example of a number is the Armstrong 873 adrift in the asteroid. This number is an example of a 0,KernelDensityGECO,50,0.001,example of an armstrong number,msmarco-passage/train,ielabgroup/vec2text_gtr-base-st_corrector
182539,example of monotonic function,a high R. This is a very important example of a rising action. This is an action that occurs due to agnotic action,KernelDensityGECO,50,0.001,which of the following is an example of rising action?,msmarco-passage/train,ielabgroup/vec2text_gtr-base-st_corrector
182539,example of monotonic function,(BnF) example is a neo-simulator-driveable source example of bnf. This example,KernelDensityGECO,50,0.001,bnf example,msmarco-passage/train,ielabgroup/vec2text_gtr-base-st_corrector
182539,example of monotonic function,of which one of the following is an exercise: The stomping and a ribrium exercise is an anaero,KernelDensityGECO,50,0.001,which of the following is an example of an anaerobic exercise,msmarco-passage/train,ielabgroup/vec2text_gtr-base-st_corrector
1113437,what is physical description of spruce,sclerotoleuca polymers. Tree sap is called tree sap and is a soft liquefied form of the name,KernelDensityGECO,50,0.001,what is tree sap called,msmarco-passage/train,ielabgroup/vec2text_gtr-base-st_corrector
1113437,what is physical description of spruce,"a spruce (sometimes defined as a spherufloret, a floret, or a flore",KernelDensityGECO,50,0.001,define a spruce,msmarco-passage/train,ielabgroup/vec2text_gtr-base-st_corrector
1113437,what is physical description of spruce,"a spruce (sometimes defined as a spherufloret, a floret, or a flore",KernelDensityGECO,50,0.001,define a spruce,msmarco-passage/train,ielabgroup/vec2text_gtr-base-st_corrector
1113437,what is physical description of spruce,spruce (also known as spruce) is a type of spruce-flora that is a vegetable,KernelDensityGECO,50,0.001,what is spruce,msmarco-passage/train,ielabgroup/vec2text_gtr-base-st_corrector
1113437,what is physical description of spruce,"a spruce (sometimes defined as a spherufloret, a floret, or a flore",KernelDensityGECO,50,0.001,define a spruce,msmarco-passage/train,ielabgroup/vec2text_gtr-base-st_corrector
1113437,what is physical description of spruce,"a spruce (sometimes defined as a spherufloret, a floret, or a flore",KernelDensityGECO,50,0.001,define a spruce,msmarco-passage/train,ielabgroup/vec2text_gtr-base-st_corrector
1113437,what is physical description of spruce,"description of physical condition (e.g., psora-ascio-physical description) is a common description of",KernelDensityGECO,50,0.001,what is physical description,msmarco-passage/train,ielabgroup/vec2text_gtr-base-st_corrector
1113437,what is physical description of spruce,scientific name of spruce (spherical name: spruce leaf nutmea ovata) is now,KernelDensityGECO,50,0.001,spruce scientific name,msmarco-passage/train,ielabgroup/vec2text_gtr-base-st_corrector
1113437,what is physical description of spruce,spruce (also known as spruce) is a type of spruce-flora that is a vegetable,KernelDensityGECO,50,0.001,what is spruce,msmarco-passage/train,ielabgroup/vec2text_gtr-base-st_corrector
1113437,what is physical description of spruce,spruce (also known as spruce) is a type of spruce-flora that is a vegetable,KernelDensityGECO,50,0.001,what is spruce,msmarco-passage/train,ielabgroup/vec2text_gtr-base-st_corrector
1129237,hydrogen is a liquid below what temperature,"of 444 °C (100 °F), liquid hydrogen is the temperature of a liquid hydrogen tevapor",KernelDensityGECO,50,0.001,what is the temperature of liquid hydrogen,msmarco-passage/train,ielabgroup/vec2text_gtr-base-st_corrector
1129237,hydrogen is a liquid below what temperature,"of 444 °C (100 °F), liquid hydrogen is the temperature of a liquid hydrogen tevapor",KernelDensityGECO,50,0.001,what is the temperature of liquid hydrogen,msmarco-passage/train,ielabgroup/vec2text_gtr-base-st_corrector
1129237,hydrogen is a liquid below what temperature,"of 444 °C (100 °F), liquid hydrogen is the temperature of a liquid hydrogen tevapor",KernelDensityGECO,50,0.001,what is the temperature of liquid hydrogen,msmarco-passage/train,ielabgroup/vec2text_gtr-base-st_corrector
1129237,hydrogen is a liquid below what temperature,"of 444 °C (100 °F), liquid hydrogen is the temperature of a liquid hydrogen tevapor",KernelDensityGECO,50,0.001,what is the temperature of liquid hydrogen,msmarco-passage/train,ielabgroup/vec2text_gtr-base-st_corrector
1129237,hydrogen is a liquid below what temperature,"of 444 °C (100 °F), liquid hydrogen is the temperature of a liquid hydrogen tevapor",KernelDensityGECO,50,0.001,what is the temperature of liquid hydrogen,msmarco-passage/train,ielabgroup/vec2text_gtr-base-st_corrector
1129237,hydrogen is a liquid below what temperature,"of 444 °C (100 °F), liquid hydrogen is the temperature of a liquid hydrogen tevapor",KernelDensityGECO,50,0.001,what is the temperature of liquid hydrogen,msmarco-passage/train,ielabgroup/vec2text_gtr-base-st_corrector
1129237,hydrogen is a liquid below what temperature,"of 444 °C (100 °F), liquid hydrogen is the temperature of a liquid hydrogen tevapor",KernelDensityGECO,50,0.001,what is the temperature of liquid hydrogen,msmarco-passage/train,ielabgroup/vec2text_gtr-base-st_corrector
1129237,hydrogen is a liquid below what temperature,"of 444 °C (100 °F), liquid hydrogen is the temperature of a liquid hydrogen tevapor",KernelDensityGECO,50,0.001,what is the temperature of liquid hydrogen,msmarco-passage/train,ielabgroup/vec2text_gtr-base-st_corrector
1129237,hydrogen is a liquid below what temperature,"of 444 °C (100 °F), liquid hydrogen is the temperature of a liquid hydrogen tevapor",KernelDensityGECO,50,0.001,what is the temperature of liquid hydrogen,msmarco-passage/train,ielabgroup/vec2text_gtr-base-st_corrector
1129237,hydrogen is a liquid below what temperature,"of 444 °C (100 °F), liquid hydrogen is the temperature of a liquid hydrogen tevapor",KernelDensityGECO,50,0.001,what is the temperature of liquid hydrogen,msmarco-passage/train,ielabgroup/vec2text_gtr-base-st_corrector
146187,difference between a mcdouble and a double cheeseburger,Difference of ossidosis (or venosis) is to diverticulitis and a diverticulo,KernelDensityGECO,50,0.001,what is the difference in diverticulitis and diverticulosis,msmarco-passage/train,ielabgroup/vec2text_gtr-base-st_corrector
146187,difference between a mcdouble and a double cheeseburger,difference between a single atomic structure (double      ) and covalent bond (triple,KernelDensityGECO,50,0.001,"what is the difference between single, double, and triple covalent bond (atomic structure)",msmarco-passage/train,ielabgroup/vec2text_gtr-base-st_corrector
146187,difference between a mcdouble and a double cheeseburger,which the large oz is consumed is McDonald's 'McDonald's 'Drink' with 4 to 20,KernelDensityGECO,50,0.001,how many oz is mcdonald's large drink,msmarco-passage/train,ielabgroup/vec2text_gtr-base-st_corrector
146187,difference between a mcdouble and a double cheeseburger,"calories and a calorie intake of 450 calories on a McDonald's burger, McDermotts cheeseburger, or open",KernelDensityGECO,50,0.001,calories mcdonald's cheeseburger,msmarco-passage/train,ielabgroup/vec2text_gtr-base-st_corrector
146187,difference between a mcdouble and a double cheeseburger,"on the side of a beef steak, a burger is a beef steak, whereas a steak is a",KernelDensityGECO,50,0.001,what's the difference between a steak burger and a hamburger,msmarco-passage/train,ielabgroup/vec2text_gtr-base-st_corrector
146187,difference between a mcdouble and a double cheeseburger,"a difference between a bfa and a mfa, a bfa is a mfa",KernelDensityGECO,50,0.001,what's the difference between a bfa and an mfa,msmarco-passage/train,ielabgroup/vec2text_gtr-base-st_corrector
146187,difference between a mcdouble and a double cheeseburger,instructions to make a dQ burgers by dipping the liquid in the top of the elbow and then reheating them,KernelDensityGECO,50,0.001,how to making dq burgers,msmarco-passage/train,ielabgroup/vec2text_gtr-base-st_corrector
146187,difference between a mcdouble and a double cheeseburger,a 0 to 2 grams of fat is available in a Double Cheese Burger with a McDonald's Superfrillo burger chain,KernelDensityGECO,50,0.001,how much fat is in a mc double cheeseburger,msmarco-passage/train,ielabgroup/vec2text_gtr-base-st_corrector
146187,difference between a mcdouble and a double cheeseburger,between 445 and 490 calories when a McDonald's burger is served in a cheesy burger lipped with,KernelDensityGECO,50,0.001,how many calories cheeseburger mcdonalds,msmarco-passage/train,ielabgroup/vec2text_gtr-base-st_corrector
146187,difference between a mcdouble and a double cheeseburger,"on the side of a beef steak, a burger is a beef steak, whereas a steak is a",KernelDensityGECO,50,0.001,what's the difference between a steak burger and a hamburger,msmarco-passage/train,ielabgroup/vec2text_gtr-base-st_corrector
